Time (s),Resistance (Ohm),Voltage (V),Displacement,Force (N),Strain,Stress (MPa),Resistance Smoothed (Ohm)
0.0,62015.29,3.26,0.1135,0.0144,0.6388,0.0,62112.86
0.00034849997609849993,62179.72,3.27,0.11355227499641478,0.01442090999856591,0.6391031949792058,0.0,62087.16
0.0006192000000737,62251.84,3.27,0.11359288000001105,0.014437152000004422,0.6393387040000642,0.0,62066.62
0.0008757999748922,62138.56,3.27,0.11363136999623383,0.014452547998493532,0.6395619459781563,0.0,62046.08
0.0011330999841448,62087.16,3.26,0.11366996499762172,0.014467985999048687,0.639785796986206,0.0,62040.95
0.0013843999768141,62046.08,3.26,0.11370765999652212,0.014483063998608846,0.6400044279798283,0.0,62035.82
0.0016361999732907,61994.78,3.26,0.1137454299959936,0.014498171998397442,0.6402234939767629,0.0,62046.08
0.0018871999927796,62025.56,3.26,0.11378307999891694,0.014513231999566776,0.6404418639937183,0.0,62046.08
0.0021379999816417,62035.82,3.26,0.11382069999724626,0.014528279998898502,0.6406600599840283,0.0,62035.82
0.0023907999857328,61974.28,3.26,0.11385861999785993,0.014543447999143968,0.6408799959875876,0.0,62035.82
0.0026406999968458,62035.82,3.26,0.11389610499952688,0.014558441999810748,0.6410974089972559,0.0,62035.82
0.0028915999864693002,62076.89,3.26,0.11393373999797039,0.014573495999188158,0.6413156919882284,0.0,62035.82
0.0031422999745699997,62056.35,3.26,0.1139713449961855,0.0145885379984742,0.6415338009778759,0.0,62035.82
0.0033930999925360006,62015.29,3.26,0.1140089649988804,0.014603585999552159,0.6417519969935064,0.0,62056.35
0.0036411999899428,62087.16,3.26,0.11404617999849143,0.014618471999396568,0.6419678439912503,0.0,62056.35
0.0054433999757748,62190.01,3.27,0.11431650999636622,0.014726603998546486,0.6435357579789242,0.0,62056.35
0.0057072999770753,62190.01,3.27,0.1143560949965613,0.014742437998624517,0.6437653509800555,0.0,62076.89
0.0059615999925881,61902.58,3.26,0.11439423999888822,0.014757695999555285,0.6439865919935517,0.0,62056.35
0.0062162999820429,62087.16,3.26,0.11443244499730644,0.014772977998922573,0.6442081809843774,0.0,62087.16
0.0064680999785196,62035.82,3.26,0.11447021499677794,0.014788085998711176,0.644427246981312,0.0,62087.16
0.0067223999940324,62046.08,3.26,0.11450835999910486,0.014803343999641944,0.6446484879948082,0.0,62046.08
0.0069751999981235,62087.16,3.26,0.11454627999971853,0.014818511999887408,0.6448684239983674,0.0,62046.08
0.0072292999830096995,61984.53,3.26,0.11458439499745146,0.014833757998980582,0.6450894909852185,0.0,62035.82
0.007480599975679,62097.44,3.26,0.11462208999635186,0.01484883599854074,0.6453081219788408,0.0,62046.08
0.0077328999759629004,62015.29,3.26,0.11465993499639444,0.014863973998557774,0.6455276229790877,0.0,62046.08
0.0079851999762468,62035.82,3.26,0.11469777999643703,0.014879111998574807,0.6457471239793348,0.0,62087.16
0.0082381999818608,62117.99,3.27,0.11473572999727913,0.014894291998911647,0.645967233984219,0.0,62087.16
0.0084889999998267,61933.3,3.26,0.114773349999974,0.0149093399999896,0.6461854299998493,0.0,62087.16
0.0087410999985877,62179.72,3.27,0.11481116499978816,0.014924465999915261,0.6464047569987713,0.0,62087.16
0.0089978999749291,62107.72,3.27,0.11484968499623936,0.014939873998495746,0.6466281729781883,0.0,62056.35
0.0092430999793578,62087.16,3.26,0.11488646499690368,0.014954585998761467,0.6468414969820413,0.0,62066.62
0.009487899980740601,62159.14,3.27,0.1149231849971111,0.014969273998844434,0.6470544729832444,0.0,62066.62
0.0097339999920223,61994.78,3.26,0.11496009999880334,0.014984039999521337,0.6472685799930594,0.0,62066.62
0.0099783999903593,62015.29,3.26,0.1149967599985539,0.014998703999421556,0.6474812079916126,0.0,62066.62
0.0102273999946192,62056.35,3.26,0.11503410999919288,0.01501364399967715,0.6476978379953187,0.0,62066.62
0.0104720999952405,62066.62,3.26,0.11507081499928608,0.015028325999714428,0.6479107269958593,0.0,62066.62
0.0107547999941744,62005.04,3.26,0.11511321999912616,0.015045287999650462,0.6481566759949318,0.0,62066.62
0.0110123999766074,62117.99,3.27,0.11515185999649111,0.015060743998596443,0.6483807879796485,0.0,62066.62
0.0112622999877203,62066.62,3.26,0.11518934499815806,0.015075737999263216,0.6485982009893166,0.0,62066.62
0.0115075999929104,62025.56,3.26,0.11522613999893656,0.015090455999574624,0.6488116119938321,0.0,62076.89
0.0117533999728039,62076.89,3.26,0.11526300999592058,0.015105203998368233,0.6490254579763394,0.0,62076.89
0.0119982999749481,62076.89,3.26,0.11529974499624222,0.015119897998496884,0.6492385209782049,0.0,62076.89
0.0122440999839455,62159.14,3.27,0.11533661499759183,0.015134645999036729,0.6494523669860326,0.0,62076.89
0.0124869999999646,62138.56,3.27,0.11537304999999469,0.015149219999997875,0.6496636899999693,0.0,62076.89
0.0127332999836653,62087.16,3.26,0.1154099949975498,0.015163997999019917,0.6498779709857888,0.0,62076.89
0.0129758999974001,62066.62,3.26,0.11544638499961002,0.015178553999844005,0.6500890329977381,0.0,62076.89
0.0132202999957371,62046.08,3.26,0.11548304499936057,0.015193217999744225,0.6503016609962913,0.0,62076.89
0.0134634999849367,62076.89,3.26,0.11551952499774051,0.0152078099990962,0.6505132449868949,0.0,62076.89
0.0137197999865748,62066.62,3.26,0.11555796999798622,0.015223187999194487,0.65073622598832,0.0,62066.62
0.0139641999849118,62128.28,3.27,0.11559462999773677,0.015237851999094706,0.6509488539868733,0.0,62066.62
0.014209599990863301,62046.08,3.26,0.1156314399986295,0.015252575999451796,0.6511623519920511,0.0,62066.62
0.0144532999838702,62087.16,3.26,0.11566799499758053,0.01526719799903221,0.6513743709859671,0.0,62066.62
0.0146999999997206,61892.35,3.26,0.11570499999995809,0.015281999999983234,0.651588999999757,0.0,62076.89
0.014942799985874401,62056.35,3.26,0.11574141999788116,0.015296567999152463,0.6518002359877108,0.0,62066.62
0.015187799988780101,62066.62,3.26,0.11577816999831701,0.015311267999326805,0.6520133859902387,0.0,62066.62
0.0154304999741725,62097.44,3.26,0.11581457499612588,0.01532582999845035,0.6522245349775301,0.0,62066.62
0.0156756999786011,62138.56,3.27,0.11585135499679017,0.015340541998716064,0.652437858981383,0.0,62087.16
0.0159196999738924,62169.44,3.27,0.11588795499608387,0.015355181998433543,0.6526501389772864,0.0,62066.62
0.0161656999844126,62056.35,3.26,0.11592485499766189,0.015369941999064754,0.652864158986439,0.0,62066.62
0.0164086999720893,62046.08,3.26,0.1159613049958134,0.015384521998325356,0.6530755689757177,0.0,62066.62
0.0166529999987688,62107.72,3.27,0.11599794999981532,0.015399179999926127,0.6532881099989288,0.0,62066.62
0.0168953999818768,62107.72,3.27,0.11603430999728152,0.015413723998912606,0.6534989979842328,0.0,62056.35
0.0171355999773368,61953.78,3.26,0.11607033999660052,0.015428135998640206,0.653707971980283,0.0,62056.35
0.0173804999794811,62056.35,3.26,0.11610707499692217,0.015442829998768864,0.6539210349821486,0.0,62056.35
0.0176266999915242,62066.62,3.26,0.11614400499872864,0.01545760199949145,0.654135228992626,0.0,62056.35
0.0178702999837696,62046.08,3.26,0.11618054499756544,0.015472217999026174,0.6543471609858795,0.0,62056.35
0.0181162999942898,62056.35,3.26,0.11621744499914348,0.015486977999657387,0.6545611809950321,0.0,62056.35
0.0183595999842509,62148.85,3.27,0.11625393999763764,0.015501575999055052,0.6547728519862983,0.0,62056.35
0.0186060999985784,62046.08,3.26,0.11629091499978676,0.015516365999914702,0.6549873069987632,0.0,62056.35
0.0188498999923467,62035.82,3.26,0.11632748499885201,0.0155309939995408,0.6551994129933416,0.0,62066.62
0.019096099975286,62076.89,3.26,0.11636441499629291,0.015545765998517157,0.6554136069784988,0.0,62076.89
0.0193398999981582,62076.89,3.26,0.11640098499972373,0.01556039399988949,0.6556257129983977,0.0,62076.89
0.0195860999810975,61871.89,3.26,0.11643791499716463,0.015575165998865848,0.6558399069835548,0.0,62076.89
0.0198301999771501,62076.89,3.26,0.11647452999657251,0.015589811998629004,0.6560522739801206,0.0,62056.35
0.0200764999899547,62138.56,3.27,0.11651185749844298,0.0156,0.6562703799907583,0.0,62056.35
0.0203206999867688,62117.99,3.27,0.11654970849794917,0.0156,0.6564950439878273,0.0,62056.35
0.0205671000003349,62056.35,3.26,0.11658790050005191,0.0156,0.6567217320003081,0.0,62056.35
0.0208124999771826,62005.04,3.26,0.1166259374964633,0.0156,0.656947499979008,0.0,62056.35
0.0210591999930329,62046.08,3.26,0.11666417599892011,0.0156,0.6571744639935903,0.0,62076.89
0.0213049999729264,62056.35,3.26,0.1167022749958036,0.0156,0.6574005999750923,0.0,62056.35
0.0215671999903861,62046.08,3.26,0.11674291599850985,0.0156,0.6576418239911552,0.0,62056.35
0.0218126999970991,62117.99,3.27,0.11678096849955036,0.0156,0.6578676839973312,0.0,62056.35
0.0220600999891758,62087.16,3.26,0.11681931549832225,0.0156,0.6580952919900417,0.0,62056.35
0.0223046999890357,62117.99,3.27,0.11685722849830053,0.0156,0.6583203239899128,0.0,62056.35
0.0225526999856811,62056.35,3.26,0.11689566849778057,0.0156,0.6585484839868266,0.0,62056.35
0.0227974999870639,62138.56,3.27,0.1169336124979949,0.0156,0.6587736999880988,0.0,62076.89
0.0230451999814249,62046.08,3.26,0.11697200599712086,0.0156,0.6590015839829109,0.0,62076.89
0.0232901999843306,61964.03,3.26,0.11700998099757125,0.0156,0.6592269839855841,0.0,62056.35
0.0235611999814864,62128.28,3.27,0.11705198599713039,0.0156,0.6594763039829674,0.0,62056.35
0.0238093999796547,62025.56,3.26,0.11709045699684648,0.0156,0.6597046479812823,0.0,62046.08
0.0240576999785844,62076.89,3.26,0.11712894349668058,0.0156,0.6599330839802976,0.0,62046.08
0.0243029999837745,62046.08,3.26,0.11716696499748505,0.0156,0.6601587599850726,0.0,62046.08
0.0246124999830499,62015.29,3.26,0.11721493749737273,0.0156,0.6604434999844059,0.0,62066.62
0.0248621999926399,62066.62,3.26,0.11725364099885918,0.0156,0.6606732239932287,0.0,62066.62
0.0251090999809093,62025.56,3.26,0.11729191049704094,0.0156,0.6609003719824366,0.0,62066.62
0.025350099982460902,62190.01,3.27,0.11732926549728144,0.0156,0.661122091983864,0.0,62066.62
0.0255965999967884,62138.56,3.27,0.1173674729995022,0.0156,0.6613488719970453,0.0,62066.62
0.0258417999721132,62159.14,3.27,0.11740547899567755,0.0156,0.6615744559743442,0.0,62076.89
0.0260887999902479,62035.82,3.26,0.11744376399848842,0.0156,0.661801695991028,0.0,62087.16
0.0263342999969609,62117.99,3.27,0.11748181649952893,0.0156,0.662027555997204,0.0,62087.16
0.026581799989799,62035.82,3.26,0.11752017899841885,0.0156,0.6622552559906151,0.0,62087.16
0.0268264999904204,62076.89,3.26,0.11755810749851517,0.0156,0.6624803799911867,0.0,62087.16
0.0270733999786898,62087.16,3.26,0.11759637699669692,0.0156,0.6627075279803946,0.0,62087.16
0.027317399973981,62087.16,3.26,0.11763419699596706,0.0156,0.6629320079760624,0.0,62087.16
0.0275652999989688,62148.85,3.27,0.11767262149984016,0.0156,0.6631600759990512,0.0,62087.16
0.0278104999742936,61964.03,3.26,0.1177106274960155,0.0156,0.6633856599763501,0.0,62087.16
0.0280573999916669,62076.89,3.26,0.11774889699870837,0.0156,0.6636128079923336,0.0,62087.16
0.0283011999854352,62107.72,3.27,0.11778668599774246,0.0156,0.6638371039866003,0.0,62087.16
0.0285479999729432,62190.01,3.27,0.11782493999580619,0.0156,0.6640641599751077,0.0,62087.16
0.0287915999942924,62066.62,3.26,0.11786269799911532,0.0156,0.6642882719947489,0.0,62087.16
0.0290387999848462,62087.16,3.26,0.11790101399765116,0.0156,0.6645156959860585,0.0,62087.16
0.029283799987752,62087.16,3.26,0.11793898899810155,0.0156,0.6647410959887318,0.0,62087.16
0.0295298999990336,61953.78,3.26,0.1179771344998502,0.0156,0.6649675079991109,0.0,62087.16
0.0297735999920405,62190.01,3.27,0.11801490799876628,0.0156,0.6651917119926772,0.0,62066.62
0.0300456999975722,62035.82,3.26,0.11805708349962368,0.0156,0.6654420439977664,0.0,62056.35
0.0302933999919332,62097.44,3.26,0.11809547699874964,0.0156,0.6656699279925785,0.0,62046.08
0.0305410999862942,62056.35,3.26,0.1181338704978756,0.0156,0.6658978119873906,0.0,62046.08
0.030785799986915597,62015.29,3.26,0.11817179899797192,0.0156,0.6661229359879624,0.0,62046.08
0.031031699996674402,62015.29,3.26,0.11820991349948452,0.0156,0.6663491639969404,0.0,62046.08
0.0312752999889198,62046.08,3.26,0.11824767149828257,0.0156,0.6665732759898062,0.0,62046.08
0.031522299977950696,62035.82,3.26,0.11828595649658236,0.0156,0.6668005159797146,0.0,62046.08
0.0317667999770492,62159.14,3.27,0.11832385399644263,0.0156,0.6670254559788852,0.0,62046.08
0.0320132999913767,62179.72,3.27,0.11836206149866338,0.0156,0.6672522359920665,0.0,62046.08
0.032256299979053396,61943.53,3.26,0.11839972649675327,0.0156,0.667475795980729,0.0,62066.62
0.0325027999933809,62148.85,3.27,0.11843793399897404,0.0156,0.6677025759939104,0.0,62066.62
0.032744999974965994,62046.08,3.26,0.11847547499611973,0.0156,0.6679253999769686,0.0,62076.89
0.0329908999847248,62066.62,3.26,0.11851358949763234,0.0156,0.6681516279859467,0.0,62076.89
0.033234799979254596,62128.28,3.27,0.11855139399678447,0.0156,0.6683760159809142,0.0,62066.62
0.0334835999819915,62169.44,3.27,0.11858995799720867,0.0156,0.6686049119834321,0.0,62046.08
0.0337282999826129,61953.78,3.26,0.11862788649730499,0.0156,0.6688300359840038,0.0,62056.35
0.033974299993133096,62076.89,3.26,0.11866601649893563,0.0156,0.6690563559936824,0.0,62056.35
0.0342180999869015,62046.08,3.26,0.11870380549796973,0.0156,0.6692806519879493,0.0,62066.62
0.034464399999706,62015.29,3.26,0.11874198199995442,0.0156,0.6695072479997295,0.0,62076.89
0.0347085999965202,61943.53,3.26,0.11877983299946063,0.0156,0.6697319119967985,0.0,62056.35
0.034953899972606395,62056.35,3.26,0.11881785449575398,0.0156,0.6699575879747979,0.0,62046.08
0.035196899989387,62117.99,3.27,0.11885551949835498,0.0156,0.670181147990236,0.0,62056.35
0.035441499989246894,62148.85,3.27,0.11889343249833326,0.0156,0.6704061799901071,0.0,62056.35
0.0356851999822538,62148.85,3.27,0.11893120599724934,0.0156,0.6706303839836735,0.0,62056.35
0.035930299985920996,62005.04,3.26,0.11896919649781774,0.0156,0.6708558759870473,0.0,62056.35
0.0361736999766435,61974.28,3.26,0.11900692349637974,0.0156,0.671079803978512,0.0,62056.35
0.0364183999772649,62117.99,3.27,0.11904485199647605,0.0156,0.6713049279790837,0.0,62035.82
0.036662299971794696,62076.89,3.26,0.11908265649562817,0.0156,0.6715293159740511,0.0,62035.82
0.0369205999886617,62005.04,3.26,0.11912269299824256,0.0156,0.6717669519895687,0.0,62035.82
0.0371602999803144,61964.03,3.26,0.11915984649694873,0.0156,0.6719874759818892,0.0,62035.82
0.037400799978058695,62035.82,3.26,0.1191971239965991,0.0156,0.6722087359798139,0.0,62035.82
0.037638499983586295,62035.82,3.26,0.11923396749745586,0.0156,0.6724274199848993,0.0,62046.08
0.037877799972193295,62035.82,3.26,0.11927105899568996,0.0156,0.6726475759744178,0.0,62046.08
0.038115499977720894,62056.35,3.26,0.11930790249654673,0.0156,0.6728662599795032,0.0,62046.08
0.038356399978510994,62046.08,3.26,0.1193452419966692,0.0156,0.6730878879802301,0.0,62046.08
0.0385942999855615,62159.14,3.27,0.11938211649776202,0.0156,0.6733067559867165,0.0,62046.08
0.038834299979498596,62056.35,3.26,0.11941931649682228,0.0156,0.6735275559811387,0.0,62046.08
0.03907149998121889,62056.35,3.26,0.11945608249708892,0.0156,0.6737457799827213,0.0,62056.35
0.0393106999981682,62066.62,3.26,0.11949315849971606,0.0156,0.6739658439983147,0.0,62056.35
0.0395489999791607,61994.78,3.26,0.1195300949967699,0.0156,0.6741850799808278,0.0,62056.35
0.0397888000006787,62015.29,3.26,0.11956726400010519,0.0156,0.6744056960006244,0.0,62056.35
0.0400270999816712,62035.82,3.26,0.11960447149697574,0.01560094849935849,0.674626286982221,0.0,62056.35
0.040293499972904094,62056.35,3.26,0.11964842749552916,0.015610272499051642,0.674884694973717,0.0,62056.35
0.0405341000005137,62066.62,3.26,0.11968812650008476,0.015618693500017978,0.6751180770004982,0.0,62056.35
0.0407722999807447,62210.61,3.27,0.11972742949682287,0.015627030499326063,0.6753491309813223,0.0,62056.35
0.0410133999830577,62015.29,3.26,0.11976721099720451,0.01563546899940702,0.6755829979835659,0.0,62056.35
0.041251399990869596,61994.78,3.26,0.11980648099849348,0.015643798999680433,0.6758138579911435,0.0,62056.35
0.0414863999758381,62107.72,3.27,0.11984525599601328,0.01565202399915433,0.6760418079765629,0.0,62056.35
0.0417248999874573,62056.35,3.26,0.11988460849793045,0.015660371499561003,0.6762731529878335,0.0,62066.62
0.041964099975302795,62087.16,3.26,0.11992407649592496,0.015668743499135596,0.6765051769760436,0.0,62066.62
0.042202099983114694,62015.29,3.26,0.11996334649721392,0.015677073499409014,0.6767360369836212,0.0,62066.62
0.0424410999985411,62117.99,3.27,0.12000278149975928,0.015685438499948936,0.6769678669985848,0.0,62066.62
0.0426786999742034,61994.78,3.26,0.12004198549574355,0.01569375449909712,0.6771983389749773,0.0,62066.62
0.042918199993437094,62138.56,3.27,0.12008150299891711,0.015702136999770296,0.6774306539936339,0.0,62066.62
0.043156499974429594,62066.62,3.26,0.12012082249578088,0.015710477499105032,0.6776618049751967,0.0,62066.62
0.043448999989777796,62128.28,3.27,0.12016908499831333,0.01572071499964222,0.6779455299900844,0.0,62066.62
0.043687799974577494,62046.08,3.26,0.12020848699580527,0.01572907299911021,0.6781771659753401,0.0,62087.16
0.043927899998379795,62005.04,3.26,0.12024810349973265,0.015737476499943292,0.6784100629984283,0.0,62087.16
0.044166499981656594,62097.44,3.26,0.12028747249697333,0.01574582749935798,0.6786415049822069,0.0,62087.16
0.0444061999733094,61923.05,3.26,0.12032702299559604,0.015754216999065828,0.6788740139741101,0.0,62066.62
0.0446439999795984,62159.14,3.27,0.12036625999663372,0.01576253999928594,0.6791046799802104,0.0,62066.62
0.04488439997658129,62087.16,3.26,0.1204059259961359,0.015770953999180343,0.6793378679772838,0.0,62066.62
0.0451233999920077,62138.56,3.27,0.12044536099868126,0.01577931899972027,0.6795696979922474,0.0,62066.62
0.0453633999859448,62066.62,3.26,0.12048496099768088,0.015787718999508066,0.6798024979863664,0.0,62066.62
0.045602300000609795,62035.82,3.26,0.1205243795001006,0.01579608050002134,0.6800342310005915,0.0,62035.82
0.0458427999983541,62035.82,3.26,0.12056406199972841,0.01580449799994239,0.6802675159984034,0.0,62066.62
0.046082499990006895,62066.62,3.26,0.12060361249835112,0.01581288749965024,0.6805000249903066,0.0,62056.35
0.0463214999763295,61933.3,3.26,0.12064304749609436,0.01582125249917153,0.6807318549770396,0.0,62056.35
0.0465607999940402,62005.04,3.26,0.12068253199901663,0.015829627999791405,0.6809639759942189,0.0,62035.82
0.046801299991784596,61841.22,3.26,0.12072221449864445,0.015838045499712457,0.681197260992031,0.0,62035.82
0.047040199977345695,62097.44,3.26,0.12076163299626202,0.015846406999207096,0.6814289939780253,0.0,62056.35
0.047280799975851495,62056.35,3.26,0.12080133199601549,0.0158548279991548,0.6816623759765759,0.0,62056.35
0.047518499981379095,62066.62,3.26,0.12084055249692754,0.015863147499348265,0.6818929449819376,0.0,62056.35
0.0477585999760776,62015.29,3.26,0.12088016899605279,0.015871550999162713,0.6821258419767952,0.0,62056.35
0.0480062999995425,62076.89,3.26,0.1209210394999245,0.015880220499983985,0.6823661109995561,0.0,62056.35
0.048241599986795294,62056.35,3.26,0.12095986399782122,0.015888455999537834,0.6825943519871913,0.0,62066.62
0.0484756999940145,62107.72,3.27,0.12099849049901239,0.015896649499790506,0.682821428994194,0.0,62066.62
0.048708299989812,61994.78,3.26,0.12103686949831897,0.01590479049964342,0.6830470509901175,0.0,62076.89
0.048943299974780495,62015.29,3.26,0.12107564449583877,0.015913015499117316,0.683275000975537,0.0,62076.89
0.049175099993590196,62148.85,3.27,0.12111389149894237,0.015921128499775655,0.6834998469937824,0.0,62076.89
0.0494051999994553,62087.16,3.26,0.12115185799991011,0.015929181999980932,0.6837230439994716,0.0,62056.35
0.049638500000582994,62097.44,3.26,0.12119035250009619,0.0159373475000204,0.6839493450005655,0.0,62066.62
0.049873799987835796,62097.44,3.26,0.12122917699799289,0.01594558299957425,0.6841775859882007,0.0,62066.62
0.050106999988202,62035.82,3.26,0.12126765499805332,0.015953744999587068,0.6844037899885559,0.0,62087.16
0.0503426999785006,62056.35,3.26,0.12130654549645259,0.01596199449924752,0.6846324189791455,0.0,62087.16
0.050575999979628194,62046.08,3.26,0.12134503999663865,0.015970159999286984,0.6848587199802393,0.0,62066.62
0.050812299974495496,62066.62,3.26,0.12138402949579175,0.01597843049910734,0.6850879309752606,0.0,62066.62
0.051046299980953294,62128.28,3.27,0.12142263949685728,0.015986620499333363,0.6853149109815246,0.0,62066.62
0.051350999972782994,62097.44,3.26,0.12147291499550918,0.0159972849990474,0.6856104699735994,0.0,62056.35
0.051586799992946894,61994.78,3.26,0.12151182199883623,0.016005537999753138,0.6858391959931585,0.0,62066.62
0.051824399997712996,62066.62,3.26,0.12155102599962263,0.01601385399991995,0.6860696679977816,0.0,62066.62
0.052060099988011595,62046.08,3.26,0.12158991649802191,0.016022103499580404,0.6862982969883712,0.0,62066.62
0.0522973999904934,62087.16,3.26,0.1216290709984314,0.016030408999667265,0.6865284779907785,0.0,62066.62
0.05253349998383779,62056.35,3.26,0.12166802749733323,0.01603867249943432,0.6867574949843226,0.0,62066.62
0.0527701999817509,62066.62,3.26,0.12170708299698889,0.01604695699936128,0.6869870939822983,0.0,62066.62
0.053005699999630396,62076.89,3.26,0.121745940499939,0.01605519949998706,0.6872155289996414,0.0,62066.62
0.0532992999942507,62076.89,3.26,0.12179438449905135,0.01606547549979877,0.687500320994423,0.0,62076.89
0.0535347999830264,62035.82,3.26,0.12183324199719935,0.01607371799940592,0.6877287559835356,0.0,62076.89
0.053776899992953896,62097.44,3.26,0.12187318849883738,0.016082191499753384,0.6879635929931652,0.0,62076.89
0.0540572999743744,62076.89,3.26,0.12191945449577177,0.016092005499103102,0.688235580975143,0.0,62076.89
0.054296099988277995,61964.03,3.26,0.12195885649806586,0.016100363499589727,0.6884672169886296,0.0,62076.89
0.054531799978576594,62159.14,3.27,0.12199774699646512,0.016108612999250177,0.6886958459792192,0.0,62076.89
0.0548082999885082,62097.44,3.26,0.12204336949810383,0.016118290499597784,0.6889640509888528,0.0,62076.89
0.055154199973912896,62087.16,3.26,0.12210044299569561,0.016130396999086947,0.6892995739746954,0.0,62076.89
0.055393799993908,62087.16,3.26,0.12213997699899481,0.01613878299978678,0.6895319859940907,0.0,62066.62
0.0556333999847993,61841.22,3.26,0.12217951099749187,0.016147168999467974,0.6897643979852552,0.0,62056.35
0.0558737999817822,62056.35,3.26,0.12221917699699406,0.016155582999362372,0.6899975859823286,0.0,62056.35
0.0561136999749578,62025.56,3.26,0.12225876049586802,0.01616397949912352,0.6902302889757089,0.0,62056.35
0.0563555999833624,62066.62,3.26,0.12229867399725479,0.01617244599941768,0.6904649319838614,0.0,62056.35
0.0566118999850005,62056.35,3.26,0.12234096349752507,0.016181416499475014,0.6907135429854504,0.0,62056.35
0.056942999974125996,62046.08,3.26,0.12239559499573077,0.01619300499909441,0.6910347099749021,0.0,62056.35
0.057230299978982595,62056.35,3.26,0.12244299949653212,0.01620306049926439,0.691313390979613,0.0,62056.35
0.057472899992717395,61933.3,3.26,0.12248302849879836,0.016211551499745104,0.6915487129929357,0.0,62056.35
0.057723799982341,62107.72,3.27,0.12252442699708625,0.016220332999381932,0.6917920859828707,0.0,62056.35
0.057960199977969695,62272.46,3.27,0.12256343299636499,0.016228606999228935,0.6920213939786305,0.0,62056.35
0.058198199985781594,61933.3,3.26,0.12260270299765395,0.016236936999502353,0.692252253986208,0.0,62056.35
0.0584689999814145,62128.28,3.27,0.12264738499693338,0.016246414999349503,0.692514929981972,0.0,62056.35
0.058730199991259696,62035.82,3.26,0.12269048299855784,0.016255556999694085,0.6927682939915218,0.0,62035.82
0.0589722999720834,62076.89,3.26,0.12273042949539374,0.016264030499022916,0.6930031309729208,0.0,62046.08
0.059217699978034895,62056.35,3.26,0.12277092049637575,0.016272619499231217,0.6932411689786937,0.0,62046.08
0.059459299984155195,62035.82,3.26,0.1228107844973856,0.01628107549944543,0.6934755209846304,0.0,62046.08
0.059702899976400596,62035.82,3.26,0.12285097849610609,0.01628960149917402,0.6937118129771085,0.0,62056.35
0.0599450999870896,62025.56,3.26,0.12289094149786978,0.016298078499548133,0.6939467469874768,0.0,62056.35
0.060190199990756796,62046.08,3.26,0.12293233399842864,0.016304754999768918,0.6941911509907105,0.0,62056.35
0.060432099999161396,62056.35,3.26,0.12297345699985743,0.016310802499979033,0.6944342604991571,0.0,62056.35
0.060676599998259896,62117.99,3.27,0.12301502199970417,0.016316914999956494,0.6946799829982511,0.0,62056.35
0.0609188999806065,62097.44,3.26,0.1230562129967031,0.01632297249951516,0.6949234944805094,0.0,62056.35
0.061164399987319394,62159.14,3.27,0.12309794799784428,0.016329109999682984,0.6951702219872559,0.0,62097.44
0.0614071999734733,62056.35,3.26,0.12313922399549045,0.01633517999933683,0.6954142359733405,0.0,62097.44
0.061650499992538195,62128.28,3.27,0.12318058499873148,0.016341262499813453,0.6956587524925008,0.0,62097.44
0.0618915999948512,62179.72,3.27,0.12322157199912469,0.016347289999871277,0.6959010579948254,0.0,62097.44
0.062134399981005096,62046.08,3.26,0.12326284799677086,0.016353359999525124,0.69614507198091,0.0,62056.35
0.06238819999271069,62107.72,3.27,0.1233059939987608,0.016359704999817766,0.6964001409926741,0.0,62046.08
0.06262679997598751,62046.08,3.26,0.12334655599591786,0.016365669999399684,0.6966399339758673,0.0,62046.08
0.0628632000007201,62015.29,3.26,0.12338674400012241,0.016371580000018,0.6968775160007236,0.0,62046.08
0.0631054999830667,62025.56,3.26,0.12342793499712132,0.016377637499576665,0.6971210274829819,0.0,62025.56
0.0634207999974023,62046.08,3.26,0.12348153599955837,0.016385519999935056,0.6974379039973893,0.0,62025.56
0.0636591999791562,62005.04,3.26,0.12352206399645654,0.016391479999478903,0.6976774959790519,0.0,62025.56
0.063895599974785,62005.04,3.26,0.12356225199571344,0.016397389999369624,0.6979150779746588,0.0,62025.56
0.06413319997955111,62025.56,3.26,0.12360264399652368,0.016403329999488774,0.6981538659794487,0.0,62025.56
0.064368999999715,61984.53,3.26,0.12364272999995153,0.016409224999992873,0.6983908449997135,0.0,62025.56
0.06460639997385441,62076.89,3.26,0.12368308799555523,0.016415159999346358,0.6986294319737236,0.0,62025.56
0.064887299988186,62025.56,3.26,0.1237308409979916,0.016422182499704646,0.6989117364881269,0.0,62025.56
0.0651266999775543,62035.82,3.26,0.12377153899618422,0.016428167499438855,0.699152333477442,0.0,62025.56
0.0653626999992411,62056.35,3.26,0.12381165899987097,0.016434067499981025,0.6993895134992372,0.0,62025.56
0.06562629999825731,62262.15,3.27,0.12385647099970373,0.01644065749995643,0.6996544314982485,0.0,62025.56
0.0658591999963391,62025.56,3.26,0.12389606399937764,0.016446479999908475,0.6998884959963206,0.0,62035.82
0.066095399990445,62025.56,3.26,0.12393621799837563,0.01645238499976112,0.7001258769903971,0.0,62035.82
0.06632939999690281,62015.29,3.26,0.12397599799947347,0.016458234999922567,0.7003610469968872,0.0,62046.08
0.0665636999765411,62056.35,3.26,0.12401582899601198,0.016464092499413524,0.7005965184764237,0.0,62056.35
0.0668002999736927,61820.78,3.26,0.12405605099552774,0.016470007499342316,0.7008343014735611,0.0,62046.08
0.0670356999908108,62046.08,3.26,0.12409606899843782,0.016475892499770266,0.7010708784907648,0.0,62046.08
0.0672724999894853,62056.35,3.26,0.12413632499821249,0.01648181249973713,0.7013088624894326,0.0,62046.08
0.0675071999721694,62056.35,3.26,0.12417622399526879,0.01648767999930423,0.7015447359720302,0.0,62056.35
0.0677443999738898,62117.99,3.27,0.12421654799556126,0.016493609999347243,0.7017831219737591,0.0,62056.35
0.06797889998415481,61964.03,3.26,0.1242564129973063,0.016499472499603866,0.7020187944840754,0.0,62046.08
0.06821549998130651,62076.89,3.26,0.12429663499682209,0.01650538749953266,0.702256577481213,0.0,62056.35
0.06844989999081,62035.82,3.26,0.12433648299843769,0.016511247499770246,0.7024921494907639,0.0,62056.35
0.0686860999849159,62066.62,3.26,0.12437663699743569,0.016517152499622895,0.7027295304848403,0.0,62056.35
0.0689206999959424,61984.53,3.26,0.1244165189993102,0.016523017499898558,0.702965303495922,0.0,62056.35
0.06915719999233261,61953.78,3.26,0.12445672399869653,0.016528929999808314,0.7032029859922941,0.0,62035.82
0.0694151999778114,62128.28,3.27,0.12450058399622792,0.016535379999445283,0.7034622759777004,0.0,62056.35
0.06965239997953171,62056.35,3.26,0.12454090799652037,0.01654130999948829,0.7037006619794293,0.0,62056.35
0.0698874999943655,62005.04,3.26,0.12458087499904212,0.016547187499859135,0.7039369374943372,0.0,62066.62
0.0701247999968473,62066.62,3.26,0.12462121599946403,0.01655311999992118,0.7041754239968314,0.0,62066.62
0.0703596999810543,61902.58,3.26,0.12466114899677921,0.016558992499526356,0.7044114984809595,0.0,62087.16
0.0705968999827746,62179.72,3.27,0.12470147299707167,0.01656492249956936,0.7046498844826884,0.0,62087.16
0.0708322999998927,62148.85,3.27,0.12474149099998175,0.016570807499997314,0.7048864614998921,0.0,62087.16
0.0710687999962829,62169.44,3.27,0.12478169599936807,0.01657671999990707,0.7051241439962642,0.0,62087.16
0.07130299997515971,62087.16,3.26,0.12482150999577714,0.01658257499937899,0.7053595149750354,0.0,62087.16
0.0715396999730728,62087.16,3.26,0.12486174899542236,0.016588492499326816,0.705597398472938,0.0,62087.16
0.0717749999894295,62138.56,3.27,0.124901749998203,0.016594374999735734,0.7058338749893766,0.0,62087.16
0.07201079998048951,62035.82,3.26,0.1249418359966832,0.016600269999512234,0.7060708539803918,0.0,62087.16
0.0722474999784026,62087.16,3.26,0.12498207499632842,0.01660618749946006,0.7063087374782945,0.0,62087.16
0.07248309999704361,62035.82,3.26,0.12502212699949738,0.016612077499926086,0.7065455154970287,0.0,62087.16
0.07272099997499021,62025.56,3.26,0.12506256999574833,0.01661802499937475,0.7067846049748651,0.0,62076.89
0.07295629999134691,61984.53,3.26,0.12510257099852895,0.01662390749978367,0.7070210814913035,0.0,62076.89
0.0732073999824933,62107.72,3.27,0.12514525799702383,0.016630184999562328,0.7072734369824056,0.0,62076.89
0.0734431999735534,62097.44,3.26,0.12518534399550407,0.016636079999338832,0.707510415973421,0.0,62076.89
0.0737334999721497,62025.56,3.26,0.12523469499526543,0.01664333749930374,0.7078021674720103,0.0,62035.82
0.0739688999892678,62076.89,3.26,0.1252747129981755,0.016649222499731692,0.708038744489214,0.0,62076.89
0.074204299977282,62313.75,3.27,0.12531473099613794,0.016655107499432047,0.7082753214771683,0.0,62087.16
0.0744405999721493,62087.16,3.26,0.12535490199526536,0.01666101499930373,0.7085128029720099,0.0,62087.16
0.07468429999426,62025.56,3.26,0.1253963309990242,0.016667107499856497,0.7087577214942312,0.0,62087.16
0.0749260999727994,62025.56,3.26,0.12543743699537588,0.01667315249931998,0.7090007304726633,0.0,62087.16
0.0751981999783311,62087.16,3.26,0.12548369399631626,0.016679954999458273,0.7092741909782226,0.0,62087.16
0.0754354999808129,62251.84,3.27,0.12552403499673817,0.01668588749952032,0.7095126774807169,0.0,62087.16
0.075672199978726,62097.44,3.26,0.1255642739963834,0.016691804999468148,0.7097505609786195,0.0,62087.16
0.07590779999736691,61882.11,3.26,0.12560432599955235,0.01669769499993417,0.7099873389973537,0.0,62087.16
0.0761448999983258,62117.99,3.27,0.12564463299971537,0.016703622499958142,0.7102256244983173,0.0,62087.16
0.0763800999848172,62015.29,3.26,0.1256846169974189,0.016709502499620426,0.7104620004847412,0.0,62087.16
0.07661759998882191,61933.3,3.26,0.12572499199809972,0.016715439999720545,0.710700687988766,0.0,62097.44
0.07685289997607471,62107.72,3.27,0.1257649929959327,0.016721322499401864,0.710937164475955,0.0,62097.44
0.0770903999800793,62087.16,3.26,0.12580536799661346,0.01672725999950198,0.7111758519799796,0.0,62087.16
0.0773252999933902,62128.28,3.27,0.1258453009988763,0.01673313249983475,0.711411926493357,0.0,62087.16
0.077562599995872,62015.29,3.26,0.12588564199929822,0.0167390649998968,0.7116504129958513,0.0,62066.62
0.077798399986932,62169.44,3.27,0.12592572799777843,0.016744959999673296,0.7118873919868666,0.0,62066.62
0.07803559998865241,62097.44,3.26,0.1259660519980709,0.016750889999716308,0.7121257779885956,0.0,62087.16
0.0782705999736208,62025.56,3.26,0.1260060019955155,0.016756764999340517,0.7123619529734888,0.0,62066.62
0.0785077999753412,62035.82,3.26,0.12604632599580798,0.01676269499938353,0.7126003389752178,0.0,62066.62
0.0787428999901749,62066.62,3.26,0.1260862929983297,0.01676857249975437,0.7128366144901257,0.0,62035.82
0.07898999997996721,61984.53,3.26,0.12612829999659442,0.016774749999499176,0.7130849499798669,0.0,62066.62
0.0792202999873552,62087.16,3.26,0.12616745099785037,0.016780507499683878,0.7133164014872919,0.0,62066.62
0.0794494999863673,62066.62,3.26,0.12620641499768243,0.01678623749965918,0.713546747486299,0.0,62066.62
0.07968219998292621,62005.04,3.26,0.12624597399709744,0.016792054999573154,0.7137806109828407,0.0,62066.62
0.0799120999872684,62035.82,3.26,0.12628505699783563,0.016797802499681706,0.7140116604872047,0.0,62066.62
0.0801430999999866,62251.84,3.27,0.12632575799999757,0.016801430999999863,0.7142509704999858,0.0,62066.62
0.080372799973702,62159.14,3.27,0.12636710399526635,0.01680372799973702,0.7144933039722555,0.0,62066.62
0.0806051999970805,62076.89,3.26,0.12640893599947448,0.016806051999970803,0.7147384859969198,0.0,62056.35
0.08083519997308031,62056.35,3.26,0.12645033599515443,0.0168083519997308,0.7149811359715996,0.0,62046.08
0.0810663999873213,62005.04,3.26,0.12649195199771782,0.016810663999873212,0.7152250519866239,0.0,62046.08
0.0812955999863334,62087.16,3.26,0.12653320799754,0.016812955999863332,0.7154668579855816,0.0,62046.08
0.0815726000000722,61994.78,3.26,0.12658306800001298,0.01681572600000072,0.715759093000076,0.0,62046.08
0.0818043999897781,61984.53,3.26,0.12662479199816004,0.01681804399989778,0.7160036419892158,0.0,62035.82
0.0820358999771997,62046.08,3.26,0.12666646199589593,0.016820358999771995,0.7162478744759456,0.0,62035.82
0.0822654999792576,62005.04,3.26,0.12670778999626636,0.016822654999792575,0.7164901024781166,0.0,62035.82
0.08249619998969131,62005.04,3.26,0.12674931599814443,0.01682496199989691,0.7167334909891242,0.0,62035.82
0.0827251999871805,62097.44,3.26,0.12679053599769247,0.016827251999871805,0.7169750859864753,0.0,62035.82
0.0829608999774791,62035.82,3.26,0.12683296199594624,0.01682960899977479,0.7172237494762403,0.0,62046.08
0.0833285999833606,62117.99,3.27,0.12689914799700489,0.016833285999833605,0.7176116729824453,0.0,62046.08
0.0835628999921027,62076.89,3.26,0.12694132199857847,0.016835628999921026,0.7178588594916683,0.0,62046.08
0.08379209999111481,61964.03,3.26,0.12698257799840065,0.016837920999911146,0.718100665490626,0.0,62076.89
0.08402419998310501,62097.44,3.26,0.12702435599695888,0.01684024199983105,0.7183455309821757,0.0,62076.89
0.08431879998533981,62046.08,3.26,0.12707738399736115,0.016843187999853397,0.7186563339845334,0.0,62046.08
0.0845526999910362,62076.89,3.26,0.1271194859983865,0.016845526999910362,0.7189030984905431,0.0,62066.62
0.0847824999946169,61974.28,3.26,0.12716084999903102,0.01684782499994617,0.7191455374943208,0.0,62066.62
0.0850146999873686,62107.72,3.27,0.12720264599772632,0.016850146999873684,0.7193905084866737,0.0,62056.35
0.08524449999094941,62035.82,3.26,0.12724400999837088,0.016852444999909493,0.7196329474904515,0.0,62066.62
0.08547669998370111,62025.56,3.26,0.12728580599706618,0.01685476699983701,0.7198779184828046,0.0,62066.62
0.0857066999888047,62066.62,3.26,0.12732720599798483,0.016857066999888048,0.7201205684881888,0.0,62066.62
0.0859450999996625,62087.16,3.26,0.12737011799993925,0.016859450999996625,0.7203720804996439,0.0,62066.62
0.0861760999832768,62056.35,3.26,0.12741169799698981,0.01686176099983277,0.7206157854823569,0.0,62066.62
0.08640639999066481,62066.62,3.26,0.12745315199831966,0.016864063999906646,0.7208587519901513,0.0,62066.62
0.0866979999991599,62128.28,3.27,0.12750563999984876,0.016866979999991597,0.7211663899991136,0.0,62066.62
0.0869354999740608,62159.14,3.27,0.12754838999533094,0.016869354999740606,0.721416952472634,0.0,62066.62
0.0871661999844946,62066.62,3.26,0.127589915997209,0.016871661999844946,0.7216603409836417,0.0,62066.62
0.0873974999994971,62046.08,3.26,0.12763154999990947,0.01687397499999497,0.7219043624994693,0.0,62066.62
0.0876309999730438,62087.16,3.26,0.12767357999514786,0.016876309999730436,0.7221507049715611,0.0,62066.62
0.08786129998043181,62015.29,3.26,0.1277150339964777,0.016878612999804317,0.7223936714793555,0.0,62046.08
0.0880932000000029,62025.56,3.26,0.12775677600000052,0.01688093200000003,0.722638326000003,0.0,62046.08
0.08832269997219551,62097.44,3.26,0.12779808599499518,0.016883226999721956,0.7228804484706662,0.0,62035.82
0.0885555999993812,62015.29,3.26,0.1278400079998886,0.01688555599999381,0.7231261579993471,0.0,62035.82
0.0887849999999161,62035.82,3.26,0.12788129999998488,0.01688784999999916,0.7233681749999115,0.0,62035.82
0.08901559998048471,61984.53,3.26,0.12792280799648723,0.016890155999804847,0.7236114579794113,0.0,62035.82
0.08924439997645091,62046.08,3.26,0.12796399199576114,0.016892443999764507,0.7238528419751556,0.0,62035.82
0.0894712999870535,62035.82,3.26,0.12800483399766963,0.016894712999870536,0.7240922214863413,0.0,62035.82
0.0897452999779489,62272.46,3.27,0.1280541539960308,0.01689745299977949,0.724381291476736,0.0,62035.82
0.089978699979838,62087.16,3.26,0.12809616599637083,0.01689978699979838,0.724627528478729,0.0,62046.08
0.09025409998139361,62046.08,3.26,0.12814573799665083,0.016902540999813937,0.7249180754803702,0.0,62046.08
0.09048980000079611,61994.78,3.26,0.1281881640001433,0.01690489800000796,0.7251667390008398,0.0,62046.08
0.0908349999808706,62025.56,3.26,0.1282502999965567,0.016908349999808708,0.7255309249798184,0.0,62066.62
0.0910806999891065,62231.22,3.27,0.12829452599803917,0.016910806999891066,0.7257901384885073,0.0,62066.62
0.09131019999040291,62097.44,3.26,0.1283358359982725,0.016913101999904027,0.7260322609898751,0.0,62066.62
0.0915417999785859,62046.08,3.26,0.12837752399614544,0.01691541799978586,0.726276598977408,0.0,62056.35
0.0917719999852124,62066.62,3.26,0.1284189599973382,0.016917719999852126,0.726519459984399,0.0,62056.35
0.09200419997796411,62066.62,3.26,0.12846075599603352,0.01692004199977964,0.726764430976752,0.0,62066.62
0.09223459998611361,62056.35,3.26,0.12850222799750044,0.016922345999861137,0.7270075029853498,0.0,62066.62
0.09246809998876411,62117.99,3.27,0.12854425799797753,0.016924680999887642,0.7272538454881461,0.0,62056.35
0.09269909997237841,62015.29,3.26,0.1285858379950281,0.016926990999723786,0.7274975504708592,0.0,62046.08
0.09299389997613611,62025.56,3.26,0.1286389019957045,0.016929938999761363,0.7278085644748236,0.0,62056.35
0.093248199991649,62097.44,3.26,0.1286846759984968,0.01693248199991649,0.7280768509911897,0.0,62025.56
0.09348109998973081,61984.53,3.26,0.12872659799815153,0.01693481099989731,0.728322560489166,0.0,62025.56
0.0937386999721639,61810.55,3.26,0.1287729659949895,0.01693738699972164,0.7285943284706329,0.0,62025.56
0.0940308999852277,62015.29,3.26,0.12882556199734096,0.01694030899985228,0.7289025994844152,0.0,62025.56
0.0943908999906853,62076.89,3.26,0.12889036199832335,0.016943908999906852,0.7292823994901729,0.0,62025.56
0.0946253000001888,62025.56,3.26,0.12893255400003398,0.01694625300000189,0.7295296915001992,0.0,62046.08
0.094858500000555,61964.03,3.26,0.1289745300000999,0.01694858500000555,0.7297757175005855,0.0,62046.08
0.0950895999849308,62375.72,3.27,0.12901612799728754,0.016950895999849308,0.730019527984102,0.0,62046.08
0.0953207999991718,62076.89,3.26,0.12905774399985093,0.01695320799999172,0.7302634439991262,0.0,62056.35
0.0955534999957308,62046.08,3.26,0.12909962999923152,0.01695553499995731,0.7305089424954959,0.0,62076.89
0.0957842999778222,62117.99,3.27,0.129141173996008,0.016957842999778223,0.7307524364766024,0.0,62056.35
0.0960155999928247,62220.92,3.27,0.12918280799870843,0.01696015599992825,0.7309964579924301,0.0,62056.35
0.096246599976439,61943.53,3.26,0.129224387995759,0.016962465999764392,0.7312401629751432,0.0,62056.35
0.0964805999828968,62056.35,3.26,0.1292665079969214,0.01696480599982897,0.731487032981956,0.0,62056.35
0.0967107999895233,62087.16,3.26,0.12930794399811418,0.016967107999895235,0.731729893988947,0.0,62046.08
0.09694229997694491,62035.82,3.26,0.12934961399585007,0.01696942299976945,0.7319741264756768,0.0,62035.82
0.0971726999850943,62025.56,3.26,0.12939108599731697,0.016971726999850945,0.7322171984842745,0.0,62035.82
0.0974033999955281,62035.82,3.26,0.12943261199919506,0.01697403399995528,0.7324605869952822,0.0,62035.82
0.0976303999777883,62138.56,3.27,0.1294734719960019,0.016976303999777884,0.7327000719765666,0.0,62035.82
0.0978611999889835,61984.53,3.26,0.129515015998017,0.016978611999889835,0.7329435659883776,0.0,62035.82
0.0980906999902799,62035.82,3.26,0.12955632599825037,0.0169809069999028,0.7331856884897453,0.0,62035.82
0.0983228999830316,62015.29,3.26,0.12959812199694568,0.01698322899983032,0.7334306594820983,0.0,62035.82
0.0985525999858509,62138.56,3.27,0.12963946799745316,0.01698552599985851,0.7336729929850727,0.0,62035.82
0.0987824999901931,62015.29,3.26,0.12968084999823476,0.01698782499990193,0.7339155374896537,0.0,62056.35
0.0990141999791376,62015.29,3.26,0.12972255599624477,0.01699014199979138,0.7341599809779902,0.0,62035.82
0.0992433999781496,62056.35,3.26,0.12976381199606693,0.0169924339997815,0.7344017869769478,0.0,62035.82
0.0994747999939136,62138.56,3.27,0.12980546399890444,0.016994747999939136,0.7346459139935788,0.0,62035.82
0.0997050999721978,62179.72,3.27,0.1298469179949956,0.01699705099972198,0.7348888804706687,0.0,62056.35
0.099936799990246,62087.16,3.26,0.12988862399824427,0.01699936799990246,0.7351333239897095,0.0,62035.82
0.100167099997634,62015.29,3.26,0.12993174899955046,0.01701086149984621,0.7353838099973974,0.0,62056.35
0.1003984999842941,62015.29,3.26,0.12997571499701588,0.01702590249897912,0.7356383499827235,0.0,62056.35
0.1006272999802604,62035.82,3.26,0.13001918699624948,0.01704077449871693,0.7358900299782865,0.0,62056.35
0.10085819999221711,62066.62,3.26,0.13006305799852125,0.017055782999494114,0.7361440199914389,0.0,62056.35
0.1010867999866604,61974.28,3.26,0.13010649199746546,0.017070641999132927,0.7363954799853264,0.0,62046.08
0.1013194999832194,62056.35,3.26,0.13015070499681167,0.017085767498909263,0.7366514499815413,0.0,62046.08
0.10154949998832301,62015.29,3.26,0.13019440499778137,0.017100717499240997,0.7369044499871553,0.0,62046.08
0.10177879998809651,62076.89,3.26,0.13023797199773834,0.017115621999226276,0.7371566799869061,0.0,62056.35
0.1020348999882117,62169.44,3.27,0.13028663099776022,0.017132268499233765,0.7374383899870328,0.0,62056.35
0.1022662999748718,62046.08,3.26,0.13033059699522564,0.01714730949836667,0.7376929299723589,0.0,62056.35
0.1024982999952044,62117.99,3.27,0.13037467699908883,0.017162389499688287,0.7379481299947248,0.0,62056.35
0.10272759999497791,62005.04,3.26,0.1304182439990458,0.017177293999673566,0.7382003599944756,0.0,62056.35
0.10303729999577621,62056.35,3.26,0.13047708699919747,0.017197424499725455,0.7385410299953539,0.0,62056.35
0.1032684999809134,62169.44,3.27,0.13052101499637353,0.017212452498759374,0.7387953499790048,0.0,62046.08
0.10350249998737121,61984.53,3.26,0.13056547499760052,0.01722766249917913,0.7390527499861084,0.0,62046.08
0.1037326999939978,61984.53,3.26,0.13060921299885958,0.017242625499609858,0.7393059699933976,0.0,62046.08
0.1039654999913182,62066.62,3.26,0.13065344499835047,0.017257757499435686,0.73956204999045,0.0,62046.08
0.10419609997188671,62005.04,3.26,0.13069725899465848,0.017272746498172637,0.7398157099690754,0.0,62046.08
0.104427799989935,61943.53,3.26,0.13074128199808766,0.017287806999345776,0.7400705799889284,0.0,62046.08
0.1046568999881856,62046.08,3.26,0.13078481099775527,0.017302698499232067,0.7403225899870042,0.0,62046.08
0.1048886999778915,62046.08,3.26,0.13082885299579938,0.01731776549856295,0.7405775699756807,0.0,62046.08
0.1051189999852795,62046.08,3.26,0.1308726099972031,0.01733273499904317,0.7408308999838075,0.0,62046.08
0.1053454999928362,62035.82,3.26,0.13091564499863886,0.017347457499534355,0.7410800499921198,0.0,62046.08
0.1055739999865181,62117.99,3.27,0.13095905999743843,0.01736230999912368,0.74133139998517,0.0,62046.08
0.10580509999999771,62046.08,3.26,0.13100296899999955,0.017377331499999853,0.7415856099999975,0.0,62046.08
0.1060477999853901,62035.82,3.26,0.13104908199722412,0.017393106999050358,0.7418525799839291,0.0,62046.08
0.10629119997611271,62046.08,3.26,0.13109532799546142,0.01740892799844733,0.742120319973724,0.0,62046.08
0.1065216999850236,62066.62,3.26,0.1311391229971545,0.017423910499026536,0.742373869983526,0.0,62046.08
0.10675259999698021,62138.56,3.27,0.13118299399942623,0.017438918999803717,0.7426278599966782,0.0,62046.08
0.1070272999932058,62005.04,3.26,0.1312351869987091,0.01745677449955838,0.7429300299925263,0.0,62035.82
0.10732889999053441,61994.78,3.26,0.13129249099820153,0.01747637849938474,0.7432617899895878,0.0,62035.82
0.1075573999842163,62035.82,3.26,0.1313359059970011,0.017491230998974063,0.7435131399826379,0.0,62035.82
0.1077885999984573,62056.35,3.26,0.13137983399970687,0.017506258999899726,0.7437674599983031,0.0,62035.82
0.1080169999913778,61933.3,3.26,0.13142322999836178,0.017521104999439558,0.7440186999905156,0.0,62035.82
0.1082466999941971,62035.82,3.26,0.13146687299889745,0.017536035499622814,0.7442713699936168,0.0,62035.82
0.1084747999848332,62015.29,3.26,0.13151021199711832,0.01755086199901416,0.7445222799833165,0.0,62035.82
0.1087033999792765,62107.72,3.27,0.13155364599606253,0.017565720998652973,0.7447737399772041,0.0,62035.82
0.10893439999199471,62076.89,3.26,0.131597535998479,0.01758073599947966,0.7450278399911942,0.0,62035.82
0.1091628999856766,61790.14,3.26,0.13164095099727854,0.01759558849906898,0.7452791899842443,0.0,62035.82
0.10939309999230311,62128.28,3.27,0.13168468899853758,0.017610551499499704,0.7455324099915334,0.0,62035.82
0.10962149998522361,62035.82,3.26,0.1317280849971925,0.017625397499039536,0.7457836499837459,0.0,62035.82
0.10985119998804291,62076.89,3.26,0.13177172799772816,0.017640327999222792,0.7460363199868472,0.0,62035.82
0.11007869997411031,61994.78,3.26,0.13181495299508098,0.01765511549831717,0.7462865699715213,0.0,62035.82
0.1103078999731224,62035.82,3.26,0.13185850099489327,0.017670013498252958,0.7465386899704346,0.0,62015.29
0.11053589999210091,62087.16,3.26,0.13190182099849918,0.01768483349948656,0.746789489991311,0.0,62015.29
0.1107663000002503,61953.78,3.26,0.13194559700004757,0.017699809500016272,0.7470429300002753,0.0,62015.29
0.1109938999870792,62005.04,3.26,0.13198884099754504,0.01771460349916015,0.7472932899857871,0.0,62015.29
0.11123989999759941,62015.29,3.26,0.1320355809995439,0.017730593499843964,0.7475638899973593,0.0,62015.29
0.11146899999585,62005.04,3.26,0.1320791099992115,0.017745484999730252,0.747815899995435,0.0,62015.29
0.1116974999895319,62005.04,3.26,0.13212252499801105,0.017760337499319576,0.7480672499884851,0.0,62015.29
0.1119279999984428,62107.72,3.27,0.13216631999970413,0.017775319999898783,0.748320799998287,0.0,62015.29
0.11215669999364761,62087.16,3.26,0.13220977299879305,0.017790185499587097,0.7485723699930124,0.0,62015.29
0.1123873999749776,62015.29,3.26,0.13225360599524574,0.017805180998373544,0.7488261399724754,0.0,62015.29
0.11261679997551251,62015.29,3.26,0.1322971919953474,0.017820091998408314,0.7490784799730638,0.0,62015.29
0.1129418999771587,62046.08,3.26,0.13235896099566016,0.017841223498515316,0.7494360899748745,0.0,62015.29
0.1131664999993518,62128.28,3.27,0.13240163499987684,0.017855822499957867,0.749683149999287,0.0,62015.29
0.1133957999991253,62015.29,3.26,0.1324452019998338,0.017870726999943146,0.7499353799990378,0.0,62015.29
0.11362429999280721,61964.03,3.26,0.13248861699863337,0.01788557949953247,0.7501867299920879,0.0,62015.29
0.1138543999986723,61943.53,3.26,0.13253233599974776,0.017900535999913703,0.7504398399985396,0.0,62015.29
0.1140826999908313,62015.29,3.26,0.13257571299825796,0.017915375499404036,0.7506909699899145,0.0,62025.56
0.1143368999764789,61974.28,3.26,0.132624010995531,0.01793189849847113,0.7509705899741268,0.0,62015.29
0.11456709998310541,62066.62,3.26,0.13266774899679004,0.017946861498901852,0.7512238099814159,0.0,62015.29
0.1148020999971777,62025.56,3.26,0.13271239899946377,0.017962136499816553,0.7514823099968955,0.0,62025.56
0.1150354999990668,62179.72,3.27,0.1327567449998227,0.017977307499939345,0.7517390499989735,0.0,62035.82
0.1152663999819196,62117.99,3.27,0.13280061599656473,0.017992315998824775,0.7519930399801116,0.0,62035.82
0.11549549998017021,62015.29,3.26,0.13284414499623234,0.018007207498711066,0.7522450499781872,0.0,62035.82
0.1157266999944113,62035.82,3.26,0.13288807299893815,0.018022235499636736,0.7524993699938525,0.0,62035.82
0.1159554999903775,62035.82,3.26,0.13293154499817172,0.01803710749937454,0.7527510499894152,0.0,62035.82
0.116186299972469,62046.08,3.26,0.13297539699476912,0.018052109498210487,0.7530049299697159,0.0,62035.82
0.1164163999783341,61933.3,3.26,0.13301911599588348,0.018067065998591716,0.7532580399761675,0.0,62035.82
0.1166453999758232,61994.78,3.26,0.13306262599540641,0.01808195099842851,0.7535099399734055,0.0,62035.82
0.1168758999847341,62035.82,3.26,0.1331064209970995,0.018096933499007716,0.7537634899832075,0.0,62035.82
0.1171040999761317,61994.78,3.26,0.13314977899546504,0.01811176649844856,0.7540145099737449,0.0,62035.82
0.11733469998580401,61974.28,3.26,0.13319359299730277,0.01812675549907726,0.7542681699843844,0.0,62035.82
0.117564099986339,62117.99,3.27,0.13323717899740442,0.018141666499112037,0.7545205099849729,0.0,62025.56
0.11779499999829561,62066.62,3.26,0.1332810499996762,0.018156674999889214,0.7547744999981252,0.0,62035.82
0.1180232999904547,62128.28,3.27,0.13332442699818642,0.018171514499379555,0.7550256299895002,0.0,62035.82
0.11825419997330751,62066.62,3.26,0.13336829799492844,0.018186522998264988,0.7552796199706382,0.0,62025.56
0.1185054999950807,62025.56,3.26,0.13341604499906534,0.018202857499680244,0.7555560499945888,0.0,62046.08
0.1187387999962084,61984.53,3.26,0.1334603719992796,0.018218021999753548,0.7558126799958292,0.0,62046.08
0.11896839999826621,62087.16,3.26,0.13350399599967058,0.018232945999887305,0.7560652399980928,0.0,62025.56
0.1191992999811191,62015.29,3.26,0.13354786699641263,0.018247954498772742,0.756319229979231,0.0,62025.56
0.11942849998013111,62005.04,3.26,0.13359141499622493,0.018262852498708522,0.7565713499781442,0.0,62025.56
0.1196596999943722,62046.08,3.26,0.13363534299893073,0.018277880499634195,0.7568256699938094,0.0,62015.29
0.1198890999949071,61994.78,3.26,0.13367892899903236,0.01829279149966896,0.7570780099943978,0.0,62015.29
0.1201185999962035,62005.04,3.26,0.13372194099929766,0.018291698000265755,0.7573304599958238,0.0,62015.29
0.12034869997296481,62025.56,3.26,0.1337645094949985,0.018275591001892463,0.7575835699702613,0.0,62015.29
0.12057699999422761,62097.44,3.26,0.1338067449989321,0.018259610000404068,0.7578346999936504,0.0,62025.56
0.1208028999972157,61984.53,3.26,0.13384853649948492,0.018243797000194902,0.7580831899969372,0.0,62046.08
0.12103109998861321,62159.14,3.27,0.13389075349789345,0.018227823000797075,0.7583342099874745,0.0,62046.08
0.12126219997298901,61984.53,3.26,0.13393350699500298,0.01821164600189077,0.7585884199702879,0.0,62046.08
0.1214913999720011,62107.72,3.27,0.1339759089948202,0.018195602001959923,0.7588405399692012,0.0,62097.44
0.1217214999778662,62107.72,3.27,0.13401847749590526,0.018179495001549365,0.7590936499756528,0.0,62097.44
0.1219502999738324,62138.56,3.27,0.134060805495159,0.018163479001831732,0.7593453299712156,0.0,62046.08
0.1221808999835048,62046.08,3.26,0.1341034664969484,0.018147337001154663,0.7595989899818553,0.0,62046.08
0.1224109999893699,62035.82,3.26,0.13414603499803343,0.018131230000744108,0.7598520999883068,0.0,62046.08
0.1226470999827142,62097.44,3.26,0.13418971349680214,0.018114703001210007,0.7601118099809856,0.0,62046.08
0.12295029999222601,62035.82,3.26,0.13424580549856183,0.01809347900054418,0.7604453299914486,0.0,62046.08
0.12318089997279451,61953.78,3.26,0.134288466494967,0.018077337001904385,0.7606989899700739,0.0,62046.08
0.1234104999748524,62046.08,3.26,0.13433094249534772,0.01806126500176033,0.7609515499723376,0.0,62035.82
0.12365899997530501,61882.11,3.26,0.13437691499543145,0.01804387000172865,0.7612248999728355,0.0,62035.82
0.1239240999857429,62046.08,3.26,0.13442595849736244,0.018025313000997998,0.7615165099843172,0.0,62046.08
0.1241554000007454,61994.78,3.26,0.13446874900013792,0.018009121999947822,0.7617709400008199,0.0,62035.82
0.12438499997369941,62097.44,3.26,0.1345112249951344,0.01799305000184104,0.7620234999710693,0.0,62025.56
0.1246157999848947,61994.78,3.26,0.13455392299720553,0.01797689400105737,0.7622773799833842,0.0,62025.56
0.1248456999892369,62087.16,3.26,0.13459645449800883,0.017960801000753417,0.7625302699881605,0.0,62025.56
0.125075799995102,62046.08,3.26,0.1346390229990939,0.017944694000342862,0.7627833799946122,0.0,62025.56
0.1253068999794777,62025.56,3.26,0.1346817764962034,0.01792851700143656,0.7630375899774254,0.0,62025.56
0.1255366999830585,62015.29,3.26,0.13472428949686582,0.017912431001185905,0.7632903699813643,0.0,62025.56
0.12576789999729948,62025.56,3.26,0.1347670614995004,0.017896247000189037,0.7635446899970294,0.0,62025.56
0.12599719999707298,62015.29,3.26,0.1348094819994585,0.017880196000204893,0.7637969199967802,0.0,62025.56
0.12622999999439338,61984.53,3.26,0.1348525499989628,0.017863900000392462,0.7640529999938327,0.0,62025.56
0.1264593999949284,62066.62,3.26,0.13489498899906177,0.017847842000355014,0.7643053399944212,0.0,62025.56
0.1267156999965664,62025.56,3.26,0.1349424044993648,0.01782990100024035,0.7645872699962231,0.0,62025.56
0.12694559997180468,61923.05,3.26,0.13498493599478387,0.01781380800197367,0.7648401599689851,0.0,62025.56
0.1271780999959446,62015.29,3.26,0.13502794849924976,0.017797533000283878,0.765095909995539,0.0,62056.35
0.12740829997346728,62159.14,3.27,0.13507053549509146,0.017781419001857292,0.765349129970814,0.0,62056.35
0.12763929998618548,62087.16,3.26,0.13511327049744432,0.017765249000967015,0.765603229984804,0.0,62056.35
0.12786819998291318,62056.35,3.26,0.13515561699683895,0.017749226001196078,0.7658550199812045,0.0,62046.08
0.1280991999956313,62220.92,3.27,0.1351983519991918,0.017733056000305808,0.7661091199951944,0.0,62056.35
0.1283286999969277,62159.14,3.27,0.13524080949943162,0.017716991000215062,0.7663615699966204,0.0,62056.35
0.1285531999892555,62005.04,3.26,0.13528234199801226,0.017701276000752116,0.766608519988181,0.0,62056.35
0.1287843999743927,61994.78,3.26,0.13532511399526265,0.01768509200179251,0.7668628399718319,0.0,62056.35
0.12901399997645058,62046.08,3.26,0.13536758999564336,0.01766902000164846,0.7671153999740956,0.0,62056.35
0.1292449999891687,62056.35,3.26,0.1354103249979962,0.01765285000075819,0.7673694999880856,0.0,62066.62
0.12947459999122649,62138.56,3.27,0.1354528009983769,0.017636778000614146,0.7676220599903492,0.0,62066.62
0.12970529997255648,62025.56,3.26,0.13549548049492294,0.017620629001921045,0.7678758299698121,0.0,62056.35
0.12993569998070598,62066.62,3.26,0.1355381044964306,0.01760450100135058,0.7681292699787766,0.0,62066.62
0.1301660999888554,62087.16,3.26,0.13558072849793826,0.017588373000780123,0.7683827099877409,0.0,62066.62
0.130395199987106,62097.44,3.26,0.13562311199761462,0.01757233600090258,0.7686347199858166,0.0,62066.62
0.1306492000003345,62087.16,3.26,0.13567010200006188,0.017554555999976584,0.768914120000368,0.0,62066.62
0.1308794999786187,62035.82,3.26,0.13571270749604447,0.01753843500149669,0.7691674499764806,0.0,62035.82
0.13111049999133678,62066.62,3.26,0.1357554424983973,0.017522265000606423,0.7694215499904704,0.0,62035.82
0.1313392999873031,62035.82,3.26,0.13579777049765107,0.017506249000888784,0.7696732299860334,0.0,62035.82
0.1315688999893609,62005.04,3.26,0.13584024649803175,0.017490177000744737,0.769925789988297,0.0,62035.82
0.1317974999838043,62035.82,3.26,0.1358825374970038,0.0174741750011337,0.7701772499821847,0.0,62035.82
0.13202569997520178,62005.04,3.26,0.13592475449541233,0.017458201001735875,0.770428269972722,0.0,62025.56
0.1322565999871585,62025.56,3.26,0.13596747099762432,0.017442038000898906,0.7706822599858744,0.0,62025.56
0.13248519998160188,62025.56,3.26,0.13600976199659634,0.017426036001287868,0.770933719979762,0.0,62025.56
0.132787799986545,62056.35,3.26,0.1360657429975108,0.017404854000941848,0.7712665799851995,0.0,62025.56
0.1330895999853965,61882.11,3.26,0.13612157599729835,0.017383728001022246,0.7715985599839361,0.0,62035.82
0.1333187999844085,61923.05,3.26,0.13616397799711558,0.017367684001091406,0.7718506799828493,0.0,62046.08
0.13355020000017248,62148.85,3.27,0.13620678700003191,0.017351485999987926,0.7721052200001898,0.0,62046.08
0.13381239998852829,62138.56,3.27,0.13625529399787772,0.01733313200080302,0.7723936399873811,0.0,62046.08
0.1340742999745998,62046.08,3.26,0.13630374549530097,0.017314799001778014,0.7726817299720597,0.0,62046.08
0.13430369997513478,62200.32,3.27,0.13634618449539992,0.017298741001740565,0.7729340699726482,0.0,62046.08
0.1345340999832842,62066.62,3.26,0.13638880849690757,0.017282613001170104,0.7731875099816126,0.0,62046.08
0.13476309998077338,61994.78,3.26,0.13643117349644307,0.017266583001345863,0.7734394099788507,0.0,62046.08
0.13499259998206978,62046.08,3.26,0.13647363099668292,0.017250518001255113,0.7736918599802768,0.0,62046.08
0.13522469997406,62035.82,3.26,0.1365165694952011,0.0172342710018158,0.773947169971466,0.0,62046.08
0.13545419997535638,61892.35,3.26,0.13655902699544092,0.017218206001725054,0.774199619972892,0.0,62046.08
0.13568339997436848,62025.56,3.26,0.13660142899525818,0.017202162001794204,0.7744517399718053,0.0,62046.08
0.1359110999910626,62087.16,3.26,0.1366435534983466,0.017186223000625618,0.7747022099901688,0.0,62046.08
0.1361412999976892,62056.35,3.26,0.1366861404995725,0.017170109000161755,0.7749554299974581,0.0,62056.35
0.13636349997250358,62046.08,3.26,0.13672724749491316,0.01715455500192475,0.7751998499697539,0.0,62056.35
0.13659329997608438,62066.62,3.26,0.1367697604955756,0.01713846900167409,0.7754526299736928,0.0,62056.35
0.1368214999965857,62117.99,3.27,0.13681197749936835,0.017122495000239,0.7757036499962442,0.0,62056.35
0.1370510999986436,62117.99,3.27,0.13685445349974906,0.017106423000094947,0.7759562099985079,0.0,62056.35
0.13727869998547249,62087.16,3.26,0.13689655949731241,0.017090491001016925,0.7762065699840197,0.0,62046.08
0.1375090999936219,62005.04,3.26,0.13693918349882006,0.017074363000446464,0.776460009992984,0.0,62046.08
0.1377372999850195,62005.04,3.26,0.1369814004972286,0.017058389001048634,0.7767110299835214,0.0,62015.29
0.13798299999325528,61984.53,3.26,0.13702685499875222,0.01704119000047213,0.7769812999925808,0.0,62015.29
0.13821629999438298,62015.29,3.26,0.13707001549896083,0.017024859000393192,0.7772379299938212,0.0,62015.29
0.1384494999947492,62046.08,3.26,0.1371131574990286,0.017008535000367555,0.7774944499942241,0.0,62015.29
0.1386857999896165,61994.78,3.26,0.13715687299807905,0.016991994000726846,0.7777543799885781,0.0,62015.29
0.1389461999933701,62015.29,3.26,0.13720504699877345,0.016973766000464092,0.7780408199927071,0.0,62015.29
0.1391834999958519,62066.62,3.26,0.13724894749923258,0.016957155000290366,0.7783018499954371,0.0,62025.56
0.1394177999754902,61994.78,3.26,0.1372922929954657,0.016940754001715685,0.7785595799730392,0.0,62025.56
0.1396534999948926,62025.56,3.26,0.13733589749905512,0.01692425500035752,0.7788188499943819,0.0,62035.82
0.13989959997707038,62117.99,3.27,0.137381425995758,0.01690702800160507,0.7790895599747774,0.0,62035.82
0.14013099999283438,62200.32,3.27,0.137422924998746,0.01691113499939092,0.7793368949925119,0.0,62035.82
0.1404385999776423,62025.56,3.26,0.13747675499608739,0.01693728099809959,0.7796583369766362,0.0,62035.82
0.1406715999764856,62035.82,3.26,0.13751752999588496,0.016957085998001272,0.7799018219754275,0.0,62035.82
0.14090199998463498,62066.62,3.26,0.1375578499973111,0.01697666999869397,0.7801425899839436,0.0,62035.82
0.14113259999430738,62035.82,3.26,0.13759820499900377,0.016996270999516123,0.7803835669940512,0.0,62035.82
0.1413628999725915,61943.53,3.26,0.1376385074952035,0.017015846497670274,0.7806242304713581,0.0,62025.56
0.1416080999770201,62056.35,3.26,0.1376814174959785,0.017036688498046706,0.780880464475986,0.0,62025.56
0.1418377999798394,62015.29,3.26,0.1377216149964719,0.017056212998286344,0.7811205009789322,0.0,62025.56
0.1420680999872274,62025.56,3.26,0.13776191749776479,0.017075788498914325,0.7813611644866526,0.0,62015.29
0.1422973999870009,62005.04,3.26,0.13780204499772514,0.017095278998895073,0.7816007829864159,0.0,62015.29
0.1425860999734141,61964.03,3.26,0.13785256749534747,0.017119818497740195,0.7819024744722177,0.0,62005.04
0.142904099979205,62046.08,3.26,0.13790821749636087,0.017146848498232423,0.7822347844782692,0.0,62015.29
0.1431406999763567,62005.04,3.26,0.1379496224958624,0.017166959497990318,0.7824820314752927,0.0,62015.29
0.14337629999499768,61994.78,3.26,0.13799085249912457,0.0171869854995748,0.7827282334947726,0.0,62025.56
0.1436125999898649,62210.61,3.27,0.13803220499822635,0.017207070999138513,0.7829751669894088,0.0,62005.04
0.1438613999926019,62005.04,3.26,0.1380757449987053,0.01722821899937116,0.7832351629922689,0.0,62025.56
0.144092799979262,62056.35,3.26,0.13811623999637085,0.017247887998237267,0.7834769759783288,0.0,62025.56
0.14431839997996568,62056.35,3.26,0.13815571999649398,0.01726706399829708,0.7837127279790641,0.0,62005.04
0.1445492999919224,62046.08,3.26,0.13819612749858642,0.0172866904993134,0.7839540184915589,0.0,62025.56
0.144778399990173,61984.53,3.26,0.13823621999828026,0.017306163999164702,0.7841934279897308,0.0,62046.08
0.1450092999730259,62025.56,3.26,0.13827662749527952,0.0173257904977072,0.784434718471812,0.0,62046.08
0.1452389999758452,62005.04,3.26,0.1383168249957729,0.017345314997946837,0.7846747549747582,0.0,62046.08
0.1454686999786645,62005.04,3.26,0.13835702249626627,0.017364839498186478,0.7849147914777044,0.0,62046.08
0.1456974999746307,62046.08,3.26,0.13839706249556036,0.017384287497843605,0.785153887473489,0.0,62046.08
0.14594469999428838,62056.35,3.26,0.13844032249900046,0.01740529949951451,0.7854122114940314,0.0,62056.35
0.1461783999984618,62231.22,3.27,0.13848121999973081,0.01742516399986925,0.7856564279983925,0.0,62056.35
0.1464134999841917,62107.72,3.27,0.13852236249723354,0.01744514749865629,0.7859021074834803,0.0,62056.35
0.1466498999798204,62128.28,3.27,0.13856373249646856,0.01746524149828473,0.7861491454789123,0.0,62056.35
0.1468964999949094,62087.16,3.26,0.13860688749910913,0.017486202499567297,0.7864068424946803,0.0,62056.35
0.1471269999747164,62056.35,3.26,0.13864722499557536,0.01750579499785089,0.7866477149735787,0.0,62056.35
0.14735619997372848,62190.01,3.27,0.13868733499540248,0.017525276997766917,0.7868872289725463,0.0,62056.35
0.1475875999894924,61953.78,3.26,0.13872782999816116,0.01754494599910685,0.7871290419890196,0.0,62056.35
0.1478169999900274,62025.56,3.26,0.13876797499825477,0.017564444999152325,0.7873687649895786,0.0,62035.82
0.14804779997211878,62035.82,3.26,0.13880836499512078,0.017584062997630094,0.7876099509708642,0.0,62035.82
0.14827719997265368,62015.29,3.26,0.1388485099952144,0.01760356199767556,0.7878496739714231,0.0,62035.82
0.1485082999861333,61984.53,3.26,0.13888895249757333,0.017623205498821327,0.7880911734855093,0.0,62025.56
0.1487379999889526,62159.14,3.27,0.1389291499980667,0.01764272999906097,0.7883312099884554,0.0,62025.56
0.14896949997637418,62005.04,3.26,0.13896966249586548,0.017662407497991802,0.788573127475311,0.0,62025.56
0.14919899997767058,62035.82,3.26,0.13900982499609235,0.017681914998101997,0.7888129549766657,0.0,62035.82
0.1494299999903887,62056.35,3.26,0.13905024999831803,0.017701549999183035,0.7890543499899562,0.0,62025.56
0.1496588999871164,62025.56,3.26,0.13909030749774537,0.01772100649890489,0.7892935504865366,0.0,62025.56
0.1499050999991595,62035.82,3.26,0.1391333924998529,0.017741933499928555,0.7895508294991217,0.0,62025.56
0.15013999998336658,62025.56,3.26,0.13917449999708914,0.017761899998586156,0.789796299982618,0.0,62025.56
0.1503761999774724,62076.89,3.26,0.13921583499605766,0.01778197699808515,0.7900431289764587,0.0,62025.56
0.15061259997310109,62015.29,3.26,0.13925720499529268,0.01780207099771359,0.7902901669718906,0.0,62025.56
0.15084729998488908,61964.03,3.26,0.13929827749735557,0.01782202049871557,0.7905354284842091,0.0,62025.56
0.1510961999883875,61974.28,3.26,0.13934183499796782,0.017843176999012934,0.790795528987865,0.0,62025.56
0.1513445999880787,62046.08,3.26,0.13938530499791377,0.017864290998986686,0.7910551069875422,0.0,62025.56
0.15158219999284478,62025.56,3.26,0.13942688499874784,0.017884486999391803,0.7913033989925228,0.0,62025.56
0.15182999998796728,62056.35,3.26,0.13947024999789426,0.017905549998977217,0.7915623499874258,0.0,62025.56
0.15205589999095528,61974.28,3.26,0.13950978249841717,0.017924751499231197,0.7917984154905483,0.0,62046.08
0.152284799987683,61943.53,3.26,0.1395498399978445,0.01794420799895305,0.7920376159871287,0.0,62056.35
0.1526138999906834,62066.62,3.26,0.1396074324983696,0.017972181499208085,0.7923815254902642,0.0,62066.62
0.15284519997658208,62097.44,3.26,0.13964790999590185,0.01799184199800947,0.7926232339755283,0.0,62066.62
0.1530780999746639,62107.72,3.27,0.1396886674955662,0.018011638497846427,0.7928666144735238,0.0,62066.62
0.15331039999728088,62117.99,3.27,0.13972931999952415,0.01803138399976887,0.7931093679971585,0.0,62066.62
0.1535440999723505,62066.62,3.26,0.13977021749516133,0.01805124849764979,0.7933535844711063,0.0,62066.62
0.1537741999782156,62076.89,3.26,0.13981048499618773,0.018070806998148323,0.7935940389772352,0.0,62066.62
0.1540256000007502,62056.35,3.26,0.1398544800001313,0.018092176000063763,0.793856752000784,0.0,62056.35
0.154260899988003,61964.03,3.26,0.1398956574979005,0.01811217649898025,0.7941026404874632,0.0,62056.35
0.15449859999353058,62005.04,3.26,0.13993725499886783,0.018132380999450096,0.7943510369932395,0.0,62056.35
0.15473329997621468,61943.53,3.26,0.13997832749583755,0.018152330497978243,0.7945962984751443,0.0,62056.35
0.1549807999981567,62056.35,3.26,0.14002163999967743,0.018173367999843315,0.7948549359980738,0.0,62035.82
0.1552107999741565,62015.29,3.26,0.1400618899954774,0.018192917997803298,0.7950952859729935,0.0,62035.82
0.1554413999838289,62035.82,3.26,0.14010224499717006,0.01821251899862545,0.7953362629831012,0.0,62035.82
0.1556708999851253,62076.89,3.26,0.14014240749739693,0.018232026498735645,0.7955760904844559,0.0,62056.35
0.1559018999978434,62097.44,3.26,0.1401828324996226,0.018251661499816687,0.7958174854977463,0.0,62076.89
0.1561316000006627,62015.29,3.26,0.14022303000011596,0.018271186000056325,0.7960575220006926,0.0,62087.16
0.15636319998884568,62097.44,3.26,0.140263559998048,0.01829087199905188,0.7962995439883437,0.0,62087.16
0.15659339999547228,62087.16,3.26,0.14030384499920764,0.01831043899961514,0.7965401029952686,0.0,62087.16
0.1568371999892406,62087.16,3.26,0.1403465099981171,0.018331161999085445,0.7967948739887564,0.0,62087.16
0.1570890999864787,62303.42,3.27,0.14039059249763375,0.018352573498850683,0.7970581094858702,0.0,62087.16
0.1573266999912448,62097.44,3.26,0.14043217249846784,0.018372769499255804,0.7973064014908509,0.0,62056.35
0.1575650999729987,62035.82,3.26,0.14047389249527475,0.018393033497704884,0.7975555294717837,0.0,62087.16
0.1578018000000156,62056.35,3.26,0.14051531500000272,0.01841315300000132,0.7978028810000163,0.0,62087.16
0.1580401999817695,62035.82,3.26,0.14055703499680966,0.018433416998450403,0.7980520089809491,0.0,62056.35
0.1582765999773983,61933.3,3.26,0.1405984049960447,0.01845351099807885,0.7982990469763812,0.0,62056.35
0.1585153999913018,61923.05,3.26,0.1406401949984778,0.018473808999260648,0.7985485929909104,0.0,62056.35
0.15875099998083889,62117.99,3.27,0.1406814249966468,0.018493834998371303,0.7987947949799766,0.0,62046.08
0.158989699993981,62117.99,3.27,0.14072319749894666,0.01851412449948838,0.7990442364937101,0.0,62046.08
0.1592257999873254,62046.08,3.26,0.14076451499778195,0.018534192998922654,0.799290960986755,0.0,62046.08
0.159489499987103,62159.14,3.27,0.14081066249774302,0.01855660749890375,0.7995665274865227,0.0,62046.08
0.1597252999781631,62097.44,3.26,0.14085192749617853,0.01857665049814386,0.7998129384771804,0.0,62046.08
0.159963299985975,62046.08,3.26,0.1408935774975456,0.01859688049880787,0.8000616484853439,0.0,62046.08
0.16019469997263508,62005.04,3.26,0.14093309899534795,0.018590265001368247,0.8002898324733192,0.0,62046.08
0.16043099999660618,62015.29,3.26,0.14097326999942303,0.01857845000016969,0.8005202249966911,0.0,62046.08
0.16066639998462048,61851.44,3.26,0.14101328799738547,0.018566680000768977,0.800749739985005,0.0,62066.62
0.16091539998888038,62076.89,3.26,0.14105561799810964,0.01855423000055598,0.8009925149891584,0.0,62046.08
0.1611459999985527,62005.04,3.26,0.14109481999975396,0.018542700000072364,0.8012173499985888,0.0,62046.08
0.1613797999743838,62066.62,3.26,0.14113456599564525,0.01853101000128081,0.8014453049750242,0.0,62046.08
0.1616101999825332,62076.89,3.26,0.14117373399703065,0.01851949000087334,0.8016699449829698,0.0,62066.62
0.1618429999798536,62076.89,3.26,0.1412133099965751,0.01850785000100732,0.8018969249803573,0.0,62076.89
0.162073399988003,61830.99,3.26,0.1412524779979605,0.018496330000599852,0.8021215649883029,0.0,62076.89
0.16230989998439319,62138.56,3.27,0.14129268299734685,0.018484505000780343,0.8023521524847833,0.0,62076.89
0.16264879997470408,62046.08,3.26,0.14135029599569968,0.018467560001264798,0.8026825799753364,0.0,62076.89
0.1629001999972388,62076.89,3.26,0.1413930339995306,0.01845499000013806,0.8029276949973078,0.0,62076.89
0.16313639999134458,62107.72,3.27,0.14143318799852858,0.018443180000432772,0.803157989991561,0.0,62076.89
0.1633924999914597,61892.35,3.26,0.14147672499854813,0.018430375000427015,0.8034076874916732,0.0,62076.89
0.16364229997270738,62076.89,3.26,0.14151919099536026,0.018417885001364633,0.8036512424733897,0.0,62076.89
0.1638971999927889,62035.82,3.26,0.14156252399877411,0.018405140000360556,0.8038997699929692,0.0,62046.08
0.16416619997471568,62107.72,3.27,0.14160825399570165,0.018391690001264217,0.8041620449753478,0.0,62056.35
0.1644027999718673,62076.89,3.26,0.14164847599521743,0.018379860001406637,0.8043927299725706,0.0,62056.35
0.1646345999906771,61994.78,3.26,0.1416878819984151,0.018368270000466147,0.8046187349909102,0.0,62056.35
0.16486789999180468,62035.82,3.26,0.1417275429986068,0.018356605000409768,0.8048462024920096,0.0,62056.35
0.165098899975419,62005.04,3.26,0.14176681299582122,0.01834505500122905,0.8050714274760336,0.0,62056.35
0.16533289998187678,62056.35,3.26,0.14180659299691906,0.018333355000906163,0.8052995774823298,0.0,62056.35
0.16556549997767428,62087.16,3.26,0.14184613499620463,0.018321725001116288,0.8055263624782324,0.0,62035.82
0.1658131000003777,62076.89,3.26,0.1418882270000642,0.018309344999981117,0.8057677725003682,0.0,62015.29
0.1660482999868691,62015.29,3.26,0.14192821099776773,0.018297585000656546,0.8059970924871973,0.0,62035.82
0.1662866999977268,62066.62,3.26,0.14196873899961354,0.018285665000113662,0.8062295324977836,0.0,62025.56
0.1665227999910712,61974.28,3.26,0.1420088759984821,0.01827386000044644,0.8064597299912944,0.0,62056.35
0.1667584999813698,62005.04,3.26,0.14204894499683285,0.01826207500093151,0.8066895374818356,0.0,62025.56
0.16699619998689738,61974.28,3.26,0.14208935399777256,0.01825019000065513,0.806921294987225,0.0,62015.29
0.1672326999832876,62056.35,3.26,0.1421295589971589,0.018238365000835623,0.8071518824837054,0.0,62015.29
0.1674698999850079,62025.56,3.26,0.14216988299745134,0.018226505000749606,0.8073831524853827,0.0,62025.56
0.1677058999775909,62076.89,3.26,0.14221000299619044,0.018214705001120456,0.8076132524781511,0.0,62025.56
0.16795499998261218,61933.3,3.26,0.14225234999704406,0.01820225000086939,0.8078561249830468,0.0,62025.56
0.1681861999968532,62015.29,3.26,0.14229165399946503,0.018190690000157342,0.8080815449969319,0.0,62025.56
0.1684193999972194,62035.82,3.26,0.1423312979995273,0.018179030000139033,0.8083089149972889,0.0,62035.82
0.16864949997398068,62097.44,3.26,0.1423704149955767,0.018167525001300967,0.8085332624746312,0.0,62025.56
0.1688927999930456,62076.89,3.26,0.14241177599881774,0.01815536000034772,0.8087704799932194,0.0,62015.29
0.1691267999995034,61943.53,3.26,0.14245155599991557,0.018143660000024833,0.8089986299995158,0.0,62015.29
0.1693642999744042,61984.53,3.26,0.14249193099564872,0.018131785001279793,0.809230192475044,0.0,62015.29
0.1696009000006597,62159.14,3.27,0.14253215300011216,0.018119954999967016,0.8094608775006432,0.0,62035.82
0.1698393999831751,62015.29,3.26,0.14257269799713976,0.018108030000841248,0.8096934149835957,0.0,62025.56
0.1700762999826111,62015.29,3.26,0.14261297099704387,0.018096185000869448,0.8099243924830458,0.0,62025.56
0.17031589997350238,62076.89,3.26,0.1426537029954954,0.018084205001324884,0.8101580024741648,0.0,62025.56
0.17055239999899638,61933.3,3.26,0.1426939079998294,0.018072380000050185,0.8103885899990214,0.0,62025.56
0.1707926999952178,62056.35,3.26,0.14273475899918703,0.018060365000239113,0.8106228824953373,0.0,62025.56
0.17102989999693818,62025.56,3.26,0.1427750829994795,0.018048505000153092,0.8108541524970148,0.0,62025.56
0.17127489999984388,62025.56,3.26,0.14281673299997347,0.018036255000007807,0.8110930274998478,0.0,62025.56
0.1715108999924268,62117.99,3.27,0.14285685299871256,0.01802445500037866,0.8113231274926161,0.0,62025.56
0.1717487999994773,62076.89,3.26,0.14289729599991113,0.01801256000002614,0.8115550799994903,0.0,62025.56
0.1719833999814,61994.78,3.26,0.142937177996838,0.01800083000093,0.8117838149818649,0.0,62056.35
0.17222389997914428,62015.29,3.26,0.14297806299645452,0.017988805001042787,0.8120183024796657,0.0,62035.82
0.17252449999796218,62015.29,3.26,0.14302916499965357,0.01797377500010189,0.8123113874980131,0.0,62035.82
0.17276059999130658,62076.89,3.26,0.1430693019985221,0.017961970000434674,0.8125415849915238,0.0,62035.82
0.17299609998008228,62066.62,3.26,0.143109336996614,0.01795019500099589,0.8127711974805802,0.0,62035.82
0.17323559999931598,62056.35,3.26,0.1431500519998837,0.017938220000034203,0.813004709999333,0.0,62035.82
0.1734689999721013,62035.82,3.26,0.14318972999525723,0.017926550001394936,0.8132322749727987,0.0,62056.35
0.17376669999794098,61984.53,3.26,0.14324033899964997,0.017911665000102953,0.8135225324979924,0.0,62056.35
0.1740754999918863,61964.03,3.26,0.14329283499862067,0.017896225000405688,0.8138236124920891,0.0,62056.35
0.17431299999589098,62148.85,3.27,0.14333320999930146,0.017884350000205454,0.8140551749959937,0.0,62056.35
0.1745494999922812,62056.35,3.26,0.1433734149986878,0.01787252500038594,0.8142857624924741,0.0,62056.35
0.17478760000085458,62056.35,3.26,0.1434138920001453,0.017860619999957274,0.8145179100008332,0.0,62056.35
0.1750231999903917,62025.56,3.26,0.14345394399836658,0.01784884000048042,0.8147476199906318,0.0,62056.35
0.1752595999860204,62076.89,3.26,0.14349413199762348,0.017837020000698985,0.8149781099863699,0.0,62056.35
0.1754949999740347,62117.99,3.27,0.1435341499955859,0.017825250001298268,0.8152076249746838,0.0,62066.62
0.1757722999900579,62066.62,3.26,0.14358129099830985,0.01781138500049711,0.8154779924903064,0.0,62056.35
0.1760110999748576,61923.05,3.26,0.14362188699572578,0.017799445001257123,0.8157108224754861,0.0,62056.35
0.1762495999864768,61974.28,3.26,0.14366243199770107,0.01778752000067616,0.8159433599868149,0.0,62046.08
0.1764856999798212,62087.16,3.26,0.1437025689965696,0.017775715001008944,0.8161735574803256,0.0,62046.08
0.17672269998001858,62128.28,3.27,0.14374285899660316,0.017763865000999073,0.8164046324805181,0.0,62035.82
0.17695850000018248,62046.08,3.26,0.14378294500003103,0.017752074999990878,0.8166345375001779,0.0,62035.82
0.17719499999657268,61984.53,3.26,0.14382314999941737,0.01774025000017137,0.8168651249966583,0.0,62035.82
0.1774317999952472,61994.78,3.26,0.14386340599919203,0.017728410000237643,0.8170960049953659,0.0,62035.82
0.17766339998343028,62035.82,3.26,0.14390277799718315,0.01771683000082849,0.8173218149838445,0.0,62046.08
0.1778993999760132,61964.03,3.26,0.14394289799592225,0.017705030001199343,0.8175519149766128,0.0,62035.82
0.17813439999008548,62046.08,3.26,0.14398284799831454,0.017693280000495727,0.8177810399903332,0.0,62035.82
0.1783717999933287,62035.82,3.26,0.1440232059988659,0.017681410000333568,0.8180125049934954,0.0,62035.82
0.1786069999798201,62097.44,3.26,0.14406318999656942,0.017669650001008997,0.8182418249803245,0.0,62035.82
0.1788434999762103,62128.28,3.27,0.14410339499595576,0.017657825001189488,0.818472412476805,0.0,62035.82
0.17907769998419099,61923.05,3.26,0.14414320899731248,0.017646115000790455,0.8187007574845862,0.0,62046.08
0.1793148999859113,62066.62,3.26,0.14418353299760492,0.017634255000704438,0.8189320274862635,0.0,62046.08
0.1795506999769713,62076.89,3.26,0.14422361899608513,0.01762246500115144,0.819161932477547,0.0,62035.82
0.17978769997716879,62005.04,3.26,0.14426390899611868,0.017610615001141566,0.8193930074777395,0.0,62035.82
0.18002149998210368,62035.82,3.26,0.14430333249722607,0.01760225749812088,0.8196197799835353,0.0,62035.82
0.1802583999815397,62200.32,3.27,0.14434005199713865,0.017627131998061665,0.8198377279830165,0.0,62035.82
0.18049229998723598,62015.29,3.26,0.14437630649802158,0.017651691498659774,0.820052915988257,0.0,62035.82
0.1807296999904792,62035.82,3.26,0.1444131034985243,0.01767661849900031,0.8202713239912408,0.0,62035.82
0.1809639999992214,62005.04,3.26,0.1444494199998793,0.017701219999918243,0.8204868799992836,0.0,62035.82
0.1812009999994188,62066.62,3.26,0.1444861549999099,0.017726104999938968,0.8207049199994653,0.0,62035.82
0.18143539997981858,61964.03,3.26,0.1445224869968719,0.017750716997880948,0.8209205679814331,0.0,62035.82
0.1816732999868691,62066.62,3.26,0.14455936149796472,0.01777569649862125,0.8211394359879195,0.0,62035.82
0.1819088999764062,62025.56,3.26,0.14459587949634295,0.017800434497522645,0.8213561879782937,0.0,62035.82
0.18214979997719638,62035.82,3.26,0.14463321899646545,0.017825728997605615,0.8215778159790206,0.0,62025.56
0.1824272999947425,62015.29,3.26,0.1446762314991851,0.01785486649944796,0.8218331159951631,0.0,62025.56
0.1826645999972243,62200.32,3.27,0.14471301299956976,0.017879782999708545,0.8220514319974462,0.0,62025.56
0.18289939998066979,62035.82,3.26,0.1447494069970038,0.017904436997970324,0.8222674479822162,0.0,62025.56
0.1831366999831516,62025.56,3.26,0.1447861884973885,0.017929353498230913,0.8224857639844995,0.0,62025.56
0.1833723999734502,62025.56,3.26,0.14482272199588478,0.017954101997212268,0.8227026079755742,0.0,62035.82
0.18360669998219228,61984.53,3.26,0.1448590384972398,0.017978703498130185,0.8229181639836168,0.0,62035.82
0.18385569998645218,61984.53,3.26,0.14489763349790008,0.018004848498577475,0.8231472439875359,0.0,62035.82
0.18408549999003299,62148.85,3.27,0.14493325249845512,0.01802897749895346,0.8233586599908302,0.0,62035.82
0.1843162999721244,62056.35,3.26,0.14496902649567928,0.018053211497073056,0.8235709959743543,0.0,62025.56
0.1845469999825582,62107.72,3.27,0.14500478499729652,0.018077434998168607,0.8237832399839535,0.0,62035.82
0.1847783999983221,62128.28,3.27,0.14504065199973992,0.018101731999823817,0.8239961279984562,0.0,62035.82
0.18500779999885708,62035.82,3.26,0.14507620899982285,0.01812581899987999,0.8242071759989484,0.0,62056.35
0.18523929998627858,61974.28,3.26,0.14511209149787319,0.018150126498559245,0.8244201559873763,0.0,62056.35
0.18546359997708348,62005.04,3.26,0.14514685799644794,0.01817367799759376,0.8246265119789168,0.0,62035.82
0.1856946999905631,62066.62,3.26,0.14518267849853728,0.01819794349900912,0.824839123991318,0.0,62035.82
0.1859421999834012,62025.56,3.26,0.1452210409974272,0.01822393099825712,0.8250668239847291,0.0,62025.56
0.18617939998512148,62076.89,3.26,0.14525780699769383,0.01824883699843775,0.8252850479863117,0.0,62025.56
0.1864136999938637,62005.04,3.26,0.14529412349904888,0.018273438499355685,0.8255006039943545,0.0,62025.56
0.1866495999856852,62035.82,3.26,0.1453306879977812,0.018298207998496942,0.8257176319868303,0.0,62025.56
0.1868839999951888,61974.28,3.26,0.14536701999925425,0.018322819999494817,0.8259332799955736,0.0,62025.56
0.1872489999805111,62025.56,3.26,0.1454235949969792,0.01836114499795366,0.8262690799820701,0.0,62025.56
0.1874844999983906,62025.56,3.26,0.14546009749975053,0.018385872499831007,0.8264857399985193,0.0,62025.56
0.1877208999940194,62056.35,3.26,0.14549673949907302,0.01841069449937203,0.8267032279944978,0.0,62025.56
0.1879680999845732,62015.29,3.26,0.14553505549760884,0.01843665049838018,0.8269306519858073,0.0,62025.56
0.18822039998485698,62179.72,3.27,0.14557416199765283,0.01846314199840998,0.8271627679860684,0.0,62025.56
0.18845739998505448,61994.78,3.26,0.14561089699768345,0.018488026998430714,0.82738080798625,0.0,62035.82
0.1886945999867748,62025.56,3.26,0.1456476629979501,0.018512932998611346,0.8275990319878327,0.0,62056.35
0.1889404999965336,62066.62,3.26,0.1456857774994627,0.018538752499636022,0.8278252599968108,0.0,62066.62
0.1891747999761719,62159.14,3.27,0.14572209399630665,0.018563353997498044,0.8280408159780781,0.0,62066.62
0.1894044999789912,62076.89,3.26,0.14575769749674364,0.01858747249779407,0.8282521399806718,0.0,62076.89
0.1896368999732658,62035.82,3.26,0.1457937194958562,0.018611874497192902,0.8284659479754045,0.0,62066.62
0.18986229997244658,62128.28,3.27,0.1458286564957292,0.018635541497106885,0.8286733159746508,0.0,62066.62
0.190093799988972,62087.16,3.26,0.14586453899829066,0.018659848998842054,0.8288862959898542,0.0,62066.62
0.1903424999909475,61984.53,3.26,0.14590308749859687,0.01868596249904948,0.8291150999916717,0.0,62076.89
0.19063249998725948,62087.16,3.26,0.1459480374980252,0.018716412498662238,0.8293818999882786,0.0,62076.89
0.20065649997559368,61984.53,3.26,0.14749847499633906,0.01968358750061016,0.8385842849782783,0.0,62046.08
0.21304849997977718,61943.53,3.26,0.14935727499696658,0.019373787500505567,0.8496131649820017,0.0,62046.08
0.22544059998472218,62015.29,3.26,0.15121608999770833,0.0194448269993125,0.8605877279865556,0.0,62046.08
0.23768989997915918,62076.89,3.26,0.15305348499687388,0.019996045499062164,0.8713671119816601,0.0,62015.29
0.25012559999595396,62179.72,3.27,0.15496946799937286,0.02025188399993931,0.8826649239962979,0.0,62046.08
0.2622956999985035,62046.08,3.26,0.15687879049975306,0.02041147849999252,0.8939268289985485,0.0,62046.08
0.27425449999282137,62015.29,3.26,0.15885199249881551,0.020471272499964107,0.9055268649930367,0.0,62056.35
0.2866472999739926,62056.35,3.26,0.1609632774954487,0.02073265549908974,0.9178470094736024,0.0,62056.35
0.2948784999898635,61984.53,3.26,0.1624037374982261,0.02102074749964522,0.9262016774897114,0.0,62056.35
0.3071153999771923,62066.62,3.26,0.16454519499600864,0.02144903899920173,0.9388355929761659,0.0,62046.08
0.3194963999849278,62066.62,3.26,0.16671186999736234,0.02188237399947247,0.9517737379842495,0.0,62035.82
0.3316347999789286,62087.16,3.26,0.16889426399620713,0.021376434000948217,0.9644001919780857,0.0,62035.82
0.34396369999740267,62035.82,3.26,0.17107382899955845,0.02131709599979221,0.9771429739973506,0.0,62035.82
0.3563334999780636,61964.03,3.26,0.1731766949962708,0.022306679998245076,0.9897601699776248,0.0,62035.82
0.3685912999790162,62025.56,3.26,0.17526052099643274,0.022299304500734436,1.0020912999790161,0.0,62035.82
0.3812191999750212,62035.82,3.26,0.17740116799587846,0.021997535998001683,1.0146765279758954,0.0,62035.82
0.39328639997984277,62005.04,3.26,0.17939225599667402,0.02296291199838741,1.026321375980548,0.0,62025.56
0.405894099996658,61994.78,3.26,0.18144305599946525,0.023323177000100264,1.0383699244968416,0.0,62005.04
0.4186492999724578,62035.82,3.26,0.18348388799559326,0.022940521000826265,1.0504235884739728,0.0,62005.04
0.43047069999738596,62138.56,3.27,0.18537531199958177,0.02358059549983009,1.0616995184975038,0.0,62005.04
0.4426154999819118,61943.53,3.26,0.1873184799971059,0.0242,1.073258569982997,0.0,62005.04
0.4543918999843299,62005.04,3.26,0.18920270399749278,0.0242,1.0843283859852701,0.0,62005.04
0.4641145999776199,61994.78,3.26,0.19075833599641917,0.024261718999664297,1.0934265779791865,0.0,62025.56
0.47628699999768287,62025.56,3.26,0.19270591999962927,0.024444304999965243,1.104746909997845,0.0,62025.56
0.4885421999788377,61984.53,3.26,0.1947094629965082,0.02479897699925932,1.1164859339794726,0.0,62025.56
0.5010032999853138,62046.08,3.26,0.1967755774974299,0.02520501649992657,1.12862336598502,0.0,62025.56
0.5120607999851927,62035.82,3.26,0.19871063999740873,0.025260303999925963,1.1399020159848965,0.0,62025.56
0.5241863999981433,62066.62,3.26,0.20083261999967508,0.02536279599997215,1.1523119919980875,0.0,62025.56
0.5364259999769274,62025.56,3.26,0.2029745499959623,0.02554638999965391,1.1649187799762353,0.0,62025.56
0.549152999999933,62066.62,3.26,0.2051560099999886,0.025874589999997987,1.1777987649999326,0.0,62025.56
0.5612725999963004,62015.29,3.26,0.20720361599940804,0.026219088999944507,1.189915332996467,0.0,62035.82
0.5736264000006486,61984.53,3.26,0.20918022400010375,0.02640439600000973,1.2017132120006193,0.0,62035.82
0.5854874999786261,62035.82,3.26,0.21107799999658017,0.026884124998503824,1.2129308124800153,0.0,62035.82
0.5976380999782123,62025.56,3.26,0.21302209599651395,0.027734666998474853,1.2242916234796284,0.0,62025.56
0.6099698999896646,62015.29,3.26,0.21504503349829465,0.02770060200020671,1.2361209534900262,0.0,62025.56
0.6184683999745175,62046.08,3.26,0.21644728599579538,0.02753063200050965,1.2443220059754094,0.0,62015.29
0.6310054999776185,62128.28,3.27,0.21857093499619512,0.02777513749944046,1.2567504724777303,0.0,62015.29
0.6433015999791678,62056.35,3.26,0.2206612719964585,0.028033015999791678,1.2690181079790637,0.0,62025.56
0.6557977999909781,61943.53,3.26,0.2227856259984663,0.02815797799990978,1.281576788990933,0.0,62015.29
0.6682804999873042,61841.22,3.26,0.22494908749777826,0.028572622499428692,1.294287512486987,0.0,62015.29
0.6812158999964595,62015.29,3.26,0.22721278249938043,0.029087841000035405,1.3075523769963533,0.0,62005.04
0.6922933999740053,61964.03,3.26,0.22915134499545095,0.028977066000259948,1.3189622019732254,0.0,61964.03
0.7046946999907959,62035.82,3.26,0.23129809899843531,0.028993893999815917,1.3316885939906118,0.0,61964.03
0.7170504999812692,62005.04,3.26,0.23339858499681576,0.029241009999625384,1.3442915099808945,0.0,61964.03
0.7295230999880005,61953.78,3.26,0.2355189269979601,0.0293,1.3566802534881806,0.0,62005.04
0.7420041999721434,61943.53,3.26,0.23762067199554296,0.02939018899874645,1.368914010973397,0.0,62005.04
0.7539467999886256,61892.35,3.26,0.23953148799818008,0.02992760599948815,1.3803191939891375,0.0,62005.04
0.7660150999727193,62076.89,3.26,0.2414624159956351,0.030049622500682018,1.3917842694742197,0.0,62005.04
0.7754656999895815,62015.29,3.26,0.24297451199833303,0.029813357500260464,1.4007150864901545,0.0,62005.04
0.7874693999765441,62293.1,3.27,0.24485775699636433,0.030110816998709922,1.4117971539786551,0.0,62015.29
0.7999180999759119,61902.58,3.26,0.24678730549626632,0.030795495498675152,1.4231254709780798,0.0,62015.29
0.8122596999746747,62076.89,3.26,0.24870025349607458,0.03055480600050651,1.4341111329774605,0.0,62015.29
0.8245077999890782,62005.04,3.26,0.25057616999836174,0.03071554599923547,1.4450795589901158,0.0,62025.56
0.8355590999999549,62015.29,3.26,0.25223386499999323,0.03148913699999684,1.4550809854999591,0.0,62015.29
0.848068899998907,62025.56,3.26,0.25423136849981964,0.03184034449999453,1.4668864884989452,0.0,62015.29
0.8605007999867667,61810.55,3.26,0.2562876399976841,0.03190500799986766,1.4789158239863696,0.0,62005.04
0.8729149999853689,62035.82,3.26,0.25846012499743953,0.032029149999853686,1.4917024499849298,0.0,62005.04
0.8858239999972284,62035.82,3.26,0.2607774399994872,0.032274719999916844,1.5052607999970204,0.0,62005.04
0.8976327999844216,61964.03,3.26,0.26296206799711797,0.032628983999532644,1.517955259983253,0.0,62015.29
0.9097388999944087,61912.82,3.26,0.26525039099893766,0.03260261100005592,1.5313101789937935,0.0,62015.29
0.9217969999881461,61882.11,3.26,0.26753244499780704,0.0325,1.5446856849869015,0.0,61994.78
0.9301541999739129,61994.78,3.26,0.2690785269951739,0.0325,1.5539203909711738,0.0,61994.78
0.9422035999887157,62015.29,3.26,0.27128562999802525,0.03259916199949221,1.5670586899884336,0.0,61974.28
0.9553545999806375,62087.16,3.26,0.27358705499661157,0.03319095699912869,1.5805384649801535,0.0,61974.28
0.9678656999894882,62066.62,3.26,0.27561918349837067,0.03308537200042047,1.5925757724902765,0.0,61974.28
0.9791731999721379,61861.67,3.26,0.2773718459956814,0.03263307200111448,1.6030352099742275,0.0,61994.78
0.9911251999728847,61964.03,3.26,0.27916877999593276,0.03332313799823751,1.6134232979765453,0.0,61994.78
1.0035340999893378,61974.28,3.26,0.28101244449845403,0.03386465900010662,1.6241569964907772,0.0,61994.78
1.0158950999903027,61994.78,3.26,0.2828047894985939,0.03374104900009697,1.634849261491612,0.0,61974.28
1.0281171999813523,61943.53,3.26,0.2846581659971096,0.034024687999254094,1.6456648939833103,0.0,61964.03
1.0407184999785386,62025.56,3.26,0.28661136749667343,0.034503592499892696,1.6569717974799336,0.0,61964.03
1.052783899998758,61994.78,3.26,0.2884815044998075,0.03456391949999379,1.6682529464988387,0.0,61974.28
1.0652785999991465,61841.22,3.26,0.2904709689998592,0.03470557199998293,1.6800938489991764,0.0,61984.53
1.077263999992283,61943.53,3.26,0.2924485599987267,0.03494527999984566,1.691659759992553,0.0,61994.78
1.0894912999938242,61943.53,3.26,0.29456097749891924,0.03504745649996912,1.7039811259937006,0.0,61994.78
1.0977196999883745,62046.08,3.26,0.2960009474979655,0.03508859849994187,1.7123740939881418,0.0,61994.78
1.1098812999844088,62015.29,3.26,0.2982280404971156,0.03529762599968817,1.7253718039831614,0.0,61984.53
1.1224488999869209,61984.53,3.26,0.3005530464975803,0.03546326650019618,1.7390060344855474,0.0,61984.53
1.1348863999883179,62005.04,3.26,0.3028539839978388,0.035276704000175234,1.752749471987091,0.0,61984.53
1.1472063999972306,62046.08,3.26,0.3051331839994877,0.03552428799987538,1.7662549759969812,0.0,61984.53
1.1598786999820732,61892.35,3.26,0.30747755949668354,0.0360945414991933,1.7800677829804599,0.0,61994.78
1.1715007999737281,61790.14,3.26,0.30957014399527105,0.03615750399986864,1.7922183359725459,0.0,61984.53
1.183877499977825,61994.78,3.26,0.3117397874963411,0.036432649998669506,1.8048805624783792,0.0,61984.53
1.1962314999836963,61933.3,3.26,0.3137781974973099,0.037173889999021784,1.8169257124841038,0.0,61964.03
1.2097274999832734,61984.53,3.26,0.315859124997491,0.03701090000066906,1.8292088374851971,0.0,61964.03
1.220486099977279,62138.56,3.27,0.3174704844967055,0.03662430499886395,1.8387156154805737,0.0,61964.03
1.233310799987521,61871.89,3.26,0.3193300659981905,0.037265539999376054,1.8496807339893304,0.0,61964.03
1.2452714999963064,61964.03,3.26,0.3210907249994459,0.0375209275000554,1.860012562496768,0.0,61984.53
1.2544500999792945,61943.53,3.26,0.32246751499689413,0.037383248500310585,1.8680438374818826,0.0,61964.03
1.2655595999967773,62046.08,3.26,0.3241617379995005,0.037355595999967774,1.8780704279970029,0.0,61964.03
1.278192499972647,62190.01,3.27,0.3261198374957603,0.03748192499972647,1.8898190249745617,0.0,61964.03
1.2902733999944758,61964.03,3.26,0.3281464779990609,0.03816777099964092,1.9015679319945862,0.0,61943.53
1.302569899999071,62015.29,3.26,0.33023688299984205,0.038812849499995354,1.9137341474990477,0.0,61943.53
1.314785499998834,61943.53,3.26,0.33231353499980176,0.03887392749999417,1.9262551374988048,0.0,61943.53
1.32693979999749,61943.53,3.26,0.3344838629995356,0.0389693979999749,1.9389908869973267,0.0,61943.53
1.339252799982205,61912.82,3.26,0.3367617679967079,0.03909252799982205,1.9521042319810484,0.0,61943.53
1.3516097999818157,61882.11,3.26,0.3389897639967268,0.0391,1.9653224859805427,0.0,61912.82
1.3639313999738079,61851.44,3.26,0.34118799499541635,0.039041029000392885,1.978368998972891,0.0,61912.82
1.376841899997089,61902.58,3.26,0.34344733249949055,0.038847371500043665,1.9917313664969871,0.0,61912.82
1.388876799988793,61892.35,3.26,0.3454646719981508,0.03933260799932757,2.003699263989017,0.0,61912.82
1.4003354999877047,61953.78,3.26,0.34735535749797125,0.039996645000122955,2.0149220799881964,0.0,61902.58
1.4090880999865476,61749.31,3.26,0.34879953649778034,0.039909119000134524,2.0233245759870857,0.0,61892.35
1.4214581999985967,61964.03,3.26,0.35084060299976844,0.03987290999992983,2.0352071629986455,0.0,61902.58
1.4336884999938775,61964.03,3.26,0.35285860249898976,0.04048442499969387,2.0470094024940915,0.0,61923.05
1.4464386999898124,61964.03,3.26,0.35496238549831904,0.040445871500560324,2.059313345490169,0.0,61933.3
1.4591425999824423,61830.99,3.26,0.357058528997103,0.039747157000965684,2.0715726089830566,0.0,61953.78
1.4716014999721665,61800.35,3.26,0.3590562399955466,0.04045409749819081,2.083421424973558,0.0,61933.3
1.4839483999821823,61933.3,3.26,0.36103174399714916,0.04096051600017818,2.095111495983251,0.0,61964.03
1.495998200000031,61923.05,3.26,0.3629597120000049,0.04084001799999969,2.106438308000029,0.0,61933.3
1.508398499980103,61964.03,3.26,0.36498575249671694,0.04092597749970154,2.118304552480799,0.0,61923.05
1.5194249999767635,62035.82,3.26,0.36680512499616597,0.041091374999651445,2.1289451249775766,0.0,61923.05
1.5319393999816382,61923.05,3.26,0.3689296979968785,0.0411,2.14137970298173,0.0,61923.05
1.5440829999861307,61964.03,3.26,0.37099410999764226,0.04114082999986131,2.1535034149860617,0.0,61923.05
1.5562746999785302,61923.05,3.26,0.37306669899635014,0.041262746999785306,2.1657560734784234,0.0,61923.05
1.565407399990363,61902.58,3.26,0.3746192579983617,0.041489258999662715,2.174934436990315,0.0,61923.05
1.578030899981968,61974.28,3.26,0.3767652529969346,0.04193108149936889,2.187621054481878,0.0,61923.05
1.590456699981587,61800.35,3.26,0.3788253554969619,0.04220913399963174,2.1998998494818633,0.0,61902.58
1.6014108999806922,61923.05,3.26,0.38063279849681425,0.04237883650028962,2.2106403549816576,0.0,61902.58
1.6141247999912596,61902.58,3.26,0.38273059199855786,0.0421881280001311,2.2227185599916965,0.0,61902.58
1.6260461999918334,61902.58,3.26,0.3846673919986934,0.04240230999959167,2.234043889992242,0.0,61902.58
1.6385589999845251,61851.44,3.26,0.38666943999752407,0.04302794999922626,2.245931049985299,0.0,61902.58
1.6510302999813575,61882.11,3.26,0.388719999496924,0.042934545500279635,2.25794423948201,0.0,61902.58
1.6633895999984816,61902.58,3.26,0.39075928399974946,0.043003375999908895,2.269921807998512,0.0,61902.58
1.6761837999802083,61912.82,3.26,0.3928703269967344,0.043771027998812495,2.2824601239806044,0.0,61902.58
1.688248399994336,61830.99,3.26,0.3949022279990371,0.04404124199997168,2.2944071579943643,0.0,61902.58
1.7005413000006229,62005.04,3.26,0.3969920210001059,0.044121652000024915,2.3066440065006257,0.0,61912.82
1.7123192999861203,61943.53,3.26,0.39899428099764045,0.044592771999444815,2.318480896486051,0.0,61912.82
1.7240861999744084,61882.11,3.26,0.40099465399564943,0.04485913800025592,2.3303066309742806,0.0,61912.82
1.7337820999964606,61912.82,3.26,0.4026429569993983,0.044762179000035394,2.3400510104964427,0.0,61912.82
1.7449949999863748,62015.29,3.26,0.4045491499976837,0.04462507500020438,2.351294999986375,0.0,61892.35
1.7570556999999098,62015.29,3.26,0.40659946899998467,0.044444164500001354,2.36335569999991,0.0,61892.35
1.7693451999803076,61841.22,3.26,0.4086886839966523,0.04468035599940923,2.3755517479805044,0.0,61892.35
1.7819393999816382,61882.11,3.26,0.4108200009969703,0.04501939399981638,2.3879715209822807,0.0,61892.35
1.7941563999920618,61892.35,3.26,0.4128358059986902,0.045141563999920614,2.39976092599234,0.0,61902.58
1.8067257999791766,61871.89,3.26,0.41487612799666823,0.04536814499947941,2.411789509980218,0.0,61892.35
1.8195079999859447,61779.92,3.26,0.41692127999775114,0.04568769999964861,2.4239325999866472,0.0,61882.11
1.8318811999924947,61902.58,3.26,0.41890099199879915,0.046234653999662256,2.4357465459928322,0.0,61882.11
1.8439734999847135,61964.03,3.26,0.42085562749747774,0.0464807950004586,2.447334427485248,0.0,61892.35
1.855954799975734,61912.82,3.26,0.42283254199599607,0.04612135600072798,2.4588963819765834,0.0,61902.58
1.8680913999851327,61882.11,3.26,0.4248350809975469,0.04648548399910796,2.4706486579855786,0.0,61902.58
1.8798907999880612,61861.67,3.26,0.4267819819980301,0.04719344799928366,2.4820940759884196,0.0,61902.58
1.889314000000013,62046.08,3.26,0.4283833800000022,0.04696714999999967,2.4913277200000126,0.0,61912.82
1.9005386999924667,61984.53,3.26,0.43029157899871934,0.046708080499887,2.502344086992391,0.0,61912.82
1.9127713999769183,61933.3,3.26,0.43237113799607607,0.04689157099965377,2.514699113976687,0.0,61912.82
1.9249181999766736,61902.58,3.26,0.4344852759958012,0.04709836399953347,2.527164109975507,0.0,61902.58
1.937201399996411,61810.55,3.26,0.4366962519993539,0.047344027999928213,2.5400614699962314,0.0,61902.58
1.9495569999853615,61923.05,3.26,0.43892025999736506,0.04754335499978042,2.55317820498441,0.0,61912.82
1.9628646999772175,61861.67,3.26,0.44128699899612694,0.04774297049965826,2.5671933469769894,0.0,61912.82
1.9741070999880324,61912.82,3.26,0.44319820699796547,0.047911606499820486,2.5785481709879123,0.0,61912.82
1.986388099991018,61882.11,3.26,0.44522209599856283,0.048,2.5905367544915117,0.0,61902.58
1.9986313999979757,61810.55,3.26,0.44718102399967613,0.048,2.602106672998087,0.0,61912.82
2.010993099975167,62005.04,3.26,0.449048964996275,0.04827482749937917,2.613128893478023,0.0,61912.82
2.023635399993509,61974.28,3.26,0.45096348699899386,0.04868176999967543,2.624335505994223,0.0,61912.82
2.0353780000004917,62046.08,3.26,0.45278359000007623,0.04926890000002458,2.6347864200004376,0.0,61943.53
2.0438704999978654,61871.89,3.26,0.45409992749966915,0.04951935249998933,2.642460859998036,0.0,61943.53
2.056335899978876,62200.32,3.27,0.45603206449672584,0.04958167949989438,2.6539290279805665,0.0,61974.28
2.0686560999893118,61912.82,3.26,0.4579849759982899,0.050032804999465594,2.6655232949898466,0.0,61974.28
2.0811238999885977,61943.53,3.26,0.4599910629980616,0.05057190250028506,2.6774126609887117,0.0,61943.53
2.093945399974473,61994.78,3.26,0.4621707179956604,0.05025136500063817,2.6901059459747283,0.0,61912.82
2.106608599977335,61882.11,3.26,0.464323461996147,0.050463472998753436,2.7028407719768817,0.0,61902.58
2.118682499974966,62035.82,3.26,0.4663760249957442,0.05112753749862313,2.715156149974465,0.0,61912.82
2.129822399991099,61882.11,3.26,0.4683680319983978,0.05095444000022253,2.7269117439905646,0.0,61912.82
2.1421249999839347,61851.44,3.26,0.470593124997028,0.05076374999951805,2.7399949999826494,0.0,61902.58
2.1543552999792155,61882.11,3.26,0.47285573049615487,0.051130658999376466,2.7532037239775526,0.0,61902.58
2.1664167999988417,61902.58,3.26,0.4750550239997915,0.051460419999971044,2.766069723998778,0.0,61902.58
2.1789633999869693,61974.28,3.26,0.4773134119976545,0.05177408499967424,2.779306386986253,0.0,61912.82
2.1909660999954217,61994.78,3.26,0.4793642369992217,0.051854830499977106,2.791530591495353,0.0,61912.82
2.2003699999768287,61871.89,3.26,0.4809610499961767,0.05191479999907314,2.801051499977987,0.0,61912.82
2.2125887000001967,61964.03,3.26,0.48297713550003246,0.05240354800000787,2.812659265000187,0.0,61912.82
2.224959899991518,61994.78,3.26,0.4849687844986853,0.05260080200016964,2.824188709492324,0.0,61912.82
2.236178999999538,61912.82,3.26,0.4867077449999284,0.05237642000000924,2.834341994999582,0.0,61912.82
2.248791699996218,62005.04,3.26,0.48861875499943275,0.05251979249990545,2.845712529996596,0.0,61902.58
2.260862499999348,61882.11,3.26,0.490433687499899,0.05283018749997719,2.856584874999407,0.0,61892.35
2.273065299988957,61892.35,3.26,0.49232512149828833,0.0532572854996135,2.867689422989951,0.0,61892.35
2.285419299994828,61871.89,3.26,0.49426708799917246,0.05366257899984484,2.8791212384951126,0.0,61892.35
2.2977799999935087,61871.89,3.26,0.4962447999989614,0.05403339999980527,2.890802099993866,0.0,61882.11
2.3099902999820188,61902.58,3.26,0.4982983509969432,0.05444966049937066,2.9027404454822885,0.0,61871.89
2.322247099975357,61861.67,3.26,0.5003932424956874,0.05474382250061609,2.914914512974617,0.0,61871.89
2.3343155999900773,61861.67,3.26,0.5025052299982635,0.05444211000024807,2.9273450679897794,0.0,61871.89
2.3465887999918777,61892.35,3.26,0.5046859839985379,0.0545964959996345,2.9401841279913903,0.0,61871.89
2.3588232999900356,61820.78,3.26,0.5068881939982064,0.055147048499551585,2.9531526979894376,0.0,61871.89
2.367342199984705,61851.44,3.26,0.5083848849973234,0.0552,2.9620725989840166,0.0,61861.67
2.37964679999277,61994.78,3.26,0.5105381899987348,0.0552,2.9749309059924447,0.0,61861.67
2.392004799999995,61739.1,3.26,0.5127008399999992,0.0554400959999999,2.9874848719999947,0.0,61851.44
2.4044664999819365,62066.62,3.26,0.5148146399971097,0.055756327499367764,2.9999101724825685,0.0,61851.44
2.4167790999927092,61912.82,3.26,0.5167846559988335,0.05618726849974483,3.0117918314929644,0.0,61851.44
2.429178399994271,61851.44,3.26,0.5187685439990833,0.05625410800002865,3.023435911994672,0.0,61871.89
2.442111199983629,61800.35,3.26,0.5208377919973806,0.05628444799934514,3.035484527984611,0.0,61902.58
2.454469099990092,61830.99,3.26,0.5228150559984148,0.05677876399960369,3.0471009539906864,0.0,61902.58
2.466604399989592,61902.58,3.26,0.5247567039983347,0.05706604399989592,3.058508135990216,0.0,61902.58
2.4789309999905527,61871.89,3.26,0.5267289599984883,0.05718930999990552,3.070095139991119,0.0,61902.58
2.4909053999872417,61953.78,3.26,0.5286448639979586,0.057690742999425865,3.0812965489880706,0.0,61892.35
2.5029404999804687,61953.78,3.26,0.530570479996875,0.05818821499941406,3.092578772481543,0.0,61902.58
2.514916299987817,61912.82,3.26,0.5324866079980507,0.05854748899963451,3.1038959034884868,0.0,61902.58
2.5241564999741968,61892.35,3.26,0.5339858224957424,0.058741564999741966,3.1127733699747124,0.0,61902.58
2.5363323999918066,62015.29,3.26,0.535994845998648,0.05886332399991807,3.12470575199197,0.0,61892.35
2.547602399979951,61739.1,3.26,0.5379304199964914,0.05920409599919804,3.1360924599794497,0.0,61892.35
2.560765199974412,61923.05,3.26,0.5402377359953943,0.059680870000639694,3.1496034599731333,0.0,61892.35
2.5721910999855027,61871.89,3.26,0.5422943979973904,0.059395222500362437,3.161600654984778,0.0,61871.89
2.584509699983755,61892.35,3.26,0.5444891974971571,0.059357839499431436,3.174512636483024,0.0,61871.89
2.596800599974813,61810.55,3.26,0.5466401049955923,0.059788020999118466,3.18735662697368,0.0,61871.89
2.6088553999725264,61677.95,3.26,0.5487054179953295,0.05985572300013737,3.199555399972527,0.0,61871.89
2.6212205999763687,61810.55,3.26,0.5507952959962189,0.059848823999054744,3.2118534669776686,0.0,61871.89
2.6335193999984767,61861.67,3.26,0.5527631039997563,0.060340775999939075,3.223475832998561,0.0,61861.67
2.645994499995141,61882.11,3.26,0.5547591199992226,0.060809807499829935,3.235174884995481,0.0,61861.67
2.6581304999999698,62025.56,3.26,0.5567008799999952,0.06123456749999894,3.246461364999972,0.0,61861.67
2.670384199998807,61892.35,3.26,0.5586614719998092,0.061248079000005964,3.258013068998873,0.0,61882.11
2.679008099978091,61810.55,3.26,0.5600412959964947,0.06120495950010954,3.2661626544792965,0.0,61882.11
2.6919092999887653,61790.14,3.26,0.5621650344981463,0.06173591849949444,3.2786520209891026,0.0,61882.11
2.7043177999730688,61943.53,3.26,0.5642124369955563,0.06214317799973069,3.290753032973473,0.0,61892.35
2.7154653999896254,61964.03,3.26,0.5660517909982882,0.062254653999896256,3.301733418989781,0.0,61892.35
2.7276487999770325,61923.05,3.26,0.5681002959960956,0.06252946399931097,3.313695823977492,0.0,61882.11
2.739944699977059,61882.11,3.26,0.5701905989961,0.06289834099931176,3.3257458059775176,0.0,61871.89
2.7523274999985006,61871.89,3.26,0.5722956749997451,0.06314654999997,3.338189137498493,0.0,61882.11
2.7646309999981895,61943.53,3.26,0.5743872699996923,0.06341577499995474,3.3505541549981803,0.0,61882.11
2.7771790999977384,61841.22,3.26,0.5765204469996155,0.06372947749994345,3.3631649954977267,0.0,61871.89
2.7894667999935336,61769.72,3.26,0.5786093559989007,0.06403666999983834,3.375419465993566,0.0,61871.89
2.8021512999839615,61851.44,3.26,0.5807549644973536,0.06432151299983961,3.3879975174843624,0.0,61871.89
2.813642599998275,61943.53,3.26,0.5826510289997153,0.06443642599998274,3.399201534998318,0.0,61871.89
2.8261085999838538,61830.99,3.26,0.5847079189973359,0.06468325799951562,3.411203169984661,0.0,61923.05
2.838155499979621,61851.44,3.26,0.5866956574966374,0.06504466499938863,3.42264772498064,0.0,61923.05
2.8466337999852844,62046.08,3.26,0.588028238997719,0.0651,3.430635771986167,0.0,61923.05
2.858945499989204,61974.28,3.26,0.5899365524983265,0.0651,3.442208769989852,0.0,61923.05
2.8715907999721817,61943.53,3.26,0.591954527995549,0.06550567799902636,3.4540953519738506,0.0,61923.05
2.8838968999916688,61923.05,3.26,0.5939429884986254,0.06583896899991669,3.465779992991919,0.0,61882.11
2.896717299998272,61953.78,3.26,0.5960583544997149,0.06596717299998273,3.478215780998324,0.0,61882.11
2.9089028999733273,61830.99,3.26,0.5981134929954656,0.06622257249933318,3.490213870973594,0.0,61923.05
2.921393699973123,61800.35,3.26,0.6002369289954309,0.06654181099919369,3.5026006684729887,0.0,61923.05
2.933641099982197,61882.11,3.26,0.6023189869969735,0.06690923299946591,3.5149093054821074,0.0,61923.05
2.9461155999742914,61851.44,3.26,0.6044702299955009,0.06713057799987146,3.5275073339739054,0.0,61923.05
2.958065999991959,61871.89,3.26,0.6065615499985928,0.06719032999995979,3.539636989991838,0.0,61933.3
2.970073099975707,61964.03,3.26,0.6086124269958701,0.06755255849914973,3.551723465475585,0.0,61933.3
2.9820675999799278,61953.78,3.26,0.610641153996688,0.06791033799989964,3.563726247980329,0.0,61933.3
2.993942499975674,61964.03,3.26,0.6126005124959861,0.06796971249987838,3.5753636499761603,0.0,61933.3
3.0029817999748047,61933.3,3.26,0.6140919969958428,0.06808945399924414,3.5842072549754347,0.0,61933.3
3.0147542999766297,61994.78,3.26,0.6160344594961439,0.06844262899929887,3.5956854424772136,0.0,61933.3
3.026872999995249,61994.78,3.26,0.618034044999216,0.06849690500007127,3.607329349995486,0.0,61933.3
3.039988299977267,61933.3,3.26,0.620198069496249,0.068300175500341,3.619788884978404,0.0,61933.3
3.0523887999879658,61688.14,3.26,0.6221202639981347,0.06873360799957881,3.631445471988688,0.0,61933.3
3.064640099997632,61790.14,3.26,0.6240656164996093,0.06911600249994082,3.6429848944977627,0.0,61933.3
3.0769819999986794,61912.82,3.26,0.6261020299997822,0.06942454999996699,3.654647989998752,0.0,61933.3
3.0892647999862675,61810.55,3.26,0.6281286919977341,0.06963897199979402,3.666533179986611,0.0,61933.3
3.101591099984944,61851.44,3.26,0.6301704869974405,0.06987159949932249,3.6786070109847935,0.0,61923.05
3.113615599984769,61943.53,3.26,0.6322146519974107,0.0704127019993146,3.6907517559846164,0.0,61923.05
3.1257168999873097,61953.78,3.26,0.6343290419977158,0.07061424650019035,3.703145575986802,0.0,61923.05
3.1371039999939967,61994.78,3.26,0.6363787199989195,0.07044344000009005,3.714988159993757,0.0,61933.3
3.1494014999771025,62015.29,3.26,0.6385922699958785,0.07063503749942757,3.7280125974756144,0.0,61933.3
3.1586578999995254,61923.05,3.26,0.6402584219999146,0.07086644749998813,3.7378706634994945,0.0,61943.53
3.171190999972169,61943.53,3.26,0.6425143799949904,0.07129168499902591,3.751330324970082,0.0,61943.53
3.183057499991264,61882.11,3.26,0.6446503499984276,0.07156942500008735,3.7639797999909153,0.0,61933.3
3.1947280999738727,61933.3,3.26,0.6467510579952971,0.07145271900026127,3.7761172239728276,0.0,61923.05
3.2072548999858554,61912.82,3.26,0.648860783997737,0.07183529399915133,3.7884558804866333,0.0,61923.05
3.2202397999935783,62159.14,3.27,0.6509347709990689,0.07259640300009632,3.800709824994381,0.0,61912.82
3.231544699985534,61892.35,3.26,0.6525739814979025,0.07242682950021699,3.8106016124873423,0.0,61902.58
3.2438335999904666,61902.58,3.26,0.65437503999857,0.07253001599942799,3.821296895991801,0.0,61902.58
3.256260800000746,61871.89,3.26,0.656239120000112,0.07327564800004475,3.8319842880006414,0.0,61912.82
3.2685699999856297,61953.78,3.26,0.6580854999978445,0.07354284999992815,3.842784449987282,0.0,61912.82
3.2808974999934435,61871.89,3.26,0.6599391124989837,0.07362692499980329,3.853725699993968,0.0,61923.05
3.293136799999047,61861.67,3.26,0.6618362039998523,0.07399410399997142,3.8649858559991235,0.0,61923.05
3.3054763999825805,61923.05,3.26,0.6638036059971258,0.07433690999956452,3.8765573439832774,0.0,61953.78
3.314541100000497,61974.28,3.26,0.665299281500082,0.07456352750001242,3.885259456000477,0.0,61953.78
3.326811299979454,62035.82,3.26,0.6673579209965071,0.07463188700020547,3.897379412979248,0.0,61953.78
3.338036099972669,61984.53,3.26,0.6692661369953538,0.07451963900027331,3.908716460972396,0.0,61943.53
3.35028099999181,61953.78,3.26,0.6714505799985258,0.07496264499963144,3.9217006699912367,0.0,61953.78
3.362508299993351,61974.28,3.26,0.6736891184987034,0.07534983400013298,3.93492183749252,0.0,61953.78
3.3747822999721393,61902.58,3.26,0.6760825484945672,0.0751043540005572,3.9487300874686566,0.0,61964.03
3.387131399998907,61933.3,3.26,0.6784193089997977,0.07503565699999454,3.962480196998792,0.0,61953.78
3.399505899986252,61943.53,3.26,0.6807085914974565,0.07509752949993126,3.9761540194848086,0.0,61943.53
3.412000399985118,61994.78,3.26,0.6829600719973212,0.0757000199992559,3.989240417984448,0.0,61933.3
3.4240686999983154,61923.05,3.26,0.6850509919997305,0.07607965650000842,4.001526295498374,0.0,61933.3
3.436108800000511,61964.03,3.26,0.6869774080000817,0.07601945599999745,4.013144992000493,0.0,61933.3
3.448745699977735,61933.3,3.26,0.6889555834965488,0.07661219899844143,4.024771129979961,0.0,61943.53
3.4609756999998353,61861.67,3.26,0.6908463549999753,0.07740487849999918,4.035748858999857,0.0,61943.53
3.472979199985275,61933.3,3.26,0.6926468799977912,0.07746489599992637,4.046191903987189,0.0,61964.03
3.481416899972828,61984.53,3.26,0.6939125349959241,0.07752125349959242,4.053561040975817,0.0,61964.03
3.493905499984976,61994.78,3.26,0.6957858249977463,0.07770858249977464,4.064675894986628,0.0,61984.53
3.5060548999754246,62035.82,3.26,0.6976385094961908,0.07795137249938561,4.075700782477267,0.0,61994.78
3.5181348999904007,61923.05,3.26,0.699510909498512,0.07825337249976,4.08687478249112,0.0,61994.78
3.530739999987418,62128.28,3.27,0.7015720999979239,0.07840739999987417,4.0990714999877325,0.0,62035.82
3.5428089999768417,61994.78,3.26,0.7035915749959473,0.07857022499942104,4.110951134976495,0.0,62035.82
3.555166099977214,62035.82,3.26,0.7057540674960123,0.07887915249943034,4.123493591476872,0.0,62128.28
3.567612899991218,62190.01,3.27,0.7079703219984192,0.07911419349986826,4.136507738490647,0.0,62190.01
3.5797996999754105,62210.61,3.27,0.710163945995574,0.07929699549963115,4.149486680473812,0.0,62190.01
3.592198300000746,62262.15,3.27,0.712456685500138,0.07966594900002236,4.1628741640008045,6.099150000372726e-05,62210.61
3.604608899971936,62324.07,3.27,0.7147296019949484,0.08001522249929839,4.176231522969971,0.0001,62262.15
3.61681479998515,62282.78,3.27,0.716926663997327,0.08032036999962874,4.18929183598411,0.0001,62282.78
3.628990199998953,62355.05,3.27,0.7190732849998167,0.08035504900000523,4.2019149549989265,0.0001,62282.78
3.6380618999828584,62190.01,3.27,0.7206608324970001,0.08030969050008571,4.211213447482429,0.0001,62293.1
3.6493893000006206,62355.05,3.27,0.7225492345001023,0.0808164115000341,4.222213728000595,0.0001,62324.07
3.661622099985834,62355.05,3.27,0.7245514254978044,0.08135944750035415,4.233892331986968,0.0001,62324.07
3.673933599988232,62293.1,3.27,0.7264597079981759,0.08105166000029422,4.245218911989173,0.0001,62344.72
3.6861790999828377,62251.84,3.27,0.7283268649974256,0.08123985049905605,4.2563611899845535,0.0001,62344.72
3.698730899981456,62468.85,3.27,0.7302096349972184,0.08193019949898006,4.26765780998331,0.0001,62334.39
3.71119859997998,62489.57,3.27,0.7321357829968969,0.0821119859997998,4.278766753982182,0.0001,62334.39
3.723800999985542,62303.42,3.27,0.734089154997759,0.08223800999985541,4.290077914986771,0.0001,62334.39
3.736313699977473,62344.72,3.27,0.7360286234965083,0.08236313699977472,4.3015270354793875,0.0001,62303.42
3.747525799990399,62293.1,3.27,0.7378041279984637,0.08258814499975996,4.312124767990782,0.0001,62334.39
3.7596434999722987,62334.39,3.27,0.7397429599955677,0.08289108749930746,4.323757759973406,0.0001,62334.39
3.7722605999733787,62303.42,3.27,0.7419456049953412,0.08314521199946756,4.336421902973245,0.0001,62334.39
3.7844525999971665,62334.39,3.27,0.7440792049995041,0.08336678899995749,4.348808440997067,0.0001,62334.39
3.7928296999889426,62293.1,3.27,0.7455451974980649,0.08349244549983413,4.357478739488555,0.0001,62334.39
3.8053654999821447,62417.09,3.27,0.7477389624968753,0.08378779249937506,4.370372809981787,0.0001,62334.39
3.818161799979862,62262.15,3.27,0.7499783149964757,0.08423566299929515,4.383425035979458,0.0001,62365.39
3.8294712999777407,62417.09,3.27,0.7518627644963272,0.08420528700022259,4.394676586977964,0.0001,62365.39
3.8428876999823847,62365.39,3.27,0.7540764704970935,0.08421550799929539,4.407886630483001,0.0001,62365.39
3.8550726999819744,62396.4,3.27,0.7560869954970257,0.08470290799927897,4.4196451554826055,0.0001,62365.39
3.86740939997253,62365.39,3.27,0.7581225509954674,0.08493704699986265,4.431661211973079,0.0001,62365.39
3.8796907999785617,62365.39,3.27,0.7601489819964626,0.08499845399989281,4.443696983978991,0.0001,62365.39
3.8922560999926645,62531.03,3.27,0.762283536998753,0.08561280499963321,4.4560722584927746,0.0001,62365.39
3.9042119999940046,62313.75,3.27,0.7643160399989807,0.08593682000008993,4.467890939994034,0.0001,62365.39
3.9161796999978833,62355.05,3.27,0.7663505489996402,0.08575730450003174,4.479798801497894,0.0001,62365.39
3.9281741999730007,62313.75,3.27,0.7683896139954101,0.08606783899878502,4.491774199973,0.0001,62365.39
3.940241199976298,62479.21,3.27,0.7704397979960891,0.08660241199976297,4.503839993976416,0.0001,62365.39
3.9493511999899056,62272.46,3.27,0.7719429479983344,0.08669351199989905,4.512904443989956,0.0001,62375.72
3.9617105999786877,62427.43,3.27,0.7739908019963769,0.08682565899968031,4.525184940979008,0.0001,62355.05
3.9741013999737334,62437.79,3.27,0.7760972379955347,0.08701152099960599,4.5373898789741265,0.0001,62355.05
3.9863274999952405,62406.74,3.27,0.7781756749991908,0.0872265499999048,4.54952749999524,0.0001,62344.72
3.998540399974445,62159.14,3.27,0.7802518679956556,0.08747080799948889,4.561740399974445,0.0001,62344.72
4.010815499990713,62375.72,3.27,0.7823386349984212,0.08782446499972138,4.574069577490667,0.0001,62344.72
4.022128299984615,62344.72,3.27,0.7842618109973846,0.08808935850007692,4.585407016984769,0.0001,62344.72
4.035250899993116,62272.46,3.27,0.7864926529988298,0.08802374550003442,4.598398390993185,0.0001,62344.72
4.047579499980202,62324.07,3.27,0.7885127199968323,0.08834107749910908,4.610338422481093,0.0001,62344.72
4.060153699974762,62220.92,3.27,0.7905238234960881,0.08889615750063096,4.62233909847716,0.0001,62344.72
4.072015499987174,62375.72,3.27,0.7923624024980119,0.08859961250032067,4.633074027488392,0.0001,62344.72
4.0834336999978404,62344.72,3.27,0.7941322234996652,0.08864035899984883,4.643424666998035,0.0001,62344.72
4.095791799976723,62344.72,3.27,0.796047728996392,0.08950542599837061,4.654670537978818,0.0001,62344.72
4.104204899980687,62344.72,3.27,0.7973727839969098,0.08973692650028971,4.662473630481748,0.0001,62344.72
4.116443899984006,62406.74,3.27,0.7993310239974409,0.08955334150023991,4.674039485484885,0.0001,62344.72
4.128628199978266,62272.46,3.27,0.8013667939963052,0.08988826899902194,4.686028199978265,0.0001,62365.39
4.141295499983244,62417.09,3.27,0.8035267124970675,0.09038704500016756,4.698753797482489,0.0001,62344.72
4.153565299988259,62427.43,3.27,0.8056739274979452,0.09026434700011741,4.71157573848773,0.0001,62344.72
4.165429499989841,62386.07,3.27,0.8078044574981206,0.09049862249944125,4.724191007488978,0.0001,62344.72
4.178528499993263,62313.75,3.27,0.8102277724987536,0.09121906749962944,4.73840342249269,0.0001,62324.07
4.190977799997199,62365.39,3.27,0.8125308929994818,0.09135488899998599,4.751801134996989,0.0001,62324.07
4.203240399976494,62313.75,3.27,0.8147670699958864,0.0914,4.764821409975906,0.0001,62355.05
4.215576299990062,62324.07,3.27,0.8169258524982607,0.0914,4.777465707489813,0.0001,62324.07
4.227472699974896,62324.07,3.27,0.8188956319959834,0.09166154449912135,4.789136428476025,0.0001,62324.07
4.239550300000701,62303.42,3.27,0.8208280480001121,0.09208426050002454,4.800670536500669,0.0001,62324.07
4.251142399996752,62510.3,3.27,0.8226270719994965,0.09226713599995127,4.811128159997076,0.0001,62324.07
4.26334209999186,62355.05,3.27,0.8245013149987789,0.09248355249979648,4.822107889992673,0.0001,62324.07
4.272300299984636,62324.07,3.27,0.8258450449976953,0.09270750749961588,4.830170269986172,0.0001,62324.07
4.28415649998351,62375.72,3.27,0.827644257497444,0.09298312999967019,4.840903197484912,0.0001,62324.07
4.296506299986504,62365.39,3.27,0.829558476497908,0.09323012599973007,4.852203264487652,0.0001,62313.75
4.3087926999724,62046.08,3.26,0.8315068319955841,0.09316810950041399,4.863489283974609,0.0001,62324.07
4.3211239999800455,62303.42,3.27,0.8334798399968073,0.09307867999860317,4.8748790399808435,0.0001,62324.07
4.333222899993416,62313.75,3.27,0.8354156639989466,0.09392560299953912,4.886493983993679,0.0001,62313.75
4.345516999979736,62282.78,3.27,0.8374654749964539,0.09434483000020263,4.898599754979432,0.0001,62313.75
4.357814699993469,62303.42,3.27,0.8396175724988569,0.09422185300006532,4.91108192049337,0.0001,62303.42
4.370232199988095,62324.07,3.27,0.8418417959978571,0.0948139319992857,4.924299614987202,0.0001,62303.42
4.382354299974395,62334.39,3.27,0.844047316995135,0.0953058280010242,4.937413272971579,0.0001,62303.42
4.394600599975092,62272.46,3.27,0.8463741139952675,0.09481597600099632,4.951006665972352,0.0001,62303.42
4.407088199979626,62313.75,3.27,0.8487113169962307,0.09491896899908314,4.96476157897769,0.0001,62303.42
4.418926299986197,62303.42,3.27,0.8509013654974463,0.09545168349937885,4.977724298484886,0.0001,62303.42
4.428361999976914,62272.46,3.27,0.85256334999596,0.09566723999953829,4.987471049976337,0.0001,62303.42
4.439802199980477,62293.1,3.27,0.8545653849965834,0.09589604399960953,4.999197254979988,0.0001,62303.42
4.45237729998189,62458.5,3.27,0.8565803679971025,0.0962713189994567,5.010849002483249,0.0001,62303.42
4.4646021999942604,62303.42,3.27,0.8584673189991677,0.09668408799977042,5.021926924994978,0.0001,62303.42
4.47660499997437,62282.78,3.27,0.8602077249962836,0.09716419999897478,5.032429374977574,0.0001,62293.1
4.489226299978327,62334.39,3.27,0.8620378134968574,0.09739226299978326,5.043150091981794,0.0001,62282.78
4.501375199994072,62262.15,3.27,0.8637994039991406,0.09752750399988144,5.053389547994873,0.0001,62282.78
4.513947599974927,62324.07,3.27,0.8656224019963643,0.09777895199949853,5.064264673978311,0.0001,62282.78
4.526892699999735,62282.78,3.27,0.8676028319999576,0.0981412444999907,5.075841283999756,0.0001,62282.78
4.539101699978346,62272.46,3.27,0.8695562719965354,0.0985685594992421,5.087073563980079,0.0001,62282.78
4.550990299991099,62272.46,3.27,0.8715133994985313,0.09843514550013352,5.098670493991277,0.0001,62282.78
4.563036599982297,62251.84,3.27,0.8735314049969019,0.09860365999822966,5.110642880981677,0.0001,62282.78
4.575192699994659,62231.22,3.27,0.8756587224990653,0.09981926999946589,5.123224444494472,0.0001,62313.75
4.5842483999731485,62313.75,3.27,0.8772859539950324,0.10013006400107406,5.132809513970866,0.0001,62313.75
4.596632399974624,62479.21,3.27,0.8795769939953053,0.09963470400101508,5.1462461539724655,0.0001,62313.75
4.608928199973889,62386.07,3.27,0.8818517169951694,0.09999105099856385,5.159765660971146,0.0001,62313.75
4.621178299974417,62375.72,3.27,0.8841179854952672,0.10057054250063957,5.173260780972626,0.0001,62313.75
4.633416999975453,62334.39,3.27,0.8863821449954588,0.10026457500061368,5.186356189973734,0.0001,62313.75
4.6445979999843985,62313.75,3.27,0.8883816599973476,0.10030690999929791,5.198066969984164,0.0001,62313.75
4.656938999978593,62427.43,3.27,0.8904796299963608,0.10086225499903666,5.210593084978272,0.0001,62324.07
4.670001099992078,62272.46,3.27,0.8926501814986928,0.101,5.223301055992394,0.0001,62313.75
4.681454799982021,62293.1,3.27,0.8945327679971232,0.10100727399991011,5.234260237983189,0.0001,62293.1
4.693981399992481,62272.46,3.27,0.8965370239987969,0.1010699069999624,5.245972608992969,0.0001,62272.46
4.706255899975076,62231.22,3.27,0.8984383849962614,0.1014127949987538,5.257199030477693,0.0001,62272.46
4.718382699997164,62324.07,3.27,0.9002574049995745,0.10201913499985818,5.268052516497462,0.0001,62262.15
4.730565099976957,62262.15,3.27,0.9020847649965434,0.1023641274994239,5.278691636979952,0.0001,62262.15
4.742927599989343,62262.15,3.27,0.9039537779983482,0.10270246599962701,5.289549477990356,0.0001,62262.15
4.751317799993558,62210.61,3.27,0.9052542589990014,0.10299612299977451,5.29714260899417,0.0001,62231.22
4.763446099997964,62200.32,3.27,0.9071513759996741,0.10335169149996945,5.308325486498034,0.0001,62231.22
4.775586999981897,62179.72,3.27,0.9090939199971035,0.10353380499972845,5.320041454982531,0.0001,62231.22
4.788941099977819,62489.57,3.27,0.9113646924961184,0.10342117800044362,5.333330510977597,0.0001,62210.61
4.801253099984024,62231.22,3.27,0.9135192924972042,0.10330024799872191,5.345790692983544,0.0001,62210.61
4.813553899992257,62231.22,3.27,0.915671932498645,0.10428431199938058,5.358460516992025,0.0001,62210.61
4.826038999977754,62210.61,3.27,0.917856824996107,0.10452824500100107,5.3713201699770865,0.0001,62210.61
4.838199599995278,62210.61,3.27,0.9199849299991736,0.1039810180002125,5.383845587995136,0.0001,62210.61
4.849513199995272,62138.56,3.27,0.9219172439991962,0.1047086219995981,5.395308331995224,0.0001,62210.61
4.862390099995537,62128.28,3.27,0.9241063169992412,0.1055402475001116,5.408290099995536,0.0001,62210.61
4.874627499986673,62231.22,3.27,0.9261866749977344,0.10523431250033317,5.420527499986673,0.0001,62210.61
4.886609499983024,62148.85,3.27,0.928190567497199,0.10536437999932095,5.4323112149835335,0.0001,62200.32
4.898655899974984,62169.44,3.27,0.9301782234958723,0.10584623599899934,5.443996222975734,0.0001,62179.72
4.907835399993929,62159.14,3.27,0.9316536639990286,0.10609588499984822,5.452704452994262,0.0001,62169.44
4.920055199996568,62231.22,3.27,0.9336088319994509,0.10640165599989704,5.46425243999674,0.0001,62169.44
4.932321699976455,62251.84,3.27,0.9355714719962328,0.10676965099929366,5.475905614977632,0.0001,62169.44
4.943700499978149,62200.32,3.27,0.9373920799965038,0.10705550749967223,5.486696972479351,0.0001,62169.44
4.956081099982839,62179.72,3.27,0.9393729759972542,0.1072412164997426,5.498396639483783,0.0001,62169.44
4.969046299986076,62076.89,3.26,0.941447407997772,0.10761662049951265,5.510603521986911,0.0001,62159.14
4.981509699980961,62087.16,3.26,0.9434491004968586,0.1079849030001904,5.522364408981532,0.0001,62159.14
4.99389089999022,62159.14,3.27,0.9454919984983863,0.1078610910000978,5.534374172990513,0.0001,62159.14
5.005225899978541,62200.32,3.27,0.9474145324962446,0.10798290649924892,5.545604288478219,0.0001,62148.85
5.01724629997625,62076.89,3.26,0.9495181024958437,0.10840362049916874,5.557804994475894,0.0001,62138.56
5.0295974999899045,62159.14,3.27,0.9516795624982333,0.10845201250005047,5.570581399989501,0.0001,62138.56
5.041744199988898,62148.85,3.27,0.9538139559980016,0.10850465199933386,5.5832139679884545,0.0001,62138.56
5.05383069999516,62097.44,3.26,0.9559895259991287,0.10922984199970959,5.595783927994966,0.0001,62138.56
5.062610199995106,62087.16,3.26,0.9575306829991924,0.10956084700007342,5.604757995995204,0.0001,62128.28
5.074971399997594,62138.56,3.27,0.959570280999603,0.10937542900003609,5.616871971997642,0.0001,62097.44
5.087335999996867,62200.32,3.27,0.9615737599994987,0.10988687999974935,5.6287325199970395,0.0001,62097.44
5.09968739998294,62046.08,3.26,0.9635499839972704,0.1108749919986352,5.640404592983878,0.0001,62087.16
5.112548099976266,62035.82,3.26,0.9656076959962024,0.11046081650083071,5.652620694977452,0.0001,62056.35
5.12499049998587,62128.28,3.27,0.9676234324976685,0.11049942999915219,5.664515832486364,0.0001,62056.35
5.136108999984572,62035.82,3.26,0.9694579849974542,0.11116653999907428,5.675245184985111,0.0001,62056.35
5.148482899996452,61912.82,3.26,0.9715420929993968,0.11148482899996452,5.687355656496505,0.0001,62046.08
5.160881899995729,62025.56,3.26,0.9736543324992526,0.11161763799991459,5.699608356995601,0.0001,62046.08
5.172785299975658,62056.35,3.26,0.97573742749574,0.11185570599951315,5.711868858974927,0.0001,62035.82
5.185109499987448,62117.99,3.27,0.9778941624978033,0.11212773749968619,5.724664974986819,0.0001,62056.35
5.197349499998381,62107.72,3.27,0.9800361624997167,0.11243373749995952,5.7375169749983,0.0001,62056.35
5.209764599974733,62005.04,3.26,0.9822576279954518,0.11269529199949466,5.750504006973595,0.0001,62056.35
5.221799599996302,62087.16,3.26,0.9844059319993713,0.11293599199992603,5.762981603996338,0.0001,62056.35
5.230597599991597,62005.04,3.26,0.9859015919985715,0.11311195199983194,5.77169162399168,0.0001,62066.62
5.242725399992196,62128.28,3.27,0.9879360639987513,0.11335450799984391,5.783575502992624,0.0001,62066.62
5.2557718999742065,62148.85,3.27,0.990023503995873,0.11361543799948412,5.7959044454756246,0.0001,62046.08
5.268068799981847,62046.08,3.26,0.9919506639971863,0.1138210319997277,5.80728295198339,0.0001,62035.82
5.280637999996543,61994.78,3.26,0.9938956999994815,0.11401275999993085,5.818774199996889,0.0001,62035.82
5.292943099979312,62066.62,3.26,0.9957414649968969,0.11425886199958625,5.829848789981381,0.0001,62035.82
5.3040028999967035,62035.82,3.26,0.997420449499489,0.11442001449998351,5.839762580997066,0.0001,62035.82
5.316521099972306,62035.82,3.26,0.9993607704957074,0.11448260549986153,5.850903778975352,0.0001,62035.82
5.3287580999895,61994.78,3.26,1.0012575054983723,0.11515685749921249,5.862013661490392,0.0001,62035.82
5.3409746999968775,62005.04,3.26,1.0031559519995004,0.11597075900009368,5.873230838497018,0.0001,62035.82
5.352924199978589,62035.82,3.26,1.0050678719965742,0.11561227400064233,5.884642610979553,0.0001,62035.82
5.3652841999719385,62056.35,3.26,1.0070983139952294,0.11579631499789537,5.896710620971798,0.0001,62035.82
5.377405999985058,62035.82,3.26,1.0091590199974598,0.11670544999887934,5.908893029984983,0.0001,62035.82
5.385888399992837,61964.03,3.26,1.0106599119987107,0.11675279000017909,5.9176828199924785,0.0001,62056.35
5.398281199974008,62097.44,3.26,1.0128906159953215,0.11644297000064982,5.930695259972708,0.0001,62056.35
5.410375899984501,62087.16,3.26,1.0151195414971328,0.11686691549930256,5.943913489982951,0.0001,62056.35
5.423855899978662,62210.61,3.27,1.0176326209959456,0.1173,5.958760769476422,0.0001,62056.35
5.436020599998301,62117.99,3.27,1.019943913999677,0.1173,5.972202762998123,0.0001,62056.35
5.447409699991113,62066.62,3.26,1.0219966974984447,0.11767048499955562,5.984306087990757,0.0001,62056.35
5.459889299992938,61933.3,3.26,1.0241806274987642,0.11829446499964688,5.997284871992655,0.0001,62056.35
5.472022299974924,62025.56,3.26,1.026123567995988,0.1183,6.008761073476303,0.0001,62056.35
5.484279699972831,62035.82,3.26,1.0280633534957888,0.11838559399945661,6.020108932975819,0.0001,62056.35
5.496675899979891,62056.35,3.26,1.0299847644968831,0.11863351799959783,6.0311415509821025,0.0001,62056.35
5.508824699994875,62056.35,3.26,1.0318237049992312,0.1188764939998975,6.041953982995438,0.0001,62056.35
5.521240999980364,62035.82,3.26,1.0336923549969563,0.11912481999960726,6.053023104982229,0.0001,62056.35
5.533156899997266,61984.53,3.26,1.0355393194995761,0.11936313799994532,6.063806994497526,0.0001,62056.35
5.541477799997665,62076.89,3.26,1.036829058999638,0.11952216699996497,6.07136696499784,0.0001,62056.35
5.553919199999655,62056.35,3.26,1.0387574759999465,0.11970878799999482,6.08287525999968,0.0001,62056.35
5.567074899998261,62066.62,3.26,1.040867358499713,0.12018911949990432,6.09529190399833,0.0001,62056.35
5.579426299984334,62056.35,3.26,1.042905339497415,0.12086844649913836,6.107149247984961,0.0001,62056.35
5.591643899999326,62076.89,3.26,1.045037682499882,0.12072534150001012,6.1196932169993055,0.0001,62066.62
5.604308699985268,62128.28,3.27,1.0472971094972745,0.12077234799941068,6.132953395984089,0.0001,62066.62
5.616428999986965,61984.53,3.26,1.0495393649975886,0.1212571599994786,6.146043319985922,0.0001,62066.62
5.627568799973233,62087.16,3.26,1.051600227995048,0.12132431200026768,6.158225679970555,0.0001,62066.62
5.639955399994506,62046.08,3.26,1.0538917489989834,0.12120044600005495,6.171850939993956,0.0001,62066.62
5.652362099994207,62107.72,3.27,1.0561251779989573,0.12175629449973929,6.185127446993801,0.0001,62066.62
5.664559499971801,62066.62,3.26,1.0582979124950653,0.12219118999943603,6.197950689971237,0.0001,62066.62
5.677069699973799,62056.35,3.26,1.0604871974954146,0.12244139399947597,6.210711093973275,0.0001,62066.62
5.6887312999751884,62035.82,3.26,1.06239700799603,0.12258731299975188,6.222038391476305,0.0001,62066.62
5.697327099973336,62117.99,3.27,1.0637723359957336,0.12267327099973335,6.230247380474536,0.0001,62066.62
5.709539999981644,62066.62,3.26,1.0656309999972464,0.1229861999994493,6.241195199983846,0.0001,62066.62
5.722853399987798,62025.56,3.26,1.0676280099981696,0.12339986899957292,6.252868190989445,0.0001,62066.62
5.735119499993743,62107.72,3.27,1.0694679249990615,0.123829182499781,6.263478367494588,0.0001,62056.35
5.747457299992675,62005.04,3.26,1.0713185949989013,0.1241491459998535,6.27433699699348,0.0001,62046.08
5.7598353999783285,62097.44,3.26,1.0731753099967491,0.12439670799956655,6.285353505980711,0.0001,62046.08
5.7710116999805905,62076.89,3.26,1.0749618719968943,0.12478540949932064,6.295850997981755,0.0001,62046.08
5.783247599989409,62015.29,3.26,1.0769358539982525,0.12513247599989408,6.307515123989514,0.0001,62035.82
5.7956334999762475,62035.82,3.26,1.078979527496081,0.12525633499976246,6.319777164976485,0.0001,62046.08
5.808222499996191,62046.08,3.26,1.0811800499993145,0.12550556249990477,6.332569174996077,0.0001,62035.82
5.820373099995777,61871.89,3.26,1.0833671579992397,0.12580559649993664,6.345097351495502,0.0001,62046.08
5.832829299994046,62138.56,3.27,1.0856092739989283,0.12599243949991068,6.358363204493658,0.0001,62035.82
5.844702399976086,62015.29,3.26,1.0877464319956955,0.12628809599904342,6.371031567974412,0.0001,62025.56
5.856854799989378,62046.08,3.26,1.089933863998088,0.12677419199957513,6.384034635988635,0.0001,62025.56
5.865552199975355,61994.78,3.26,1.091499395995564,0.1269277609998768,6.393174287974369,0.0001,62015.29
5.8778122999938205,62159.14,3.27,1.0937062139988878,0.1269890614999691,6.405924791993574,0.0001,61994.78
5.889713999989909,61923.05,3.26,1.095702809998335,0.12719427999979818,6.417865429989959,0.0001,61994.78
5.902052699995693,62025.56,3.26,1.0977386954992892,0.12742052699995693,6.430091118995821,0.0001,61994.78
5.915276299987454,61994.78,3.26,1.0999205894979298,0.12755276299987453,6.44291801098783,0.0001,61974.28
5.927690799988341,61974.28,3.26,1.1019305279981346,0.1278307239996502,6.454767805988982,0.0001,61974.28
5.938931099983165,61943.53,3.26,1.1037289759973063,0.12816793299949494,6.465389889484091,0.0001,61943.53
5.95120089998818,61841.22,3.26,1.105692143998109,0.12836801349982271,6.476648823489184,0.0001,61933.3
5.963537399977213,61892.35,3.26,1.1076306099965818,0.1286414959990885,6.487883659979492,0.0001,61933.3
5.9764534999849275,61902.58,3.26,1.109568024997739,0.1291581399993971,6.4995081499864344,0.0001,61933.3
5.988461000000825,61974.28,3.26,1.111453760000132,0.12934230500000413,6.5105687300007675,0.0001,61933.3
6.0006198999763,61933.3,3.26,1.1134022834960895,0.12942169649917049,6.5219168004764185,0.0001,61902.58
6.012653599987971,61810.55,3.26,1.1153878439980152,0.12984287599957894,6.53389033198803,0.0001,61892.35
6.022012999979779,61861.67,3.26,1.1169522749964613,0.13017045499929225,6.543243194979476,0.0001,61892.35
6.034253899997566,61953.78,3.26,1.1190944324995742,0.1305988864999148,6.555667708497529,0.0001,61882.11
6.046478499978548,61964.03,3.26,1.121233737496246,0.13089717749967822,6.568140462478011,0.0001,61871.89
6.058913699991535,61820.78,3.26,1.1234098974985185,0.13108370549987303,6.580886542491323,0.0001,61861.67
6.071091499994509,61882.11,3.26,1.125541012499039,0.13137728749986272,6.593368787494371,0.0001,61861.67
6.082353999983753,61841.22,3.26,1.127500179997238,0.13164707999967507,6.604842229983834,0.0001,61861.67
6.094749799987767,61851.44,3.26,1.1296074659979203,0.13189499599975532,6.617176050987828,0.0001,61851.44
6.107158899976639,61871.89,3.26,1.1316454239962621,0.1321073834996496,6.629308338477457,0.0001,61851.44
6.119089999992866,61688.14,3.26,1.1335543999988584,0.132286349999893,6.640821849993116,0.0001,61851.44
6.131283499998972,61861.67,3.26,1.1355617774998303,0.13252566999997945,6.652475742499018,0.0001,61851.44
6.1438191999914125,61851.44,3.26,1.1376110719986259,0.13283367199969942,6.664466431991755,0.0001,61851.44
6.15582019998692,61830.99,3.26,1.1395312319979072,0.13325370699954217,6.675987391987443,0.0001,61851.44
6.167959399987013,61779.92,3.26,1.141513300997857,0.1334795939998701,6.687680820987467,0.0001,61851.44
6.176539299980504,61933.3,3.26,1.1429289844967832,0.13356539299980502,6.695960424481187,0.0001,61830.99
6.189739800000098,61851.44,3.26,1.1451557660000165,0.1339408930000034,6.708893703000096,0.0001,61830.99
6.200969999976223,61871.89,3.26,1.147064899995958,0.1343290999992867,6.719979699975986,0.0001,61820.78
6.213380299974233,61810.55,3.26,1.1491746509956196,0.13470140899922697,6.732514102973975,0.0001,61810.55
6.225696599984076,61820.78,3.26,1.1512969049972133,0.13507089799952227,6.745010531983757,0.0001,61779.92
6.238269199995557,61657.58,3.26,1.1534971099992224,0.13544807599986672,6.757834583995468,0.0001,61779.92
6.250907799985725,61688.14,3.26,1.1556543259975731,0.13560907799985725,6.77067141698551,0.0001,61779.92
6.262489099986851,61779.92,3.26,1.1576231469977647,0.13579956399947402,6.782364208986982,0.0001,61769.72
6.275062999979128,61779.92,3.26,1.1597607099964518,0.13630251999916512,6.794812369979336,0.0001,61728.91
6.287067099998239,61718.72,3.26,1.1617660714997096,0.1365,6.806555086998292,0.0001,61728.91
6.299489499971969,61769.72,3.26,1.1638157674953749,0.1365,6.81860481497281,0.0001,61728.91
6.3116176999756135,61677.95,3.26,1.165758831996098,0.13702279649890262,6.829962549477198,0.0001,61749.31
6.3240906999853905,61688.14,3.26,1.1677340584977356,0.13758408149934256,6.841624804486339,0.0001,61749.31
6.333236399979796,61728.91,3.26,1.1691516419968684,0.13799563799909084,6.850176033981109,0.0001,61728.91
6.3453759999829344,61749.31,3.26,1.1710601599972694,0.1383,6.861580319983873,0.0001,61728.91
6.356529299984686,61779.92,3.26,1.1728446879975498,0.1383,6.872120188485528,0.0001,61728.91
6.368847699981416,61769.72,3.26,1.1748598704969335,0.13856543099944246,6.883938030482066,0.0001,61728.91
6.3811211999855,61698.33,3.26,1.176890603997535,0.13892802999963752,6.895809987985646,0.0001,61728.91
6.393558099982329,61728.91,3.26,1.1790048769969959,0.1392389524995582,6.9081225189825055,0.0001,61728.91
6.406037099979585,61769.72,3.26,1.1811564924964273,0.13964148399918339,6.920808769478667,0.0001,61728.91
6.4182893999968655,61708.52,3.26,1.1833006449994514,0.1401315759998746,6.933612422996724,0.0001,61728.91
6.430476899986389,61698.33,3.26,1.1855382264974819,0.14040953799972777,6.946819820985164,0.0001,61718.72
6.443141299998388,61718.72,3.26,1.1878811404997016,0.14058429350000806,6.9605768974982665,0.0001,61708.52
6.455595799983712,61739.1,3.26,1.1901852229969867,0.14052202100008146,6.97396548498249,0.0001,61708.52
6.4677378999767825,61728.91,3.26,1.192315442996053,0.1407708264991874,6.986437899976782,0.0001,61708.52
6.479775699990569,61677.95,3.26,1.1943618689983966,0.14119214949966988,6.998475699990569,0.0001,61708.52
6.491586399992229,61545.71,3.25,1.1962538239987566,0.14114206800003884,7.009475351992773,0.0001,61698.33
6.499936799984425,61677.95,3.26,1.197589887997508,0.14110031600007789,7.017241223985515,0.0001,61688.14
6.512401299987687,61708.52,3.26,1.199460194998153,0.14172006499938433,7.028275150489103,0.0001,61688.14
6.524817199999234,61749.31,3.26,1.201322579999885,0.14222042999998083,7.0392873079993175,0.0001,61677.95
6.537530299974605,61606.7,3.26,1.2032295449961907,0.14253825749936513,7.050601966977399,0.0001,61677.95
6.5501989999902435,61627.05,3.26,1.2051808449984878,0.14290596999970728,7.0620300949911705,0.0001,61688.14
6.562596999981906,61688.14,3.26,1.2071025349971956,0.14322596999981904,7.073302224983263,0.0001,61708.52
6.574968699977035,61728.91,3.26,1.2090201484964405,0.14334968699977035,7.084746047478757,0.0001,61708.52
6.587110499996925,61677.95,3.26,1.2109732324994926,0.14364886749989236,7.096190527497063,0.0001,61688.14
6.599302699993132,61739.1,3.26,1.2129849454988668,0.1440755944997596,7.107834078493441,0.0001,61688.14
6.611745999980485,61820.78,3.26,1.2150968199966823,0.14415872999990242,7.120304729980387,0.0001,61688.14
6.623473099985858,61759.51,3.26,1.217107792497525,0.14430419299957575,7.132246754985151,0.0001,61688.14
6.635547299985774,61688.14,3.26,1.2192207774975103,0.14466641899957322,7.144924664985062,0.0001,61688.14
6.64722119999351,61637.22,3.26,1.2213720279987668,0.1448,7.1575072139928935,0.0001,61688.14
6.65645539999241,61657.58,3.26,1.223126525998558,0.1448,7.167618662991689,0.0001,61688.14
6.668973499996355,61535.56,3.25,1.2254600974993255,0.1452935424997995,7.181236247496044,0.0001,61677.95
6.681307199993171,61688.14,3.26,1.227728759998805,0.14589346400003414,7.194552951992931,0.0001,61677.95
6.69253229998867,61708.52,3.26,1.2296931524980173,0.14583733850005665,7.206170930488273,0.0001,61657.58
6.704993099992862,61677.95,3.26,1.231798895998858,0.1460746204996074,7.218618479493254,0.0001,61657.58
6.7171256999718025,61647.41,3.26,1.2337401119954883,0.14674191349844912,7.230083786473353,0.0001,61657.58
6.729431699990528,61586.37,3.26,1.2356147549985792,0.14723010949966847,7.2412413714915225,0.0001,61677.95
6.741541799972765,61677.95,3.26,1.2374389789957787,0.14759229100013618,7.252087619975488,0.0001,61677.95
6.754215499997372,61647.41,3.26,1.2394034024995926,0.14752892250001315,7.263493949997634,0.0001,61677.95
6.766289699997288,61688.14,3.26,1.2412749034995796,0.14765724249993217,7.274360729997559,0.0001,61677.95
6.778766299976269,61657.58,3.26,1.2432087764963218,0.1479691574994067,7.285589669978641,0.0001,61688.14
6.790976299991598,61708.52,3.26,1.2451013264986976,0.14832928899974795,7.296962840492144,0.0001,61708.52
6.803299399995013,61739.1,3.26,1.2470444009991772,0.1486989819998504,7.308616914995138,0.0001,61728.91
6.812319699994987,61779.92,3.26,1.2485327504991728,0.1489695909998496,7.317411707495112,0.0001,61728.91
6.8247019999835175,61728.91,3.26,1.2506463599970332,0.1493645699994231,7.329766569982941,0.0001,61728.91
6.835934399976395,61739.1,3.26,1.2526681919957512,0.14975770399917385,7.341392103975569,0.0001,61728.91
6.848274999996648,61739.1,3.26,1.2548894999993967,0.14973450000006705,7.35453699999638,0.0001,61728.91
6.86073819999001,61749.31,3.26,1.2571365669981516,0.14952952799960037,7.367989873989311,0.0001,61728.91
6.873475399974268,61677.95,3.26,1.2594929489952396,0.1500390159989707,7.381618677972467,0.0001,61718.72
6.885099299979629,61698.33,3.26,1.2615668809965368,0.15014702100061111,7.3938012859792215,0.0001,61718.72
6.897535099997185,61677.95,3.26,1.2636809669995215,0.14977394700008445,7.406485801997128,0.0001,61698.33
6.90982509998139,61627.05,3.26,1.2657211414969294,0.15053513349841813,7.418432095982134,0.0001,61677.95
6.922486299998127,61637.22,3.26,1.2677978079997003,0.15131297950006556,7.430524690498249,0.0001,61677.95
6.933982099988498,61718.72,3.26,1.2696371359981595,0.1509106265004026,7.441273263489245,0.0001,61677.95
6.946278899995377,61718.72,3.26,1.2715732294992834,0.1511081284996995,7.452770771495678,0.0001,61677.95
6.958553999982541,61657.58,3.26,1.273475869997294,0.1519060099988652,7.464247989983677,0.0001,61677.95
6.970914399978938,61484.82,3.25,1.27544630399663,0.15216371599968406,7.475859535980201,0.0001,61657.58
6.979310999973677,61566.03,3.26,1.2767897599957883,0.15228966499960514,7.483752339975256,0.0001,61698.33
6.991405999986455,61810.55,3.26,1.2787249599978328,0.1523,7.495121639987267,0.0001,61698.33
7.004013799974928,61698.33,3.26,1.2807422079959885,0.1524605519989971,7.506972971976432,0.0001,61667.76
7.016316299996106,61718.72,3.26,1.282710607999377,0.15295265199984423,7.518537321996339,0.0001,61657.58
7.028704199998174,61576.21,3.26,1.2847361929996988,0.15327408399996348,7.530443073998229,0.0001,61667.76
7.041290799999842,61728.91,3.26,1.2868258899999723,0.15353872399999527,7.542697253999842,0.0001,61698.33
7.05386549999821,61667.76,3.26,1.2890264624996868,0.15391596499994628,7.555334827498201,0.0001,61698.33
7.066302699997323,61637.22,3.26,1.2912029724995315,0.15432059449990626,7.5680232944972285,0.0001,61688.14
7.078626699978486,61627.05,3.26,1.293359672496235,0.15475193449924698,7.580778634477733,0.0001,61667.76
7.090778199984925,61800.35,3.26,1.2954861849973618,0.15463832700022612,7.593355436984397,0.0001,61667.76
7.102788499993039,61759.51,3.26,1.2975740449988165,0.15463942499965194,7.605702442493004,0.0001,61667.76
7.114827899989905,61667.76,3.26,1.2996207429982838,0.15524139499949524,7.617802039489854,0.0001,61667.76
7.126580599986482,61688.14,3.26,1.3015857989977695,0.15543419400013517,7.629317375987023,0.0001,61688.14
7.134932699991623,61657.58,3.26,1.3029638954986178,0.15535067300008376,7.637335391991957,0.0001,61688.14
7.147473399993033,61627.05,3.26,1.3049957439988853,0.15586050499947746,7.649299729993381,0.0001,61708.52
7.159801399975549,61912.82,3.26,1.3069682239960878,0.1567851049981662,7.6610113299767715,0.0001,61688.14
7.171894599974621,61708.52,3.26,1.3089031359959393,0.1568,7.672440396976016,0.0001,61688.14
7.184045199974208,61749.31,3.26,1.3108674579957442,0.15690112999935518,7.684003617975111,0.0001,61708.52
7.1964840999862645,61657.58,3.26,1.3129198764977335,0.15721210249965661,7.696007156486745,0.0001,61708.52
7.2088479999802075,61841.22,3.26,1.3149599199967341,0.1574327199997031,7.708159519980405,0.0001,61708.52
7.220887399977073,61606.7,3.26,1.3169508579961022,0.15760443699988536,7.720087399977072,0.0001,61708.52
7.234196499979588,61739.1,3.26,1.31921340499653,0.15767098249989794,7.733396499979588,0.0001,61708.52
7.246329299989156,61708.52,3.26,1.3213076274981024,0.15801646499945782,7.745592592989048,0.0001,61718.72
7.258615799975814,61759.51,3.26,1.3234577649957675,0.15863078999879068,7.758001957975572,0.0001,61718.72
7.269808099983493,61647.41,3.26,1.3253673769971936,0.15874904049991748,7.769257140483409,0.0001,61739.1
7.282097399991471,61708.52,3.26,1.32745655799855,0.15883146099987205,7.781586912991513,0.0001,61728.91
7.290512099978514,61718.72,3.26,1.3288870569963473,0.1589576814996777,7.789959539478621,0.0001,61728.91
7.30269679997582,61769.72,3.26,1.3309449719960103,0.1591943879991537,7.802002411976667,0.0001,61728.91
7.315021799993701,61820.78,3.26,1.332978596998961,0.15962576299977957,7.813896036993922,0.0001,61728.91
7.327257799974177,61739.1,3.26,1.3349612479958683,0.15965484400051644,7.825522331975726,0.0001,61728.91
7.339517099986551,61728.91,3.26,1.3369227359978482,0.15940965800026896,7.8370460739873575,0.0001,61728.91
7.351789199979976,61718.72,3.26,1.3388273259968961,0.1604020819982979,7.848522901981277,0.0001,61739.1
7.364232199994149,61739.1,3.26,1.3407983129990346,0.16090955100026333,7.860220589994442,0.0001,61739.1
7.376421999972081,61728.91,3.26,1.3428096299953933,0.16036101000125638,7.871800899973477,0.0001,61739.1
7.388865499990061,61698.33,3.26,1.34486280749836,0.16077625749935398,7.883799534990359,0.0001,61739.1
7.401226199988741,61759.51,3.26,1.3469023229981425,0.1615122619998874,7.895807806988911,0.0001,61728.91
7.413485199998831,61749.31,3.26,1.348925057999807,0.1616348519999883,7.907882921998849,0.0001,61728.91
7.425567799975397,61749.31,3.26,1.3509465259958173,0.16195055099889286,7.919895638975273,0.0001,61739.1
7.438205999991624,61708.52,3.26,1.3530950199985758,0.16251926999962304,7.932597029991581,0.0001,61728.91
7.45005189999938,61851.44,3.26,1.3551590824998914,0.1627005189999938,7.944703197499365,0.0001,61728.91
7.4594156999955885,61606.7,3.26,1.3567977474992279,0.1627941569999559,7.954301092495479,0.0001,61728.91
7.471616199996788,61728.91,3.26,1.358932834999438,0.1629161619999679,7.966922766996676,0.0001,61708.52
7.48408979998203,61759.51,3.26,1.361095265996945,0.1630817959996406,7.979710248981941,0.0001,61708.52
7.496344599989243,61647.41,3.26,1.3631785819981712,0.16332689199978484,7.992026322989188,0.0001,61657.58
7.508587999996962,61657.58,3.26,1.3652170199994986,0.1634858799999696,8.004030359997053,0.0001,61657.58
7.520963999995729,61606.7,3.26,1.3672542399993166,0.16362891999987186,8.01598687999607,0.0001,61657.58
7.533208499982719,61647.41,3.26,1.3692133599972351,0.1639962549994816,8.027251819984102,0.0001,61657.58
7.545615499984706,61708.52,3.26,1.3711704024976294,0.16442461999938826,8.038610104986082,0.0001,61657.58
7.557792199979303,61657.58,3.26,1.373057790996792,0.16491168799917216,8.049690901981167,0.0001,61647.41
7.569796099996893,61698.33,3.26,1.3749183954995183,0.1647550975000777,8.06081037299711,0.0001,61657.58
7.581196299986914,61708.52,3.26,1.3766973894978407,0.1645837409990839,8.071448447987436,0.0001,61657.58
7.593437999981688,61647.41,3.26,1.3787172699969785,0.16544065999871813,8.08320047998242,0.0001,61677.95
7.605795799987391,61627.05,3.26,1.3807852859978562,0.16572612600037828,8.09529579998739,0.0001,61688.14
7.6141538999800105,61637.22,3.26,1.3822061629966016,0.1654753830005997,8.10365389998001,0.0001,61677.95
7.626701199973468,61830.99,3.26,1.3843727099953569,0.16570207199840808,8.116469247972407,0.0001,61688.14
7.63866839997354,61769.72,3.26,1.3864669699953696,0.1664201039984124,8.128915135972482,0.0001,61688.14
7.651971399987815,61677.95,3.26,1.3888548519978068,0.1667394279997563,8.142869969987206,0.0001,61688.14
7.66408849999425,61688.14,3.26,1.391035929998965,0.1670839824997412,8.155654252493877,0.0001,61688.14
7.675492199981818,61667.76,3.26,1.393088595996727,0.16759714899918177,8.167799192980635,0.0001,61688.14
7.68769659998361,61688.14,3.26,1.3952469049971317,0.1678,8.180604463982954,0.0001,61688.14
7.700284899998223,61708.52,3.26,1.3974470084997068,0.16780569799996448,8.193676352998278,0.0001,61688.14
7.712432899978012,61718.72,3.26,1.399451428496372,0.16804865799956023,8.205459912978672,0.0001,61688.14
7.724584699986735,61739.1,3.26,1.4014335519978778,0.16831461749966836,8.217017923987797,0.0001,61698.33
7.737022299988894,61688.14,3.26,1.4034235679982228,0.1686255574997223,8.22846051598978,0.0001,61708.52
7.749388999975054,61525.4,3.25,1.405308349996258,0.16874694499987525,8.239556209977797,0.0001,61718.72
7.761432200000853,61698.33,3.26,1.407114830000128,0.1688214830000128,8.250274658000759,0.0001,61739.1
7.770626799989259,61739.1,3.26,1.4084940199983886,0.1689594019998389,8.25845785199044,0.0001,61739.1
7.782996099995216,61759.51,3.26,1.4103793759992345,0.16923482449978472,8.269571392495575,0.0001,61739.1
7.79540159998578,61841.22,3.26,1.4123642559977247,0.1697930719993601,8.281046479986847,0.0001,61728.91
7.807631099974969,61790.14,3.26,1.4143209759959952,0.16984737800050062,8.292587700476096,0.0001,61739.1
7.8191370999848,61749.31,3.26,1.4161619359975681,0.16961725800030397,8.303575930485485,0.0001,61739.1
7.831402399984654,61718.72,3.26,1.418238407997391,0.17045517999884904,8.315688375984807,0.0001,61739.1
7.843875999999,61657.58,3.26,1.420378299999825,0.171041860000015,8.328192279998968,0.0001,61749.31
7.8556945999735035,61728.91,3.26,1.422446554995363,0.17086458100039745,8.340365437972707,0.0001,61739.1
7.868825599987758,61739.1,3.26,1.4248327359977353,0.17119715199944913,8.354596415986412,0.0001,61728.91
7.880489199975273,61728.91,3.26,1.4269929479953019,0.1717,8.367543011972554,0.0001,61728.91
7.892576599988388,61749.31,3.26,1.429289553997794,0.1717,8.380960025987111,0.0001,61728.91
7.904966699978104,61749.31,3.26,1.4315940059960588,0.17179933399956207,8.394489535476682,0.0001,61739.1
7.916973799990956,61677.95,3.26,1.4337552839983718,0.1720394759998191,8.407277096990368,0.0001,61749.31
7.929078799992567,61677.95,3.26,1.4358433959987362,0.1721,8.419488011992641,0.0001,61749.31
7.938036899984581,61749.31,3.26,1.4373662729973786,0.1721,8.428356530984736,0.0001,61749.31
7.950038199982373,61892.35,3.26,1.4392559209972677,0.1725015279992949,8.439484952983872,0.0001,61749.31
7.962155899993377,61779.92,3.26,1.4411233849990066,0.1729,8.450486412494206,0.0001,61749.31
7.9745465999876615,61779.92,3.26,1.4429819899981493,0.1729,8.461328274989205,0.0001,61728.91
7.987895300000672,61790.14,3.26,1.4449842950001008,0.17345267100004708,8.473087340500596,0.0001,61728.91
8.000040299986722,61728.91,3.26,1.446806246497942,0.17429858950046473,8.483837075987784,0.0001,61728.91
8.012470099987695,61616.87,3.26,1.4487328654980929,0.17386354650043068,8.495272491988679,0.0001,61667.76
8.02482880000025,61667.76,3.26,1.4506967520000413,0.17379315200001003,8.50683564800024,0.0001,61637.22
8.036167299986118,61637.22,3.26,1.4525676044977096,0.17424669199944476,8.517720607986675,0.0001,61616.87
8.04920709997532,61576.21,3.26,1.4547652069958046,0.1744,8.53060709997532,0.0001,61616.87
8.061145499988925,61545.71,3.25,1.456800462498062,0.17444581999955702,8.542591319988482,0.0001,61576.21
8.072646299988264,61484.82,3.25,1.4588131024979463,0.17490585199953057,8.554552151987796,0.0001,61576.21
8.084760599973379,61576.21,3.26,1.460956907995208,0.17527140899960067,8.567222432971915,0.0001,61576.21
8.09406219999073,61576.21,3.26,1.4626311959983316,0.17541093299986096,8.577035620990221,0.0001,61576.21
8.106554499972844,61627.05,3.26,1.4648798099951121,0.17569663499918534,8.590214997471351,0.0001,61545.71
8.11883679998573,61484.82,3.25,1.4670906239974315,0.1760651039995719,8.603172823984945,0.0001,61515.25
8.130222699983278,61657.58,3.26,1.469088972497074,0.1762022269998328,8.614980494482694,0.0001,61515.25
8.142443799995817,61515.25,3.25,1.47120322699931,0.17638553299985366,8.627470485995943,0.0001,61515.25
8.155070099979639,61505.09,3.25,1.4732865664966406,0.17682745349928736,8.63971799698025,0.0001,61515.25
8.167336199985584,61494.95,3.25,1.4752371109977656,0.17711004299978375,8.651285984986666,0.0001,61515.25
8.179522899998119,61515.25,3.25,1.4771260494997085,0.1772928434999718,8.662558682498261,0.0001,61505.09
8.192075899976771,61494.95,3.25,1.4791321439962835,0.17796417449872245,8.674049448478746,0.0001,61505.09
8.204895099974237,61545.71,3.25,1.481158740496007,0.17822867150090166,8.685779016476427,0.0001,61505.09
8.215952099999413,61515.25,3.25,1.4828725754999093,0.1778416765000205,8.695896171499465,0.0001,61494.95
8.22829629998887,61494.95,3.25,1.484827407998219,0.17815629649938786,8.70739852198954,0.0001,61494.95
8.240321599994786,61413.85,3.25,1.4867530639991395,0.17879356800010426,8.718711951994942,0.0001,61494.95
8.248954499984393,61484.82,3.25,1.4881774924974247,0.17862091000031213,8.727085864984861,0.0001,61494.95
8.261104799981695,61515.25,3.25,1.4901822919969796,0.17847181199881018,8.738899275981787,0.0001,61484.82
8.273395599971991,61474.66,3.25,1.4922102739953786,0.17927071399817945,8.751128621972132,0.0001,61474.66
8.285653299972182,61505.09,3.25,1.494289327495132,0.17981306599944366,8.763494632471488,0.0001,61444.25
8.29897069997969,61231.87,3.25,1.496619872496446,0.18007941399959385,8.777144967479185,0.0001,61434.11
8.311363299988443,61434.11,3.25,1.4987885774979777,0.1803272659997689,8.789904198988097,0.0001,61434.11
8.323827799991705,61444.25,3.25,1.50095072599859,0.18048086100004146,8.802646938991664,0.0001,61403.72
8.336063899972942,61403.72,3.25,1.5030308629954001,0.1804196805001353,8.814944219472807,0.0001,61383.46
8.348332199995639,61353.11,3.25,1.5051164739992586,0.18089993199973836,8.827023894995747,0.0001,61363.22
8.360384399973555,61363.22,3.25,1.5071634259956368,0.1816,8.838776711974084,0.0001,61363.22
8.371638099983102,61353.11,3.25,1.509020286497212,0.1816,8.84980533798344,0.0001,61383.46
8.383996899996419,61383.46,3.25,1.5110594884994093,0.18181982949980308,8.861956930996456,0.0001,61363.22
8.396278399974108,61312.66,3.25,1.513085935995728,0.182495311998576,8.874115615974368,0.0001,61363.22
8.40445859997999,61312.66,3.25,1.5144579619965983,0.18267770700010005,8.88221401398019,0.0001,61353.11
8.416831999988062,61434.11,3.25,1.5165614399979706,0.1826158400000597,8.894463679988183,0.0001,61353.11
8.429923799994867,61434.11,3.25,1.5187870459991275,0.1830961899997434,8.907523799994868,0.0001,61353.11
8.442311599996174,61353.11,3.25,1.5208929719993496,0.1836,8.919876925996231,0.0001,61353.11
8.454929699975764,61403.72,3.25,1.5230380489958801,0.1836,8.932305754476129,0.0001,61353.11
8.466088699991815,61282.35,3.25,1.5249046354986495,0.18393487849954987,8.94326692599198,0.0001,61353.11
8.479332399991108,61353.11,3.25,1.527089845998533,0.18466328199951101,8.956245751991286,0.0001,61353.11
8.491715799988015,61322.77,3.25,1.5291331069980225,0.18452426300017977,8.968322904988314,0.0001,61353.11
8.504132199974265,61353.11,3.25,1.5311818129957537,0.1846272709985846,8.980428894974908,0.0001,61322.77
8.516009699989809,61322.77,3.25,1.5331416004983185,0.1852805334994395,8.992009457490065,0.0001,61322.77
8.528229499992449,61292.45,3.25,1.535157867498754,0.18558229499992449,9.003923762492638,0.0001,61322.77
8.539586200000485,61474.66,3.25,1.53703172300008,0.18569586200000487,9.014996545000473,0.0001,61322.77
8.551812799996696,61201.61,3.25,1.5390491119994552,0.18593625599993394,9.026799351996813,0.0001,61322.77
8.564078399998834,61241.96,3.25,1.5410525439998137,0.18614078399998835,9.038533695998906,0.0001,61322.77
8.572848299983889,61282.35,3.25,1.5424557279974223,0.18622848299983888,9.046777401984857,0.0001,61292.45
8.584759799996391,61383.46,3.25,1.5443615679994227,0.18653798999981955,9.05790281499666,0.0001,61282.35
8.596992699982366,61343.0,3.25,1.5463188319971786,0.1871496349991183,9.069218247483688,0.0001,61282.35
8.609607699996559,61262.15,3.25,1.5482891934994667,0.1872519615000172,9.080983199496783,0.0001,61262.15
8.621886699984316,61363.22,3.25,1.550220738997334,0.18728490149929425,9.09254896598463,0.0001,61262.15
8.634283499995945,61211.69,3.25,1.5523281949993109,0.18784275749981758,9.104697829996027,0.0001,61262.15
8.646190299972659,61161.29,3.25,1.5543833024952154,0.1881619029997266,9.116706960471703,0.0001,61241.96
8.658475099975476,61322.77,3.25,1.5565331424957083,0.18828475099975475,9.129421728474618,0.0001,61221.77
8.670885999978054,61141.14,3.25,1.5587594799960498,0.188898729998793,9.142648019976518,0.0001,61211.69
8.68300749998889,61241.96,3.25,1.5609563874979446,0.18936992500011113,9.155633062488057,0.0001,61211.69
8.695199399982812,61201.61,3.25,1.5632118889968203,0.1892480060001719,9.168739354981524,0.0001,61211.69
8.707630699995207,61221.77,3.25,1.5654353724991614,0.18954338149978434,9.181759620995063,0.0001,61211.69
8.719694699975662,61171.36,3.25,1.5675465724957411,0.19008626149890484,9.194185540974933,0.0001,61221.77
8.728401299973484,61201.61,3.25,1.5689442079957576,0.18980595450092805,9.20248123497481,0.0001,61211.69
8.740708599973004,61292.45,3.25,1.5709062899959505,0.1894460589982453,9.214127110976108,0.0001,61211.69
8.752693399990676,61211.69,3.25,1.5727040099986014,0.19022507099939395,9.224733658991747,0.0001,61211.69
8.7652914999926,61262.15,3.25,1.5745937249988902,0.19080582999985202,9.235882977493452,0.0001,61211.69
8.777497999981279,61363.22,3.25,1.5764246999971918,0.19104995999962557,9.246685729983433,0.0001,61201.61
8.790007999981754,61050.58,3.25,1.5784012799970808,0.19150031999927017,9.258157399983123,0.0001,61211.69
8.802762799983611,61151.21,3.25,1.580442047997378,0.1919690699995903,9.270024659984433,0.0001,61211.69
8.815306299977237,61211.69,3.25,1.5824490079963582,0.19228265749943096,9.281940984978377,0.0001,61191.52
8.827525000000605,61191.52,3.25,1.5844416250001,0.19258812500001515,9.293774500000595,0.0001,61161.29
8.839776199980406,61100.87,3.25,1.586463072996767,0.19289440499951013,9.305780675980797,0.0001,61161.29
8.851735099975485,61282.35,3.25,1.58855364249571,0.19301735099975484,9.318028477474872,0.0001,61151.21
8.863815299991984,61131.07,3.25,1.590705830498517,0.1932716884996393,9.330582370991422,0.0001,61161.29
8.875326099980157,61161.29,3.25,1.592835328496329,0.1937896744991071,9.342898926978767,0.0001,61161.29
8.887558999995235,61141.14,3.25,1.5950984149991188,0.19369764000019055,9.356328284994689,0.0001,61141.14
8.896134499984328,61201.61,3.25,1.5966848824971007,0.19335462000062684,9.365889967482527,0.0001,61131.07
8.908404399990104,61070.69,3.25,1.59899683599812,0.19345213199970315,9.379402817989165,0.0001,61131.07
8.920845099986764,61241.96,3.25,1.6013436669977499,0.1938042254999338,9.392962001986499,0.0001,61131.07
8.932837399974233,61110.94,3.25,1.6033823579956197,0.19386418699987115,9.405194147973717,0.0001,61141.14
8.945164099975955,61121.0,3.25,1.6054262559961527,0.19408074349915844,9.417276792477757,0.0001,61121.0
8.95849379998981,61090.82,3.25,1.6075590079983697,0.19454728299964338,9.429606764990574,0.0001,61110.94
8.970594799990067,61110.94,3.25,1.6093362459985598,0.1950767659995531,9.440217475991359,0.0001,61110.94
8.982338899979368,61141.14,3.25,1.6110391404970086,0.19558186149927792,9.450376370482566,0.0001,61110.94
8.994515699974727,61211.69,3.25,1.6128047764963354,0.19600804949911546,9.460665766478645,0.0001,61110.94
9.006611199991312,61090.82,3.25,1.6145586239987402,0.19623305599995658,9.470952575992571,0.0001,61121.0
9.018845999991754,61110.94,3.25,1.6163326699988045,0.19629422999995877,9.48141332999295,0.0001,61131.07
9.031240499985868,61020.44,3.25,1.6182422774978096,0.19663721499957607,9.49262885498714,0.0001,61141.14
9.043472799996382,61131.07,3.25,1.6201730119994031,0.19695209199994573,9.50395125199651,0.0001,61141.14
9.052075799991144,61161.29,3.25,1.6215925069985389,0.19708113699986715,9.512253146991455,0.0001,61131.07
9.064982299983967,61221.77,3.25,1.6237719024971944,0.1974491149991984,9.525006857483566,0.0001,61131.07
9.076354499993613,61191.52,3.25,1.6257620374988824,0.19801772499968065,9.536663362493453,0.0001,61141.14
9.088512499991339,61141.14,3.25,1.627932249998441,0.1982,9.549593499990646,0.0001,61141.14
9.100739699992118,61121.0,3.25,1.630144241498463,0.19822958799968474,9.562832162491134,0.0001,61141.14
9.114117099990835,61100.87,3.25,1.632752834498213,0.19876468399963346,9.57788173748969,0.0001,61141.14
9.126507999986643,61141.14,3.25,1.635103979997529,0.19909761999979966,9.591658799985309,0.0001,61121.0
9.138570299983257,61141.14,3.25,1.6373355054969028,0.19927855449974888,9.604927329981585,0.0001,61100.87
9.1500208999787,61090.82,3.25,1.6393536574962724,0.1993501044998935,9.616771422478168,0.0001,61100.87
9.163162599987118,61020.44,3.25,1.6416060159979389,0.19960556899916262,9.630020282987697,0.0001,61100.87
9.175162799976533,61100.87,3.25,1.6435260479962455,0.20038558199847467,9.64148047397759,0.0001,61100.87
9.187324699974853,61030.49,3.25,1.6454719519959766,0.20044363550088012,9.652838723976867,0.0001,61100.87
9.199389599991264,61090.82,3.25,1.6474023359986023,0.20002136400030576,9.663938431991964,0.0001,61090.82
9.208456799999112,61141.14,3.25,1.648768519999867,0.20046512399995123,9.672111119999201,0.0001,61090.82
9.219696499989368,61010.39,3.24,1.6504544749984054,0.2010833074994153,9.682226849990432,0.0001,61050.58
9.232850999978837,61100.87,3.25,1.6524276499968256,0.20129276499968254,9.693937389981166,0.0001,61050.58
9.245192399976077,61141.14,3.25,1.6543307839961723,0.20145192399976075,9.705077007977991,0.0001,61050.58
9.259171199984848,61050.58,3.25,1.6565673919975759,0.2015917119998485,9.717937503986061,0.0001,61050.58
9.268910999991931,61030.49,3.25,1.6581703149986686,0.20226832499939487,9.727343669992173,0.0001,61050.58
9.281187999993563,61030.49,3.25,1.6602019599989057,0.20307624000012872,9.739299879993498,0.0001,61030.49
9.29359229997499,61020.44,3.25,1.6623106909957484,0.2028281540005002,9.75182822297474,0.0001,61030.49
9.305807999975512,61080.75,3.25,1.664416399995715,0.20299039999877563,9.764340319974533,0.0001,61030.49
9.318247599992901,60990.31,3.24,1.666593329998758,0.20361237999964513,9.777277503992618,0.0001,61030.49
9.330496999988101,61090.82,3.25,1.6687894599978585,0.20401490999964306,9.790016879987625,0.0001,61030.49
9.34299929998815,61030.49,3.25,1.6710098809979856,0.20438997899964453,9.802959285987914,0.0001,61030.49
9.35443119998672,60970.25,3.24,1.6729533039977424,0.20473293599960163,9.814619823986455,0.0001,61030.49
9.366641199972946,61040.54,3.25,1.6750622099952657,0.20503282399945894,9.827040817972541,0.0001,61030.49
9.375152099994013,60980.28,3.24,1.6765516174989523,0.2052030419998803,9.835679381493923,0.0001,61030.49
9.387606199976288,61040.54,3.25,1.6786550229960877,0.20514787600047424,9.847978013977,0.0001,61030.49
9.399870799999917,61010.39,3.24,1.6806786819999866,0.20490258400000164,9.85987467599992,0.0001,61010.39
9.411992299981648,61110.94,3.25,1.682618767997064,0.20567949949880715,9.87127276198275,0.0001,61010.39
9.424582499981625,61000.36,3.24,1.6846102874971518,0.20617708750009187,9.883015899983095,0.0001,61010.39
9.436627399991266,61241.96,3.25,1.6864772469986464,0.20611686300004367,9.894097207991965,0.0001,61010.39
9.44913519997499,60819.96,3.24,1.6884159559961234,0.2063740559992497,9.905513031977241,0.0001,61030.49
9.461342599999625,60990.31,3.24,1.690308102999942,0.20672685199999252,9.916628478999659,0.0001,61010.39
9.473518699989654,61060.64,3.25,1.6921953984983966,0.20697037399979312,9.927769610490534,0.0001,61000.36
9.485785199998645,60980.28,3.24,1.6941256319997833,0.20738925999993232,9.939195939998713,0.0001,61000.36
9.498717599984957,61030.49,3.25,1.696194815997593,0.20803587999924786,9.95148171998571,0.0001,60990.31
9.510752199974377,61060.64,3.25,1.6982816349955159,0.2084225659992313,9.963613482973994,0.0001,60990.31
9.522750899981475,60990.31,3.24,1.700381407496758,0.20872750899981474,9.975874690480643,0.0001,60990.31
9.532088899984958,60779.97,3.24,1.7020155574973677,0.20882088899984957,9.985632900484282,0.0001,60980.28
9.54433569998946,61060.64,3.25,1.704180425998103,0.20900839249973654,9.998387449489092,0.0001,60920.09
9.55660679997527,60920.09,3.24,1.706389223995549,0.2093151699993818,10.011088037974407,0.0001,60860.0
9.568938799988244,60860.0,3.24,1.7084749019980603,0.20953408199982368,10.02340471798842,0.0001,60849.98
9.580102699983401,60849.98,3.24,1.710316431997344,0.209701540499751,10.034398078484148,0.0001,60829.98
9.59257219999563,60799.96,3.24,1.7123115519993006,0.20988858299993443,10.046306450995827,0.0001,60829.98
9.604987200000325,60819.96,3.24,1.7143228880000538,0.2101745520000114,10.058212648000314,0.0001,60829.98
9.616935999976704,60760.0,3.24,1.7162944399961564,0.21059275999918467,10.06974323997752,0.0001,60819.96
9.629987199994503,60829.98,3.24,1.7184978239990656,0.21114942399975267,10.082487455994613,0.0001,60799.96
9.641375799983507,60700.09,3.24,1.720427006997279,0.21166191099925788,10.09366892098359,0.0001,60799.96
9.653900499979502,60829.98,3.24,1.7224935824966179,0.21222552249907758,10.106130997479603,0.0001,60799.96
9.666020099975869,60799.96,3.24,1.7245535174957771,0.21246989950012066,10.118340501975386,0.0001,60809.97
9.678280899999665,60769.98,3.24,1.7266991574999415,0.21240859550000168,10.13084651799966,0.0001,60809.97
9.686504799989052,60740.02,3.24,1.7281383399980843,0.21282281199928843,10.139202371988889,0.0001,60809.97
9.699086599983275,60839.98,3.24,1.7303401549970732,0.21364062899891292,10.151972898983026,0.0001,60809.97
9.711410399992019,60809.97,3.24,1.7324397679986434,0.2136429480000399,10.16442450399194,0.0001,60809.97
9.723888599983185,60849.98,3.24,1.7345416189972258,0.2136583289997478,10.176930270983439,0.0001,60799.96
9.736296699993545,60849.98,3.24,1.736588955498935,0.2138444504999032,10.189152249493642,0.0001,60809.97
9.748622299986893,60779.97,3.24,1.7386226794978374,0.2139,10.201077407987418,0.0001,60829.98
9.761219199979676,60829.98,3.24,1.7406950719967482,0.2139670559988822,10.213158239980693,0.0001,60829.98
9.772553499991773,60760.0,3.24,1.7425085599986836,0.21459044249954753,10.223925824992184,0.0001,60829.98
9.784842299995944,60789.97,3.24,1.744474767999351,0.2152179034998175,10.235454915996268,0.0001,60829.98
9.798005599994212,60829.98,3.24,1.746580895999074,0.2158102519997396,10.247565151994676,0.0001,60829.98
9.810124999989057,60839.98,3.24,1.748469374998304,0.21620374999967176,10.258613749990042,0.0001,60829.98
9.82216999999946,60849.98,3.24,1.7503363499999165,0.21655424999998651,10.269596399999504,0.0001,60829.98
9.833751599973764,60769.98,3.24,1.7521314979959337,0.21684378999934412,10.280251471975863,0.0001,60829.98
9.8424353999726,60829.98,3.24,1.7534896639956163,0.21708523899904103,10.288337983973696,0.0001,60839.98
9.854863799992017,60839.98,3.24,1.7554782079987228,0.21752023299972062,10.300269247992336,0.0001,60839.98
9.8671742999868,60829.98,3.24,1.75755550249769,0.217628257000132,10.312481914486602,0.0001,60849.98
9.87991439999314,61050.58,3.25,1.7597850199987997,0.21750085600006858,10.325413115993038,0.0001,60930.12
9.89240549999522,61000.36,3.24,1.76203298999914,0.21787216499985665,10.33858780249496,0.0001,60930.12
9.904716199991524,60960.21,3.24,1.7642724969984322,0.21812358099995763,10.351787819990678,0.0001,60960.21
9.917154499999015,61010.39,3.24,1.7665735824998177,0.21818577249999507,10.365469949998918,0.0001,60960.21
9.928242899972247,60930.12,3.24,1.7686249364948656,0.21873578849819608,10.37758476096975,0.0001,60960.21
9.941395699977875,61000.36,3.24,1.7710372689962388,0.21949302150011063,10.391802678477765,0.0001,61000.36
9.95370339998044,60910.07,3.24,1.7731295779966751,0.2194314830000978,10.404171916980344,0.0001,60990.31
9.96570899998187,61000.36,3.24,1.7751134399970996,0.2199708999981872,10.415752279983323,0.0001,60990.31
9.977905499981716,60890.03,3.24,1.777064879997075,0.22119054999817178,10.426973059983181,0.0001,61000.36
9.989398799982155,60950.18,3.24,1.7788098199973235,0.22154098199973235,10.437170943984297,0.0001,61000.36
10.00167969998438,61070.69,3.25,1.780651954997657,0.2217,10.447994932986099,0.0001,61000.36
10.010493899986614,60990.31,3.24,1.7819740849979921,0.2217,10.455839570988086,0.0001,60990.31
10.02307089997339,61050.58,3.25,1.7838759894958758,0.22174606349960088,10.467094518975786,0.0001,60990.31
10.035740699997405,61040.54,3.25,1.785839808499598,0.2219361104999611,10.478624036997639,0.0001,60980.28
10.048183199978666,61000.36,3.24,1.7878093119965868,0.22216366399957335,10.490192207979948,0.0001,60980.28
10.060265199979769,60920.09,3.24,1.7897437579966622,0.22241458599888736,10.501561221980074,0.0001,60980.28
10.072557799983768,60980.28,3.24,1.7917720369973218,0.22309067899910726,10.513669432984013,0.0001,60970.25
10.084989099996164,60970.25,3.24,1.7938730924993287,0.22369956399984658,10.526163718496031,0.0001,60950.18
10.097159699973417,60930.12,3.24,1.796002947495348,0.2241863879989367,10.538760289472489,0.0001,60930.12
10.108514799998375,60950.18,3.24,1.7980752379996994,0.22442772199997563,10.550938557998236,0.0001,60930.12
10.120615899999393,60809.97,3.24,1.8003170209998849,0.22464619249995454,10.564083648999327,0.0001,60930.12
10.133051099983277,60930.12,3.24,1.8026797089968227,0.22557883249874583,10.577886720981438,0.0001,60930.12
10.145058099995369,60880.02,3.24,1.8049104579991666,0.22597354750011575,10.590986876495068,0.0001,60920.09
10.157484899973497,60920.09,3.24,1.8071472819952294,0.22566287750066258,10.604221418471774,0.0001,60920.09
10.165948299982121,60819.96,3.24,1.8086112109969605,0.22583793199928484,10.61281855848221,0.0001,60880.02
10.178574799996568,60980.28,3.24,1.8107577159994166,0.2263429919998627,10.625381925996585,0.0001,60880.02
10.191291899973292,60849.98,3.24,1.8127502444958603,0.22617416200053414,10.637132088475562,0.0001,60880.02
10.203646599984495,60819.96,3.24,1.814628756997752,0.22625526199891471,10.648236075986667,0.0001,60880.02
10.216094999981578,60960.21,3.24,1.816433774997329,0.22712664999871057,10.658941699984158,0.0001,60880.02
10.228247999999441,60880.02,3.24,1.8182371999999163,0.22752371999999163,10.669475759999514,0.0001,60880.02
10.240596699994057,61141.14,3.25,1.820092488499079,0.22773580199964344,10.680248963994533,0.0001,60880.02
10.253038700000618,60870.0,3.24,1.8220209985000957,0.22848232200003707,10.691695604000568,0.0001,60870.0
10.265053799987072,60860.0,3.24,1.823933876997867,0.22907688299954754,10.702976916987526,0.0001,60870.0
10.277350299991669,60880.02,3.24,1.8259627994986256,0.22950726049970843,10.71484303949196,0.0001,60870.0
10.288399599987315,60900.06,3.24,1.8277859339979072,0.22989398599955604,10.72563160798757,0.0001,60870.0
10.301023599982729,60870.0,3.24,1.8298791299969779,0.23032558999956826,10.738049189982299,0.0001,60870.0
10.312987499986775,60849.98,3.24,1.831972812497686,0.2306246874996694,10.750312187486447,0.0001,60860.0
10.32162469998002,60779.97,3.24,1.833492445996404,0.2308,10.759230305478724,0.0001,60849.98
10.33397419998073,60839.98,3.24,1.8357153559965316,0.2308,10.772382522979479,0.0001,60839.98
10.34581529998104,60819.96,3.24,1.8378758304964926,0.2308581529998104,10.785080523979525,0.0001,60819.96
10.359119899978396,61020.44,3.25,1.8403371814960032,0.23099119899978396,10.799449491976668,0.0001,60819.96
10.37050699998508,60819.96,3.24,1.8423912599973147,0.23163041999910486,10.811642489984036,0.0001,60819.96
10.382697299995925,60809.97,3.24,1.8445720274992872,0.23226743249989815,10.824564732495825,0.0001,60819.96
10.395183999993606,60779.97,3.24,1.8467571999988812,0.23257959999984015,10.837363599993447,0.0001,60819.96
10.407392799999796,60760.0,3.24,1.8488567759999655,0.23318053199998678,10.849618871999798,0.0001,60819.96
10.419701499980874,60819.96,3.24,1.8509492549967486,0.23398059749875685,10.861804484981066,0.0001,60819.96
10.431925899989437,60849.98,3.24,1.8529081439983102,0.23382111150015844,10.873310345990072,0.0001,60819.96
10.444319699978223,60789.97,3.24,1.8548479549967336,0.23402397749836676,10.88474453298062,0.0001,60819.96
10.457052499987185,60829.98,3.24,1.8567578749980778,0.23497893749903892,10.896076724988596,0.0001,60829.98
10.469105500000296,60829.98,3.24,1.8585658250000445,0.23515447249999852,10.906712840000262,0.0001,60829.98
10.48067279998213,60940.14,3.24,1.8603042839972306,0.2351336399991066,10.91690888398383,0.0001,60829.98
10.489348699979018,60849.98,3.24,1.861649048496748,0.23556743499895097,10.924760573481013,0.0001,60829.98
10.501563399971928,60809.97,3.24,1.863557960995368,0.2361,10.935916497972771,0.0001,60809.97
10.5140834999911,60839.98,3.24,1.8656237774985316,0.2361,10.948060994991367,0.0001,60809.97
10.52616759997909,60799.96,3.24,1.8676793299963408,0.23643921799884995,10.960121789978567,0.0001,60799.96
10.538392199989175,60769.98,3.24,1.8698186349981059,0.2371115709994047,10.972652004988905,0.0001,60779.97
10.550823300000049,60779.97,3.24,1.8719940775000088,0.2375246990000015,10.985610348500053,0.0001,60769.98
10.562936999980593,60769.98,3.24,1.8741139749966038,0.23793216499912676,10.998225109980012,0.0001146849999029709,60769.98
10.575392299972009,60760.0,3.24,1.8762936524951015,0.2384926534987404,11.01105406897117,0.00017696149986004577,60760.0
10.588616999972144,60700.09,3.24,1.8785648899952645,0.2387,11.024416999972145,0.0002,60750.0
10.599839499976953,60680.14,3.24,1.8804727149960823,0.2387,11.035639499976954,0.0002,60730.03
10.612287799973272,60640.26,3.24,1.88252748699559,0.23974446299772817,11.047657726974208,0.0002,60710.06
10.624441599997224,60750.0,3.24,1.884532863999542,0.2404,11.059408351997309,0.0002,60710.06
10.636678699986076,60730.03,3.24,1.8865519854977026,0.2404,11.071278338986495,0.0002,60710.06
10.644851199991535,60710.06,3.24,1.8879004479986035,0.24061830399961914,11.079278431991664,0.0002,60710.06
10.657460499991428,60680.14,3.24,1.8899809824985858,0.24118572249961426,11.091698592491557,0.0002,60720.05
10.669706699991364,60700.09,3.24,1.892050138998532,0.2413485334999568,11.103761099491495,0.0002,60720.05
10.682174499990653,60769.98,3.24,1.8941587924984578,0.24153046999943922,11.115987519991027,0.0002,60730.03
10.694633399980376,60769.98,3.24,1.896214510996762,0.24227800399882257,11.127948063981162,0.0002,60720.05
10.707396499987224,60720.05,3.24,1.898283439997956,0.24293284249942512,11.140089692487928,0.0002,60710.06
10.719881099998021,60829.98,3.24,1.9002809759996837,0.243494649499911,11.151887639498131,0.0002,60710.06
10.732180199993309,60680.14,3.24,1.902309732998896,0.24410900999966545,11.163875694993475,0.0002,60710.06
10.744301200000336,60769.98,3.24,1.904331204000057,0.24445698799999663,11.17584421200034,0.0002,60710.06
10.756444899976486,60710.06,3.24,1.9063956329960028,0.24433555100023513,11.188109348976251,0.0002,60710.06
10.768395699997201,60680.14,3.24,1.9084692474995104,0.2447617634998461,11.20022163549716,0.0002,60710.06
10.78050299998722,60600.43,3.24,1.9105829949978916,0.24540251499993612,11.212492939987476,0.0002,60710.06
10.792430399975272,60710.06,3.24,1.91255101599592,0.24546215199987637,11.224181791975768,0.0002,60710.06
10.80108669999754,60650.23,3.24,1.913968438499619,0.24554890149988937,11.232610630997714,0.0002,60710.06
10.812917699979153,60740.02,3.24,1.9158022434967688,0.24608129649906194,11.243613460980614,0.0002,60710.06
10.825326599995604,60720.05,3.24,1.9177522559992968,0.24647989899993408,11.255127104995935,0.0002,60710.06
10.83756839999114,60760.0,3.24,1.9197109439985824,0.2466635259998671,11.266450769991806,0.0002,60710.06
10.849891599995317,60819.96,3.24,1.9216826559992508,0.2473924119996722,11.278047561995574,0.0002,60720.05
10.862492299987935,60650.23,3.24,1.9237112294980092,0.24812492299987934,11.290042453988177,0.0002,60720.05
10.874919099995168,60760.0,3.24,1.9257616514992029,0.24824919099995169,11.302220717995265,0.0002,60720.05
10.887706599984085,60640.26,3.24,1.9279486549972151,0.24883946199888604,11.314983665983927,0.0002,60710.06
10.898981599981196,60690.1,3.24,1.9299217799967094,0.24962871199868383,11.32637141598101,0.0002,60700.09
10.911320399987744,60829.98,3.24,1.932137671997794,0.24964339800006127,11.339343021987071,0.0002,60700.09
10.923560499999441,60710.06,3.24,1.9343408899998995,0.24972461749998043,11.352309734999402,0.0002,60700.09
10.936045699985696,60700.09,3.24,1.9365882259974254,0.2501615994994994,11.365668898984694,0.0002,60700.09
10.947850199998356,60670.17,3.24,1.9386737849997124,0.25037850199998357,11.3780249569983,0.0002,60700.09
10.956205700000282,60600.43,3.24,1.9401359975000496,0.25046205700000285,11.386672899500292,0.0002,60710.06
10.968811999977333,60720.05,3.24,1.9422539799962601,0.25094059999886675,11.399235759977786,0.0002,60710.06
10.981099799973888,60799.96,3.24,1.9442759679958224,0.25148350300039163,11.411217314975847,0.0002,60710.06
10.993596799991792,60690.1,3.24,1.9462754879986868,0.2512960480001231,11.422777039992408,0.0002,60700.09
11.00621169997612,60710.06,3.24,1.948231754996418,0.25154164349868663,11.434228412978747,0.0002,60710.06
11.018807699991157,60799.96,3.24,1.9501211549986737,0.2522344234995137,11.445438852992131,0.0002,60710.06
11.031082799978321,60670.17,3.24,1.9519624199967482,0.25235541399989164,11.456308277980815,0.0002,60720.05
11.043363799981309,60710.06,3.24,1.953821388997103,0.252551370999159,11.467277876982898,0.0002,60730.03
11.055606399982935,60690.1,3.24,1.955718991997355,0.2531022879992321,11.478479855984386,0.0002,60710.06
11.067938499996673,60750.0,3.24,1.9577098524994512,0.2534587699999335,11.49016065249679,0.0002,60730.03
11.08011229999829,60829.98,3.24,1.9597190909997095,0.25370505349992306,11.501912861498282,0.0002,60730.03
11.091992499976184,60730.03,3.24,1.9617387249959515,0.25423966249892826,11.513852462476066,0.0002,60730.03
11.10349059998407,60730.03,3.24,1.9637283079971328,0.25473962399936284,11.525530223983434,0.0002,60730.03
11.115847999986727,60700.09,3.24,1.9659526399976108,0.2552339199994691,11.538381919986197,0.0002,60740.02
11.12448579998454,60740.02,3.24,1.9675074439972173,0.2556242899992271,11.547522234983383,0.0002,60750.0
11.136604799976341,60720.05,3.24,1.9696888639957415,0.25623023999881717,11.560550159974568,0.0002,60799.96
11.149811799987221,60900.06,3.24,1.972115182997636,0.25654717699980834,11.574992979985943,0.0002,60799.96
11.162047699996037,60799.96,3.24,1.9743788244992668,0.25682286199976223,11.58841151599572,0.0002,60829.98
11.174256599973889,60910.07,3.24,1.9766374709951695,0.25755539599843336,11.6015971279718,0.0002,60860.0
11.187011399975745,60880.02,3.24,1.9789269949957555,0.2579,11.614881513975503,0.0002,60870.0
11.198923699994339,60829.98,3.24,1.9810116474990094,0.2579,11.626912936994282,0.0002,60880.02
11.211329499987187,60870.0,3.24,1.9828994249980783,0.25869306499910316,11.638253197488405,0.0002,60880.02
11.223619199998211,60860.0,3.24,1.9847428799997318,0.2593542879999732,11.649230607998454,0.0002,60880.02
11.235600799991516,60890.03,3.24,1.9865401199987276,0.25953401199987275,11.65959469199266,0.0002,60890.03
11.247011599974941,60920.09,3.24,1.9882517399962412,0.2600908119982459,11.669640323977697,0.0002,60890.03
11.259301299985964,60890.03,3.24,1.9900951949978947,0.2609510909990175,11.680578156987508,0.0002,60890.03
11.27140459997463,60880.02,3.24,1.9919677129960678,0.2608289310003805,11.69169223197666,0.0002,60890.03
11.280131599982269,60890.03,3.24,1.9933210559971632,0.26070723799902484,11.699725019983157,0.0002,60900.06
11.293023999984145,60940.14,3.24,1.9953838399974633,0.261416319999128,11.711972799984938,0.0002,60920.09
11.30541919998359,60960.21,3.24,1.9974212639972104,0.2619354799995897,11.723965007983756,0.0002,60930.12
11.316700999974273,60900.06,3.24,1.9993391699956267,0.26221752499935685,11.735133989974532,0.0002,60930.12
11.329130999976769,60940.14,3.24,2.0014979249959346,0.2628478599986062,11.747850584975957,0.0002,60930.12
11.341242799971951,60940.14,3.24,2.003629917994811,0.2635310699992988,11.760423581970128,0.0002,60930.12
11.353775999974461,60930.12,3.24,2.0059485599952755,0.26384439999936155,11.773771439972801,0.0002,60940.14
11.365959499991733,60930.12,3.24,2.008172709998512,0.26438736749946273,11.786776664991155,0.0002,60930.12
11.377947199973276,60890.03,3.24,2.01033049599519,0.265166567998263,11.799603503971406,0.0002,60930.12
11.390166199998928,61020.44,3.25,2.012479084999813,0.2653,11.812322016998891,0.0002,60930.12
11.402623699977994,60900.06,3.24,2.0146329104963696,0.2654180664990098,11.825044988978656,0.0002,60930.12
11.414804899977753,60940.14,3.24,2.0166428084963295,0.2659662204989989,11.83686075297842,0.0002,60930.12
11.427015399996888,60890.03,3.24,2.018622463999502,0.26634030799993774,11.848389244997122,0.0002,60910.07
11.435422199981984,60870.0,3.24,2.0199675519971176,0.2665084439996397,11.856165534983337,0.0002,60910.07
11.447733999986667,61000.36,3.24,2.0218987699979336,0.26702536999926674,11.8674766099878,0.0002,60940.14
11.460185299976729,61020.44,3.25,2.0238287214963933,0.2677064854991855,11.878868622978825,0.0002,60910.07
11.472547499986831,60890.03,3.24,2.025744862497959,0.2681391624995391,11.890118224988019,0.0002,60910.07
11.484729099989636,60910.07,3.24,2.0276330104983935,0.26863645499948186,11.901250771990467,0.0002,60900.06
11.497138399980031,61020.44,3.25,2.0295564519969047,0.26925691999900153,11.912667327981628,0.0002,60910.07
11.509734799998114,60940.14,3.24,2.0315088939997077,0.2695460219999717,11.924402037998236,0.0002,60910.07
11.521490799990715,60839.98,3.24,2.033345981998468,0.2698043559993501,11.93543862199104,0.0002,60910.07
11.534044199972413,60900.06,3.24,2.035417292995448,0.270683093998069,11.94755265297338,0.0002,60900.06
11.546402499981923,60870.0,3.24,2.0375204374968368,0.27119603749972887,11.959766524981744,0.0002,60910.07
11.558679699985076,60930.12,3.24,2.0396689474973884,0.27138019549977616,11.972166496984928,0.0002,60930.12
11.571195799973793,60789.97,3.24,2.0418592649954137,0.27207174799842765,11.985199610972614,0.0002,60900.06
11.583146799996028,60930.12,3.24,2.043966423999285,0.2725842660000199,11.997704139995829,0.0002,60900.06
11.592149799980689,60829.98,3.24,2.045586963996524,0.27253925100009657,12.007157289979723,0.0002,60930.12
11.604424499993911,60980.28,3.24,2.0477742874989344,0.2728318374995434,12.019935112493759,0.0002,60930.12
11.6157644999912,60950.18,3.24,2.0497587874984604,0.2736823374993401,12.031558612490981,0.0002,60930.12
11.6281667999865,60870.0,3.24,2.0518475219977725,0.2742041699996626,12.043903463986771,0.0002,60920.09
11.640492499980608,60950.18,3.24,2.0538812624968004,0.27453693749854574,12.055970337481483,0.0002,60930.12
11.652970499999356,60970.25,3.24,2.055940132499894,0.2754727874999517,12.067886827499384,0.0002,60920.09
11.6647638999857,60890.03,3.24,2.057886043497641,0.27614291699957105,12.07922098298613,0.0002,60950.18
11.678133799985517,60920.09,3.24,2.0600920769976105,0.2765440139995655,12.092189785985951,0.0002,60940.14
11.690526799997315,60789.97,3.24,2.062136921999557,0.2766526339999866,12.10442153199734,0.0002,60920.09
11.701721499994164,60950.18,3.24,2.063984047499037,0.27678607499970825,12.11546985499434,0.0002,60920.09
11.71401060000062,60819.96,3.24,2.0660117490001024,0.27740053000003106,12.127390282000603,0.0002,60890.03
11.726321599999208,60970.25,3.24,2.0680430639998697,0.2779212559999723,12.139237127999245,0.0002,60890.03
11.738599999982396,60940.14,3.24,2.0700689999970954,0.27835099999938384,12.15096299998319,0.0002,60900.06
11.750797799992142,60870.0,3.24,2.0720816369987034,0.2786699449998035,12.162827854992338,0.0002,60890.03
11.760028699995019,60860.0,3.24,2.073604735499178,0.2789018654996762,12.171828269495093,0.0002,60890.03
11.772554699971806,60890.03,3.24,2.0756715254953484,0.2797160554981674,12.184166379472229,0.0002,60870.0
11.784608799993293,61010.39,3.24,2.07768349599886,0.28024608799993295,12.196085755993327,0.0002,60870.0
11.797113299980992,60900.06,3.24,2.0798092609967687,0.2803711329998099,12.208527733481088,0.0002,60870.0
11.809310199983885,60819.96,3.24,2.0818361829973413,0.28114481599871094,12.220523995984209,0.0002,60870.0
11.82155879997299,60870.0,3.24,2.083849407995679,0.2820077939998649,12.232465271974613,0.0002,60870.0
11.83269549999386,60860.0,3.24,2.085631279999018,0.2820634774999693,12.242933769994229,0.0002,60870.0
11.84507169999415,60849.98,3.24,2.087611471999064,0.28248037749956134,12.254491322494589,0.0002,60870.0
11.857234600000085,60809.97,3.24,2.089557536000014,0.28339259500000646,12.26574200500008,0.0002,60870.0
11.86972269997932,60870.0,3.24,2.091555631996691,0.2837458404996898,12.277633791980147,0.0002,60870.0
11.88194739999017,60890.03,3.24,2.093531057998329,0.28398763299955765,12.289427925990267,0.0002,60870.0
11.89408899997943,60890.03,3.24,2.0955951299965037,0.28453400499907444,12.301448109979637,0.0002,60880.02
11.90616039998713,60880.02,3.24,2.097647267997812,0.2851696239992278,12.31346039998713,0.0002,60880.02
11.91465479999897,60880.02,3.24,2.099091315999825,0.28567928799993825,12.32195479999897,0.0002,60880.02
11.926793399994494,60900.06,3.24,2.1011888449990366,0.2861019009999174,12.334229267994385,0.0002,60880.02
11.939106899983017,60870.0,3.24,2.103343707497028,0.2862866034997453,12.346789037982678,0.0002,60880.02
11.951353199983714,60910.07,3.24,2.1054300439972313,0.2872082559986972,12.359337029983308,0.0002,60880.02
11.963625299977139,60870.0,3.24,2.1075344274959993,0.2879362529997714,12.371879679476796,0.0002,60870.0
11.976207499974409,60990.31,3.24,2.1097363124955217,0.2880620749997441,12.384650612474028,0.0002,60870.0
11.988587599975288,60809.97,3.24,2.111859891995799,0.28831468999938226,12.397044661975412,0.0002,60839.98
12.000815399980636,60829.98,3.24,2.113934540996805,0.2886407699990318,12.409190937981217,0.0002,60829.98
12.013035199983278,60789.97,3.24,2.115950807997241,0.28925175999916397,12.42104414398378,0.0002,60819.96
12.025399899983313,60839.98,3.24,2.1179639839973303,0.2897079979996663,12.43290290548423,0.0002,60819.96
12.037771599978441,60789.97,3.24,2.1199434559965504,0.2899554319995688,12.444594161979628,0.0002,60809.97
12.05013709998457,60819.96,3.24,2.121921935997531,0.2907095969989199,12.456178188485573,0.0002,60809.97
12.0621250999975,60740.02,3.24,2.123829390499613,0.291421250999975,12.467386968497664,0.0002,60799.96
12.071309699997073,60740.02,3.24,2.1252530034995463,0.29151309699997074,12.475974569497264,0.0002,60799.96
12.083618899981957,60860.0,3.24,2.1271971184970226,0.2918714174986468,12.487537954982859,0.0002,60819.96
12.096088299993424,60799.96,3.24,2.129254569498915,0.29280662249950684,12.499383884993753,0.0002,60799.96
12.108184499986237,60890.03,3.24,2.131250442497729,0.29334553499958715,12.511161732486444,0.0002,60819.96
12.120532999979332,60620.33,3.24,2.133293274996383,0.29372131999917334,12.523346324978816,0.0002,60799.96
12.13272579998011,60839.98,3.24,2.135427014996519,0.2942090319992044,12.535843944979614,0.0002,60819.96
12.144043999986025,60819.96,3.24,2.1374279199974846,0.2947426399991615,12.547566419985257,0.0002,60819.96
12.156365699978776,60789.97,3.24,2.1396458259961797,0.2954819419987266,12.56056581347761,0.0002,60799.96
12.168802499974845,60819.96,3.24,2.141884449995472,0.2959640749992454,12.573818674973085,0.0002,60819.96
12.181066099990856,60799.96,3.24,2.1440865674984,0.2963586354994971,12.586892752490629,0.0002,60819.96
12.193412900000112,60829.98,3.24,2.1462472575000198,0.2970377095000062,12.599548222500115,0.0002,60819.96
12.205669299990404,60670.17,3.24,2.148335434498417,0.2975984254996642,12.611714181490836,0.0002,60819.96
12.217891399981454,60779.97,3.24,2.15035208099694,0.2980261989993509,12.62338628698229,0.0002,60819.96
12.227047499996843,60819.96,3.24,2.1517571249995266,0.2983466624998895,12.631777987497143,0.0002,60819.96
12.239217700000154,60910.07,3.24,2.153582655000023,0.2987726195000054,12.642792018500138,0.0002,60799.96
12.251685699971858,60880.02,3.24,2.1555112834956383,0.2996179989980301,12.653900272974955,0.0002,60799.96
12.263985099998537,60839.98,3.24,2.157397764999781,0.3002199254999927,12.6648467389987,0.0002,60779.97
12.276188399991952,60769.98,3.24,2.159228259998793,0.30028094199995975,12.675707675992838,0.0002,60789.97
12.288352799980203,60799.96,3.24,2.161094683996932,0.3008846959986143,12.686742811981887,0.0002,60789.97
12.300717199977953,60630.3,3.24,2.1630183379963626,0.30172151599933866,12.698088511978836,0.0002,60769.98
12.311866399977589,60710.06,3.24,2.164857955996302,0.30205599199932776,12.708791743978487,0.0002,60769.98
12.324455499998294,60760.0,3.24,2.16695743499971,0.3025004974999233,12.721077777498287,0.0002,60760.0
12.336376799998106,60789.97,3.24,2.1689840559996783,0.3030369559999148,12.733058683998099,0.0002,60760.0
12.348623799975028,60730.03,3.24,2.171152283995505,0.30354495199900117,12.745884346973405,0.0002,60760.0
12.360802399984095,60720.05,3.24,2.1733524559969783,0.30404011999920477,12.758898687982187,0.0002,60750.0
12.373021899984451,60799.96,3.24,2.175674160997046,0.3046510949992226,12.772584527982586,0.0002,60750.0
12.381477699993411,60750.0,3.24,2.1772807629987483,0.3050886619996047,12.78206241249259,0.0002,60750.0
12.39383159999852,60799.96,3.24,2.1796280039997193,0.30582989599991134,12.795960549998338,0.0002,60750.0
12.40600939997239,60819.96,3.24,2.1818816919950303,0.3062901409995859,12.809269963970735,0.0002,60740.02
12.418531699979212,60750.0,3.24,2.1841357059962583,0.3064779754996882,12.822543601977964,0.0002,60740.02
12.431659699999729,60740.02,3.24,2.1863238504999556,0.3074327759999783,12.835409908999738,0.0002,60740.02
12.44310899998527,60670.17,3.24,2.188181894997717,0.30814663499977907,12.846298099986743,0.0002,60740.02
12.455606199975591,60710.06,3.24,2.190118960996217,0.3083340929996339,12.857545579978032,0.0002,60710.06
12.46791849998408,60620.33,3.24,2.191987774997612,0.30879592499920405,12.86846827998599,0.0002,60680.14
12.480640599998878,60740.02,3.24,2.193896089999832,0.3094256239999552,12.879673336998996,0.0002,60680.14
12.493079299980309,60650.23,3.24,2.1957618949970463,0.3099231719992124,12.890805973482376,0.0002,60670.17
12.505420499976024,60640.26,3.24,2.1976401774962837,0.31044392249892105,12.901932654978182,0.0002,60670.17
12.516570799984036,60660.2,3.24,2.1993684739975254,0.31094568599928163,12.912079427985473,0.0002,60680.14
12.528798499988625,60680.14,3.24,2.2013077599981803,0.3117598874991469,12.923514582489252,0.0002,60680.14
12.541320199990876,60710.06,3.24,2.203324433998449,0.3126132019999088,12.935413598990923,0.0002,60680.14
12.549601799983066,60650.23,3.24,2.2047323059971213,0.31269601799983066,12.943653790983152,0.0002,60660.2
12.561970599985216,60680.14,3.24,2.2068547079973393,0.3128788239994087,12.956069129984478,0.0002,60660.2
12.574538799992297,60690.1,3.24,2.2091169839986136,0.31338155199969187,12.969265739991911,0.0002,60660.2
12.58646619998035,60680.14,3.24,2.211263915996463,0.31382631699931224,12.981983495978778,0.0002,60660.2
12.598636699985944,60660.2,3.24,2.2134546059974696,0.3142522844995081,12.99512763598482,0.0002,60660.2
12.611285499995574,60640.26,3.24,2.2157878174991814,0.31486427499977876,13.008675484995265,0.0002,60660.2
12.623359099990921,60580.52,3.24,2.2179878424984114,0.3154007729997277,13.02145987299065,0.0002,60660.2
12.63558929998544,60660.2,3.24,2.220128127497452,0.31576767899956326,13.034056978985005,0.0002,60660.2
12.647989899996901,60660.2,3.24,2.2222183334994887,0.3162595454998606,13.04631025349701,0.0002,60660.2
12.660164000000805,60799.96,3.24,2.224225420000125,0.3168139400000684,13.058051700000744,0.0002,60650.23
12.672537299979012,60650.23,3.24,2.2261432814967472,0.31786567049821607,13.069497002480587,0.0002,60650.23
12.684752499975728,60690.1,3.24,2.2280128749963595,0.3185950499995146,13.080629724978397,0.0002,60650.23
12.697295499994652,60570.56,3.24,2.229894324999198,0.3188459099998931,13.091792994995242,0.0002,60660.2
12.706190799974136,60570.56,3.24,2.2312595739959913,0.31927144799844825,13.099740765976852,0.0002,60650.23
12.718418399977965,60600.43,3.24,2.2331548519965847,0.320005103998678,13.11068446798028,0.0002,60610.38
12.730761799990432,60710.06,3.24,2.235068078998517,0.32047666299966515,13.12205466499115,0.0002,60600.43
12.743100899999263,60610.38,3.24,2.237011648499878,0.3209240359999705,13.13362337749928,0.0002,60580.52
12.755429999990156,60660.2,3.24,2.2390459499983755,0.3214171999996062,13.145644249990402,0.0002,60570.56
12.767641199985519,60580.52,3.24,2.241137209997466,0.3217146179997828,13.15789402398523,0.0002,60570.56
12.780096699978456,60491.04,3.24,2.2433174059961223,0.32190676899849197,13.170602501977164,0.0002,60580.52
12.79230619998998,60530.8,3.24,2.2455151159981965,0.3227614339992987,13.18354457198938,0.0002,60570.56
12.804540499986615,60570.56,3.24,2.247717289997591,0.32343621499959846,13.196490227485882,0.0002,60570.56
12.816849099996034,60530.8,3.24,2.2499328379992867,0.3238054729998811,13.209475800495817,0.0002,60550.67
12.828742699988652,60570.56,3.24,2.251986258998071,0.324555702499149,13.221586413488597,0.0002,60550.67
12.840245799976401,60590.47,3.24,2.253940556996106,0.3254147479985841,13.233134738977464,0.0002,60550.67
12.85236759998952,60491.04,3.24,2.255940653998271,0.32614205599937124,13.244711057989994,0.0002,60570.56
12.86461409999174,60550.67,3.24,2.257938255998679,0.32687684599950445,13.256452606492031,0.0002,60570.56
12.87411819997942,60530.8,3.24,2.2594589119967075,0.32744709199876526,13.265624062980143,0.0002,60590.47
12.88637649998418,60690.1,3.24,2.261484004997311,0.32818258999905087,13.277548969984498,0.0002,60600.43
12.898583499976667,60700.09,3.24,2.2635591949960334,0.32891500999860007,13.289511829977135,0.0002,60630.3
12.911083999992115,60630.3,3.24,2.2656288599986993,0.3292770999998029,13.301817739992234,0.0002,60630.3
12.923441599996295,60600.43,3.24,2.26768507199937,0.3296548719998333,13.314007183996333,0.0002,60630.3
12.935624599980656,60660.2,3.24,2.2697561819967116,0.3302031069991296,13.32606835398085,0.0002,60630.3
12.948060700000497,60680.14,3.24,2.271830015500082,0.3308433385000274,13.338299486000487,0.0002,60650.23
12.960081999975955,60650.23,3.24,2.273813529996033,0.3315053299984372,13.350080359976436,0.0002,60650.23
12.972542799980147,60560.62,3.24,2.2758695619967244,0.33231528199870963,13.362291943980544,0.0002,60650.23
12.98475659999531,60630.3,3.24,2.277908621999203,0.33310917899969517,13.374332816995334,0.0002,60660.2
12.996547699993245,60620.33,3.24,2.279913108998852,0.33387560049956094,13.386064961493279,0.0002,60660.2
13.008634099998744,60660.2,3.24,2.2819677969997865,0.33435902299996234,13.398134099998744,0.0002,60680.14
13.020732099976156,60789.97,3.24,2.2840244569959465,0.3347585679980925,13.410221118476514,0.0002,60690.1
13.028787999995984,60700.09,3.24,2.2853939599993174,0.3354030399996788,13.418156179996044,0.0002,60690.1
13.041099899972325,60769.98,3.24,2.2874759839955723,0.3363164984995849,13.430250404473572,0.0002,60690.1
13.053338399971835,60690.1,3.24,2.289434143995494,0.33650007599957754,13.441938171973103,0.0002,60690.1
13.065629399992758,60710.06,3.24,2.2914007039988418,0.33705035199942074,13.453507194993302,0.0002,60690.1
13.077911199972732,60690.1,3.24,2.293365791995637,0.33803289599781855,13.464867859974776,0.0002,60690.1
13.09016579997842,60700.09,3.24,2.295275698996655,0.3385049739993526,13.47625419397993,0.0002,60690.1
13.102423099975569,60590.47,3.24,2.297199811495969,0.33889692399902277,13.48771406047667,0.0002,60640.26
13.114970700000413,60640.26,3.24,2.2992701655000682,0.33939882800001653,13.499697018500395,0.0002,60620.33
13.126925499993376,60530.8,3.24,2.3012427074989072,0.3401540399994702,13.51128698999351,0.0002,60600.43
13.139236999995772,60590.47,3.24,2.3032741049993026,0.3411389599996619,13.523352259995859,0.0002,60600.43
13.151525999972364,60550.67,3.24,2.305417049995164,0.34160340999903277,13.535914149971674,0.0002,60600.43
13.164000299992042,60600.43,3.24,2.307620053998568,0.34216001949948266,13.548820316491604,0.0002,60600.43
13.175836099981098,60620.33,3.24,2.309750497996598,0.3429293464987713,13.561307085480058,0.0002,60600.43
13.184223399992332,60580.52,3.24,2.31126021199862,0.34345340399953994,13.570197920991834,0.0002,60590.47
13.196674399980111,60630.3,3.24,2.31350139199642,0.3442004639988067,13.583458235978819,0.0002,60590.47
13.209164499974577,60600.43,3.24,2.315703787495551,0.3446291124993644,13.596485257473688,0.0002,60600.43
13.221406500000741,60650.23,3.24,2.3178320725001225,0.3449914225000482,13.609071337500723,0.0002,60600.43
13.233567599992966,60570.56,3.24,2.3198386539988394,0.34578189399954284,13.620928409993143,0.0002,60590.47
13.246892399998615,60590.47,3.24,2.321968321999785,0.34640677199995845,13.633506545998733,0.0002,60580.52
13.259052999987034,60520.85,3.24,2.3238532149979902,0.34677158999961105,13.644633494988136,0.0002,60580.52
13.271330799994757,60600.43,3.24,2.3257562739991875,0.3475365019996593,13.655584411995335,0.0002,60580.52
13.284607599984156,60580.52,3.24,2.3277911399976237,0.3482843039993663,13.66742380198582,0.0002,60570.56
13.296064599999227,60560.62,3.24,2.329509689999884,0.3487425839999691,13.677677816999308,0.0002,60560.62
13.307825699972454,60540.73,3.24,2.3313129834957307,0.349604312997521,13.688243129975211,0.0002,60560.62
13.319383499998366,60510.91,3.24,2.333104442499747,0.3506445149998531,13.69864514999853,0.0002,60560.62
13.331617499992717,60730.03,3.24,2.3350007124988714,0.3511066124997451,13.710120449993154,0.0002,60580.52
13.344028899999103,60530.8,3.24,2.337005057499843,0.3517021674999327,13.722069188999093,0.0002,60560.62
13.35244999997667,60550.67,3.24,2.338478749995917,0.3523337499982503,13.730574499976438,0.0002,60560.62
13.364545499993255,60580.52,3.24,2.340640917498752,0.3531045474996965,13.743131867492684,0.0002,60560.62
13.376773899974069,60590.47,3.24,2.342903171495203,0.35365482549883315,13.756399681471866,0.0002,60560.62
13.388984099990921,60580.52,3.24,2.3452069789982755,0.3543390459994553,13.770096953489697,0.0002,60560.62
13.401477099978365,60540.73,3.24,2.3475806489958897,0.3550664694990265,13.784246966475878,0.0002,60550.67
13.413737499999115,60580.52,3.24,2.349910124999832,0.3556181874999602,13.797917312499013,0.0002,60560.62
13.426064299972495,60560.62,3.24,2.3521612524951867,0.35638514399779964,13.811085585971945,0.0002,60560.62
13.438215199974366,60411.64,3.23,2.354287659995514,0.3573572159979493,13.823479503973854,0.0002,60560.62
13.45056819997262,60510.91,3.24,2.356238070995756,0.35792272799890484,13.835022743974811,0.0002,60540.73
13.462782199989304,60431.48,3.23,2.3581173299983957,0.3585782199989305,13.846162246990534,0.0002,60540.73
13.476038900000276,60590.47,3.24,2.3601058350000415,0.35990389000002776,13.857894426500245,0.0002,60560.62
13.487785199977225,60510.91,3.24,2.361867779996584,0.36037785199977224,13.868173123980187,0.0002,60540.73
13.499980399996275,60640.26,3.24,2.3636970599994416,0.36049980399996273,13.87878294799676,0.0002,60510.91
13.509052199980943,60500.97,3.24,2.3650578299971414,0.3610883929987613,13.886811196983134,0.0002,60510.91
13.520316499983892,60560.62,3.24,2.366749057497503,0.36181107749943625,13.8967927624851,0.0002,60510.91
13.533530399989104,60580.52,3.24,2.368797211998311,0.36227356399961863,13.90901561998992,0.0002,60520.85
13.545952099986609,60540.73,3.24,2.370782096497791,0.3627380839994644,13.920743776487079,0.0002,60510.91
13.558086499979254,60461.26,3.23,2.372784272496577,0.3632234599991702,13.932453472479981,0.0002,60510.91
13.569344799994724,60500.97,3.24,2.374688615999103,0.3639074119996571,13.943644799994726,0.0002,60510.91
13.581906399980653,60510.91,3.24,2.3768431519965176,0.36474297999854893,13.956320783979493,0.0002,60510.91
13.594221899984404,60520.85,3.24,2.379059941997193,0.36566664249883035,13.969375213983469,0.0002,60510.91
13.606502099981299,60481.1,3.23,2.3813028884965406,0.3664901259988779,13.982619799479522,0.0002,60510.91
13.619423299998745,60510.91,3.24,2.3836933104997677,0.36726539799992475,13.996768513498628,0.0002,60510.91
13.631746799976101,60590.47,3.24,2.3859731579955787,0.3682397439980882,14.010145277974072,0.0002,60510.91
13.643575099995362,60510.91,3.24,2.3881256424991886,0.36900725299986087,14.0228002284952,0.0002,60510.91
13.655701199983012,60520.85,3.24,2.390247709997027,0.36937103599949034,14.035350741982418,0.0002,60510.91
13.667715799994767,60451.33,3.23,2.3923116859991103,0.3700015269996598,14.047400062994845,0.0002,60500.97
13.676957399991807,60500.97,3.24,2.393882757998607,0.37060223099946743,14.056503038991929,0.0002,60500.97
13.689287799992599,60550.67,3.24,2.3958396089988527,0.37112507299974096,14.068091214993153,0.0002,60500.97
13.701557599997612,60471.18,3.23,2.397733639999642,0.3716012439998448,14.079370687997898,0.0002,60471.18
13.713931299978867,60471.18,3.23,2.39958969499683,0.37240553449862646,14.090259543981404,0.0002,60471.18
13.726168399996823,60471.18,3.23,2.401425259999524,0.3731084199998412,14.10099734999722,0.0002,60471.18
13.737397999997485,60431.48,3.23,2.403109699999623,0.37366989999987427,14.110823249997798,0.0002,60471.18
13.750492399994982,60590.47,3.24,2.4051263219992225,0.37448200599967385,14.122648083995433,0.0002,60431.48
13.762923199974464,60401.73,3.23,2.407082327995787,0.3752169279989786,14.13413550397523,0.0002,60431.48
13.774402199982433,60342.28,3.23,2.4089763629971013,0.37567608799929736,14.14527013398296,0.0002,60421.57
13.786524399998596,60342.28,3.23,2.4110091479997613,0.3762914639999158,14.157322265998577,0.0002,60421.57
13.799208199983696,60421.57,3.23,2.4131653939972284,0.3770524919990218,14.170196322983452,0.0002,60421.57
13.811405799991917,60362.09,3.23,2.4153530439985453,0.3774992029997171,14.182805002991635,0.0002,60421.57
13.823506799992174,60481.1,3.23,2.41749615599867,0.378080543999374,14.19529446999198,0.0002,60421.57
13.832566299999598,60421.57,3.23,2.419036270999932,0.3788053039999679,14.204580457499588,0.0002,60421.57
13.843780899973353,60481.1,3.23,2.420961657495337,0.3794756179994671,14.216018708973087,0.0002,60421.57
13.856136799993692,60530.8,3.24,2.423123939998896,0.3797227359998739,14.22849816799363,0.0002,60431.48
13.86831659998279,60381.91,3.23,2.4251722389971606,0.38059007699836517,14.240633433982964,0.0002,60431.48
13.88094619999174,60451.33,3.23,2.4272561229986374,0.38174730999958706,14.253108351992072,0.0002,60431.48
13.893234599992864,60431.48,3.23,2.4292837089988226,0.38236172999964324,14.264905215993151,0.0002,60421.57
13.905540199979441,60401.73,3.23,2.431286431996711,0.38311551499845814,14.276690890980367,0.0002,60401.73
13.918169899989152,60451.33,3.23,2.4333071839982647,0.3840627424991864,14.28875225448964,0.0002,60391.83
13.929690199991455,60381.91,3.23,2.4351988829985904,0.3845391569997009,14.299802591991797,0.0002,60381.91
13.941978799994105,60381.91,3.23,2.437216607999057,0.3849692579997937,14.311540283994518,0.0002,60391.83
13.954974699998274,60381.91,3.23,2.4392959519997244,0.38542411449993963,14.323626470998397,0.0002,60391.83
13.966404499980854,60372.01,3.23,2.441060674997128,0.3860483149986598,14.33406404998277,0.0002,60391.83
13.978597899986196,60391.83,3.23,2.4428896849979296,0.38690185299903385,14.345038109987577,0.0002,60381.91
13.987389099987922,60381.91,3.23,2.4443192014980073,0.3874433459992754,14.353319644988526,0.0002,60381.91
13.999661999987438,60500.97,3.24,2.4463442299979277,0.3881797199992463,14.364978899988065,0.0002,60381.91
14.011945899983402,60441.41,3.23,2.4484905324970954,0.38927513099850625,14.377843194982573,0.0002,60381.91
14.02400239999406,60391.83,3.23,2.450640443998901,0.39012007199982185,14.390602579993615,0.0002,60381.91
14.037233099981677,60352.19,3.23,2.45308812349661,0.3905169929994503,14.404825582480303,0.0002,60381.91
14.049633699993137,60391.83,3.23,2.455285897498799,0.3910816849996569,14.417770879492897,0.0002,60381.91
14.062144899973644,60332.39,3.23,2.4574539084956517,0.3917930409976281,14.430569828474567,0.0002,60362.09
14.074284699978307,60322.5,3.23,2.459456975496421,0.3928856229980477,14.442284735479067,0.0002,60352.19
14.086529599997448,60362.09,3.23,2.461412087999604,0.39359588799992345,14.453905175997614,0.0002,60352.19
14.098975000000793,60342.28,3.23,2.463341125000123,0.3939692500000238,14.465541625000743,0.0002,60352.19
14.11067469997215,60411.64,3.23,2.4652613254954048,0.3948539759977721,14.476534217973823,0.0002,60342.28
14.122103599976981,60332.39,3.23,2.4671365759963173,0.39567362599919437,14.487329973977788,0.0002,60342.28
14.134339499985801,60322.5,3.23,2.4690943199977284,0.39610188249950307,14.4991376174863,0.0002,60342.28
14.143802599981429,60352.19,3.23,2.470646441996843,0.39660420799851437,14.508383586981523,0.0002190129999071496,60342.28
14.155018499994185,60461.26,3.23,2.4725531449990115,0.3975014799995348,14.519543407494213,0.00027509249997092507,60332.39
14.167246400000295,60332.39,3.23,2.4746681200000515,0.3981898560000118,14.532000024000304,0.0003,60332.39
14.179620499984594,60391.83,3.23,2.476833587497304,0.39868481999938377,14.544807217484054,0.0003,60332.39
14.191960199997993,60312.6,3.23,2.479052835999639,0.3995970149998495,14.557698408997904,0.0003,60332.39
14.204338199982885,60322.5,3.23,2.4812591849970054,0.4005904379984597,14.570590036982287,0.0003,60352.19
14.216750899999168,60302.71,3.23,2.4834314074998547,0.4017075809999252,14.58343718149914,0.0003,60332.39
14.229197399981786,60481.1,3.23,2.4855635579969038,0.40245986999908934,14.595905425981968,0.0003,60332.39
14.241894599981604,60253.26,3.23,2.4877031359970565,0.4031420949986203,14.608409342982432,0.0003,60332.39
14.253316499991342,60352.19,3.23,2.489530639998615,0.4039987374993507,14.619317257491732,0.0003,60322.5
14.265829499985557,60352.19,3.23,2.4915327199976893,0.4045291474999278,14.631092287486641,0.0003,60322.5
14.27811169999768,60332.39,3.23,2.4934978719996286,0.40459055849998843,14.642453322497854,0.0003,60332.39
14.290258799999721,60253.26,3.23,2.495338819999958,0.40542070399997776,14.653484213999748,0.0003,60332.39
14.30247939997935,60431.48,3.23,2.4971843069967994,0.40638595499845126,14.664531459981415,0.0003,60302.71
14.311164199985797,60233.51,3.23,2.4985304509977984,0.40703731499893486,14.672347779987218,0.0003,60302.71
14.322960399993462,60282.93,3.23,2.500373663998954,0.40774440599990197,14.683053171993922,0.0003,60302.71
14.335203099995853,60332.39,3.23,2.5023324959993363,0.4079280464999378,14.694438882996144,0.0003,60282.93
14.347536499990383,60302.71,3.23,2.5043435224984134,0.4090551099986537,14.706248087490625,0.0003,60282.93
14.359910599974683,60223.63,3.23,2.506385248995823,0.41078748399645565,14.718312834975317,0.0003,60282.93
14.371998099988561,60263.15,3.23,2.5084396769980555,0.4112799239995425,14.730638061988333,0.0003,60263.15
14.385079499974381,60322.5,3.23,2.5107397074952607,0.4120317574978225,14.744285859972333,0.0003,60263.15
14.396614400000544,60203.88,3.23,2.512873664000101,0.4130122240000464,14.75674355200059,0.0003,60263.15
14.40899329999229,60282.93,3.23,2.515208726998535,0.41379463149957596,14.770337596491482,0.0003,60263.15
14.421105599991279,60263.15,3.23,2.5174990079984303,0.41444975199960754,14.783699575990537,0.0003,60263.15
14.43337069998961,60263.15,3.23,2.51970672599813,0.4150016814995324,14.797007209488727,0.0003,60263.15
14.445862199994735,60075.73,3.23,2.5218965739991055,0.4158862199994736,14.809974266994814,0.0003,60263.15
14.458173399994848,60223.63,3.23,2.5239894779991245,0.4171173399994849,14.822100798994926,0.0003,60263.15
14.466334500000812,60322.5,3.23,2.525281847500126,0.41761672500004066,14.82966439500074,0.0003,60263.15
14.479669499996817,60332.39,3.23,2.527348772499507,0.4182834749998409,14.841799244997105,0.0003,60263.15
14.491850499995053,60194.01,3.23,2.529118322499283,0.41895177749972795,14.852409934995697,0.0003,60263.15
14.503296599985333,60362.09,3.23,2.5307944899978,0.4196307619989733,14.862384524987167,0.0003,60322.5
14.515769499994349,60263.15,3.23,2.5326654249991525,0.42050386499960446,14.873298312495056,0.0003,60322.5
14.528253399999812,60322.5,3.23,2.534579276999971,0.42121266999999063,14.884510593999831,0.0003,60322.5
14.54091739997966,60421.57,3.23,2.5365467839967457,0.42189632699786445,14.896053181981086,0.0003,60322.5
14.553363199986054,60233.51,3.23,2.538538111997769,0.42320313599853576,14.90762777598703,0.0003,60263.15
14.5657319999882,60352.19,3.23,2.540545779998053,0.42407195999964603,14.919331379988614,0.0003,60263.15
14.577643500000704,60253.26,3.23,2.542511177500116,0.42442930500002113,14.93082597750068,0.0003,60263.15
14.58973789997981,60253.26,3.23,2.5446041324964668,0.42571723749747614,14.943178726479102,0.0003,60263.15
14.601290499995228,60342.28,3.23,2.5466387424991175,0.4270516199998091,14.955226002494726,0.0003,60263.15
14.613381799979834,60243.39,3.23,2.5488756329962694,0.4275352719991934,14.968586888977716,0.0003,60253.26
14.621907399996417,60233.51,3.23,2.5504624059993195,0.4279621289996955,14.978036287995987,0.0003,60253.26
14.63425139998435,60292.81,3.23,2.5528077659970267,0.4290113689986699,14.991861567982474,0.0003,60253.26
14.64650669999537,60263.15,3.23,2.5551037394991436,0.4300530694996066,15.005359769494978,0.0003,60243.39
14.659876299992902,60292.81,3.23,2.557577115498687,0.43118948549939673,15.019865785492298,0.0003,60243.39
14.67201639999985,60223.63,3.23,2.5597028699999735,0.431680655999994,15.032136563999849,0.0003,60243.39
14.683502699976088,60115.12,3.23,2.561642918496294,0.4322802159980871,15.043404970478122,0.0003,60233.51
14.696023899974534,60213.76,3.23,2.563583704496053,0.4332819119979628,15.0548618684767,0.0003,60223.63
14.708266199973878,60243.39,3.23,2.5653985989962123,0.43417863399817147,15.065567600977666,0.0003,60223.63
14.720488099992508,60115.12,3.23,2.567170774498914,0.4350317264995131,15.076024646993483,0.0003,60213.76
14.732750799972564,60292.81,3.23,2.568948865996022,0.43582880199821666,15.08669319597613,0.0003,60213.76
14.744831199990585,60213.76,3.23,2.5707488359985406,0.436638183999341,15.097396391991433,0.0003,60213.76
14.757180799992057,60203.88,3.23,2.572663023998769,0.43750265599944393,15.108634527992772,0.0003,60213.76
14.769329499977175,60273.03,3.23,2.5746393674962342,0.43816647499885875,15.120109672478202,0.0003,60213.76
14.778214199992362,60164.42,3.23,2.5761053429987397,0.43861070999961815,15.128594560992706,0.0003,60213.76
14.790935199998785,60273.03,3.23,2.5782043079997994,0.4396841679998907,15.141125847998797,0.0003,60213.76
14.803137299983065,60253.26,3.23,2.580264713996952,0.44067255149906864,15.153362791982389,0.0003,60213.76
14.814475799998037,60213.76,3.23,2.582305643999647,0.4412961689998921,15.16515483199796,0.0003,60203.88
14.826748999999836,60194.01,3.23,2.5845148199999706,0.4422411549999845,15.178121429999825,0.0003,60194.01
14.839145599980839,60213.76,3.23,2.586746207996551,0.44341883199817966,15.191385791979497,0.0003,60194.01
14.85230379999848,60184.14,3.23,2.5891146839997266,0.44423822799990886,15.205465065998375,0.0003,60194.01
14.864614499994786,60174.28,3.23,2.5913306099990616,0.4450922324995569,15.218522152494552,0.0003,60194.01
14.87704309998662,60115.12,3.23,2.593567757997592,0.44614866349886284,15.23151003948602,0.0003,60184.14
14.888205999974161,60184.14,3.23,2.595495019995608,0.447056479997933,15.242805999974163,0.0003,60184.14
14.901167699979851,60312.6,3.23,2.597692670496676,0.4480467079991941,15.255738507480356,0.0003,60184.14
14.913198700000066,60184.14,3.23,2.599677785500011,0.4485279480000027,15.267468732500065,0.0003,60184.14
14.925080799992429,60213.76,3.23,2.6016383319987506,0.4493080799992429,15.279002971992695,0.0003,60203.88
14.93331289998605,60174.28,3.23,2.602996628497698,0.4501312899986049,15.286946948486538,0.0003,60203.88
14.945614999975076,60233.51,3.23,2.604970324996137,0.4510245999990031,15.298537724977196,0.0003,60203.88
14.958250999974553,60273.03,3.23,2.606928904996056,0.4515300399989821,15.310099664976716,0.0003,60213.76
14.97061269998085,60203.88,3.23,2.6087919049971275,0.4526082064981808,15.321145302982957,0.0003,60213.76
14.983306899986928,60213.76,3.23,2.6107291039979086,0.45361574149954254,15.332542347987975,0.0003,60213.76
14.995947499992324,60134.83,3.23,2.612751599998772,0.45405816249973135,15.344171699992938,0.0003,60203.88
15.007052799977828,60184.14,3.23,2.6145637119963414,0.45469369599844794,15.354741215978493,0.0003,60203.88
15.020358199981274,60322.5,3.23,2.6167608939968163,0.45564119299784656,15.367663572980995,0.0003,60184.14
15.03266430000076,60243.39,3.23,2.6188529310001294,0.45705639450008756,15.380154264500774,0.0003,60184.14
15.044902999972694,60134.83,3.23,2.6209580249952213,0.45809611999890776,15.392625574972012,0.0003,60184.14
15.056696399988141,60144.69,3.23,2.623021869997925,0.45856785599952565,15.404713809987845,0.0003,60154.55
15.068140599993058,60105.27,3.23,2.62498390199882,0.4595547629992711,15.416281302993024,0.0003,60184.14
15.080551699997159,60115.12,3.23,2.627091030499531,0.4608331019998295,15.42873790749723,0.0003,60154.55
15.088948799995705,60263.15,3.23,2.628476551999291,0.46133692799974235,15.436925079995813,0.0003,60154.55
15.101531099993736,60213.76,3.23,2.630544975998998,0.4621531099993736,15.449154544994048,0.0003,60144.69
15.113804199994775,60154.55,3.23,2.6325086719991644,0.46338041999947754,15.460813989995035,0.0003,60144.69
15.125957599986577,60213.76,3.23,2.6344830039977856,0.46447660799892626,15.472419295987114,0.0003,60115.12
15.138052399997832,60085.57,3.23,2.6364786459996425,0.4654441919998267,15.48403030399792,0.0003,60115.12
15.15034089999972,60164.42,3.23,2.6385062484999535,0.4660653404999874,15.496034081999726,0.0003,60115.12
15.16277339999215,60065.88,3.23,2.640585344998626,0.4668328079990579,15.50828726699211,0.0003,60095.43
15.174980399984634,60095.43,3.23,2.642721569997311,0.46829764799815604,15.520555301984558,0.0003,60095.43
15.18709089999902,60115.12,3.23,2.6448054529998335,0.46936090849993634,15.532868172498997,0.0003,60095.43
15.19945829999051,60095.43,3.23,2.6469079109983866,0.47016478949938323,15.545544757490273,0.0003,60095.43
15.211626399977831,60085.57,3.23,2.6490346199961206,0.4712463759980049,15.55778453197772,0.0003,60095.43
15.224139999976614,60095.43,3.23,2.6511830999961417,0.4723725999978954,15.570277899976967,0.0003,60095.43
15.236235099990152,60065.88,3.23,2.653178791498375,0.4734611589991137,15.5821915734903,0.0003,60095.43
15.248336699994981,60105.27,3.23,2.6552172389991466,0.47405010099984946,15.594111649495057,0.0003,60095.43
15.257385199976852,60036.37,3.23,2.656755483996065,0.47432155599930553,15.603024421977201,0.0003,60095.43
15.270179899991488,60134.83,3.23,2.6588796834985957,0.4752143919993191,15.615627201491616,0.0003,60085.57
15.282440399983896,60144.69,3.23,2.6609026659973427,0.4761952319987117,15.62765498598446,0.0003,60065.88
15.294641999993473,60036.37,3.23,2.662915929998923,0.47717135999947796,15.639429529993702,0.0003,60065.88
15.30715379997855,60124.98,3.23,2.6649088389966757,0.47810076599849866,15.651288802979947,0.0003,60056.05
15.318301399995109,60026.54,3.23,2.666636716999242,0.4788810979996577,15.661711808995427,0.0003,60056.05
15.330746499996167,60056.05,3.23,2.6686731724993678,0.4799134524996743,15.673401709996398,0.0003,60065.88
15.343141399993328,60056.05,3.23,2.6707183309988993,0.4808884839995998,15.68514715799353,0.0003,60065.88
15.355146699992474,60065.88,3.23,2.6726992054987586,0.4816088019995486,15.696792298992701,0.0003,60056.05
15.367216099984944,60046.2,3.23,2.674690656497516,0.4826576904984192,15.70868001948502,0.0003,60065.88
15.37990049997461,60075.73,3.23,2.6767835824958106,0.483989552497334,15.721300997474735,0.0003,60065.88
15.391720499988876,60263.15,3.23,2.678851087498053,0.48476183249927696,15.733354909988654,0.0003,60075.73
15.403921699995408,60075.73,3.23,2.6809862974991963,0.4856921699995408,15.745898176495201,0.0003,60075.73
15.412399099994216,59977.39,3.23,2.6824698424989877,0.4865399099994216,15.754757059493956,0.0003,60075.73
15.424813699995864,60105.27,3.23,2.684690534499235,0.4875888219997519,15.767826590495597,0.0003,60075.73
15.436951399984537,60075.73,3.23,2.6869360089971392,0.4883170839990722,15.780753240983532,0.0003,60075.73
15.449359399994137,60134.83,3.23,2.689137894998974,0.48943593999941376,15.793686978993932,0.0003,60065.88
15.462520199973369,60046.2,3.23,2.691415832995606,0.4907772219970707,15.807119391974435,0.0003,60046.2
15.474808799976017,60036.37,3.23,2.693443451996043,0.49212896799736205,15.818916447976978,0.0003,60046.2
15.486420599976555,60065.88,3.23,2.695295192996366,0.4930852359985934,15.829806951978432,0.0003,60046.2
15.498835799982773,60046.2,3.23,2.6972195489973303,0.4938301479989665,15.841228935984153,0.0003,60036.37
15.511229899973841,60006.87,3.23,2.6990844849960767,0.4949106909976459,15.852182311976982,0.0003,60036.37
15.523484399978768,60016.7,3.23,2.7009226599968157,0.49592648599862,15.86298369398121,0.0003,60036.37
15.535899899987271,59967.57,3.23,2.7027849849980905,0.4967334934991726,15.873971411488734,0.0003,60036.37
15.547472199978074,60016.7,3.23,2.704558190996601,0.49748569299857476,15.884474423979828,0.0003,60026.54
15.559583199996268,59997.04,3.23,2.7064353959994216,0.49827290799975743,15.895616543996567,0.0003,60016.7
15.568123099976221,60134.83,3.23,2.7077996959961954,0.4993153874970276,15.903757560477292,0.0003,60016.7
15.580523099983111,60085.57,3.23,2.709788926997129,0.5008366169988178,15.915612637983449,0.0003,60016.7
15.592568099993514,60095.43,3.23,2.7118365769988975,0.501679766999546,15.927416737993644,0.0003,60016.7
15.60493819997646,60026.54,3.23,2.71396418499588,0.5026444379978814,15.93976165497587,0.0003,60016.7
15.617220299987821,59967.57,3.23,2.716113552497869,0.5037498269989039,15.952350807487516,0.0003,60026.54
15.62949959997786,59889.06,3.22,2.7183099279960152,0.5049024619978968,15.96536457197631,0.0003,60026.54
15.641803299979074,60075.73,3.23,2.720533610496129,0.5060713134980122,15.978583629976983,0.0003,60026.54
15.65404139997554,60016.7,3.23,2.7227976589954754,0.5072339329976765,15.992045539973095,0.0003,60016.7
15.666474499972537,59967.57,3.23,2.72509778249492,0.5083503324976658,16.005657204970067,0.0003,60016.7
15.679512499977136,60164.42,3.23,2.72750981249577,0.5094585624980567,16.01986862497508,0.0003,60016.7
15.691605100000743,60026.54,3.23,2.72963089250013,0.5104864335000632,16.03229522750076,0.0003,60016.7
15.703024399990682,60016.7,3.23,2.731583903998509,0.5114570739992078,16.043712691991335,0.0003,60016.7
15.715289599989772,59977.39,3.23,2.7335463359983634,0.5124996159991305,16.055119327990486,0.0003,60016.7
15.724030099983793,60016.7,3.23,2.734904514997569,0.5133030099983792,16.063046487985737,0.0003,60016.7
15.736249099980341,60065.88,3.23,2.736737364997051,0.5145249099980341,16.073799207982702,0.0003,60016.7
15.748897099983878,59928.29,3.22,2.738634564997582,0.5155227969988715,16.08501841898565,0.0003,60016.7
15.761598699988099,60194.01,3.23,2.7405477984981554,0.5164358894989884,16.096346823489228,0.0003,60016.7
15.773192999971796,60134.83,3.23,2.7423449149956283,0.5174214049976027,16.106839664974476,0.0003,60016.7
15.78530079999473,59987.21,3.23,2.744221623999183,0.5184505679995521,16.11787673599515,0.0003,60016.7
15.798080999986269,59938.12,3.22,2.746202554997872,0.519536884998833,16.129634519987366,0.0003,60006.87
15.810674699983792,60065.88,3.23,2.748261325497326,0.5207674699983794,16.14170108548436,0.0003,59997.04
15.823121699999321,60075.73,3.23,2.7503462974998816,0.522027778499929,16.15388413399931,0.0003,60006.87
15.83535209999536,60006.87,3.23,2.752486617499188,0.5233119704995131,16.16635914199527,0.0003,60006.87
15.847308999975212,59987.21,3.23,2.7546156199955383,0.5246770799970257,16.178957174973355,0.0003,60006.87
15.859383299975889,59997.04,3.23,2.7567889939956602,0.526125995997107,16.19193704747408,0.0003,60006.87
15.87137779998011,59859.66,3.22,2.7590617819962207,0.526825778998906,16.20517246897802,0.0003,60006.87
15.880469600000653,60006.87,3.23,2.7607845280001175,0.5273469600000652,16.215204820000704,0.0003,60006.87
15.892932199989446,60006.87,3.23,2.7630277959981,0.5285932199989445,16.228602114988654,0.0003,60006.87
15.90420729998732,60065.88,3.23,2.7649942044979077,0.5296155474990489,16.240323153987575,0.0003,60006.87
15.916309099993668,60006.87,3.23,2.766991001498955,0.5305231824995251,16.252182917993796,0.0003,60006.87
15.928808099997696,60134.83,3.23,2.769009295999631,0.531901012499712,16.263859411497894,0.0003,60006.87
15.941377499984808,59908.67,3.22,2.7710066249977214,0.5333964249989366,16.27534663748625,0.0003,60006.87
15.953752699977485,60016.7,3.23,2.772862904996623,0.534262688998424,16.286546193479627,0.0003,59997.04
15.966592499986291,59957.75,3.23,2.7748218374978753,0.535128512499109,16.298166212487594,0.0003,59977.39
15.978853399981745,59977.39,3.23,2.7767222769971704,0.5359254709988135,16.309262326983482,0.0003,59957.75
15.99104769999394,59859.66,3.22,2.7786123934990608,0.5369942929994548,16.320353406994485,0.0003,59957.75
16.003013599984115,59938.12,3.22,2.7804821759974585,0.5381013599984116,16.331287579985307,0.0003,59938.12
16.014967199997045,59997.04,3.23,2.782394751999527,0.5392967199997045,16.342344659997266,0.0003,59938.12
16.026869900000747,59957.75,3.23,2.7842991840001194,0.5404526405000709,16.353663803000725,0.0003,59928.29
16.03874189997441,59928.29,3.22,2.7861987039959053,0.5415804804975688,16.365179642975175,0.0003,59928.29
16.04738369997358,59889.06,3.22,2.7876921474953757,0.5424752884972255,16.37385753697331,0.0003,59928.29
16.0605699000007,59928.29,3.22,2.7899997325001222,0.5438598395000733,16.387189846500725,0.0003,59928.29
16.0718513999891,59859.66,3.22,2.791973994998092,0.5450443969988553,16.398866198988717,0.0003,59918.49
16.084086199989542,59918.49,3.22,2.7941355159981174,0.546451636998588,16.41159050998902,0.0003,59898.87
16.09671279997565,59938.12,3.22,2.7964083039956167,0.5481562279967124,16.42484843997443,0.0003,59898.87
16.109078099980252,59830.27,3.22,2.798588667496544,0.549144685998815,16.437650442979656,0.0003,59898.87
16.121375699993223,59898.87,3.22,2.8007269904988816,0.5499650839991866,16.450261942993286,0.0003,59918.49
16.133537199988496,59889.06,3.22,2.8027336379981014,0.5514244639986193,16.462301827988608,0.0003,59898.87
16.146535899984883,59869.46,3.22,2.8048784234975055,0.552592153999093,16.47500714348541,0.0003,59898.87
16.157987799990224,59938.12,3.22,2.806767986998387,0.5532792679994134,16.486058226990565,0.0003,59898.87
16.169997999997577,59977.39,3.23,2.8087496699996004,0.5546497499996971,16.497648069997663,0.0003,59889.06
16.182539599976735,59938.12,3.22,2.8108190339961614,0.5560777719983714,16.509788807977202,0.0003126979998836754,59889.06
16.19449649998569,59859.66,3.22,2.812791922497638,0.5569147549989981,16.521506569985974,0.0003724824999284366,59869.46
16.20395899997675,59820.47,3.22,2.814353234996163,0.5577552849973257,16.530680844977795,0.0004,59859.66
16.215351199993165,59928.29,3.22,2.816232947998872,0.5590653879992137,16.54156039599347,0.0004,59849.86
16.22781379998196,59830.27,3.22,2.8182502079971132,0.5605767249977446,16.553384040982948,0.0004,59849.86
16.24003190000076,59761.77,3.22,2.8202052635001245,0.5621031900000757,16.564930943000736,0.0004,59849.86
16.25210959999822,59830.27,3.22,2.822198083999706,0.563310959999822,16.57664631199827,0.0004,59840.06
16.26453089999268,59840.06,3.22,2.824270252998755,0.564507780999341,16.58880824549271,0.0004,59840.06
16.27687109998078,59849.86,3.22,2.826368086996733,0.5656183989982702,16.601086744480874,0.0004,59840.06
16.28938569998718,59908.67,3.22,2.82849556899782,0.567167069498269,16.613585699987176,0.0004,59840.06
16.30307859997265,59869.46,3.22,2.830807968995487,0.568784715998359,16.62724781397292,0.0004,59840.06
16.314430899976287,59742.22,3.22,2.8326810984960873,0.5694658539985772,16.638486590976523,0.0004,59840.06
16.32647149998229,59840.06,3.22,2.8346354399971667,0.5708354399971663,16.65011556748326,0.0004,59849.86
16.338007499987725,59879.26,3.22,2.8364811999980364,0.572681199998036,16.6610170874884,0.0004,59849.86
16.350218999985373,59849.86,3.22,2.83843503999766,0.5736131399991223,16.672454764986323,0.0004,59840.06
16.358537099993555,59742.22,3.22,2.839765935998969,0.5741122259996133,16.680232188493974,0.0004,59840.06
16.370999999984633,59840.06,3.22,2.8418149999974642,0.5757399999978485,16.692324999985015,0.0004,59820.47
16.38409729997511,59849.86,3.22,2.844017027495644,0.5772868109982575,16.705258759474734,0.0004,59820.47
16.395473799988395,59742.22,3.22,2.8460079149979687,0.5780831659991875,16.716805906988217,0.0004,59791.12
16.407652999972925,59781.33,3.22,2.8481392749952614,0.5795096849960738,16.729244324972246,0.0004,59791.12
16.419953599979635,59781.33,3.22,2.8502918799964356,0.581293271997047,16.741852439979127,0.0004,59781.33
16.43248789999052,59820.47,3.22,2.852422942998388,0.5824239109991466,16.754700097490282,0.0004,59791.12
16.44477079997887,59791.12,3.22,2.8545348899963017,0.5835770799978868,16.76724236197855,0.0004,59781.33
16.457187199994223,59791.12,3.22,2.856707759998989,0.5848187199994221,16.779845007994133,0.0004,59781.33
16.46939859999111,59751.99,3.22,2.8587977619984883,0.5861808389989774,16.79205160699115,0.0004,59781.33
16.481577399972593,59693.38,3.22,2.860852383995615,0.5875892879967112,16.80411430397369,0.0004,59781.33
16.493435499985935,59810.69,3.22,2.8627496799977497,0.5890122599983122,16.815498079986497,0.0004,59761.77
16.50606469999184,59742.22,3.22,2.8648006754986532,0.5904367934991431,16.827561464992247,0.0004,59751.99
16.514440899976762,59751.99,3.22,2.8661827484961657,0.5913162944975601,16.835518854977924,0.0004,59751.99
16.526799599989317,59673.85,3.22,2.8681539379983443,0.5925119639990385,16.847123627990065,0.0004,59751.99
16.539139499975136,59810.69,3.22,2.8700666224961457,0.593622554997762,16.858599734976874,0.0004,59751.99
16.5518784999731,59761.77,3.22,2.8721005599956957,0.5949472424971752,16.87032821997525,0.0004,59751.99
16.56441929997527,59751.99,3.22,2.874084991496167,0.5964407984964138,16.881887852477124,0.0004,59751.99
16.57698199999868,59751.99,3.22,2.8760322099997953,0.5982623899998082,16.893508349998775,0.0004,59751.99
16.588984399975743,59703.14,3.22,2.877937503996119,0.5992390639985445,16.904835179976953,0.0004,59742.22
16.60140919999685,59869.46,3.22,2.8799395639994647,0.6001325179994802,16.91670919999685,0.0004,59751.99
16.613690199999837,59654.33,3.22,2.8820273339999725,0.6021588829999729,16.928990199999838,0.0004,59742.22
16.625826399977086,59742.22,3.22,2.8841487519958755,0.603753507997823,16.941446851975826,0.0004,59732.45
16.637884799973108,59673.85,3.22,2.8863192639951594,0.6048990559974452,16.954168463971627,0.0004,59732.45
16.64990129999933,59664.1,3.22,2.8885317404998756,0.6065356884999026,16.967241923499262,0.0004,59712.91
16.661896599980537,59751.99,3.22,2.890750870996399,0.6082275919976644,16.98034832797898,0.0004,59722.67
16.671032099984586,59703.14,3.22,2.8924409384971486,0.6093238519981504,16.990214667983352,0.0004,59712.91
16.682298199972138,59732.45,3.22,2.8945021849951242,0.6106872749965173,17.00223267297172,0.0004,59712.91
16.694862299977103,59732.45,3.22,2.8967009024959927,0.6122577874971377,17.014985234476757,0.0004,59712.91
16.70720629999414,59712.91,3.22,2.8987169764990917,0.6138007874992673,17.026865827494575,0.0004,59712.91
16.720123399980366,59722.67,3.22,2.9007185099970547,0.6154123399980364,17.038809825982522,0.0004,59712.91
16.73251619999064,59712.91,3.22,2.902577429998596,0.6166516199990638,17.049839417991667,0.0004,59703.14
16.74500569998054,59654.33,3.22,2.9044758834969833,0.617950626997859,17.060955072982676,0.0004,59673.85
16.75708259997191,59654.33,3.22,2.9063478029956458,0.6192790859969098,17.071703513975,0.0004,59664.1
16.769321199972183,59664.1,3.22,2.908198179995827,0.6206253319969399,17.082689079974966,0.0004,59654.33
16.781835599977057,59537.42,3.22,2.910084517996444,0.6219835599977056,17.093970395979124,0.0004,59654.33
16.793703899980756,59673.85,3.22,2.911924104497017,0.6231703899980755,17.104770548982486,0.0004,59654.33
16.805572399985977,59625.08,3.22,2.913819445997686,0.6246915839977562,17.115821641986606,0.0004,59654.33
16.817613899998832,59625.08,3.22,2.915806293499807,0.6266182239998132,17.127321274498886,0.0004,59625.08
16.82949689999805,59527.69,3.22,2.917766988499678,0.6278547209998243,17.139049415498057,0.0004,59625.08
16.838958699983777,59771.55,3.22,2.9193281854973234,0.62870628299854,17.148463906483858,0.0004,59625.08
16.850078499992378,59664.1,3.22,2.9212637374986663,0.6308156999984758,17.15988085499215,0.0004,59625.08
16.86233109998284,59625.08,3.22,2.9234429089967393,0.6330447654981981,17.172664209981125,0.0004,59625.08
16.87476069998229,59547.14,3.22,2.9258045329966347,0.6343498734981402,17.186336769980517,0.0004,59625.08
16.88789449998876,59654.33,3.22,2.9282999549978643,0.6363210099979765,17.200981312487354,0.0004,59605.58
16.899245099979453,59703.14,3.22,2.9304565689960955,0.6383641179963011,17.213750737476882,0.0004,59605.58
16.911525799980154,59517.96,3.22,2.9327322729963283,0.639710208997916,17.227278379978166,0.0004,59566.62
16.923796099988976,59566.62,3.22,2.9349453369981258,0.6410365514987321,17.240320177989194,0.0004,59547.14
16.93624379998073,59605.58,3.22,2.937061445996724,0.6424680369977838,17.252518923981114,0.0004,59517.96
16.949144299986074,59517.96,3.22,2.939071644997911,0.6439973159983288,17.264246983987743,0.0004,59517.96
16.961146799993003,59517.96,3.22,2.9408662859989856,0.6454318819991952,17.274797715993913,0.0004,59517.96
16.97328429998015,59449.92,3.22,2.942626223497122,0.6468276944977173,17.28535734098273,0.0004,59517.96
16.985296399972867,59508.24,3.22,2.9444209419957943,0.648235567996744,17.295993241975445,0.0004,59517.96
16.994569799979217,59498.51,3.22,2.9458583189967786,0.649348375997506,17.30438566898119,0.0004,59508.24
17.006840499991085,59566.62,3.22,2.947794479998574,0.6509234674987966,17.31579847499153,0.0004,59498.51
17.01919649998308,59372.3,3.21,2.949771439997293,0.652591527497716,17.327536674983925,0.0004,59449.92
17.031506399973296,59625.08,3.22,2.95185608799546,0.6543108959962611,17.339576271973826,0.0004,59449.92
17.04254629998468,59449.92,3.22,2.953732870997395,0.655932870997395,17.350522688984217,0.0004,59430.5
17.055902799998876,59430.5,3.21,2.9560034759998084,0.6582034759998086,17.36427988399884,0.0004,59381.98
17.06741069999407,59372.3,3.21,2.9580709794989026,0.6596410699994069,17.376355341993712,0.0004,59372.3
17.07939780000015,59381.98,3.21,2.9602885930000276,0.660839780000015,17.38906166800016,0.0004,59372.3
17.09169319999637,59343.21,3.21,2.9625047759993466,0.6628878439993828,17.4022701899961,0.0004,59352.91
17.103992699994706,59323.83,3.21,2.964718685999047,0.6646992699994704,17.415432261994386,0.0004,59352.91
17.116102899977705,59352.91,3.21,2.9668985219959865,0.6659102899977704,17.428269073976367,0.0004,59352.91
17.128608699975302,59285.11,3.21,2.969106522495678,0.6677634789958012,17.441180873974808,0.0004,59343.21
17.140929199988022,59352.91,3.21,2.9712486719980835,0.6698115039985626,17.453692031988503,0.0004,59333.52
17.149339699972188,59236.75,3.21,2.97259435199555,0.6708207639966626,17.4617661119733,0.0004,59323.83
17.161525199975586,59391.68,3.21,2.974536405996216,0.672313527996582,17.473380305977905,0.0004,59314.15
17.173916999978246,59314.15,3.21,2.976457134996628,0.6740483799969545,17.484594884980314,0.0004,59285.11
17.18623099999968,59285.11,3.21,2.978334649999952,0.6758034949999535,17.495489814999722,0.0004,59285.11
17.19861629998195,59333.52,3.21,2.980192444997292,0.6775993634973823,17.506203099484384,0.0004,59275.42
17.21108749997802,59236.75,3.21,2.9820076874968127,0.6791304999973622,17.517046124980876,0.0004,59275.42
17.224019999994198,59178.77,3.21,2.9839230999991,0.6807225999992454,17.528438099994744,0.0004,59275.42
17.23504969998612,59256.08,3.21,2.9856327034978483,0.6821564609981954,17.538419978487436,0.0004,59256.08
17.247300899995025,59227.07,3.21,2.9875681439992037,0.683749116999353,17.5497993504953,0.0004,59256.08
17.26058919998468,59275.42,3.21,2.989700163997395,0.6854883799977016,17.56238919998468,0.0004,59246.41
17.272014899994247,59333.52,3.21,2.9916425329990215,0.6872022349991368,17.573814899994247,0.0004,59246.41
17.28411999999662,59256.08,3.21,2.993741599999391,0.6889767999995265,17.58612599999645,0.0004,59256.08
17.296243099990534,59246.41,3.21,2.995923757998296,0.6906740339986747,17.59885525499006,0.0004,59256.08
17.305646499997238,59178.77,3.21,2.997610426315295,0.6921212710521807,17.60883283947073,0.0004,59246.41
17.317934899998363,59246.41,3.21,2.9998094031576015,0.6941262205260483,17.62196202473509,0.0004,59246.41
17.330180699995253,59275.42,3.21,3.0019148154992163,0.6951967454996913,17.634242989495323,0.0004,59246.41
17.342078899993794,59275.42,3.21,3.0037971009994413,0.6959053944999689,17.645450238996833,0.0004,59246.41
17.354148199985502,59217.41,3.21,3.0048833379986952,0.6959657409999275,17.651605581992605,0.0004,59217.41
17.366436899988912,59217.41,3.21,3.0054728155000556,0.6958368930003326,17.65501844650017,0.0004,59217.41
17.3785786999797,59169.12,3.21,3.0054121065001014,0.6954726390006091,17.654836319500305,0.0004,59217.41
17.390745099983178,59256.08,3.21,3.004961470500757,0.6942793135019345,17.65231499950429,0.0004,59178.77
17.40295519999927,59178.77,3.21,3.0043729120000475,0.692816496000106,17.64894724800028,0.0004,59169.12
17.415139699995052,59130.52,3.21,3.0035809195003216,0.6910497435007175,17.644256215501905,0.0004,59169.12
17.427428899973165,59169.12,3.21,3.002621399002415,0.6891392315044278,17.638431960514893,0.0004,59169.12
17.439778999978444,59140.16,3.21,3.00150989000194,0.6871014650035572,17.631577655011966,0.0004,59169.12
17.45195699998294,59130.52,3.21,3.000139945001962,0.6859138700015356,17.62366838001126,0.0004,59178.77
17.46039049999672,59169.12,3.21,2.9991700925003775,0.6851548550002955,17.618102270002165,0.0004,59169.12
17.472653699980583,59265.76,3.21,2.998400778001165,0.6839346300019419,17.613737742006602,0.0004,59169.12
17.48518389998935,59188.42,3.21,2.9977954025002664,0.6826397710011716,17.610188737001813,0.0004,59169.12
17.49755869997898,59372.3,3.21,2.9974860325005253,0.6812785430023122,17.608085021003575,0.0004,59169.12
17.509968599973945,59391.68,3.21,2.9969515700013027,0.6796443960036478,17.605033635007167,0.0004,59169.12
17.522703399998136,59169.12,3.21,2.996187075000233,0.6777508030003824,17.6007224500014,0.0004,59188.42
17.534146299993154,59120.87,3.21,2.994756712500856,0.6754050085014036,17.592140275005136,0.0004,59188.42
17.546421899984125,59159.46,3.21,2.992761401003334,0.6724005395046833,17.580303953519607,0.0004,59169.12
17.558990199991968,59130.52,3.21,2.990122058001687,0.6686928910023696,17.56478210300992,0.0004,59159.46
17.571135799982585,59236.75,3.21,2.9871153710044407,0.6653633340047019,17.54724833702586,0.0004,59159.46
17.58322689999477,59207.75,3.21,2.9840432750013073,0.6618871815019088,17.529326457007688,0.0004,59159.46
17.595694599993294,59101.6,3.21,2.9809263500016767,0.6573364710024483,17.51099893800986,0.0004,59159.46
17.607823199999984,59101.6,3.21,2.9780306640000043,0.6536259680000047,17.493920448000026,0.0004,59159.46
17.61998579997453,59005.3,3.21,2.975233266005859,0.650463692006623,17.477379312034643,0.0004,59140.16
17.629289999982575,59159.46,3.21,2.973217650003747,0.6473814000059251,17.46543025002222,0.0004,59140.16
17.64171329999226,59178.77,3.21,2.9705537735015866,0.6432216750019351,17.44964047350933,0.0004,59120.87
17.654061199980788,59178.77,3.21,2.968022454003939,0.6401347000048033,17.434761254023154,0.0004,59120.87
17.665379199985182,59120.87,3.21,2.9657460560028897,0.6373489920035567,17.421451504016748,0.0004,59130.52
17.67762689999654,59140.16,3.21,2.963357754500675,0.6344095440008308,17.40761160300391,0.0004,59130.52
17.689999199996237,58995.68,3.21,2.9611251400006586,0.6314851880008846,17.39426084800399,0.0004,59140.16
17.701922499982174,59111.23,3.21,2.9590385625031197,0.6286878250041,17.381663662518093,0.0004,59130.52
17.71525649999967,59169.12,3.21,2.956705112500058,0.6256210050000763,17.368129652500336,0.0004,59120.87
17.726699799997732,59130.52,3.21,2.954731034000386,0.6230745430004876,17.356628699002258,0.0004,59120.87
17.739103799976874,59111.23,3.21,2.9526223540039314,0.620407683004972,17.34428671902301,0.0004,59130.52
17.751299600000493,59140.16,3.21,2.9506005659999186,0.6176310919998869,17.33230639199952,0.0004,59130.52
17.763616699987324,59111.23,3.21,2.9485682445020918,0.6149289940022822,17.320274884512237,0.0004,59130.52
17.775602299981983,59043.8,3.21,2.946590620502973,0.6127715860032434,17.30870878051739,0.0004,59130.52
17.784902699990198,59130.52,3.21,2.9450560545016176,0.610921892502206,17.299714381009508,0.0004,59130.52
17.7973124999844,59217.41,3.21,2.9430084375025745,0.6081296875035104,17.287676875015134,0.0004,59130.52
17.809651099989424,59314.15,3.21,2.9409725685017456,0.6057860575018512,17.27557866651042,0.0004,59130.52
17.822033799981,59053.42,3.21,2.93892425400323,0.6035932400038003,17.263366200019,0.0004,59130.52
17.834171999973478,59130.52,3.21,2.936860760004509,0.6011656000053047,17.251228000026522,0.0004,59130.52
17.846484699985012,59111.23,3.21,2.934767601002548,0.5987030600029977,17.238915300014988,0.0004,59159.46
17.858966100000544,59130.52,3.21,2.9326457629999076,0.5962067799998915,17.226433899999456,0.0004,59188.42
17.871089799999027,59188.42,3.21,2.9305847340001656,0.593882938000185,17.21436064900097,0.0004,59188.42
17.883402399980696,59236.75,3.21,2.9284915920032817,0.5915075080039573,17.202097600019304,0.0004,59188.42
17.895395999978064,59198.09,3.21,2.926452680003729,0.5890488200044969,17.190104000021936,0.0004,59198.09
17.907503299997188,59159.46,3.21,2.924361922500492,0.5869570215004076,17.177834117502883,0.0004,59198.09
17.91901230000076,59236.75,3.21,2.9223478474998674,0.5852882164998898,17.166037392499224,0.0004,59227.07
17.931504199979827,59333.52,3.21,2.92021428600343,0.5827941180042365,17.153390758020375,0.0004,59236.75
17.940618499997072,59198.09,3.21,2.918664855000498,0.5808801150006154,17.144185315002957,0.0004,59236.75
17.951967699977104,59265.76,3.21,2.916845168003664,0.5789354910038927,17.133490362021526,0.0004,59265.76
17.964427899976727,59265.76,3.21,2.9148858150034913,0.5767829780041895,17.121966308520598,0.0004,59265.76
17.976759499986656,59227.07,3.21,2.913036075002002,0.5745632900024022,17.11105284251181,0.0004,59265.76
17.98879959998885,59275.42,3.21,2.9111910620017283,0.5721620840023415,17.10031935800998,0.0004,59275.42
18.001269599975785,59333.52,3.21,2.9092568640038747,0.569564952003148,17.08914253202313,0.0004,59275.42
18.014144299988402,59314.15,3.21,2.9071969120018557,0.5678912410015078,17.076847193511078,0.0004,59285.11
18.025577699998394,59304.47,3.21,2.905321791000273,0.5660386830003374,17.065699411501615,0.0004,59304.47
18.037929599988274,59256.08,3.21,2.9032219680019935,0.5634447840024625,17.053285752011785,0.0004,59304.47
18.051050499983834,59285.11,3.21,2.90089091000291,0.5611919200025866,17.039697227516893,0.0004,59304.47
18.062536199984606,59333.52,3.21,2.8988234840027705,0.5593234840027709,17.02767930901624,0.0003923190000769678,59314.15
18.075210399983916,59304.47,3.21,2.896542128002895,0.557042128002895,17.014308028016966,0.00032894800008041606,59314.15
18.086976899998266,59343.21,3.21,2.894454042500304,0.5547149665003729,17.002103562001768,0.0003,59333.52
18.096166099974653,59265.76,3.21,2.8928459325044362,0.5527392885054501,16.992730578025856,0.0003,59343.21
18.108526500000153,59401.39,3.21,2.8907204949999743,0.5505333924999767,16.980198234999847,0.0003,59401.39
18.120832799992062,59449.92,3.22,2.88862842400135,0.5486259160012307,16.96776887200802,0.0003,59411.09
18.132280599995283,59459.63,3.22,2.8866822980008022,0.5466258950008257,16.956262997004742,0.0003,59411.09
18.14458999998169,59411.09,3.21,2.8845897000031133,0.5445974000025636,16.94394590001813,0.0003,59449.92
18.156785799976205,59411.09,3.21,2.8825164140040456,0.5428899880033314,16.93187205802356,0.0003,59459.63
18.16912729997421,59469.35,3.22,2.8804996320041267,0.5409589955042555,16.919979065024503,0.0003,59459.63
18.181713699974352,59498.51,3.22,2.8784893765039756,0.538896513503719,16.908046964523468,0.0003,59459.63
18.194653199985623,59459.63,3.22,2.8764837540022286,0.5370202860020847,16.896207322013154,0.0003,59469.35
18.205852399987634,59469.35,3.22,2.8747478780019167,0.5353478780019167,16.885984316011253,0.0003,59469.35
18.21894219997921,59479.07,3.22,2.8727189590032225,0.5333189590032225,16.87407259801892,0.0003,59479.07
18.230964299989864,59391.68,3.21,2.870805712001622,0.5312562475017737,16.862883379509476,0.0003,59498.51
18.242364999983693,59537.42,3.22,2.868981600002609,0.529295250002446,16.852189600015656,0.0003,59517.96
18.254616699996404,59517.96,3.22,2.867021328000576,0.5274574950005396,16.840427968003453,0.0003,59537.42
18.263196299987612,59537.42,3.22,2.8656266290021066,0.5260717215024161,16.832125663012267,0.0003,59537.42
18.275636499980465,59595.85,3.22,2.8635117950033213,0.5236458825038098,16.81980986501934,0.0003,59566.62
18.288040199986426,59566.62,3.22,2.861403166002308,0.5216143720019006,16.80753020201344,0.0003,59566.62
18.30002219998278,59566.62,3.22,2.8593662260029276,0.519936892002411,16.795668022017047,0.0003,59566.62
18.312169299984816,59576.36,3.22,2.8573012190025815,0.5180687585023538,16.783474853515262,0.0003,59576.36
18.324655599979447,59566.62,3.22,2.855160270003597,0.5160237140038025,16.770816454021272,0.0003,59595.85
18.337074699986264,59615.33,3.22,2.8529869275024042,0.5137261805025414,16.75796268551422,0.0003,59595.85
18.34945019998122,59673.85,3.22,2.8508212150032866,0.5118592230025354,16.745280796019156,0.0003,59605.58
18.36172999997507,59644.58,3.22,2.848679550004114,0.510161300004737,16.73278095002456,0.0003,59615.33
18.37363329998334,59625.08,3.22,2.846715505502749,0.5078996730031655,16.72105619951641,0.0003,59625.08
18.38576629999443,59595.85,3.22,2.844713560500919,0.5059280440006684,16.709176689005403,0.0003,59644.58
18.398437499999996,59605.58,3.22,2.8426228125000006,0.5044075000000003,16.696885625000004,0.0003,59664.1
18.410207799985074,59761.77,3.22,2.8406346740025374,0.5025807130024628,16.685284278014777,0.0003,59673.85
18.41869739998947,59673.85,3.22,2.8391914420017903,0.5011799290017376,16.676879574010428,0.0003,59664.1
18.43106179998722,59703.14,3.22,2.8370894940021727,0.49954227500159776,16.66453820001278,0.0003,59673.85
18.443251699995017,59712.91,3.22,2.8350172110008476,0.49811986400039887,16.65235955850496,0.0003,59703.14
18.4555683999788,59664.1,3.22,2.832923372003604,0.49713452800169605,16.640104442021094,0.0003,59712.91
18.467947799974354,59840.06,3.22,2.8308536130042317,0.49506726700602727,16.627891156025136,0.0003,59722.67
18.480203799990704,59644.58,3.22,2.828831373001534,0.4921871070021849,16.61588027600911,0.0003,59722.67
18.49247899997863,59732.45,3.22,2.826805965003526,0.4901633600034194,16.60390797502084,0.0003,59732.45
18.504819899972066,59751.99,3.22,2.824750617004749,0.487978721506006,16.591818299027658,0.0003,59751.99
18.518015399982687,59781.33,3.22,2.8225073820029434,0.48514168900372245,16.57875475401714,0.0003,59751.99
18.53015449998202,59722.67,3.22,2.8204437350030567,0.4843626825002697,16.56664550001798,0.0003,59761.77
18.542253899999196,59751.99,3.22,2.8183931065001326,0.48408714900007244,16.55457117800079,0.0003,59756.88
18.554181499988772,59781.33,3.22,2.816425052501853,0.48301366500101056,16.542882130011005,0.0003,59761.77
18.565955399972154,59840.06,3.22,2.8145071360044556,0.4814089200055692,16.531492370026456,0.0003,59771.55
18.574738099996466,59761.77,3.22,2.8131019040005656,0.4796523800007067,16.523148805003355,0.0003,59781.33
18.586910699988948,59830.27,3.22,2.81114519461717,0.47749066154016184,16.511653035394986,0.0003,59771.55
