Time (s),Resistance (Ohm),Voltage (V),Displacement,Force (N),Strain,Stress (MPa),Resistance Smoothed (Ohm)
0.0,45622.91,2.9,0.2557,0.0052,1.4845,0.0,45633.445
0.0012855529785156,45629.93,2.9,0.2558992607116699,0.0052192832946777335,1.485669853210449,0.0,45629.93
0.0023417472839356,45636.96,2.9,0.25606297082901,0.005235126209259033,1.4866309900283814,0.0,45633.445
0.0026192665100098003,45636.96,2.9,0.2561059863090515,0.0052392889976501465,1.4868835325241088,0.0,45636.96
0.0028936862945557005,45651.02,2.9,0.25614852137565614,0.005243405294418335,1.4871332545280456,0.0,45633.445
0.0031673908233643003,45629.93,2.9,0.25619094557762145,0.005247510862350464,1.4873823256492615,0.0,45629.93
0.003441333770752,45615.88,2.9,0.25623340673446654,0.0052516200065612795,1.4876316137313843,0.0,45629.93
0.0037140846252442005,45658.05,2.9,0.25627568311691284,0.005255711269378662,1.4878798170089722,0.0,45636.96
0.0039863586425781,45665.07,2.9,0.25631788558959956,0.0052597953796386715,1.488127586364746,0.0,45629.93
0.0042591094970703,45615.88,2.9,0.25636016197204586,0.005263886642456054,1.488375789642334,0.0,45629.93
0.0045328140258789,45622.91,2.9,0.2564025861740112,0.005267992210388183,1.4886248607635497,0.0,45629.93
0.0048065185546875,45629.93,2.9,0.25644501037597656,0.005272097778320313,1.4888739318847655,0.0,45636.96
0.005082368850708,45643.98,2.9,0.2564877671718597,0.005276235532760619,1.4891249556541442,0.0,45643.98
0.0053555965423584,45622.91,2.9,0.2565301174640655,0.005280333948135376,1.489373592853546,0.0,45643.98
0.0056300163269043,45636.96,2.9,0.25657265253067013,0.005284450244903564,1.489623314857483,0.0,45636.96
0.0059037208557129,45643.98,2.9,0.2566150767326355,0.005288555812835693,1.4898723859786986,0.0,45643.98
0.006863117218017601,45665.07,2.9,0.2567637831687927,0.005302946758270264,1.4907454366683959,0.0,45643.98
0.007154941558837899,45651.02,2.9,0.25680901594161987,0.0053073241233825685,1.4910109968185423,0.0,45643.98
0.007422924041748101,45643.98,2.9,0.25685055322647093,0.005311343860626221,1.4912548608779908,0.0,45643.98
0.0076897144317627005,45622.91,2.9,0.2568919057369232,0.00531534571647644,1.491497640132904,0.0,45643.98
0.0079550743103027,45679.14,2.9,0.2569330365180969,0.00531932611465454,1.4917391176223753,0.0,45643.98
0.0082197189331055,45700.26,2.9,0.25697405643463134,0.0053232957839965825,1.491979944229126,0.0,45643.98
0.0084841251373291,45629.93,2.9,0.257015039396286,0.005327261877059936,1.4922205538749693,0.0,45636.96
0.0087497234344483,45651.02,2.9,0.25705620713233945,0.005331245851516724,1.4924622483253478,0.0,45629.93
0.0090146064758301,45636.96,2.9,0.25709726400375366,0.005335219097137451,1.4927032918930052,0.0,45629.93
0.0092775821685791,45629.93,2.9,0.2571380252361297,0.005339163732528686,1.492942599773407,0.0,45629.93
0.0095415115356445,45629.93,2.9,0.25717893428802485,0.005343122673034667,1.4931827754974365,0.0,45629.93
0.0098052024841309,45622.91,2.9,0.2572198063850403,0.005347078037261963,1.493422734260559,0.0,45629.93
0.01007080078125,45629.93,2.9,0.2572609741210937,0.005351062011718749,1.4936644287109375,0.0,45636.96
0.0103340148925781,45651.02,2.9,0.2573017723083496,0.005355010223388671,1.493903953552246,0.0,45636.96
0.0105977058410645,45629.93,2.9,0.257342644405365,0.005358965587615967,1.4941439123153686,0.0,45636.96
0.0108604431152344,45643.98,2.9,0.2573833686828613,0.005362906646728516,1.4943830032348633,0.0,45636.96
0.0111236572265625,45636.96,2.9,0.25742416687011715,0.005366854858398437,1.4946225280761718,0.0,45636.96
0.011387825012207,45679.14,2.9,0.25746511287689205,0.005370817375183104,1.4948629207611084,0.0,45643.98
0.0116515159606934,45686.18,2.9,0.2575059849739075,0.005374772739410401,1.495102879524231,0.0,45651.02
0.0119142532348633,45693.21,2.9,0.25754670925140377,0.005378713798522949,1.4953419704437256,0.0,45643.98
0.0121779441833496,45601.84,2.9,0.25758758134841914,0.0053826691627502435,1.495581929206848,0.0,45651.02
0.0124425888061524,45636.96,2.9,0.25762860126495357,0.005386638832092286,1.4958227558135986,0.0,45651.02
0.0127062797546387,45651.02,2.9,0.257669473361969,0.00539059419631958,1.4960627145767211,0.0,45651.02
0.0129704475402832,45672.11,2.9,0.2577104193687439,0.0053945567131042475,1.4963031072616577,0.0,45643.98
0.0132343769073486,45615.88,2.9,0.257751328420639,0.005398515653610229,1.496543282985687,0.0,45643.98
0.0134978294372559,45658.05,2.9,0.2577921635627746,0.005402467441558838,1.4967830247879028,0.0,45643.98
0.0137622356414795,45643.98,2.9,0.2578331465244293,0.005406433534622192,1.4970236344337462,0.0,45643.98
0.0140249729156494,45629.93,2.9,0.25787387080192564,0.00541037459373474,1.497262725353241,0.0,45651.02
0.0227043628692627,45629.93,2.9,0.259232698059082,0.005608174514770507,1.5052285792827607,0.0,45643.98
0.0310628414154053,45643.98,2.9,0.2605700546264648,0.005942513656616211,1.5130437567234039,0.0,45643.98
0.0433979034423828,45658.05,2.9,0.26254366455078126,0.0063,1.5246449977874756,0.0,45643.98
0.0557544231414795,45658.05,2.9,0.26452070770263675,0.0063,1.536445474100113,0.0,45643.98
0.06790494918823241,45686.18,2.9,0.26654384136199955,0.006616197967529303,1.5483654244422913,0.0,45643.98
0.0806894302368164,45594.82,2.9,0.2687206502914429,0.007089658546447752,1.5611170074462892,0.0,45643.98
0.0932247638702393,45643.98,2.9,0.2709143336772919,0.006901628541946409,1.574153754425049,0.0,45643.98
0.1056680679321289,45587.8,2.9,0.2731485925674439,0.00685668067932129,1.58734985370636,0.0,45643.98
0.1178901195526123,45651.02,2.9,0.2754096721172333,0.006978901195526124,1.6006107797145845,0.0,45636.96
0.13010096549987799,45636.96,2.9,0.27766867861747746,0.007050504827499391,1.6138090427398684,0.0,45636.96
0.1423254013061524,45651.02,2.9,0.27990694522857673,0.007134881019592288,1.6268835363388063,0.0,45636.96
0.1544396877288819,45622.91,2.9,0.28202694535255435,0.00731659531593323,1.6393006799221042,0.0,45636.96
0.1664538383483887,45629.93,2.9,0.2840326141357422,0.007593615150451664,1.6510988772392274,0.0,45636.96
0.17829990386962888,45608.86,2.9,0.28592798461914065,0.007948997116088869,1.6622934091567994,0.0,45636.96
0.1876587867736817,45658.05,2.9,0.2873488180160523,0.008268057537078861,1.6706780262947083,0.0,45636.96
0.1986327171325684,45636.96,2.9,0.2889949075698853,0.008652145099639895,1.680389954662323,0.0,45636.96
0.2110385894775391,45665.07,2.9,0.29091098136901855,0.009086350631713869,1.6915347305297852,0.0,45636.96
0.2232162952423096,45665.07,2.9,0.29281460723876956,0.00948040738105774,1.7026393990039825,0.0,45636.96
0.2359151840209961,45636.96,2.9,0.29484642944335937,0.009797879600524903,1.7146398488998413,0.0,45643.98
0.2479805946350098,45622.91,2.9,0.29677689514160155,0.009780291080474852,1.7262012738227843,0.0,45643.98
0.2605037689208985,45643.98,2.9,0.2987856407165528,0.009615113067626954,1.7382936935424804,0.0,45636.96
0.2733695507049561,45658.05,2.9,0.3009728236198425,0.010001086521148683,1.750902159690857,0.0,45636.96
0.2858819961547852,45622.91,2.9,0.30309993934631346,0.010317639923095706,1.7632525861740114,0.0,45636.96
0.2977631092071534,45658.05,2.9,0.3051197285652161,0.010555262184143072,1.775074293661118,0.0,45636.96
0.3091950416564942,45636.96,2.9,0.3071091322898865,0.010691950416564944,1.7869088185310367,0.0,45636.96
0.3217079639434815,45629.93,2.9,0.3093159733295441,0.010842699098587042,1.8000360612392428,0.0,45636.96
0.3339519500732422,45629.93,2.9,0.31158111076354983,0.011148798751831057,1.8131983463287356,0.0,45636.96
0.346097469329834,45636.96,2.9,0.31379754447937014,0.01136097469329834,1.8261633174896241,0.0,45636.96
0.3549854755401612,45636.96,2.9,0.3153973855972291,0.011449854755401613,1.835584604072571,0.0,45636.96
0.3676741123199463,45665.07,2.9,0.31760459909439087,0.011576741123199464,1.8486124828815462,0.0,45636.96
0.3798766136169434,45658.05,2.9,0.3196790243148804,0.011698766136169436,1.8608759966850281,0.0,45636.96
0.3921866416931153,45658.05,2.9,0.32158892946243284,0.011821866416931155,1.872211710357666,0.0,45636.96
0.4046180248260498,45636.96,2.9,0.3234927037239075,0.012061630868911747,1.8833945914745331,0.0,45636.96
0.4169213771820069,45636.96,2.9,0.325338206577301,0.012492248201370244,1.894036991262436,0.0,45636.96
0.4293580055236817,45608.86,2.9,0.32715691080093384,0.012787160110473634,1.90493504486084,0.0,45636.96
0.4406125545501709,45608.86,2.9,0.32879800872802734,0.013024502182006837,1.9148635501861573,0.0,45636.96
0.4536361694335938,45643.98,2.9,0.330881787109375,0.013545446777343753,1.9268452758789063,0.0,45636.96
0.4656672477722168,45636.96,2.9,0.33280675964355466,0.013885008716583252,1.9381405578613282,0.0,45636.96
0.4777369499206543,45651.02,2.9,0.3347379119873047,0.014066054248809814,1.9497274719238282,0.0,45636.96
0.48980879783630377,45629.93,2.9,0.3367674956321717,0.014296175956726076,1.9615616658687591,0.0,45643.98
0.5017499923706056,45658.05,2.9,0.338806248664856,0.014508749961853029,1.9734199920654298,0.0,45643.98
0.5107991695404054,45636.96,2.9,0.34038985466957095,0.014553995847702027,1.9828311363220217,0.0,45651.02
0.5233716964721681,45643.98,2.9,0.3426069053649903,0.01463371696472168,1.995973998260498,0.0,45651.02
0.5356800556182862,45665.07,2.9,0.34482241001129155,0.014756800556182862,2.0090208589553833,0.0,45651.02
0.548015594482422,45651.02,2.9,0.347042807006836,0.01492023391723633,2.022016374206543,0.0,45651.02
0.5600247383117677,45651.02,2.9,0.3492042055130005,0.015100989532470707,2.0346252330780032,0.0,45651.02
0.5724875926971437,45651.02,2.9,0.3513228907585144,0.015599503707885745,2.0473373445510865,0.0,45651.02
0.5848555564880372,45629.93,2.9,0.35340116682052614,0.015972833347320557,2.0596613342285157,0.0,45651.02
0.5971305370330812,45651.02,2.9,0.35542653861045836,0.016156958055496214,2.071445315551758,0.0,45651.02
0.6091191768646241,45636.96,2.9,0.35731347241401673,0.01656476707458496,2.082589642715454,0.0,45643.98
0.6210753917694093,45651.02,2.9,0.3591720626831055,0.017021507835388184,2.0935839834690095,0.0,45643.98
0.6333796977996827,45643.98,2.9,0.36114075164794923,0.01726759395599365,2.10484242348671,0.0,45643.98
0.6454305648803712,45643.98,2.9,0.3630417375564575,0.017481458473205567,2.115977578163147,0.0,45643.98
0.6574048995971681,45643.98,2.9,0.36489775943756103,0.01766107349395752,2.127173581123352,0.0,45643.98
0.6667647361755372,45643.98,2.9,0.36641618146896365,0.017869118404388432,2.136060323047638,0.0,45643.98
0.6790759563446046,45679.14,2.9,0.36844753279685977,0.01817689890861512,2.1478175383090976,0.0,45643.98
0.6911003589630128,45679.14,2.9,0.37043155922889714,0.01842200717926026,2.159522849988938,0.0,45643.98
0.7033121585845948,45636.96,2.9,0.3724630669593812,0.01869936475753785,2.171545280170441,0.0,45643.98
0.71471905708313,45651.02,2.9,0.37440223970413217,0.019041571712493904,2.1830662476539615,0.0,45643.98
0.727128028869629,45622.91,2.9,0.3765830451965333,0.019235640144348146,2.195920070457459,0.0,45643.98
0.7393901348114015,45643.98,2.9,0.3787902242660523,0.01929695067405701,2.2088565922260286,0.0,45643.98
0.7517106533050538,45622.91,2.9,0.38100791759490976,0.01941710653305054,2.2219132925033573,0.0,45636.96
0.7649028301239015,45651.02,2.9,0.3833579952716828,0.019745141506195083,2.235725400876999,0.0,45629.93
0.7769777774810792,45643.98,2.9,0.3854711110591889,0.02034888887405397,2.2481022219181064,0.0,45629.93
0.7888474464416505,45629.93,2.9,0.3874598286628724,0.020588474464416508,2.259782023048401,0.0,45629.93
0.8011186122894288,45622.91,2.9,0.3894733849048615,0.020750337553024304,2.2716291233062744,0.0,45636.96
0.8127801418304444,45615.88,2.9,0.39128092198371894,0.02127510638237001,2.282357730484009,0.0,45629.93
0.82155179977417,45615.88,2.9,0.3926405289649964,0.021646553993225105,2.290412137794495,0.0,45636.96
0.8338892459869386,45665.07,2.9,0.3945528331279755,0.022016677379608163,2.301639213848114,0.0,45629.93
0.8462612628936769,45672.11,2.9,0.39650180206298835,0.02213738737106323,2.3131168934345245,0.0,45622.91
0.8585591316223146,45636.96,2.9,0.3984694610595704,0.02201440868377685,2.324738379383087,0.0,45622.91
0.8711612224578859,45622.91,2.9,0.4005416017055512,0.022334836673736577,2.336926385784149,0.0,45615.88
0.8838324546813966,45636.96,2.9,0.4026515172958375,0.022657486820220948,2.3492749678611755,0.0,45615.88
0.8960816860198976,45594.82,2.9,0.4047338866233826,0.022841225290298466,2.361340460729599,0.0,45601.84
0.9081759452819824,45531.69,2.9,0.4067490309715271,0.02306351890563965,2.373253306102753,0.0,45594.82
0.9205195903778076,45587.8,2.9,0.40879092831611635,0.02330259795188904,2.385422188329697,0.0,45594.82
0.9325740337371828,45594.82,2.9,0.41090045590400703,0.023362870168685917,2.3975369039058685,0.0,45594.82
0.9447367191314698,45580.78,2.9,0.4130052422523499,0.0234947343826294,2.409784086322784,0.0,45587.8
0.9568736553192141,45601.84,2.9,0.4150685214042664,0.023737473106384285,2.422042391872406,0.0,45587.8
0.9686958789825441,45594.82,2.9,0.4170782994270325,0.024104355764389046,2.433895878982544,0.0,45580.78
0.977959394454956,45580.78,2.9,0.4186530970573425,0.024428578805923463,2.443159394454956,0.0,45587.8
0.9901704788208009,45573.77,2.9,0.42067812900543217,0.024703409576416018,2.4551670692443848,0.0,45580.78
1.0017788410186768,45573.77,2.9,0.4225846145629883,0.02492668261528015,2.4664898989677426,0.0,45580.78
1.014188289642334,45601.84,2.9,0.4245701263427734,0.02511282434463501,2.478278875160217,0.0,45580.78
1.0263338088989258,45580.78,2.9,0.42651340942382815,0.025295007133483885,2.489690442276001,0.0,45580.78
1.039010763168335,45615.88,2.9,0.4285417221069336,0.025485161447525023,2.5014800097465515,0.0,45580.78
1.0514981746673584,45580.78,2.9,0.4305397079467774,0.026017417860031124,2.513265775060654,0.0,45580.78
1.0640220642089844,45587.8,2.9,0.43256364059448243,0.02652066192626953,2.525241622924805,0.0,45580.78
1.0761799812316895,45580.78,2.9,0.4345696969032287,0.02688539943695068,2.5371563816070557,0.0,45587.8
1.0883924961090088,45580.78,2.9,0.4366686868190765,0.027083924961090085,2.549376421070099,0.0,45587.8
1.1003069877624512,45587.8,2.9,0.4387537228584289,0.02721995420455932,2.561417732334137,0.0,45587.8
1.1123411655426025,45601.84,2.9,0.4408597039699554,0.028002175760269157,2.5738731063365936,0.0,45587.8
1.1242239475250244,45580.78,2.9,0.44296031055450436,0.0285,2.5862351449012753,0.0,45587.8
1.133593797683716,45594.82,2.9,0.44464688358306886,0.0285,2.5960734875679017,0.0,45580.78
1.1459112167358398,45608.86,2.9,0.4468049068450927,0.028618224334716794,2.6088294410705566,0.0,45580.78
1.158010482788086,45587.8,2.9,0.4488617820739746,0.028860209655761714,2.621170692443848,0.0,45580.78
1.170271873474121,45580.78,2.9,0.45089485912323,0.02925951557159424,2.633112357902527,0.0,45580.78
1.1826999187469482,45573.77,2.9,0.45293198699951176,0.029640498781204228,2.6450379236221315,0.0,45580.78
1.1950390338897705,45580.78,2.9,0.4549062454223633,0.02982558550834656,2.656636691856385,0.0,45580.78
1.207625389099121,45573.77,2.9,0.4569200622558594,0.03012876167297364,2.6684297388076788,0.0,45580.78
1.2197258472442627,45580.78,2.9,0.45885613555908206,0.030491775417327886,2.679743667173386,0.0,45580.78
1.2318532466888428,45587.8,2.9,0.46073725323677067,0.03073706493377686,2.69096425318718,0.0,45573.77
1.2438976764678955,45587.8,2.9,0.46262362823486336,0.03107539544105531,2.702124839115143,0.0,45573.77
1.2560253143310547,45559.74,2.9,0.46456405029296877,0.031621139144897475,2.713403542327881,0.0,45580.78
1.268042802810669,45573.77,2.9,0.46648684844970706,0.0322423541545868,2.7247406626701354,0.0,45580.78
1.2798857688903806,45552.73,2.9,0.4683817230224609,0.03289371728897095,2.7359914804458616,0.0,45587.8
1.2885241508483887,45559.74,2.9,0.4698491056442261,0.03302786226272583,2.744538909339905,0.0,45587.8
1.300764322280884,45629.93,2.9,0.47193375639915475,0.03323821611404421,2.7566834303379064,0.0,45587.8
1.3128042221069336,45587.8,2.9,0.4740407388687134,0.03384021110534669,2.7690243276596074,0.0,45587.8
1.3253090381622314,45594.82,2.9,0.4762556268692017,0.03425309038162232,2.782107216024399,0.0,45587.8
1.3377573490142822,45622.91,2.9,0.4784963228225708,0.034377573490142824,2.7954891501903534,0.0,45587.8
1.3499889373779297,45587.8,2.9,0.480747953414917,0.034599778747558596,2.8087879417419437,0.0,45587.8
1.3624126911163332,45594.82,2.9,0.48303428440094,0.03482412691116333,2.82223332567215,0.0,45587.8
1.3750169277191164,45573.77,2.9,0.485303046989441,0.03495016927719117,2.8354677741050724,0.0,45587.8
1.387665033340454,45587.8,2.9,0.48746473050117495,0.03530660133361817,2.848058432006836,0.0,45587.8
1.399763584136963,45573.77,2.9,0.4894609913825989,0.03579054336547852,2.8596730407714848,0.0,45587.8
1.4116215705871584,45559.74,2.9,0.49124323558807376,0.03614864711761476,2.870301305675507,0.0,45587.8
1.4238247871398926,45608.86,2.9,0.4930545941352844,0.0366103632926941,2.881108440876007,0.0,45587.8
1.435713768005371,45587.8,2.9,0.4947784963607788,0.03726425724029541,2.891392409324646,0.0,45587.8
1.4448540210723877,45580.78,2.9,0.49612810316085815,0.03759708042144776,2.899371538543701,0.0,45587.8
1.457313060760498,45615.88,2.9,0.4979969591140747,0.03784626121520997,2.9103354934692383,0.0,45587.8
1.4695260524749756,45608.86,2.9,0.4999241683959961,0.03823341183662415,2.9214639682769774,0.0,45594.82
1.481729507446289,45622.91,2.9,0.5018767211914062,0.03864323768615723,2.9327603271484373,0.0,45594.82
1.4939630031585693,45594.82,2.9,0.5038340805053712,0.03894907507896424,2.9445044830322264,0.0,45587.8
1.5065081119537354,45587.8,2.9,0.505906379032135,0.039295243358612064,2.9568081119537353,0.0,45587.8
1.5187308788299558,45587.8,2.9,0.5079842494010924,0.039661926364898674,2.9690308788299555,0.0,45587.8
1.5307891368865967,45601.84,2.9,0.5101420446395875,0.0400236741065979,2.9816825394153597,0.0,45587.8
1.5431029796600342,45573.77,2.9,0.5123740512371063,0.04043963408470154,2.9947977627277376,0.0,45587.8
1.5553605556488037,45552.73,2.9,0.5146417027950286,0.04099122500419616,3.00821980843544,0.0,45587.8
1.5673916339874268,45580.78,2.9,0.516867452287674,0.0413108745098114,3.021319922876358,0.0,45587.8
1.5794124603271484,45573.77,2.9,0.5190913051605225,0.041491186904907225,3.034362519454956,0.0,45587.8
1.5912795066833496,45615.88,2.9,0.5212303112030029,0.0416127950668335,3.046843482017517,0.0,45587.8
1.6007964611053467,45559.74,2.9,0.5229314160823822,0.041731858444213864,3.056776549577713,0.0,45580.78
1.6126446723937988,45615.88,2.9,0.5248863709449768,0.042205786895751954,3.0683285555839537,0.0,45587.8
1.625206708908081,45629.93,2.9,0.5269070398807526,0.04265620126724243,3.0802901721954346,0.0,45587.8
1.6372239589691164,45587.8,2.9,0.5287697136402131,0.04301671876907349,3.0913460422515873,0.0,45587.8
1.6493568420410156,45608.86,2.9,0.5306503105163574,0.043521057891845696,3.102461510467529,0.0,45587.8
1.6610372066497803,45566.75,2.9,0.5324607670307159,0.044041488265991205,3.113138672018051,0.0,45587.8
1.6736023426055908,45587.8,2.9,0.5344083631038666,0.04454409370422364,3.12451012005806,0.0,45587.8
1.6859769821166992,45587.8,2.9,0.5363264322280884,0.045128734016418474,3.13576893863678,0.0,45587.8
1.6981022357940674,45594.82,2.9,0.5382058465480805,0.045795622968673726,3.146863545751572,0.0,45587.8
1.709951400756836,45573.77,2.9,0.5400922241210938,0.0459,3.157904559707642,0.0,45587.8
1.7220892906188963,45531.69,2.9,0.5420551794052124,0.046004464530944825,3.169378844165802,0.0,45587.8
1.7343833446502686,45587.8,2.9,0.5441451685905457,0.046619167232513435,3.181611427927017,0.0,45587.8
1.7467498779296875,45580.78,2.9,0.5463487274169923,0.04706874694824219,3.1944898681640628,0.0,45594.82
1.7551705837249756,45608.86,2.9,0.5479065579891205,0.04727926459312439,3.203584230422974,0.0,45594.82
1.7677044868469238,45601.84,2.9,0.550225330066681,0.04751556730270386,3.2173134579658513,0.0,45587.8
1.7799134254455566,45608.86,2.9,0.552483983707428,0.047698701381683355,3.2308043351173406,0.0,45587.8
1.792175531387329,45622.91,2.9,0.5546915956497193,0.04843053188323976,3.243866940927506,0.0,45587.8
1.8046343326568604,45601.84,2.9,0.5568878365516663,0.04899268665313721,3.2568343326568607,0.0,45587.8
1.8166549205780032,45580.78,2.9,0.5589313364982605,0.04923309841156007,3.2688549205780033,0.0,45587.8
1.8292527198791504,45573.77,2.9,0.5609804351806641,0.049901426792144786,3.2807587658882142,0.0,45580.78
1.8415045738220215,45545.71,2.9,0.5629332089424133,0.05066770582199097,3.29205411643982,0.0,45580.78
1.8541815280914307,45587.8,2.9,0.5648981368541718,0.051238168764114383,3.3034633752822877,0.0,45573.77
1.8667414188385008,45566.75,2.9,0.5668449199199675,0.0515337070941925,3.314935812425613,0.0,45573.77
1.8786995410919192,45580.78,2.9,0.5686984288692475,0.051593497705459596,3.3259970755100254,0.0,45573.77
1.8906748294830322,45573.77,2.9,0.57055459856987,0.05208036732673645,3.33712759141922,0.0,45573.77
1.9027776718139648,45573.77,2.9,0.5724444274902344,0.05252777671813965,3.348397123146057,0.0,45580.78
1.9117329120635986,45573.77,2.9,0.5738772659301759,0.052617329120635985,3.356770272779465,0.0,45580.78
1.924166679382324,45587.8,2.9,0.5758875020980835,0.0529083339691162,3.3685208456039426,0.0,45573.77
1.9365110397338867,45601.84,2.9,0.5779243215560913,0.053525551986694335,3.380433153343201,0.0,45573.77
1.9487581253051756,45587.8,2.9,0.5799888813018799,0.054225487518310536,3.39251433467865,0.0,45573.77
1.9607481956481934,45580.78,2.9,0.5820309342384338,0.05491496391296387,3.4044743824958803,0.0,45573.77
1.9732239246368408,45566.75,2.9,0.5842141868114472,0.05516447849273682,3.41738676199913,0.0,45573.77
1.9856612682342527,45552.73,2.9,0.5863907219409943,0.055554757070541375,3.4302594126224517,0.0,45573.77
1.9978904724121094,45566.75,2.9,0.5885308326721191,0.05610507125854492,3.4429166389465333,0.0,45573.77
2.0101690292358394,45580.78,2.9,0.5906795801162719,0.056454225730895986,3.455421564674377,0.0,45573.77
2.022346019744873,45573.77,2.9,0.5927870932579041,0.05682903108596802,3.467687369251251,0.0,45573.77
2.034360885620117,45566.75,2.9,0.5947695461273194,0.05748984870910644,3.479401863479614,0.0,45573.77
2.0464360713958745,45573.77,2.9,0.5967619517803193,0.05812180356979372,3.4911429892539982,0.0,45573.77
2.0583310127258305,45608.86,2.9,0.598724617099762,0.05871655063629152,3.502681082344056,0.0,45580.78
2.0674843788146973,45566.75,2.9,0.6002723443984985,0.05891226568222046,3.5117095350265504,0.0,45580.78
2.0798306465148926,45601.84,2.9,0.6023712099075318,0.059097459697723384,3.5239323400497433,0.0,45587.8
2.0918514728546143,45608.86,2.9,0.6044147503852845,0.05975183100700378,3.535951472854614,0.0,45594.82
2.104452133178711,45594.82,2.9,0.6065568626403809,0.060444867324829094,3.5485743938446044,0.0,45594.82
2.1166670322418213,45608.86,2.9,0.6086333954811096,0.06111668677330016,3.56085036740303,0.0,45594.82
2.128872871398926,45573.77,2.9,0.6107083881378174,0.06147745742797851,3.5731172357559204,0.0,45594.82
2.141141176223755,45587.8,2.9,0.6127939999580383,0.061711411762237545,3.5854411762237546,0.0,45594.82
2.1533608436584473,45594.82,2.9,0.6148713434219361,0.06183360843658447,3.597660843658447,0.0,45594.82
2.1658239364624023,45615.88,2.9,0.6169900691986083,0.06198735904693603,3.6100656970977782,0.0,45587.8
2.177943706512451,45573.77,2.9,0.6190504301071167,0.06216915559768677,3.6220642694473266,0.0,45587.8
2.190276622772217,45587.8,2.9,0.6210956427574158,0.06266244802474977,3.6342224734306336,0.0,45587.8
2.202099323272705,45573.77,2.9,0.6230358917236328,0.06324695262908937,3.645804853725434,0.0,45587.8
2.214071273803711,45594.82,2.9,0.6249514038085938,0.06408498916625979,3.6572380664825443,0.0,45587.8
2.2260801792144775,45566.75,2.9,0.6268728286743165,0.0647432071685791,3.6685545666694646,0.0,45587.8
2.235490560531616,45559.74,2.9,0.6283784896850586,0.06511962242126465,3.6773062212944034,0.0,45587.8
2.2477746009826665,45608.86,2.9,0.6302661901474,0.06564985704422,3.688458267879487,0.0,45587.8
2.2599070072174072,45594.82,2.9,0.6320860510826111,0.06619581532478333,3.6993167714595794,0.0,45587.8
2.2714037895202637,45587.8,2.9,0.6338675873756409,0.0667701894760132,3.709606391620636,0.0,45587.8
2.2838926315307617,45566.75,2.9,0.6358228210449219,0.06735570526123047,3.7209396104812624,0.0,45566.75
2.2960610389709473,45587.8,2.9,0.6377697662353515,0.0678424415588379,3.732317071437836,0.0,45566.75
2.3083269596099854,45587.8,2.9,0.6398155831336976,0.06862452197074892,3.7443685944080354,0.0,45587.8
2.3206787109375,45559.74,2.9,0.64192216796875,0.06952714843750002,3.7568194335937504,0.0,45566.75
2.3328676223754883,45566.75,2.9,0.6441161720275879,0.07001470489501954,3.769739679718018,0.0,45566.75
2.345233917236328,45552.73,2.9,0.6463682746887207,0.07061403503417969,3.7830311393737794,0.0,45566.75
2.3574347496032715,45566.75,2.9,0.6486254286766052,0.0713460849761963,3.7963910508155823,0.0,45566.75
2.3695387840270996,45594.82,2.9,0.6509123689651489,0.07183385744094849,3.8096926624298098,0.0,45566.75
2.381855010986328,45559.74,2.9,0.6532246269226075,0.07231130065917969,3.8231292114257815,0.0,45566.75
2.390835285186767,45566.75,2.9,0.6547961749076843,0.07285011711120604,3.832468696594238,0.0,45566.75
2.403252124786377,45622.91,2.9,0.6569203399658203,0.07354634561538698,3.8450895185470584,0.0,45559.74
2.415695667266846,45545.71,2.9,0.6589113067626954,0.07410630502700809,3.8569108839035042,0.0,45559.74
2.4278092384338383,45580.78,2.9,0.6607713857650758,0.07476855430603031,3.867872129821778,0.0,45559.74
2.4402410984039307,45559.74,2.9,0.66263495926857,0.07551205492019655,3.8788085501194005,0.0,45559.74
2.4523758888244633,45552.73,2.9,0.6643945038795472,0.07611879444122317,3.889305143833161,0.0,45559.74
2.4647767543792725,45552.73,2.9,0.6662403969287872,0.07676272149086,3.900151311397553,0.0,45559.74
2.4769606590270996,45545.71,2.9,0.6681289021492005,0.0774328362464905,3.910994986534119,0.0,45559.74
2.489556074142456,45552.73,2.9,0.6700811914920807,0.07803002333641053,3.922539368581772,0.0,45559.74
2.5013692378997803,45559.74,2.9,0.6719259242534638,0.07860269284248353,3.933514468383789,6.846189498901514e-06,45559.74
2.513471364974975,45573.77,2.9,0.673922775220871,0.07951035237312316,3.9451325103759762,6.735682487487715e-05,45559.74
2.5254578590393066,45559.74,2.9,0.6759278360366822,0.08032747154235842,3.9569397269248965,0.0001,45559.74
2.5375735759735107,45566.75,2.9,0.6779875079154969,0.08105441455841064,3.9692371796131134,0.0001,45559.74
2.5466949939727783,45545.71,2.9,0.6796385738849641,0.0816016996383667,3.9789640684604644,0.0001,45559.74
2.5587646961212154,45594.82,2.9,0.681871468782425,0.08232588176727294,3.992059695291519,0.0001,45559.74
2.5710813999176025,45594.82,2.9,0.6842608729839326,0.08289866299629212,4.0060327959060675,0.0001,45559.74
2.5833208560943604,45552.73,2.9,0.6866309626579286,0.08344943852424622,4.019919358825684,0.0001,45559.74
2.5948374271392822,45552.73,2.9,0.6888191111564637,0.08396768422126771,4.032817918395996,0.0001,45559.74
2.608426809310913,45566.75,2.9,0.6912746916294098,0.08483201069831849,4.047363881683349,0.0001,45552.73
2.6203873157501225,45545.71,2.9,0.6933639070987703,0.08572711210250857,4.059767949962616,0.0001,45552.73
2.6327104568481445,45559.74,2.9,0.6953972253799439,0.08658973197937013,4.071474934005738,0.0001,45552.73
2.6450517177581787,45566.75,2.9,0.697332499074936,0.08732732729911805,4.082820253038407,0.0001,45552.73
2.6563286781311035,45538.71,2.9,0.69896765832901,0.08783479051589965,4.092687593364716,0.0001,45559.74
2.6686618328094482,45538.71,2.9,0.70075596575737,0.08838978247642518,4.103089321231842,0.0001,45559.74
2.680947780609131,45545.71,2.9,0.7025326892852783,0.0889331723213196,4.1132961357116695,0.0001,45559.74
2.693002700805664,45559.74,2.9,0.704220378112793,0.08935509452819825,4.123422268676758,0.0001,45559.74
2.7019057273864746,45559.74,2.9,0.7054953877449036,0.08973340091705322,4.131015154647827,0.0001,45559.74
2.7135372161865234,45580.78,2.9,0.7072982685089112,0.09054760513305665,4.141483494567871,0.0001,45552.73
2.7256991863250732,45587.8,2.9,0.7092118698120118,0.09128495931625366,4.15271422700882,0.0001,45559.74
2.7381653785705566,45538.71,2.9,0.7112064605712891,0.09190826892852783,4.164557109642028,0.0001,45559.74
2.7504284381866455,45552.73,2.9,0.7132728344917297,0.09252142190933227,4.176624153804779,0.0001,45559.74
2.762712240219116,45566.75,2.9,0.715388203239441,0.09323054041862489,4.188988535833358,0.0001,45559.74
2.7750356197357178,45552.73,2.9,0.7176064115524292,0.094278027677536,4.202112935018539,0.0001,45559.74
2.787519931793213,45566.75,2.9,0.7199287870407105,0.09492559795379639,4.215822323608398,0.0001,45552.73
2.799933910369873,45559.74,2.9,0.7222874429702759,0.09529801731109619,4.229725979614258,0.0001,45552.73
2.81233549118042,45524.69,2.9,0.7245820658683777,0.09622516183853148,4.243245685386658,0.0001,45559.74
2.82470440864563,45552.73,2.9,0.7268232715129852,0.09712930860519407,4.256398496818543,0.0001,45559.74
2.836458444595337,45559.74,2.9,0.728880227804184,0.09795209112167358,4.268387613487244,0.0001,45559.74
2.8486912250518794,45545.71,2.9,0.7309340521335601,0.09880838575363154,4.280387032175064,0.0001,45559.74
2.8572032451629634,45573.77,2.9,0.732338535451889,0.09940422716140741,4.28860113158226,0.0001,45559.74
2.869663715362549,45608.86,2.9,0.7343461944580078,0.10017982292175293,4.300577166748047,0.0001,45559.74
2.8824381828308105,45566.75,2.9,0.7363901092529297,0.10089752731323243,4.312767510032654,0.0001,45566.75
2.8949413299560547,45594.82,2.9,0.7383906127929687,0.10139765319824218,4.324395436859131,0.0001,45566.75
2.9070222377777104,45545.71,2.9,0.7402884468555451,0.1017404447555542,4.335455125188828,0.0001,45566.75
2.919313907623291,45580.78,2.9,0.7421936556816101,0.10198627815246582,4.346579086399078,0.0001,45566.75
2.9317324161529545,45517.68,2.9,0.744118524503708,0.10282126913070684,4.358111147022248,0.0001,45566.75
2.943878650665283,45566.75,2.9,0.7460399773597718,0.10369089879989628,4.369562291145325,0.0001,45566.75
2.9562551975250244,45552.73,2.9,0.7480821075916291,0.10461913981437683,4.381567541599274,0.0001,45552.73
2.9676804542541504,45566.75,2.9,0.7500440794944764,0.1054760340690613,4.3929572587966925,0.0001,45552.73
2.9799771308898926,45545.71,2.9,0.7521959979057312,0.10639828481674198,4.4053769021987925,0.0001,45566.75
2.992145299911499,45545.71,2.9,0.7542647009849549,0.10706799149513245,4.417848932409287,0.0001,45566.75
3.0046479701995845,45566.75,2.9,0.7564133947849273,0.10775563836097715,4.430640929603577,0.0001,45566.75
3.01652193069458,45538.71,2.9,0.7584913378715515,0.10840870618820192,4.442752369308472,0.0001,45566.75
3.0257568359375,45566.75,2.9,0.760078662109375,0.10897419433593752,4.452085620117188,0.0001,45566.75
3.0381202697753906,45580.78,2.9,0.7621804458618163,0.10977781753540039,4.464510871124268,0.0001,45566.75
3.05050802230835,45594.82,2.9,0.7642338236808778,0.11021524066925051,4.476645321750642,0.0001,45566.75
3.0627601146697994,45629.93,2.9,0.766241618347168,0.11073460974693297,4.4884945077896115,0.0001,45566.75
3.0752816200256348,45566.75,2.9,0.7682450592041016,0.11179893770217895,4.500264722824096,0.0001,45580.78
3.087188243865967,45608.86,2.9,0.7701501190185547,0.1125234709739685,4.511421008014679,0.0001,45580.78
3.0996029376983643,45587.8,2.9,0.7721364700317384,0.11308213219642642,4.52302874674797,0.0001,45580.78
3.111847400665283,45538.71,2.9,0.7740955841064453,0.11392931804656983,4.534655030632019,0.0001,45566.75
3.124233722686767,45552.73,2.9,0.7760985642433166,0.11475402336120603,4.54648554239273,0.0001,45566.75
3.1360983848571777,45587.8,2.9,0.7780562335014343,0.11546590309143068,4.557934941387177,0.0001,45566.75
3.1482341289520264,45552.73,2.9,0.7800586312770843,0.11623521838188172,4.569604763793945,0.0001,45566.75
3.1603057384490967,45531.69,2.9,0.782050446844101,0.11702293038368225,4.5811996236801145,0.0001,45566.75
3.1723427772521973,45552.73,2.9,0.7840365582466126,0.1179257082939148,4.592995921707153,0.0001,45552.73
3.1816787719726562,45566.75,2.9,0.7855853912353516,0.11855036315917969,4.602195559692383,0.0001,45552.73
3.1937103271484375,45580.78,2.9,0.7876307556152343,0.11891130981445312,4.614347430419922,0.0001,45566.75
3.2061157226562504,45608.86,2.9,0.7897702514648438,0.11965041503906253,4.626938037109375,0.0001,45566.75
3.2183713912963867,45573.77,2.9,0.7919149934768677,0.12075342521667481,4.639438819122314,0.0001,45566.75
3.2304613590240474,45552.73,2.9,0.793978431034088,0.12126614756584166,4.651509052228927,0.0001,45566.75
3.2423996925354004,45510.67,2.9,0.795983950805664,0.12177997694015502,4.663291706371307,0.0001,45566.75
3.2545340061187744,45566.75,2.9,0.7979254409790039,0.12269005045890809,4.67487997584343,0.0001,45566.75
3.2667963504791264,45566.75,2.9,0.7998874160766603,0.12357574453353885,4.686454587697984,0.0001,45552.73
3.278944492340088,45538.71,2.9,0.801831118774414,0.12442611446380614,4.697813100337982,0.0001,45552.73
3.291278600692749,45545.71,2.9,0.8038045761108399,0.12506393003463745,4.709514670658112,0.0001,45552.73
3.3037045001983643,45566.75,2.9,0.8058112425327302,0.12581488251686096,4.721393365192414,0.0001,45552.73
3.316150426864624,45552.73,2.9,0.807864820432663,0.12687278628349302,4.7334659140586846,0.0001,45566.75
3.3278605937957764,45552.73,2.9,0.8098363009452819,0.12786815047264097,4.745021290826798,0.0001,45566.75
3.336243152618408,45538.71,2.9,0.8112613359451294,0.1285806679725647,4.753361936855317,0.0001,45566.75
3.348618268966675,45608.86,2.9,0.8134081970691681,0.129244730758667,4.765976817035675,0.0001,45566.75
3.360990285873413,45587.8,2.9,0.8155782514572143,0.12979407715797422,4.7787447515964505,0.0001,45566.75
3.3733963966369633,45573.77,2.9,0.8178113513946533,0.1309726576805115,4.791833198451997,0.0001,45566.75
3.385798931121826,45615.88,2.9,0.8200438076019286,0.13183195724487304,4.804946866989136,0.0001,45566.75
3.3983223438262944,45566.75,2.9,0.8222980218887329,0.13233289375305177,4.818221684455872,0.0001,45566.75
3.41079044342041,45566.75,2.9,0.8244883275985717,0.13320928325653075,4.830952300071717,0.0001,45566.75
3.4232165813446045,45552.73,2.9,0.8266146530151367,0.1341894923210144,4.843404000997544,0.0001,45566.75
3.4355301856994633,45517.68,2.9,0.8285848297119142,0.13529771671295174,4.855286629199983,0.0001,45566.75
3.4477372169494633,45566.75,2.9,0.8305379547119142,0.13604817476272585,4.8667182395935065,0.0001,45566.75
3.4595136642456055,45566.75,2.9,0.8324221862792969,0.13657811489105226,4.877552571105957,0.0001,45566.75
3.4716711044311523,45559.74,2.9,0.8342506656646729,0.13741697731018068,4.888270571899414,0.0001,45566.75
3.483834266662598,45573.77,2.9,0.8360751399993898,0.1382300559997559,4.898974154663087,0.0001,45573.77
3.492604970932007,45587.8,2.9,0.8373907456398011,0.13875629825592042,4.906692374420166,0.0001,45573.77
3.5051255226135254,45601.84,2.9,0.8392944560050964,0.1396612970352173,4.917889853191376,0.0001,45573.77
3.5175724029541016,45580.78,2.9,0.8412237224578858,0.14078151626586916,4.929278748703003,0.0001,45573.77
3.5295822620391846,45573.77,2.9,0.8431810732364655,0.14119164524078368,4.940794794178009,0.0001,45573.77
3.5421299934387207,45573.77,2.9,0.8452620988845825,0.14157039947509764,4.9530512933731075,0.0001,45573.77
3.5542707443237305,45559.74,2.9,0.8473260265350343,0.14254165954589845,4.965313451766968,0.0001,45559.74
3.566760301589966,45531.69,2.9,0.8494830527782441,0.1435408241271973,4.978096912145615,0.0001,45559.74
3.5787482261657715,45559.74,2.9,0.85158093957901,0.1444998580932617,4.990504414081573,0.0001,45559.74
3.5910816192626953,45538.71,2.9,0.8538500995635987,0.14537571334838867,5.003712740707398,0.0001,45559.74
3.6034588813781743,45538.71,2.9,0.8561398930549623,0.14629400491714484,5.01707018070221,0.0001,45552.73
3.615347385406494,45524.69,2.9,0.8583392663002014,0.147304527759552,5.030028650093079,0.0001,45552.73
3.6272649765014657,45587.8,2.9,0.8605076957702639,0.14817222347259526,5.042837199974061,0.0001,45552.73
3.639394760131836,45552.73,2.9,0.8626910568237305,0.14896065940856934,5.0557554195404055,0.0001,45559.74
3.651405096054077,45559.74,2.9,0.8647388663291932,0.14996943316459657,5.067748070573806,0.0001,45552.73
3.6606669425964355,45503.68,2.9,0.8663000413894653,0.15075335540771484,5.0769035830497735,0.0001,45552.73
3.673070192337036,45608.86,2.9,0.8681605288505554,0.1517456153869629,5.088128524065018,0.0001,45552.73
3.6853151321411133,45587.8,2.9,0.869997269821167,0.1526189079284668,5.098997589302063,0.0001,45552.73
3.697586297988891,45566.75,2.9,0.8718379446983336,0.15335517787933345,5.109612147760391,0.0001,45552.73
3.7096652984619145,45538.71,2.9,0.8736497947692872,0.15417657089233403,5.120253789138794,0.0001,45552.73
3.7210395336151123,45552.73,2.9,0.875366325378418,0.15496237201690677,5.130366766262055,0.0001,45552.73
3.7332866191864014,45552.73,2.9,0.8773258590698242,0.15569719715118407,5.141756555843354,0.0001,45552.73
3.7457005977630615,45552.73,2.9,0.8793405986309051,0.15661305379867552,5.1535295798301695,0.0001,45552.73
3.7578999996185303,45566.75,2.9,0.8813534999370576,0.15771099996566776,5.165362999629974,0.0001,45552.73
3.7702410221099854,45545.71,2.9,0.8834409737586976,0.1588728971004486,5.177845842552185,0.0001,45552.73
3.7827000617980953,45552.73,2.9,0.8855995114326476,0.15998900432586666,5.190689066123962,0.0001,45552.73
3.794867515563965,45552.73,2.9,0.8878504903793335,0.16084072608947755,5.203708241653443,0.0001,45552.73
3.8068902492523193,45566.75,2.9,0.8900402448654176,0.16164786620140076,5.216641469192505,0.0001,45552.73
3.8159425258636475,45538.71,2.9,0.8916696546554564,0.16223626418113707,5.226417927932739,0.0001,45552.73
3.827921152114868,45587.8,2.9,0.8938654131412506,0.16325250945091246,5.239236027002335,0.0001,45552.73
3.8401389122009273,45559.74,2.9,0.8961236150741577,0.16440902929306028,5.252242385005951,0.0001,45552.73
3.8524897098541264,45559.74,2.9,0.8982232506752015,0.16521183114051818,5.264901952600479,0.0001,45538.71
3.8649654388427734,45510.67,2.9,0.9003192974090576,0.166072407913208,5.277366821289062,0.0001,45538.71
3.877121925354004,45489.67,2.9,0.9023251176834107,0.1669841444015503,5.289037048339844,0.0001,45531.69
3.889613389968872,45510.67,2.9,0.9042900754451751,0.1680171381473541,5.300500117921829,0.0001,45524.69
3.9024040699005127,45524.69,2.9,0.9062606104850769,0.16903222384452818,5.312027601861954,0.0001,45524.69
3.9146914482116704,45517.68,2.9,0.9081037172317505,0.16970802965164186,5.322901931667328,0.0001,45517.68
3.926649332046509,45538.71,2.9,0.9098973998069764,0.17053194656372073,5.333484658861161,0.0001,45510.67
3.938717365264892,45531.69,2.9,0.9117076047897339,0.1714973892211914,5.34416486825943,0.0001,45517.68
3.9507687091827393,45524.69,2.9,0.9135691499233246,0.17229996609687806,5.355099525356293,0.0001,45524.69
3.9628851413726807,45489.67,2.9,0.9154760483264923,0.17313081130981445,5.366284161424637,0.0001,45524.69
3.9719543457031246,45503.68,2.9,0.9169724670410156,0.17385634765625,5.375035943603515,0.0001,45517.68
3.9843235015869145,45510.67,2.9,0.9190349952697755,0.17488911514282232,5.387231589126587,0.0001,45517.68
3.9963991641998287,45538.71,2.9,0.9210878579139709,0.1759759247779846,5.399609143304824,0.0001,45517.68
4.008670806884766,45552.73,2.9,0.9233040992736816,0.1769069564819336,5.412577763366699,0.0001,45510.67
4.021211624145508,45510.67,2.9,0.9256180923461915,0.17778481369018556,5.426002495956421,0.0001,45510.67
4.033538341522218,45517.68,2.9,0.9278369014739992,0.17864768390655525,5.439253717136384,0.0001,45510.67
4.045737981796265,45517.68,2.9,0.9300041468143464,0.17950165872573853,5.452081431341171,0.0001,45510.67
4.057933568954468,45496.67,2.9,0.932138374567032,0.18035534982681276,5.46458190817833,0.0001,45510.67
4.070321083068848,45482.67,2.9,0.9342545841217041,0.18158371372222903,5.476814661407471,0.0001,45503.68
4.082550048828125,45496.67,2.9,0.9363080078125,0.18280400390625,5.488748046875,0.0001,45503.68
4.094395399093628,45503.68,2.9,0.9382032638549805,0.18375163192749025,5.500119583129883,0.0001,45503.68
4.106468200683594,45517.68,2.9,0.940167253112793,0.1846204330444336,5.511774154663086,0.0001,45503.68
4.118573188781738,45496.67,2.9,0.9421645761489869,0.18540725727081298,5.523515993118286,0.0001,45503.68
4.127630710601807,45489.67,2.9,0.9436590672492982,0.18611045684814453,5.532339942836762,0.0001,45517.68
4.1399009227752686,45531.69,2.9,0.9456836522579194,0.1870920738220215,5.544303399705887,0.0001,45517.68
4.152235746383667,45531.69,2.9,0.9477800768852235,0.18801768097877503,5.556329852724076,0.0001,45517.68
4.164656639099121,45538.71,2.9,0.9498450622558594,0.18908894710540772,5.568393656730652,0.0001,45517.68
4.1766581535339355,45538.71,2.9,0.9517653045654297,0.19034910612106326,5.579975118160248,0.0001,45524.69
4.189040422439575,45531.69,2.9,0.9537916697025299,0.1914684359073639,5.591969209766388,0.0001,45524.69
4.201524496078491,45496.67,2.9,0.9558591643333435,0.19250671472549435,5.6041321185588835,0.0001,45524.69
4.213713645935059,45496.67,2.9,0.95793131980896,0.1933599552154541,5.616382214164734,0.0001,45503.68
4.227367877960205,45503.68,2.9,0.9602893786430359,0.19431575145721436,5.630104717350006,0.0001,45496.67
4.237995386123657,45524.69,2.9,0.96214919257164,0.195059677028656,5.640785363054276,0.0001,45496.67
4.25022554397583,45461.67,2.9,0.964187214756012,0.1961202989578247,5.652974416255951,0.0001,45496.67
4.262202501296997,45482.67,2.9,0.9661634127140045,0.19719822511672977,5.664792376232147,0.0001,45496.67
4.274236679077148,45468.67,2.9,0.9681490520477295,0.19828130111694336,5.676224845123291,0.0001,45496.67
4.283310413360596,45489.67,2.9,0.9696131140708922,0.19913104133605955,5.6847124761581425,0.0001,45496.67
4.29559850692749,45559.74,2.9,0.9715177685737609,0.20035985069274903,5.695894641304016,0.0001,45496.67
4.307974100112915,45489.67,2.9,0.9734359855175018,0.20135818700790406,5.707276042604446,0.0001,45496.67
4.31997013092041,45545.71,2.9,0.9752953702926634,0.20219790916442867,5.718372371101379,0.0001,45503.68
4.3322272300720215,45503.68,2.9,0.9773174929618835,0.20317817840576172,5.730077004718781,0.0001,45503.68
4.343603134155273,45496.67,2.9,0.9791945171356201,0.20417832908630373,5.741013055801392,0.0001,45510.67
4.356279373168945,45510.67,2.9,0.9812860965728759,0.20550933418273923,5.753372388839721,0.0001,45510.67
4.36845850944519,45531.69,2.9,0.9832956540584564,0.20657668075561522,5.7653739243507385,0.0001,45510.67
4.380827188491821,45503.68,2.9,0.9853447579860687,0.20758685479164124,5.777647868204117,0.0001,45510.67
4.393136501312256,45524.69,2.9,0.9874988877296448,0.20887933263778685,5.7902649138450615,0.0001,45503.68
4.405797243118286,45510.67,2.9,0.9897435037612915,0.2101797243118286,5.803474063920975,0.0001,45510.67
4.417824029922485,45489.67,2.9,0.9919083253860473,0.21138240299224856,5.816282591867447,0.0001,45510.67
4.429996728897095,45524.69,2.9,0.994099411201477,0.21249970560073855,5.82909656534195,0.0001,45524.69
4.441736698150635,45475.67,2.9,0.9962039221763611,0.21357366981506354,5.8413627486228945,0.0001,45510.67
4.451002597808839,45489.67,2.9,0.9978254546165468,0.2145002597808839,5.850767636775972,0.0001,45510.67
4.463502645492554,45538.71,2.9,0.9999779365062713,0.21571523809432985,5.863332592582703,0.0001,45510.67
4.475991487503052,45545.71,2.9,1.0020385954380036,0.2168392338752747,5.8755716577529915,0.0001,45510.67
4.488177537918091,45559.74,2.9,1.0040084060668946,0.21789509072303775,5.887145997953415,0.0001,45510.67
4.500171422958374,45503.68,2.9,1.005926570558548,0.21891714229583742,5.898356852006913,0.0001,45510.67
4.512617588043213,45510.67,2.9,1.007855726146698,0.22016175880432132,5.9097450930595405,0.0001,45510.67
4.524975061416626,45510.67,2.9,1.009771134519577,0.2213477555274964,5.921077056503297,0.0001,45510.67
4.537262201309204,45496.67,2.9,1.0116756412029266,0.2224535981178284,5.932381225204468,0.0001,45510.67
4.549588203430175,45503.68,2.9,1.013634112548828,0.22356293830871576,5.943960852241515,0.0001,45503.68
4.561388731002808,45517.68,2.9,1.0155291406154634,0.2246041548252106,5.955154012727738,0.0001,45503.68
4.573606967926025,45496.67,2.9,1.0175451497077943,0.2255205225944519,5.9670667937278745,0.0001,45510.67
4.585035085678101,45517.68,2.9,1.0194811399936676,0.22647833313941956,5.978385436534881,0.0001,45510.67
4.597388505935669,45503.68,2.9,1.0216429885387421,0.22765190806388858,5.990862390995026,0.0001,45517.68
4.605796575546265,45468.67,2.9,1.0231144007205963,0.22845067467689517,5.999586404323578,0.0001,45517.68
4.618051528930664,45552.73,2.9,1.0252590175628662,0.22961489524841308,6.012454105377198,0.0001,45517.68
4.63062047958374,45517.68,2.9,1.027564788722992,0.23080894556045534,6.025917015552521,0.0001,45517.68
4.642876863479614,45538.71,2.9,1.0298178354263308,0.2319589177131653,6.039020706653595,0.0001,45517.68
4.6552414894104,45566.75,2.9,1.032043468093872,0.23307173404693604,6.052003563880921,0.0001,45517.68
4.667173624038696,45517.68,2.9,1.0340836479663849,0.2338945493221283,6.063994283437729,0.0001,45517.68
4.679811239242554,45531.69,2.9,1.0361688544750214,0.23458961815834048,6.076315958261491,0.0001,45517.68
4.6920692920684814,45538.71,2.9,1.0380103938102723,0.23272925972938538,6.0871209770202634,0.0001,45517.68
4.704601287841797,45517.68,2.9,1.0398671867370604,0.23092483901977542,6.098034101104736,0.0001,45517.68
4.716266393661499,45496.67,2.9,1.0415586270809174,0.2294667007923126,6.108007766580582,0.0001,45517.68
4.7284417152404785,45503.68,2.9,1.0433662572860718,0.22925325145721437,6.118755335140229,0.0001,45517.68
4.740798473358154,45510.67,2.9,1.0452317481040954,0.22968383970260617,6.129858549690247,0.0001,45517.68
4.7530412673950195,45517.68,2.9,1.0472518091201781,0.23096933307647705,6.141489204025269,0.0001,45517.68
4.761457443237305,45489.67,2.9,1.0486404781341554,0.23192590370178223,6.149535581588745,0.0001,45517.68
4.774088144302368,45559.74,2.9,1.0507245438098909,0.23388366236686706,6.161976822137833,0.0001,45510.67
4.786276817321777,45545.71,2.9,1.0527670589447022,0.23574152259826658,6.174139585494995,0.0001,45517.68
4.7986485958099365,45552.73,2.9,1.0548702612876892,0.23759728937149052,6.186635081768036,0.0001,45517.68
4.81097412109375,45538.71,2.9,1.057075341796875,0.23928150634765624,6.199632568359375,0.0001548706054687496,45517.68
4.823456048965454,45482.67,2.9,1.059339369058609,0.24108752832412716,6.212949813127517,0.0002,45538.71
4.836288690567017,45503.68,2.9,1.0617134077548982,0.24326907739639284,6.226873229265213,0.0002,45538.71
4.848193168640137,45552.73,2.9,1.0639157361984253,0.2451289752960205,6.239748622131348,0.0002,45503.68
4.8607258796691895,45496.67,2.9,1.066227028942108,0.24701614074707026,6.253240397262573,0.0002,45503.68
4.873047351837158,45503.68,2.9,1.0683832865715028,0.2489875762939453,6.2658082988739014,0.0002,45503.68
4.885034561157227,45538.71,2.9,1.0704055297851562,0.25077966575622557,6.277682833099365,0.0002,45503.68
4.89722752571106,45482.67,2.9,1.0723564041137694,0.252425715970993,6.289266149425506,0.0002,45517.68
4.908967018127441,45503.68,2.9,1.0741450527191163,0.25387604217529297,6.299880646133423,0.0002,45538.71
4.9211084842681885,45517.68,2.9,1.0759662726402284,0.2553551877975464,6.3106810085773475,0.0002,45517.68
4.930405139923096,45538.71,2.9,1.0773607709884645,0.2566567195892334,6.31890854883194,0.0002,45517.68
4.942878723144531,45566.75,2.9,1.0792462020874025,0.2583166595458985,6.330048425292969,0.0002,45517.68
4.9549031257629395,45573.77,2.9,1.0811099844932557,0.25963934383392334,6.341110875701904,0.0002,45517.68
4.967397689819336,45538.71,2.9,1.0831206188201905,0.26145760726928713,6.352901782226563,0.0002,45538.71
4.979529142379761,45517.68,2.9,1.0851223084926604,0.2635199542045594,6.3645479766845705,0.0002,45538.71
4.991802453994751,45510.67,2.9,1.0872064171791076,0.26513431901931767,6.376743441724778,0.0002,45538.71
5.004216194152832,45510.67,2.9,1.0893378339767457,0.2670010768890381,6.389242679977417,0.0002,45538.71
5.016511917114259,45538.71,2.9,1.0914895854949953,0.26933726425170923,6.401907274627686,0.0002,45524.69
5.028508186340332,45545.71,2.9,1.0936314735412598,0.27127622795104983,6.414561218452454,0.0002,45524.69
5.040705919265747,45524.69,2.9,1.0958305950641631,0.27311294708251954,6.427558863210678,0.0002,45524.69
5.052828550338745,45538.71,2.9,1.0980732818126677,0.27505256805419925,6.440590691614151,0.0002,45524.69
5.064930200576782,45524.69,2.9,1.1002627851009368,0.27711208710670476,6.453378106594085,0.0002,45524.69
5.076698064804077,45510.67,2.9,1.1023221613407135,0.27928914198875426,6.465499006748199,0.0002,45524.69
5.0861170291900635,45510.67,2.9,1.1038787246704103,0.2808481395244598,6.47471117773056,0.0002,45524.69
5.098865032196045,45566.75,2.9,1.1059184051513673,0.282824079990387,6.486821780586243,0.0002,45524.69
5.110552787780762,45559.74,2.9,1.107735682106018,0.2846884460449219,6.497397509002686,0.0002,45524.69
5.1229634284973145,45517.68,2.9,1.1096445142745972,0.28661487998962404,6.508581902790069,0.0002,45524.69
5.135270118713379,45517.68,2.9,1.111490517807007,0.28833781661987307,6.519719457435608,0.0002,45524.69
5.147653579711914,45524.69,2.9,1.1134245727539063,0.2899949653625488,6.531041293334961,0.0002,45524.69
5.159616947174072,45538.71,2.9,1.1153387115478515,0.2915502031326294,6.542047591400146,0.0002,45524.69
5.172078847885132,45531.69,2.9,1.117332615661621,0.2937137983798981,6.553754117012025,0.0002,45517.68
5.184519529342651,45545.71,2.9,1.1193231246948243,0.2957779294013977,6.565538748168946,0.0002,45517.68
5.196449518203735,45503.68,2.9,1.1212319229125975,0.2975674277305603,6.576991537475586,0.0002,45517.68
5.208272457122803,45517.68,2.9,1.1232063177108764,0.29954767999649046,6.58854837026596,0.0002,45503.68
5.220533609390259,45482.67,2.9,1.125290713596344,0.3016960496902466,6.600644281578065,0.0002,45489.67
5.232528924942017,45426.71,2.9,1.1273299172401428,0.303855206489563,6.6128795034408565,0.0002,45489.67
5.241474866867065,45454.68,2.9,1.128865476036072,0.30542123003005983,6.622033861541747,0.0002,45482.67
5.254019021987915,45489.67,2.9,1.1311234239578247,0.30730285329818724,6.6350797828674315,0.0002,45482.67
5.266302585601807,45468.67,2.9,1.1333029524803162,0.3094605171203613,6.647854689025879,0.0002,45482.67
5.278381824493408,45482.67,2.9,1.1354168192863463,0.3118763648986816,6.660417097473144,0.0002,45468.67
5.290772199630737,45489.67,2.9,1.137585134935379,0.31360038595199585,6.673033782625199,0.0002,45468.67
5.303217172622681,45482.67,2.9,1.139714747619629,0.31542734866142275,6.685488485717774,0.0002,45468.67
5.315486669540405,45461.67,2.9,1.141677867126465,0.317819900560379,6.697267202758789,0.0002,45468.67
5.326660633087158,45461.67,2.9,1.1434657012939453,0.3198989139556884,6.707827691936493,0.0002,45461.67
5.339128732681274,45461.67,2.9,1.145460597229004,0.3221431718826294,6.7194853650569915,0.0002,45461.67
5.351122856140137,45475.67,2.9,1.147379656982422,0.3240240427017212,6.73086671333313,0.0002,45461.67
5.363419532775879,45461.67,2.9,1.14936422290802,0.32604971122741694,6.742634044456482,0.0002,45461.67
5.375654458999635,45419.72,2.9,1.1513829857349396,0.3283743472099306,6.754563097524644,0.0002,45461.67
5.388028860092163,45412.74,2.9,1.1534649062156677,0.3303240404129028,6.766748571491242,0.0002,45461.67
5.397053956985474,45433.7,2.9,1.1549991726875304,0.3315875539779663,6.775683417415618,0.0002,45447.69
5.4095072746276855,45447.69,2.9,1.1571162366867065,0.33366377305984496,6.788154811000824,0.0002,45433.7
5.4218831062316895,45475.67,2.9,1.1592295435905458,0.335857790184021,6.800620768356324,0.0002,45433.7
5.434236288070679,45489.67,2.9,1.161391350412369,0.338204894733429,6.813221013832092,0.0002,45433.7
5.446567535400391,45433.7,2.9,1.1635164810180665,0.3403836433410645,6.8257660484313964,0.0002,45433.7
5.458566427230835,45412.74,2.9,1.165556292629242,0.3423634604930878,6.837944923639298,0.0002,45447.69
5.470991134643555,45419.72,2.9,1.1676684928894043,0.3447432712554932,6.850336178970338,0.0002,45447.69
5.4835145473480225,45426.71,2.9,1.1697799003124238,0.3470623275756836,6.862656392717362,0.0002,45454.68
5.4956605434417725,45447.69,2.9,1.1717839896678925,0.3490056869506836,6.874255818986893,0.0002,45447.69
5.507977724075317,45454.68,2.9,1.1737365472316743,0.35117587895393376,6.885659728908539,0.0002,45447.69
5.519798994064331,45461.67,2.9,1.1755688440799714,0.35336281390190133,6.896417084598542,0.0002,45454.68
5.531775712966919,45475.67,2.9,1.1773663569450379,0.35587289972305297,6.907257020235062,0.0002,45454.68
5.543931722640991,45454.68,2.9,1.1792290756225587,0.35817009978294373,6.918395819282532,0.0002,45454.68
5.555910110473634,45419.72,2.9,1.1811456176757815,0.3599069660186769,6.929655503845217,0.0002,45454.68
5.565321445465088,45454.68,2.9,1.1826780385017395,0.36161750354766853,6.9386618021011355,0.0002,45454.68
5.577380418777467,45517.68,2.9,1.184667769098282,0.364149887943268,6.950359006214143,0.0002,45461.67
5.588840484619141,45447.69,2.9,1.186602882385254,0.36607027511596685,6.961652079772949,0.0002,45475.67
5.60126256942749,45475.67,2.9,1.1887146368026733,0.3680840781211854,6.973968882274628,0.0002,45461.67
5.613616943359375,45440.7,2.9,1.1908148803710936,0.3708638122558594,6.986385028076172,0.0002,45468.67
5.626125812530518,45475.67,2.9,1.1929720171928406,0.3736170496940613,6.99907895784378,0.0002,45468.67
5.638892650604248,45482.67,2.9,1.1952062138557435,0.3763619198799134,7.012164966869355,0.0002,45468.67
5.651090860366821,45475.67,2.9,1.1973963548660278,0.37876271777153014,7.024889949083328,0.0002,45468.67
5.663512706756592,45461.67,2.9,1.1995971601486206,0.3812727954864502,7.0377829608917235,0.0002,45468.67
5.675774335861206,45468.67,2.9,1.201681637096405,0.3839703538894654,7.0502898225784305,0.0002,45468.67
5.68771505355835,45468.67,2.9,1.2037115591049194,0.38609583330154423,7.062199327754974,0.0002,45468.67
5.69970417022705,45454.68,2.9,1.2057497089385985,0.3879541463851927,7.074008607673644,0.0002,45468.67
5.711504697799683,45461.67,2.9,1.2076407516479493,0.39041598653793336,7.085286986398697,0.0002,45468.67
5.719731569290161,45447.69,2.9,1.2089570510864258,0.3921436295509339,7.093143648672104,0.0002,45461.67
5.731986999511719,45489.67,2.9,1.2108579849243164,0.3947172698974609,7.104368104553223,0.0002,45468.67
5.744579076766968,45475.67,2.9,1.21280975689888,0.397247129201889,7.115889855241775,0.0002228953838348383,45468.67
5.756690979003906,45489.67,2.9,1.2146871017456056,0.39948783111572267,7.126972245788575,0.00028345489501953194,45461.67
5.769017457962036,45447.69,2.9,1.216687880563736,0.4019936661720276,7.138521497774124,0.0003,45468.67
5.7816150188446045,45433.7,2.9,1.2187664781093597,0.40462300376892085,7.15047464337349,0.0003,45475.67
5.793795824050903,45482.67,2.9,1.2207763109683991,0.4070591648101807,7.162350928449631,0.0003,45475.67
5.806239604949951,45468.67,2.9,1.2228607328414918,0.4098599012374878,7.174702000999451,0.0003,45468.67
5.81840443611145,45454.68,2.9,1.2249287541389466,0.4129011090278625,7.186988480472564,0.0003,45468.67
5.830756664276123,45482.67,2.9,1.227136199569702,0.41593538274765013,7.199894497489929,0.0003,45468.67
5.843006610870361,45489.67,2.9,1.2293411899566649,0.4188013221740723,7.212832106685639,0.0003,45482.67
5.854672908782959,45454.68,2.9,1.2314411235809326,0.4211345817565918,7.225373376941681,0.0003,45482.67
5.867265939712524,45454.68,2.9,1.2337078691482544,0.42398015522956845,7.2387655663967125,0.0003,45482.67
5.875946998596191,45482.67,2.9,1.2352704597473145,0.4261070146560669,7.247924083518982,0.0003,45482.67
5.888158798217773,45503.68,2.9,1.2373869956970216,0.4286909656524658,7.260358798217774,0.0003,45482.67
5.900434970855714,45503.68,2.9,1.2394695953369141,0.4310978684425355,7.272606697750092,0.0003,45482.67
5.912905693054199,45489.67,2.9,1.2414649108886717,0.4339037809371948,7.284266823005676,0.0003,45475.67
5.925852537155151,45475.67,2.9,1.2434778805732727,0.43669977011680605,7.296050232696533,0.0003,45475.67
5.937790632247925,45468.67,2.9,1.2452685948371889,0.43914707961082466,7.306555756378175,0.0003,45475.67
5.9500837326049805,45461.67,2.9,1.247112559890747,0.44161674652099614,7.317373684692384,0.0003,45475.67
5.962530851364136,45482.67,2.9,1.248992281961441,0.44416944155693056,7.328415728998184,0.0003,45475.67
5.97489595413208,45447.69,2.9,1.2509088728904725,0.4469515896797181,7.339729798030854,0.0003,45475.67
5.987083196640015,45461.67,2.9,1.2528687274456025,0.44944580736160283,7.351270700740815,0.0003,45475.67
5.998939037322998,45475.67,2.9,1.2548249411582946,0.45169841709136965,7.3627708662033085,0.0003,45475.67
6.0110297203063965,45475.67,2.9,1.2568750524520873,0.45482287588119513,7.374940017509461,0.0003,45475.67
6.023156642913818,45482.67,2.9,1.2589681957244874,0.4579575942993165,7.387330258274079,0.0003,45475.67
6.03213357925415,45461.67,2.9,1.260584044265747,0.46011205902099617,7.396800926113129,0.0003,45475.67
6.044292688369751,45531.69,2.9,1.262794147348404,0.46307317209243776,7.409736103439331,0.0003,45482.67
6.056820631027222,45531.69,2.9,1.2651118167400361,0.46620515775680554,7.4232662815094,0.0003,45482.67
6.069106340408325,45510.67,2.9,1.2673846729755402,0.46927658510208137,7.436580379343034,0.0003,45482.67
6.081280946731567,45468.67,2.9,1.2696241656780243,0.4722818082809448,7.4497257798671725,0.0003,45482.67
6.093458890914917,45482.67,2.9,1.2717553059101105,0.4749609560012818,7.4623299520969395,0.0003,45482.67
6.1059417724609375,45482.67,2.9,1.27385068359375,0.47776660766601564,7.474714974975586,0.0003,45482.67
6.1183390617370605,45482.67,2.9,1.2758342498779296,0.4806179841995239,7.486430413341522,0.0003,45482.67
6.130426406860352,45475.67,2.9,1.2776639610290528,0.4833980735778809,7.497331634140015,0.0003,45482.67
6.142857074737549,45475.67,2.9,1.2795571319580077,0.48619998569488526,7.508528508758545,0.0003,45482.67
6.1548261642456055,45496.67,2.9,1.2814721862792968,0.48871349449157714,7.519540071105957,0.0003,45482.67
6.1667773723602295,45475.67,2.9,1.2833843795776367,0.4913587956428528,7.530704616880417,0.0003,45482.67
6.178663969039917,45489.67,2.9,1.285286235046387,0.494092712879181,7.541937450742721,0.0003,45482.67
6.190759897232056,45482.67,2.9,1.2871677840709685,0.4966057789325714,7.553206704425811,0.0003,45482.67
6.199965000152588,45482.67,2.9,1.2885945750236512,0.4984928250312805,7.5617674501419065,0.0003,45482.67
6.212510347366333,45510.67,2.9,1.2906016555786133,0.5015650351047516,7.573497174787521,0.0003,45482.67
6.22455620765686,45524.69,2.9,1.2925745553016663,0.504607395029068,7.585010645580292,0.0003,45482.67
6.237163782119751,45461.67,2.9,1.2947178429603576,0.507948402261734,7.5974921442985535,0.0003,45482.67
6.249346494674683,45503.68,2.9,1.2968356365680693,0.5108964262485505,7.610113819408417,0.0003,45482.67
6.2613685131073,45475.67,2.9,1.2989531749248504,0.5138037113666535,7.62276430902481,0.0003,45482.67
6.273934841156007,45468.67,2.9,1.3012779456138612,0.517510778141022,7.636210280036927,0.0003,45475.67
6.286211729049683,45468.67,2.9,1.303518111228943,0.5210392841339111,7.649253374147415,0.0003,45475.67
6.299003601074219,45496.67,2.9,1.3058206481933594,0.5246210083007813,7.662748799133301,0.0003,45475.67
6.309495687484741,45461.67,2.9,1.3076617453098298,0.5270365296840668,7.6735805581092835,0.0003,45475.67
6.3224828243255615,45489.67,2.9,1.3099096660137177,0.5300951908111572,7.686808339595794,0.0003,45475.67
6.334517240524292,45475.67,2.9,1.3118953446865083,0.5334648273468018,7.698481723308563,0.0003,45475.67
6.346374988555908,45489.67,2.9,1.3137881232261657,0.5362749977111817,7.709633114528656,0.0003,45482.67
6.355822801589967,45475.67,2.9,1.315252534246445,0.5381645603179933,7.718277863454819,0.0003,45482.67
6.367094039916992,45468.67,2.9,1.3169995761871338,0.5406670993804932,7.728520106124877,0.0003,45482.67
6.379575729370117,45517.68,2.9,1.318934238052368,0.5436002964019775,7.739816035079956,0.0003,45482.67
6.391902208328247,45482.67,2.9,1.3208448422908783,0.5467350631237029,7.751150031661988,0.0003,45475.67
6.404284238815308,45510.67,2.9,1.3227854782104491,0.5497639537334441,7.762605763292313,0.0003,45475.67
6.416710138320923,45475.67,2.9,1.3247736221313475,0.5525597811222076,7.774223979330063,0.0003,45475.67
6.428977012634277,45503.68,2.9,1.3267363220214843,0.5559482187271119,7.785917932128907,0.000344885063171388,45482.67
6.441736459732056,45440.7,2.9,1.3287951981544495,0.5596427972316743,7.798253824329377,0.0004,45482.67
6.454025030136108,45454.68,2.9,1.3308842551231386,0.5627763826847079,7.81066528043747,0.0004,45482.67
6.466311693191528,45475.67,2.9,1.3330361047744752,0.5661935079574587,7.823295719385148,0.0004,45482.67
6.478171348571777,45510.67,2.9,1.3351708427429199,0.5697514045715332,7.835689059257507,0.0004,45482.67
6.490259408950806,45482.67,2.9,1.3373466936111449,0.5734291197299957,7.848372379398346,0.0004,45482.67
6.502341270446777,45475.67,2.9,1.3394980159759522,0.5769736112594605,7.860952976799012,0.0004,45482.67
6.511224269866943,45482.67,2.9,1.3410081258773805,0.5791499461174012,7.869880391216278,0.0004,45482.67
6.523679256439209,45517.68,2.9,1.3430886810302736,0.5823301918029787,7.882195293617249,0.0004,45482.67
6.536019563674927,45496.67,2.9,1.3450631301879883,0.5857854778289797,7.893918585491181,0.0004,45489.67
6.548304796218872,45489.67,2.9,1.3470287673950194,0.5888101031303407,7.905548032426834,0.0004,45482.67
6.5604212284088135,45496.67,2.9,1.3489716088294983,0.5916221562385557,7.917012803840636,0.0004,45482.67
6.572782039642334,45468.67,2.9,1.3510729467391969,0.5952067914962769,7.929126398849487,0.0004,45482.67
6.5852179527282715,45482.67,2.9,1.3531609622001648,0.5987871165275575,7.941339683437348,0.0004,45482.67
6.597431182861328,45510.67,2.9,1.3551761451721192,0.6022678871154786,7.953369715118408,0.0004,45482.67
6.609491586685181,45468.67,2.9,1.3572135697364807,0.6052305228710176,7.965296670818329,0.0004,45482.67
6.621800422668457,45482.67,2.9,1.3593060718536378,0.6082671331405642,7.9775094247817995,0.0004,45482.67
6.633949518203735,45468.67,2.9,1.361371418094635,0.6120940982341766,7.989719265794754,0.0004,45482.67
6.646021842956543,45482.67,2.9,1.3634237133026121,0.6155054607391356,8.00191217060089,0.0004,45489.67
6.658074617385864,45510.67,2.9,1.3654726849555967,0.618518654346466,8.014145736646652,0.0004,45489.67
6.667080640792847,45489.67,2.9,1.367003708934784,0.6210887890338898,8.023180640792846,0.0004,45489.67
6.679202556610107,45531.69,2.9,1.3690644346237182,0.6246647541999818,8.035302556610107,0.0004,45489.67
6.691574811935426,45517.68,2.9,1.3711098439693454,0.6278515770435337,8.047327567577364,0.0004,45489.67
6.703930854797363,45531.69,2.9,1.373148591041565,0.6308844423294069,8.059253966331482,0.0004,45489.67
6.715998888015747,45489.67,2.9,1.375139816522598,0.6335997498035429,8.070778938055039,0.0004,45489.67
6.727357387542725,45496.67,2.9,1.3769771820068357,0.6363025599479674,8.081589518165588,0.0004,45489.67
6.739561557769775,45489.67,2.9,1.378929849243164,0.6392925816535949,8.093183479881287,0.0004,45489.67
6.752050399780273,45489.67,2.9,1.3809280639648438,0.6424728519439697,8.104927375793457,0.0004,45489.67
6.764309644699097,45482.67,2.9,1.3828895431518555,0.645749796962738,8.11645106601715,0.0004,45489.67
6.77649712562561,45475.67,2.9,1.3848395401000977,0.6492841664314272,8.127907298088074,0.0004,45489.67
6.789469957351685,45447.69,2.9,1.3869151931762695,0.6528568884849548,8.140149109697342,0.0004,45489.67
6.801220655441284,45489.67,2.9,1.3888014081478117,0.655992957305908,8.15127793250084,0.0004,45489.67
6.81352424621582,45496.67,2.9,1.3908315006256102,0.6589458190917967,8.163150897598266,0.0004,45489.67
6.825697898864746,45475.67,2.9,1.3928686428070067,0.6622093696594238,8.17512638835907,0.0004,45489.67
6.834336280822754,45489.67,2.9,1.3943371677398682,0.6648008842468262,8.183807962226869,0.0004,45489.67
6.84666109085083,45545.71,2.9,1.3964989963531496,0.668498327255249,8.196527450847626,0.0004,45489.67
6.8591907024383545,45524.69,2.9,1.398754326438904,0.6722572107315065,8.209746191072464,0.0004,45489.67
6.871503591537476,45510.67,2.9,1.401028164434433,0.6762961852073669,8.223023878860474,0.0004,45489.67
6.883313894271851,45468.67,2.9,1.4031799314975737,0.6802101545810697,8.235663019514083,0.0004,45489.67
6.895668029785156,45503.68,2.9,1.405341905212402,0.6843487899780272,8.248573091125488,0.0004,45489.67
6.907990217208862,45489.67,2.9,1.4074183858394622,0.6880372608184814,8.26089046177864,0.0004,45503.68
6.920398235321045,45489.67,2.9,1.409461726474762,0.6915115058898926,8.272962394142152,0.0004,45489.67
6.933347702026367,45475.67,2.9,1.4114688938140871,0.6951373565673828,8.284746408843995,0.0004,45489.67
6.945332288742065,45510.67,2.9,1.41329984331131,0.6985463637351991,8.29551907553673,0.0004,45489.67
6.957178354263306,45489.67,2.9,1.4150767531394959,0.7019817227363588,8.306002843523027,0.0004,45489.67
6.969412088394165,45510.67,2.9,1.4169588737010956,0.7055295056343079,8.316970879554749,0.0004,45489.67
6.9815514087677,45489.67,2.9,1.4188404683589935,0.7091119648933409,8.327927296066283,0.0004,45489.67
6.990579128265381,45454.68,2.9,1.420239764881134,0.7120911123275756,8.33623279800415,0.0004,45496.67
7.002878427505493,45517.68,2.9,1.4221749405384063,0.7160779203891754,8.347677682542802,0.00041439213752746617,45496.67
7.015213251113892,45489.67,2.9,1.4242101864337922,0.719840041589737,8.359580787324907,0.0004760662555694596,45489.67
7.027366399765015,45517.68,2.9,1.4262891199588776,0.7237677439212802,8.37167689576149,0.0005,45489.67
7.03955340385437,45524.69,2.9,1.428421845674515,0.7278503902912142,8.384046704912185,0.0005,45489.67
7.052025079727173,45496.67,2.9,1.4306645143508911,0.732389154100418,8.397366835308075,0.0005,45496.67
7.064431667327882,45447.69,2.9,1.4329420167922975,0.736828925228119,8.41079699239731,0.0005,45496.67
7.076603889465332,45475.67,2.9,1.435254738998413,0.7410283418655395,8.424247297859193,0.0005,45496.67
7.088959693908691,45468.67,2.9,1.4375575433731078,0.7455598852157593,8.43785566329956,0.0005,45496.67
7.101041555404663,45503.68,2.9,1.439782272195816,0.7500749599456789,8.45108321762085,0.0005,45496.67
7.113067150115967,45510.67,2.9,1.4418867512702944,0.7544041740417483,8.463589836120606,0.0005,45496.67
7.125152826309204,45496.67,2.9,1.4439502163410187,0.7585489044189455,8.475746713256838,0.0005,45496.67
7.13714075088501,45489.67,2.9,1.4459282238960265,0.762385040283203,8.487255120849609,0.0005,45503.68
7.146182060241699,45475.67,2.9,1.4473273090362548,0.7651546180725096,8.495502033615113,0.0005,45503.68
7.158345460891724,45524.69,2.9,1.4491518191337585,0.768803638267517,8.506327460193633,0.0005,45503.68
7.170646905899048,45538.71,2.9,1.450943801355362,0.7719084919452668,8.516796635484695,0.0005,45503.68
7.183132171630859,45531.69,2.9,1.4527541648864746,0.7751866340637208,8.527393667602539,0.0005,45496.67
7.195364475250244,45510.67,2.9,1.4545278489112856,0.779039809703827,8.53791344871521,0.0005,45503.68
7.207937479019165,45482.67,2.9,1.4564303092479707,0.7831987428665161,8.549202480697632,0.0005,45503.68
7.21974515914917,45503.68,2.9,1.4582604996681212,0.7872133541107176,8.560065546417235,0.0005,45510.67
7.232223749160767,45482.67,2.9,1.4603780373573303,0.7922506184101104,8.572401511669158,0.0005,45503.68
7.244383811950684,45475.67,2.9,1.4624671670913696,0.7973069581985474,8.584659164428711,0.0005,45496.67
7.256740093231201,45531.69,2.9,1.4646295163154603,0.8026819405555726,8.597509696960449,0.0005,45496.67
7.268784523010254,45496.67,2.9,1.4668251367568972,0.8077455770492555,8.610431207466126,0.0005,45496.67
7.280932664871215,45510.67,2.9,1.4690725430011748,0.8127917192459105,8.623607278060913,0.0005,45503.68
7.292647361755371,45489.67,2.9,1.4712397619247435,0.8177118919372558,8.6362591506958,0.0005,45496.67
7.301589250564575,45496.67,2.9,1.4728781188488005,0.8214436464786526,8.645852820587157,0.0005,45510.67
7.313326835632324,45517.68,2.9,1.4749321962356565,0.8261973684310912,8.658059909057616,0.0005,45510.67
7.325741291046143,45552.73,2.9,1.4770760194778443,0.8310529841423034,8.67068387813568,0.0005,45510.67
7.3377461433410645,45538.71,2.9,1.479116844367981,0.8355548037528993,8.682568681907654,0.0005,45510.67
7.350256681442261,45482.67,2.9,1.4811410690307618,0.8401436887264253,8.694492563962935,0.0005,45510.67
7.362869501113892,45510.67,2.9,1.483173467683792,0.8447617154121401,8.706440373563767,0.0005,45510.67
7.375668287277222,45510.67,2.9,1.4852852674007415,0.8494972662925718,8.718663214349746,0.0005,45510.67
7.387082576751709,45475.67,2.9,1.4870977993965149,0.8535789018630979,8.729386796379089,0.0005,45496.67
7.399291038513184,45496.67,2.9,1.4889901109695436,0.8578518634796141,8.740740665817262,0.0005,45496.67
7.411712884902954,45510.67,2.9,1.4909154971599579,0.8624337674140929,8.75182446756363,0.0005,45496.67
7.424004554748535,45482.67,2.9,1.492820705986023,0.866861548614502,8.762884190368652,0.0005,45496.67
7.436189889907837,45482.67,2.9,1.494709432935715,0.8710045625686647,8.77409469871521,0.0005,45496.67
7.448313474655151,45475.67,2.9,1.4966717233181002,0.8755838224887851,8.785664070415498,0.0005415673732757602,45496.67
7.460346698760986,45510.67,2.9,1.4986589387893678,0.8803473469734195,8.797346698760988,0.0006,45503.68
7.469751834869385,45496.67,2.9,1.5002578119277954,0.8843445298194886,8.806751834869386,0.0006,45503.68
7.482208728790283,45524.69,2.9,1.5023865275382995,0.8896607970237731,8.819308121585845,0.0006,45496.67
7.494268894195557,45503.68,2.9,1.5044970564842224,0.894906968975067,8.831910994434356,0.0006,45496.67
7.506640434265137,45510.67,2.9,1.5066952781677247,0.9001557802200317,8.844905658149719,0.0006,45503.68
7.518843650817871,45510.67,2.9,1.508891857147217,0.9052201150894166,8.857780051612854,0.0006,45503.68
7.531200170516968,45489.67,2.9,1.5110600298404695,0.9102360690593722,8.870424173927308,0.0006,45503.68
7.543739318847656,45496.67,2.9,1.5132169876098633,0.9153518173217775,8.883045835876466,0.0006,45503.68
7.555867910385132,45496.67,2.9,1.5152182052135468,0.9203851828098296,8.894871212625503,0.0006,45503.68
7.5681984424591064,45503.68,2.9,1.5171707585811613,0.9252564003467558,8.906442567062378,0.0006,45503.68
7.580016374588013,45524.69,2.9,1.519002619934082,0.9298063042163848,8.91731514649391,0.0006,45503.68
7.5920422077178955,45510.67,2.9,1.5209267532348634,0.9344362499713899,8.928439042139054,0.0006,45496.67
7.604221343994141,45475.67,2.9,1.5228754150390627,0.9391885375976564,8.939831383514406,0.0006,45503.68
7.616137504577637,45454.68,2.9,1.524782000732422,0.943955001831055,8.951211316871644,0.0006,45503.68
7.6254236698150635,45503.68,2.9,1.5262949055194857,0.9476152312278749,8.960160959720612,0.0006,45510.67
7.637924671173096,45538.71,2.9,1.5283575707435606,0.9524906217575072,8.972286931037901,0.0006,45510.67
7.649933099746704,45475.67,2.9,1.5303389614582061,0.9575712328910826,8.98388544125557,0.0006,45503.68
7.662245273590087,45538.71,2.9,1.5323704701423644,0.9628205621719356,8.995800368118285,0.0006,45503.68
7.674684286117554,45510.67,2.9,1.5344229072093964,0.967920557308197,9.007990600395203,0.0006,45503.68
7.686955451965332,45524.69,2.9,1.5364824268341066,0.973090844345093,9.020155451965332,0.0006,45503.68
7.699038743972778,45496.67,2.9,1.5385365864753724,0.978286659908295,9.03223874397278,0.0006,45510.67
7.711413145065308,45503.68,2.9,1.5406402346611023,0.9839500467300415,9.044670210790635,0.0006,45510.67
7.72272253036499,45503.68,2.9,1.5425628301620482,0.9890979133605955,9.056008917713164,0.0006,45510.67
7.73482346534729,45489.67,2.9,1.5446199891090393,0.9944223247528075,9.068049348020553,0.0006,45510.67
7.747217178344727,45510.67,2.9,1.54669083442688,0.9997312149047852,9.080128491210937,0.0006,45510.67
7.759412527084351,45517.68,2.9,1.548703066968918,1.0048532613754275,9.091836026000976,0.0006,45510.67
7.771669149398804,45517.68,2.9,1.5506670639038087,1.0098260055065158,9.103544037675858,0.0006,45510.67
7.780060529708862,45510.67,2.9,1.5520099874019624,1.013223909235001,9.11155901646614,0.0006,45517.68
7.793552875518798,45531.69,2.9,1.5542362244606016,1.018553385829925,9.124714053630827,0.0006,45517.68
7.805716037750244,45531.69,2.9,1.5562717264175414,1.0235293160438534,9.13663029718399,0.0006,45517.68
7.818109750747681,45559.74,2.9,1.5583786576271057,1.0287966440677643,9.148838104486465,0.0006,45517.68
7.830174446105957,45489.67,2.9,1.5604296558380126,1.0341785007476807,9.160772701644898,0.0006508722305297848,45517.68
7.8425445556640625,45524.69,2.9,1.562545297241211,1.0396687133789062,9.173120892333985,0.0007,45510.67
7.8549158573150635,45489.67,2.9,1.5647102750301363,1.0448646600723268,9.185863333034517,0.0007,45517.68
7.867124795913696,45503.68,2.9,1.5668824632644653,1.0501349102020263,9.198652283668519,0.0007,45503.68
7.879391193389893,45524.69,2.9,1.5690904148101805,1.0555321250915526,9.211654664993286,0.0007,45503.68
7.891314506530762,45475.67,2.9,1.5711800386428831,1.0603823751449584,9.224067086791992,0.0007,45496.67
7.903106689453125,45503.68,2.9,1.5732126037597656,1.0650960754394532,9.236160089111328,0.0007,45503.68
7.915355205535889,45517.68,2.9,1.5752336089134216,1.0698117541313172,9.24822487745285,0.0007,45503.68
7.927478313446045,45496.67,2.9,1.5771965301513673,1.074404367542267,9.259792223072052,0.0007,45503.68
7.939680576324461,45496.67,2.9,1.579148892211914,1.078980216121673,9.27120133886337,0.0007,45510.67
7.948658466339111,45489.67,2.9,1.5805420622825623,1.0820438785552982,9.2792926197052,0.0007,45503.68
7.961171388626099,45531.69,2.9,1.5824698513507844,1.0863041290760045,9.290519108104707,0.0007,45510.67
7.973666191101074,45538.71,2.9,1.5842815977096558,1.0906148359298706,9.301389586257935,0.0007,45510.67
7.985903978347778,45510.67,2.9,1.5861151166439056,1.0947483128547668,9.312184060621261,0.0007,45510.67
7.997987985610962,45517.68,2.9,1.5879881377696992,1.0987360352516173,9.32299924712181,0.0007,45517.68
8.010438919067383,45489.67,2.9,1.5899702270507812,1.1029492324829102,9.334716973114014,0.0007,45517.68
8.022838354110718,45517.68,2.9,1.591982520198822,1.1073921087265017,9.346638354110718,0.0007,45517.68
8.035063982009888,45496.67,2.9,1.594060876941681,1.1125268724441533,9.358863982009888,0.0007,45517.68
8.047297716140747,45517.68,2.9,1.5961771003246308,1.1179934380054475,9.371389624786378,0.0007,45517.68
8.059152603149414,45517.68,2.9,1.5982517055511474,1.1235059604644773,9.38371870727539,0.0007,45517.68
8.071417331695557,45503.68,2.9,1.600512206363678,1.1298940991401671,9.396816544914246,0.0007,45517.68
8.083478927612305,45524.69,2.9,1.6027436016082763,1.1361220691680909,9.409826820373535,0.0007,45517.68
8.095492601394653,45517.68,2.9,1.6049661312580108,1.1420688376903536,9.42304186153412,0.0007,45517.68
8.104730129241943,45489.67,2.9,1.6066750739097595,1.1466887152671816,9.4331085395813,0.0007,45517.68
8.117234230041504,45552.73,2.9,1.6089883325576784,1.15300328617096,9.446612968444825,0.0007,45517.68
8.129100561141968,45545.71,2.9,1.6110470953941345,1.157812710428238,9.458791566753387,0.0007,45503.68
8.141587734222412,45552.73,2.9,1.613146098804474,1.1623445655822753,9.471260715484618,0.0007,45510.67
8.153898239135742,45496.67,2.9,1.61505422706604,1.1657915069580076,9.482586380004882,0.0007,45503.68
8.16621208190918,45503.68,2.9,1.616931812286377,1.1698916515350342,9.493542390441895,0.0007,45503.68
8.178338289260864,45468.67,2.9,1.6187507433891297,1.1745602413654328,9.503970928764343,0.0007,45503.68
8.19082522392273,45503.68,2.9,1.6205696574687958,1.1792053328514103,9.51487207093239,0.0007,45503.68
8.203014850616455,45510.67,2.9,1.622382376098633,1.1839416085243228,9.525643514060974,0.0007,45503.68
8.215032815933228,45482.67,2.9,1.6243052505493163,1.1892896030902862,9.536579862499236,0.0007,45503.68
8.227281093597412,45475.67,2.9,1.626264974975586,1.1942668155670164,9.548017038917541,0.0007364054679870582,45503.68
8.239161729812622,45503.68,2.9,1.6281658767700196,1.1987814573287963,9.559303643321991,0.0007958086490631092,45503.68
8.251010179519653,45489.67,2.9,1.630116679620743,1.1992101017951966,9.57088997592926,0.0008,45503.68
8.260262250900269,45517.68,2.9,1.6316458939075469,1.199349827671051,9.579971429681779,0.0008,45503.68
8.272330284118652,45510.67,2.9,1.6337577997207642,1.201642753982544,9.592461844062806,0.0008,45489.67
8.284154653549194,45489.67,2.9,1.635868610906601,1.2051150069713594,9.604928572368623,0.0008,45503.68
8.296295166015625,45545.71,2.9,1.6381146057128906,1.211003155517578,9.61816173095703,0.0008,45510.67
8.308777093887329,45489.67,2.9,1.6404676478385924,1.2181979127407072,9.631854803276061,0.0008,45510.67
8.321046590805054,45510.67,2.9,1.6427883863449098,1.2257384203910826,9.645314619207381,0.0008,45510.67
8.333669424057007,45475.67,2.9,1.6450604963302613,1.2334383486747742,9.658757936620711,0.0008,45510.67
8.346243381500244,45531.69,2.9,1.6472613748550415,1.2404529076576234,9.671837032222747,0.0008,45510.67
8.35843300819397,45510.67,2.9,1.6493336113929749,1.246608669137955,9.68420950331688,0.0008,45510.67
8.370744705200195,45503.68,2.9,1.6513191528320312,1.2523962879180908,9.695900022888184,0.0008,45510.67
8.382873058319092,45538.71,2.9,1.6532309587478637,1.257834858036041,9.707113926029203,0.0008,45510.67
8.394145011901855,45482.67,2.9,1.6549217517852781,1.2622872797012326,9.716976885414123,0.0008,45510.67
8.40674090385437,45510.67,2.9,1.6568111355781554,1.2678356338500976,9.727998290872574,0.0008,45510.67
8.415233850479126,45468.67,2.9,1.658085077571869,1.2719122482299805,9.735429619169235,0.0008,45503.68
8.427296161651611,45517.68,2.9,1.6598944242477418,1.2777021575927736,9.74616654548645,0.0008,45496.67
8.439953327178955,45566.75,2.9,1.6617929990768432,1.2837775970458987,9.75755799446106,0.0008,45489.67
8.452474594116211,45454.68,2.9,1.6637959350585938,1.290162042999268,9.769201372528077,0.0008,45482.67
8.46505618095398,45489.67,2.9,1.6658342698574067,1.2967050568103793,9.78110449552536,0.0008,45489.67
8.477721452713013,45468.67,2.9,1.667924039697647,1.3034809772014617,9.793389809131622,0.0008,45489.67
8.489477157592773,45496.67,2.9,1.6699585025787351,1.3100545940399169,9.805314086532594,0.0008,45489.67
8.501918077468872,45468.67,2.9,1.6721548443317413,1.3171604368686678,9.818181114053727,0.0008,45489.67
8.514204978942871,45475.67,2.9,1.6744279211044313,1.3245940122604372,9.831512402153015,0.0008,45482.67
8.526671648025513,45503.68,2.9,1.67673425488472,1.3319695558547977,9.84507209634781,0.0008,45489.67
8.538458585739136,45489.67,2.9,1.6789148383617403,1.338805979728699,9.85791985845566,0.0008,45489.67
8.550512075424194,45503.68,2.9,1.681039613199234,1.345429081106186,9.870532558441163,0.0008,45489.67
8.562599420547485,45482.67,2.9,1.683128904390335,1.3519387015819548,9.882934435033798,0.0008129971027374246,45489.67
8.574584245681763,45454.68,2.9,1.6851064005374907,1.3581108865261078,9.89461963953972,0.0008729212284088125,45489.67
8.582820177078247,45489.67,2.9,1.6864653292179108,1.3623805929660797,9.902579168224335,0.0009,45496.67
8.596020221710205,45524.69,2.9,1.6886433365821838,1.3693106163978577,9.915119210624695,0.0009,45489.67
8.608428716659546,45531.69,2.9,1.6906485946655274,1.3755722147464755,9.926907280826569,0.0009,45489.67
8.62067723274231,45496.67,2.9,1.6926083572387696,1.3816453886985782,9.938546757268908,0.0009,45489.67
8.633082389831543,45482.67,2.9,1.694593182373047,1.3879720188140867,9.950393682289125,0.0009,45489.67
8.645313501358032,45496.67,2.9,1.696550160217285,1.3942364531993863,9.96202125878334,0.0009,45489.67
8.657747983932495,45489.67,2.9,1.6985396774291992,1.4006402117252348,9.973771844816207,0.0009,45482.67
8.669874906539917,45475.67,2.9,1.7004799850463868,1.4071324495315551,9.985182412147521,0.0009,45482.67
8.682292938232422,45482.67,2.9,1.7024783348083496,1.4137579338073734,9.99692415008545,0.0009,45482.67
8.69442892074585,45454.68,2.9,1.7044807719230652,1.4198866049766545,10.008696053123474,0.0009,45482.67
8.706313610076904,45482.67,2.9,1.7064733137130739,1.426014645290375,10.020413610076904,0.0009,45482.67
8.717909574508667,45482.67,2.9,1.7084446276664733,1.43210252661705,10.032009574508667,0.0009,45475.67
8.729905366897583,45475.67,2.9,1.710533439207077,1.4385984249591826,10.04405489373207,0.0009,45475.67
8.738330841064453,45461.67,2.9,1.712007897186279,1.4431903083801267,10.052522495269775,0.0009,45475.67
8.750763654708862,45482.67,2.9,1.7140760030269622,1.4500200100898744,10.064909836435318,0.0009,45475.67
8.763071060180664,45475.67,2.9,1.7161067249298096,1.456727661895752,10.07706357307434,0.0009,45475.67
8.775378227233887,45440.7,2.9,1.7181374074935916,1.4632504604339602,10.088939989280702,0.0009,45475.67
8.787898063659668,45468.67,2.9,1.720163690185547,1.4700834253311157,10.100863670158386,0.0009,45468.67
8.800134420394897,45482.67,2.9,1.722122179365158,1.4768732591152187,10.112429715681074,0.0009,45468.67
8.812486410140991,45496.67,2.9,1.7241602576732635,1.48360509352684,10.124349385786056,0.0009,45475.67
8.825114011764526,45461.67,2.9,1.7262693819999695,1.490691696882248,10.136662871646882,0.0009,45468.67
8.837757349014282,45461.67,2.9,1.728418749332428,1.4980880491733553,10.14917977552414,0.0009,45468.67
8.849961757659912,45447.69,2.9,1.730493498802185,1.5050782018661502,10.161411566448212,0.0009,45475.67
8.86179518699646,45482.67,2.9,1.7325141577243806,1.5118950640678408,10.17333109073639,0.000908975934982302,45482.67
8.874040842056274,45482.67,2.9,1.734657147359848,1.519364913654327,10.1858216588974,0.0009702042102813701,45482.67
8.886032342910767,45447.69,2.9,1.7367254982948304,1.5267400526046748,10.198022828054427,0.001,45475.67
8.894105672836304,45475.67,2.9,1.7380979643821717,1.5317455171585082,10.206217257928847,0.001,45482.67
8.906733989715576,45510.67,2.9,1.740244778251648,1.5394740637779236,10.21900132961273,0.001,45482.67
8.918962478637695,45489.67,2.9,1.7423236213684081,1.5468722995758057,10.231352103424072,0.001,45482.67
8.93135929107666,45482.67,2.9,1.7444878759384155,1.554826742744446,10.243872883987427,0.001,45475.67
8.944000005722046,45461.67,2.9,1.7466600009441378,1.5626800032615664,10.256560005664825,0.001,45475.67
8.956646203994751,45482.67,2.9,1.748746623659134,1.5698883362770086,10.269079741954803,0.001,45475.67
8.968699216842651,45475.67,2.9,1.7507353707790376,1.5768020496845248,10.280620759916305,0.001,45475.67
8.981113195419312,45461.67,2.9,1.7527669793128966,1.5839289554119107,10.29230187587738,0.001,45475.67
8.993533849716187,45440.7,2.9,1.754630077457428,1.5909466250896453,10.303480464744569,0.001,45475.67
9.005744457244875,45461.67,2.9,1.7564903908729557,1.5976445623397837,10.314441289234162,0.001,45475.67
9.017765522003174,45468.67,2.9,1.758353655910492,1.6040157266616824,10.325200142192841,0.001,45482.67
9.029699802398682,45496.67,2.9,1.7602034693717958,1.6106803883552554,10.33631781425476,0.001,45489.67
9.041805744171143,45489.67,2.9,1.7620979477882386,1.6175021880149845,10.347742543125154,0.001,45489.67
9.050763368606566,45489.67,2.9,1.7635759558200832,1.622473669576644,10.356386650705335,0.001,45489.67
9.062994480133057,45496.67,2.9,1.7656240340232847,1.6294565776824947,10.368324424934386,0.001,45489.67
9.075506925582886,45503.68,2.9,1.767813711977005,1.637214293861389,10.380961994838716,0.001,45489.67
9.087725162506104,45496.67,2.9,1.7699905292510987,1.6452531105041504,10.393727298069,0.001,45489.67
9.099842548370363,45468.67,2.9,1.7721716587066654,1.653492932891847,10.406632314014438,0.001,45489.67
9.11205506324768,45475.67,2.9,1.774430186700821,1.6617974430084232,10.42006056957245,0.001,45482.67
9.12464427947998,45482.67,2.9,1.7767591917037966,1.670381331443787,10.43383904323578,0.0010232213973999048,45482.67
9.13686728477478,45510.67,2.9,1.7790204476833344,1.6787540900707243,10.447101003980636,0.0010843364238738997,45482.67
9.148999452590942,45482.67,2.9,1.7811299069404603,1.686659649658203,10.459499452590942,0.0011,45475.67
9.161696910858154,45461.67,2.9,1.7832630211830138,1.6946502700805663,10.4720611579895,0.0011,45475.67
9.173452138900757,45461.67,2.9,1.7850850815296173,1.701233197784424,10.482875967788695,0.0011,45482.67
9.185465335845945,45454.68,2.9,1.7869198003768918,1.708124548149108,10.493600188827513,0.0011,45482.67
9.197468042373659,45510.67,2.9,1.7887202063560488,1.7152061450004592,10.503922516441348,0.0011,45489.67
9.209347248077393,45461.67,2.9,1.7905020872116089,1.721840986442566,10.514325578308105,0.0011,45482.67
9.218859434127806,45489.67,2.9,1.7919289151191709,1.727072688770293,10.522696302032468,0.0011,45489.67
9.230934143066406,45517.68,2.9,1.7937947921752928,1.7344244979858396,10.53392342376709,0.0011,45489.67
9.24329423904419,45517.68,2.9,1.795743549442291,1.7420094858169555,10.545562469482423,0.0011,45496.67
9.255659341812134,45510.67,2.9,1.797783791399002,1.7495521985054017,10.557432968139649,0.0011,45496.67
9.267897605895996,45475.67,2.9,1.7998425930023194,1.7573729318618778,10.569418629837037,0.0011,45489.67
9.280076265335083,45496.67,2.9,1.8019133464336397,1.7653530044078831,10.581478553295137,0.0011,45496.67
9.29242277145386,45461.67,2.9,1.8040739850044252,1.773933826160432,10.594195454597475,0.0011,45496.67
9.304824113845825,45510.67,2.9,1.8062683404922484,1.7826733619689936,10.60718592238426,0.0011,45489.67
9.317084550857544,45447.69,2.9,1.8084752191543578,1.7915008766174314,10.62036589217186,0.0011,45489.67
9.328921556472778,45461.67,2.9,1.8106950957298278,1.800157344007492,10.633313712120056,0.0011,45489.67
9.340685367584229,45503.68,2.9,1.8129233661651611,1.808776330471039,10.646226489639282,0.0011,45489.67
9.352946996688843,45489.67,2.9,1.8151304594039919,1.8172981626987461,10.659223816490174,0.0011,45489.67
9.365090847015383,45461.67,2.9,1.8172399897575382,1.8254072336196911,10.671714484310153,0.0011254542350769142,45496.67
9.373273849487305,45496.67,2.9,1.8185901851654054,1.8305625251770017,10.679774741744996,0.0011663692474365218,45489.67
9.385931730270386,45524.69,2.9,1.8205897595405578,1.8382404035568234,10.691679239940644,0.0012,45489.67
9.398221254348755,45489.67,2.9,1.8224331881523133,1.8453683275222776,10.702616916370392,0.0012,45489.67
9.410410404205322,45517.68,2.9,1.8242095086097716,1.8520736702919005,10.713048843574523,0.0012,45489.67
9.422859907150269,45524.69,2.9,1.8260289860725403,1.8589730456829072,10.723688119220734,0.0012,45489.67
9.435320615768433,45482.67,2.9,1.827898092365265,1.8662625602245333,10.734528935718537,0.0012,45489.67
9.44783091545105,45489.67,2.9,1.8298137918949129,1.8738943221569064,10.745804442214967,0.0012,45482.67
9.460411071777344,45482.67,2.9,1.831767826843262,1.8817733627319342,10.757396684265137,0.0012,45482.67
9.472665309906006,45440.7,2.9,1.833789776134491,1.889922431087494,10.769222024059296,0.0012,45482.67
9.484874486923218,45461.67,2.9,1.835828662776947,1.898455865192413,10.781198859357835,0.0012,45482.67
9.496747493743896,45482.67,2.9,1.8378470739364625,1.9073606203079223,10.793131231212616,0.0012,45482.67
9.508708715438843,45482.67,2.9,1.8399675687789918,1.9162009058475495,10.80558769478798,0.0012,45482.67
9.52091336250305,45489.67,2.9,1.8421689720630643,1.92522155637741,10.818490998315811,0.0012,45482.67
9.529894590377806,45475.67,2.9,1.8438304992198942,1.932316726398467,10.82823563055992,0.0012,45475.67
9.542312383651735,45545.71,2.9,1.8461277909755711,1.9419996019840258,10.841708936262133,0.0012,45475.67
9.554696321487427,45496.67,2.9,1.8484188194751738,1.9511017962932586,10.855145508813859,0.0012,45475.67
9.566919803619385,45419.72,2.9,1.8506109656333922,1.9597400654792783,10.868061996746064,0.0012,45475.67
9.579646348953247,45475.67,2.9,1.8528381110668182,1.968457749032974,10.881233971166612,0.0012,45475.67
9.59037184715271,45454.68,2.9,1.8546113547801972,1.975597278356552,10.891608832502365,0.0012,45475.67
9.602938652038574,45454.68,2.9,1.8566554910659792,1.9838072710037233,10.903632946395874,0.001214693260192873,45468.67
9.615291833877563,45475.67,2.9,1.8585702342510224,1.991404477834702,10.915121405506135,0.0012764591693878208,45454.68
9.627728939056396,45468.67,2.9,1.8604979855537416,1.999053297519684,10.92653333454132,0.0013,45454.68
9.639548778533934,45454.68,2.9,1.8623300606727597,2.006322498798369,10.937289388465878,0.0013,45461.67
9.651621580123903,45475.67,2.9,1.864201344919205,2.0137472717762,10.94827563791275,0.0013,45461.67
9.6638765335083,45412.74,2.9,1.8661008626937865,2.0212646854400633,10.959427645492553,0.0013,45468.67
9.67641806602478,45440.7,2.9,1.868044800233841,2.028915020275116,10.97084044008255,0.0013,45468.67
9.688322782516478,45461.67,2.9,1.8699316452026364,2.036759492111205,10.981881801652907,0.0013,45468.67
9.697059392929079,45475.67,2.9,1.8713295028686527,2.042700387191774,10.99005053238869,0.0013,45468.67
9.709330558776854,45503.68,2.9,1.8733395421981809,2.051418002319335,11.001943947601317,0.0013,45468.67
9.721449375152588,45482.67,2.9,1.8753536406517028,2.0601870313644404,11.013892856407164,0.0013,45468.67
9.73360013961792,45454.68,2.9,1.877480024433136,2.06930010471344,11.026408143806457,0.0013,45468.67
9.746039152145386,45475.67,2.9,1.8796870473861695,2.078629364109039,11.039341109752655,0.0013,45468.67
9.75835680961609,45468.67,2.9,1.8819042257308964,2.0878676072120683,11.052274650096896,0.0013,45468.67
9.770649909973145,45454.68,2.9,1.8840637342453004,2.0969276838302617,11.065129155921936,0.0013,45468.67
9.783045291900635,45468.67,2.9,1.8862329260826112,2.105977383708954,11.077990971279144,0.0013,45468.67
9.795357704162598,45433.7,2.9,1.8883875982284546,2.114780758476257,11.090488069725037,0.0013,45468.67
9.807896852493286,45475.67,2.9,1.8904634963989257,2.1234303754329678,11.102702009868622,0.0013,45468.67
9.819921731948853,45468.67,2.9,1.8923874771118165,2.1315471690654753,11.11412564535141,0.0013,45468.67
9.83221697807312,45468.67,2.9,1.8943547164916992,2.139724290418625,11.125683959388732,0.0013,45468.67
9.844480752944946,45461.67,2.9,1.8963393242359161,2.1480365270614623,11.137368734121322,0.0013224037647247325,45468.67
9.853657484054567,45461.67,2.9,1.8978534848690036,2.1544602388381975,11.146316046953203,0.0013682874202728382,45461.67
9.865849494934082,45503.68,2.9,1.8998944141387941,2.163023893928528,11.158349494934082,0.0014,45468.67
9.878514289855959,45496.67,2.9,1.902047429275513,2.1719525743484507,11.171014289855957,0.0014,45468.67
9.890223741531372,45454.68,2.9,1.9040380360603333,2.180463331317901,11.182519266700744,0.0014,45468.67
9.902419567108154,45454.68,2.9,1.9060871307373046,2.189281599140167,11.194434882259369,0.0014,45461.67
9.914660692214966,45461.67,2.9,1.9080457107543944,2.197789181089401,11.206247567987441,0.0014,45475.67
9.927002191543579,45482.67,2.9,1.9100553616046905,2.206506566953659,11.21822713675499,0.0014,45475.67
9.939039707183838,45475.67,2.9,1.9120415516853333,2.2151133906364446,11.229963714504242,0.0014,45475.67
9.951769590377806,45482.67,2.9,1.914200830364227,2.2242741050720207,11.24249304652214,0.0014,45468.67
9.96392250061035,45447.69,2.9,1.9162668251037596,2.232984975433349,11.254502888107298,0.0014,45475.67
9.976079225540163,45475.67,2.9,1.9183334683418276,2.2416162501335157,11.266598829412462,0.0014,45475.67
9.988097906112671,45468.67,2.9,1.9203361545085906,2.250109023809433,11.278395458459853,0.0014,45475.67
9.999987840652466,45475.67,2.9,1.9222979937076567,2.2584914276599886,11.289988144636153,0.0014,45475.67
10.009382009506226,45447.69,2.9,1.923801121520996,2.2648797664642335,11.298865998983382,0.0014,45475.67
10.021247625350952,45496.67,2.9,1.9256996200561525,2.2729608614921575,11.310072767829896,0.0014,45468.67
10.033909797668459,45510.67,2.9,1.9277255676269536,2.281697760391237,11.321975209808352,0.0014,45475.67
10.04593276977539,45482.67,2.9,1.9296789070129396,2.2902309219360353,11.333425122833253,0.0014,45475.67
10.05850625038147,45447.69,2.9,1.9317535313129424,2.2994095627784725,11.345558531618117,0.0014,45475.67
10.070425271987915,45461.67,2.9,1.9337722962379456,2.3077976903915403,11.357321019268035,0.0014521263599395738,45475.67
10.082935571670532,45454.68,2.9,1.9358990471839905,2.3166429673194884,11.369764927387237,0.0015,45475.67
10.09541392326355,45475.67,2.9,1.9380203669548035,2.3257521639823913,11.382368062496186,0.0015,45475.67
10.107634305953978,45475.67,2.9,1.9401360035419462,2.3349402440547933,11.394863335132598,0.0015,45475.67
10.119732856750488,45475.67,2.9,1.9422532499313354,2.344195635414124,11.407324842453004,0.0015,45475.67
10.131505727767944,45496.67,2.9,1.9443135023593903,2.3532018817424776,11.419565956878662,0.0015,45475.67
10.143777847290039,45454.68,2.9,1.9464422340393066,2.36262783164978,11.432196736526489,0.0015,45475.67
10.155784130096434,45475.67,2.9,1.9484833021163936,2.371932700824736,11.444263050746915,0.0015,45475.67
10.164802312850952,45447.69,2.9,1.949992381620407,2.3785616189956666,11.453134231901169,0.0015,45475.67
10.177211761474611,45482.67,2.9,1.9520399406433109,2.387248233032228,11.465109349823,0.0015,45475.67
10.189593076705933,45482.67,2.9,1.9540348922729494,2.3961070152282717,11.476769526720048,0.0015,45475.67
10.201641321182251,45475.67,2.9,1.955954404783249,2.4046996851921083,11.48800180888176,0.0015,45475.67
10.213931322097778,45447.69,2.9,1.9578593549251557,2.412933985805511,11.499247159719467,0.0015,45475.67
10.22635531425476,45447.69,2.9,1.959785073709488,2.421130954265594,11.51048800625801,0.0015,45475.67
10.238774061203003,45482.67,2.9,1.9617099794864654,2.429203139781952,11.521602784776688,0.0015,45475.67
10.250779867172243,45475.67,2.9,1.9635708794116977,2.4373303096771255,11.532617477798464,0.0015,45475.67
10.262972116470339,45475.67,2.9,1.965490399217606,2.4457696450233475,11.543968092393877,0.0015,45475.67
10.275295734405518,45489.67,2.9,1.9675237961769105,2.454765886116028,11.555860383701324,0.0015,45475.67
10.28737211227417,45461.67,2.9,1.969553259086609,2.463987108135224,11.567956415081024,0.0015368605613708503,45475.67
10.299360990524292,45461.67,2.9,1.9715913683891295,2.4733983775615687,11.580245015287398,0.0015968049526214566,45475.67
10.311517238616942,45475.67,2.9,1.9738306891441342,2.4835168942451458,11.593165859127042,0.0016,45475.67
10.320307731628418,45482.67,2.9,1.9754569303512572,2.4908508012771606,11.602536966133117,0.0016,45475.67
10.332744598388672,45503.68,2.9,1.9777577507019044,2.5009868476867676,11.616155335235597,0.0016,45475.67
10.345213651657104,45475.67,2.9,1.9800645255565643,2.5112273308753967,11.629835016822815,0.0016,45475.67
10.357130527496338,45517.68,2.9,1.9822691475868226,2.5211183378219606,11.642943580245973,0.0016,45475.67
10.368821144104004,45454.68,2.9,1.9843878059387206,2.530204069519043,11.655273989868164,0.0016,45482.67
10.381074905395506,45482.67,2.9,1.9865719848632808,2.539452433776854,11.66792116012573,0.0016,45482.67
10.393444299697876,45475.67,2.9,1.9885510879516601,2.548111009788513,11.679672084712982,0.0016,45482.67
10.406314611434937,45482.67,2.9,1.9905471917152404,2.556899216604233,11.691520004177093,0.0016,45475.67
10.418592691421509,45447.69,2.9,1.9923889037132263,2.5650641397953033,11.702447495365142,0.0016,45475.67
10.430636882781982,45482.67,2.9,1.9941423480033875,2.572913973808289,11.712900903606414,0.0016,45475.67
10.442973613739014,45468.67,2.9,1.9959460420608521,2.5809625850677493,11.723601912021637,0.0016,45482.67
10.455106496810915,45510.67,2.9,1.9977659745216374,2.5889702878952043,11.734218184709551,0.0016,45482.67
10.467195272445679,45468.67,2.9,1.9996152672290801,2.596984856176377,11.74501172156334,0.0016,45482.67
10.478956937789919,45475.67,2.9,2.0014383253574373,2.604806363630296,11.755656028699876,0.0016,45482.67
10.488566398620605,45489.67,2.9,2.0029706237792966,2.6117534709930417,11.764695246696473,0.0016,45482.67
10.500611305236816,45489.67,2.9,2.004903921890259,2.6205645919799805,11.776102135658263,0.0016030565261840823,45489.67
10.51280927658081,45517.68,2.9,2.0069775770187377,2.6298350502014163,11.788117137432097,0.0016640463829040541,45489.67
10.525310754776003,45503.68,2.9,2.0091293820858005,2.6396813726902026,11.800749738740922,0.0017,45482.67
10.537680864334106,45482.67,2.9,2.0112941512584688,2.6498867130756385,11.813676503229143,0.0017,45482.67
10.549846649169922,45447.69,2.9,2.013570863342285,2.660514284515381,11.827079013824463,0.0017,45489.67
10.562263250350952,45489.67,2.9,2.0159300175666806,2.671502976560592,11.840934840393066,0.0017,45482.67
10.574370384216309,45461.67,2.9,2.0182303730010984,2.682217790031433,11.854494830322265,0.0017,45468.67
10.585618257522583,45426.71,2.9,2.020339377641678,2.6917788798809053,11.866811535549163,0.0017,45468.67
10.59850525856018,45468.67,2.9,2.0227234728336336,2.7022817857265475,11.880600626659392,0.0017,45468.67
10.610726118087769,45489.67,2.9,2.024769809484482,2.7115982191562655,11.892604334545135,0.0017,45468.67
10.622908353805542,45468.67,2.9,2.0267362530708315,2.720417721128464,11.904188434886933,0.0017,45475.67
10.634912729263306,45468.67,2.9,2.028536909389496,2.7279204557895658,11.914872329044341,0.0017,45475.67
10.644020080566406,45496.67,2.9,2.029903012084961,2.733713052368164,11.922937670898436,0.0017,45475.67
10.65652322769165,45496.67,2.9,2.031778484153748,2.7418400979995727,11.933940440368652,0.0017,45475.67
10.66870903968811,45475.67,2.9,2.0336063559532165,2.750022146987915,11.944881680917739,0.0017,45475.67
10.680704593658445,45496.67,2.9,2.0354127349853512,2.7581896925926195,11.955755272102355,0.0017,45475.67
10.69314980506897,45503.68,2.9,2.0374039688110352,2.7668391145229343,11.967329318714143,0.0017,45475.67
10.705642223358154,45454.68,2.9,2.0394309668540953,2.7758598786354067,11.97914474554062,0.0017282111167907731,45475.67
10.717734098434448,45447.69,2.9,2.0414261262416837,2.784989244318008,11.990813404989241,0.0017886704921722387,45475.67
10.728986263275146,45454.68,2.9,2.0433276647567746,2.7940238045692443,12.002076125907898,0.0018,45461.67
10.741209983825684,45475.67,2.9,2.0454177970886227,2.804004286575317,12.014482582855225,0.0018,45461.67
10.75359582901001,45461.67,2.9,2.047647249221802,2.814284538078308,12.02761157875061,0.0018,45461.67
10.7658052444458,45440.7,2.9,2.0498739702224733,2.824650562667847,12.040611611557006,0.0018,45461.67
10.777981996536255,45475.67,2.9,2.0521266693592075,2.8352443369865425,12.053640736293794,0.0018,45461.67
10.790358543395996,45461.67,2.9,2.0543127450942995,2.845597591018677,12.066676470565795,0.0018,45475.67
10.799746036529543,45461.67,2.9,2.05595555639267,2.85338921031952,12.07653333835602,0.0018,45475.67
10.811952114105225,45552.73,2.9,2.058091619968414,2.8632214518547054,12.089050916957856,0.0018,45468.67
10.824229955673218,45517.68,2.9,2.060197942686081,2.872830167198181,12.101381907224656,0.0018,45468.67
10.836528062820435,45482.67,2.9,2.062227130365372,2.881930766487122,12.11324958062172,0.0018,45468.67
10.84879183769226,45496.67,2.9,2.0641627348423004,2.8906542863845828,12.124732449865341,0.0018,45461.67
10.86108922958374,45454.68,2.9,2.06606883058548,2.8992243376731874,12.136074860477448,0.0018,45468.67
10.873435497283934,45468.67,2.9,2.0679825020790097,2.907434605693816,12.147124770069121,0.0018,45468.67
10.885797262191772,45419.72,2.9,2.069869589328766,2.9158290972232814,12.158217535972595,0.0018,45461.67
10.897950649261475,45461.67,2.9,2.0716925973892213,2.9242757012367244,12.169155584335327,0.0018,45461.67
10.910117864608765,45461.67,2.9,2.0736188583374022,2.9331872198104856,12.180409614086152,0.0018,45461.67
10.92223572731018,45475.67,2.9,2.07556889500618,2.9423109391212465,12.191768655490876,0.0018111786365509039,45461.67
10.933959722518923,45447.69,2.9,2.0775033542156223,2.9518073752403278,12.203140930843356,0.0018697986125946152,45461.67
10.946093320846558,45461.67,2.9,2.079566331148148,2.9617574563026436,12.215215187263489,0.0019,45461.67
10.955179452896118,45433.7,2.9,2.081156404256821,2.9692989459037786,12.224483041954041,0.0019,45468.67
10.967303037643433,45489.67,2.9,2.083278031587601,2.979690157938004,12.237068189525605,0.0019,45468.67
10.979640483856203,45510.67,2.9,2.0854370846748354,2.9904854233741776,12.250022508049014,0.0019,45468.67
10.992151021957397,45468.67,2.9,2.0876264288425443,3.0009461033344267,12.26291555261612,0.0019,45468.67
11.004632472991942,45489.67,2.9,2.0897875204086303,3.0111133289337144,12.275586148262024,0.0019,45468.67
11.016820430755613,45489.67,2.9,2.0918594732284546,3.020619935989379,12.287652226448058,0.0019,45468.67
11.029241561889648,45468.67,2.9,2.093878649902344,3.0299387557983404,12.299533275985718,0.0019,45475.67
11.041403532028198,45447.69,2.9,2.095831582784653,3.0389666843414314,12.31105440840721,0.0019,45475.67
11.053672790527344,45475.67,2.9,2.097856010437012,3.0482913208007814,12.322894242858887,0.0019,45468.67
11.065831422805786,45468.67,2.9,2.0998913418769836,3.0577359811306,12.334773108577728,0.0019,45475.67
11.07791543006897,45461.67,2.9,2.101945623111725,3.0673427669048308,12.346736275768281,0.0019,45475.67
11.089945077896118,45496.67,2.9,2.10399066324234,3.076956062316895,12.35884452867508,0.0019,45475.67
11.101505994796755,45489.67,2.9,2.1059560191154487,3.086234915733339,12.370528584718706,0.0019075299739837754,45489.67
11.110916137695312,45468.67,2.9,2.1075557434082035,3.0939512329101566,12.380079879760743,0.0019545806884765653,45489.67
11.123270988464354,45517.68,2.9,2.1096560680389405,3.104114920425414,12.392554633522034,0.002,45489.67
11.135593175888062,45510.67,2.9,2.1117508399009703,3.1143423359870908,12.404815210008621,0.002,45489.67
11.147786140441895,45489.67,2.9,2.1138236438751217,3.124112120246887,12.416869348335267,0.002,45489.67
11.159944772720339,45489.67,2.9,2.1158906113624574,3.133656646585466,12.428845601129535,0.002,45489.67
11.172388792037964,45510.67,2.9,2.117944150686264,3.1441685292720796,12.441102960157394,0.002,45482.67
11.184775829315186,45482.67,2.9,2.120011890983582,3.1544206634521488,12.453328071022035,0.002,45482.67
11.196773767471313,45454.68,2.9,2.1220515404701232,3.164019013977051,12.465206029796601,0.002,45475.67
11.209420204162598,45447.69,2.9,2.1241543336868287,3.1738535572052,12.47753759803772,0.002,45475.67
11.221540212631226,45454.68,2.9,2.12613873295784,3.1831628605365747,12.489232397747038,0.002,45475.67
11.233573198318483,45468.67,2.9,2.128003845739365,3.1922477647304546,12.500423074436188,0.002,45475.67
11.245695829391478,45475.67,2.9,2.129882853555679,3.2010870805740343,12.511554725599286,0.002,45475.67
11.257758617401123,45468.67,2.9,2.131752585697174,3.209531032180786,12.522471548748015,0.002,45475.67
11.269785404205322,45482.67,2.9,2.133616737651825,3.218194418048859,12.53345364484787,0.002,45475.67
11.27908968925476,45475.67,2.9,2.1350589018344883,3.224940024709702,12.541967065668107,0.002,45475.67
11.291111469268799,45496.67,2.9,2.137033392429352,3.234266946029663,12.553467010498046,0.002,45475.67
11.30349063873291,45496.67,2.9,2.139110861778259,3.244027417373657,12.565542998313903,0.002,45475.67
11.315759897232054,45510.67,2.9,2.1412579820156092,3.2539655167579635,12.577996295690534,0.002,45482.67
11.328035593032839,45461.67,2.9,2.1434464067459107,3.2645516777992265,12.590857906579974,0.0020401779651641927,45482.67
11.340519666671755,45496.67,2.9,2.1456961383342747,3.275670298337938,12.604169035005572,0.0021,45482.67
11.352545261383057,45461.67,2.9,2.1479208733558655,3.2865534615516667,12.617337061214448,0.0021,45482.67
11.364405393600464,45426.71,2.9,2.1500929708480836,3.2972208003044132,12.630213771152498,0.0021,45482.67
11.376459598541258,45482.67,2.9,2.152262727737426,3.3079490427017193,12.643111770439146,0.0021,45468.67
11.388686895370482,45496.67,2.9,2.1543767722129816,3.318092950773237,12.655500026416776,0.0021,45468.67
11.40086030960083,45447.69,2.9,2.156437649536133,3.327810819816589,12.667500087928772,0.0021,45468.67
11.412848711013794,45468.67,2.9,2.158355793762207,3.336322584819794,12.678649301242828,0.0021,45468.67
11.425313234329224,45482.67,2.9,2.1602969851493836,3.3450661316871644,12.690081910896302,0.0021,45468.67
11.434413194656372,45447.69,2.9,2.1616619791984557,3.351345104312897,12.698271875190736,0.0021,45468.67
11.445740938186646,45468.67,2.9,2.1633898454189304,3.359333475494385,12.708495549058915,0.0021,45468.67
11.458440780639648,45461.67,2.9,2.165358320999146,3.3684773620605477,12.719988906478882,0.0021,45468.67
11.470697879791258,45475.67,2.9,2.167311660766601,3.377730388641356,12.731402517604826,0.0021,45468.67
11.483093976974486,45468.67,2.9,2.169295036315918,3.387244241809843,12.743023808240888,0.0021,45468.67
11.495807409286499,45475.67,2.9,2.17132918548584,3.397287853336334,12.755038001775741,0.0021,45468.67
11.50832724571228,45468.67,2.9,2.1733739955425264,3.4069703429698945,12.76703579211235,0.0021,45468.67
11.520643472671509,45461.67,2.9,2.1754093903541567,3.416453386497498,12.778946690034866,0.002103217363357546,45468.67
11.532813787460327,45461.67,2.9,2.177478343868256,3.426919857215882,12.79117785639763,0.0021640689373016394,45468.67
11.545103788375854,45468.67,2.9,2.179618681907654,3.43766789059639,12.803835534620285,0.0022,45468.67
11.557146787643433,45447.69,2.9,2.181786421775818,3.448446374940872,12.816661328840254,0.0022,45468.67
11.56909942626953,45489.67,2.9,2.183983393859863,3.4595534606933573,12.82970936889648,0.0022,45468.67
11.581029891967775,45496.67,2.9,2.1861956794738773,3.4707475006103534,12.842827731704713,0.0022,45468.67
11.589219808578491,45447.69,2.9,2.1877517636299135,3.478282223892212,12.851795690393448,0.0022,45475.67
11.602320909500122,45503.68,2.9,2.190194554615021,3.490137959432602,12.865955723142624,0.0022,45475.67
11.614737033843994,45475.67,2.9,2.192305295753479,3.5005054232597357,12.878558089351655,0.0022,45475.67
11.626968622207642,45482.67,2.9,2.194314979553223,3.510335525321961,12.890345975542068,0.0022,45475.67
11.639511346817017,45468.67,2.9,2.1963218154907227,3.5201188505172727,12.90194799580574,0.0022,45475.67
11.6515634059906,45475.67,2.9,2.198076693868637,3.528710018253326,12.912575797271728,0.0022,45475.67
11.663710117340088,45489.67,2.9,2.199856517601013,3.5372228797912597,12.923190700912476,0.0022,45475.67
11.67624020576477,45461.67,2.9,2.2017360308647156,3.545743339920044,12.933966576957703,0.0022,45468.67
11.68856930732727,45454.68,2.9,2.2035425495624543,3.5545555943489076,12.944698143911364,0.0022,45468.67
11.70062589645386,45454.68,2.9,2.2053001434326176,3.563381940269472,12.955275824737551,0.0022,45468.67
11.712709426879883,45475.67,2.9,2.2072335083007815,3.5726862586975097,12.966392672729492,0.0022,45468.67
11.72437047958374,45468.67,2.9,2.2090992767333986,3.5818837932586667,12.97731751279831,0.0022218523979186987,45468.67
11.736260175704956,45468.67,2.9,2.211001628112793,3.5916333440780637,12.988791069555282,0.002281300878524779,45468.67
11.748610019683838,45489.67,2.9,2.2130637033462524,3.6023629175186156,13.001010019683838,0.0023,45468.67
11.757148742675783,45454.68,2.9,2.214515286254883,3.6099623809814467,13.009548742675783,0.0023,45468.67
11.769390106201172,45496.67,2.9,2.216690219116211,3.620904145050049,13.022212660980225,0.0023,45468.67
11.781647682189943,45503.68,2.9,2.2189048212051397,3.6319323444366476,13.03507125835419,0.0023,45468.67
11.794188499450684,45489.67,2.9,2.2212248723983765,3.6435953044891356,13.048552636909484,0.0023,45454.68
11.80655288696289,45454.68,2.9,2.2234795196533206,3.654897598266601,13.061811589050292,0.0023,45454.68
11.81897759437561,45433.7,2.9,2.22571596698761,3.666079834938049,13.075106025981903,0.0023,45454.68
11.831257820129395,45447.69,2.9,2.227870118522644,3.6766817253112793,13.087795554733276,0.0023,45447.69
11.843852043151854,45433.7,2.9,2.230035587120056,3.6874357162475575,13.100575002288817,0.0023,45447.69
11.856504201889038,45433.7,2.9,2.232123193311691,3.6980635295867925,13.112974117851259,0.0023,45433.7
11.868476867675783,45468.67,2.9,2.234098683166504,3.707569572448732,13.124495408630374,0.0023,45433.7
11.880433559417725,45433.7,2.9,2.2360672017097474,3.7168425119400017,13.135896706867218,0.0023,45433.7
11.892511129379272,45447.69,2.9,2.2379392250537875,3.726383792209625,13.146947683382034,0.0023,45447.69
11.904249429702759,45426.71,2.9,2.239737414455414,3.7354445779800414,13.157624486732482,0.0023212471485137927,45440.7
11.913480758666992,45426.71,2.9,2.2411221138000488,3.742275761413574,13.165932682800292,0.0023674037933349604,45447.69
11.925996780395506,45524.69,2.9,2.243059484863281,3.7520473438262925,13.17737700576782,0.0024,45447.69
11.938408136367798,45454.68,2.9,2.2450453018188474,3.7622867125034336,13.188919566822053,0.0024,45447.69
11.950527429580688,45461.67,2.9,2.2470370258808137,3.772706226587296,13.200716880989075,0.0024,45447.69
11.962122917175295,45440.7,2.9,2.248971510505677,3.7828212400436425,13.212154760932926,0.0024,45447.69
11.974474430084229,45468.67,2.9,2.25113302526474,3.793999359226227,13.224691546535492,0.0024,45454.68
11.986850023269655,45433.7,2.9,2.2532987540721896,3.8054390218734757,13.237492524433138,0.0024,45461.67
11.999181270599367,45447.69,2.9,2.255456722354889,3.817030394363405,13.250440334129335,0.0024,45461.67
12.011332750320435,45433.7,2.9,2.257639895057678,3.828169466543198,13.26302939658165,0.0024,45461.67
12.024163722991942,45461.67,2.9,2.25990783290863,3.8397224390029896,13.276142904376982,0.0024,45461.67
12.036162853240967,45461.67,2.9,2.2619476850509646,3.8501616823196416,13.288082038974762,0.0024,45461.67
12.048136472702026,45475.67,2.9,2.2639018356323244,3.860212589979172,13.299751696157456,0.0024,45454.68
12.060197830200194,45475.67,2.9,2.265831652832031,3.870148372650145,13.31138497123718,0.0024,45461.67
12.069630861282349,45426.71,2.9,2.2673409378051756,3.877223145961761,13.320204855298996,0.0024,45461.67
12.081623792648314,45482.67,2.9,2.2692598068237304,3.8863396289348584,13.331434484052657,0.002408118963241568,45461.67
12.093966007232666,45433.7,2.9,2.2712345611572267,3.8965219559669495,13.34309787683487,0.002469830036163331,45461.67
12.106309175491335,45454.68,2.9,2.2732410139560706,3.906831253290178,13.354951446104053,0.0025,45454.68
12.118682622909546,45489.67,2.9,2.2752826327800753,3.9172868163585672,13.367015557336808,0.0025,45454.68
12.13064980506897,45454.68,2.9,2.277310466861725,3.9272925872325897,13.378683559942246,0.0025,45454.68
12.143102407455444,45447.69,2.9,2.279396385192871,3.9377370463371273,13.390747287082672,0.0025,45454.68
12.155506610870363,45475.67,2.9,2.281381057739258,3.9482806192398083,13.402531280326846,0.0025,45454.68
12.167799949645996,45454.68,2.9,2.2833869916915894,3.9588079566955567,13.414365951156617,0.0025,45454.68
12.179625749588013,45468.67,2.9,2.2853382486820224,3.9689781446456913,13.425836977100372,0.0025,45454.68
12.191781282424927,45468.67,2.9,2.2874028180122377,3.980256592655182,13.438040188837052,0.0025,45454.68
12.203986167907715,45447.69,2.9,2.289477648544312,3.9915872053146364,13.450345960426331,0.0025,45454.68
12.215922117233276,45440.7,2.9,2.2915067599296566,4.0026279584407805,13.462460948991776,0.0025,45454.68
12.225099086761475,45433.7,2.9,2.2930668447494504,4.010989178085326,13.471673591327667,0.0025,45454.68
12.237404584884644,45489.67,2.9,2.2951587794303894,4.022064126396179,13.483917561960219,0.0025,45447.69
12.249745368957518,45517.68,2.9,2.2971592590332026,4.03287847099304,13.495709373664853,0.0025,45447.69
12.261844158172606,45433.7,2.9,2.299095065307617,4.043293768119811,13.507115067100523,0.0025092207908630295,45447.69
12.274184465408325,45454.68,2.9,2.301069514465332,4.053289416980744,13.518591552829742,0.0025709223270416284,45440.7
12.286524295806885,45440.7,2.9,2.303076508808136,4.063447786998749,13.530263323974609,0.0026,45447.69
12.298741817474367,45440.7,2.9,2.30509239988327,4.073649417591096,13.541992144775392,0.0026,45447.69
12.310896635055542,45447.69,2.9,2.3070979447841644,4.084125589323043,13.55393318552971,0.0026,45447.69
12.323415756225586,45482.67,2.9,2.3091806785583495,4.095108338165283,13.566315756225586,0.0026,45447.69
12.335543155670166,45433.7,2.9,2.3112423364639283,4.106144271659851,13.578443155670167,0.0026,45447.69
12.34723162651062,45461.67,2.9,2.3132655346393585,4.1170338870525365,13.590420891571046,0.0026,45447.69
12.359173059463503,45447.69,2.9,2.3153552854061132,4.128318541193011,13.602839981842044,0.0026,45454.68
12.371392011642456,45426.71,2.9,2.3175505620956423,4.139751530885697,13.615490732049942,0.0026,45454.68
12.379740476608276,45461.67,2.9,2.3190532857894897,4.147557345628738,13.624131393289565,0.0026,45461.67
12.392198085784912,45503.68,2.9,2.321173674583435,4.159266200637817,13.636903037929534,0.0026,45454.68
12.404687881469727,45454.68,2.9,2.323296939849853,4.170865972137451,13.64954100265503,0.0026,45454.68
12.417528390884398,45468.67,2.9,2.3254798264503473,4.182550835704802,13.662253106975554,0.0026,45454.68
12.430083751678467,45440.7,2.9,2.327563819026947,4.193976214027405,13.674380401611328,0.0026,45461.67
12.441952228546143,45475.67,2.9,2.329512356567383,4.204659394264222,13.685725333690643,0.0026097611427307156,45461.67
12.454161167144774,45447.69,2.9,2.3314657867431636,4.215036992073058,13.697140691280364,0.002670805835723872,45454.68
12.466397762298584,45454.68,2.9,2.3333596643447874,4.224958265781403,13.70838997488022,0.0027,45454.68
12.478697538375854,45461.67,2.9,2.335204630756378,4.234490592241287,13.719521272230148,0.0027,45454.68
12.490954875946045,45496.67,2.9,2.3370980057716366,4.2442639007568355,13.73044983959198,0.0027,45454.68
12.503132581710814,45454.68,2.9,2.338985550165176,4.254053054094313,13.74138197517395,0.0027,45454.68
12.515275955200194,45426.71,2.9,2.34086777305603,4.263949903488158,13.752553878784179,0.0027,45454.68
12.527281045913696,45440.7,2.9,2.34280137257576,4.2744257517814646,13.764035424995424,0.0027,45454.68
12.536488771438599,45433.7,2.9,2.3443206472873688,4.2828047820091255,13.773058996009828,0.0027,45454.68
12.548531055450438,45503.68,2.9,2.3463929347038266,4.294360434341429,13.785329642391204,0.0027,45454.68
12.560792684555054,45475.67,2.9,2.3485466466426845,4.306416465091705,13.798064026165008,0.0027,45454.68
12.573113203048706,45510.67,2.9,2.350825942564011,4.319106599140167,13.81149339132309,0.0027,45440.7
12.585639715194702,45454.68,2.9,2.353199744462967,4.332403686714173,13.825344679594041,0.0027,45440.7
12.597597599029543,45454.68,2.9,2.355531531810761,4.345557358932497,13.838797298908236,0.0027,45440.7
12.610086441040039,45426.71,2.9,2.357865991592407,4.358589034271241,13.852544652938844,0.0027,45440.7
12.622392654418947,45440.7,2.9,2.3601067512512213,4.370965352249148,13.865792654418948,0.0027119632720947386,45433.7
12.63458514213562,45405.75,2.9,2.3621794741630557,4.381999553632736,13.87798514213562,0.0027729257106780996,45433.7
12.64687705039978,45419.72,2.9,2.364131557559967,4.392160943555831,13.889486189603804,0.0028,45433.7
12.658660411834717,45433.7,2.9,2.3658990617752074,4.4011752150535575,13.899914464473724,0.0028,45433.7
12.670155048370363,45433.7,2.9,2.3675724820137027,4.409410084342958,13.909731791114808,0.0028,45433.7
12.682468175888062,45433.7,2.9,2.3693702263832095,4.418016655206681,13.920271994781496,0.0028,45433.7
12.694849967956543,45405.75,2.9,2.3712274951934815,4.4261267290115365,13.93116797180176,0.0028,45433.7
12.703165292739868,45454.68,2.9,2.3724906203746796,4.431858143091202,13.93861206932068,0.0028,45433.7
12.715494632720945,45447.69,2.9,2.3744016680717466,4.441043501377104,13.94995506210327,0.0028,45433.7
12.727726697921755,45433.7,2.9,2.3763362716674807,4.450967693233491,13.961401729536059,0.0028,45433.7
12.739941835403442,45433.7,2.9,2.3782906936645505,4.461350560092926,13.972945034456254,0.0028,45433.7
12.752350091934204,45433.7,2.9,2.3803377651691435,4.47288558549881,13.98510309009552,0.0028,45433.7
12.764629125595093,45440.7,2.9,2.3824100969791413,4.4846754168510445,13.997367999362945,0.0028,45433.7
12.776915788650513,45447.69,2.9,2.38456026301384,4.497084946537019,14.010023262310028,0.0028,45433.7
12.789523839950562,45405.75,2.9,2.3869095295906066,4.510295270347595,14.023580985546111,0.0028,45433.7
12.801783800125122,45440.7,2.9,2.3892300030231475,4.523353261137008,14.036980018138886,0.0028089190006256068,45426.71
12.81391978263855,45426.71,2.9,2.3914751597881314,4.536642161989212,14.05045095872879,0.002869598913192747,45426.71
12.826245784759521,45398.76,2.9,2.393724241256714,4.549764387226105,14.06385176076889,0.0029,45426.71
12.83876657485962,45419.72,2.9,2.3959779834747312,4.562723404979706,14.077186402225495,0.0029,45426.71
12.850528478622437,45426.71,2.9,2.3980424837589265,4.57389676990509,14.089133763408661,0.0029,45426.71
12.860026121139526,45419.72,2.9,2.399704048776627,4.5828220723629,14.098724031448365,0.0029,45426.71
12.872093439102175,45447.69,2.9,2.401574483060837,4.5930189560413375,14.109825963974,0.0029,45426.71
12.884473800659178,45433.7,2.9,2.4034487010955807,4.603122457504271,14.120925099563596,0.0029,45419.72
12.896929502487183,45475.67,2.9,2.4052547778606415,4.612651069402695,14.13157472462654,0.0029,45426.71
12.909112691879272,45454.68,2.9,2.4070213403224945,4.622062336206436,14.141991351556777,0.0029,45426.71
12.921366214752199,45405.75,2.9,2.4088049322128295,4.631627127170564,14.152509100055697,0.0029,45419.72
12.933635234832764,45377.82,2.89,2.4106452852249145,4.64174906873703,14.163367182826997,0.0029,45426.71
12.94598126411438,45412.74,2.9,2.4125570022583007,4.652472856664659,14.174592481946945,0.0029,45412.74
12.958241701126099,45440.7,2.9,2.414518672180176,4.663691156530382,14.186055990552903,0.0029,45405.75
12.9703209400177,45398.76,2.9,2.4165545598030094,4.675569335317612,14.1980209400177,0.0029,45405.75
12.981775999069214,45391.78,2.9,2.4185196798324586,4.68711807899475,14.209573679018021,0.0029088799953460674,45405.75
12.994079351425171,45426.71,2.9,2.420734283256531,4.700405699539185,14.222553715753556,0.002970396757125854,45412.74
13.006225347518923,45398.76,2.9,2.422951689291001,4.713741262483599,14.235554502058031,0.003,45412.74
13.015026569366455,45398.76,2.9,2.4245799153327945,4.723554624843597,14.245103827762604,0.003,45412.74
13.027811050415039,45426.71,2.9,2.426945044326782,4.737614044952393,14.259014044952393,0.003,45398.76
13.040217399597168,45475.67,2.9,2.42923913192749,4.751130443572999,14.272529356575012,0.003,45398.76
13.05241060256958,45412.74,2.9,2.431433908462524,4.7640552387237545,14.285393185710907,0.003,45405.75
13.06450080871582,45433.7,2.9,2.4335651374816893,4.776488288497925,14.29790080871582,0.003,45398.76
13.076995372772217,45398.76,2.9,2.4356892133712766,4.788670488452911,14.310395372772216,0.003,45398.76
13.089312076568604,45398.76,2.9,2.4376899322509766,4.800027429294587,14.322339593505859,0.003,45405.75
13.101314067840576,45377.82,2.89,2.4396102508544923,4.810862950038911,14.33383522377014,0.003,45398.76
13.11370873451233,45405.75,2.9,2.4415933975219732,4.821832230043413,14.34548621044159,0.003,45398.76
13.126041650772095,45377.82,2.89,2.4435666641235354,4.832323945379257,14.356928110456467,0.003,45398.76
13.138108968734743,45391.78,2.9,2.445497434997559,4.842158809518815,14.367969706392289,0.003,45398.76
13.149847745895386,45419.72,2.9,2.447277161884308,4.851430480527878,14.378612210035325,0.003049238729476927,45398.76
13.162057876586914,45391.78,2.9,2.449129260253906,4.8610668800354,14.38971382522583,0.0031,45398.76
13.171072721481321,45398.76,2.9,2.4505716354370115,4.868368904399871,14.39809763097763,0.0031,45405.75
13.183389902114868,45419.72,2.9,2.4525593338489533,4.8788373565197,14.409705154561996,0.0031,45398.76
13.195826768875122,45419.72,2.9,2.454611416864395,4.890714564275743,14.421831099653245,0.0031,45398.76
13.20809531211853,45391.78,2.9,2.45667620306015,4.902997694921494,14.434116741800308,0.0031,45398.76
13.220591068267822,45412.74,2.9,2.4588034369468685,4.915826532363891,14.446799934291839,0.0031,45391.78
13.232560396194458,45412.74,2.9,2.4608980693340303,4.928514019966125,14.458948802137375,0.0031,45391.78
13.24480938911438,45363.86,2.89,2.4630175961494447,4.941305576896667,14.471357483005523,0.0031,45384.8
13.257212400436403,45356.87,2.89,2.4651261080741884,4.953956648445132,14.483884524440768,0.0031,45377.82
13.26957058906555,45377.82,2.89,2.4672270001411434,4.965269971323012,14.496174883174895,0.0031,45370.83
13.28276252746582,45370.83,2.89,2.4694558170318603,4.976419956588745,14.509179651641848,0.0031,45370.83
13.293602466583252,45384.8,2.9,2.4712444069862367,4.98395371427536,14.519694392585754,0.0031,45363.86
13.305769920349123,45308.07,2.89,2.4732520368576054,4.992323545837404,14.531525672340395,0.0031,45363.86
13.317790746688843,45356.87,2.89,2.475235473203659,5.000497707748413,14.543245978021622,0.0031,45363.86
13.326638460159302,45363.86,2.89,2.476728538227081,5.007709075736999,14.552005267858506,0.003133192300796508,45370.83
13.33843469619751,45398.76,2.9,2.478733898353577,5.017853838729859,14.563742522716524,0.0031921734809875497,45363.86
13.350314378738402,45356.87,2.89,2.4807534443855284,5.029617522525785,14.57556280684471,0.0032,45363.86
13.362971305847168,45391.78,2.9,2.4829051219940186,5.042415875434876,14.588156449317934,0.0032,45356.87
13.375325441360474,45349.91,2.89,2.4850053250312802,5.054955322980881,14.60044881415367,0.0032,45356.87
13.38776707649231,45391.78,2.9,2.487081567621231,5.067933101081848,14.612828241109847,0.0032,45363.86
13.40069532394409,45342.93,2.89,2.4892182050704954,5.081619660282133,14.62569532394409,0.0032,45370.83
13.412808418273926,45370.83,2.89,2.4912774311065675,5.094156712913513,14.637808418273925,0.0032,45370.83
13.4252290725708,45328.98,2.89,2.4933889423370363,5.106933654022217,14.650124491119385,0.0032,45370.83
13.437436819076538,45356.87,2.89,2.495464259243011,5.119385555458069,14.662088082695007,0.0032,45363.86
13.449316263198853,45370.83,2.89,2.497437183427811,5.1312231005668645,14.673590193986893,0.0032,45363.86
13.461440086364746,45370.83,2.89,2.4994304138183594,5.143211284637452,14.685268082046509,0.0032,45363.86
13.473560333251955,45370.83,2.89,2.501369653320313,5.155089126586916,14.696782316589356,0.0032,45370.83
13.485463857650757,45356.87,2.89,2.5032468979358673,5.1665633454799655,14.707954068326949,0.0032273192882537826,45370.83
13.494088411331177,45363.86,2.89,2.5045837037563325,5.174713548707962,14.715931780481338,0.0032704420566558833,45370.83
13.50625991821289,45342.93,2.89,2.5065015869140628,5.186059124755859,14.727190424346924,0.0033,45370.83
13.51898455619812,45377.82,2.89,2.5085375289916994,5.19776579170227,14.738960714483262,0.0033,45370.83
13.531152009963991,45370.83,2.89,2.5104843215942387,5.209852009963992,14.750550169515613,0.0033,45363.86
13.543849468231203,45370.83,2.89,2.5125544095993044,5.222684199619295,14.762830220890049,0.0033,45356.87
13.556222677230835,45377.82,2.89,2.514657855129242,5.235490470933914,14.77514156384468,0.0033,45363.86
13.568504333496094,45342.93,2.89,2.5167882583618164,5.248712245178222,14.787659463500976,0.0033,45356.87
13.580872058868408,45342.93,2.89,2.5189569705963137,5.2622636250495916,14.800424382400513,0.0033,45356.87
13.592036485671999,45315.04,2.89,2.52096656742096,5.274600316667559,14.81225867481232,0.0033,45342.93
13.605001211166382,45356.87,2.89,2.523300218009949,5.28915139284134,14.82607630200386,0.0033,45342.93
13.61716365814209,45370.83,2.89,2.525489458465576,5.303138206863404,14.839150932502747,0.0033,45342.93
13.629096508026123,45335.95,2.89,2.527637371444702,5.316451641368866,14.851660368347169,0.003345482540130616,45342.93
13.64109992980957,45301.1,2.89,2.5297814884185787,5.329594430160522,14.864066931915282,0.0034,45342.93
13.650395631790163,45342.93,2.89,2.531315279245377,5.338843653631212,14.873083762836458,0.0034,45335.95
13.661605596542358,45384.8,2.9,2.5331488674640656,5.349885176801681,14.883853064870834,0.0034,45342.93
13.674134492874146,45335.95,2.89,2.5350908463954926,5.361474405908585,14.895191716051102,0.0034,45342.93
13.6865074634552,45349.91,2.89,2.5369435822010042,5.372528955888749,14.906096418571472,0.0034,45342.93
13.698872804641724,45315.04,2.89,2.53873655667305,5.383224976015091,14.916730611991882,0.0034,45342.93
13.711263656616211,45328.98,2.89,2.5405895484924317,5.394393609237671,14.927668336105347,0.0034,45342.93
13.723564863204956,45356.87,2.89,2.542470378112793,5.405864863204956,14.938750971412658,0.0034,45342.93
13.736248254776003,45363.86,2.89,2.5444997207641604,5.418548254776002,14.950673359489443,0.0034,45342.93
13.747490167617798,45342.93,2.89,2.546335877656937,5.430164675998688,14.961465462589263,0.0034,45342.93
13.759719371795654,45322.01,2.89,2.548353696346283,5.443005340385437,14.973327790641784,0.0034,45342.93
13.772155046463013,45363.86,2.89,2.550466357898712,5.456792101573944,14.985755046463014,0.0034,45342.93
13.784342050552368,45342.93,2.89,2.5525598588466645,5.470319676113129,14.998050601816178,0.0034217102527618424,45342.93
13.796412467956543,45328.98,2.89,2.554672181892395,5.483717839431763,15.010422779655455,0.0034820623397827126,45342.93
13.805249452590942,45322.01,2.89,2.5562449014663695,5.494051837635039,15.019769408798217,0.0035,45328.98
13.817504405975342,45356.87,2.89,2.5584507930755613,5.508880331230163,15.03300475845337,0.0035,45322.01
13.830280065536499,45315.04,2.89,2.560853212451935,5.524544480609894,15.047008072090149,0.0035,45322.01
13.842239141464235,45315.04,2.89,2.5631142411708834,5.539075012683871,15.060140664196018,0.0035,45322.01
13.855118751525879,45370.83,2.89,2.5654969690322873,5.5538865642547615,15.074179439163208,0.0035,45322.01
13.866557836532593,45322.01,2.89,2.567547621393204,5.566221782445908,15.086221782445907,0.0035,45322.01
13.87870526313782,45273.24,2.89,2.569673421049118,5.578672894716264,15.098672894716264,0.0035,45322.01
13.891942977905275,45301.1,2.89,2.5717511615753175,5.590509820556642,15.110987539672852,0.0035,45315.04
13.904366493225098,45349.91,2.89,2.573633141517639,5.6012460218429565,15.122133351707458,0.0035,45315.04
13.916306257247925,45322.01,2.89,2.575364407300949,5.611215724802017,15.132341849946975,0.0035,45322.01
13.92856502532959,45322.01,2.89,2.5771419286727903,5.621665921783448,15.142737446403505,0.0035,45322.01
13.940495491027832,45308.07,2.89,2.578874323654175,5.631938509559632,15.152838509559633,0.003502477455139163,45322.01
13.952656745910645,45301.1,2.89,2.5806985118865966,5.642701220130921,15.163601220130921,0.0035632837295532264,45322.01
13.961584329605103,45301.1,2.89,2.5820534927368164,5.650855624437334,15.171589269828797,0.0036,45322.01
13.973919868469238,45370.83,2.89,2.584027178955078,5.663746262550354,15.183184676361083,0.0036,45322.01
13.985202550888062,45391.78,2.9,2.58585842089653,5.675562678432464,15.1939984998703,0.0036,45308.07
13.997662544250488,45349.91,2.89,2.5879143198013304,5.6886456714630125,15.206209293365479,0.0036,45308.07
14.010034561157227,45342.93,2.89,2.5900560482025146,5.702439054107666,15.218835597991944,0.0036,45308.07
14.022355318069458,45266.28,2.89,2.59223573384285,5.716620594406129,15.231631966924668,0.0036,45308.07
14.03495168685913,45294.14,2.89,2.5945660620689392,5.732240091705323,15.245173063373567,0.0036,45308.07
14.047369003295898,45308.07,2.89,2.5968632656097412,5.747637564086915,15.258779593658447,0.0036,45308.07
14.060097455978394,45301.1,2.89,2.599218029356003,5.763420358133316,15.272906227016449,0.0036,45308.07
14.072139739990234,45308.07,2.89,2.6014458518981933,5.77829257888794,15.286032316589356,0.0036,45308.07
14.08426547050476,45308.07,2.89,2.603646457338333,5.792692017555237,15.298886797857286,0.0036213273525238037,45308.07
14.096132516860962,45322.01,2.89,2.6057231904506684,5.805745768547058,15.310813179445267,0.003680662584304811,45308.07
14.10834789276123,45328.98,2.89,2.607735662841797,5.817972237586975,15.322588758659364,0.0037,45308.07
14.120404958724974,45294.14,2.89,2.609662768602371,5.829488760375976,15.333970537233352,0.0037,45315.04
14.129698276519774,45308.07,2.89,2.611103232860565,5.838410345458983,15.342473923015593,0.0037,45315.04
14.141897201538086,45356.87,2.89,2.612984580230713,5.85006439743042,15.353597995376587,0.0037,45315.04
14.15414524078369,45315.04,2.89,2.6148217861175533,5.861455073928831,15.364559990501402,0.0037,45315.04
14.166372299194336,45322.01,2.89,2.616687706375122,5.873176714706421,15.37550320777893,0.0037,45315.04
14.178817749023438,45315.04,2.89,2.6186167510986325,5.885435482788086,15.386641885375978,0.0037,45315.04
14.191148281097412,45308.07,2.89,2.6205279835700988,5.898249953746796,15.398067901420594,0.0037,45315.04
14.203216314315796,45322.01,2.89,2.6224306918621063,5.911021864175797,15.409403743314744,0.0037,45315.04
14.215517520904543,45294.14,2.89,2.6244603909492494,5.924491685390474,15.421274407672882,0.0037,45315.04
14.227941513061522,45335.95,2.89,2.6265897647857663,5.939009230804441,15.433700343322752,0.0037,45315.04
14.239975214004517,45294.14,2.89,2.6286956624507902,5.953570008945465,15.445974718284607,0.0037,45308.07
14.251974105834963,45322.01,2.89,2.6307954685211183,5.968088668060305,15.458393199539186,0.003759870529174814,45308.07
14.26392889022827,45315.04,2.89,2.632887555789947,5.982612890529631,15.470805690288541,0.0038,45294.14
14.276050329208374,45280.21,2.89,2.6350088076114657,5.997461653280259,15.483472594022752,0.0038,45294.14
14.285194635391234,45259.32,2.89,2.636609061193466,6.008481616115568,15.492846581745146,0.0038,45280.21
14.297595977783203,45273.24,2.89,2.6387792961120606,6.023239213562011,15.505371937561033,0.0038,45273.24
14.308717727661133,45322.01,2.89,2.640594836425781,6.035166436767577,15.516169018554686,0.0038,45273.24
14.321128845214844,45273.24,2.89,2.6425806152343747,6.048062710571289,15.528044181823729,0.0038,45273.24
14.33350419998169,45273.24,2.89,2.6445606719970702,6.06080932598114,15.539491384983062,0.0038,45273.24
14.346158266067505,45245.41,2.89,2.6465853225708007,6.073781431388856,15.551319561433793,0.0038,45259.32
14.358446836471558,45273.24,2.89,2.6485514938354493,6.086315773200989,15.562932260465622,0.0038,45252.36
14.37131667137146,45245.41,2.89,2.650610667419434,6.09983908829689,15.575207421159744,0.0038,45245.41
14.383527755737305,45252.36,2.89,2.6525644409179687,6.112792337417602,15.586780812835693,0.0038176387786865197,45245.41
14.395654678344727,45231.5,2.89,2.654504748535156,6.12582877922058,15.598058850860596,0.0038782733917236303,45245.41
14.407740592956543,45238.45,2.89,2.6564771978378294,6.138859840393066,15.60953096923828,0.0039,45245.41
14.419863939285278,45224.54,2.89,2.658477549982071,6.151953054428101,15.621169381713868,0.0039,45245.41
14.431676387786867,45245.41,2.89,2.6605433678627017,6.1668122486114525,15.63326829748154,0.0039,45245.41
14.440922737121582,45238.45,2.89,2.662166092681885,6.178508785629273,15.642778101348878,0.0039,45252.36
14.453096151351929,45328.98,2.89,2.664357307243347,6.1944559582710275,15.655681920433045,0.0039,45245.41
14.465245246887207,45322.01,2.89,2.6665179182052614,6.209977879905702,15.668481282997133,0.0039,45259.32
14.477793455123903,45328.98,2.89,2.668713854646683,6.225474917078023,15.68159416060448,0.0039,45266.28
14.489006280899048,45259.32,2.89,2.670631067752838,6.2388724428653735,15.692951312303544,0.0039,45266.28
14.501476526260376,45266.28,2.89,2.6727362442016602,6.253450352573396,15.705387934684756,0.0039,45266.28
14.513700485229492,45238.45,2.89,2.6746920776367187,6.266285509490967,15.716878456115722,0.0039,45266.28
14.526452779769897,45280.21,2.89,2.6767324447631835,6.280030321645735,15.728768821287154,0.003932263898849481,45266.28
14.53883671760559,45301.1,2.89,2.6787138748168946,6.293714572954177,15.740223963785171,0.003994183588027949,45259.32
14.551387071609499,45245.41,2.89,2.6806649960994724,6.307582714128495,15.751889976596834,0.004,45259.32
14.563501596450806,45259.32,2.89,2.6825777634143826,6.321091819953918,15.763279040575027,0.004,45259.32
14.575498104095459,45259.32,2.89,2.6845571871757503,6.3347678386688235,15.774855670452117,0.004,45259.32
14.586955070495605,45273.24,2.89,2.6864823619842526,6.348524287414551,15.786155070495605,0.004,45266.28
14.599271297454834,45252.36,2.89,2.6885761205673218,6.363796408843995,15.798471297454835,0.004,45259.32
14.608757257461548,45259.32,2.89,2.690232520055771,6.3760406484127055,15.808176188898088,0.004,45259.32
14.621302604675295,45322.01,2.89,2.692427955818177,6.392345490264896,15.82104819583893,0.004,45259.32
14.633148670196535,45308.07,2.89,2.6945010172843937,6.408219218063358,15.833308873653415,0.004,45259.32
14.645690679550171,45266.28,2.89,2.696667415523529,6.42468406982422,15.846119132947923,0.004028453397750861,45259.32
14.657969713211058,45252.36,2.89,2.69875485124588,6.440401232910156,15.858459561777115,0.004089848566055297,45252.36
14.670285940170288,45245.41,2.89,2.7007971801280974,6.455754565811158,15.870477361965179,0.0041,45252.36
14.682584285736084,45259.32,2.89,2.702813485717773,6.47092698574066,15.882342150020598,0.0041,45252.36
14.694615364074707,45231.5,2.89,2.704738458251953,6.485484590530394,15.893711519050596,0.0041,45245.41
14.70594024658203,45245.41,2.89,2.7065504394531246,6.4988312835693325,15.904294728088376,0.0041,45245.41
14.71814489364624,45231.5,2.89,2.7085031829833985,6.5128666276931755,15.91558402662277,0.0041,45245.41
14.730376482009886,45245.41,2.89,2.7104083547115323,6.526362247800825,15.926742598628994,0.0041,45245.41
14.742678165435791,45252.36,2.89,2.7123151156425473,6.539926326942444,15.937950521373748,0.0041,45245.41
14.754811763763426,45238.45,2.89,2.714195823383331,6.553637293052671,15.949052763843534,0.0041,45245.41
14.763419151306152,45245.41,2.89,2.7155470642089843,6.5635175027847295,15.957065289497375,0.0041,45252.36
14.775677680969238,45273.24,2.89,2.717508428955078,6.577921275138856,15.968772185325623,0.0041,45252.36
14.787969350814818,45287.17,2.89,2.719594636392593,6.593400002813338,15.980909197568891,0.004139846754074092,45252.36
14.800460815429686,45315.04,2.89,2.7217829467773433,6.609738229370116,15.993490768432617,0.0042,45252.36
14.812782526016234,45273.24,2.89,2.724000854682922,6.626803798532485,16.00661339020729,0.0042,45252.36
14.825173377990723,45259.32,2.89,2.7262570749282835,6.644120329856873,16.019964848899843,0.0042,45252.36
14.837586164474486,45252.36,2.89,2.72855344042778,6.661684422731395,16.03355685009956,0.0042,45252.36
14.849954843521118,45196.74,2.89,2.7308416460514064,6.67918610358238,16.047001005220412,0.0042,45231.5
14.862452983856203,45210.63,2.89,2.733129272174835,6.696613408851624,16.06045110321045,0.0042,45217.59
14.874900102615356,45231.5,2.89,2.735307517957687,6.712919134426116,16.073396106719972,0.0042,45217.59
14.886968374252318,45210.63,2.89,2.7373497817516323,6.727822681617734,16.085354797410965,0.0042,45217.59
14.898988485336304,45196.74,2.89,2.73933310008049,6.7420064126968375,16.09683400349617,0.0042,45217.59
14.910904645919798,45210.63,2.89,2.74113569688797,6.7547044014453865,16.10745061163902,0.00425452322959899,45210.63
14.920125484466553,45217.59,2.89,2.7425181952476505,6.764431131267548,16.1156091714859,0.0043,45210.63
14.93215799331665,45259.32,2.89,2.7442629090309145,6.7770051030159,16.126077454185484,0.0043,45217.59
14.94468355178833,45231.5,2.89,2.7461025327682496,6.79030507144928,16.137044943332672,0.0043,45217.59
14.95699405670166,45231.5,2.89,2.7479491085052494,6.803723521804811,16.14793974018097,0.0043,45217.59
14.969249963760376,45210.63,2.89,2.7498337443828587,6.8175912085056325,16.159063716840745,0.0043,45217.59
14.981534957885742,45203.69,2.89,2.751753268051148,6.831787998199465,16.170365884780885,0.0043,45217.59
14.993004560470583,45217.59,2.89,2.7536457524776465,6.845895609378819,16.181319355249407,0.0043,45217.59
15.005457162857054,45231.5,2.89,2.755727717685699,6.861758026599882,16.193457162857054,0.0043,45210.63
15.01771903038025,45196.74,2.89,2.7578122351646424,6.878066310405732,16.205719030380248,0.0043,45210.63
15.030245304107666,45203.69,2.89,2.7600441547393797,6.895187293148039,16.21891124887466,0.0043,45210.63
15.04239273071289,45238.45,2.89,2.762254618835449,6.912057495880125,16.231979858398436,0.0043119636535644485,45210.63
15.054710149765015,45210.63,2.89,2.764594928455353,6.929856166410445,16.245775367736815,0.00437355074882507,45217.59
15.066802978515625,45210.63,2.89,2.766926580810547,6.94746636352539,16.259387365722656,0.0044,45217.59
15.078710079193113,45210.63,2.89,2.769248465442657,6.964910266017911,16.27284238948822,0.0044,45210.63
15.08807110786438,45217.59,2.89,2.7709527994155883,6.9778574177742,16.282936085414885,0.0044,45210.63
15.10027575492859,45245.41,2.89,2.7731454995632174,6.994504709196093,16.295963345956803,0.0044,45210.63
15.112500429153442,45217.59,2.89,2.775162570810318,7.008012974214555,16.30763790984154,0.0044,45210.63
15.124835968017578,45224.54,2.89,2.777101215362549,7.020990888977052,16.31905565185547,0.0044,45210.63
15.137222290039062,45182.84,2.89,2.778897232055664,7.033005621337892,16.329955615234375,0.0044,45210.63
15.149364948272705,45189.79,2.89,2.780704742240906,7.0452990719795245,16.340547504997254,0.0044,45203.69
15.161580562591553,45203.69,2.89,2.7825370843887334,7.057922813224794,16.35120670070648,0.0044079028129577705,45203.69
15.173961162567139,45217.59,2.89,2.7843941743850706,7.0714176671981805,16.362225434684753,0.0044698058128356906,45203.69
15.186263561248778,45175.89,2.89,2.78627085199356,7.085234413242336,16.373362476348873,0.0045,45203.69
15.19818902015686,45168.95,2.89,2.7881192981243133,7.0990083182811725,16.38433389854431,0.0045,45203.69
15.210396289825438,45196.74,2.89,2.790115387821197,7.113991399383542,16.39598043823242,0.0045,45203.69
15.222524881362915,45203.69,2.89,2.79214185423851,7.129232843399047,16.40776275458336,0.0045,45203.69
15.234464406967163,45203.69,2.89,2.7942312712192536,7.144993017196655,16.41988137307167,0.0045,45203.69
15.243507623672487,45203.69,2.89,2.795813834142685,7.157263287496569,16.429200542974474,0.0045,45203.69
15.255896806716919,45266.28,2.89,2.797981941175461,7.174793981504441,16.44227113108635,0.0045,45210.63
15.268175840377806,45210.63,2.89,2.8002125304698944,7.192168814134596,16.45538902840614,0.0045,45210.63
15.280693531036379,45210.63,2.89,2.8025248355865484,7.209857072830204,16.468838610553743,0.004503467655181896,45210.63
15.294176578521729,45238.45,2.89,2.8049517841339116,7.2284636783599865,16.48319805612564,0.004570882892608647,45210.63
15.304913997650146,45210.63,2.89,2.806859949588776,7.243035616874697,16.494461417579654,0.0046,45210.63
15.317388296127318,45231.5,2.89,2.809042951822281,7.259626433849334,16.50730994501114,0.0046,45210.63
15.329699277877806,45238.45,2.89,2.811100380849838,7.275127104568479,16.51940829954147,0.0046,45210.63
15.342049360275269,45210.63,2.89,2.813127897644043,7.290338738727567,16.53132639865875,0.0046,45210.63
15.354013204574585,45189.79,2.89,2.815042112731933,7.304575713443755,16.54257241230011,0.0046,45210.63
15.366130352020264,45210.63,2.89,2.8169502045631405,7.318780556583404,16.553839923858643,0.0046,45210.63
15.378203392028809,45203.69,2.89,2.8188215257644655,7.332724917793273,16.564947120666503,0.0046,45210.63
15.390254259109499,45210.63,2.89,2.8207406814575195,7.3470025683403035,16.57598264708519,0.0046,45210.63
15.399158716201782,45189.79,2.89,2.822165394592285,7.35759887228012,16.584130225324632,0.0046,45210.63
15.410444259643555,45252.36,2.89,2.823918860244751,7.371446439361573,16.59456094017029,0.0046,45210.63
15.423059940338135,45245.41,2.89,2.8258895904541017,7.3871320233345035,16.60630694332123,0.004615299701690674,45210.63
15.435303688049316,45182.84,2.89,2.8278485900878905,7.402865239143372,16.61793850364685,0.004676518440246584,45203.69
15.447579622268677,45280.21,2.89,2.8299264338970183,7.4195872673988355,16.630055418491363,0.0047,45210.63
15.46020197868347,45175.89,2.89,2.8321353462696073,7.437390849304198,16.642809047937394,0.0047,45203.69
15.472625970840454,45210.63,2.89,2.8343095448970796,7.455281398010256,16.655667879819873,0.0047,45203.69
15.485103368759153,45175.89,2.89,2.836493089532852,7.473095749950409,16.668530952978134,0.0047,45203.69
15.496777296066284,45203.69,2.89,2.8385360268116,7.489555987453463,16.680496728467944,0.0047,45189.79
15.508808374404905,45210.63,2.89,2.8405533817768096,7.505771096086501,16.69252029066086,0.0047,45189.79
15.521389245986938,45189.79,2.89,2.84262227935791,7.522308772563933,16.704912837457655,0.0047,45182.84
15.53332209587097,45182.84,2.89,2.844531535339355,7.536986177921292,16.716189380598067,0.0047,45182.84
15.545791625976562,45238.45,2.89,2.846555618286133,7.552584323120117,16.7280599609375,0.004728958129882809,45175.89
15.557915687561035,45134.25,2.89,2.848556088447571,7.56804250164032,16.739699060058594,0.004789578437805172,45134.25
15.56717300415039,45099.57,2.89,2.8501194107055663,7.580204230499267,16.74887300415039,0.0048,45134.25
15.579653024673462,45134.25,2.89,2.8522410141944885,7.596740257692337,16.76135302467346,0.0048,45106.51
15.591872692108154,45106.51,2.89,2.854377721118927,7.613406224727631,16.773750782489778,0.0048,45099.57
15.604142189025879,45092.65,2.89,2.8565041721343993,7.6299469785690315,16.78614218902588,0.0048,45092.65
15.616140604019165,45051.08,2.89,2.858543902683258,7.645724894285204,16.798140604019167,0.0048,45051.08
15.628694772720339,45030.33,2.89,2.860634637498856,7.662016256809238,16.81043392953873,0.0048,45030.33
15.640989303588867,45016.49,2.89,2.862658288574219,7.677881148147584,16.8223596244812,0.0048,45016.49
15.653282642364502,45009.57,2.88,2.8646252227783204,7.693801021862032,16.83428416309357,0.0048,45016.49
15.665308713912964,45009.57,2.88,2.866602481365204,7.709480958795548,16.845975996065143,0.004826543569564823,45009.57
15.677596807479858,44981.92,2.88,2.868691457271576,7.725639801836012,16.85795688729286,0.0048879840373992865,45009.57
15.68966007232666,45002.66,2.88,2.870693911933899,7.741454694747923,16.869815171241758,0.0049,45009.57
15.70169734954834,45002.66,2.88,2.872680062675476,7.7571641206741315,16.881663402557372,0.0049,45009.57
15.713653802871704,45016.49,2.89,2.874652877473831,7.772408598661421,16.893380726814268,0.0049,45009.57
15.722954273223879,44981.92,2.88,2.87618745508194,7.784059899234773,16.902421330928803,0.0049,45009.57
15.735058069229126,45044.17,2.89,2.878184581422806,7.798644973421096,16.913980456113816,0.0049,45002.66
15.747241020202637,45037.25,2.89,2.880158563232422,7.812854763031005,16.925434148788455,0.0049,45002.66
15.758547306060791,44995.75,2.88,2.881967568969727,7.825743928909302,16.935948994636536,0.0049,45016.49
15.771005868911743,45030.33,2.89,2.8839059096813204,7.839121250391007,16.947590487432482,0.0049,45016.49
15.783123254776003,45023.41,2.89,2.8858153370380406,7.852447905731204,16.959013940858842,0.004915616273880017,44995.75
15.795568466186522,44995.75,2.88,2.887868796920776,7.867382159423827,16.971023569869995,0.0049778423309326135,45009.57
15.808804750442505,44988.84,2.88,2.890096807575226,7.8842782468318955,16.984104750442505,0.005,44995.75
15.821078062057495,45016.49,2.89,2.8921886608600618,7.900471554708482,16.99641040391922,0.005,44995.75
15.833396434783934,44988.84,2.88,2.8943443760871883,7.917286133480069,17.00909832782745,0.005,44995.75
15.845346927642822,44981.92,2.88,2.8964624469757076,7.933892637252805,17.021541008663174,0.005,44995.75
15.857457637786867,45009.57,2.88,2.8986423748016357,7.951089845657349,17.034317807865143,0.005,44995.75
15.869491577148438,44988.84,2.88,2.900761026000976,7.9677509185791,17.04677632446289,0.005,45009.57
15.878648042678835,44975.01,2.88,2.902363407468796,7.980341058683396,17.0562074839592,0.005,45009.57
15.890929937362671,45037.25,2.89,2.904458089351654,7.996518217945098,17.068420637989046,0.005,45009.57
15.90298843383789,45009.57,2.88,2.9064781494140624,8.012030947113036,17.080239012145995,0.005014942169189452,45009.57
15.915185928344727,45016.49,2.89,2.908429748535156,8.026850902938843,17.09182663192749,0.005075929641723633,45009.57
15.927699327468872,45009.57,2.88,2.910393395757675,8.04170821313858,17.10348338127136,0.0051,45009.57
15.93999743461609,45030.33,2.89,2.9122996023654943,8.056096998500827,17.114797639846802,0.0051,45009.57
15.95202898979187,45051.08,2.89,2.91416449341774,8.07011377310753,17.12580652565956,0.0051,45009.57
15.964539766311646,45009.57,2.88,2.9161263626098632,8.084983912563326,17.137390079164504,0.0051,45009.57
15.976845502853394,44981.92,2.88,2.9180952804565434,8.100119968509675,17.149019000196457,0.0051,44988.84
15.989120960235594,44926.68,2.88,2.9201049584388734,8.115401200294494,17.16075612182617,0.0051,44981.92
16.000553846359253,44968.1,2.88,2.921991384649277,8.129714461803438,17.171740000200273,0.0051,44981.92
16.012661695480347,44988.84,2.88,2.923989179754257,8.145333587169645,17.183545153093338,0.0051,44975.01
16.024981021881104,44947.39,2.88,2.9260716788291927,8.16167381019592,17.195755737209318,0.0051,44975.01
16.03717041015625,44975.01,2.88,2.928204821777344,8.178495166015624,17.20812796630859,0.0051,44975.01
16.04625916481018,44968.1,2.88,2.9298266496658325,8.191726155567169,17.217728602170943,0.005131295824050903,44968.1
16.058781147003174,44995.75,2.88,2.932080606460571,8.210383909034725,17.231189733028412,0.0051939057350158585,44975.01
16.071417808532715,44975.01,2.88,2.934469383621216,8.230468493652342,17.24528794555664,0.0052,44975.01
16.08310556411743,44947.39,2.88,2.9366900571823122,8.248951513099671,17.258378231811523,0.0052,44968.1
16.094898462295532,44988.84,2.88,2.938930707836151,8.266994647312163,17.271586277770997,0.0052,44975.01
16.107161045074463,44961.2,2.88,2.9411531828880313,8.284324189949036,17.28456846075058,0.0052,44968.1
16.119492053985596,44995.75,2.88,2.9433111094474795,8.300724431800845,17.29708443479538,0.0052,44968.1
16.131568431854248,44961.2,2.88,2.9451931069374084,8.31441448583603,17.308185115146635,0.0052,44968.1
16.144317150115967,44968.1,2.88,2.947125986766815,8.328281907367707,17.31963433485031,0.0052,44961.2
16.156838417053223,44988.84,2.88,2.9489415704727175,8.340990993309024,17.33046523075104,0.0052,44968.1
16.16887140274048,44954.29,2.88,2.9506863533973697,8.353204473781588,17.34074069232941,0.005244357013702403,44968.1
16.180943489074707,44954.29,2.88,2.9524415233612062,8.365504815864563,17.351020835494996,0.0053,44968.1
16.19296097755432,44968.1,2.88,2.954244146633148,8.37830344109535,17.36147605047226,0.0053,44968.1
16.20195436477661,44961.2,2.88,2.955602926540374,8.388106150436398,17.369407787418364,0.0053,44968.1
16.214491605758667,45016.49,2.89,2.9575461988925933,8.402900094795227,17.381004735326766,0.0053,44961.2
16.22669243812561,45016.49,2.89,2.959504252290726,8.418033245182038,17.392558202791214,0.0053,44961.2
16.238812685012817,44968.1,2.88,2.9615040930271146,8.433668363666532,17.404254241037368,0.0053,44968.1
16.251054286956787,44947.39,2.88,2.963579228782654,8.449736387348175,17.416399015522003,0.0053,44968.1
16.263468265533447,44926.68,2.88,2.9657069464683534,8.466320889091493,17.428872313499454,0.0053,44961.2
16.274701833724976,44954.29,2.88,2.967672820901871,8.481935548877715,17.440442888736726,0.0053,44954.29
16.28697919845581,44981.92,2.88,2.969856255722046,8.49928025379181,17.45333284635544,0.005334895992279054,44947.39
16.299562454223633,44968.1,2.88,2.9721212417602545,8.517274309539799,17.46673401374817,0.005397812271118178,44926.68
16.31180214881897,44926.68,2.88,2.9743833975315095,8.534836083555222,17.479887309980395,0.0054,44926.68
16.32373833656311,44885.3,2.88,2.9765542088985444,8.551702829408644,17.49260656170845,0.0054,44919.78
16.33634305000305,44919.78,2.88,2.9787600337505338,8.568908263254162,17.505778487253185,0.0054,44892.19
16.348315954208374,44871.51,2.88,2.9808137122154235,8.58417020344734,17.517832794666287,0.0054,44892.19
16.360442399978638,44878.41,2.88,2.982870783996582,8.59910654797554,17.529813643980027,0.0054,44892.19
16.369584560394287,44892.19,2.88,2.9843335296630857,8.609574321651458,17.538361563968657,0.0054,44885.3
16.382094383239746,44871.51,2.88,2.9863141574859617,8.623730518150326,17.54998494491577,0.0054,44878.41
16.3937885761261,44871.51,2.88,2.988068286418915,8.636184833574294,17.56050971851349,0.0054,44878.41
16.406132221221924,44940.49,2.88,2.9899198331832886,8.649146848964692,17.571527015781403,0.0054,44878.41
16.418535947799683,44892.19,2.88,2.991780392169952,8.661984705972671,17.58250431380272,0.0054,44878.41
16.430875778198242,44878.41,2.88,2.993740124511719,8.675952766036989,17.593860094833374,0.005454378890991213,44878.41
16.443068027496338,44878.41,2.88,2.995706224536896,8.690311735057834,17.605337347221376,0.0055,44871.51
16.45563817024231,44864.62,2.88,2.997780298089981,8.706338667058944,17.617781788539887,0.0055,44871.51
16.468284368515015,44864.62,2.88,2.9999727766248916,8.723221970303852,17.630568465593125,0.0055,44878.41
16.480212211608887,44871.51,2.88,3.002066075973511,8.7381928371048,17.64275039478302,0.0055,44878.41
16.492130041122437,44899.08,2.88,3.004007353906631,8.751622061719894,17.654338473234176,0.0055,44878.41
16.504188537597656,44850.85,2.88,3.005152911071777,8.755058733215332,17.661151523742674,0.0055,44878.41
16.516310214996338,44857.73,2.88,3.0058,8.753017338752748,17.665,0.0055,44878.41
16.524901151657104,44905.98,2.88,3.0058,8.746574136257172,17.665,0.0055,44885.3
16.537212133407593,44912.88,2.88,3.005551514663696,8.733862105236053,17.663446966648102,0.0055,44899.08
16.549397230148315,44919.78,2.88,3.005064110794067,8.717899628505709,17.66040069246292,0.0055,44899.08
16.561925172805786,44878.41,2.88,3.0042898637676236,8.698538226966857,17.6558484343338,0.0055,44899.08
16.57445788383484,44912.88,2.88,3.0033887904548644,8.677785625486372,17.65055003214836,0.005482710580825798,44899.08
16.586145162582397,44885.3,2.88,3.0023369353675844,8.656105723409654,17.64429733801842,0.005424274187088014,44899.08
16.598474979400635,44905.98,2.88,3.001227251853943,8.634130910739898,17.637850385608672,0.0054,44899.08
16.610788345336914,44871.51,2.88,3.000119048919678,8.612767220840448,17.631509002151486,0.0054,44899.08
16.62307572364807,44899.08,2.88,2.9996773496723175,8.597546859912871,17.628743340797424,0.0054,44892.19
16.63569712638855,44892.19,2.88,2.9992825718402862,8.582774074764252,17.626342402305603,0.0054,44899.08
16.64819622039795,44885.3,2.88,2.9989700944900513,8.569400044174197,17.624592529144287,0.0054,44899.08
16.66014266014099,44899.08,2.88,2.9983514403915406,8.552594583187105,17.621045782251358,0.0054,44899.08
16.672154188156128,44899.08,2.88,2.997538413658142,8.533268362083433,17.616330481948854,0.005394229059219358,44899.08
16.681204080581665,44885.3,2.88,2.996271428718567,8.510281635322572,17.608728572311403,0.00534897959709168,44899.08
16.693589448928833,44899.08,2.88,2.994330321235657,8.476233350791938,17.597159610881807,0.0053,44899.08
16.705910444259644,44954.29,2.88,2.991619702262878,8.43261702732086,17.58126552690506,0.0053,44899.08
16.71799373626709,44933.58,2.88,2.9886816285705566,8.386415242843626,17.563964614830017,0.005265031318664549,44899.08
16.730197429656982,44975.01,2.88,2.985508668289185,8.337234358482366,17.545231945476534,0.005204012851715095,44899.08
16.74267840385437,44919.78,2.88,2.98214683095932,8.286994424486158,17.525606513929365,0.0052,44899.08
16.754823207855225,44912.88,2.88,2.9789441980361935,8.239220318660731,17.506841652374266,0.005180883960723868,44899.08
16.76612138748169,44892.19,2.88,2.9761196531295777,8.19702161775589,17.4901203465271,0.005124393062591553,44899.08
16.778373956680298,44892.19,2.88,2.973240859746933,8.154539682521818,17.473276986532213,0.0051,44899.08
16.790759325027466,44899.08,2.88,2.9704541518688194,8.113791820659626,17.457114080839155,0.0051,44899.08
16.803014278411865,44857.73,2.88,2.9681172871017454,8.078218663997646,17.443223865394593,0.0051,44899.08
16.815155267715454,44892.19,2.88,2.965872828149796,8.044275527601243,17.429920074253083,0.0050792236614227325,44892.19
16.82767367362976,44878.41,2.88,2.963682107114792,8.01166508019448,17.41702611616135,0.005016631631851209,44892.19
16.836127281188965,44919.78,2.88,2.962253998603821,7.990207433433538,17.40865217365265,0.005,44899.08
16.84830379486084,44919.78,2.88,2.9602448738479614,7.959827031822203,17.39690183795929,0.005,44899.08
16.86097812652588,44905.98,2.88,2.958253390388489,7.929252277603151,17.384970451698305,0.005,44892.19
16.87337875366211,44878.41,2.88,2.956307505645752,7.899567203674321,17.373340184020996,0.004988106231689462,44899.08
16.885860681533813,44947.39,2.88,2.9542479875469208,7.869485757503508,17.361482352542875,0.0049256965923309285,44899.08
16.898596048355103,44899.08,2.88,2.952146652021408,7.83829978032112,17.349117892370224,0.0049,44899.08
16.910691499710083,44885.3,2.88,2.9501509025478363,7.808363538217548,17.33720387278557,0.0049,44892.19
16.922728776931763,44892.19,2.88,2.948047464036941,7.7785126332092265,17.32499529141426,0.0049,44892.19
16.935070991516113,44919.78,2.88,2.9458672215270996,7.74774110137939,17.31232545890808,0.004879645042419423,44885.3
16.947515964508057,44878.41,2.88,2.94362712638855,7.716379769439698,17.299258237266542,0.004817420177459716,44892.19
16.959545135498047,44857.73,2.88,2.941461875610351,7.685895355834958,17.2864139793396,0.0048,44892.19
16.97154998779297,44830.19,2.88,2.9392982522583,7.6554167807006746,17.273506013183592,0.0048,44892.19
16.983450651168823,44892.19,2.88,2.9370966295337677,7.6254866123104055,17.26065329673767,0.0048,44892.19
16.995531797409058,44878.41,2.88,2.93488427646637,7.595215824451447,17.24765097677231,0.0048,44892.19
17.00480604171753,44947.39,2.88,2.933214912490845,7.572122956123357,17.237727535362247,0.0048,44892.19
17.016443729400635,44988.84,2.88,2.9311473473548895,7.543880017261509,17.225465740070344,0.004772781352996834,44892.19
17.02873706817627,44892.19,2.88,2.9289960130691526,7.514929204444884,17.212742134437562,0.004711314659118649,44892.19
17.041056632995605,44899.08,2.88,2.926940655555725,7.48742512424469,17.200745632324217,0.0047,44892.19
17.053212642669678,44885.3,2.88,2.9249681035995487,7.4609640825271635,17.189219684810638,0.0047,44885.3
17.065488815307617,44892.19,2.88,2.9231266777038574,7.435797928619383,17.178232510299683,0.0047,44885.3
17.07839059829712,44871.51,2.88,2.9211914102554317,7.40971880340576,17.166907132472993,0.0046630470085144,44871.51
17.09090542793274,44864.62,2.88,2.919314185810089,7.384689144134524,17.15608180483818,0.004600472860336309,44864.62
17.10305380821228,44843.95,2.88,2.9174919287681575,7.360151307411191,17.14527211069107,0.0046,44843.95
17.11536741256714,44843.95,2.88,2.9156012139892575,7.334841085357661,17.134094632186887,0.0046,44843.95
17.127283334732056,44809.54,2.88,2.913694666442871,7.309579330368042,17.122893665351867,0.0046,44837.07
17.139251708984375,44795.78,2.88,2.9116972094726563,7.283381206054691,17.111230808105468,0.0046,44837.07
17.15135383605957,44809.54,2.88,2.9096398478698737,7.256519791488655,17.099244394760134,0.004598230819702165,44809.54
17.160596132278442,44782.04,2.88,2.908068657512665,7.236140528326038,17.089955887060167,0.0045520193386077955,44809.54
17.172643184661865,44837.07,2.88,2.9060206586074826,7.209576777820586,17.077840383491516,0.0045,44809.54
17.184966325759888,44809.54,2.88,2.903925724620819,7.1824042516994515,17.065394010982516,0.0045,44809.54
17.197500467300415,44850.85,2.88,2.9017299158859253,7.154441446237567,17.052507011671068,0.0045,44809.54
17.209662675857544,44802.67,2.88,2.899540718345642,7.127015665941236,17.039797503728863,0.0045,44809.54
17.22197937965393,44837.07,2.88,2.8973237116622927,7.098967014389038,17.026816754465102,0.0045,44816.43
17.234085083007812,44830.19,2.88,2.895175535888672,7.071828773193362,17.01418406616211,0.004484574584960942,44816.43
17.246601343154907,44788.91,2.88,2.8930477716636656,7.045169139080045,17.00154264341354,0.0044219932842254565,44816.43
17.258833169937134,44850.85,2.88,2.8910466928100584,7.020172825975416,16.989658488559723,0.0044,44816.43
17.27088236808777,44795.78,2.88,2.8891188211059573,6.996134675664903,16.97821175031662,0.0044,44816.43
17.2827730178833,44816.43,2.88,2.8872751822280884,6.973531266021726,16.967268823547364,0.0044,44816.43
17.29496455192566,44788.91,2.88,2.8853854944515227,6.9502484147834735,16.95611208050728,0.0044,44809.54
17.307002305984497,44823.3,2.88,2.8835196425724026,6.927015549449919,16.94521791308403,0.0044,44802.67
17.31592869758606,44782.04,2.88,2.8821114083862303,6.909639752731325,16.936991667757034,0.004375356512069706,44802.67
17.32848286628723,44843.95,2.88,2.8801027413940434,6.885033582077031,16.92525352002144,0.004312585668563856,44795.78
17.340538024902344,44802.67,2.88,2.8781262258911133,6.860499358825686,16.913600425720215,0.0043,44795.78
17.35281252861023,44809.54,2.88,2.8760918701362606,6.835175564632415,16.90157840874672,0.0043,44795.78
17.36506724357605,44740.81,2.88,2.874008568592072,6.809318116054538,16.88926242020607,0.0043,44795.78
17.376890182495117,44795.78,2.88,2.871969218063355,6.784312813110354,16.87729201385498,0.004270549087524419,44795.78
17.38914155960083,44788.91,2.88,2.8698252270698545,6.758339893646237,16.864795609207153,0.004209292201995843,44795.78
17.40124487876892,44775.16,2.88,2.8677071462154387,6.732732081403732,16.8524502236557,0.0042,44795.78
17.41366672515869,44795.78,2.88,2.865533323097229,6.706486543540957,16.83975327308655,0.0042,44795.78
17.426214933395386,44809.54,2.88,2.863337386655807,6.6800725652027095,16.82682861860275,0.0042,44795.78
17.438520908355713,44823.3,2.88,2.8611838410377497,6.654394115161892,16.814153464393613,0.0042,44795.78
17.45067596435547,44788.91,2.88,2.859056706237793,6.629172373962403,16.80163375671387,0.0042,44795.78
17.46278953552246,44788.91,2.88,2.8569957789611813,6.604685138244625,16.789510464477537,0.004141052322387686,44795.78
17.471922397613525,44795.78,2.88,2.855447804393768,6.586421236343377,16.780409886302948,0.0041,44795.78
17.483835458755493,44816.43,2.88,2.8534821493053433,6.564739465065,16.76891378230095,0.0041,44788.91
17.496322870254517,44788.91,2.88,2.8514483407592777,6.542757577972413,16.75694327325821,0.0041,44788.91
17.50882601737976,44809.54,2.88,2.8494478372192384,6.521752290802006,16.74506528348923,0.0041,44788.91
17.519855260849,44782.04,2.88,2.8476831582641604,6.502249083080294,16.734454673280716,0.0041,44788.91
17.53214955329895,44782.04,2.88,2.845704575939178,6.4800986054325085,16.722579185533522,0.0041,44782.04
17.54487681388855,44775.16,2.88,2.8435409416389463,6.455725901403429,16.710170106458666,0.0041,44782.04
17.55718159675598,44761.41,2.88,2.841480036535263,6.431976794309618,16.698203851146697,0.004069092016220096,44775.16
17.569543838500977,44768.29,2.88,2.8394402666473386,6.407932234115597,16.68621247665405,0.004007280807495108,44775.16
17.58297634124756,44795.78,2.88,2.8372837854003903,6.382584478454589,16.673362594108582,0.004,44775.16
17.59356713294983,44713.34,2.88,2.835589258728027,6.3628149823665625,16.66331256635666,0.004,44775.16
17.606298446655273,44747.67,2.88,2.833552248535156,6.339580334854123,16.651472444610594,0.004,44775.16
17.618277549743652,44775.16,2.88,2.8316355920410157,6.317281818733212,16.64018632774353,0.004,44775.16
17.63054871559143,44782.04,2.88,2.8296722055053714,6.294150671110154,16.62852872018814,0.004,44782.04
17.639782905578613,44775.16,2.88,2.828106906051636,6.276173334121707,16.619404923477173,0.003956085472106942,44782.04
17.65189504623413,44782.04,2.88,2.826052317371369,6.25255018461228,16.607413904228213,0.0039,44782.04
17.66339612007141,44782.04,2.88,2.8241546401882176,6.230065585260393,16.596027841129303,0.0039,44782.04
17.67585515975952,44782.04,2.88,2.8220746228408817,6.2060480238533025,16.58374194343567,0.0039,44782.04
17.688287258148193,44802.67,2.88,2.8199611661148074,6.18261351839066,16.571558487014773,0.0039,44782.04
17.70083498954773,44754.54,2.88,2.8178772267246246,6.159108569545747,16.5593600601387,0.0039,44782.04
17.713427782058716,44782.04,2.88,2.8157994159603117,6.135462936267851,16.547096495761867,0.0038878610897064153,44782.04
17.72567319869995,44788.91,2.88,2.813778922214508,6.112074190483095,16.534973533287047,0.003826634006500248,44782.04
17.738023042678833,44733.94,2.88,2.81163585231781,6.087959260282517,16.522396035614012,0.0038,44768.29
17.749956130981445,44782.04,2.88,2.8094878964233394,6.064272080001826,16.509985623779293,0.0038,44761.41
17.7619788646698,44768.29,2.88,2.8073238043594357,6.040077587690352,16.497262403450012,0.0038,44754.54
17.773492097854614,44740.81,2.88,2.8052638828754426,6.017015488204956,16.485083297252654,0.0038,44747.67
17.78566813468933,44740.81,2.88,2.8031330764293667,5.993150456008907,16.4722984585762,0.0038,44747.67
17.79427433013916,44747.67,2.88,2.8016433638763423,5.976675232543941,16.46345841316223,0.003783628349304186,44747.67
17.80655860900879,44761.41,2.88,2.799555036468506,5.954072159423827,16.4512969770813,0.003722206954956051,44747.67
17.818866968154907,44747.67,2.88,2.797541285095215,5.931818127002718,16.439387045412065,0.0037,44747.67
17.8313889503479,44747.67,2.88,2.7955377679443365,5.90941739213944,16.427434386672978,0.0037,44747.67
17.843489408493042,44747.67,2.88,2.7936016946411133,5.888181088094712,16.41605995601654,0.0037,44747.67
17.85599708557129,44761.41,2.88,2.791600466308594,5.8664299982452395,16.404327724990843,0.0037,44747.67
17.868353843688965,44706.48,2.88,2.789623385009766,5.845238158073428,16.392774156150818,0.0037,44747.67
17.881030082702637,44727.07,2.88,2.7875951867675783,5.823197505683899,16.38087172225952,0.0037,44747.67
17.893451929092407,44740.81,2.88,2.7856076913452146,5.801631720542905,16.369195186653137,0.0036877403545379573,44740.81
17.905762434005737,44761.41,2.88,2.783638010559082,5.780703862190247,16.357623312034608,0.003626187829971316,44740.81
17.91777729988098,44733.94,2.88,2.781715632019043,5.759905838708877,16.346261565113068,0.0036,44740.81
17.929996967315674,44727.07,2.88,2.7797604852294917,5.7384603223609885,16.334652881050108,0.0036,44740.81
17.941726207733154,44747.67,2.88,2.7777765446853633,5.7177146123123155,16.323241947460172,0.0036,44740.81
17.950872659683228,44727.07,2.88,2.776221647853851,5.701525392360688,16.314324156808855,0.0036,44747.67
17.963176488876343,44775.16,2.88,2.774190879335403,5.6793823200225795,16.302023511123654,0.0036,44754.54
17.9755597114563,44775.16,2.88,2.772102050495147,5.656773339576716,16.289549094314573,0.003577201442718492,44754.54
17.98785948753357,44740.81,2.88,2.7699495896816253,5.633772758312224,16.27700332271576,0.003515702562332149,44761.41
17.999990701675415,44768.29,2.88,2.7678266272068024,5.611312155408862,16.264539577274324,0.0035,44768.29
18.012426137924194,44754.54,2.88,2.7656504258632664,5.588347383461003,16.251738208627703,0.0035,44768.29
18.0245144367218,44782.04,2.88,2.7635349735736847,5.565863147697449,16.239347702360153,0.0035,44768.29
18.036261081695553,44761.41,2.88,2.7614793107032782,5.54425113672257,16.227333696670534,0.0035,44768.29
18.048585653305054,44775.16,2.88,2.759322510671616,5.521882039251331,16.214762633628848,0.0035,44768.29
18.06095790863037,44795.78,2.88,2.757256945075989,5.5005217657852175,16.20264082862854,0.0034502104568481444,44768.29
18.073071479797363,44713.34,2.88,2.755278920631408,5.480002773132321,16.19098388118744,0.0034,44761.41
18.085134744644165,44747.67,2.88,2.7534091145801542,5.460219018783569,16.17982536120415,0.0034,44775.16
18.097803592681885,44809.54,2.88,2.751445443134308,5.439850323562621,16.168242748622895,0.0034,44761.41
18.109711170196533,44837.07,2.88,2.749599768619537,5.421036351089473,16.157466390972136,0.0034,44761.41
18.118846178054806,44761.41,2.88,2.748183842401505,5.406524576892855,16.149120747079852,0.0034,44754.54
18.131245374679565,44740.81,2.88,2.74626074005127,5.386787770538331,16.137766894054415,0.0034,44747.67
18.143550157546997,44809.54,2.88,2.744291974792481,5.366115735321048,16.126077350330355,0.0034,44747.67
18.155829191207886,44754.54,2.88,2.7422790374946597,5.345100623474125,16.114170808792117,0.003375854043960583,44747.67
18.167935132980347,44727.07,2.88,2.740221027393341,5.323794165954589,16.102064867019653,0.0033153243350982665,44740.81
18.180486917495728,44747.67,2.88,2.7380397894382478,5.30103894098282,16.0892284749794,0.0033,44733.94
18.19270420074463,44713.34,2.88,2.7359017648696904,5.278766522674564,16.07666171524048,0.0033,44733.94
18.20486092567444,44720.21,2.88,2.733774338006973,5.257127552299499,16.06426185581207,0.0033,44727.07
18.21698594093323,44692.76,2.88,2.7316823900413505,5.235934111299508,16.052043988771434,0.0033,44727.07
18.229412317276,44720.21,2.88,2.72956990606308,5.214622875871661,16.03967974431038,0.0033,44727.07
18.241413831710815,44733.94,2.88,2.727477579450607,5.193623725347519,16.027477891654968,0.0033,44727.07
18.253341674804688,44754.54,2.88,2.7254019152832027,5.172842569580075,16.01531149169922,0.0032882916259765528,44727.07
18.265520572662354,44727.07,2.88,2.7233315026473996,5.152260232200622,16.0028890158844,0.0032273971366882323,44733.94
18.274490356445316,44727.07,2.88,2.721824091186523,5.137310718994135,15.99387945068359,0.0032,44747.67
18.28682851791382,44754.54,2.88,2.7197882945442196,5.117199515800473,15.981788052444456,0.0032,44747.67
18.29931426048279,44747.67,2.88,2.717769718322753,5.09751289625167,15.969926166448587,0.0032,44747.67
18.311210155487057,44747.67,2.88,2.715867425899506,5.079084766769414,15.958808758506779,0.0032,44747.67
18.323436975479126,44782.04,2.88,2.713972268800736,5.060744536781314,15.947682352313997,0.0032,44747.67
18.336058616638184,44747.67,2.88,2.712015914421082,5.041483264961246,15.936146072692873,0.0032,44747.67
18.348297119140625,44754.54,2.88,2.7101189465332034,5.022330008544921,15.924886650390624,0.0032,44747.67
18.359423398971558,44740.81,2.88,2.708310139169693,5.004664678640366,15.914439887971877,0.003157883005142214,44747.67
18.372011899948124,44727.07,2.88,2.70623303650856,4.9844949485874155,15.90250833805084,0.0031,44754.54
18.384212493896484,44768.29,2.88,2.70421993850708,4.963936947784423,15.890551755981445,0.0031,44761.41
18.396745204925537,44733.94,2.88,2.7021233151626585,4.942876781749724,15.878154795074462,0.0031,44761.41
18.408936738967896,44761.41,2.88,2.7000507543754577,4.922455962228776,15.865963261032105,0.0031,44768.29
18.42115354537964,44768.29,2.88,2.697973897285461,4.902043579216002,15.853644919166564,0.0031,44768.29
18.43304133415222,44775.16,2.88,2.695942766523361,4.882119525270459,15.841628045835492,0.0031,44768.29
18.442509174346924,44802.67,2.88,2.6942858944892882,4.865976857738493,15.832018188037871,0.0031,44768.29
18.454833984375004,44795.78,2.88,2.6921482226562494,4.845116416015618,15.819508505859371,0.003080830078124981,44775.16
18.46686625480652,44782.04,2.88,2.6901027366828916,4.825082685747142,15.807295751371381,0.003020668725967394,44775.16
18.479509830474854,44720.21,2.88,2.6879533288192747,4.804243878021237,15.794675267829893,0.003,44775.16
18.49195957183838,44747.67,2.88,2.6858416706466675,4.783888674354553,15.78236441745758,0.003,44775.16
18.503838777542114,44782.04,2.88,2.6838816017055516,4.765178925371172,15.77078219189644,0.003,44775.16
18.5163152217865,44775.16,2.88,2.681822988405228,4.7459005912113215,15.758697387084963,0.003,44768.29
18.52853798866272,44782.04,2.88,2.679806231870651,4.727505327062605,15.746963530883788,0.003,44768.29
18.539918422698975,44754.54,2.88,2.677928460254669,4.710154813270569,15.735949129981995,0.003,44768.29
18.552141189575195,44768.29,2.88,2.675911703720093,4.691824866561892,15.72408163421631,0.002994294052124032,44768.29
18.564523935317993,44768.29,2.88,2.673868550672531,4.676903657941818,15.711946543388366,0.00293238032341003,44775.16
18.576733350753784,44685.91,2.88,2.6718539971256257,4.670619337949754,15.699952649507521,0.0029,44775.16
18.58887004852295,44809.54,2.88,2.6698514419937136,4.6738355628585815,15.687998002204896,0.0029,44775.16
18.597966194152836,44761.41,2.88,2.668315746994018,4.6865908397674625,15.679107960700986,0.0029348309707641794,44775.16
18.610520362854004,44775.16,2.88,2.666181538314819,4.7085606349945115,15.666867646217343,0.0029976018142700337,44775.16
18.622602224349976,44775.16,2.88,2.664185632982254,4.725817147455217,15.655087831258772,0.003,44775.16
18.634896755218506,44816.43,2.88,2.662137551612854,4.735673687286377,15.642925309677125,0.003,44795.78
18.647326707839966,44830.19,2.88,2.6600244596672065,4.729210111923219,15.630246758003238,0.003,44802.67
18.659636974334713,44775.16,2.88,2.6578453446197523,4.714992311573035,15.617474361820227,0.003,44795.78
18.671628236770633,44823.3,2.88,2.6556900585651393,4.69783879774093,15.604962339677808,0.00299685881614683,44802.67
18.683935642242435,44795.78,2.88,2.6535362626075742,4.679008467369076,15.59247032312393,0.002935321788787831,44802.67
18.696477890014645,44837.07,2.88,2.651423537597657,4.660476175079352,15.580041225585942,0.0029,44809.54
18.70865249633789,44802.67,2.88,2.6494756005859372,4.643309980163573,15.568353603515625,0.0029,44809.54
18.7205970287323,44782.04,2.88,2.647564475402832,4.627907743797302,15.55707879299164,0.0029,44809.54
18.732685089111325,44816.43,2.88,2.6456303857421886,4.612634660491949,15.545716016235357,0.0029,44816.43
18.744823932647705,44802.67,2.88,2.6436881707763673,4.597036246547698,15.534305503311156,0.0029,44809.54
18.753719329833984,44809.54,2.88,2.6422649072265623,4.5856736444091775,15.525916636657712,0.0029,44816.43
18.766185760498047,44816.43,2.88,2.6402702783203127,4.569965941772462,15.514073527526854,0.0029,44816.43
18.777241706848145,44843.95,2.88,2.6384389098358154,4.555567321357727,15.503320710220336,0.0029,44816.43
18.789450883865353,44885.3,2.88,2.6363633497428896,4.539268070039751,15.491233624973297,0.0029,44816.43
18.801862716674805,44809.54,2.88,2.6342533381652826,4.522318078155516,15.478728656158445,0.002845686416625969,44816.43
18.81418871879578,44816.43,2.88,2.6321579178047174,4.505574947595592,15.466343168392179,0.0028,44823.3
18.826437950134277,44816.43,2.88,2.630075548477173,4.489344716072085,15.454216429367067,0.0028,44843.95
18.839049577713013,44857.73,2.88,2.627971819677353,4.47239282219887,15.441932157506944,0.0028,44843.95
18.851171016693115,44864.62,2.88,2.6259726373291015,4.455977678298949,15.43023582397461,0.0028,44837.07
18.863688230514523,44823.3,2.88,2.6239698831176765,4.439705300331122,15.41821929870606,0.0028,44823.3
18.875876665115353,44850.85,2.88,2.621995350255967,4.423835952024466,15.406469634838109,0.0028,44837.07
18.888093948364258,44850.85,2.88,2.619979498519897,4.407892397384642,15.394618870086669,0.0028,44837.07
18.900306463241577,44837.07,2.88,2.6179644335651395,4.391955065469741,15.382819262971879,0.0028,44837.07
18.91230583190918,44802.67,2.88,2.6159845377349855,4.376302418518068,15.371233343048097,0.002793470840454107,44837.07
18.92186951637268,44809.54,2.88,2.6144065297985075,4.3638696287155145,15.3619565691185,0.002745652418136593,44830.19
18.933771371841434,44878.41,2.88,2.6124427236461627,4.348272504873268,15.3503979124546,0.0027,44830.19
18.94626593589783,44837.07,2.88,2.6103811205768577,4.3314673162174175,15.338215712499615,0.0027,44816.43
18.95865559577942,44830.19,2.88,2.6082985487174986,4.314841501655577,15.325906126241684,0.0027,44809.54
18.970873594284058,44761.41,2.88,2.6062214889717095,4.298469383659358,15.313627037744519,0.0027,44802.67
18.9831964969635,44761.41,2.88,2.604065613031387,4.281529816675184,15.300998590612409,0.0027,44795.78
18.995419502258297,44816.43,2.88,2.6019044895935064,4.264634794349676,15.28840371765137,0.0027,44788.91
19.007774114608765,44747.67,2.88,2.599680659370423,4.247400110120776,15.275554920806886,0.0027,44788.91
19.019916296005245,44795.78,2.88,2.5975396481990822,4.231175070753103,15.263016215114598,0.0027,44788.91
19.03196358680725,44768.29,2.88,2.595436190242767,4.215299157810209,15.250617141456603,0.00269518206596374,44788.91
19.043664932250977,44768.29,2.88,2.5934469615173343,4.199502341461183,15.238681769104005,0.002636675338745121,44795.78
19.05589485168457,44788.91,2.88,2.5913678752136233,4.183432486877443,15.226329622573854,0.0026,44795.78
19.067970514297485,44802.67,2.88,2.5893150125694273,4.168217151985166,15.214314338274,0.0026,44795.78
19.076878547668457,44837.07,2.88,2.5878594323730466,4.157375135536192,15.205715379714965,0.0026,44795.78
19.08946180343628,44850.85,2.88,2.5858461114501954,4.142338144893648,15.193761286735535,0.0026,44799.225
19.101830720901486,44795.78,2.88,2.583867084655762,4.127503134918216,15.18238989037514,0.0026,44802.67
19.11409330368042,44823.3,2.88,2.5819241071260888,4.113335312388492,15.17116843740023,0.0026,44812.985
