Time (s),Resistance (Ohm),Voltage (V),Displacement,Force (N),Strain,Stress (MPa),Resistance Smoothed (Ohm)
0.0,103208.85,3.79,0.1296,0.0133,0.7249,0.0,103124.63500000001
0.0006386999739334,102746.63,3.78,0.12970857899556867,0.013312773999478668,0.7255450869736727,0.0,103040.42
0.0011591999791563002,103823.03,3.79,0.12979706399645657,0.013323183999583125,0.7260707919789479,0.0,103124.63500000001
0.0016128999995999001,103272.12,3.79,0.12987419299993197,0.013332257999991997,0.7265290289995959,0.0,103040.42
0.0020462999818847,102600.21,3.78,0.1299478709969204,0.013340925999637694,0.7269667629817036,0.0,102977.375
0.0024774000048637997,103040.42,3.79,0.13002115800082684,0.013349548000097276,0.7274021740049125,0.0,103040.42
0.0029083999688737,102662.91,3.78,0.13009442799470852,0.013358167999377474,0.7278374839685624,0.0,103040.42
0.0033297999761999,103356.59,3.79,0.13016606599595398,0.013366595999523999,0.7282630979759619,0.0,103166.71
0.0037414999678731,102914.33,3.79,0.1302360549945384,0.013374829999357463,0.7286789149675519,0.0,103040.42
0.0041530999587849,102621.09,3.78,0.13030602699299343,0.013383061999175699,0.7290946309583728,0.0,103040.42
0.0045760999782943,103251.03,3.79,0.13037793699631003,0.013391521999565887,0.7295218609780773,0.0,103040.42
0.005094799969811,103166.71,3.79,0.13046611599486788,0.01340189599939622,0.7300457479695092,0.0,103166.71
0.0056213999632746,103589.42,3.79,0.1305556379937567,0.013412427999265493,0.7305776139629073,0.0,103166.71
0.0060981999849901,103040.42,3.79,0.13063669399744832,0.013421963999699802,0.73105918198484,0.0,103166.71
0.0065285000018776,102558.42,3.78,0.1307098450003192,0.013430570000037553,0.7314937850018964,0.0,103166.71
0.0087390000117012,103356.59,3.79,0.13108563000198922,0.013474780000234025,0.7337263900118183,0.0,103166.71
0.0091517000109889,103166.71,3.79,0.1311557890018681,0.013483034000219779,0.7341432170110989,0.0,103166.71
0.0095506999641657,103483.5,3.79,0.13122361899390816,0.013491013999283315,0.7345462069638073,0.0,103272.12
0.0099492999725044,103124.57,3.79,0.13129138099532575,0.013498985999450088,0.7349487929722295,0.0,103272.12
0.0103651999961585,102788.5,3.78,0.13136208399934696,0.01350730399992317,0.7353688519961201,0.0,103356.59
0.0107662999653258,103525.85,3.79,0.1314302709941054,0.013515325999306518,0.7357739629649791,0.0,103483.5
0.0111649999744259,103272.12,3.79,0.1314980499956524,0.013523299999488519,0.7361766499741702,0.0,103483.5
0.0115568999899552,104036.08,3.8,0.1315646729982924,0.013531137999799105,0.7365724689898548,0.0,103504.66
0.011954699992202299,103504.66,3.79,0.1316322989986744,0.013539093999844046,0.7369742469921243,0.0,103525.85
0.012351299985312,103483.5,3.79,0.13169972099750304,0.01354702599970624,0.7373748129851652,0.0,103525.85
0.012756299984175799,104679.28,3.8,0.1317685709973099,0.013555125999683518,0.7377838629840177,0.0,104036.08
0.013152799976523999,104271.22,3.8,0.1318359759960091,0.013563055999530482,0.7381843279762893,0.0,104057.42
0.013544499990530399,104399.81,3.8,0.13190256499839018,0.013570889999810608,0.7385799449904358,0.0,104271.22
0.0140336999902502,104057.42,3.8,0.13198572899834254,0.013580673999805006,0.7390740369901527,0.0,104271.22
0.0144511999678798,103504.66,3.79,0.1320567039945396,0.013589023999357597,0.7394957119675587,0.0,104271.22
0.014855799963697798,104314.07,3.8,0.13212548599382865,0.013597115999273957,0.7399043579633349,0.0,104271.22
0.0152455999632366,104271.22,3.8,0.13219175199375024,0.013604911999264734,0.740298055962869,0.0,104271.22
0.0156313999905251,104421.28,3.8,0.1322573379983893,0.013612627999810504,0.7406877139904304,0.0,104271.22
0.0160150000010617,104228.41,3.8,0.1323225500001805,0.013620300000021235,0.7410751500010724,0.0,104271.22
0.0163986000115984,103610.6,3.79,0.13238776200197175,0.01362797200023197,0.7414625860117144,0.0,104271.22
0.0167840999783948,105198.19,3.81,0.13245329699632713,0.013635681999567897,0.7418519409781789,0.0,104314.07
0.0171697000041604,104185.62,3.8,0.1325188490007073,0.01364339400008321,0.7422413970042021,0.0,104271.22
0.0175505999941379,104356.92,3.8,0.13258360199900346,0.01365101199988276,0.7426261059940793,0.0,104356.92
0.017935500014573398,104593.16,3.8,0.1326490350024775,0.01365871000029147,0.7430148550147192,0.0,104356.92
0.0183189999661409,103187.78,3.79,0.13271422999424398,0.01366637999932282,0.7434021899658024,0.0,104464.22
0.0187126999953762,105154.79,3.81,0.13278115899921397,0.013674253999907526,0.74379982699533,0.0,104593.16
0.0190962000051514,104142.86,3.8,0.13284635400087577,0.01368192400010303,0.744187162005203,0.0,104464.22
0.019478800008073498,105198.19,3.81,0.13291139600137253,0.013689576000161472,0.7445735880081543,0.0,104593.16
0.0198634999687784,105089.76,3.81,0.13297679499469234,0.01369726999937557,0.7449621349684663,0.0,104593.16
0.0202542999759317,104464.22,3.8,0.13304577399566772,0.013706357499398296,0.7453670149747283,0.0,104485.68
0.0206478000036441,105089.76,3.81,0.13311660400065597,0.013716195000091105,0.7457801900038263,0.0,104593.16
0.0210360999917612,103993.41,3.8,0.13318649799851703,0.013725902499794032,0.7461879049913493,0.0,104485.68
0.0214256999897771,104593.16,3.8,0.1332566259981599,0.013735642499744431,0.7465969849892661,0.0,104593.16
0.021819899964611998,104485.68,3.8,0.13332758199363018,0.013745497499115304,0.7470108949628427,0.0,104593.16
0.0222904999973253,103610.6,3.79,0.13341228999951857,0.013757262499933136,0.7475050249971916,0.0,104485.68
0.0226888000033796,105068.11,3.8,0.13348398400060835,0.013767220000084493,0.7479232400035487,0.0,104593.16
0.023086100001819498,104228.41,3.8,0.13355549800032754,0.01377715250004549,0.7483404050019106,0.0,104485.68
0.0235961999860593,105176.5,3.81,0.1336473159974907,0.013789904999651485,0.7488760099853623,0.0,104593.16
0.0240080999792554,104679.28,3.8,0.133721457996266,0.013800202499481388,0.7493085049782182,0.0,104679.28
0.024416400003246998,104207.0,3.8,0.13379495200058447,0.013810410000081177,0.7497372200034095,0.0,104679.28
0.0248185999807902,105285.07,3.81,0.13386734799654226,0.013820464999519758,0.7501595299798298,0.0,104873.42
0.0252198000089266,104399.81,3.8,0.1339395640016068,0.013830495000223167,0.7505807900093731,0.0,104679.28
0.0256399000063539,104959.89,3.8,0.13401518200114373,0.01384099750015885,0.7510218950066717,0.0,104679.28
0.026060400006826998,104873.42,3.8,0.13409087200122888,0.013851510000170677,0.7514634200071685,0.0,104550.14
0.0264734000083991,104057.42,3.8,0.13416521200151185,0.01386183500020998,0.7518970700088191,0.0,104399.81
0.026894400012679398,105437.34,3.81,0.13424099200228232,0.013872360000316988,0.7523391200133135,0.0,104550.14
0.0272955999826081,104249.8,3.8,0.13431320799686947,0.013882389999565205,0.7527603799817386,0.0,104550.14
0.0276971000130289,104378.37,3.8,0.1343854780023452,0.013892427500325726,0.7531819550136805,0.0,104550.14
0.0280978999799118,104550.14,3.8,0.13445762199638414,0.013902447499497797,0.7536027949789075,0.0,104550.14
0.0284988000057638,104335.49,3.8,0.13452978400103752,0.013912470000144098,0.7540237400060521,0.0,104550.14
0.028897500014863898,105024.79,3.8,0.1346015500026755,0.0139224375003716,0.7544423750156072,0.0,104830.22
0.0292964999680408,104830.22,3.8,0.13467336999424737,0.013932412499201022,0.7548613249664429,0.0,104808.65
0.0296958999824711,104292.64,3.8,0.1347452619968448,0.01394239749956178,0.7552806949815948,0.0,104830.22
0.0300954999984242,105480.92,3.81,0.13481718999971637,0.013952387499960608,0.7557002749983455,0.0,104830.22
0.0304942000075244,104938.25,3.8,0.13488895600135442,0.013962355000188113,0.7561189100079007,0.0,104830.22
0.0308914000052028,105830.47,3.81,0.1349604520009365,0.013972285000130072,0.756535970005463,0.0,104938.25
0.0312928999774158,104808.65,3.8,0.13503272199593486,0.013982322499435398,0.7569575449762866,0.0,104830.22
0.031689099967479706,105962.0,3.81,0.13510403799414636,0.013992227499186995,0.7573735549658538,0.0,104808.65
0.0321109999786131,104164.25,3.8,0.13517997999615036,0.01400277499946533,0.7578165499775439,0.0,104808.65
0.032510599994566305,103695.5,3.79,0.13525190799902195,0.01401276499986416,0.7582361299942947,0.0,104356.92
0.032909500005189406,105068.11,3.8,0.1353237100009341,0.014022737500129738,0.758654975005449,0.0,104356.92
0.0333060999982991,104356.92,3.8,0.13539509799969385,0.01403265249995748,0.7590714049982141,0.0,104356.92
0.0337060999590904,104314.07,3.8,0.1354670979926363,0.014042652498977263,0.759491404957045,0.0,104356.92
0.0341055999742821,104292.64,3.8,0.1355390079953708,0.014052639999357056,0.7599108799729963,0.0,104356.92
0.0345074000069872,104057.42,3.8,0.13561133200125772,0.014062685000174683,0.7603327700073367,0.0,104356.92
0.034907699970062905,105306.78,3.81,0.13568338599461133,0.014072692499251575,0.7607530849685661,0.0,104507.16
0.0352953000110574,104507.16,3.8,0.13575315400199034,0.014082382500276438,0.7611600650116104,0.0,104507.16
0.0356815999839455,104550.14,3.8,0.1358226879971102,0.01409203999959864,0.7615656799831428,0.0,104550.14
0.036071099981200005,104851.81,3.8,0.13589279799661602,0.014101777499530004,0.7619746549802601,0.0,104722.37
0.0364548999932595,103929.47,3.8,0.13596188199878673,0.014111372499831491,0.7623776449929226,0.0,104722.37
0.036839800013695,105285.07,3.81,0.13603116400246512,0.014120995000342378,0.7627817900143798,0.0,104851.81
0.0372258999850601,104873.42,3.8,0.13610066199731083,0.014130647499626505,0.7631871949843132,0.0,104722.37
0.0376112000085414,105089.76,3.81,0.13617001600153747,0.014140280000213537,0.7635917600089686,0.0,104722.37
0.0379968999768608,104722.37,3.8,0.13623944199583496,0.014149922499421522,0.7639967449757039,0.0,104722.37
0.038379599980544306,103886.87,3.79,0.136308327996498,0.01415948999951361,0.7643985799795716,0.0,104571.67
0.0388374999747612,105068.11,3.8,0.13639074999545703,0.014170937499369032,0.7648793749734993,0.0,104722.37
0.039229299989529,104571.67,3.8,0.13646127399811522,0.014180732499738228,0.7652907649890055,0.0,104722.37
0.039618099981453304,104014.76,3.8,0.1365312579966616,0.014190452499536335,0.765699004980526,0.0,104722.37
0.0400395999895409,103929.47,3.8,0.13660732599806508,0.014198218000470657,0.766142965988652,0.0,104722.37
0.040434899972751806,103865.59,3.79,0.1366804564949591,0.014180429501226166,0.7665718664704358,0.0,104765.5
0.0408220000099391,104830.22,3.8,0.13675207000183875,0.014163009999552738,0.7669918700107841,0.0,104830.22
0.0412103999988176,105241.61,3.81,0.13682392399978127,0.014145532000053205,0.7674132839987172,0.0,104830.22
0.041598399984650404,104765.5,3.8,0.13689570399716033,0.014128072000690729,0.7678342639833458,0.0,104851.81
0.0419877999811434,104873.42,3.8,0.13696774299651154,0.014110549000848543,0.7682567629795407,0.0,104851.81
0.042373600008431905,104851.81,3.8,0.1370391160015599,0.014093187999620562,0.7686753560091487,0.0,104851.81
0.0427720999578014,106203.8,3.81,0.13711283849219327,0.014075255501898934,0.7691077284542146,0.0,104873.42
0.043160800007172005,105133.11,3.81,0.13718474800132682,0.014057763999677257,0.7695294680077817,0.0,104981.51
0.043548999994527604,105459.1,3.81,0.1372565649989876,0.014040295000246256,0.7699506649940625,0.0,104981.51
0.043935699970461504,104550.14,3.8,0.1373281044945354,0.01402289350132923,0.7703702344679508,0.0,105024.79
0.0443190999794752,104121.5,3.8,0.13739903349620292,0.014005640500923613,0.7707862234777306,0.0,105024.79
0.0447037999983877,105808.56,3.81,0.13747020299970175,0.01398832900007255,0.7712036229982507,0.0,105024.79
0.0451019000029192,104981.51,3.8,0.13754385150054008,0.013970414499868633,0.7716355615031674,0.0,104981.51
0.045487799972761506,105024.79,3.8,0.1376152429949609,0.01395304900122573,0.7720542629704463,0.0,104873.42
0.045873499999288504,105350.27,3.81,0.1376865974998684,0.013935692500032015,0.7724727474992281,0.0,104873.42
0.0462560000014492,104078.78,3.8,0.13775736000026811,0.013918479999934784,0.7728877600015724,0.0,104873.42
0.046642399975098704,104873.42,3.8,0.13782884399539327,0.013901092001120555,0.7733070039729821,0.0,104981.51
0.047026599990204004,104873.42,3.8,0.13789992099818776,0.013883803000440818,0.7737238609893714,0.0,104938.25
0.0474124999600463,104399.81,3.8,0.13797131249260858,0.013866437501797913,0.7741425624566503,0.0,104873.42
0.0477960999705829,105198.19,3.81,0.13804227849455786,0.013849175501323767,0.7745587684680825,0.0,104873.42
0.0482324999757111,104335.49,3.8,0.13812301249550657,0.013829537501092998,0.7750322624736466,0.0,104765.5
0.0486220999737271,105677.32,3.81,0.13819508849513953,0.013812005501182278,0.7754549784714939,0.0,104873.42
0.0490073999972083,104938.25,3.8,0.13826636899948355,0.013794667000125624,0.7758730289969711,0.0,104873.42
0.049392699962481905,104314.07,3.8,0.13833764949305916,0.01377732850168831,0.7762910794592929,0.0,104938.25
0.0497853999841027,104765.5,3.8,0.138410298997059,0.013759657000715375,0.7767171589827515,0.0,104938.25
0.0501573999645189,103823.03,3.79,0.138479118993436,0.013742917001596647,0.777120778961503,0.0,104938.25
0.0505311999586411,105024.79,3.8,0.13854827199234862,0.013726096001861147,0.7775263519551256,0.0,105024.79
0.0509036000003107,105046.43,3.8,0.1386171660000575,0.013709337999986016,0.7779304060003371,0.0,105024.79
0.0512731999624521,104938.25,3.8,0.13868554199305366,0.013692706001689653,0.7783314219592605,0.0,105046.43
0.0516470999573358,105918.14,3.81,0.13875471349210713,0.013675880501919885,0.7787371034537094,0.0,105046.43
0.052019599999766804,105852.36,3.81,0.13882362599995687,0.013659118000010491,0.779141265999747,0.0,105046.43
0.0523918999824673,106823.1,3.82,0.13889250149675647,0.013642364500788968,0.7795452114809771,0.0,105350.27
0.052763999963644906,105918.14,3.81,0.1389613399932743,0.013625620001635976,0.7799489399605548,0.0,105633.62
0.0531362000037916,105350.27,3.81,0.13903019700070146,0.013608870999829374,0.7803527770041139,0.0,105633.62
0.0535113000078127,104679.28,3.8,0.13909959050144538,0.013591991499648426,0.7807597605084768,0.0,105699.17
0.0538850000011735,104571.67,3.8,0.13916872500021712,0.01357517499994719,0.7811652250012733,0.0,105633.62
0.0542555999709294,106159.77,3.81,0.13923728599462196,0.013558498001308174,0.7815673259684585,0.0,105633.62
0.0546262999996543,105633.62,3.81,0.13930586549993607,0.013541816500015553,0.781969535499625,0.0,105633.62
0.054998199979309,104916.64,3.8,0.13937466699617218,0.013525081000931092,0.7823730469775503,0.0,105350.27
0.055432199966162506,105699.17,3.81,0.13945495699374008,0.013505551001522684,0.7828439369632864,0.0,105633.62
0.055807099968660706,104679.28,3.8,0.13952431349420225,0.013488680501410265,0.7832507034659969,0.0,105633.62
0.056176999991294004,106203.8,3.81,0.13959274499838942,0.013472035000391767,0.783652044990554,0.0,105633.62
0.0565507999854163,105633.62,3.81,0.13966189799730203,0.013455214000656263,0.7840576179841767,0.0,105633.62
0.056925299984868706,104959.89,3.8,0.13973118049720074,0.013438361500680906,0.7844639504835825,0.0,105633.62
0.057297699968330604,105764.81,3.81,0.13980007449414117,0.01342160350142512,0.7848680044656388,0.0,105677.32
0.057676199998241,104550.14,3.8,0.1398700969996746,0.013404571000079153,0.7852786769980915,0.0,105633.62
0.0580470999702812,106093.79,3.81,0.13993871349450204,0.013387880501337343,0.7856811034677551,0.0,105677.32
0.0584199999575504,105677.32,3.81,0.14000769999214685,0.01337110000191023,0.7860856999539422,0.0,105677.32
0.058789299975615,105285.07,3.81,0.14007602049548878,0.013354481501097321,0.7864863904735423,0.0,105764.81
0.059158999996725505,106093.79,3.81,0.14014441499939423,0.013337845000147348,0.7868875149964472,0.0,106093.79
0.059530399972573006,105328.54,3.81,0.14021312399492603,0.013321132001234212,0.7872904839702417,0.0,106093.79
0.0599039999651723,106889.81,3.82,0.1402822399935569,0.013304320001567243,0.7876958399622119,0.0,106137.78
0.0602758000022732,106137.78,3.81,0.1403496440004092,0.01331103200009093,0.7880964850024437,0.0,106181.79
0.0606473999796436,106557.01,3.82,0.14041653199633586,0.013325895999185745,0.7884959549781169,0.0,106557.01
0.061020499968435706,107762.46,3.83,0.14048368999431846,0.01334081999873743,0.7888970374660684,0.0,106889.81
0.061394899967126604,106181.79,3.81,0.1405510819940828,0.013355795998685065,0.7892995174646611,0.0,106889.81
0.0617654999950901,107201.82,3.82,0.14061778999911623,0.013370619999803606,0.7896979124947219,0.0,107201.82
0.0621377999777906,107246.49,3.82,0.14068480399600233,0.013385511999111626,0.7900981349761249,0.0,107246.49
0.0625121999764815,107380.74,3.82,0.1407521959957667,0.013400487999059262,0.7905006149747176,0.0,107246.49
0.0628860999713652,108010.57,3.83,0.14081949799484575,0.01341544399885461,0.7909025574692176,0.0,107380.74
0.06325949996244169,106557.01,3.82,0.14088670999323952,0.01343037999849767,0.7913039624596249,0.0,107380.74
0.0636316000018269,108805.88,3.84,0.14095368800032887,0.013445264000073077,0.7917039700019639,0.0,107852.59
0.0640036999830045,107852.59,3.83,0.14102066599694082,0.01346014799932018,0.7921039774817299,0.0,108010.57
0.0643756999634207,107090.2,3.82,0.14108762599341573,0.01347502799853683,0.7925038774606773,0.0,108259.57
0.0647514999727719,108259.57,3.83,0.14115526999509895,0.013490059998910878,0.7929078624707298,0.0,108805.88
0.0651243999600411,109149.49,3.84,0.14122239199280742,0.013504975998401645,0.7933087299570442,0.0,109149.49
0.0654969000024721,112606.97,3.87,0.141289442000445,0.013519876000098886,0.7937091675026575,0.0,109587.1
0.0658689999836497,111840.07,3.86,0.14135641999705695,0.01353475999934599,0.7941091749824235,0.0,109587.1
0.0662426999770105,109587.1,3.84,0.14142368599586191,0.013549707999080422,0.7945109024752863,0.0,109587.1
0.0666156999650412,110400.33,3.85,0.14149082599370744,0.01356462799860165,0.7949118774624193,0.0,109587.1
0.06698870001127949,110004.18,3.85,0.14155796600203033,0.013579548000451181,0.7953128525121255,0.0,109587.1
0.0673608999932185,110587.53,3.85,0.14162496199877933,0.013594435999728741,0.7957129674927099,0.0,109587.1
0.06773159996373579,109540.91,3.84,0.14169168799347245,0.013609263998549432,0.796111469961016,0.0,109540.91
0.0681020999909379,106889.81,3.82,0.14175837799836882,0.013624083999637517,0.7965097574902583,0.0,108373.04
0.0684763999888674,107403.15,3.82,0.14182575199799616,0.013639055999554697,0.7969121299880325,0.0,108259.57
0.06884949997765949,107582.57,3.83,0.14189290999597873,0.013653979999106381,0.797313212475984,0.0,107649.97
0.0692221999634058,108373.04,3.83,0.14195999599341305,0.013668887998536234,0.7977138649606612,0.0,107582.57
0.069592299987562,106712.11,3.82,0.14202661399776118,0.013683691999502482,0.7981117224866292,0.0,107537.67
0.06997339997906239,107537.67,3.83,0.14209521199623124,0.013698935999162496,0.7985214049774921,0.0,107447.94
0.07034529995871709,108259.57,3.83,0.1421621539925691,0.013713811998348684,0.798921197455621,0.0,107447.94
0.07071960001485429,107649.97,3.83,0.14222952800267377,0.013728784000594173,0.7993235700159684,0.0,107447.94
0.0710899999830872,106934.27,3.82,0.1422961999969557,0.013743599999323489,0.7997217499818188,0.0,107447.94
0.0714637999772095,107447.94,3.83,0.1423634839958977,0.013758551999088382,0.8001235849755003,0.0,107447.94
0.071835300012026,106889.81,3.82,0.1424303540021647,0.013773412000481041,0.800522947512928,0.0,107537.67
0.0722822999814526,107067.92,3.82,0.1425108139966615,0.013791291999258106,0.8010034724800615,0.0,107627.51
0.0726621999638156,107134.82,3.82,0.1425791959934868,0.013806487998552625,0.8014118649611018,0.0,107627.51
0.073033900000155,108101.03,3.83,0.14264610200002792,0.013821356000006202,0.8018114425001667,0.0,107627.51
0.0734050999744796,108966.01,3.84,0.14271291799540634,0.013836203998979186,0.8022104824725657,0.0,107739.96
0.07377730001462629,107739.96,3.83,0.14277991400263274,0.013851092000585053,0.8026105975157233,0.0,107739.96
0.07414919999428099,107627.51,3.83,0.1428468559989706,0.013865967999771241,0.8030103899938521,0.0,107762.46
0.07451979996403679,108191.59,3.83,0.14291356399352664,0.013880791998561473,0.8034087849613396,0.0,107762.46
0.07489119999809199,108509.45,3.83,0.14298041599965658,0.013895647999923681,0.8038080399979489,0.0,107875.16
0.0752623999724165,107875.16,3.83,0.14304723199503497,0.013910495998896662,0.8042070799703478,0.0,107875.16
0.0756353999604471,107246.49,3.82,0.1431143719928805,0.013925415998417885,0.8046080549574807,0.0,107875.16
0.0760066999937408,107762.46,3.83,0.14318120599887335,0.013940267999749633,0.8050072024932714,0.0,108191.59
0.0763797999825329,107605.02,3.83,0.14324836399685592,0.013955191999301318,0.805408284981223,0.0,108509.45
0.0767511999583804,108783.04,3.84,0.1433152159925085,0.013970047998335218,0.805807539955259,0.0,108509.45
0.07712299999548129,108554.98,3.83,0.14338213999918664,0.013984919999819254,0.8062072249951424,0.0,108532.2
0.07749419996980579,108509.45,3.83,0.14344895599456506,0.013999767998792233,0.8066062649675413,0.0,108532.2
0.0778662000084296,109656.43,3.84,0.14351591600151734,0.014014648000337186,0.8070061650090619,0.0,108554.98
0.0782410000101664,108714.55,3.84,0.14358338000182996,0.014029640000406657,0.807409075010929,0.0,108554.98
0.07861450000200429,108600.51,3.83,0.14365061000036078,0.014044580000080173,0.8078105875021546,0.0,108554.98
0.07898639998165899,108532.2,3.83,0.14371755199669864,0.01405945599926636,0.8082103799802834,0.0,108554.98
0.0793583999620751,108101.03,3.83,0.14378451199317352,0.014074335998483005,0.8086102799592307,0.0,108600.51
0.07973150000907489,109841.7,3.84,0.14385167000163349,0.014089260000362997,0.8090113625097556,0.0,108600.51
0.08010650001233449,108509.45,3.83,0.14391863750215855,0.014097869999753309,0.8094096950127045,0.0,108600.51
0.0804759999737144,107965.4,3.83,0.14398329999540002,0.01409048000052571,0.8097902799729259,0.0,108600.51
0.0808479000115768,111317.5,3.86,0.14404838250202595,0.014083041999768463,0.8101733370119242,0.0,108737.36
0.0812221000087448,108600.51,3.83,0.14411386750153035,0.014075557999825104,0.8105587630090072,0.0,109057.69
0.08159539999905979,110190.32,3.85,0.14417919499983547,0.014068092000018803,0.8109432619990317,0.0,109149.49
0.0819643000140787,109149.49,3.84,0.14424375250246377,0.014060713999718425,0.8113232290145012,0.0,109057.69
0.0823443999979645,108737.36,3.84,0.1443102699996438,0.014053112000040708,0.8117147319979034,0.0,109149.49
0.0827144999639132,111104.81,3.86,0.14437503749368483,0.014045710000721735,0.8120959349628306,0.0,109448.6
0.08308740000939,109057.69,3.84,0.14444029500164327,0.0140382519998122,0.8124800220096717,0.0,109149.49
0.0834564999677241,110822.2,3.85,0.14450488749435172,0.014030870000645517,0.8128601949667559,0.0,109448.6
0.0838421999942512,108668.92,3.84,0.14457238499899397,0.014023156000114976,0.8132574659940788,0.0,109448.6
0.0842153999838047,109610.2,3.84,0.14463769499716583,0.014015692000323906,0.8136418619833189,0.0,109610.2
0.08459290000610059,109448.6,3.84,0.14470375750106762,0.014008141999877988,0.8140306870062837,0.0,109610.2
0.0849635999766179,109057.69,3.84,0.14476862999590814,0.014000728000467642,0.8144125079759165,0.0,109448.6
0.0853411999996752,110704.77,3.85,0.14483470999994316,0.013993176000006496,0.8148014359996655,0.0,109448.6
0.0857168000075035,110353.6,3.85,0.1449004400013131,0.01398566399984993,0.8151883040077287,0.0,109057.69
0.08608979999553419,109656.43,3.84,0.14496571499921848,0.013978204000089315,0.8155724939954002,0.0,109057.69
0.0864599999622442,108214.24,3.83,0.14503049999339274,0.013970800000755115,0.8159537999611116,0.0,108988.93
0.0868334000115283,107560.13,3.83,0.14509584500201747,0.013963331999769433,0.8163384020118741,0.0,108214.24
0.0873753000050784,108988.93,3.84,0.14519067750088874,0.013952493999898431,0.8168965590052308,0.0,108214.24
0.0878784999949858,107830.06,3.83,0.1452787374991225,0.013942430000100283,0.8174148549948355,0.0,108214.24
0.0884515999932774,107537.67,3.83,0.14537902999882354,0.013930968000134452,0.8180051479930758,0.0,108214.24
0.0892647000146099,107717.47,3.83,0.14552132250255673,0.013914705999707802,0.8188426410150482,0.0,108214.24
0.0899985000141897,107112.52,3.82,0.1456497375024832,0.013900029999716205,0.8195984550146154,0.0,108010.57
0.0905982999829576,109310.4,3.84,0.14575470249701758,0.013888034000340848,0.8202162489824464,0.0,108441.2
0.0911998999654316,108532.2,3.83,0.14585998249395055,0.013876002000691367,0.8208358969643945,0.0,108010.57
0.091769699996803,108920.21,3.84,0.14595969749944054,0.01386460600006394,0.8214227909967071,0.0,108010.57
0.0923373000114225,108441.2,3.83,0.14605902750199895,0.01385325399977155,0.8220074190117652,0.0,108010.57
0.09292169997934259,108010.57,3.83,0.14616129749638496,0.013841566000413148,0.8226093509787229,0.0,108010.57
0.09374209999805319,109679.58,3.84,0.14630486749965932,0.013825158000038936,0.8234543629979948,0.0,108441.2
0.0942336000152864,107739.96,3.83,0.14639088000267514,0.013815327999694272,0.823960608015745,0.0,108441.2
0.0946429999894463,107313.59,3.82,0.1464625249981531,0.013807140000211073,0.8243822899891297,0.0,108441.2
0.0950662000104785,107762.46,3.83,0.14653658500183375,0.013798675999790429,0.8248181860107928,0.0,108441.2
0.09556220000376929,107762.46,3.83,0.14662338500065963,0.013788755999924613,0.8253290660038823,0.0,108418.47
0.09603650000644849,110236.94,3.85,0.1467063875011285,0.01377926999987103,0.825817595006642,0.0,109057.69
0.0964597999700346,109264.39,3.84,0.14678046499475605,0.013770804000599308,0.8262535939691357,0.0,108668.92
0.096875999995973,109057.69,3.84,0.14685329999929528,0.01376248000008054,0.8266822799958522,0.0,108668.92
0.0972922999644652,109517.83,3.84,0.1469261524937814,0.013754154000710696,0.8271110689633991,0.0,108805.88
0.0977311999886297,108418.47,3.83,0.1470029599980102,0.013745376000227405,0.8275631359882886,0.0,108805.88
0.0981603999971413,109540.91,3.84,0.14707806999949974,0.013736792000057174,0.8280052119970556,0.0,109057.69
0.0985942999832333,108668.92,3.84,0.14715400249706584,0.013728114000335334,0.8284521289827302,0.0,109057.69
0.0990263000130654,108395.77,3.83,0.14722960250228645,0.013719473999738692,0.8288970890134574,0.0,108805.88
0.0994928000145592,108805.88,3.84,0.14731124000254786,0.013710143999708817,0.829377584014996,0.0,108805.88
0.09995959996012979,107694.95,3.83,0.14739292999302273,0.013700808000797404,0.8298583879589336,0.0,108691.71
0.10041339998133479,109448.6,3.84,0.14746821099692026,0.013726870998786764,0.8303009979818947,0.0,108805.88
0.1008709999732674,109149.49,3.84,0.14754371499558913,0.013756614998262383,0.8307448699740694,0.0,108805.88
0.1013598999707029,108691.71,3.84,0.147624383495166,0.01378839349809569,0.8312191029715819,0.0,108851.6
0.101856199966278,108851.6,3.84,0.14770627299443587,0.013820652997808072,0.8317005139672896,0.0,108851.6
0.1023295999621042,108373.04,3.83,0.1477843839937472,0.013851423997536774,0.8321597119632411,0.0,108851.6
0.1028107999591157,109517.83,3.84,0.1478637819932541,0.013882701997342522,0.8326264759603422,0.0,108874.48
0.1032911000074819,108943.13,3.84,0.14794303150123453,0.013913921500486325,0.8330923670072574,0.0,108851.6
0.103789999964647,108874.48,3.84,0.14802534999416675,0.013946349997702057,0.8335762999657076,0.0,108828.75
0.1042826999910176,108828.75,3.84,0.1481066454985179,0.013978375499416145,0.8340542189912871,0.0,108828.75
0.10479690000647679,108600.51,3.83,0.14819148850106867,0.014011798500420992,0.8345529930062825,0.0,108691.71
0.1053075999952853,109656.43,3.84,0.14827575399922208,0.014044993999693545,0.8350483719954267,0.0,108828.75
0.1058307999628596,107045.64,3.82,0.14836208199387185,0.014079001997585876,0.8355558759639738,0.0,108828.75
0.10672639997210359,106645.6,3.82,0.1485098559953971,0.014137215998186735,0.8364246079729405,0.0,108691.71
0.1075106000062079,107403.15,3.82,0.14863924900102432,0.014188189000403514,0.8371852820060217,0.0,108691.71
0.1082564999815077,108691.71,3.84,0.14876232249694876,0.014236672498798002,0.8379088049820624,0.0,108691.71
0.1090068999910728,109911.28,3.85,0.14888613849852703,0.014285448499419732,0.8386366929913406,0.0,109011.83
0.1097616999759339,109172.44,3.84,0.14901068049602909,0.014334510498435704,0.8393688489766559,0.0,108691.71
0.11052119999658319,108577.75,3.83,0.14913599799943622,0.014383877999777908,0.8401055639966857,0.0,109011.83
0.1113216999801808,109034.78,3.84,0.14926808049672982,0.014435910498711752,0.8408820489807755,0.0,109034.78
0.1120972000062466,109011.83,3.84,0.14939603800103068,0.01448631800040603,0.8416342840060592,0.0,109172.44
0.1128889999818057,110097.17,3.85,0.14952668499699795,0.01453778499881737,0.8424023299823515,0.0,109356.45
0.11339389998465779,108691.71,3.84,0.14960999349746854,0.014570603499002757,0.8428920829851181,0.0,109356.45
0.11388680001255129,109356.45,3.84,0.14969132200207097,0.014602642000815834,0.8433701960121748,0.0,110097.17
0.11437719996320089,111010.47,3.85,0.14977223799392814,0.014634517997608058,0.8438458839643049,0.0,110097.17
0.1148977999691852,110143.74,3.85,0.14985813699491557,0.014668356997997038,0.8443508659701097,0.0,110097.17
0.1153897999902256,113090.43,3.87,0.14993931699838722,0.014700336999364664,0.8448281059905188,0.0,110143.74
0.1158862999873236,111199.27,3.86,0.1500212394979084,0.014732609499176035,0.8453097109877039,0.0,110143.74
0.1163737999740988,110470.46,3.85,0.1501016769957263,0.014764296998316422,0.8457825859748759,0.0,110143.74
0.1168596000061371,109633.33,3.84,0.15018183400101262,0.01479587400039891,0.8462538120059531,0.0,110143.74
0.1173445999738761,109656.43,3.84,0.15026185899568956,0.014827398998301947,0.8467242619746599,0.0,109656.43
0.1178284999914468,110822.2,3.85,0.15034170249858872,0.014858852499444042,0.8471936449917035,0.0,109656.43
0.1183147999690846,108441.2,3.83,0.15042194199489897,0.0148904619979905,0.8476653559700121,0.0,109656.43
0.1187989999889397,109287.37,3.84,0.15050183499817504,0.01492193499928108,0.8481350299892716,0.0,109656.43
0.1192817999981344,109287.37,3.84,0.15058149699969217,0.014953316999878737,0.8486033459981904,0.0,109633.33
0.11976149998372429,109540.91,3.84,0.1506606474973145,0.014984497498942078,0.8490686549842126,0.0,109656.43
0.12024640000890939,111293.85,3.86,0.15073819200138094,0.014997535999910905,0.849520528007974,0.0,109980.94
0.12073520000558349,111697.19,3.86,0.15081395600086545,0.014992647999944165,0.8499580040049973,0.0,109980.94
0.1212202999740839,110167.04,3.85,0.150889146495983,0.01498779700025916,0.8503921684768051,0.0,110167.04
0.1217061000061222,109080.61,3.84,0.15096444550094895,0.014982938999938777,0.8508269595054794,0.0,110540.68
0.12221850000787529,109980.94,3.85,0.15104386750122067,0.014977814999921247,0.8512855575070485,0.0,110728.23
0.12270929996157069,110540.68,3.85,0.15111994149404345,0.014972907000384292,0.8517248234656059,0.0,110892.74
0.1232736000092701,111911.64,3.86,0.15120740800143687,0.014967263999907299,0.8522298720082968,0.0,110728.23
0.1237680999911391,110728.23,3.85,0.15128405549862656,0.014962319000088608,0.8526724494920696,0.0,110540.68
0.12425369996344679,111388.53,3.86,0.15135932349433426,0.014957463000365531,0.853107061467285,0.0,110540.68
0.1247395999962464,110892.74,3.85,0.1514346379994182,0.014952604000037535,0.8535419419966406,0.0,110540.68
0.12522509996779269,112945.05,3.87,0.15150989049500788,0.014947749000322072,0.8539764644711745,0.0,110728.23
0.1257133999606595,109633.33,3.84,0.15158557699390224,0.014942866000393405,0.8544134929647903,0.0,110892.74
0.12619679997442299,109888.09,3.85,0.15166050399603556,0.01493803200025577,0.8548461359771087,0.0,110892.74
0.1266781999729574,109564.01,3.84,0.1517351209958084,0.014933218000270426,0.855276988975797,0.0,111057.62
0.1271932999952697,108714.55,3.84,0.15181496149926682,0.014928067000047302,0.8557380034957665,0.0,111057.62
0.1276935999630951,111057.62,3.85,0.15189250799427975,0.014923064000369048,0.8561857719669702,0.0,111602.07
0.1281782999867574,111816.25,3.86,0.1519676364979474,0.014918217000132426,0.856619578488148,0.0,111602.07
0.1286605999921449,112606.97,3.87,0.15204239299878247,0.01491339400007855,0.8570512369929697,0.0,111816.25
0.129140799981542,112703.41,3.87,0.15211682399713902,0.01490859200018458,0.8574810159834801,0.0,112366.45
0.1296232999884524,111602.07,3.86,0.15219161149821012,0.014903767000115475,0.857912853489665,0.0,112606.97
0.1301034999778495,113236.1,3.87,0.15226604249656667,0.014898965000221505,0.8583426324801754,0.0,112703.41
0.130587799998466,112366.45,3.86,0.15234110899976225,0.01489412200001534,0.8587760809986271,0.0,112703.41
0.1310689999954775,112727.53,3.87,0.15241569499929902,0.014889310000045225,0.8592067549959524,0.0,112703.41
0.1315498999902048,112703.41,3.87,0.15249023449848176,0.01488450100009795,0.8596371604912334,0.0,112703.41
0.1320312999887392,113041.94,3.87,0.15256485149825458,0.014879687000112607,0.8600680134899217,0.0,112703.41
0.132515000004787,113821.66,3.88,0.152639825000742,0.014874849999952129,0.8605009250042844,0.0,112727.53
0.13302599999587988,112631.08,3.87,0.15271902999936138,0.0148697400000412,0.8609582699963125,0.0,112727.53
0.1335089000058361,112318.44,3.86,0.1527938795009046,0.014864910999941638,0.8613904655052234,0.0,112775.82
0.13399100000970068,112775.82,3.87,0.15286860500150362,0.014860089999902992,0.8618219450086821,0.0,113041.94
0.1344756999751553,112606.97,3.87,0.15294373349614906,0.014855243000248446,0.862255751477764,0.0,113041.94
0.1349548000143841,113430.76,3.87,0.15301799400222954,0.014850451999856159,0.8626845460128738,0.0,112775.82
0.13547039998229599,113187.51,3.87,0.1530979119972559,0.01484529600017704,0.863146007984155,0.0,112631.08
0.1359598999843002,114535.48,3.88,0.15317378449756652,0.014840401000156997,0.8635841104859487,0.0,112606.97
0.1364438000018709,113211.79,3.87,0.15324878900029,0.014835561999981291,0.8640172010016746,0.0,112606.97
0.1369271999574267,111317.5,3.86,0.15332371599340114,0.014830728000425732,0.864449843961897,0.0,111792.43
0.13741219998337328,111128.39,3.86,0.15339889099742288,0.014825878000166267,0.8648839189851192,0.0,111341.17
0.1378866999875755,111792.43,3.86,0.1534724384980742,0.014821133000124245,0.8653085964888801,0.0,111317.5
0.1383300999877975,110728.23,3.85,0.15354116549810862,0.014816699000122025,0.8657054394890789,0.0,111128.39
0.1388043999904767,111341.17,3.86,0.1536146819985239,0.014811956000095232,0.8661299379914768,0.0,110728.23
0.1392542999819853,110423.72,3.85,0.15368441649720774,0.014807457000180147,0.8665325984838769,0.0,110423.72
0.1397343999706209,109957.72,3.85,0.15375883199544624,0.01480265600029379,0.8669622879737058,0.0,110376.98
0.1401876999880188,110213.64,3.85,0.15382721649826273,0.014800938499940096,0.867359544989816,0.0,110213.64
0.1406407000031323,109911.28,3.85,0.1538929015004542,0.014803203500015663,0.8677445950026625,0.0,109957.72
0.1410934999585152,110376.98,3.85,0.1539585574939847,0.014805467499792576,0.868129474964738,0.0,109957.72
0.14154250000137839,109656.43,3.84,0.15402366250019986,0.014807712500006892,0.8685111250011717,0.0,109957.72
0.142040700011421,109864.88,3.85,0.15409590150165606,0.014810203500057106,0.8689345950097079,0.0,109957.72
0.1424960999866017,109195.43,3.84,0.15416193449805726,0.01481248049993301,0.8693216849886115,0.0,110004.18
0.1429401999921538,109402.53,3.84,0.1542263289988623,0.01481470099996077,0.8696991699933307,0.0,109911.28
0.1433979999856093,110634.39,3.85,0.15429270999791336,0.014816989999928048,0.8700882999877679,0.0,110004.18
0.1438421999919229,110004.18,3.85,0.15435711899882884,0.014819210999959616,0.8704658699931346,0.0,110004.18
0.1442895999643952,110517.26,3.85,0.1544219919948373,0.014821447999821977,0.870846159969736,0.0,110517.26
0.1447349999798462,110657.85,3.85,0.1544865749970777,0.014823674999899231,0.8712247499828694,0.0,110517.26
0.1451822000090033,109702.71,3.84,0.15455141900130548,0.014825911000045017,0.8716048700076529,0.0,110517.26
0.14563280000584208,110986.92,3.85,0.15461675600084712,0.01482816400002921,0.8719878800049659,0.0,110517.26
0.1460835000034422,111175.63,3.86,0.15468210750049913,0.014830417500017212,0.8723709750029259,0.0,110283.59
0.146530099969823,110610.95,3.85,0.15474686449562433,0.014832650499849116,0.8727505849743497,0.0,110283.59
0.1469722999609076,110283.59,3.85,0.15481098349433162,0.01483486149980454,0.8731264549667715,0.0,110190.32
0.1474167999695056,110190.32,3.85,0.15487543599557832,0.014837083999847529,0.8735042799740799,0.0,109702.71
0.1479026000015438,109356.45,3.84,0.15494587700022386,0.01483951300000772,0.8739172100013123,0.0,109448.6
0.1483394000097178,109149.49,3.84,0.1550092130014091,0.01484169700004859,0.8742884900082601,0.0,109448.6
0.1487687999615446,108760.18,3.84,0.15507147599442397,0.014843843999807723,0.874653479967313,0.0,109448.6
0.1491988999769092,108920.21,3.84,0.15513384049665185,0.014845994499884546,0.8750190649803729,0.0,109448.6
0.1496293999953196,108101.03,3.83,0.15519626299932135,0.0148481469999766,0.8753849899960218,0.0,109356.45
0.1500584000023082,109448.6,3.84,0.1552584680003347,0.014850292000011542,0.875749640001962,0.0,109356.45
0.1504871000070125,110190.32,3.85,0.15532062950101683,0.014852435500035063,0.8761140350059606,0.0,109448.6
0.1509167999611237,109795.33,3.84,0.15538293599436295,0.01485458399980562,0.8764792799669552,0.0,109564.01
0.1513505000039004,109564.01,3.84,0.15544582250056557,0.014856752500019502,0.8768479250033154,0.0,109795.33
0.15180930000497028,108486.68,3.83,0.1555123485007207,0.014859046500024852,0.8772379050042248,0.0,109980.94
0.152242899988778,110657.85,3.85,0.15557522049837283,0.014861214499943891,0.8776064649904614,0.0,110190.32
0.1526713999919594,109980.94,3.85,0.15563735299883413,0.014863356999959798,0.8779706899931655,0.0,110657.85
0.1530999999959022,111199.27,3.86,0.15569949999940583,0.014865499999979511,0.878334999996517,0.0,110798.67
0.1535316999652423,110892.74,3.85,0.15576209649496014,0.014867658499826212,0.8787019449704561,0.0,110892.74
0.1539602999691852,110798.67,3.85,0.15582424349553187,0.014869801499845927,0.8790662549738075,0.0,110892.74
0.154387999966275,112631.08,3.87,0.15588625999510988,0.014871939999831376,0.8794297999713339,0.0,111104.81
0.1548184999846854,111816.25,3.86,0.1559486824977794,0.014874092499923428,0.8797957249869827,0.0,111104.81
0.1552489000023343,111602.07,3.86,0.15601109050033848,0.014876244500011671,0.8801615650019842,0.0,111152.02
0.1557175999623724,111104.81,3.86,0.156079051994544,0.014878587999811862,0.8805599599680166,0.0,111152.02
0.1561501999967732,110306.91,3.85,0.15614177899953213,0.014880750999983866,0.8809276699972572,0.0,111152.02
0.1565820999676362,112510.68,3.87,0.15620440449530726,0.014882910499838182,0.8812947849724908,0.0,111341.17
0.1570118999807165,110916.28,3.85,0.1562667254972039,0.014885059499903583,0.8816601149836091,0.0,111341.17
0.1574487999896519,111152.02,3.86,0.15633007599849955,0.01488724399994826,0.8820314799912041,0.0,111341.17
0.15787749999435619,111341.17,3.86,0.15639223749918166,0.014889387499971781,0.8823958749952028,0.0,111199.27
0.1582885999814608,110728.23,3.85,0.15645184699731182,0.014891442999907304,0.8827453099842417,0.0,111199.27
0.1587243999820203,112174.62,3.86,0.15651503799739297,0.014893621999910102,0.8831157399847173,0.0,111341.17
0.1591518999775872,111744.79,3.86,0.15657702549675015,0.014895759499887936,0.8834791149809491,0.0,111341.17
0.1595939999679104,111530.83,3.86,0.15664112999534702,0.014897969999839552,0.8838548999727239,0.0,111341.17
0.16003530001034968,111199.27,3.86,0.15670511850150073,0.014900882500258745,0.8842303580089008,0.0,111341.17
0.1604544000001625,110260.28,3.85,0.15676588800002358,0.014911360000004065,0.8845907840001398,0.0,111199.27
0.1608664999948815,111816.25,3.86,0.15682564249925784,0.01492166249987204,0.8849451899955981,0.0,111364.86
0.1612823999603279,111364.86,3.86,0.15688594799424757,0.0149320599990082,0.8853028639658821,0.0,111199.27
0.1616988999885507,111128.39,3.86,0.15694634049833986,0.014942472499713769,0.8856610539901536,0.0,111199.27
0.1621145000099205,110728.23,3.85,0.1570066025014385,0.014952862500248014,0.8860184700085317,0.0,111199.27
0.1625457999762148,110400.33,3.85,0.15706914099655117,0.014963644999405373,0.8863893879795448,0.0,111128.39
0.1629628000082449,111649.61,3.86,0.15712960600119552,0.014974070000206124,0.8867480080070906,0.0,111128.39
0.163377299963031,110892.74,3.85,0.1571897084946395,0.014984432499075776,0.8871044779682067,0.0,111057.62
0.1637951000011527,111364.86,3.86,0.15725028950016715,0.014994877500028819,0.8874637860009914,0.0,110892.74
0.16419290000339978,111578.33,3.86,0.15730797050049297,0.015004822500084997,0.8878058940029239,0.0,110798.67
0.1645920999580995,110493.87,3.85,0.15736585449392443,0.01501480249895249,0.8881492059639656,0.0,110798.67
0.1650261000031606,111057.62,3.85,0.1574287845004583,0.015025652500079017,0.8885224460027181,0.0,110798.67
0.1654296999913641,110798.67,3.85,0.15748730649874781,0.015035742499784104,0.8888695419925732,0.0,110798.67
0.1658264999859967,110517.26,3.85,0.15754484249796954,0.01504566249964992,0.8892107899879572,0.0,110798.67
0.1662286999635399,110775.19,3.85,0.1576031614947133,0.0150557174990885,0.8895566819686443,0.0,110798.67
0.1666300999931992,109425.56,3.84,0.15766136449901388,0.015065752499829981,0.8899018859941513,0.0,110775.19
0.1670306999585592,110283.59,3.85,0.1577194514939911,0.015075767498963982,0.890246401964361,0.0,110798.67
0.1674317999859341,111175.63,3.86,0.15777761099796045,0.015085794999648355,0.8905913479879034,0.0,110798.67
0.16783109999960288,110892.74,3.85,0.15783550949994243,0.015095777499990075,0.8909347459996585,0.0,110892.74
0.1682319999672473,110963.35,3.85,0.15789363999525086,0.015105799999181185,0.8912795199718327,0.0,110963.35
0.1686311999801547,110681.29,3.85,0.15795152399712245,0.01511577999950387,0.8916228319829331,0.0,110963.35
0.1690319000044838,112438.52,3.87,0.15800962550065015,0.015125797500112097,0.8919674340038561,0.0,111057.62
0.1694342999835499,111983.25,3.86,0.15806797349761476,0.01513585749958875,0.8923134979858529,0.0,111175.63
0.1698353000101634,111935.5,3.86,0.1581261185014737,0.015145882500254088,0.8926583580087406,0.0,111057.62
0.1702327000093647,111057.62,3.85,0.1581837415013579,0.01515581750023412,0.8930001220080537,0.0,111057.62
0.1706406999728643,110939.81,3.85,0.15824290149606532,0.015166017499321609,0.8933510019766633,0.0,111459.67
0.17103369999676948,112102.78,3.86,0.15829988649953158,0.01517584249991924,0.8936889819972218,0.0,111744.79
0.1714219999848865,111459.67,3.86,0.15835618999780854,0.015185549999622164,0.8940229199870025,0.0,111459.67
0.1718063000007533,110845.69,3.85,0.15841191350010925,0.015195157500018834,0.8943534180006479,0.0,111057.62
0.1722454999689945,110798.67,3.85,0.15847559749550422,0.015206137499224864,0.8947311299733353,0.0,111057.62
0.1726351999677718,111768.59,3.86,0.1585321039953269,0.015215879999194297,0.8950662719722838,0.0,111246.54
0.1730228000087664,111744.79,3.86,0.15858830600127113,0.015225570000219162,0.8953996080075391,0.0,111388.53
0.1734058000147343,110564.09,3.85,0.15864384100213647,0.01523514500036836,0.8957289880126715,0.0,111388.53
0.1737924999906682,109888.09,3.85,0.1586999124986469,0.015244812499766707,0.8960615499919747,0.0,111364.86
0.1741766000050121,111388.53,3.86,0.15875560700072675,0.015254415000125305,0.8963918760043105,0.0,111388.53
0.1745628999779001,111246.54,3.86,0.1588116204967955,0.015264072499447504,0.8967240939809941,0.0,111388.53
0.1749473999952898,112198.56,3.86,0.15886737299931702,0.015273684999882247,0.8970547639959493,0.0,111388.53
0.1753348999773153,111863.92,3.86,0.15892356049671072,0.015283372499432884,0.8973880139804912,0.0,111388.53
0.17571869998937478,111364.86,3.86,0.15897921149845934,0.015292967499734371,0.8977180819908623,0.0,111388.53
0.1761057999683545,112294.46,3.86,0.15903534099541142,0.015302644999208864,0.8980509879727849,0.0,111863.92
0.1764886999735609,111388.53,3.86,0.15909086149616633,0.015312217499339024,0.8983802819772624,0.0,112007.14
0.1768726999871433,112438.52,3.87,0.15914654149813579,0.015321817499678585,0.8987105219889433,0.0,112198.56
0.1772567000007257,112342.46,3.86,0.15920222150010524,0.015331417500018145,0.8990407620006241,0.0,112222.51
0.1776411999599077,110822.2,3.85,0.15925797399418662,0.015341029998997694,0.8993714319655207,0.0,112294.46
0.1780250999727287,112222.51,3.86,0.15931363949604566,0.015350627499318219,0.8997015859765467,0.0,112342.46
0.1784099999931641,112007.14,3.86,0.1593694499990088,0.015360249999829104,0.9000325999941211,0.0,112438.52
0.1787939000059851,113601.52,3.87,0.15942511550086785,0.015369847500149629,0.9003627540051472,0.0,112631.08
0.1791752999997698,112631.08,3.87,0.15948041849996664,0.015379382499994248,0.900690757999802,0.0,112679.31
0.1795576000004076,112679.31,3.87,0.1595358520000591,0.015388940000010192,0.9010195360003506,0.0,112679.31
0.1799424999626354,113017.71,3.87,0.15959166249458212,0.015398562499065887,0.9013505499678665,0.0,112727.53
0.1803286999929697,112727.53,3.87,0.15965094849891032,0.015406573999859395,0.9017007604935673,0.0,112727.53
0.1807112999958918,114067.01,3.88,0.15971025149936324,0.015414225999917838,0.902050839496241,0.0,112945.05
0.1810929999919609,112945.05,3.87,0.15976941499875394,0.01542185999983922,0.9024000949926443,0.0,112727.53
0.18147939996561038,112222.51,3.86,0.1598293069946696,0.01542958799931221,0.9027536509685335,0.0,112727.53
0.1818664000020363,113260.4,3.87,0.15988929200031562,0.015437328000040728,0.9031077560018632,0.0,112727.53
0.1822506999596954,111720.97,3.86,0.1599488584937528,0.01544501399919391,0.9034593904631213,0.0,112366.45
0.1826313000055962,113090.43,3.87,0.1600078515008674,0.015452626000111925,0.9038076395051206,0.0,112366.45
0.1830168999731541,111530.83,3.86,0.1600676194958389,0.015460337999463085,0.904160463475436,0.0,112222.51
0.1834024999989197,111935.5,3.86,0.16012738749983255,0.015468049999978396,0.9045132874990115,0.0,111935.5
0.1837945999577642,112366.45,3.86,0.16018816299345345,0.015475891999155287,0.9048720589613543,0.0,111935.5
0.1841765000135638,110775.19,3.85,0.1602473575021024,0.015483530000271278,0.9052214975124109,0.0,111720.97
0.1845854999846779,112462.58,3.87,0.16031075249762508,0.01549170999969356,0.9055957324859804,0.0,111935.5
0.1849770999979228,111935.5,3.86,0.16037145049967805,0.015499541999958458,0.9059540464980994,0.0,111935.5
0.185360600007698,110798.67,3.85,0.1604308930011932,0.015507212000153961,0.9063049490070437,0.0,111935.5
0.1857475999859162,111128.39,3.86,0.16049087799781703,0.015514951999718326,0.9066590539871133,0.0,112174.62
0.1861283999751322,110190.32,3.85,0.1605499019961455,0.015522567999502647,0.907007485977246,0.0,112174.62
0.186513599997852,112318.44,3.86,0.16060960799966706,0.015530271999957043,0.9073599439980347,0.0,112222.51
0.1868985999608413,112751.68,3.87,0.1606692829939304,0.015537971999216828,0.9077122189641698,0.0,112222.51
0.1872830999782309,112462.58,3.87,0.1607288804966258,0.015545661999564619,0.9080640364800813,0.0,112222.51
0.1876645999727771,112174.62,3.86,0.16078801299578047,0.015553291999455545,0.9084131089750911,0.0,112318.44
0.1880479999817908,112222.51,3.86,0.16084743999717757,0.015560959999635818,0.9087639199833386,0.0,112462.58
0.1884295999770985,113748.21,3.88,0.16090658799645027,0.015568591999541971,0.9091130839790451,0.0,112558.79
0.1888425999786705,112799.98,3.87,0.16097060299669394,0.015576851999573413,0.9094909789804836,0.0,112655.17
0.1892332999850624,111959.39,3.86,0.16103116149768468,0.01558466599970125,0.9098484694863321,0.0,112655.17
0.1896172999986448,112558.79,3.87,0.16109068149978994,0.015592345999972898,0.91019982949876,0.0,112775.82
0.1899993999977597,112655.17,3.87,0.16114990699965276,0.015599987999955196,0.9105494509979501,0.0,112775.82
0.1903832000098192,113797.15,3.88,0.16120939600152198,0.015607664000196387,0.9109006280089846,0.0,112799.98
0.1907684999750928,113236.1,3.87,0.1612691174961394,0.015615369999501858,0.9112531774772099,0.0,112775.82
0.1911543000023813,113017.71,3.87,0.16132891650036912,0.015623086000047628,0.9116061845021789,0.0,112775.82
0.1915357999969274,112775.82,3.87,0.16138804899952375,0.015630715999938552,0.9119552569971886,0.0,113017.71
0.191921099962201,112582.89,3.87,0.16144777049414116,0.01563842199924402,0.912307806465414,0.0,113236.1
0.1923044999712147,113797.15,3.88,0.1615071974955383,0.015646089999424295,0.9126586174736615,0.0,113797.15
0.192691800009925,112727.53,3.87,0.1615672290015384,0.015653836000198502,0.9130129970090813,0.0,113236.1
0.193073500005994,114535.48,3.88,0.16162639250092908,0.015661470000119884,0.9133622525054845,0.0,113455.12
0.1934569999575615,113846.14,3.88,0.16168583499342204,0.015669139999151233,0.9137131549611688,0.0,113797.15
0.1938414999749512,114067.01,3.88,0.16174543249611745,0.015676829999499025,0.9140649724770804,0.0,113846.14
0.1942243999801577,114584.97,3.88,0.16180478199692447,0.015684487999603158,0.9144153259818443,0.0,113919.71
0.1946043999632821,113138.96,3.87,0.16186368199430873,0.015692087999265643,0.9147630259664031,0.0,114067.01
0.1949903999920935,113455.12,3.87,0.1619235119987745,0.015699807999841872,0.9151162159927656,0.0,114067.01
0.19537589995889,113919.71,3.88,0.16198326449362796,0.015707517999177804,0.9154689484623844,0.0,114067.01
0.1957587999640964,114634.5,3.88,0.16204261399443495,0.01571517599928193,0.9158193019671482,0.0,114584.97
0.1961419999715873,114857.75,3.88,0.16210200999559604,0.015722839999431748,0.9161699299740024,0.0,114609.75
0.1965457999613137,114609.75,3.88,0.16216459899400365,0.015730915999226276,0.916539406964602,0.0,114634.5
0.19700260000536218,113993.33,3.88,0.16223540300083114,0.015740052000107245,0.9169573790049064,0.0,114634.5
0.1973812999785878,115106.59,3.89,0.16229410149668114,0.01574762599957176,0.9173038894804079,0.0,114857.75
0.1977794999838807,114957.2,3.88,0.16235582249750152,0.015755589999677615,0.9176682424852508,0.0,114857.75
0.1981647000066005,115181.42,3.89,0.1624155285010231,0.015763294000132013,0.9180207005060395,0.0,114957.2
0.1985513999825344,115281.28,3.89,0.16247546699729284,0.015771027999650692,0.918374530984019,0.0,115106.59
0.1989369000075385,114486.06,3.88,0.16253521950116848,0.015778738000150772,0.9187272635068977,0.0,115106.59
0.1993252999964171,115356.3,3.89,0.16259542149944467,0.015786505999928344,0.9190826494967217,0.0,115106.59
0.19971359998453408,113846.14,3.88,0.1626556079976028,0.015794271999690683,0.9194379439858487,0.0,114957.2
0.2000994000118226,115707.28,3.89,0.16271640100195076,0.0158,0.9197959210114088,0.0,115181.42
0.2004817000124604,115531.58,3.89,0.16277948050205598,0.0158,0.9201648405120243,0.0,114882.58
0.2008677999838256,113821.66,3.88,0.16284318699733125,0.0158,0.9205374269843917,0.0,114832.92
0.2012518999981694,114313.23,3.88,0.16290656349969798,0.0158,0.9209080834982335,0.0,114882.58
0.20163769996725028,114832.92,3.88,0.1629702204945963,0.0158,0.9212803804683966,0.0,114832.92
0.2020168000017293,115456.39,3.89,0.16303277200028535,0.0158,0.9216462120016687,0.0,114882.58
0.2023999000084587,114882.58,3.88,0.1630959835013957,0.0158,0.9220159035081626,0.0,114882.58
0.2027885999996216,113406.41,3.87,0.16316011899993757,0.0158,0.9223909989996348,0.0,114832.92
0.203159099968616,115807.84,3.89,0.16322125149482167,0.0158,0.9227485314697145,0.0,114882.58
0.20352689997525888,114263.92,3.88,0.16328193849591774,0.0158,0.9231034584761248,0.0,115181.42
0.2038973000016995,116059.92,3.89,0.16334305450028044,0.0158,0.92346089450164,0.0,115456.39
0.2042691999813542,115181.42,3.89,0.16340441799692346,0.0158,0.9238197779820068,0.0,115406.35
0.2051796999876388,113993.33,3.88,0.16355465049796042,0.0158,0.9246984104880714,0.0,115406.35
0.2056860000011512,116059.92,3.89,0.16363819000018998,0.0158,0.9251869900011109,0.0,115531.58
0.2060873999726028,116236.87,3.89,0.1637044209954795,0.0158,0.9255743409735617,0.0,115406.35
0.20647709997138008,115833.03,3.89,0.16376872149527774,0.0158,0.9259504014723817,0.0,115406.35
0.206865799962543,115406.35,3.89,0.1638328569938196,0.0158,0.926325496963854,0.0,115181.42
0.2072554999613204,115181.42,3.89,0.16389715749361788,0.0158,0.9267015574626741,0.0,115181.42
0.2076434000045993,115531.58,3.89,0.1639611610007589,0.0158,0.9270758810044383,0.0,115331.27
0.2080306999851019,114067.01,3.88,0.16402506549754184,0.0158,0.9274496254856234,0.0,115181.42
0.2084215999930166,114436.63,3.88,0.16408956399884775,0.0158,0.927826843993261,0.0,115106.59
0.2088060000096448,114659.28,3.88,0.16415299000159142,0.0158,0.9281977900093072,0.0,115106.59
0.2092511999653653,113846.14,3.88,0.1642264479942853,0.0158,0.9286274079665775,0.0,115106.59
0.2096406999626197,115331.27,3.89,0.16429071549383226,0.0158,0.929003275463928,0.0,115106.59
0.2100265999906697,115056.75,3.89,0.16435438899846053,0.0158,0.9293756689909962,0.0,115106.59
0.2104097999981605,115106.59,3.89,0.1644176169996965,0.0158,0.9297454569982249,0.0,115331.27
0.21079619997180998,115807.84,3.89,0.16448137299534865,0.0158,0.9301183329727967,0.0,115331.27
0.2111797999823466,115506.5,3.89,0.1645446669970872,0.0158,0.9304885069829645,0.0,115331.27
0.2115668999613263,116744.75,3.9,0.16460853849361887,0.0158,0.9308620584626799,0.0,115506.5
0.2119497999665328,116541.19,3.9,0.1646717169944779,0.0158,0.9312315569677041,0.0,115506.5
0.21233619999838999,116059.92,3.89,0.16473547299973437,0.0158,0.9316044329984463,0.0,115506.5
0.2127225999720395,114634.5,3.88,0.16479922899538654,0.0158,0.9319773089730181,0.0,115807.84
0.2131073999917135,114982.07,3.89,0.16486272099863275,0.0158,0.9323486409920035,0.0,115506.5
0.2134932999615558,117667.75,3.9,0.16492639449365673,0.0158,0.9327210344629013,0.0,116059.92
0.2138775999774226,113993.33,3.88,0.16498980399627475,0.0158,0.9330918839782127,0.0,115807.84
0.2142602999811061,114659.28,3.88,0.1650529494968825,0.0158,0.9334611894817674,0.0,115381.3
0.2146442999946885,116110.44,3.89,0.16511630949912362,0.0158,0.9338317494948744,0.0,115381.3
0.21503179997671398,115381.3,3.89,0.16518024699615783,0.0158,0.9342056869775289,0.0,115606.82
0.2154149999842048,116770.25,3.9,0.1652434749973938,0.0158,0.9345754749847576,0.0,115657.03
0.2157978999894113,115807.84,3.89,0.16530665349825288,0.0158,0.9349449734897819,0.0,115657.03
0.2161824000068009,115331.27,3.89,0.16537009600112215,0.0158,0.9353160160065629,0.0,115657.03
0.21656779997283598,115657.03,3.89,0.16543368699551794,0.0158,0.9356879269737867,0.0,115807.84
0.2169528999947943,115606.82,3.89,0.16549722849914109,0.0158,0.9360595484949765,0.0,115657.03
0.2173330999794417,116668.35,3.9,0.1655599614966079,0.0158,0.9364264414801612,0.0,115807.84
0.2177185000036844,116465.0,3.9,0.16562355250060795,0.0158,0.9367983525035554,0.0,115807.84
0.2181041999720037,115456.39,3.89,0.16568719299538062,0.0158,0.9371705529729836,0.0,115707.28
0.2184937999700197,116388.86,3.9,0.16575147699505327,0.0158,0.9375465169710689,0.0,116388.86
0.2188786999904551,115431.35,3.89,0.1658149854984251,0.0158,0.9379179454907891,0.0,116465.0
0.21925129997544,117641.96,3.9,0.16587646449594762,0.0158,0.9382775044762995,0.0,116668.35
0.219624399964232,117025.57,3.9,0.1659380259940983,0.0158,0.9386375459654839,0.0,116668.35
0.2199958999990486,115707.28,3.89,0.16599932349984303,0.0158,0.9389960434990818,0.0,117025.57
0.2203660999657587,117179.21,3.9,0.166062236994179,0.015810982998972763,0.9393752524649026,0.0,117025.57
0.2208281999919564,116668.35,3.9,0.1661407939986326,0.015824845999758693,0.9398489049917553,0.0,117025.57
0.2212232999736444,117487.38,3.9,0.16620796099551957,0.015836698999209333,0.9402538824729855,0.0,117025.57
0.2216505999676884,117590.4,3.9,0.16628060199450703,0.015849517999030654,0.9406918649668806,0.0,116821.25
0.2220327999675647,117204.82,3.9,0.16634557599448602,0.015860983999026943,0.9410836199667538,0.0,116668.35
0.2224704999825918,116821.25,3.9,0.1664199849970406,0.015874114999477756,0.9415322624821566,0.0,116668.35
0.2228477000026033,114042.46,3.88,0.16648410900044258,0.0158854310000781,0.9419188925026684,0.0,115807.84
0.22322529996745288,115481.45,3.89,0.166548300994467,0.01589675899902359,0.9423059324666392,0.0,115807.84
0.22360119997756558,115306.29,3.89,0.16661220399618615,0.01590803599932697,0.9426912299770047,0.0,115481.45
0.22397639998234808,114067.01,3.88,0.16667598799699918,0.015919291999470446,0.9430758099819068,0.0,115481.45
0.2243499999749475,114263.92,3.88,0.1667394999957411,0.015930499999248428,0.9434587499743212,0.0,115481.45
0.224726099986583,115807.84,3.89,0.16680343699771913,0.015941782999597493,0.9438442524862476,0.0,115306.29
0.2251046999590472,117435.92,3.9,0.16686779899303802,0.015953140998771417,0.9442323174580234,0.0,115481.45
0.2254817999782973,115206.37,3.89,0.16693190599631055,0.01596445399934892,0.9446188449777547,0.0,115581.75
0.2258555999724195,115581.75,3.89,0.16699545199531132,0.015975667999172587,0.94500198997173,0.0,115581.75
0.2262319999863394,116312.82,3.89,0.1670594399976777,0.015986959999590183,0.9453877999859979,0.0,115657.03
0.226608099997975,114832.92,3.88,0.16712337699965576,0.015998242999939252,0.9457733024979244,0.0,115657.03
0.2269850999582559,117771.01,3.91,0.16718746699290352,0.016009552998747678,0.9461597274572123,0.0,115657.03
0.2273586000083015,115657.03,3.89,0.16725096200141126,0.016020758000249047,0.946542565008509,0.0,115657.03
0.2277302999864333,114758.44,3.88,0.16731415099769367,0.016031908999593,0.9469235574860941,0.0,115732.39
0.2281042999820784,115833.03,3.89,0.16737773099695333,0.016043128999462353,0.9473069074816304,0.0,115757.56
0.2284804999944754,114659.28,3.88,0.1674416849990608,0.016054414999834263,0.9476925124943373,0.0,115732.39
0.2288576000137255,117333.12,3.9,0.16750579200233334,0.016065728000411766,0.9480790400140686,0.0,115757.56
0.2292305000009947,117102.34,3.9,0.1675691850001691,0.016076915000029845,0.9484612625010196,0.0,115732.39
0.2296032999875024,115732.39,3.89,0.1676325609978754,0.016088098999625072,0.9488433824871899,0.0,115732.39
0.2299777999869548,115757.56,3.89,0.16769622599778233,0.016099333999608646,0.9492272449866287,0.0,115732.39
0.2303511999780313,114535.48,3.88,0.16775970399626533,0.016110535999340942,0.9496099799774821,0.0,115732.39
0.2307233999599703,116363.52,3.9,0.16782297799319496,0.01612170199879911,0.9499914849589696,0.0,115757.56
0.2310998999746517,115406.35,3.89,0.1678869829956908,0.016132996999239552,0.950377397474018,0.0,115757.56
0.2314748999779113,115456.39,3.89,0.1679507329962449,0.01614424699933734,0.950761772477359,0.0,115757.56
0.2318480999674649,115657.03,3.89,0.16801417699446902,0.01615544299902395,0.9511443024666515,0.0,116009.43
0.2322209000121803,116009.43,3.89,0.16807755300207064,0.016166627000365412,0.9515264225124848,0.0,116009.43
0.2325952000101097,117513.11,3.9,0.16814118400171865,0.016177856000303293,0.9519100800103625,0.0,116363.52
0.2329717999673449,116770.25,3.9,0.16820520599444863,0.01618915399902035,0.9522960949665286,0.0,116719.28
0.2333451999584213,117000.02,3.9,0.16826868399293163,0.01620035599875264,0.9526788299573818,0.0,116719.28
0.2337665999657475,117281.77,3.9,0.1683403219941771,0.016212997998972425,0.9531107649648912,0.0,116770.25
0.23414509999565788,115631.91,3.89,0.16840466699926185,0.01622435299986974,0.9534987274955493,0.0,116846.75
0.23452299996279188,117153.57,3.9,0.16846890999367461,0.016235689998883758,0.9538860749618617,0.0,116846.75
0.2348992999759503,116719.28,3.9,0.16853288099591154,0.01624697899927851,0.954271782475349,0.0,116846.75
0.2352729999693111,116110.44,3.89,0.1685964099947829,0.016258189999079336,0.9546548249685439,0.0,116846.75
0.23564839997561648,116846.75,3.9,0.1686602279958548,0.016269451999268495,0.9550396099750069,0.0,116846.75
0.2360241999849678,116846.75,3.9,0.16872411399744452,0.016280725999549037,0.955424804984592,0.0,116846.75
0.23639949999051169,118916.23,3.91,0.168787914998387,0.01629198499971535,0.9558094874902745,0.0,116846.75
0.2367776999599301,117025.57,3.9,0.16885220899318812,0.016303330998797903,0.9561971424589284,0.0,116846.75
0.23715329996775839,116262.17,3.89,0.16891606099451892,0.016314598999032752,0.9565821324669523,0.0,116846.75
0.2375276999664493,117590.4,3.9,0.16897970899429637,0.01632583099899348,0.9569658924656106,0.0,116846.75
0.2379018999636174,116617.46,3.9,0.16904332299381497,0.016337056998908524,0.9573494474627079,0.0,116642.91
0.2382783999782987,117771.01,3.91,0.16910732799631079,0.016348351999348962,0.9577353599777562,0.0,116642.91
0.2386524999747053,116642.91,3.9,0.1691709249956999,0.01635957499924116,0.9581188124740729,0.0,116642.91
0.2390721999690868,116160.96,3.89,0.16924227399474476,0.016372165999072607,0.958549004968314,0.0,116617.46
0.2394485999830068,116566.6,3.9,0.16930626199711116,0.016383457999490206,0.958934814982582,0.0,116642.91
0.2398213999695145,116160.96,3.89,0.16936963799481747,0.016394641999085437,0.9593169349687524,0.0,116642.91
0.2401955999666825,117256.12,3.9,0.16943618599383625,0.016397066000499765,0.9597083139645168,0.0,116872.29
0.2405754000064917,116923.33,3.9,0.16950644900120096,0.016391368999902626,0.9601128010069137,0.0,116872.29
0.2409515999606811,116110.44,3.89,0.169576045992726,0.016385726000589785,0.9605134539581254,0.0,116872.29
0.24132579995784909,117307.46,3.9,0.16964527299220208,0.016380113000632263,0.9609119769551093,0.0,116872.29
0.2417004999588244,116872.29,3.9,0.16971459249238252,0.016374492500617635,0.961311032456148,0.0,116872.29
0.2420887000043877,118289.39,3.91,0.16978640950081172,0.016368669499934187,0.9617244655046729,0.0,116923.33
0.2424700999981724,117204.82,3.9,0.1698569684996619,0.016362948500027414,0.9621306564980536,0.0,116923.33
0.2428486999706366,116566.6,3.9,0.16992700949456777,0.016357269500440454,0.962533865468728,0.0,117000.02
0.2432235999731347,116592.03,3.9,0.16999636599502993,0.01635164600040298,0.9629331339713885,0.0,117204.82
0.2435975999687799,116439.6,3.9,0.17006555599422427,0.016346036000468304,0.9633314439667506,0.0,117127.96
0.2439712999621407,118341.44,3.91,0.17013469049299604,0.01634043050056789,0.9637294344596798,0.0,117204.82
0.24434879998443648,117000.02,3.9,0.17020452799712074,0.016334768000233455,0.9641314719834249,0.0,117204.82
0.2447434999630787,117435.92,3.9,0.17027754749316956,0.01632884750055382,0.9645518274606788,0.0,117435.92
0.2451257999637165,118211.42,3.91,0.17034827299328756,0.016323113000544252,0.9649589769613581,0.0,117926.14
0.2455109999864363,117127.96,3.9,0.1704195349974907,0.016317335000203458,0.9653692149855547,0.0,117926.14
0.2459441999671981,117926.14,3.91,0.17049967699393165,0.016310837000492028,0.965830572965066,0.0,117926.14
0.2463457999983803,118237.39,3.91,0.17057397299970034,0.016304813000024298,0.966258276998275,0.0,117926.14
0.2467321999720298,118055.67,3.91,0.1706454569948255,0.016299017000419552,0.9666697929702117,0.0,117926.14
0.2471179999993183,118523.85,3.91,0.1707168299998739,0.016293230000010227,0.967080669999274,0.0,117926.14
0.2475026999600232,117487.38,3.9,0.1707879994926043,0.016287459500599653,0.9674903754574247,0.0,117745.16
0.2478921000147239,117745.16,3.91,0.1708600385027239,0.016281618499779143,0.967905086515681,0.0,117926.14
0.2482775999815204,117926.14,3.91,0.17093135599658127,0.016275836000277193,0.9683156439803192,0.0,117926.14
0.2486716000130401,116186.27,3.89,0.1710042460024124,0.0162699259998044,0.9687352540138877,0.0,117745.16
0.2490457000094466,117461.67,3.9,0.17107345450174763,0.016264314499858303,0.9691336705100606,0.0,117745.16
0.2494210000149906,117333.12,3.9,0.17114288500277325,0.01625868499977514,0.969533365015965,0.0,117487.38
0.2497976999729872,118159.46,3.91,0.17121257449500263,0.016253034500405193,0.9699345504712313,0.0,117745.16
0.2501720999716782,118890.0,3.91,0.17128183849476047,0.016247418500424826,0.9703332864698373,0.0,117926.14
0.2505473999772222,117307.46,3.9,0.1713512689957861,0.016241789000341667,0.9707329809757417,0.0,117461.67
0.25092089996906003,118628.29,3.91,0.1714203664942761,0.0162361865004641,0.971130758467049,0.0,117461.67
0.25129370001377543,117333.12,3.9,0.17148933450254847,0.016230594499793367,0.9715277905146709,0.0,117333.12
0.2516674000071362,118003.85,3.91,0.1715584690013202,0.016224988999892956,0.9719257810076001,0.0,117641.96
0.25204349996056413,117952.05,3.91,0.17162804749270436,0.01621934750059154,0.9723263274580008,0.0,117641.96
0.2524194999714383,116541.19,3.9,0.17169760749471608,0.016213707500428425,0.9727267674695819,0.0,117487.38
0.2527988000074402,116948.89,3.9,0.17176777800137644,0.016208017999888396,0.9731307220079238,0.0,117487.38
0.25317380001069983,116744.75,3.9,0.17183715300197946,0.016202392999839502,0.9735300970113954,0.0,117333.12
0.25355089997174224,117641.96,3.9,0.17190691649477233,0.016196736500423865,0.9739317084699055,0.0,117281.77
0.2539258999750019,117796.83,3.91,0.17197629149537536,0.01619111150037497,0.974331083473377,0.0,117051.17
0.25430149998283025,117487.38,3.9,0.1720457774968236,0.016185477500257547,0.9747310974817143,0.0,117051.17
0.2546774999937043,117051.17,3.9,0.17211533749883529,0.016179837500094437,0.9751315374932951,0.0,117051.17
0.25505259999772545,116744.75,3.9,0.1721847309995792,0.01617421100003412,0.9755310189975777,0.0,117051.17
0.25548859999980783,117281.77,3.9,0.17226539099996446,0.01616767100000288,0.9759953589997954,0.0,117051.17
0.2558692999882624,117051.17,3.9,0.17233582049782856,0.016161960500176063,0.9764008044874994,0.0,117051.17
0.25624529999913653,117307.46,3.9,0.17240538049984025,0.016156320500012953,0.9768012444990805,0.0,116923.33
0.2566193999955431,115958.99,3.89,0.17247458899917548,0.016150709000066852,0.9771996609952535,0.0,116923.33
0.2569918999797665,116592.03,3.9,0.1725435014962568,0.016145121500303502,0.9775963734784513,0.0,116744.75
0.25736699998378765,115984.19,3.89,0.17261289499700072,0.016139495000243184,0.9779958549827339,0.0,116923.33
0.2577425999916159,116923.33,3.9,0.17268238099844896,0.01613386100012576,0.978395868991071,0.0,116923.33
0.2581175999948756,115631.91,3.89,0.172751755999052,0.016128236000076866,0.9787952439945425,0.0,116923.33
0.2585314000025392,118837.57,3.91,0.17282830900046975,0.016122028999961912,0.9792359410027043,0.0,116923.33
0.2589166999678128,116719.28,3.9,0.17289958949404538,0.016116249500482807,0.9796462854657206,0.0,116923.33
0.259292499977164,117745.16,3.91,0.17296911249577535,0.016110612500342538,0.9800465124756796,0.0,116923.33
0.25966979999793705,117333.12,3.9,0.17303891299961835,0.016104953000030946,0.980448336997803,0.0,116923.33
0.26004269998520624,117358.83,3.9,0.17310789949726316,0.016101280999556187,0.9808465429838747,0.0,116872.29
0.2604165999800899,118341.44,3.91,0.17317707099631663,0.016112497999402696,0.981254093978298,0.0,116872.29
0.2607915999833495,116465.0,3.9,0.17324644599691966,0.016123747999500483,0.981662843981851,0.0,116846.75
0.2611696000094526,116872.29,3.9,0.17331637600174873,0.016135088000283578,0.9820748640103033,0.0,116872.29
0.2615414999891073,116287.51,3.89,0.17338517749798485,0.01614624499967322,0.982480234988127,0.0,116846.75
0.26191719999769714,116338.18,3.9,0.17345468199957398,0.016157515999930913,0.9828897479974898,0.0,116795.73
0.2622917999979109,116846.75,3.9,0.17352398299961352,0.01616875399993733,0.9832980619977228,0.0,116795.73
0.2626638999790885,116287.51,3.89,0.17359282149613137,0.016179916999372653,0.9837036509772065,0.0,116795.73
0.2630364999640734,117256.12,3.9,0.17366175249335358,0.0161910949989222,0.98410978496084,0.0,116846.75
0.26341059996048,116795.73,3.9,0.1737309609926888,0.0162023179988144,0.9845175539569232,0.0,116846.75
0.2637868999736384,115807.84,3.89,0.17380057649512312,0.01621360699920915,0.9849277209712658,0.0,117256.12
0.264160999970045,118628.29,3.91,0.17386978499445832,0.01622482999910135,0.985335489967349,0.0,117435.92
0.2645333000109532,117435.92,3.9,0.17393866050202636,0.016235999000328596,0.985741297011939,0.0,117667.75
0.26490750000812124,117667.75,3.9,0.17400788750150242,0.016247225000243636,0.9861491750088521,0.0,118211.42
0.2652833999600262,118211.42,3.91,0.17407742899260484,0.016258501998800787,0.9865589059564285,0.0,118211.42
0.2656598999747076,118732.88,3.91,0.1741470814953209,0.016269796999241228,0.9869692909724312,0.0,118211.42
0.2660333999665455,119468.98,3.92,0.17421617899381092,0.016281001998996365,0.9873764059635346,0.0,118628.29
0.26644629996735614,119152.64,3.92,0.17429256549396088,0.016293388999020685,0.9878264669644181,0.0,118732.88
0.2668266000109725,119047.46,3.91,0.1743629210020299,0.016304798000329176,0.98824099401196,0.0,118837.57
0.2672018999583089,118003.85,3.91,0.17443235149228714,0.016316056998749266,0.9886500709545567,0.0,119021.19
0.2675730999908411,117281.77,3.9,0.1745010234983056,0.016327192999725234,0.9890546789900168,0.0,119021.19
0.26794200000585994,119680.58,3.92,0.1745692700010841,0.016338260000175797,0.9894567800063873,0.0,119047.46
0.26831509999465203,118837.57,3.91,0.17463829349901064,0.01634945299983956,0.9898634589941707,0.0,119021.19
0.2686905000009575,119363.37,3.92,0.17470774250017715,0.016360715000028725,0.9902726450010436,0.0,119021.19
0.2690602999646217,119021.19,3.91,0.17477615549345502,0.016371808998938652,0.9906757269614376,0.0,118863.79
0.26943169999867683,117926.14,3.91,0.17484486449975523,0.016382950999960302,0.9910805529985577,0.0,118863.79
0.2698047999874689,120319.03,3.92,0.17491388799768176,0.016394143999624067,0.991487231986341,0.0,119021.19
0.270178999984637,118706.71,3.91,0.17498311499715785,0.01640536999953911,0.9918951099832543,0.0,118863.79
0.27059079997707164,119680.58,3.92,0.17505929799575826,0.01641772399931215,0.992343971975008,0.0,118863.79
0.2709659999818542,118863.79,3.91,0.17512870999664304,0.016428979999455626,0.9927529399802211,0.0,118706.71
0.2713502999977209,118393.52,3.91,0.17519980549957836,0.016440508999931627,0.9931718269975157,0.0,118523.85
0.271725400001742,119205.24,3.92,0.17526919900032228,0.01645176200005226,0.9935806860018987,0.0,118706.71
0.2721452999976464,118107.54,3.91,0.1753468804995646,0.01646435899992939,0.9940383769974346,0.0,118523.85
0.27252729999599984,118081.62,3.91,0.17541755049925997,0.016475818999879994,0.9944547569956398,0.0,118393.52
0.2729025000007824,118523.85,3.91,0.17548696250014476,0.01648707500002347,0.9948637250008527,0.0,118393.52
0.2732766999979504,117874.38,3.91,0.17555618949962082,0.01649830099993851,0.9952716029977658,0.0,118341.44
0.27365180000197153,119284.28,3.92,0.17562558300036474,0.016509554000059146,0.9956804620021489,0.0,118341.44
0.2740254999953323,118211.42,3.91,0.17569471749913648,0.01652076499985997,0.9960877949949122,0.0,118211.42
0.2743975999765099,118341.44,3.91,0.17576355599565435,0.016531927999295298,0.9964933839743958,0.0,118211.42
0.2747816999908537,118497.78,3.91,0.17583461449830795,0.01654345099972561,0.9969120529900305,0.0,118211.42
0.2751559999887832,116770.25,3.9,0.1759038599979249,0.016554679999663494,0.9973200399877736,0.0,117874.38
0.27553039998747414,118523.85,3.91,0.17597312399768272,0.016565911999624223,0.9977281359863467,0.0,118211.42
0.2759005000116304,116923.33,3.9,0.17604159250215162,0.016577015000348912,0.9981315450126771,0.0,117926.14
0.27627520001260575,117461.67,3.9,0.17611091200233206,0.016588256000378172,0.9985399680137402,0.0,117461.67
0.27664739999454474,117461.67,3.9,0.1761797689989908,0.016599421999836342,0.9989456659940537,0.0,117461.67
0.27702139999018993,116566.6,3.9,0.17624895899818516,0.016610641999705696,0.9993533259893069,0.0,117461.67
0.27739349997136753,119310.62,3.92,0.176317797494703,0.016621804999141024,0.9997589149687905,0.0,117461.67
0.2777674999670126,117926.14,3.91,0.17638698749389733,0.016633024999010378,1.0001665749640436,0.0,117461.67
0.27814229996874934,117410.23,3.9,0.17645632549421864,0.01664426899906248,1.0005751069659368,0.0,117461.67
0.27852280001388874,117667.75,3.9,0.17652671800256942,0.01665568400041666,1.0009898520151386,0.0,117667.75
0.27893669996410614,117281.77,3.9,0.17660328949335966,0.016668100998923182,1.0014410029608756,0.0,117926.14
0.2793129999772646,118706.71,3.91,0.17667290499579397,0.016679389999317937,1.0018511699752184,0.0,117977.93
0.27968779997900134,117204.82,3.9,0.17674224299611527,0.016690633999370038,1.0022597019771113,0.0,117977.93
0.28007360000628984,117977.93,3.91,0.17681361600116363,0.0167,1.0026798560068244,0.0,118237.39
0.2804484000080266,118237.39,3.91,0.17688295400148493,0.0167,1.0030865140087089,0.0,118237.39
0.28081909997854393,118263.41,3.91,0.17695153349603063,0.0167,1.00348872347672,0.0,118237.39
0.2812303999671713,120345.74,3.92,0.17702762399392669,0.0167,1.0039349839643807,0.0,118263.41
0.2816080999909901,118759.03,3.91,0.17709749849833317,0.0167,1.0043447884902241,0.0,118263.41
0.28198430000338714,119021.19,3.91,0.17716709550062662,0.0167,1.0047529655036749,0.0,118549.96
0.28235629998380324,118081.62,3.91,0.1772359154970036,0.0167,1.0051565854824265,0.0,118549.96
0.2827715000021272,116744.75,3.9,0.17731272750039354,0.0167,1.0056070775023078,0.0,118549.96
0.28315069997916004,119231.59,3.92,0.17738287949614462,0.0167,1.0060185094773886,0.0,118759.03
0.283525099977851,118549.96,3.91,0.17745214349590244,0.0167,1.0064247334759682,0.0,118549.96
0.28390879998914903,118811.39,3.91,0.17752312799799258,0.0167,1.0068410479882266,0.0,118081.62
0.28428079996956523,117719.35,3.91,0.17759194799436956,0.0167,1.0072446679669782,0.0,117822.69
0.2846538999583573,117000.02,3.9,0.17766097149229612,0.0167,1.0076494814548176,0.0,117719.35
0.2850274000084028,119257.92,3.92,0.17773006900155452,0.0167,1.008054729009117,0.0,117822.69
0.2854018000070938,117102.34,3.9,0.17779933300131234,0.0167,1.0084609530076967,0.0,117719.35
0.2857720999745653,117822.69,3.91,0.17786783849529458,0.0167,1.0088627284724032,0.0,117307.46
0.28615369996987294,117307.46,3.9,0.1779384344944265,0.0167,1.009276764467312,0.0,117307.46
0.2866228999919259,116974.43,3.9,0.1780252364985063,0.0167,1.0097858464912395,0.0,117307.46
0.28701629996066924,118628.29,3.91,0.1780980154927238,0.0167,1.0102126854573261,0.0,117410.23
0.2873923999723048,117127.96,3.9,0.1781675939948764,0.0167,1.0106207539699505,0.0,117358.83
0.2877651999588125,117179.21,3.9,0.1782365619923803,0.0167,1.0110252419553114,0.0,117410.23
0.2881372999981978,118419.58,3.91,0.1783054004996666,0.0167,1.0114289704980446,0.0,117410.23
0.2885078999679536,117410.23,3.9,0.17837396149407142,0.0167,1.0118310714652297,0.0,117848.53
0.28887839999515574,118576.05,3.91,0.1784425039991038,0.0167,1.0122330639947439,0.0,118419.58
0.2892476000124589,117358.83,3.9,0.1785108060023049,0.0167,1.012633646013518,0.0,118237.39
0.28961629996774724,117848.53,3.91,0.17857901549403324,0.0167,1.0130336854650057,0.0,118237.39
0.2899865999934264,119866.24,3.92,0.1786475209987839,0.0167,1.0134354609928675,0.0,118237.39
0.29035540000768384,118942.45,3.91,0.1787157490014215,0.0167,1.013835609008337,0.0,117848.53
0.29072290001204243,119786.63,3.92,0.17878373650222784,0.0167,1.0142343465130659,0.0,117848.53
0.2910927999764682,118237.39,3.91,0.1788521679956466,0.0167,1.014635687974468,0.0,117590.4
0.2914644000120462,117153.57,3.9,0.17892091400222854,0.0167,1.01503887401307,0.0,117590.4
0.2918343999772333,117590.4,3.9,0.17898936399578816,0.0167,1.015440323975298,0.0,117590.4
0.2922020999831148,116236.87,3.89,0.17905738849687625,0.0167,1.0158392784816794,0.0,117513.11
0.2925692999851891,117513.11,3.9,0.17912532049726,0.0167,1.01623769048393,0.0,117513.11
0.29293870000401523,116312.82,3.89,0.1791936595007428,0.0167,1.0166384895043565,0.0,117513.11
0.29330719995778065,116795.73,3.9,0.17926183199218942,0.0167,1.017038311954192,0.0,117513.11
0.29367579997051513,118107.54,3.91,0.17933002299454529,0.0167,1.0174382429680089,0.0,117513.11
0.2940432999748737,117513.11,3.9,0.17939801049535162,0.0167,1.0178369804727379,0.0,117513.11
0.29441420000512164,119047.46,3.91,0.17946662700094748,0.0167,1.018239407005557,0.0,117513.11
0.2947824999573641,117616.16,3.9,0.17953476249211237,0.0167,1.01863901245374,0.0,117410.23
0.29515139997238304,117410.23,3.9,0.17960300899489084,0.0167,1.0190392689700356,0.0,117410.23
0.2955203999881633,118602.18,3.91,0.17967127399781022,0.0167,1.0194396339871572,0.0,117410.23
0.2958890000008979,116287.51,3.89,0.1797394650001661,0.0167,1.0198395650009742,0.0,117358.83
0.29626339999958884,116770.25,3.9,0.17980872899992392,0.0167,1.0202457889995538,0.0,117358.83
0.2966327999602073,117051.17,3.9,0.17987706799263833,0.0167,1.020646587956825,0.0,117051.17
0.2970037999912166,116135.7,3.89,0.17994570299837506,0.0167,1.02104912299047,0.0,116770.25
0.2973741999594495,117358.83,3.9,0.18001422699249814,0.0167,1.0214510069560028,0.0,116744.75
0.2977439999813215,116642.91,3.9,0.18008263999654447,0.0167,1.0218522399797338,0.0,116642.91
0.29811279999557894,117461.67,3.9,0.1801508679991821,0.0167,1.022252387995203,0.0,116642.91
0.29848309996305045,116744.75,3.9,0.18021937349316433,0.0167,1.0226541634599098,0.0,116135.7
0.2989165000035428,94857.42,3.71,0.1802995525006554,0.0167,1.023124402503844,0.0,95417.17
0.2992635999689811,94542.39,3.71,0.1803637659942615,0.0167,1.0235010059663445,0.0,95417.17
0.2996121000032873,94597.89,3.71,0.18042823850060813,0.0167,1.0238791285035667,0.0,95118.03
0.29998690000502404,95417.17,3.72,0.18049757650092943,0.0167,1.024285786505451,0.0,94857.42
0.3003448999952526,95118.03,3.71,0.18056035749916918,0.01670689799990505,1.0246586959950625,0.0,94857.42
0.3006970999995247,94708.98,3.71,0.1806219924999168,0.016713941999990493,1.0250249839995056,0.0,94708.98
0.3010495000053198,95529.69,3.72,0.18068366250093096,0.016720990000106396,1.0253914800055326,0.0,94708.98
0.3014026999589988,94690.46,3.71,0.18074547249282477,0.016728053999179975,1.0257588079573587,0.0,94708.98
0.3017531000077725,94857.42,3.71,0.18080679250136017,0.016735062000155447,1.0261232240080833,0.0,94857.42
0.30210259999148553,94542.39,3.71,0.18086795499850997,0.01674205199982971,1.026486703991145,0.0,94857.42
0.3024539999896661,94597.89,3.71,0.18092944999819155,0.01674907999979332,1.0268521599892526,0.0,94708.98
0.3028065999969841,95417.17,3.72,0.18099115499947221,0.01675613199993968,1.0272188639968634,0.0,94857.42
0.3031555999768899,94486.96,3.71,0.18105222999595572,0.016763111999537797,1.0275818239759653,0.0,94690.46
0.3035070999758319,95043.46,3.71,0.18111374249577056,0.01677014199951664,1.0279473839748652,0.0,94857.42
0.3038499999674969,94950.38,3.71,0.18117374999431193,0.016776999999349937,1.0283039999661967,0.0,94597.89
0.30419990001246344,94155.37,3.7,0.1812349825021811,0.016783998000249267,1.0286678960129618,0.0,94597.89
0.30455389997223403,95492.18,3.72,0.18129693249514095,0.016791077999444678,1.0290360559711234,0.0,94950.38
0.30490519996965315,94505.45,3.71,0.18135840999468927,0.016798103999393063,1.0294014079684393,0.0,94523.92
0.3052560999640264,95024.85,3.71,0.18141981749370462,0.016805121999280526,1.0297663439625875,0.0,94634.9
0.30560289998538803,94302.55,3.7,0.18148050749744288,0.01681205799970776,1.0301270159848035,0.0,94579.37
0.30595519999042164,93935.28,3.7,0.18154215999832377,0.016819103999808432,1.0304934079900385,0.0,94523.92
0.306306999991648,95118.03,3.71,0.18160372499853839,0.01682613999983296,1.0308592799913139,0.0,94579.37
0.3066545999608935,94523.92,3.71,0.18166455499315634,0.01683309199921787,1.0312207839593293,0.0,94523.92
0.30700410000281414,94634.9,3.71,0.18172571750049246,0.01684008200005628,1.0315842640029267,0.0,94579.37
0.3073549999971875,94579.37,3.71,0.1817871249995078,0.01684709999994375,1.031949199997075,0.0,94579.37
0.30770639999536803,94137.02,3.7,0.1818486199991894,0.01685412799990736,1.0323146559951826,0.0,94579.37
0.3080565999844112,95043.46,3.71,0.18190990499727194,0.016861131999688223,1.0326788639837876,0.0,94634.9
0.30840709997573873,94450.03,3.71,0.18197124249575428,0.016868141999514773,1.0330433839747681,0.0,94634.9
0.3159384999889881,94857.42,3.71,0.1832892374980729,0.017018769999779762,1.0408760399885475,0.0,94634.9
0.32829979999223735,94690.46,3.71,0.18536946699871917,0.017058501000038813,1.053109306992509,0.0,94634.9
0.3407854000106455,94247.33,3.7,0.1874256640017033,0.016996072999946772,1.065138276010007,0.0,94634.9
0.3530402999604122,95043.46,3.71,0.18938644799366597,0.016934798500197936,1.0766578819627874,0.0,94690.46
0.3652783000143246,94634.9,3.71,0.19131813650222032,0.017111132000572987,1.088108819013322,0.0,94634.9
0.37749049998819834,94987.6,3.71,0.19321102749817076,0.017599619999527936,1.0994661649890245,0.0,94634.9
0.3897918000002392,94560.89,3.71,0.1951177290000371,0.017748959000001195,1.110759497000219,0.0,94597.89
0.402040999964811,93971.92,3.7,0.19701635499454573,0.0178,1.1219675149678023,0.0,94560.89
0.4143655999796466,95155.35,3.71,0.19892666799684525,0.0178,1.1332445239813769,0.0,94597.89
0.4266465000109748,94063.58,3.7,0.20089667250181087,0.017899697500164624,1.1447141750104262,0.0,94560.89
0.4388277999823914,94597.89,3.71,0.2029065869970946,0.018082416999735874,1.156286409983272,0.0,94560.89
0.45093699998687964,94468.5,3.71,0.20495928999776955,0.01853747999947519,1.1683369999868796,0.0,94468.5
0.463079100009054,93880.39,3.7,0.20703884250158444,0.01891539550004527,1.1806022640094163,0.0,94394.69
0.47526839998317894,94931.78,3.71,0.2091719699970563,0.018976341999915894,1.1932791359825061,0.0,94413.12
0.4838785000029021,93916.99,3.7,0.21069813000052237,0.018922429999941957,1.2022530325030327,0.0,94394.69
0.49619239999447023,94653.41,3.71,0.21291463199900465,0.018676152000110594,1.2151210579942215,0.0,94413.12
0.5085018000099809,94394.69,3.7,0.21504530600169677,0.018812545000249523,1.2277293270101306,0.0,94394.69
0.520816800009925,93953.61,3.7,0.21713477200163764,0.0191163360001985,1.2401882120095777,0.0,94394.69
0.5330571999656969,94413.12,3.71,0.21915443799433998,0.019361143999313938,1.2520001979668975,0.0,94394.69
0.5453943999600598,94137.02,3.7,0.22113613199380924,0.0195,1.263689819963055,0.0,94357.82
0.5576717999647373,94634.9,3.71,0.22303912899453426,0.0195,1.275046414967382,0.0,94394.69
0.5700019999640064,94394.69,3.7,0.22500031999424103,0.019850069998740224,1.286651889965986,0.0,94394.69
0.5823317999602297,94173.77,3.7,0.22699640599323906,0.020234976999403447,1.2983851639610253,0.0,94357.82
0.594622900011018,94357.82,3.7,0.2290858930018731,0.020419343500165273,1.310430442010798,0.0,94394.69
0.6066162000061014,94173.77,3.7,0.23112475400103727,0.020466918999969493,1.3223162000061017,0.0,94394.69
0.6188359999796377,94838.84,3.71,0.23320211999653842,0.020405820000101813,1.334535999979638,0.0,94542.39
0.6309637000085787,94542.39,3.71,0.2352638290014584,0.02067409250021447,1.3467733370086648,0.0,94542.39
0.639573299966287,94063.58,3.7,0.2367274609942688,0.020889332499157174,1.35546903296595,0.0,94542.39
0.6518597999820487,95080.74,3.71,0.23887546499685855,0.02060350500044878,1.3679969959816898,0.0,94560.89
0.6641412999597379,94560.89,3.71,0.24100402099315546,0.020524238998792143,1.3804412999597382,0.0,94560.89
0.6764220999903047,94950.38,3.71,0.2430917569983518,0.020892662999709145,1.392722099990305,0.0,94820.28
0.6886737999739126,94820.28,3.71,0.2451311769956956,0.020956631000130437,1.404843692974304,0.0,94801.73
0.7009775000042283,94228.92,3.7,0.24716128750069769,0.020919550000084566,1.4169481750041015,0.0,94801.73
0.71334640000714,95323.55,3.71,0.24920215600117812,0.0211669280001428,1.4289460080069258,0.0,94820.28
0.7255546000087635,94155.37,3.7,0.2511887360014022,0.021466638000262904,1.4406213240082377,0.0,94801.73
0.7378100999630989,95155.35,3.71,0.2531496159940958,0.021834302998892965,1.452141493965313,0.0,94820.28
0.750022899999749,94801.73,3.71,0.2551036639999598,0.02210045799999498,1.4635714114997653,0.0,94801.73
0.7622580999741332,94339.39,3.7,0.2570612959958613,0.022266128500388,1.475067775975168,0.0,94801.73
0.774405999982264,94913.17,3.71,0.2590049599971622,0.02208391000026604,1.4867297599829734,0.0,94838.84
0.7866754999849946,94284.12,3.7,0.2610014574975241,0.022066754999849947,1.4985418574855198,0.0,94801.73
0.7988098000059837,94838.84,3.71,0.2630036170009873,0.022188098000059837,1.5102514570057743,0.0,94838.84
0.8074414000147955,94783.16,3.71,0.26442783100244127,0.022274414000147954,1.5185809510142776,0.0,94838.84
0.8198666999815033,94857.42,3.71,0.26647800549694806,0.02239866699981503,1.5305713654821507,0.0,94838.84
0.8323780999635347,95230.03,3.71,0.2686042769938009,0.022585671499453022,1.5428924284640817,0.0,94857.42
0.844435099978,94653.41,3.71,0.27067614249615,0.02267782450011,1.5550346794770102,0.0,94838.84
0.8567140999948607,95604.84,3.72,0.2728249674991006,0.022616429500025695,1.5678662344946295,0.0,94857.42
0.8689396000117996,95211.36,3.71,0.2750538260021829,0.02291288600041299,1.5810441640128616,0.0,94857.42
0.8812115999753588,94505.45,3.71,0.2773180879955646,0.023269710000616027,1.5943782379740037,0.0,94857.42
0.8934638999635355,94876.0,3.71,0.2795235019934364,0.02296340250091161,1.60730441446153,0.0,94783.16
0.9058271999820138,94579.37,3.71,0.2816614879970323,0.023091359999100693,1.6198815199824637,0.0,94690.46
0.9179625000106173,95604.84,3.72,0.2836638125017518,0.02369812500053087,1.631713437510352,0.0,94783.16
0.9301364999846558,94783.16,3.71,0.28557115749762163,0.023343857500690488,1.6428735324861135,0.0,94690.46
0.9422991999890657,94302.55,3.7,0.2874448799983599,0.02300346399950796,1.6538462879902684,0.0,94671.94
0.9544952000142077,94690.46,3.71,0.2892742800021312,0.02355228400063935,1.664700728012645,0.0,94690.46
0.9631268999655733,94155.37,3.7,0.2905846694946639,0.023784365500172135,1.6724454789686718,0.0,94671.94
0.9753680999856443,95642.44,3.72,0.2924820554977749,0.023723159500071776,1.6835849709869364,0.0,94690.46
0.9876381999929438,94671.94,3.71,0.29442211199887103,0.024005527999717752,1.6949799079933672,0.0,94671.94
0.9999633000115865,94523.92,3.71,0.29639412800185383,0.024498532000463463,1.7065655020108912,0.0,94523.92
1.0122206999803893,94820.28,3.71,0.29841641549676423,0.024805517499509735,1.7183318719811738,0.0,94523.92
1.0245163000072353,93953.61,3.7,0.3004451895011938,0.025022581500036178,1.7302711370071628,0.0,94228.92
1.0367975999834016,94820.28,3.71,0.30247160399726125,0.02508398799991701,1.7424296239835675,0.0,94523.92
1.0491005000076257,94045.25,3.7,0.3045925875013345,0.025236507500114386,1.7550190175078926,0.0,94302.55
1.0614315000129864,94063.58,3.7,0.3067719850024674,0.0254,1.767860335014155,0.0,94228.92
1.0736104999668896,94228.92,3.7,0.30908599499370903,0.0254,1.7811354449639099,0.0,94228.92
1.085803899972234,93479.18,3.7,0.3113737214948633,0.02525490250069415,1.7945133094693186,0.0,94228.92
1.09795889997622,94671.94,3.71,0.31362239649560075,0.024951027500594497,1.8079445844737232,0.0,94247.33
1.1101507999701423,94302.55,3.7,0.31582714399462564,0.025255277998954984,1.8210613559680524,0.0,94247.33
1.1187907999847084,94008.57,3.7,0.3173823439972475,0.0255576779994648,1.830306155983638,0.0,94302.55
1.1310916999937035,94671.94,3.71,0.3194855889989296,0.02504541500031482,1.8424144074938609,0.0,94671.94
1.1440197000047192,94247.33,3.7,0.3215828565006843,0.02500197000047193,1.8545971390041058,0.0,94671.94
1.15626139997039,95323.55,3.71,0.32335790299570655,0.026226139997039,1.8652474179742393,0.0,94671.94
1.168012899986934,95099.37,3.71,0.3250618704981054,0.02643974200026132,1.875310964988894,0.0,94727.53
1.1802494999719784,94727.53,3.71,0.32683742499579677,0.02620498999943957,1.8857220549750608,0.0,94727.53
1.1925792999682017,95099.37,3.71,0.32868689499523024,0.026451585999364036,1.8966955769716995,0.0,94746.06
1.2049559999722987,94394.69,3.7,0.3305929599955678,0.02667433999958448,1.9079090799742378,0.0,94746.06
1.217212199990172,95510.93,3.72,0.3325539519984275,0.02685818299985258,1.9193073459908598,0.0,95024.85
1.2294319999637082,94746.06,3.71,0.3345562799940119,0.02699431999963708,1.931049039964797,0.0,94746.06
1.2416127999895252,94339.39,3.7,0.33657417599821926,0.027091936000052372,1.9429127999895253,0.0,94727.53
1.2537322000134736,95024.85,3.71,0.3386344740022905,0.02703133899993263,1.9550322000134737,0.0,94727.53
1.2658964999718592,93971.92,3.7,0.3407318874950753,0.02714741249929648,1.9674323599707335,0.0,94653.41
1.2779926999937745,95192.69,3.71,0.3428487224989105,0.02744981749984436,1.9800124079935255,0.0,94727.53
1.2866926999995485,94579.37,3.71,0.34443814949991647,0.027600390499993226,1.9892946524995145,0.0,94727.53
1.299049199966248,94727.53,3.71,0.34672410199375586,0.027785737999493715,2.0025778899637166,0.0,94653.41
1.3113335999660194,94653.41,3.71,0.34894004799388345,0.0278,2.0157836199634707,0.0,94727.53
1.323644099989906,93935.28,3.7,0.3511377174982335,0.02778177950005047,2.0288352024896534,0.0,94653.41
1.3358714999631047,95454.67,3.72,0.3532775124935433,0.027720642500184474,2.0413682874621824,0.0,94727.53
1.3481539000058549,94764.62,3.71,0.35534539350096606,0.02810769500029274,2.05346851350565,0.0,94727.53
1.360451299988199,94486.96,3.71,0.3573722079981118,0.028688717500295027,2.065324221988907,0.0,94727.53
1.3726374999969266,95192.69,3.71,0.35932199999950826,0.028384062500076836,2.0767792499971107,0.0,94764.62
1.3849678999977186,94523.92,3.71,0.36127002449964635,0.02832419749994296,2.088270467997901,0.0,94876.0
1.3971739999833517,95680.06,3.72,0.36316196999741945,0.02862934999958379,2.0995000799846837,0.0,95174.01
1.409369600005448,95174.01,3.71,0.36505228800084444,0.02837206399980932,2.110485792004876,0.0,95155.35
1.4218469999614172,94597.89,3.71,0.3669770499942126,0.028129289997299193,2.1216622999652754,0.0,95155.35
1.4339114999747835,95174.01,3.71,0.3687867249962175,0.028973804998234834,2.132520349977305,0.0,95155.35
1.4426087999599986,94876.0,3.71,0.3701174079935997,0.029413043999799993,2.1404392279625983,0.0,94876.0
1.4547564999666065,95642.44,3.72,0.37206103999465706,0.029473782499833033,2.151797327468777,0.0,95080.74
1.4671959999832325,95155.35,3.71,0.37408733999723337,0.029643919999664654,2.163752079983568,0.0,94876.0
1.4798533999710344,94690.46,3.71,0.3761758109952207,0.02989706799942069,2.176156331971614,0.0,94690.46
1.4922230999800377,94468.5,3.71,0.37833904249650663,0.029838884500099812,2.1887675619796387,0.0,94727.53
1.5048859000089578,94155.37,3.7,0.38055503250156764,0.029946577000268742,2.2017813360093164,0.0,94690.46
1.5172232000040822,95080.74,3.71,0.3827140600007144,0.030316696000122472,2.2146121280042457,0.0,94690.46
1.5294629000127316,94413.12,3.71,0.38485600750222804,0.030305370999872683,2.227246787013114,0.0,94690.46
1.5424509000149556,94320.95,3.7,0.38711665300254244,0.030249018000299114,2.2405754090151055,0.0,94690.46
1.5538443999830633,94727.53,3.71,0.3890535479971208,0.030476887999661268,2.2520828439828944,0.0,94727.53
1.565850499959197,94173.77,3.7,0.3910945849930635,0.030687757499387954,2.264004237460217,0.0,94857.42
1.5775841000140645,95080.74,3.71,0.393089297002391,0.03086376150021097,2.275444497513713,0.0,95080.74
1.5899480999796651,94857.42,3.71,0.3951414364966448,0.031049221499694978,2.2874993974801736,0.0,95080.74
1.5990761999855747,95623.65,3.72,0.3966475729976198,0.03118614299978362,2.2963992949859353,0.0,95286.13
1.6113679999834858,95811.92,3.72,0.3986757199972752,0.03125683999991743,2.3084974799837337,0.0,95286.13
1.623580299958121,95286.13,3.71,0.4007086509928806,0.03146111349811545,2.32054449695854,0.0,95286.13
1.6359163000015542,96038.57,3.72,0.40280577100026427,0.03201623350006994,2.332757137001539,0.0,95323.55
1.6480974999722093,95435.91,3.72,0.40483608749541455,0.03187610000111162,2.344735549972765,0.0,95323.55
1.6602697999915108,95286.13,3.71,0.4068458659985568,0.03141348999957554,2.3566644039916804,0.0,95398.42
1.6726568999583833,95323.55,3.71,0.4089516729929252,0.03203284499791917,2.3688037619592155,0.0,95323.55
1.684843799972441,94653.41,3.71,0.41099922699545277,0.03225468600082677,2.3807711429728546,0.0,95286.13
1.6971118999645114,96247.05,3.72,0.41302346349414437,0.03188664300106466,2.392855221465044,0.0,95323.55
1.7094285999774,95024.85,3.71,0.415102861996158,0.03227142999887,2.404987170977739,0.0,95286.13
1.721419200010132,95398.42,3.71,0.4171341680016718,0.032792903999949344,2.416783720009879,0.0,95286.13
1.7329185999697074,95062.1,3.71,0.4190315689950017,0.03273540700015146,2.4279956349704648,0.0,95323.55
1.7451168000116013,94653.41,3.71,0.4210186880018562,0.03277675200017402,2.439786544011079,0.0,95398.42
1.7573025999590755,95417.17,3.72,0.4229684159934521,0.03295953899938613,2.4514239829609172,0.0,95417.17
1.7658982999855652,95248.73,3.71,0.42434372799769043,0.03308847449978348,2.4595149104865035,0.0,95398.42
1.779219199961517,95774.21,3.72,0.4264750719938427,0.03328828799942276,2.4719699519640184,0.0,95398.42
1.79152669996256,95717.71,3.72,0.4284442719940096,0.033415266999625604,2.483650364964432,0.0,95417.17
1.8039142999914475,95736.53,3.72,0.4304458594985888,0.03355871449987171,2.4955360139916185,0.0,95473.41
1.81612849998055,96380.07,3.72,0.43246120249679076,0.033741927499708245,2.507505929980939,0.0,95510.93
1.8283577999682163,95304.82,3.71,0.43452082599459674,0.034008944999205405,2.519616010968375,0.0,95717.71
1.8408994000055827,95286.13,3.71,0.43665739500097694,0.03428650899991626,2.5321083940056384,0.0,95736.53
1.8529726999695413,95510.93,3.72,0.4387702224946697,0.03410540950045688,2.544302426969237,0.0,95736.53
1.865275499993004,95473.41,3.72,0.44089683499881066,0.0341318874998251,2.556781009992864,0.0,96171.15
1.877415099996142,97261.03,3.73,0.44296056699934416,0.03443537749990355,2.569163401996065,0.0,96304.02
1.8893742999644016,96742.49,3.73,0.4450405024937703,0.034453128500177996,2.5812680429640458,0.0,96304.02
1.9013253999873996,97299.61,3.73,0.44711869099792095,0.03446626999936997,2.5933121459875257,0.0,96532.4
1.9134971000021324,96304.02,3.72,0.44912702150035183,0.03507485500010661,2.605362129002111,0.0,96627.81
1.9226848999969661,96171.15,3.72,0.4506430084994994,0.03535972650004551,2.6143775039970873,0.0,96627.81
1.9349262999603525,97338.19,3.73,0.45266283949345815,0.03517610550059472,2.6261292479619383,0.0,96685.14
1.9472477000090294,96532.4,3.73,0.4546596320014447,0.03524495400018059,2.637740361008397,0.0,96685.14
1.959600000001956,96685.14,3.73,0.456636000000313,0.035492000000039124,2.6492280000018193,0.0,96685.14
1.9717892999760804,96627.81,3.73,0.4584683949964121,0.0355589464998804,2.660269316478353,0.0,96627.81
1.9841076000011524,96456.21,3.73,0.46033667800017863,0.035641076000011526,2.6714584540010544,0.0,96627.81
1.9964391000103203,97997.87,3.74,0.46224806050159967,0.0357643910001032,2.6827417765094435,0.0,96685.14
2.008605799986981,96914.88,3.73,0.4642199569978519,0.036058173999609436,2.694132480987697,0.0,96685.14
2.0209373999969102,96934.05,3.73,0.46625467099949025,0.0364,2.7058280259969414,0.0,96704.24
2.033355599967763,96475.24,3.73,0.46830367399468087,0.0364,2.7181220439680853,0.0,96742.49
2.0452946000150405,96570.56,3.73,0.4703265550026321,0.03647941900022561,2.730206384015642,0.0,96857.37
2.057366299966816,97628.41,3.74,0.4724391024941928,0.03666049449950225,2.7427609519654887,0.0,96914.88
2.069086299976334,96704.24,3.73,0.47458096549562184,0.037063451999053365,2.755267772474559,0.0,96857.37
2.0810310000088066,96742.49,3.73,0.4767907350016292,0.037484534999867904,2.768128945009643,0.0,96742.49
2.0904921999899666,97222.47,3.73,0.47854105699814387,0.0373426170001505,2.7784889589890134,0.0,96704.24
2.102612799964845,96857.37,3.73,0.4807964319933206,0.03722612799964845,2.79177407996133,0.0,96704.24
2.1151013000053354,97550.89,3.74,0.4831692470010137,0.037351013000053356,2.8055114300058692,0.0,96742.49
2.1274366999859926,96399.07,3.72,0.4853642389976187,0.03732563300014007,2.818448250485783,0.0,96704.24
2.1396282999776304,96551.5,3.73,0.4874368109961972,0.03720371700022369,2.830822724477295,0.0,96608.72
2.1519196999724954,96608.72,3.73,0.4893475534957368,0.03737879549958743,2.8422257224745584,0.0,96608.72
2.1644338999758475,96456.21,3.73,0.4912650849963771,0.037544338999758474,2.8535574929789873,0.0,96608.72
2.176614600000903,97454.13,3.74,0.4930921900001355,0.03766614600000903,2.864154702000786,0.0,96608.72
2.1890836000093254,96133.25,3.72,0.4949171220013522,0.03788167200018651,2.8748664780079736,0.0,96551.5
2.201018999970984,96608.72,3.73,0.49665284999564757,0.03813566499898444,2.885086529974756,0.0,96551.5
2.2129929999937303,96876.53,3.73,0.4984489499990596,0.03855475499978057,2.8955039099945457,0.0,96456.21
2.2248478999827057,96456.21,3.73,0.5002514244973194,0.03887271849974059,2.9060600679840896,0.0,96456.21
2.236869399959687,97106.94,3.73,0.5021147569937515,0.03905304099939531,2.917119847962912,0.0,96133.25
2.2460122999618766,95981.84,3.72,0.5035920294937096,0.03906993850019062,2.9258018694632106,0.0,95981.84
2.2584754999843426,95586.06,3.72,0.5056484574974166,0.03900762250007828,2.9378288574848908,0.0,95849.64
2.270708399999421,95567.25,3.72,0.5077204279999016,0.03948187799997395,2.950115483999415,0.0,95586.06
2.283113699988462,95099.37,3.71,0.5098760344978654,0.03982215750028845,2.9628627959875384,0.0,95567.25
2.2952047999715433,95849.64,3.72,0.5121128879947355,0.03951988000071142,2.975921183969267,0.0,95567.25
2.3075778000056744,95024.85,3.71,0.5144397820010782,0.03947577800005674,2.9897008030064405,0.0,95454.67
2.3197901999810706,95342.25,3.71,0.5167601379964034,0.039597901999810704,3.003561876978515,0.0,95454.67
2.3320256000151858,95454.67,3.72,0.5190848640028852,0.03953987199992407,3.017268672017008,0.0,95454.67
2.34428309998475,94579.37,3.71,0.521370957997255,0.03952141549992375,3.0306758394840636,0.0,95342.25
2.3564945000107405,96247.05,3.72,0.5235690100019332,0.03958247250005371,3.0434367525112234,0.0,95454.67
2.368499099975452,95342.25,3.71,0.5255598559960722,0.039812477499386295,3.055046658477047,0.0,95454.67
2.3805134000140242,95906.25,3.72,0.5274770100021037,0.040102567000070116,3.0662517920123413,0.0,95604.84
2.3924831000040285,95623.65,3.72,0.5292724650006042,0.04016241550002014,3.076785128003545,0.0,95623.65
2.4044309000018984,95211.36,3.71,0.5310646350002847,0.040355081500066434,3.08732134650168,0.0,95623.65
2.4139299999806094,95981.84,3.72,0.5324894999970914,0.040687549999321324,3.0957280499828395,0.0,95623.65
2.426208399992902,95604.84,3.72,0.5343312599989353,0.04102416799985804,3.106687559993612,0.0,95604.84
2.43857359996764,95736.53,3.72,0.5361860399951459,0.04127147199935279,3.1178162399708755,0.0,95623.65
2.4507050999673083,95736.53,3.72,0.5381128159947692,0.04108589800065384,3.129109268469433,0.0,95604.84
2.4629625999950804,94008.57,3.7,0.5400888289991883,0.04097406499987701,3.1407033479951787,0.0,95492.18
2.4752649999572895,95155.35,3.71,0.5421187249929529,0.041281624998932245,3.152759699958144,0.0,95604.84
2.4869769999640994,94876.0,3.71,0.5441209749937175,0.041469769999641,3.1645165399633814,0.0,95604.84
2.4991570999845862,96019.66,3.72,0.5462524924973026,0.04159157099984586,3.176940241984278,0.0,95736.53
2.511372899985872,95492.18,3.72,0.548447121997457,0.04211178049936426,3.189684680485237,0.0,95736.53
2.5234773000120185,95174.01,3.71,0.5506085275021033,0.042221815999038494,3.2023511650126197,0.0,95774.21
2.5356621000100854,96589.65,3.73,0.552740867501765,0.04124703199919316,3.21514520501059,0.0,96000.74
2.5478467000066303,95774.21,3.72,0.5549124060011935,0.041056934000132606,3.2278213345068627,0.0,96019.66
2.5600654999725525,96475.24,3.73,0.557111134995334,0.04130360249849041,3.2404664824721414,0.0,96095.35
2.5686744999838993,96000.74,3.72,0.5585746649972629,0.04177709749911447,3.249204617483658,0.0,96095.35
2.5810668999911286,96953.25,3.73,0.5606760384985362,0.04246401399946771,3.2617348929913947,0.0,96190.1
2.593160899996292,98017.39,3.74,0.5626715484993882,0.043189653999777526,3.273466072996403,0.0,96475.24
2.6054472000105307,97010.84,3.73,0.564671552001685,0.04343658399968407,3.2851658960097936,0.0,96475.24
2.6177481999620795,96095.35,3.72,0.5666397119939327,0.04306755400113761,3.296605825964734,0.0,96953.25
2.6300505999824964,96038.57,3.72,0.5685075899973744,0.04254772300078766,3.307745539984247,0.0,97010.84
2.642335999989882,96190.1,3.72,0.5703620799984317,0.04217007999969647,3.3188491199906918,0.0,97706.03
2.6546710999682546,97706.03,3.74,0.5722740204950795,0.04254013299904764,3.3301974119707944,0.0,97744.85
2.6671644999878485,97744.85,3.74,0.574282142497995,0.0429507574995747,3.3419420974883955,0.0,97744.85
2.6791634999681264,98193.16,3.74,0.576261977494741,0.043370722498884434,3.353401142469561,0.0,97744.85
2.6915671000024304,98546.17,3.75,0.5783664070004132,0.043342164499987845,3.365651429002406,0.0,98193.16
2.7036662999889813,97744.85,3.74,0.5804232709981269,0.043593303999118496,3.377739625988761,0.0,98546.17
2.7157621000078507,99138.75,3.75,0.5824795570013347,0.044560968000628066,3.390077342008008,0.0,98644.56
2.7244191999780014,98644.56,3.75,0.5839733599961503,0.04487790400010999,3.3989738719772316,0.0,98960.41
2.7366772000095807,101030.57,3.77,0.5861185100016766,0.0448166139999521,3.4116609020099156,0.0,98980.21
2.7488883999758404,99676.66,3.76,0.588255469995772,0.044933325999637605,3.424255051975116,0.0,98980.21
2.7610864999587648,98960.41,3.75,0.59038470499299,0.04504024250226793,3.4367702024593836,0.0,99059.42
2.7733614000026137,99059.42,3.75,0.5924714380004443,0.04436512299985625,3.4488609790025744,0.0,99079.25
2.7857269999803975,98980.21,3.75,0.5945163199968636,0.04425771499911788,3.4608692849812797,0.0,99079.25
2.7979211999918334,99238.03,3.75,0.5964673919986934,0.04480645399963251,3.472514745992201,0.0,99238.03
2.810288999986369,98802.31,3.75,0.5985491299976827,0.044488440000545235,3.4845832199866416,0.0,99238.03
2.8225687000085604,99079.25,3.75,0.6006238355014124,0.044087156499957196,3.4966558565085175,0.0,99238.03
2.8349092999706045,100643.83,3.77,0.6026600344951497,0.04402545350014698,3.508934753470751,0.0,99616.68
2.8470871999743395,99616.68,3.76,0.6047048239956377,0.04456697599794715,3.520980891974724,0.0,99957.3
2.859270699962508,101316.98,3.77,0.6067760189936263,0.045541655997000614,3.53298163946307,0.0,100098.07
2.871501299960073,100786.06,3.77,0.6088552209932124,0.046175064998003654,3.545316312959674,0.0,100098.07
2.8837271999800578,100867.45,3.77,0.61095225999651,0.046637271999800584,3.557683107979759,0.0,100441.17
2.8959322999580763,100441.17,3.76,0.6130881524926634,0.046759322999580764,3.570071284457447,0.0,100542.41
2.9044749999884516,99957.3,3.76,0.6145607499980368,0.04666575000034646,3.578652624988509,0.0,100542.41
2.9167984999949113,100098.07,3.76,0.6166557449991349,0.046296045000152664,3.590914507494937,0.0,100786.06
2.9291126999887642,99337.46,3.75,0.6187035954981461,0.04588105550039326,3.603030445988989,0.0,100786.06
2.94138119998388,100826.73,3.77,0.6207278979973402,0.04556905999919398,3.6150328579844437,0.0,100643.83
2.953665599983651,100542.41,3.76,0.6227548239973024,0.04618327999918256,3.6268873039842235,0.0,100643.83
2.966034099983517,102079.83,3.78,0.6247654559973628,0.046349147500412066,3.6387323949843413,0.0,100826.73
2.9782911000074814,101872.78,3.78,0.6267265760011971,0.046042722499812956,3.650376545007108,0.0,101378.5
2.9906310999649577,102266.71,3.78,0.6286478204945685,0.0465315549982479,3.661833767467586,0.0,101378.5
3.002807300013956,100643.83,3.77,0.6305351315021632,0.04712632850062803,3.6730546430127,0.0,101378.5
3.015066599997226,101378.5,3.77,0.6324353229995701,0.04767799699987519,3.684210605997476,0.0,101378.5
3.027372899989132,101563.44,3.77,0.6343796639982611,0.04793686449994566,3.695519932489947,0.0,101378.5
3.0395557999727316,101542.88,3.77,0.636328927995637,0.04799777899986366,3.7067891149747765,0.0,100643.83
3.051790199999232,100380.5,3.76,0.6382864319998771,0.04782314700001152,3.7185185919992625,0.0,100623.53
3.0639638999709855,99776.75,3.76,0.6402936824949225,0.0477,3.7304035389706955,0.0,100380.5
3.076214500004425,100623.53,3.77,0.6424375375007744,0.0477,3.7427766450044695,0.0,100380.5
3.088406099996064,100380.5,3.76,0.6446130979992916,0.04765796950001968,3.755510465995828,0.0,100380.5
3.0969669999904,100340.07,3.76,0.6461540599982721,0.047615165000048004,3.764585019989824,0.0,100360.29
3.109213599993381,100360.29,3.76,0.6483584479988087,0.04741572800013238,3.7777506879928517,0.0,100340.07
3.1214926000102423,100057.82,3.76,0.6505686680018435,0.04725224100035848,3.7909597670107034,0.0,100340.07
3.133807700010948,101255.51,3.77,0.6527853860019707,0.04768326950038318,3.803829046511441,0.0,100340.07
3.1461084999609734,100218.95,3.76,0.6549384449933655,0.048297052497463286,3.816347414961364,0.0,100340.07
3.158482600003481,100340.07,3.76,0.6570420420005917,0.049101369000226255,3.828597774003446,0.0,100340.07
3.1708366000093524,99476.93,3.75,0.6589796730014497,0.0496334640003741,3.840178038008698,0.0,100299.67
3.1830454999580975,99656.65,3.76,0.6608720524935051,0.05,3.851410494962707,0.0,100259.3
3.195333599986043,101358.0,3.77,0.6627767079978366,0.05,3.8623469039875777,0.0,100279.5
3.207620200002566,100420.95,3.76,0.6646430300003848,0.04992379799997434,3.8733200790022964,0.0,100259.3
3.2198710999800824,100299.67,3.76,0.6664806649970124,0.04980128900019917,3.884284634482174,0.0,100259.3
3.232057099987287,100259.3,3.76,0.6683688504980295,0.04925743050057208,3.895492531988304,0.0,100259.3
3.2441999000147916,99636.67,3.76,0.6702929835024406,0.0489,3.906810904514126,0.0,100279.5
3.2564454000093974,100279.5,3.76,0.6723134910015507,0.0489,3.9185053570089745,0.0,100299.67
3.268621600000188,99397.2,3.75,0.6743225640000311,0.04924486400000753,3.930478492000187,0.0,100299.67
3.2772339999792166,99897.07,3.76,0.6757436099965707,0.04958935999916866,3.9390478299793203,0.0,100279.5
3.2895363999996334,101296.47,3.77,0.6779642339999321,0.050415229999972506,3.9519562659996095,0.0,100259.3
3.3018328999751247,101501.75,3.77,0.6802482509952736,0.051218328999751254,3.96515284797214,0.0,99937.2
3.314125599979888,100542.41,3.76,0.6825838639961787,0.051341255999798885,3.9789206719774746,0.0,100279.5
3.3263878999860026,100461.42,3.76,0.6849137009973405,0.05143193949993001,3.992750266484113,0.0,100461.42
3.338605400000233,99937.2,3.76,0.6872350260000444,0.05149302700000116,4.006617129000265,0.0,100461.42
3.3508938999730162,99099.07,3.75,0.689515371495008,0.05133659150040476,4.019965411970857,0.0,100461.42
3.363172499986831,99257.92,3.75,0.6917234624978271,0.05116827500013169,4.03289318748716,0.0,99937.2
3.3757631999906152,101358.0,3.77,0.6938009279984515,0.051042368000093846,4.04516911999085,0.0,99596.69
3.3879983999649994,100522.16,3.76,0.6956997599947499,0.05068006400140002,4.056418575968849,0.0,99257.92
3.4002690999768674,99218.17,3.75,0.6975390194966458,0.05021614599861203,4.067326043980568,0.0,99218.17
3.4123285000096075,99000.0,3.75,0.6992876325013931,0.05093971000057645,4.07745594000807,0.0,99099.07
3.4246499000000767,98017.39,3.74,0.7010509860000108,0.05144649900000077,4.087782666500064,0.0,99000.0
3.436915999976918,99596.69,3.76,0.7027682399967685,0.05156915999976918,4.098024859980726,0.0,98960.41
3.445907699991949,98881.32,3.75,0.7040861549987923,0.05207261599935589,4.105798775992914,0.0,98881.32
3.4583813999779522,98960.41,3.75,0.7059572099966929,0.053070511998236175,4.116775631980598,0.0,98881.32
3.4707324999617413,98822.04,3.75,0.7079171999938786,0.053039012500573884,4.1282885499640365,0.0,98822.04
3.4831143000046723,97803.16,3.74,0.7099294310007942,0.05302457200018688,4.140098728504648,0.0,98644.56
3.495188499975484,98881.32,3.75,0.7119820449958323,0.053507539999019346,4.152112557475607,0.0,98822.04
3.5075348999816924,97939.4,3.74,0.7141186074967961,0.05339860400073231,4.164698621481052,0.0,98822.04
3.5197222999995574,98173.61,3.74,0.7162514024999225,0.05291110800001772,4.1773125804995415,0.0,98822.04
3.532122000004165,98644.56,3.75,0.7185425700007705,0.05271816999993753,4.190691760004498,0.0,98822.04
3.544463599973824,98585.51,3.75,0.7208257659951574,0.05255536400026176,4.204065323971468,0.0,98881.32
3.5567309999605645,99596.69,3.76,0.7230952349927043,0.05243269000039436,4.217436789957015,0.0,98940.64
3.568612299975939,99218.17,3.75,0.7252502139956689,0.05257224599951878,4.230129037974495,0.0,99019.82
3.5807113999617286,99776.75,3.76,0.7274209379934938,0.05285335499712964,4.242911399961729,0.0,99138.75
3.5929217999801044,100077.92,3.76,0.7294967059966176,0.0537691349985078,4.255121799980104,0.0,99138.75
3.6046493999892846,98940.64,3.75,0.7314671509982319,0.054439481999678525,4.266663423989713,0.0,99138.75
3.6140898999874485,99138.75,3.75,0.7330248334979289,0.05472269699962345,4.27572630398795,0.0,99218.17
3.6261931000044574,99019.82,3.75,0.7349599305006909,0.05477613799991086,4.2871595830041445,0.0,99218.17
3.6386441999929957,100461.42,3.76,0.7368898509989142,0.0545271160001401,4.298739105993485,0.0,99776.75
3.65084710001247,98506.85,3.75,0.7387813005019328,0.05504235500062349,4.3097623900112225,0.0,99138.75
3.663272899982985,98980.21,3.75,0.7406909349974478,0.05520543900153136,4.3209128809848565,0.0,99019.82
3.675484700012021,101728.24,3.78,0.7425227050018031,0.05410637699891813,4.331781383010698,0.0,99019.82
3.6877313000150025,100158.48,3.76,0.7443983515023253,0.05416387800090012,4.342951452513877,0.0,99000.0
3.7001122999936342,101194.07,3.77,0.7463190909989178,0.05489943850003183,4.354410615493729,0.0,99000.0
3.7123295000055805,98291.04,3.74,0.7483960150009487,0.0548383524999721,4.366444557505496,0.0,99000.0
3.7245212999987416,98487.21,3.75,0.7504912274997798,0.055003458499943376,4.378656938998704,0.0,99756.73
3.736572899972088,99000.0,3.75,0.7526002574951154,0.055545780498743966,4.391070086971251,0.0,99917.14
3.7480923999683005,98389.05,3.74,0.7546566319942941,0.055780923999683006,4.4031374819665565,0.0,99917.14
3.7602959999931045,100138.34,3.76,0.7568517999987934,0.05590887999979314,4.416009319992795,0.0,99756.73
3.77243610000005,99917.14,3.76,0.7589763175000087,0.05627308300000149,4.428695724500052,0.0,99556.74
3.7810288000036962,99756.73,3.76,0.7604800400006467,0.05652057600007392,4.437644232003752,0.0,99556.74
3.7934546999749723,100279.5,3.76,0.7626545724956202,0.05676909399949945,4.450256520474597,0.0,99556.74
3.8057767999707726,100299.67,3.76,0.7647531719951776,0.05681334800043841,4.462503495971649,0.0,99556.74
3.8180474999826406,99556.74,3.76,0.7667778374971357,0.05662928750026039,4.474406074983161,0.0,99556.74
3.8309132999856956,98664.27,3.75,0.7687915614977828,0.05632716750035761,4.4864493689866976,0.0,98802.31
3.843378099962137,98056.39,3.74,0.7707404959939419,0.0562182334986748,4.4980754139644095,0.0,98664.27
3.8557546999654733,98802.31,3.75,0.7727207519944757,0.05665141449879156,4.509709417967545,0.0,98664.27
3.867849899979774,98075.92,3.74,0.7746952334966626,0.05656450300060679,4.521157404980785,0.0,98585.51
3.8801646999781947,98232.29,3.74,0.7767255284966201,0.056215646497928505,4.532852347479831,0.0,98232.29
3.8924957999843173,98585.51,3.75,0.7786368489975691,0.057387100998510125,4.544258614985493,0.0,98232.29
3.9046680000028573,98075.92,3.74,0.7805702200004715,0.058006639999942856,4.555657940002728,0.0,98232.29
3.9167460000026044,99099.07,3.75,0.7825630900004298,0.05776507999994791,4.567192430002486,0.0,98232.29
3.9289166000089604,98173.61,3.74,0.7846158220015232,0.058234996000537616,4.579394932009139,0.0,98232.29
3.9407274000113834,98232.29,3.74,0.7866309320020489,0.05885635599931702,4.591460133011895,0.0,98487.21
3.949869000003673,99178.45,3.75,0.7882764200006611,0.058307859999779624,4.6010131050038385,0.0,98487.21
3.9621780999586917,98193.16,3.74,0.7904811674927711,0.057776233498554215,4.613843442957452,0.0,98487.21
3.9745036999811414,99756.73,3.76,0.7926381474966997,0.05820762949933994,4.626538810980575,0.0,98980.21
3.98678649996873,98487.21,3.75,0.7946858399949968,0.058094607501407165,4.638748972469824,0.0,98980.21
3.999138100014534,98487.21,3.75,0.7966620960023254,0.05753878549934598,4.6506682665140255,0.0,99118.92
4.011234199977481,99118.92,3.75,0.7985413009965094,0.058005538998986625,4.661610779979733,0.0,99118.92
4.023528299992904,98980.21,3.75,0.8004468864989002,0.05843528299992904,4.672746035993471,0.0,99019.82
4.035824899969157,99736.69,3.76,0.8023528594952193,0.058558248999691566,4.684058907971624,0.0,99019.82
4.048178899975029,99676.66,3.76,0.8043495184958798,0.05909073399850171,4.695751743976027,0.0,99019.82
4.060533599986229,100138.34,3.76,0.8063907119976589,0.05980266799993114,4.707628263986366,0.0,99118.92
4.072560500004329,99019.82,3.75,0.8084352850007358,0.05986280250002164,4.719534895004285,0.0,99357.38
4.08457870001439,98389.05,3.74,0.8105012725025182,0.0600373610004317,4.7316160610148215,0.0,99516.82
4.096663200005423,98920.85,3.75,0.812616060000949,0.060399896000162684,4.744063096005585,0.0,99596.69
4.10863909998443,99876.99,3.76,0.8147550379971973,0.060240827000467116,4.756700641483417,0.0,99596.69
4.117704099975526,99357.38,3.75,0.8163867379955947,0.059968877000734215,4.766354866473935,0.0,99596.69
4.129989799985196,99516.82,3.75,0.8185482149974093,0.06019969399955588,4.77923934098453,0.0,99596.69
4.142344399995636,99596.69,3.76,0.8207102699992362,0.06034761400028368,4.792056121995614,0.0,99596.69
4.154693699965719,100279.5,3.76,0.8228713974940008,0.05954490950222827,4.804467168465547,0.0,99876.99
4.166829599998891,100481.65,3.76,0.8248927359998225,0.05971221999991683,4.816356415998936,0.0,99876.99
4.179356099979486,100420.95,3.76,0.8268969759967176,0.060651707498461424,4.8283818559803064,0.0,99676.66
4.1917184999911115,100684.42,3.77,0.8288749599985777,0.060641407500044445,4.839956797491689,0.0,99736.69
4.203746200015303,99437.06,3.75,0.8307993920024485,0.060731117000535594,4.851221428014385,0.0,99736.69
4.216248699987773,100340.07,3.76,0.8327997919980438,0.061168704499572055,4.862973777988507,0.0,100138.34
4.228298700007144,99536.78,3.76,0.8346862985011074,0.06117551949989283,4.874134804006573,0.0,99736.69
4.240623499965295,99676.66,3.76,0.8365997599944472,0.06102805749843827,4.885476737467898,0.0,99676.66
4.252639799960889,99736.69,3.76,0.8385223679937422,0.06156879099824,4.896591814963823,0.0,99676.66
4.264527799969073,98901.08,3.75,0.8404244479950518,0.06178680500077316,4.907678770970775,0.0,99536.78
4.2766087999916635,100138.34,3.76,0.8423574079986661,0.06148478000020842,4.919095315992122,0.0,99676.66
4.288700799981598,98743.12,3.75,0.8443356319969636,0.06174803199926391,4.93073977598215,0.0,99536.78
4.297996499983128,99238.03,3.75,0.8458694224972161,0.06211985999932513,4.939756604983635,0.0,99676.66
4.31024379999144,99977.39,3.76,0.8479414459985448,0.0621487810000428,4.952097456991312,0.0,99576.72
4.322616999968886,99476.93,3.75,0.8500841449942439,0.06223084999844431,4.96486561496593,0.0,99476.93
4.3349632999743335,100786.06,3.77,0.8523682104952517,0.06284816499871668,4.978384813471895,0.0,99576.72
4.3472612999612466,99099.07,3.75,0.854715953492443,0.06313630649980624,4.992141575456015,0.0,99576.72
4.359500799968373,100118.19,3.76,0.8571026559938326,0.06319750399984186,5.006033407964103,0.0,99977.39
4.37175049999496,99576.72,3.76,0.8593150899990927,0.06343500999989919,5.019231787494582,0.0,99977.39
4.384217599988915,99337.46,3.75,0.861495903998171,0.0633469440006651,5.032169983989303,0.0,99576.72
4.396311499993317,100786.06,3.77,0.8634913974988973,0.062621310000401,5.04384059749355,0.0,99576.72
4.408666400006041,102121.32,3.78,0.8653999600009061,0.06300664800042285,5.054939768005255,0.0,99337.46
4.420721200003754,100138.34,3.76,0.8672045740005444,0.06375672799977473,5.065420232003229,0.0,99337.46
4.432654100004584,98861.54,3.75,0.8689348445006646,0.063040753999725,5.075682526003941,0.0,98861.54
4.444786100008059,97667.21,3.74,0.8707179150012089,0.06293502700056414,5.086259629007173,0.0,98232.29
4.45693260000553,98232.29,3.74,0.8725398900008294,0.06378528200038709,5.097070014004921,0.0,98075.92
4.465975200000685,97764.28,3.74,0.8739261560001061,0.064,5.105267308000626,0.0,98075.92
4.4781666999915615,97861.5,3.74,0.8758158384986919,0.064,5.116422530492279,0.0,98075.92
4.490585699968506,97589.64,3.74,0.8778466404948033,0.06447635649858274,5.12815641497008,0.0,98075.92
4.502821600006428,96914.88,3.73,0.8798655640010605,0.06488589199996786,5.139879276006331,0.0,97861.5
4.515439699986018,98075.92,3.74,0.881947550497693,0.0648228015000699,5.152308104486227,0.0,97861.5
4.527475400012918,98154.07,3.74,0.8840455720023251,0.06521114700071046,5.164574416013434,0.0,97842.07
4.539787799993064,98349.83,3.74,0.8862618039987515,0.06588832899961854,5.1773793119927864,0.0,97861.5
4.552035100001376,98310.63,3.74,0.8885264935002545,0.06547877149995185,5.1907182590015,0.0,98075.92
4.564223499968649,97783.71,3.74,0.8908024649940433,0.06528446999937297,5.204130319964886,0.0,98154.07
4.576484399964102,97842.07,3.74,0.8931320359931794,0.06552968799928204,5.217862527959793,0.0,98232.29
4.588667200005148,96991.64,3.73,0.8954034320009523,0.06542665599989705,5.231203912005585,0.0,98291.04
4.600733899977058,99257.92,3.75,0.8976247629960997,0.06522568649919701,5.244241238976828,0.0,98310.63
4.612724800012074,98291.04,3.74,0.8996632160020526,0.06564536800042259,5.256352048012195,0.0,98310.63
4.6247879000147805,98232.29,3.74,0.901642124502291,0.0658042419997044,5.26805698901345,0.0,98291.04
4.633898500003853,98723.39,3.75,0.9030542675005971,0.06562202999992295,5.276347635003506,0.0,98585.51
4.646191900013946,99079.25,3.75,0.9048978255020221,0.06596439250104592,5.287194074511924,0.0,98585.51
4.6584405999747105,99636.67,3.76,0.906673886996333,0.06688304499810328,5.297666712978378,0.0,98605.18
4.670800099964254,98605.18,3.75,0.9084660144948168,0.06694599950017874,5.3082340854694365,0.0,98605.18
4.682950199989136,97958.88,3.74,0.9102425299983704,0.06691475099994568,5.31872567799033,0.0,98723.39
4.695137400005478,98585.51,3.75,0.9120706100008217,0.0669756870000274,5.3295722860048755,0.0,98940.64
4.70759199996246,98095.44,3.74,0.9140147199939936,0.0669620400001877,5.341074439964525,0.0,98940.64
4.720015999977477,99178.45,3.75,0.9160027199961711,0.0669005599992117,5.352815999977477,0.0,98940.64
4.73210719996132,99636.67,3.76,0.9180582239934243,0.06732375199864618,5.364907199961319,0.0,98940.64
4.743531199987046,98940.64,3.75,0.9200356159976684,0.06767062399974091,5.376543071986269,0.0,98960.41
4.755676299973857,99616.68,3.76,0.9222217339952943,0.06791352599947714,5.389416877972288,0.0,99178.45
4.767808899981901,98664.27,3.75,0.9244836909965612,0.06803904449990951,5.40266787897991,0.0,99178.45
4.780021299957298,99198.29,3.75,0.9268039404921,0.06809957400085405,5.416223216953454,0.0,99198.29
4.788560399960261,99636.67,3.76,0.9283836739926482,0.06792879200079478,5.4255308359566845,0.0,99616.68
4.801818499981891,98960.41,3.75,0.930818237496831,0.06780001749900402,5.439882147481257,0.0,99198.29
4.81417769996915,100319.89,3.76,0.9329810974946012,0.06847977349830325,5.4526739194680705,0.0,99616.68
4.826322700013407,98861.54,3.75,0.9350432455022121,0.06864193249966484,5.4648014055129375,0.0,99636.67
4.838806699961425,100948.96,3.77,0.9371031054936352,0.06832983250096437,5.4768484654627745,0.0,99856.94
4.85096979996888,100725.05,3.77,0.9390551679950208,0.06879364099859958,5.4883664609705916,0.0,99957.3
4.863136300002225,98881.32,3.75,0.9410018080003559,0.06909022949992215,5.499816759002069,0.0,100239.13
4.875598499958869,99957.3,3.76,0.942995759993419,0.06865405250143959,5.511406604961748,0.0,100319.89
4.887699599959888,99856.94,3.76,0.9448934379937826,0.06876948599859606,5.522506635963498,0.0,100239.13
4.900065099995118,100908.19,3.77,0.9468100904992431,0.06919869800009765,5.533759566495532,0.0,100239.13
4.91247049998492,100239.13,3.76,0.9487329274976626,0.0689505900003016,5.545110507486202,0.0,99957.3
4.924470899975859,100643.83,3.77,0.9506153439961373,0.06902354499879293,5.5562473549770655,0.0,99856.94
4.936661699961405,101255.51,3.77,0.9525658719938247,0.06963308499807025,5.567828614963334,0.0,99856.94
4.948585800011642,98467.55,3.74,0.9545595860019791,0.0702292900005821,5.579499942011525,0.0,98861.54
4.960556300007738,98861.54,3.75,0.9565973525013542,0.07080278150003869,5.59137298900797,0.0,98467.55
4.96981549996417,97822.6,3.74,0.9582177124937298,0.07084907749982085,5.600909964963095,0.0,97900.45
4.982163499982562,97900.45,3.74,0.9603786124969482,0.07083509500052315,5.613682492481602,0.0,97822.6
4.994416299974546,97783.71,3.74,0.9625228524955455,0.07046751100076364,5.6266091964731455,0.0,97822.6
5.007080400013365,97473.46,3.74,0.9647744720024056,0.07040620600020046,5.639828214013833,0.0,97822.6
5.018849699990825,97822.6,3.74,0.9668929459983483,0.07058274549986236,5.652009439490503,0.0,97822.6
5.031257700000425,97686.6,3.74,0.9689575205000701,0.07043113449999364,5.664232546000416,0.0,97822.6
5.043400299968198,97299.61,3.73,0.9709440479949117,0.07052101949793287,5.676030284969787,0.0,97783.71
5.05578469997272,98036.89,3.74,0.9729255519956351,0.07132600549822676,5.687795464974084,0.0,97783.71
5.067957999999635,97531.53,3.74,0.9749130699999398,0.0716,5.6993998899996505,0.0,97686.6
5.0802805999992415,98980.21,3.75,0.9769448959998787,0.07160561199998483,5.7111679729992755,0.0,97822.6
5.0924877999932505,98271.44,3.74,0.97889804799892,0.071849755999865,5.722825848993554,0.0,98017.39
5.104399300005753,97667.21,3.74,0.9808258845009491,0.07195600699994248,5.734201331505494,0.0,98017.39
5.1165032999706455,98017.39,3.74,0.9828230444951566,0.07183496700029354,5.745760651471967,0.0,98017.39
5.128231399983633,97686.6,3.74,0.9847170239973814,0.07208809899942716,5.75696098698437,0.0,97686.6
5.137780599994585,98173.61,3.74,0.9862448959991336,0.07242232099981046,5.766080472994829,0.0,97686.6
5.150123899977189,98193.16,3.74,0.988270443496236,0.07244938050011406,5.7780708024777585,0.0,97667.21
5.162296700000297,96456.21,3.73,0.990301922500052,0.07245741750000743,5.790065601000306,0.0,97357.5
5.174475000007078,97357.5,3.73,0.9924331250012386,0.07276187500017695,5.80260925000729,0.0,96589.65
5.186933099990711,96589.65,3.73,0.9946132924983743,0.0726920070002787,5.815406427490478,0.0,96456.21
5.19902960001491,96361.03,3.72,0.9967301800026093,0.0723291119995527,5.827805340015283,0.0,96361.03
5.211156699981075,96247.05,3.72,0.9987408554968773,0.07263470099943226,5.8397335659814535,0.0,96247.05
5.223746899981052,95981.84,3.72,1.0007995039969684,0.07295620349971578,5.8519220859821885,0.0,96209.1
5.237281700014137,96038.57,3.72,1.0029650720022618,0.07315922550021205,5.8646447980132885,0.0,96209.1
5.248163099982776,95192.69,3.71,1.004706095997244,0.07344489299948327,5.874750867484067,0.0,96038.57
5.260119899990968,96209.1,3.72,1.006619183998555,0.07379940050004516,5.885814504491375,0.0,96038.57
5.272122099995613,95868.5,3.72,1.0085395359992981,0.07373938950002194,5.897276605495811,0.0,96038.57
5.284277300001122,95680.06,3.72,1.0105271410001908,0.0739138650000561,5.90903452700111,0.0,96038.57
5.293305200000759,96475.24,3.73,1.0120618840001292,0.07436526000003796,5.917972148000752,0.0,96209.1
5.305579999985639,95868.5,3.72,1.0141485999975588,0.07456050000035902,5.930207899985567,0.0,96266.03
5.317848699982278,96838.2,3.73,1.0162342789969872,0.07425378250044305,5.942537943482189,0.0,96342.03
5.330069399962667,96876.53,3.73,1.0183621449934668,0.07440138799925335,5.955021134961735,0.0,96342.03
5.342541199992411,96342.03,3.72,1.020544709998672,0.0746,5.96785555399207,0.0,96342.03
5.354657499992754,96742.49,3.73,1.0226650624987321,0.0746,5.980517087492428,0.0,96342.03
5.366826199984644,96266.03,3.72,1.0248287159972358,0.07477065499961609,5.993165116984106,0.0,96266.03
5.378734499972779,97589.64,3.74,1.0269722099951002,0.07506836249931949,6.005490207471826,0.0,96342.03
5.391216399963014,95962.92,3.72,1.0291067879937124,0.07487567200073973,6.017960317963198,0.0,96342.03
5.403469499957282,96152.21,3.72,1.031155119993165,0.07487347499786409,6.03003071995899,0.0,96342.03
5.415898800012656,96095.35,3.72,1.033143808002025,0.07549494000063278,6.041962848012149,0.0,96437.15
5.42774949996965,96133.25,3.72,1.0350011724952957,0.07566125250015175,6.053029539972078,0.0,96266.03
5.439874999981839,97667.21,3.74,1.036880624997185,0.07560062500009081,6.064184999983292,0.0,96437.15
5.449045599962119,96589.65,3.73,1.0383020679941284,0.07587136799886357,6.0724410399659074,0.0,96152.21
5.461216399969999,96437.15,3.73,1.0401885419953498,0.07620608199985,6.083413005972549,0.0,96152.21
5.4737427000072785,96551.5,3.73,1.042130118501128,0.0762687135000364,6.09487457050666,0.0,96266.03
5.485934199998155,95925.13,3.72,1.0440494719997047,0.07632967099999077,6.106148476998275,0.0,96304.02
5.498148599988781,96819.05,3.73,1.046003775998205,0.0763907429999439,6.11756894098951,0.0,96437.15
5.510610800003633,95661.24,3.72,1.0479977280005812,0.07661221600007265,6.129433314003469,0.0,96437.15
5.522708699980285,95962.92,3.72,1.0499604789966486,0.07682708699980284,6.141081612980481,0.0,96304.02
5.535072900005616,96266.03,3.72,1.0520623930009547,0.07695072900005616,6.15332217100556,0.0,96304.02
5.5474290999700315,96304.02,3.72,1.0542372379946057,0.07696285450014984,6.1661119914680835,0.0,96266.03
5.559660799975973,97589.64,3.74,1.056438943995675,0.07690169600012013,6.17913875197441,0.0,96304.02
5.571628200006671,96685.14,3.73,1.0587093580012674,0.0775395510003669,6.192523584007471,0.0,96304.02
5.583592000009958,95698.87,3.72,1.0609824800018919,0.07796407999990042,6.205923040011153,0.0,96342.03
5.595658999984153,96342.03,3.72,1.0632752099969889,0.07784341000015847,6.21943807998225,0.0,96685.14
5.607724100002088,95944.03,3.72,1.0654903380003757,0.07787724100002087,6.232487546002213,0.0,97164.69
5.617016399977729,97628.41,3.74,1.0671629519959913,0.07797016399977728,6.242337383976392,0.0,97589.64
5.629169399966486,98271.44,3.74,1.0692129509944701,0.07777076500083786,6.254302623967826,0.0,97164.69
5.641599899972789,98154.07,3.74,1.0712319854960544,0.07756399599891153,6.266075913976598,0.0,97164.69
5.653629500011448,97686.6,3.74,1.07297627750166,0.0780451800004579,6.276421370009845,0.0,97222.47
5.665791300009005,97164.69,3.73,1.0747397385013058,0.07824208699990995,6.286822605007654,0.0,97222.47
5.678215299965814,98056.39,3.74,1.076541218495043,0.07811784700034187,6.297383004970941,0.0,97628.41
5.690400099963881,97068.48,3.73,1.0783600149945822,0.07830800199927762,6.308000087468395,0.0,97222.47
5.702669799968135,96742.49,3.73,1.080213818995061,0.07859344299888471,6.318829517971002,0.0,97164.69
5.714167199970689,97222.47,3.73,1.0819959159954569,0.07899585199897412,6.329292151973327,0.0,97068.48
5.72642259998247,95962.92,3.72,1.0839276159971953,0.0792642259998247,6.340701469983347,0.0,97068.48
5.738649400009308,97822.6,3.74,1.0858839040014894,0.07938649400009308,6.3523169300088425,0.0,97068.48
5.75075609999476,96704.24,3.73,1.0879285369991092,0.0798302439997904,6.3643023194947865,5.378049997380012e-05,97068.48
5.76299169997219,96513.35,3.73,1.0900385059949942,0.0802,6.37665624347066,0.0001,97010.84
5.771532699989621,97010.84,3.73,1.0915758859981317,0.0802,6.385666998489049,0.0001,97010.84
5.783748299989384,97706.03,3.74,1.0937934354980359,0.08018125850005307,6.3987418714882685,0.0001,96972.42
5.79626410000492,98349.83,3.74,1.0961088585009102,0.0801186794999754,6.412571830505436,0.0001,97010.84
5.808615499990992,98134.51,3.74,1.0983938674983336,0.08053077499954962,6.4261339724901365,0.0001,97010.84
5.821120799984784,96972.42,3.73,1.1006961399973372,0.08106637600045649,6.4397376119845555,0.0001,97415.46
5.833534199977294,96095.35,3.72,1.1028684849960264,0.08069397400068119,6.452337212976953,0.0001,97473.46
5.846244499960449,96456.21,3.73,1.1049991199936717,0.08068733499881346,6.464769829962822,0.0001,97473.46
5.85837219998939,97415.46,3.73,1.1069395519983023,0.08105116599968168,6.476169867990025,0.0001,97473.46
5.8708184999995865,97473.46,3.74,1.1088768674999359,0.08115409249999793,6.487707112499617,0.0001,97473.46
5.8829306999687105,98389.05,3.74,1.1107542584951502,0.08118534650015645,6.498866936971527,0.0001,97473.46
5.895020099997055,98369.43,3.74,1.1126281154995434,0.08112489950001472,6.50986829099732,0.0001,97550.89
5.907127499987837,97318.89,3.73,1.1145047624981146,0.08117127499987838,6.52092166248887,0.0001,97939.4
5.919155999959912,97997.87,3.74,1.1163691799937865,0.08129155999959913,6.5319277399633195,0.0001,97939.4
5.931140700005926,97939.4,3.74,1.118282512000948,0.0814671105000889,6.543005147505482,0.0001,97997.87
5.940549799997825,97550.89,3.74,1.119790716999641,0.08162474099990212,6.55173330599789,0.0001,98369.43
5.952880199998617,98920.85,3.75,1.1218252329997718,0.08217960899993777,6.563693793998659,0.0001,98369.43
5.965171899995767,97939.4,3.74,1.1238792229992802,0.08239656200008467,6.575797759495745,0.0001,97997.87
5.977554899989627,99000.0,3.75,1.1259843329982366,0.08214890200020747,6.5882426744895755,0.0001,98408.67
5.9896965000079945,98408.67,3.74,1.128096887501399,0.08248786000031977,6.600784360008314,0.0001,98408.67
6.001961799978744,99456.98,3.75,1.13024331499628,0.08290980899989372,6.613530462978001,0.0001,98408.67
6.01437829999486,98526.52,3.75,1.1324162024991005,0.0829718914999743,6.6263815404946795,0.0001,98408.67
6.026722799986601,97900.45,3.74,1.1345764899976551,0.083067227999866,6.6390236419864,0.0001,97939.4
6.038906599977054,99238.03,3.75,1.1367086549959844,0.08318906599977054,6.651390198976709,0.0001,97900.45
6.050818999996409,97473.46,3.74,1.1386851349994074,0.08336228499994613,6.663210809996444,0.0001,97842.07
6.063013400009368,97376.81,3.73,1.1407122780015926,0.08354520100014051,6.675222998009086,0.0001,97609.0
6.074911399977282,97241.74,3.73,1.1427349379961378,0.08372367099965922,6.686764057977963,0.0001,97609.0
6.086975499987602,96437.15,3.73,1.1447160799980163,0.08376512250006199,6.698466234987974,0.0001,97609.0
6.096070199972019,97842.07,3.74,1.1461712319955228,0.08371964900013991,6.707288093972858,0.0001,97609.0
6.10853979998501,97299.61,3.73,1.1482090669975267,0.0840415919994004,6.71938360598546,0.0001,97609.0
6.120800299977418,97609.0,3.74,1.150232049496274,0.08447599100067747,6.731268287978321,0.0001,97842.07
6.133159099961631,97900.45,3.74,1.152271251493669,0.08410522700115108,6.743132735963165,0.0001,97900.45
6.145264099992346,98271.44,3.74,1.1542422559987753,0.084189525499579,6.7547008949927285,0.0001,98271.44
6.15757629997097,99616.68,3.76,1.1562122079953552,0.08486669649840332,6.766397484972421,0.0001,98802.31
6.169951799965929,98940.64,3.75,1.1582420469943782,0.08485072300051107,6.778353245966951,0.0001,98940.64
6.182236799970269,98802.31,3.75,1.1602802559949457,0.08482302399836478,6.790336799970269,0.0001,99000.0
6.194454799988307,100340.07,3.76,1.162357315998012,0.08549501399935687,6.8025547999883065,0.0001,99616.68
6.2065227999701165,99856.94,3.76,1.1644088759949198,0.08557170200104593,6.814655413969967,0.0001,99696.66
6.218866899958812,101769.51,3.78,1.166507372992998,0.08513965850144158,6.827061234458606,0.0001,99856.94
6.230878899979871,100239.13,3.76,1.168549412996578,0.08564394499899354,6.838915716480173,0.0001,99856.94
6.242671000014525,99000.0,3.75,1.1705407150023965,0.08600651499949163,6.850464160013944,0.0001,99977.39
6.254750299965963,99696.66,3.76,1.1725337994943839,0.0855837395011913,6.862060287967324,0.0001,99977.39
6.266913099971134,100400.7,3.76,1.1744715304955258,0.08567652399884537,6.873529182973154,0.0001,99856.94
6.276670899998862,100522.16,3.76,1.1759839894998236,0.08606683599995449,6.882603936998942,0.0001,99696.66
6.288623999978881,99357.38,3.75,1.177879839996621,0.08624311999989441,6.893849679980043,0.0001,99696.66
6.300926199997775,99977.39,3.76,1.1798574539996218,0.08632778599993327,6.905516937997798,0.0001,99696.66
6.313324499991722,98901.08,3.75,1.1819651649985927,0.08669973499975167,6.917791254991806,0.0001,99696.66
6.325455199985299,97861.5,3.74,1.1840546599974273,0.08684544800014701,6.929964303985005,0.0001,99516.82
6.337770299986005,99516.82,3.75,1.186209802497551,0.08672229700013995,6.942525705985725,0.0001,99357.38
6.349904700007755,100037.71,3.76,1.1883333225013573,0.08694761750019388,6.954952317507949,0.0001,98901.08
6.362309699994513,99816.83,3.76,1.190492648999067,0.08717690300005487,6.967655893994403,0.0001,98232.29
6.374703000008594,98232.29,3.74,1.192599510001461,0.08705296999991405,6.980297060008766,0.0001,97997.87
6.386732299986761,97415.46,3.73,1.1946444909977494,0.08753858399894088,6.992432299986761,0.0001,97861.5
6.398766900005285,97997.87,3.74,1.1966903730008984,0.08850135200042275,7.004466900005284,0.0001,97512.16
6.410884200013243,96972.42,3.73,1.198695893002185,0.08805578999933787,7.016366516012978,0.0001,97415.46
6.422877000004519,96685.14,3.73,1.2006747050007456,0.08771508000018075,7.028033150004292,0.0001,97203.19
6.431980800000019,97512.16,3.74,1.2021768320000032,0.08807923200000077,7.036681760000018,0.0001,96972.42
6.444486599997617,96608.72,3.73,1.2041954229996306,0.08822053600009533,7.048427671997808,0.0001,96838.2
6.456604100007098,97203.19,3.73,1.2060736355011001,0.08773583599971607,7.05957577200653,0.0001,96838.2
6.468820500012953,96819.05,3.73,1.2079671775020075,0.08817333250084193,7.070638450011658,0.0001,96819.05
6.481187199999113,96494.28,3.73,1.2098840159998625,0.08889406400000445,7.081804095999175,0.0001,96819.05
6.493661299988162,96838.2,3.73,1.2118175014981651,0.08883169350005919,7.093405008988991,0.0001,96819.05
6.50575700000627,96266.03,3.72,1.2137499050010345,0.08900149500021944,7.104769150005956,0.0001,96799.89
6.518006399972364,97725.43,3.74,1.21577105599544,0.08943022399903273,7.116406079973745,0.0001,96799.89
6.530434699961916,96666.01,3.73,1.217821725493716,0.08944782650019041,7.128578179462487,0.0001,96666.01
6.5424264000030234,97222.47,3.73,1.2198246200005292,0.08948492400010581,7.140535588003159,0.0001,96494.28
6.554634400003124,96799.89,3.73,1.2219610200005466,0.08991220400010932,7.153292948003264,0.0001,96266.03
6.566739399975631,95830.76,3.72,1.22418048599537,0.08999890900036553,7.166347036973073,0.0001,96266.03
6.578699900011998,96266.03,3.72,1.2264529810022795,0.08981950149982004,7.179563389513257,0.0001,96266.03
6.590444199973717,95454.67,3.72,1.2286843979950062,0.09021776799894868,7.192645282970695,0.0001,96228.06
6.599986799992621,95623.65,3.72,1.2304974919985978,0.09059947199970482,7.203285281991771,0.0001,96228.06
6.612402300001122,96076.42,3.72,1.2327944255002075,0.08997988499994392,7.216818507001223,0.0001,96228.06
6.624560299969745,96228.06,3.72,1.2349752509948566,0.0898964194980334,7.229705902969442,0.0001,96228.06
6.6368667999631725,97299.61,3.73,1.2370673559937393,0.09069634199760618,7.242135467962804,0.0001,96266.03
6.649219299957622,95887.39,3.72,1.2390289914934314,0.09085390350021189,7.253689562961435,0.0001,96323.03
6.661268999974709,96838.2,3.73,1.2408840049963328,0.09083172499936773,7.264591339978249,0.0001,96342.03
6.673932700010482,96991.64,3.73,1.24272024150152,0.09114831750026205,7.275482122009015,0.0001,96342.03
6.685925800004043,96323.03,3.72,1.2444592410005861,0.09124074199995959,7.285707301003416,0.0001,96342.03
6.698455700010528,97434.8,3.74,1.2462760765015264,0.09111544299989473,7.296295066508896,0.0001,96342.03
6.710338299977593,96361.03,3.72,1.248050744996639,0.09161691499887965,7.306749395480169,0.0001,96342.03
6.72264069999801,96342.03,3.72,1.2499225119996817,0.09203398250004975,7.317755850998149,0.0001,96342.03
6.734531399968546,95604.84,3.72,1.2518250239949673,0.09173671500078635,7.328814201970747,0.0001,96323.03
6.746291899995413,95492.18,3.72,1.253738163499243,0.09197751399972476,7.339940223995596,0.0001,96323.03
6.755467300012242,96266.03,3.72,1.25525210450202,0.09252803800073453,7.348748608011753,0.0001,96342.03
6.766886600002181,96532.4,3.73,1.25713628900036,0.09273113399997819,7.359986600002181,0.0001,96342.03
6.779159099969547,96152.21,3.72,1.2591612514949753,0.09260840900030454,7.372259099969547,0.0001,96342.03
6.791370399994776,96076.42,3.72,1.2614035239990335,0.09299796399981715,7.3853231799943835,0.0001,96399.07
6.803738599992357,96456.21,3.73,1.2637103339985478,0.09326261400007642,7.398824617991363,0.0001,96456.21
6.815992199990433,97939.4,3.74,1.2660385179981821,0.09314007800009567,7.412671185989189,0.0001,96475.24
6.828594599966891,97183.94,3.73,1.2684329739937092,0.09331486499917228,7.42665405996358,0.0001,96475.24
6.840717799961568,97030.06,3.73,1.2707256149932744,0.09358923300057648,7.43994651196003,0.0001,96456.21
6.853048899967689,96399.07,3.72,1.2728835574943456,0.09340426650048467,7.4527708559663965,0.0001,96475.24
6.865404399984982,96475.24,3.73,1.274964703997597,0.09346213199954945,7.465134179985733,0.0001,96475.24
6.877599300001749,96838.2,3.73,1.27691588800028,0.09382797900005246,7.476719335001661,0.0001,96838.2
6.89003839995712,95962.92,3.72,1.2788559519933538,0.0940003839995712,7.488034559961409,0.0001,96627.81
6.902220399992075,96114.31,3.72,1.2807330599988112,0.09418881599968298,7.498987257992907,0.0001,96627.81
6.911029899958521,97087.72,3.73,1.2820544849937783,0.09454119599834084,7.506871760462876,0.0001,96627.81
6.923488000000361,96475.24,3.73,1.2839406400000561,0.09488255999999819,7.518056640000327,0.0001,96627.81
6.935755699989386,97183.94,3.73,1.2858421334983547,0.09482122150005307,7.529158908490394,0.0001,96838.2
6.948020699957851,96627.81,3.73,1.2877833119932562,0.09512082799831405,7.540499354460591,0.0001,97087.72
6.960462899995036,97473.46,3.74,1.2897763784991811,0.09558148400019854,7.55214206949526,0.0001,97183.94
6.972582899965346,97919.91,3.74,1.291776178494282,0.09509668400138617,7.563716669466905,0.0001,97357.5
6.984859599964693,95811.92,3.72,1.2938261319939977,0.0950672779980581,7.575683897964517,0.0001,97357.5
6.997216199990362,97880.99,3.74,1.2959267539983614,0.0957468909994699,7.588102280990314,0.0001,97376.81
7.009488200012129,97376.81,3.73,1.2980604350021225,0.0955679129995755,7.600815169012675,0.0001,97376.81
7.021834499959368,98408.67,3.74,1.3002302099926863,0.0952917249979684,7.613744569956929,0.0001,97473.46
7.033861699979752,97357.5,3.73,1.3023951059963554,0.0958930849989876,7.6264934019785375,0.0001,97376.81
7.045987899997272,97049.27,3.73,1.304577821999509,0.09628981849995907,7.639317234497121,0.0001,97357.5
7.057956799981184,98193.16,3.74,1.306732223996613,0.09646935199971776,7.651944423980149,0.0001,97357.5
7.069837999995798,96895.68,3.73,1.3088216499992644,0.09640162000004203,7.664134759995713,0.0001,97338.19
7.079159699962474,97744.85,3.74,1.310452947493433,0.09630840300037526,7.673642893961724,0.0001,97338.19
7.0914711999939755,97338.19,3.73,1.3124353919990361,0.09681620399972887,7.685454995994246,0.0001,97049.27
7.1037283999612555,96704.24,3.73,1.3143965439938008,0.09723728399961254,7.69710469596358,0.0001,96934.05
7.116087300004438,97338.19,3.73,1.31637396800071,0.09736087300004437,7.7087220620041705,0.0001,96934.05
7.128240799997002,96934.05,3.73,1.3183185279995202,0.09744120399998502,7.720105147997196,0.0001,96934.05
7.140565100009553,96475.24,3.73,1.3202875905014806,0.09751695300028658,7.731625543008883,0.0001,96991.64
7.153122399991844,96685.14,3.73,1.3222339719987357,0.09789367199975531,7.743303831992415,0.0001,96953.25
7.165208599995822,95962.92,3.72,1.3241333759993315,0.09804791400004179,7.754570040996093,0.0001,96953.25
7.17746099998476,98134.51,3.74,1.3260937599975615,0.0979253900001524,7.7660260349857495,0.0001,96991.64
7.189725400006864,97415.46,3.73,1.3281046910011325,0.0983862700003432,7.777736384006589,0.0001,96991.64
7.201637199963443,96991.64,3.73,1.3300783239937854,0.09887544200054836,7.789245385963261,0.0001,97318.89
7.213659800007008,96953.25,3.73,1.3321221660011913,0.09869510299989487,7.801328099007043,0.0001,97415.46
7.225723100011235,97318.89,3.73,1.3342015425019662,0.09874307750028088,7.813623408511629,0.0001,98134.51
7.237691599992103,99000.0,3.75,1.3362960299986182,0.09904228999980258,7.826010805991827,0.0001,99000.0
7.247074499959126,99019.82,3.75,1.3379380374928471,0.0989938825006131,7.835722107457696,0.0001,99019.82
7.259694700012915,100582.96,3.76,1.34014657250226,0.09880457949980628,7.848784014513366,0.0001,100138.34
7.2717491000075825,100138.34,3.76,1.342197347001289,0.09921121850026537,7.860849100007583,0.0001,100138.34
7.283741899998859,100299.67,3.76,1.3442174134998115,0.09948129050000572,7.87267351449891,0.0001,100138.34
7.295545000000857,100239.13,3.76,1.3461649250001413,0.09942227499999572,7.883945475000819,0.0001,100138.34
7.308064999990165,100380.5,3.76,1.3482307249983774,0.0994,7.896063374990412,0.0001,100138.34
7.320671199995559,100138.34,3.76,1.3503107479992673,0.09943355999977796,7.908361131995626,0.0001,100138.34
7.332816099980846,99536.78,3.76,1.3523146564968396,0.10004080499904229,7.920323858481133,0.0001,100138.34
7.345275799976662,99099.07,3.75,1.3543968859960323,0.10050551599953322,7.932623041976894,0.0001,99977.39
7.357652299979236,102641.98,3.78,1.35650089099647,0.10075304599958472,7.944875776979443,0.0001,99977.39
7.369647599989548,99977.39,3.76,1.3585400919982231,0.10075176200005226,7.956944075989443,0.0001,99977.39
7.381785499979741,99816.83,3.76,1.3606124624964548,0.10076249249929094,7.969212282479437,0.0001,99977.39
7.393779199977871,99937.2,3.76,1.3627113599961274,0.1011822719992255,7.98138588797754,0.0001,99977.39
7.405880799982697,99079.25,3.75,1.3647997359970585,0.10131178800025954,7.993610203982611,0.0001,100077.92
7.417786400008481,101440.09,3.77,1.3668236880014417,0.10113320399987279,8.005575332008522,0.0001,100077.92
7.427546099992467,101481.18,3.77,1.3684828369987192,0.10136411349973633,8.015270638992542,0.0001,99977.39
7.439697099965997,100077.92,3.76,1.3705485069942194,0.10178939849880989,8.027300128966337,0.0001,100077.92
7.451876999984961,100077.92,3.76,1.3725003199975938,0.1018,8.039001919985562,0.0001,100077.92
7.464192699990235,100178.65,3.76,1.3744708319984376,0.10188385399980471,8.050741137990821,0.0001,100138.34
7.476527799968608,99816.83,3.76,1.3764444479949773,0.10213055599937217,8.062336131970492,0.0001,100178.65
7.488749400014058,99397.2,3.75,1.378356157002179,0.10202501199971885,8.073605701012863,0.0001,100138.34
7.501159099978395,100138.34,3.76,1.3802796604966512,0.10184636399913576,8.084954780980338,0.0001,100077.92
7.513389899977483,101460.64,3.77,1.3821754344965098,0.10233559599909929,8.096084808979509,0.0001,100077.92
7.525711799971759,101687.03,3.77,1.3841138879954815,0.10279991299901156,8.107411973973736,0.0001,100138.34
7.538007199997082,100218.95,3.76,1.3860811519995333,0.10323025199989788,8.118846695997286,0.0001,100138.34
7.549913799972273,98565.85,3.75,1.3880357769954252,0.1033,8.130266816973243,0.0001,100218.95
7.5620081999804825,97531.53,3.74,1.390041393996682,0.10335020499951207,8.142008199980483,0.0001,100239.13
7.574116199975833,98644.56,3.75,1.3920997539958915,0.10365290499939582,8.154116199975833,0.0001,100704.75
7.586052900005598,100704.75,3.77,1.3941592575009794,0.10383026450002798,8.166325280505848,0.0001,100704.75
7.598300499957986,102017.67,3.78,1.3963025874926476,0.10389150249978993,8.179124022456094,0.0001,100704.75
7.607652799983043,101481.18,3.77,1.398015767996863,0.1041295839994913,8.189165023981687,0.0001,101481.18
7.619956400012597,100239.13,3.76,1.4002919340023305,0.10449869200037791,8.202452912013605,0.0001,102017.67
7.632111000013538,102537.53,3.78,1.4024799800024368,0.10474222000027075,8.21539821501442,0.0001,102266.71
7.644440300005954,102704.75,3.78,1.4046548510010122,0.10487779849997023,8.228218098505925,0.0001,102495.78
7.656780699966475,104314.07,3.8,1.4067527189943008,0.10481609650016763,8.240496796466642,0.0001,102537.53
7.669077800004743,102266.71,3.78,1.4087070590007351,0.10507233400014226,8.252096965004387,0.0001,102537.53
7.681343099975493,104292.64,3.8,1.4106081804962014,0.10542014649963238,8.263402074478066,0.0001,102537.53
7.693892799958121,105437.34,3.81,1.4125533839935087,0.10560839199937182,8.274634055962517,0.0001,102537.53
7.705858299974352,102495.78,3.78,1.4144080364960245,0.10590504049910232,8.28543105297666,0.0001,102495.78
7.718080499966163,104057.42,3.8,1.4163024774947555,0.10633281749881572,8.296553254969208,0.0001,102412.41
7.730346800002735,101112.26,3.77,1.4182554880004377,0.1061413299999316,8.308025992002571,0.0001,102266.71
7.7424708000035025,102142.05,3.78,1.420182974000543,0.10596177000008757,8.319397844003257,0.0001,102142.05
7.754446499980986,101296.47,3.77,1.422039207497053,0.10626116249952464,8.330535244982316,0.0001,102017.67
7.766044099989813,102412.41,3.78,1.423897276498319,0.10664176399959249,8.341502335990219,0.0001,101296.47
7.778226899972651,102017.67,3.78,1.4259074384954873,0.10712907599890603,8.353197823973746,0.0001,101194.07
7.790470300009474,101194.07,3.77,1.4280846540017054,0.1072,8.365893815009947,0.0001,101112.26
7.7989650999661535,98467.55,3.74,1.4296137179939077,0.1072,8.374813354964461,0.0001,100542.41
7.811259899986908,98901.08,3.75,1.4319393809975125,0.10742519799973817,8.388623686985206,0.0001,100017.59
7.8237860999652185,100017.59,3.76,1.4343382894932177,0.10765679149947828,8.40281615396035,0.0001,99656.65
7.836225199978799,100542.41,3.76,1.4367639139958657,0.10784337799968197,8.41699672797583,0.0001,98940.64
7.848596900003031,99656.65,3.76,1.4390904265005606,0.1077280619999394,8.430713605503318,0.0001,98940.64
7.861311199958436,98940.64,3.75,1.441422903992934,0.10751966799937654,8.44449808795885,0.0001,98940.64
7.873690699983854,98546.17,3.75,1.4435274189972553,0.1077053604997578,8.456753792984015,0.0001,99576.72
7.8861904999939725,98762.84,3.75,1.445528574999096,0.1078,8.468571449994576,0.0001,99616.68
7.8984062999952585,98822.04,3.75,1.4473609449992888,0.1078,8.479565669995733,0.0001,99616.68
7.910518099961337,99576.72,3.76,1.4491251244943937,0.10816813349864678,8.489940384967136,0.0001,99616.68
7.922554799995851,100562.69,3.76,1.4508576719994188,0.1085255479999585,8.500107709996575,0.0001,99616.68
7.934719300013967,99836.87,3.76,1.4525607020019553,0.10864719300013967,8.510143422511522,0.0001,99836.87
7.946704400004819,99616.68,3.76,1.4542721380006987,0.10890113200014456,8.520198740004096,0.0001,100319.89
7.958874800009653,101153.16,3.77,1.4560368460013997,0.10926624400028959,8.530543580008205,0.0001,100562.69
7.967990999983157,101687.03,3.77,1.4574386049973893,0.10945981999966314,8.538771809984672,0.0001,100562.69
7.980385800008662,101625.19,3.77,1.459361728001386,0.10971157400025988,8.550068439008273,0.0001,100562.69
7.9926840999978594,101831.48,3.78,1.4613294559996575,0.11008052299993579,8.561813315497956,0.0001,100319.89
8.004853399994317,100319.89,3.76,1.4633493449990056,0.11025146600005682,8.573726200994232,0.0001,100319.89
8.017139100003988,101358.0,3.77,1.465499342500698,0.11012860899996012,8.586196186504047,0.0001,100319.89
8.029462700011209,100118.19,3.76,1.4677505995020736,0.11038388100033629,8.59950897001233,0.0001,100118.19
8.041733099962585,98901.08,3.75,1.4700379544927042,0.11073466199925172,8.613067068457536,0.0001,98901.08
8.053984300000593,97299.61,3.73,1.4724269385001159,0.11097968600001189,8.626972180500674,0.0001,98802.31
8.066333799972199,97880.99,3.74,1.474771752994857,0.1111,8.64079884896928,0.0001,98232.29
8.078585500014015,98802.31,3.75,1.4770383175025927,0.1111,8.654336977515486,0.0001,97880.99
8.09067080001114,98232.29,3.74,1.4791140360018937,0.11131341600022279,8.666624154011195,0.0001,97299.61
8.102766999974847,96972.42,3.73,1.4811427199959755,0.11151383499987425,8.678600979976357,0.0001,97068.48
8.114590499957558,96666.01,3.73,1.4830344799932094,0.1115729524997878,8.689715069960105,0.0001,96991.64
8.126775799959432,96494.28,3.73,1.4849841279935094,0.11173551599918867,8.70103373596268,0.0001,96972.42
8.135822299984284,97068.48,3.73,1.4864315679974855,0.1119164459996857,8.709356515985542,0.0001,96972.42
8.148132000002079,96991.64,3.73,1.4883604600003224,0.112,8.720681440001913,0.0001,96799.89
8.161272600002121,96799.89,3.73,1.4903972530003287,0.11203181500005303,8.732770792001952,0.0001,96780.76
8.172788899973966,96247.05,3.72,1.4921822794959647,0.11231972249934916,8.74336578797605,0.0001,96666.01
8.18499849998625,95717.71,3.72,1.4941247524977312,0.11269993999945002,8.754748574986937,0.0001,96513.35
8.19725520000793,97570.27,3.74,1.4961471080013087,0.11319020800031725,8.766392440007534,0.0001,96780.76
8.209755899966694,96780.76,3.73,1.4982097234945047,0.11320244100033305,8.778707120466862,0.0001,96780.76
8.22188049997203,95887.39,3.72,1.5002290874951056,0.11320342749846175,8.790818109971472,0.0001,96780.76
8.234133199963253,96513.35,3.73,1.5023733099935697,0.11387732599797899,8.803315863962519,0.0001,96570.56
8.246345499996096,96494.28,3.73,1.504510462499317,0.11410481750005855,8.81577240999602,0.0001,96570.56
8.259931000007782,98056.39,3.74,1.5068879250013618,0.11390103499988327,8.829629620007939,0.0001,96780.76
8.270485599990934,97550.89,3.74,1.5086825519984588,0.11410971199981869,8.840290455990845,0.0001,96570.56
8.282464499992784,97164.69,3.73,1.5107189649987733,0.11433696749989176,8.852339854992858,0.0001,96513.35
8.294289999990724,96570.56,3.73,1.5127292999984232,0.11451434999986088,8.864047099990817,0.0001,96513.35
8.304067299992312,96095.35,3.72,1.5143711044987316,0.11455932700007687,8.873624944492581,0.0001,96494.28
8.315939799998887,97145.43,3.73,1.5163300669998165,0.11444060200001112,8.885081906998927,0.0001,96266.03
8.328102100000251,96266.03,3.72,1.518255825500039,0.11472408400001008,8.896534953000234,0.0001,96266.03
8.340595999965444,96228.06,3.72,1.520195359994471,0.1152,8.908160239967518,0.0001,96228.06
8.353050899982918,96057.48,3.72,1.522188143997267,0.1152,8.919867845983942,0.0001,96095.35
8.365398099995218,95174.01,3.71,1.5241906864992112,0.11533495249988047,8.931582175995409,0.0001,96057.48
8.37767239997629,96266.03,3.72,1.526215945996088,0.11564180999940729,8.94336550397724,0.0001,96057.48
8.38983369997004,95043.46,3.71,1.5282225604950568,0.11584750549955063,8.95513868897094,0.0001,95755.38
8.402100400009658,95567.25,3.72,1.5302465660015938,0.1160105020000483,8.967058392009466,0.0001,95755.38
8.414281199977268,95473.41,3.72,1.5322563979962491,0.11607140599988634,8.978995575977724,0.0001,95755.38
8.426132099993993,95755.38,3.72,1.5342424569989788,0.11631462349978974,8.990762760493963,0.0001,95755.38
8.438222499971744,97049.27,3.73,1.5362978249951964,0.11673778749901105,9.002913612471602,0.0001,96171.15
8.450242799997795,95510.93,3.72,1.5383924899996144,0.11674878600001101,9.015096441997763,0.0001,96171.15
8.459373299963772,96399.07,3.72,1.5399903274936604,0.11670313350018113,9.02436389946323,0.0001,96342.03
8.471746199997142,96608.72,3.73,1.5420968539995143,0.11711111699990001,9.036863661997115,0.0001,96342.03
8.48408699996071,96171.15,3.72,1.5441743549935172,0.11744086999960711,9.04916438996189,0.0001,96342.03
8.496352399990428,96876.53,3.73,1.5461981459984206,0.11756352399990429,9.061061827990716,0.0001,96399.07
8.508652299991809,96551.5,3.73,1.5481411064987305,0.11777304599983618,9.072603377492424,0.0001,96399.07
8.52098589995876,96342.03,3.72,1.5500626734931955,0.11802464749896899,9.084036604960822,0.0001,96551.5
8.533157699974254,96019.66,3.72,1.552071020495752,0.11832894249935635,9.095599814975541,0.0001,96551.5
8.545445399999153,95849.64,3.72,1.5540984909998603,0.11844554600000846,9.107463718999167,0.0001,96380.07
8.557771899970248,97376.81,3.73,1.5561323634950912,0.1183222810002975,9.119605321470695,0.0001,96380.07
8.570035199983977,96742.49,3.73,1.5582059839972762,0.11870140799935909,9.131835199983977,0.0001,96342.03
8.58202169998549,97106.94,3.73,1.5602436889975333,0.11911010849992744,9.143831808485416,0.0001,96342.03
8.593991499976255,96380.07,3.72,1.5622785549959632,0.11916995749988128,9.155861457476137,0.0001,96285.03
8.605965700000525,95849.64,3.72,1.564343997500092,0.1193193140000105,9.167985014000536,0.0001,96285.03
8.615329499996733,96266.03,3.72,1.5659826624994284,0.11950658999993467,9.177536089996668,0.0001,96380.07
8.627370900008827,95661.24,3.72,1.5680899075015449,0.11982112700026486,9.189965736009182,0.0001,96285.03
8.639593600004446,96513.35,3.73,1.5702288800007782,0.12018780800013341,9.202677344004623,0.0001,96266.03
8.651977600005921,96285.03,3.72,1.5723960800010364,0.11996044799988158,9.215436928006099,0.0001,96076.42
8.664230499998666,95586.06,3.72,1.57449803249978,0.11999037249993999,9.227824737498699,0.0001,95849.64
8.676624499959871,96513.35,3.73,1.5765430424933788,0.12054810249819421,9.239908887460874,0.0001,96076.42
8.688800300005823,95398.42,3.71,1.5785080480009317,0.12087600600011648,9.251340277505387,0.0001,96076.42
8.70139439997729,96076.42,3.72,1.5805091599965935,0.12109302800011355,9.262941015979788,0.0001,96076.42
8.713545400009025,95604.84,3.72,1.582331810001354,0.12103227299995487,9.273755406008034,0.0001,96076.42
8.725632699963171,95567.25,3.72,1.5841449049944758,0.12105632699963172,9.284428612467776,0.0001,96076.42
8.73761700000614,96190.1,3.72,1.5859425500009212,0.12117617000006141,9.294914875005373,0.0001,96190.1
8.749552799970843,96076.42,3.72,1.5877806839954807,0.12115223600014578,9.305788575973176,0.0001,96190.1
8.761462899972685,96780.76,3.73,1.589641378495493,0.1211585159989074,9.316819012973504,0.0001,96608.72
8.769764899974689,96819.05,3.73,1.5910112084958237,0.12149059599898757,9.324871952975448,0.0001,96608.72
8.781950299977325,96608.72,3.73,1.593041302496032,0.12194875749943314,9.336779554476985,0.0001,96608.72
8.794222500000615,97434.8,3.74,1.5951889375001078,0.12225556250001539,9.349235837500625,0.0001,96608.72
8.806614800007083,96646.92,3.73,1.5973575900012396,0.12256537000017709,9.361913244007296,0.0001,96608.72
8.818857199978083,97261.03,3.73,1.5995000099961647,0.12287142999945212,9.374522915977428,0.0001,96646.92
8.831193499965593,96437.15,3.73,1.6017148299938069,0.1230679024994839,9.387788979962842,0.0001,96608.72
8.843756999995094,96057.48,3.72,1.6039950449990923,0.12325635499992642,9.401395129994652,0.0001,96570.56
8.85604990000138,96209.1,3.72,1.6062692315002556,0.12344074850002072,9.414794391001506,0.0001,96437.15
8.868664500012528,95304.82,3.71,1.6085596100022552,0.12367329000025058,9.428154402513092,0.0001,96209.1
8.881081399973482,96666.01,3.73,1.6107784309956248,0.12391081399973483,9.441054364974145,0.0001,96209.1
8.893471899966244,96570.56,3.73,1.6128228634944304,0.12403471899966245,9.453135102467089,0.0001,96133.25
8.905245599977206,95604.84,3.72,1.6147130679964672,0.12420491199954416,9.464247267979372,0.0001,96095.35
8.917298699961975,96133.25,3.72,1.6165812984941061,0.12444597399923951,9.475155323465588,0.0001,96133.25
8.929237600008491,95473.41,3.72,1.6183856400012737,0.12486950400033967,9.4858676520076,0.0001,96095.35
8.938665099965874,96285.03,3.72,1.6197997649948812,0.12524660399863496,9.494305264469457,0.0001,96133.25
8.950883499986958,95736.53,3.72,1.6216869424979785,0.12497349500039125,9.505458402488067,0.0001,96095.35
8.963128299976233,96095.35,3.72,1.6235848864963163,0.12484077349893055,9.516662394478255,0.0001,95830.76
8.975538200000301,96266.03,3.72,1.625508421000047,0.1253992190000136,9.528017453000276,0.0001,96095.35
8.987874099984765,95567.25,3.72,1.6274598559975626,0.12567874099984766,9.539462283485756,0.0001,96095.35
9.000136899994686,96456.21,3.73,1.6294225884991231,0.12580410699984057,9.550934161994793,0.0001,96095.35
9.01227949996246,95755.38,3.72,1.631426117493806,0.1261683849988738,9.562833909963212,0.0001,96095.35
9.024669600010384,95830.76,3.72,1.6335405280018693,0.1264933920002077,9.575303080010903,0.0001,96266.03
9.036965999985112,96418.13,3.73,1.6357538799973204,0.12673931999970225,9.588214299984369,0.0001,96418.13
9.048955800011754,96095.35,3.72,1.6380016020022334,0.12688955800011756,9.601385717013107,0.0001,96456.21
9.061234199965838,98447.92,3.74,1.6403344979935095,0.1270061709998292,9.61507613296191,0.0001,96627.81
9.073171900003217,96838.2,3.73,1.6426026610006113,0.1270658595000161,9.628386668503587,0.0001,96838.2
9.085141399991699,97203.19,3.73,1.6448254519985057,0.12725424199975097,9.641372762991324,0.0001,97203.19
9.09451149997767,97454.13,3.74,1.6465120699959808,0.12753534499933014,9.651164517476666,0.0001,97434.8
9.106541499961168,96627.81,3.73,1.648546639993787,0.1275364625009708,9.663212547462527,0.0001,97434.8
9.118840600014664,97706.03,3.74,1.6505144960023463,0.1272289849996334,9.675081179014152,0.0001,97454.13
9.131294499966316,97434.8,3.74,1.6523941749949476,0.12742588999932633,9.686082687470527,0.0001,97454.13
9.14348119997885,98056.39,3.74,1.6542047739969334,0.12761740599989424,9.696676425981918,0.0001,97706.03
9.155767699994612,98036.89,3.74,1.6559863164992188,0.12767883849997308,9.707181383495394,0.0001,97861.5
9.167961900006048,97106.94,3.73,1.6577942850009073,0.12821752350039314,9.717766662505293,0.0001,97861.5
9.180410899978597,98960.41,3.75,1.6596636894966825,0.1289856185007491,9.728682136980096,0.0001,97958.88
9.192754499963485,97958.88,3.74,1.6615769474943403,0.128553592501278,9.740161684966042,0.0001,98036.89
9.20483659999445,97861.5,3.74,1.6634980389990845,0.12861437899963934,9.751591501994618,0.0001,98056.39
9.216889499977697,98349.83,3.74,1.66548676749632,0.12939781749855034,9.763282814978366,0.0001,98349.83
9.22877049999079,97492.82,3.74,1.6675348374983883,0.12964385249995394,9.775245909990605,0.0001,98960.41
9.240982899966184,98960.41,3.75,1.6696769219939134,0.1297540594981402,9.787741873964157,0.0001,98960.41
9.25284069997724,99397.2,3.75,1.6718113259959033,0.13040623849874822,9.800311141975875,0.0001,98901.08
9.262216000002809,99079.25,3.75,1.6735099600005197,0.1307556799999438,9.81028220000302,0.0001,98901.08
9.27439079998294,99218.17,3.75,1.6757622979968443,0.13051218400034117,9.823370109981662,0.0001,98901.08
9.286894199962262,99118.92,3.75,1.6780409559932072,0.13081365199773576,9.83674232295981,0.0001,98901.08
9.29894239996793,98901.08,3.75,1.6802096319942275,0.13153654399807582,9.849573655965846,0.0001,98960.41
9.311087400012184,98447.92,3.74,1.6823402950021324,0.13148912599987814,9.86206458501249,0.0001,98901.08
9.323602699965704,98861.54,3.75,1.6844944454943414,0.1315441079986282,9.874712632466563,0.0001,98861.54
9.335951899993232,97880.99,3.74,1.6865320634988834,0.13203807599972928,9.886753102493401,0.0001,98861.54
9.348180599976331,98683.96,3.75,1.688508895996213,0.13203638800047338,9.898512472977398,0.0001,98861.54
9.360334799974224,99576.72,3.76,1.6904552419957468,0.13181339199896897,9.910119733975385,0.0001,98861.54
9.372644699993545,98349.83,3.74,1.692486375498935,0.13230578799974183,9.921875688493836,0.0001,98861.54
9.384780699969268,97725.43,3.74,1.694464911995083,0.1326,9.933441664970806,0.0001,98861.54
9.396621699968819,98861.54,3.75,1.6963594719950112,0.1326,9.94469061497038,0.0001,98861.54
9.408797100011725,100441.17,3.76,1.6983075360018762,0.13317181150076218,9.956125288510965,0.0001,98861.54
9.420853599964177,102245.9,3.78,1.7002365759942684,0.1338957320001791,9.967406651966147,0.0001,99099.07
9.430185000004712,99099.07,3.75,1.701729600000754,0.13384907499997642,9.976224825004454,0.0001,98861.54
9.442528199986555,98703.68,3.75,1.7037171529977817,0.13390112799946222,9.987977635986825,0.0001,98861.54
9.454759299987929,99198.29,3.75,1.7057352844980083,0.13439037199951717,9.999964113988172,0.0001,98960.41
9.46701480000047,98447.92,3.74,1.70779251600008,0.13417911199997173,10.012184948000476,0.0001,99099.07
9.47924019995844,99596.69,3.76,1.709870833992935,0.1334455880024935,10.024532601958025,0.0001,99099.07
9.491594599967357,98154.07,3.74,1.7120290549942876,0.13421162199771502,10.03701054596703,0.0001,99099.07
9.503585800004656,98605.18,3.75,1.7141095860007916,0.13472828399990688,10.049121658004703,0.0001,98960.41
9.516175199998543,98960.41,3.75,1.7162497839997524,0.13447649600002914,10.061836951998528,0.0001,98960.41
9.527508899976965,100969.34,3.77,1.7181389684961994,0.13470035599907862,10.073058721977427,0.0001,98605.18
9.53992329997709,99596.69,3.76,1.72018734449622,0.13519693199908364,10.085224833977549,0.0001,98605.18
9.552064199990129,99099.07,3.75,1.7221905929983714,0.13550160499975325,10.096760989990624,0.0001,98154.07
9.564347899984568,97396.14,3.73,1.724217403497454,0.13580869749961422,10.10849572348511,0.0001,97396.14
9.576628799957689,97087.72,3.73,1.7262437519930187,0.1361157199989422,10.12034679195917,0.0001,97183.94
9.585781499976292,96914.88,3.73,1.7277539474960881,0.13614218500023706,10.129208054977003,0.0001,97087.72
9.598190599994268,97183.94,3.73,1.7298014489990543,0.13601809400005732,10.14124488199444,0.0001,97087.72
9.610445700003764,96247.05,3.72,1.731823540500621,0.1362611425000941,10.153184557503671,0.0001,97087.72
9.6226222999976,95118.03,3.71,1.7338326794996042,0.13655244599995203,10.165082965497636,0.0001,96914.88
9.635008699959144,94950.38,3.71,1.735876435493259,0.1368001739991829,10.177283569459759,0.0001,96895.68
9.647185200010426,96285.03,3.72,1.7379214840017725,0.1372233340004692,10.189457052010532,0.0001,96285.03
9.659617999976037,99476.93,3.75,1.7400350599959262,0.13778280999892167,10.202014179975798,0.0001,96285.03
9.671928600000685,98017.39,3.74,1.7421875050001199,0.13744214199997945,10.214507529000695,0.0001,96285.03
9.684185199963395,96895.68,3.73,1.7443114839937772,0.1374511119978037,10.226843347963761,0.0001,96456.21
9.696262300014496,95925.13,3.72,1.7463645910024646,0.1381757380008698,10.23879967701435,0.0001,96570.56
9.708255200006532,96057.48,3.72,1.7483621080010778,0.13819361999983668,10.250507544006336,0.0001,96570.56
9.720369999995457,96456.21,3.73,1.7503591999992734,0.1379203499997502,10.26224779999573,0.0001,96666.01
9.732532099995296,96799.89,3.73,1.7523051359992476,0.13858926549974138,10.27368017399558,0.0001,96570.56
9.744199600012509,96666.01,3.73,1.754150938001939,0.1390839920002502,10.284626626011697,0.0001,96456.21
9.753892200009432,96570.56,3.73,1.755653291001462,0.13927784400018864,10.29368920700882,0.0001,96228.06
9.765841999964323,95906.25,3.72,1.7575639299941133,0.13945841999964323,10.30500831996575,0.0001,96228.06
9.777308599965181,96742.49,3.73,1.759455918994255,0.13957308599965182,10.316016255966575,0.0001,96228.06
9.789506800007077,95379.7,3.71,1.761468622001168,0.13993273800024772,10.327964198006972,0.0001,96228.06
9.801843900000677,96228.06,3.72,1.7635134630001152,0.1403184390000068,10.340143900000678,0.0001,96019.66
9.814142799994443,95230.03,3.71,1.7656042759990556,0.14044142799994444,10.352442799994444,0.0001,95944.03
9.826674100011589,95510.93,3.72,1.7677679675020281,0.14066685250028976,10.365074211511764,0.0001,95906.25
9.838996600010432,96019.66,3.72,1.7699244050018257,0.1409749150002608,10.37758154901059,0.0001,95944.03
9.85133480001241,96475.24,3.73,1.7720835900021719,0.14128337000031024,10.390331518012845,0.0001,95944.03
9.863596500013957,95793.05,3.72,1.7742293875024426,0.14153596500013957,10.403004395014376,0.0001,96019.66
9.87612229998922,95944.03,3.72,1.7764214024981135,0.1416612229998922,10.415905968988897,0.0001,96019.66
9.8881270000129,95510.93,3.72,1.7784815900021933,0.14194381000038706,10.427986365012837,0.0001,96418.13
9.900121799961198,96418.13,3.73,1.780519487993792,0.142298173000582,10.439916927962752,0.0001,96475.24
9.909386100014672,96934.05,3.73,1.7820017760023477,0.14215920849977992,10.448810656014086,0.0001,96608.72
9.921766299987212,96608.72,3.73,1.783982607997954,0.14211480949916877,10.460616164488298,0.0001,96838.2
9.933875299990177,96838.2,3.73,1.7859200479984283,0.14290189449936155,10.471695899491012,0.0001,96838.2
9.94609290000517,97049.27,3.73,1.7878139350007753,0.14314767749987076,10.482722681004601,0.0001,96838.2
9.95858340000268,98506.85,3.75,1.7896875100004024,0.14283541499993296,10.493839226002388,0.0001,96838.2
9.970911799988244,97222.47,3.73,1.7915367699982367,0.1430182359997649,10.50492061998942,0.0001,96838.2
9.983148099971004,97049.27,3.73,1.7934036959953608,0.14323148099971003,10.516027732973035,0.0001,96646.92
9.99533090001205,96646.92,3.73,1.795352944001928,0.1433533090001205,10.527357737011208,0.0001,96646.92
10.007699200010393,95906.25,3.72,1.797370368001715,0.14359248000025981,10.539245216010185,0.0001,95906.25
10.019776100001764,95887.39,3.72,1.7993630565002912,0.1438944025000441,10.551080578001729,0.0001,95887.39
10.031830799998717,94247.33,3.7,1.8014703899997757,0.14419576999996794,10.563367415998693,0.0001,95417.17
10.044094200013204,94913.17,3.71,1.8036369560023768,0.14446141300019807,10.576080794014128,0.0001,95304.82
10.055849399999717,95304.82,3.71,1.8057528919999493,0.14463774099999577,10.588658857999699,0.0001,94913.17
10.064956899965182,94247.33,3.7,1.8074418109933847,0.14482392249912956,10.598626943461179,0.0001,94838.84
10.07725729997037,95417.17,3.72,1.8097788869943703,0.14513143249925925,10.612341889466961,0.0001,94727.53
10.089610199967865,94450.03,3.71,1.8121739889937336,0.14529610199967866,10.626259525963688,0.0001,94671.94
10.101858899986837,94671.94,3.71,1.8145346019976307,0.14544647249967094,10.640007611985784,0.0001,94671.94
10.11422789999051,94838.84,3.71,1.816761021998292,0.14575569749976278,10.65336613198975,0.0001,94671.94
10.12646699999459,94137.02,3.7,1.8188670549991077,0.1459,10.665905324994727,0.0001,94616.38
10.138754100014921,94727.53,3.71,1.8208944265024622,0.1459,10.67788524751455,0.0001,94671.94
10.151000200014096,94671.94,3.71,1.822695029002044,0.14628500700049338,10.688450170011981,0.0001,94671.94
10.163310899981296,94616.38,3.71,1.8244635259973814,0.14673243599925184,10.698831492484569,0.0001,94671.94
10.175457699981052,94579.37,3.71,1.8261640779973474,0.1472183079992421,10.708852602484368,0.0001,94727.53
10.187613199988844,94155.37,3.7,1.8279419799983267,0.1471716040003347,10.719185417990351,0.0001,94671.94
10.199661599996034,95454.67,3.72,1.8297492399994053,0.14681015200011896,10.72960728399657,0.0001,94727.53
10.21158619999187,94838.84,3.71,1.8315958609987402,0.14714758599975616,10.740385510992644,0.0001,94764.62
10.223694999993313,95006.21,3.71,1.8334911999989303,0.14738152500003343,10.751510249993649,0.0001,94838.84
10.232837299990932,94764.62,3.71,1.8349539679985494,0.14733581350004532,10.760195434991386,0.0001,95006.21
10.24518079997506,94505.45,3.71,1.8369807359957604,0.14750723199900242,10.772180799975061,0.0001,95379.7
10.25766979996115,95887.39,3.72,1.8391038659933954,0.14800679199844602,10.78466979996115,0.0001,95454.67
10.269859199994244,95586.06,3.72,1.841274655998964,0.14859295999971223,10.797401455993928,0.0001,95586.06
10.282011599978432,95379.7,3.71,1.84347214599601,0.14911005799989216,10.810312759976275,0.0001,95586.06
10.294433699978981,95925.13,3.72,1.8457702344961118,0.14917216849989492,10.82397706997688,0.0001,95586.06
10.306674899999052,95586.06,3.72,1.8480682309998202,0.1494002469999716,10.837475764498954,0.0001,95736.53
10.31888480001362,96038.57,3.72,1.8503881120025882,0.14976654400040865,10.850967704015051,0.0001,95887.39
10.331258699996397,95736.53,3.72,1.8525702724993696,0.14968741300003602,10.864021634996218,0.0001,95736.53
10.34343649999937,95379.7,3.71,1.8546670224998962,0.1496,10.876464674999403,0.0001,95925.13
10.355282799981069,96114.31,3.72,1.8566216619968765,0.1496,10.887718659982017,0.0001,96038.57
10.367342899960933,96114.31,3.72,1.8584647204943354,0.1497468579992187,10.898625037465818,0.0001,96114.31
10.379349399998318,96742.49,3.73,1.8602056629997563,0.14998698799996638,10.90913072499853,0.0001,96114.31
10.388472499966156,95680.06,3.72,1.8615708749949236,0.15008472499966158,10.916986349970895,0.0001,96114.31
10.40064499998698,97318.89,3.73,1.8633967499980473,0.1502322499993491,10.927477274988348,0.0001,96114.31
10.41296579997288,98075.92,3.74,1.8652448699959323,0.15084828999864405,10.938504390975728,0.0001,96114.31
10.425398499995936,96953.25,3.73,1.8671637599993498,0.15125398499995937,10.949820604996221,0.0001,96114.31
10.437695099972188,97434.8,3.74,1.8691312159955502,0.1513769509997219,10.961256442974136,0.0001,96589.65
10.450028799998108,95529.69,3.72,1.871154751999688,0.1520518719998771,10.973228223998147,0.0001,95849.64
10.462254699959884,95323.55,3.71,1.8731945724929797,0.15272254699959883,10.985299793959083,0.0001,95849.64
10.474651500000618,95510.93,3.72,1.8753640125001085,0.1528465150000062,10.997944530000632,0.0001,95849.64
10.48684199998388,95849.64,3.72,1.8774973499971792,0.1529342099999194,11.010618309982995,0.0001,95755.38
10.499125399976036,96589.65,3.73,1.8796469449958062,0.15299562699988017,11.023577296974718,0.0001,95755.38
10.511064799968153,95642.44,3.72,1.8818469879941084,0.15327661999920383,11.036284011966083,0.0001,95642.44
10.523168399988208,95755.38,3.72,1.8840544699979365,0.1533891060004127,11.049126819987618,0.0001,95642.44
10.535236799973065,96437.15,3.73,1.8861664399952864,0.1529667120009427,11.06179863997172,0.0001,95642.44
10.547098100010773,95586.06,3.72,1.8882421675018854,0.15319039550059257,11.073933590510828,0.0001,95642.44
10.5563761999947,96608.72,3.73,1.8898658349990727,0.15370069099970857,11.083258080994675,0.0001,95642.44
10.568919399986044,95379.7,3.71,1.8919271039977672,0.15398919399986044,11.095507220986532,0.0001,95586.06
10.58122579997871,95118.03,3.71,1.8938961279965936,0.15414290299925487,11.10735838097988,0.0001,95379.7
10.59333920001518,95062.1,3.71,1.8958342720024288,0.1545668720005313,11.118805544014345,0.0001,95155.35
10.605568700004369,94653.41,3.71,1.897818835500721,0.15496706100013108,11.130473795504216,0.0001,95155.35
10.61798879998969,95925.13,3.72,1.8998681519982987,0.1553396639996907,11.14245919199005,0.0001,95155.35
10.630263999977615,94857.42,3.71,1.9018935599963065,0.15529736000022384,11.154407399978174,0.0001,95155.35
10.642583400011063,95155.35,3.71,1.9039262610018255,0.1552775020003319,11.166367147010567,0.0001,95155.35
10.654801299970133,95006.21,3.71,1.905942214495072,0.155644038999104,11.178035241471477,0.0001,95417.17
10.667024099966511,96171.15,3.72,1.9079589764944744,0.15597560249916279,11.189778256467683,0.0001,95417.17
10.678942599974109,96608.72,3.73,1.909925528995728,0.15627356499935272,11.201279608975014,0.0001,95529.69
10.690918100008277,95417.17,3.72,1.9119014865013657,0.15657295250020695,11.213054328508154,0.0001,95529.69
10.702857299998868,96152.21,3.72,1.9138857409998078,0.15684285949998303,11.224857299998868,0.0001,96152.21
10.712332599970976,95529.69,3.72,1.915496541995066,0.15698498899956465,11.234332599970978,0.0001,96171.15
10.724411199975293,95304.82,3.71,1.9175499039958002,0.15714411199975292,11.246367087975543,0.0001,96171.15
10.736604299978353,96972.42,3.73,1.9196227309963203,0.15726604299978353,11.25843825697857,0.0001,96152.21
10.749097799998708,96361.03,3.72,1.921701136999787,0.15757293399996128,11.270624865998748,0.0001,96152.21
10.76134909997927,96247.05,3.72,1.923709110496787,0.1579134909997927,11.282454662980722,0.0001,96247.05
10.773618199978957,96838.2,3.73,1.9256108209967384,0.15803618199978958,11.29386492598043,0.0001,96247.05
10.78490349999629,95661.24,3.72,1.9273845599994066,0.15822258749990725,11.304409289996512,0.0001,96247.05
10.797107199963648,95811.92,3.72,1.9293371519941838,0.1585276799990912,11.31588076796583,0.0001,96304.02
10.80944380001165,96456.21,3.73,1.9313582270019225,0.1585055619998835,11.327618829011127,0.0001,96247.05
10.821720900014043,96304.02,3.72,1.9333839485023174,0.15845162700042134,11.339386482013763,0.0001,96247.05
10.833969499974044,96209.1,3.72,1.9354049674957172,0.15881908499922134,11.351390109974565,0.0001,96304.02
10.84626570000546,95849.64,3.72,1.9374651690009284,0.1590939855000819,11.363597028505488,0.0001,96209.1
10.858540999994148,96685.14,3.73,1.9395519699990051,0.1592781149999122,11.375933704994118,0.0001,96304.02
10.87067669996759,95755.38,3.72,1.9416684224943284,0.1594067669996759,11.388343617466779,0.0001,96456.21
10.880001899960916,96895.68,3.73,1.9433003324931606,0.1595000854982413,11.39790194745994,0.0001,96475.24
10.892319499980658,96646.92,3.73,1.9454559124966155,0.16005437749912968,11.410527487480175,0.0001,96475.24
10.904744400002528,95868.5,3.72,1.94760654800043,0.16049488800005057,11.423120678002517,0.0001,96475.24
10.916758199979084,96475.24,3.73,1.9496488939964443,0.16073516399958168,11.435074408979188,0.0001,96475.24
10.929040999966672,96953.25,3.73,1.951691764994501,0.16107122999900014,11.447114974967505,0.0001,96209.1
10.941254300007131,96838.2,3.73,1.9537006880011412,0.16138118549989303,11.458985313506739,0.0001,96209.1
10.953579799970612,96209.1,3.72,1.955672767995298,0.1611963030004408,11.47063291097223,0.0001,96209.1
10.965796299977228,95698.87,3.72,1.9575984264964705,0.16127388899931688,11.482003614479163,0.0001,96076.42
10.978112999990117,96057.48,3.72,1.9595075149984682,0.16164338999970354,11.493273394990958,0.0001,96209.1
10.990108800004236,95136.67,3.71,1.9613668640006567,0.16195272000010594,11.504350640003919,0.0001,96076.42
11.002183499978857,95755.38,3.72,1.9632602774965116,0.16227642249926,11.515585242479808,0.0001,96076.42
11.014201599988157,97126.2,3.73,1.965243263998046,0.1626970559995855,11.52706252798869,0.0001,96076.42
11.026287999993656,96076.42,3.72,1.9672689599989215,0.1630886399998097,11.53882511999372,0.0001,96076.42
11.03544269996928,97318.89,3.73,1.968825258994778,0.16336328099907843,11.547888272969589,0.0001,96152.21
11.047731700004078,95492.18,3.72,1.970953047500714,0.1634226829999592,11.560324992504182,0.0001,96228.06
11.0600376999937,96513.35,3.73,1.9731065974988977,0.16330226199962206,11.572939961993324,0.0001,96399.07
11.072270500008017,96399.07,3.72,1.975247337501403,0.16403623000048104,11.585906730008498,0.0001,96456.21
11.084569400001785,96228.06,3.72,1.9774453390003301,0.16461423500004463,11.599034952001928,0.0001,96399.07
11.096903099969497,96152.21,3.72,1.9797270734943568,0.16492257749923744,11.612355347967057,0.0001,96456.21
11.109181499981789,96456.21,3.73,1.981998577496631,0.16486227750027316,11.625661927480241,0.0001,96399.07
11.121467699995264,97512.16,3.74,1.9842568474991713,0.16473669249988165,11.63889705399517,0.0001,96456.21
11.133732599962968,96972.42,3.73,1.9864032049935196,0.16504331499907424,11.651407251962228,0.0001,96456.21
11.146016699960457,95887.39,3.72,1.988432588493871,0.16526016699960458,11.663425614463028,0.0001,96704.24
11.157973999972457,97010.84,3.73,1.9902859699957307,0.16537973999972455,11.674605689974248,0.0001,96934.05
11.17019319999963,95868.5,3.72,1.9921289799999446,0.16534903400000184,11.685470015999675,0.0001,96972.42
11.182232699997256,96934.05,3.73,1.9939349049995885,0.16537814449990396,11.696020121997641,0.0001,97010.84
11.191300000005869,96704.24,3.73,1.9952950000008804,0.16569550000020544,11.703818000005048,0.0001,97010.84
11.203659599996172,97628.41,3.74,1.997130641999445,0.16609148999990433,11.71448385199667,0.0001,97049.27
11.215966199990362,97203.19,3.73,1.9989150989986026,0.16639915499975907,11.725190593991616,0.0001,97068.48
11.228259299998172,97068.48,3.73,2.0007801914997168,0.16683037199992692,11.736174666498346,0.0001,97068.48
11.240576500014868,98114.99,3.74,2.0026951225024536,0.16728846999970262,11.747359205014423,0.0001,97203.19
11.25288729998283,98644.56,3.75,2.004726404497167,0.16704225400034337,11.759300680983346,0.0001,97454.13
11.265232999983708,97049.27,3.73,2.0068157749971487,0.167240144998941,11.7715638249833,0.0001,97454.13
11.278815099969506,97454.13,3.74,2.009192642494664,0.16812298149801794,11.785485477468745,0.0001,97454.13
11.289667800010648,96437.15,3.73,2.01118854300197,0.1685383730003727,11.797382919011767,0.0001,97628.41
11.30181699997047,97628.41,3.74,2.013454314994242,0.1689363399994094,11.810871379966336,0.0001,98114.99
11.313900000008289,97454.13,3.74,2.0158105000016167,0.1691780000001658,11.82464600000945,0.0001,98644.56
11.325921699986793,98762.84,3.75,2.018125122997491,0.16932960849993398,11.838143478485408,0.0001,98762.84
11.338076599990016,100441.17,3.76,2.020434553998103,0.16939038299995007,11.851574642988968,0.0001,98762.84
11.350066499959212,99437.06,3.75,2.022561637492862,0.16960132999918423,11.864118827457784,0.0001,98762.84
11.359349099977408,101419.56,3.77,2.0241860924960466,0.16978698199954817,11.873726318476617,0.0001,99178.45
11.371438600006513,100198.8,3.76,2.0261301760010424,0.16985719300003257,11.885152284006123,0.0001,99178.45
11.383581099973524,99178.45,3.75,2.028019259496161,0.17000743299920576,11.896315556976967,0.0001,99178.45
11.396130200009793,98683.96,3.75,2.0298388790014203,0.17038390600029385,11.907233274008522,0.0001,99178.45
11.408401299966501,98095.44,3.74,2.031618188495143,0.1705,11.917825117971192,0.0001,98762.84
11.42074039997533,99257.92,3.75,2.033414761996176,0.17053331799888985,11.92845155197829,0.0001,98762.84
11.432950299989896,98762.84,3.75,2.035307296498434,0.17108276349954535,11.939196263991109,0.0001,98762.84
11.445143399992956,98330.21,3.74,2.037197226998908,0.17145143399992957,11.950209078993414,0.0001,98683.96
11.457582900009584,98154.07,3.74,2.0391253495014854,0.17157582900009585,11.961840011508961,0.0001,98389.05
11.469860100012738,96418.13,3.73,2.0411762170021657,0.17209300500063698,11.973762898012485,0.0001,98389.05
11.482094399980268,101132.71,3.77,2.0432560479966457,0.17261047199990134,11.985846759979776,0.0001,98389.05
11.49392599996645,99876.99,3.76,2.0452674199942966,0.17266962999983224,11.997974149965613,0.0001,98389.05
11.505918400012888,98389.05,3.74,2.04736531200232,0.17296632800057996,12.010443912013598,0.0001,98389.05
11.518054199987091,98389.05,3.74,2.0495497559976763,0.17351243899941912,12.023247180986381,0.0001,98389.05
11.527366499998607,96418.13,3.73,2.0512259699997495,0.17356316750000697,12.033108489998524,0.0001,98389.05
11.539354400010781,98389.05,3.74,2.053383792001941,0.17350322799994608,12.045815664011428,0.0001,98565.85
11.551785099960398,99178.45,3.75,2.055621317992872,0.17391247849861396,12.058992205958024,0.0001,98565.85
11.564006000000516,98565.85,3.75,2.0578010500000907,0.17415993999999482,12.071846210000535,0.0001,98565.85
11.576409899978898,98822.04,3.75,2.059971732496307,0.174035901000211,12.08468424647816,0.0001,98703.68
11.588574399997015,97764.28,3.74,2.0620576479994925,0.17438584799986565,12.09676003999709,0.0001,98822.04
11.60094289999688,99257.92,3.75,2.064150863999501,0.17491885799993762,12.108786325997068,0.0001,98861.54
11.613218899990896,98703.68,3.75,2.0661150239985435,0.17516437799981793,12.120325765991442,0.0001,98861.54
11.625512400001753,98861.54,3.75,2.068054422000272,0.17557562000008772,12.131771408001613,0.0001,98822.04
11.637810499989428,99317.57,3.75,2.0699606274983613,0.17619052499947147,12.143085659990273,0.0001,98861.54
11.649944900011178,99257.92,3.75,2.0718414595017327,0.17610110199977644,12.154100134510117,0.0001,98861.54
11.661730799998622,99516.82,3.75,2.0736596199997934,0.17595192399995868,12.164775027998745,0.0001,99257.92
11.673774699971544,98743.12,3.75,2.0754662049957315,0.1763132409991463,12.175734976974105,0.0001,99257.92
11.685775699967053,98546.17,3.75,2.0773529904945636,0.17644224300032946,12.186858036468866,0.0001,99317.57
11.695048799971119,99596.69,3.76,2.0788830519952346,0.1763495120002888,12.195621115972708,0.0001,99516.82
11.707491100009065,98802.31,3.75,2.080973487001541,0.17674946600054398,12.207828555509112,0.0001,99516.82
11.719653800013477,99676.66,3.76,2.0830411460022913,0.17747922800080868,12.220052069013546,0.0001,99596.69
11.732080699992366,99636.67,3.76,2.0852141224986642,0.1775,12.232963927992062,0.0001,99596.69
11.74441659997683,99756.73,3.76,2.0873949879958293,0.17763249799930494,12.245837429975673,0.0001,99596.69
11.756671499984805,100239.13,3.76,2.089600869997265,0.17800014499954414,12.258705074984045,0.0001,99596.69
11.76878449996002,99496.87,3.75,2.0916933649932035,0.1781878449996002,12.27089665496042,0.0001,99516.82
11.780391499982217,99616.68,3.76,2.093662639997155,0.1783176174991998,12.282371924983106,0.0001,99516.82
11.792451499961317,99516.82,3.75,2.095592239993811,0.17886031749825929,12.293828924963252,0.0001,99496.87
11.8046610999736,99059.42,3.75,2.097569081495644,0.17915338900026398,12.305521266974393,0.0001,99417.11
11.816901399986818,99000.0,3.75,2.099588730997825,0.1790309860001318,12.317394357987215,0.0001,99257.92
11.828984299965668,97880.99,3.74,2.1016273309941638,0.17926952899897008,12.32938429996567,0.0001,99059.42
11.841167900012806,99257.92,3.75,2.103698543002177,0.17965839500064032,12.34157373951287,0.0001,99059.42
11.853371099976357,99417.11,3.75,2.1057730869959808,0.1802685549988179,12.353837955476239,0.0001,99059.42
11.862326700007545,98447.92,3.74,2.107295539001283,0.18061163350003773,12.362838333507582,0.0001,99059.42
11.874627999961376,98960.41,3.75,2.109386759993434,0.1806731399998069,12.375201139961183,0.0001,99000.0
11.886922699981369,97958.88,3.74,2.111476858996833,0.18066538650009314,12.38752269998137,0.0001,98960.41
11.899200599989852,99616.68,3.76,2.1135641019982754,0.18060399700005075,12.399800599989854,0.0001,98960.41
11.911533300008161,100279.5,3.76,2.1156029945013466,0.1813496645005305,12.411902634007998,0.0001,98447.92
11.923767199972644,99536.78,3.76,2.1176215879954863,0.18193767199972646,12.423854183973464,0.0001,98369.43
11.936262900009753,98369.43,3.74,2.1196833785016094,0.18206262900009754,12.435975013009461,0.0001,97958.88
11.948526699969081,96399.07,3.72,2.1217069054948983,0.18231316749922705,12.44778563197032,0.0001,97764.28
11.960687699960545,97376.81,3.73,2.1237100319936872,0.18257936900118366,12.459453314962518,0.0001,97396.14
11.972975299984682,97764.28,3.74,2.1256760479975494,0.1822107410004595,12.47112653498545,0.0001,97376.81
11.985038399987388,97396.14,3.73,2.127606143997982,0.1823274959991803,12.482460519988335,0.0001,96646.92
11.997546900005544,96627.81,3.73,2.129607504000887,0.18314054850036035,12.494030882505127,0.0001,96627.81
12.00957950000884,95567.25,3.72,2.1314848225013705,0.1833,12.505065242508088,0.0001,96399.07
12.018716599966865,96646.92,3.73,2.1329010729948643,0.1833,12.513425688969681,0.0001,96627.81
12.031087899988053,95529.69,3.72,2.1348740639980885,0.18390983449934298,12.52507806548871,0.0001,96627.81
12.043452300014904,95567.25,3.72,2.1368696295024594,0.18436547699985095,12.53690051551468,0.0001,96114.31
12.055507300014142,95962.92,3.72,2.1388587045023337,0.18424492699985856,12.548774690513932,0.0001,95962.92
12.067800299962983,96114.31,3.72,2.1409260509937074,0.18466801799777902,12.561000299962984,0.0001,95642.44
12.08023719995981,96723.37,3.73,2.1430415099929667,0.18539881400020095,12.573441943959008,0.0001,95962.92
12.092544200015254,97376.81,3.73,2.1451952350026695,0.18533727899992372,12.58599508401556,0.0001,95962.92
12.10461869998835,95623.65,3.72,2.1473313659979034,0.18543856099965053,12.598495821987653,0.0001,96114.31
12.117130199971145,95398.42,3.71,2.1495834359948063,0.1858139059991344,12.611758011969416,0.0001,96114.31
12.12938319996465,95642.44,3.72,2.1518358919934606,0.18604074799946976,12.625074603961293,0.0001,96723.37
12.141242199984845,96114.31,3.72,2.154023595997272,0.18623726599954538,12.637998098984163,0.0001,97338.19
12.15333110000938,97492.82,3.74,2.1561995980016886,0.1865999330002814,12.650630999509803,0.0001,97376.81
12.165311399963684,97338.19,3.73,2.1582498239941894,0.18669377200072632,12.662619272965681,0.0001,97454.13
12.17713799997,97454.13,3.74,2.1601420799952002,0.1864572400006,12.673795409971651,0.0001,97454.13
12.186674500000665,97454.13,3.74,2.1616011750001,0.18696733250005657,12.682406932500589,0.0001,97492.82
12.198861300013961,97783.71,3.74,2.1634291950020943,0.18800321050118676,12.693192250512357,0.0001,97783.71
12.21142599999439,98134.51,3.74,2.1653710299991307,0.18804287000002803,12.704597659994896,0.0001,98134.51
12.223567200009711,99099.07,3.75,2.167270752001554,0.18826754000072843,12.71575316800913,0.0001,98526.52
12.23589259997243,99977.39,3.76,2.1692428159955894,0.1891919449979324,12.727339043974085,0.0001,98841.81
12.247988599992823,99656.65,3.76,2.1711781759988518,0.18914051300032292,12.738789169993183,0.0001,98841.81
12.26040099997772,100461.42,3.76,2.173168169996212,0.18863007499832907,12.750596989977943,0.0001,99099.07
12.272716599982232,99158.61,3.75,2.1752618219969793,0.18955374499866742,12.762789433982409,0.0001,99158.61
12.28506159997778,98526.52,3.75,2.1774110879960005,0.1902012319995556,12.775339987976558,0.0001,99158.61
12.296986899978947,98841.81,3.75,2.1795576419962104,0.19043973799957895,12.78792117947779,0.0001,99158.61
12.309048299968708,97880.99,3.74,2.181773935494211,0.1905904829996871,12.800962646965894,0.0001,98841.81
12.321232799964491,99357.38,3.75,2.184021903993609,0.19073081999911232,12.814231423961653,0.0001,98841.81
12.333329999994021,99218.17,3.75,2.186199399998924,0.19103324999985055,12.827296399993545,0.0001,98841.81
12.34532909997506,98134.51,3.74,2.1883592379955106,0.19130658199950124,12.840068909473938,0.0001,98841.81
12.354492200014649,98075.92,3.74,2.1900085960026368,0.19148984400029298,12.849644349015309,0.0001,98841.81
12.366524799959734,97415.46,3.73,2.1920765919933562,0.191697871999396,12.86179430396054,0.0001,98526.52
12.379257699998561,100765.71,3.77,2.194177520499763,0.1918888654999784,12.874272545998592,0.0001,98940.64
12.391464799991809,98940.64,3.75,2.1960770439987307,0.19184267600004096,12.885490291992506,0.0001,98940.64
12.403726399992593,99000.0,3.75,2.197958959998889,0.19187452799985188,12.896523335993594,0.0001,98940.64
12.416236999968532,98526.52,3.75,2.19983554999528,0.19212473999937066,12.90734500497278,0.0001,99000.0
12.428405399958136,97473.46,3.74,2.201576755994139,0.19278837799706952,12.917744589964416,0.0001,99696.66
12.440696600009689,101872.78,3.78,2.2033079730015017,0.1935651699995155,12.928216491008575,0.0001,99756.73
12.452944699965885,100969.34,3.77,2.205206428494712,0.19295276500170572,12.939056059469808,0.0001,99696.66
12.465017799986526,99756.73,3.76,2.2071028479978443,0.19292615699912427,12.9500669099872,0.0001,99756.73
12.477029000001492,99696.66,3.76,2.209024640000239,0.19370688500009706,12.961477550001419,0.0001,99997.5
12.489063799963333,100279.5,3.76,2.21099552699395,0.19399063799963331,12.973091885964434,0.0001,99997.5
12.501231500005817,100786.06,3.77,2.213009355000989,0.19418620500040717,12.984943815005876,0.0001,100279.5
12.513152399973478,99536.78,3.76,2.2150359079954915,0.1950206679981435,12.996983923973213,0.0001,99997.5
12.522728400013877,99997.5,3.76,2.2167047540025675,0.19558185200041633,13.006833030014919,0.0001,99756.73
12.53486159996828,101378.5,3.77,2.218949395994132,0.19594584799904843,13.019876219965901,0.0001,99816.83
12.547000199963804,99456.98,3.75,2.221230037993123,0.1963800079985522,13.033240223959462,0.0001,99816.83
12.559474600013344,101153.16,3.77,2.2236001740025357,0.1968789840005338,13.047211552014947,0.0001,99536.78
12.571576899965292,99198.29,3.75,2.225841726493579,0.19649480850121476,13.060360936462342,0.0001,99456.98
12.58399139996618,99257.92,3.75,2.2280785379942505,0.19639956999830901,13.07349139996618,0.0001,99417.11
12.596178599982522,99816.83,3.76,2.230150361997029,0.19700892999912611,13.085678599982522,0.0001,99417.11
12.608578899991699,99218.17,3.75,2.2321726239986717,0.19728578899991697,13.097607060492155,0.0001,99257.92
12.620911700010764,99417.11,3.75,2.2341413135016683,0.19741823400021527,13.10923420550985,0.0001,99218.17
12.632938199967612,97803.16,3.74,2.23600542099498,0.19765876399935225,13.120238452970366,0.0001,99198.29
12.645097300002817,98467.55,3.74,2.237864595000423,0.19795291900008455,13.131236597002507,0.0001,98644.56
12.657028099987656,99596.69,3.76,2.2396542149981484,0.19831084299962967,13.141855008989014,0.0001,98467.55
12.66897549998248,97203.19,3.73,2.241491202497284,0.1988038974992116,13.15253307248432,0.0001,97958.88
12.680897499958519,98644.56,3.75,2.243343599993363,0.19931794999917038,13.163248137460801,0.0001,97803.16
12.690397200000007,97628.41,3.74,2.244863552000001,0.19950794400000013,13.172225354000007,0.0001,97725.43
12.702864599996246,97958.88,3.74,2.2468869819993618,0.19977161499990617,13.184164599996247,0.0001,97628.41
12.71500440000091,97725.43,3.74,2.248950748000155,0.20007511000002276,13.19630440000091,0.0001,97415.46
12.727361499972176,97415.46,3.73,2.2510514549952703,0.2002,13.20880872997162,0.0001,97203.19
12.739505600009581,97164.69,3.73,2.2531159520016293,0.2002,13.221195712009774,0.0001,97415.46
12.751867100014353,97164.69,3.73,2.2552767425025118,0.20091202600086122,13.233804442014641,0.0001,97415.46
12.76406419998966,96513.35,3.73,2.2574112349981905,0.2013593580001034,13.246245483989453,0.0001,97415.46
12.776418499997817,97126.2,3.73,2.2595732374996182,0.20123581500002183,13.258846869997774,0.0001,97415.46
12.788561599969398,96742.49,3.73,2.261655471994798,0.20154246399877596,13.27119002396894,0.0001,97415.46
12.799922099977266,97550.89,3.74,2.263586756996135,0.2019968839990907,13.282720931476925,0.0001,97550.89
12.81208519998472,98408.67,3.74,2.2656544839974027,0.20212085199984722,13.294764347984874,0.0001,98408.67
12.824354399985168,99417.11,3.75,2.267696703997627,0.2023959479993326,13.30673667998591,0.0001,99297.69
12.836922799993772,99937.2,3.76,2.2697076479990037,0.20296152599971976,13.318676659994084,0.0001,99417.11
12.845913900004234,99297.69,3.75,2.2711462240006774,0.20318870850006351,13.327159066003981,0.0001,99417.11
12.858482300012838,100118.19,3.76,2.2731571680020544,0.20337723450019257,13.33897336201207,0.0001,99417.11
12.870800199976657,100582.96,3.76,2.2751280319962652,0.20318399600046685,13.350606188977942,0.0001,99417.11
12.883002499991562,100765.71,3.77,2.2770803999986504,0.20319516249945163,13.362062299992237,0.0001,99417.11
12.89538599998923,100299.67,3.76,2.2790617599982768,0.20400008999930005,13.373455119990094,0.0001,99297.69
12.907552299962845,98585.51,3.75,2.280970606494241,0.20433776149981422,13.384761400465262,0.0001,99297.69
12.919827300007457,99238.03,3.75,2.282873231501156,0.20439913650003727,13.396238525506972,0.0001,99238.03
12.932209299993701,98881.32,3.75,2.2849755809989296,0.2050104649996851,13.408365113993828,0.0001,99158.61
12.94434220000403,98841.81,3.75,2.2870598850007053,0.20561711000020153,13.420494177004173,0.0001,98881.32
12.956679099996109,98762.84,3.75,2.289218842499319,0.20623395499980546,13.433262868495973,0.0001,98881.32
12.968800899980124,99696.66,3.76,2.291384161996423,0.20648800899980124,13.446116962978733,0.0001,98881.32
12.9807923999615,99158.61,3.75,2.293538669993263,0.20660396199980752,13.458912209960538,0.0001,99158.61
12.99288609996438,97842.07,3.74,2.2956550674937666,0.20666443049982192,13.47130825246349,0.0001,99019.82
13.0048034999636,98271.44,3.74,2.297668559994176,0.206724017499818,13.483187342465238,0.0001,99019.82
13.016778899997009,100501.92,3.76,2.2995846239995217,0.20678389449998505,13.494623849497144,0.0001,99019.82
13.02627279999433,99576.72,3.76,2.301103647999093,0.2070822759997449,13.503627795994642,0.0001,99019.82
13.038641999999527,100098.07,3.76,2.3030827199999244,0.20763888999997873,13.515316689999555,0.0001,99019.82
13.05091170000378,99019.82,3.75,2.305100430500624,0.20780911700003782,13.526966115003592,0.0001,99019.82
13.063324099988677,98075.92,3.74,2.307148476498132,0.20796648199977355,13.538807756489074,0.0001,99576.72
13.07542840001406,98546.17,3.75,2.30914568600232,0.2082085680002812,13.550488406013567,0.0001,99576.72
13.087822099972982,98644.56,3.75,2.311190646495542,0.20876932599837894,13.562643878973253,0.0001,99019.82
13.099973500007765,99816.83,3.76,2.3131956275012815,0.20949841000046593,13.574673765007688,0.0001,99019.82
13.112249300000256,99716.68,3.76,2.3153436275000447,0.2095,13.587378025500266,0.0001,98683.96
13.124566399957985,99716.68,3.76,2.3175219519924375,0.2097511519976892,13.600194719955885,0.0001,98644.56
13.136763399990741,98683.96,3.75,2.3197174119983335,0.21042198699949083,13.61300156999028,0.0001,98644.56
13.14876449998701,98173.61,3.74,2.321833787497727,0.21064382249993505,13.625383612486687,0.0001,98644.56
13.160830900014844,99178.45,3.75,2.3239370985024492,0.2107415450007422,13.637710127514474,0.0001,98173.61
13.172732900013216,97880.99,3.74,2.3259009285021808,0.2113366450006608,13.649314577512886,0.0001,97880.99
13.181811399990693,97744.85,3.74,2.327389823998511,0.2117,13.658093658991298,0.0001,97842.07
13.19429349998245,97842.07,3.74,2.329386959997192,0.2117,13.669764422483592,0.0001,97744.85
13.206545499968342,94302.55,3.7,2.331314552495093,0.21176545499968344,13.681056404971192,0.0001,95586.06
13.218888800009152,95548.49,3.72,2.333227764001419,0.21188888800009154,13.69228880800833,0.0001,95548.49
13.230979299987666,95586.06,3.72,2.33504689499815,0.2124489649993834,13.703016680489087,0.0001,95417.17
13.243396000005305,95118.03,3.71,2.336909400000796,0.21293396000005307,13.714056400004775,0.0001,95118.03
13.255542600003537,94968.98,3.71,2.3387313900005307,0.21305542600003538,13.724988340003183,0.0001,94968.98
13.267889100010507,94431.59,3.71,2.3407017015017337,0.21345500950047283,13.736455199509928,0.0001,94727.53
13.280460999987552,95417.17,3.72,2.342776064997946,0.2140184399995021,13.748360999987552,0.0001,94968.98
13.292490499967245,94542.39,3.71,2.3447609324945957,0.21449961999868983,13.760390499967246,0.0001,94931.78
13.304397900006732,94727.53,3.71,2.346769632501178,0.21484397900006733,13.772429837006936,0.0001,94727.53
13.316489199991338,94690.46,3.71,2.3488856099984843,0.2149648919999134,13.78488387599108,0.0001,94727.53
13.328704299987292,94302.55,3.7,2.3511102954976493,0.21534817199949172,13.797900643986276,0.0001,94727.53
13.340383099974133,95604.84,3.72,2.3532727889950853,0.215794253500388,13.810527156471158,0.0001,94857.42
13.349510199972428,94931.78,3.71,2.355006937994762,0.21565734700041356,13.820703872969258,0.0001,94857.42
13.362041199987289,94228.92,3.7,2.3573776219976486,0.21566329599898312,13.834614701986208,0.0001,94931.78
13.37438709998969,94857.42,3.71,2.359661613498093,0.21665096799917524,13.848010003488815,0.0001,94931.78
13.38678219995927,95267.42,3.71,2.3618529739930763,0.21696435600081457,13.860882199959272,0.0001,94931.78
13.39892000000691,95567.25,3.72,2.363916400001175,0.21672159999986176,13.873020000006912,0.0001,94931.78
13.41122720000567,95192.69,3.71,2.365840216000879,0.21720522400025513,13.884260616005133,0.0001,94913.17
13.422959399991669,95398.42,3.71,2.367629112998792,0.21765918799983336,13.894774677992752,0.0001,94913.17
13.435054400004447,94579.37,3.71,2.369382888000645,0.21790108800008892,13.905297328003869,0.0001,94913.17
13.44752809999045,93935.28,3.7,2.3712292149985674,0.218,13.916187087491643,0.0001,94913.17
13.460110699990764,94913.17,3.71,2.3731171584985686,0.21800608849949207,13.927200183491642,0.0001,94913.17
13.472398899961265,93715.95,3.7,2.375021829493996,0.21868193949786963,13.938321004464946,0.0001,94913.17
13.484260299999733,95006.21,3.71,2.3768816479999573,0.219036095500004,13.949268586499745,0.0001,94838.84
13.496335799980445,94820.28,3.71,2.3788137279968713,0.2188549630002933,13.960800688981324,0.0001,94838.84
13.505443100002594,94100.29,3.7,2.380352542500454,0.2191810170001816,13.96979753100262,0.0001,94913.17
13.51781359995948,96057.48,3.72,2.3825173799929087,0.22004695199716362,13.982291735959075,0.0001,94913.17
13.529984399967361,94968.98,3.71,2.3846472699942884,0.22059937599869447,13.995033541965567,0.0001,94838.84
13.54217809997499,94838.84,3.71,2.3868138389952485,0.22101089049987496,14.007985019472615,0.0001,94838.84
13.554501499980688,95043.46,3.71,2.389155284996331,0.22107250749990345,14.021479142478855,0.0001,94820.28
13.566847299982328,94913.17,3.71,2.391466750496731,0.2213396554993815,14.035032029980561,0.0001,94579.37
13.579230199975429,94579.37,3.71,2.3937575869954544,0.22177305699914002,14.048653219972971,0.0001,94597.89
13.591540599998552,92864.14,3.69,2.3959773079997393,0.22191540599998552,14.061675332998472,0.0001,94579.37
13.603916899999604,92918.16,3.69,2.3981462884999347,0.2221175069999881,14.074399392999617,0.0001,94063.58
13.615887699997984,93752.46,3.7,2.400121470499667,0.22247663099993953,14.086011068998046,0.0001,94063.58
13.627901099971496,93734.18,3.7,2.402024670495582,0.2226,14.097150495474205,0.0001,93770.71
13.640116299968213,94597.89,3.71,2.4039168634953914,0.2226058149984107,14.108201762472188,0.0001,93770.71
13.652037299994845,94063.58,3.7,2.4056454084992525,0.22320186499974226,14.11863263749549,0.0001,93770.71
13.661228799959645,94063.58,3.7,2.406990463993745,0.223655295998184,14.126687487964286,0.0001,93770.71
13.673340299981646,93770.71,3.7,2.408867746497155,0.22420031349917408,14.137406165483757,0.0001,93770.71
13.685659899958408,93442.85,3.7,2.410748984993761,0.22455659899958408,14.148422209462359,0.0001,93770.71
13.697938499972224,93843.81,3.7,2.412590774995834,0.22467938499972226,14.159534342474863,0.0001,93770.71
13.710281800013036,93843.81,3.7,2.414545088002086,0.22480281800013036,14.171013483012189,0.0001,93515.55
13.722571599995716,93515.55,3.7,2.4165243139992936,0.22502857999978584,14.182620167995802,0.0001,93461.02
13.734957000007853,93044.41,3.69,2.418567905001296,0.2256478500003927,14.194757860007698,0.0001,93442.85
13.747346799995285,92774.2,3.69,2.420685689999175,0.2263040739997407,14.207303937995121,0.0001,93297.67
13.759482599969488,93297.67,3.69,2.42280945499466,0.22697154299832184,14.219864490968419,0.0001,93297.67
13.771602799999528,93098.58,3.69,2.42510453199991,0.22723205599999055,14.233221093999479,0.0001,93297.67
13.783618799992837,93461.02,3.7,2.427387571998639,0.22745428199989257,14.24651686799205,0.0001,93297.67
13.795132800005376,92900.15,3.69,2.4295752320010218,0.22762699200008066,14.259297408005969,0.0001,93297.67
13.807264300005045,93062.46,3.69,2.431771252500883,0.2280632150002523,14.272291193505273,0.0001,93370.22
13.819416399986949,93661.25,3.7,2.4338978699977165,0.2286708199993475,14.284990137986364,0.0001,93406.53
13.828043499961497,93370.22,3.69,2.4353271774936474,0.22861956500038502,14.293402194962653,0.0001,93461.02
13.840292599983512,93770.71,3.7,2.437346815997362,0.22850877799950536,14.305273580984583,0.0001,93661.25
13.852837699989323,93880.39,3.7,2.439354031998292,0.2288851309996797,14.317003249490018,0.0001,93734.18
13.865293700015172,93406.53,3.69,2.441346992002428,0.22933821650068278,14.328623141014111,0.0001,93770.71
13.877706400002353,94597.89,3.71,2.4433330240003768,0.22989678800010593,14.340166952002189,0.0001,93770.71
13.890418800001498,93734.18,3.7,2.4453149140002326,0.23036465800005249,14.351833202001371,0.0001,93770.71
13.903004299965689,94045.25,3.7,2.447265666494682,0.23068497850017153,14.36331889146895,0.0001,93862.07
13.915016099985225,93862.07,3.7,2.44912749549771,0.23062491950007388,14.37418957048663,0.0001,93862.07
13.927330499980599,93770.71,3.7,2.4510362274969926,0.23085656749932096,14.38555401748186,0.0001,93862.07
13.93953729997156,94173.77,3.7,2.4529282814955917,0.23128380549900462,14.396967375473409,0.0001,94045.25
13.951589500007685,93551.94,3.7,2.4549702150013064,0.23153179000015373,14.40881565750757,0.0001,93862.07
13.96352669998305,94045.25,3.7,2.4570171724970336,0.23182343449940673,14.420732500982542,0.0001,93862.07
13.975634299975354,93825.53,3.7,2.459136002495687,0.23224720049913744,14.433203328974615,0.0001,93825.53
13.984739399980752,94063.58,3.7,2.460729394996632,0.23251848499951883,14.442628975979982,0.0001,93770.71
13.997124699992128,94431.59,3.71,2.4628968224986223,0.2328281174998032,14.455509687991814,0.0001,93551.94
14.00918079999974,92433.55,3.68,2.4650066399999546,0.2332213279999909,14.467910319999733,0.0001,93134.74
14.021589799958747,93134.74,3.69,2.467170265992987,0.2336238469993812,14.48057390195916,0.0001,92774.2
14.03386510000564,91775.5,3.68,2.469257067000959,0.2338079765000846,14.492726449005584,0.0001,92774.2
14.046079599997029,92112.57,3.68,2.471272735999525,0.23417358199986635,14.504666813997133,0.0001,92648.48
14.058274500013795,92648.48,3.69,2.4732239200022073,0.23472235250062082,14.516434892513313,0.0001,92523.03
14.07038819999434,92219.37,3.68,2.4752140529990663,0.2348519409999717,14.528176553994511,0.0001,92433.55
14.08303799998248,92774.2,3.69,2.4773012699971093,0.234975949999562,14.540446859983005,0.0001,92523.03
14.095205099962186,92828.14,3.69,2.479308841493761,0.23528012749905466,14.55224894696332,0.0001,92505.11
14.107300099974964,91828.61,3.68,2.4813045164958694,0.2355825024993741,14.56394459647584,0.0001,92505.11
14.119402099982837,92523.03,3.69,2.4833013464971683,0.23588505249957095,14.575623026483438,0.0001,92523.03
14.131471099972261,91952.68,3.68,2.485292731495423,0.23658826599833574,14.587384322472955,0.0001,92505.11
14.143199899990577,92936.17,3.69,2.487243982998398,0.23716399799981155,14.598867900990673,0.0001,92523.03
14.15259650000371,92505.11,3.69,2.4888414050006307,0.2373519300000742,14.608170535003675,0.0001,92523.03
14.164885299978776,91828.61,3.68,2.490930500996392,0.23764655899936327,14.62040972647867,0.0001,92505.11
14.177280800009612,92666.42,3.69,2.493037736001634,0.23801842400028836,14.63286720400966,0.0001,92523.03
14.189541600004304,91952.68,3.68,2.495122072000732,0.23814770800002152,14.645237016004348,0.0001,92505.11
14.201877899991814,93134.74,3.69,2.4972192429986086,0.23829389499959072,14.657659120991896,0.000109389499959074,92666.42
14.214204999967478,92990.28,3.69,2.4993148499944717,0.23891024999837396,14.669862949967804,0.00017102499983739615,92666.42
14.226343599963,92362.1,3.68,2.5013149759940805,0.2392,14.681594701965036,0.0002,92900.15
14.23854819999542,93134.74,3.69,2.5032677119992672,0.2392,14.693128048995673,0.0002,92990.28
14.250913699972445,92487.22,3.69,2.505191623495729,0.23963654799889783,14.70454060397465,0.0002,93134.74
14.263148900005037,93442.85,3.7,2.507103824000806,0.24003148900005036,14.71587571050476,0.0002,93134.74
14.2751350000035,93134.74,3.69,2.50902160000056,0.240151350000035,14.727202575003307,0.0002,93134.74
14.287034499982836,92900.15,3.69,2.510960692497168,0.240586897499056,14.738517947483608,0.0002,93442.85
14.299675499962177,93807.25,3.7,2.5130464574937594,0.2412821524979198,14.75059010246388,0.0002,93461.02
14.308123799972236,93461.02,3.7,2.514440426995419,0.24138123799972236,14.758901942972654,0.0002,93807.25
14.320458900008816,95510.93,3.72,2.516480307501543,0.2415229450004409,14.771068078008994,0.0002,94302.55
14.332557899993844,95379.7,3.71,2.5185976324989228,0.24212789499969223,14.783409057993723,0.0002,94987.6
14.34493039996596,95043.46,3.71,2.5208121239937027,0.24269721599863842,14.796275527963578,0.0002,94987.6
14.35719979996793,95510.93,3.72,2.523081962994067,0.2431879919987172,14.809403785965685,0.0002,95043.46
14.369595199998002,94302.55,3.7,2.5253751119996304,0.2435878559999401,14.822858767997824,0.0002,95043.46
14.381937699974515,95473.41,3.72,2.5276390974955403,0.2439,14.836205519473623,0.0002,95174.01
14.394295000005512,94987.6,3.71,2.5298016250009647,0.2439,14.848995325005706,0.0002,95174.01
14.40660669998033,94968.98,3.71,2.531857071996853,0.24423033499901653,14.861143331481413,0.0002,95174.01
14.418716599990148,95174.01,3.71,2.5337946559984235,0.24483582999950743,14.872587186990689,0.0002,95435.91
14.43081659998279,94913.17,3.71,2.5356224899974187,0.2449,14.883480856984598,0.0002,95435.91
14.442942499998024,95906.25,3.72,2.5374413749997036,0.24512068749985183,14.894304112498252,0.0002,95473.41
14.454817499965428,95623.65,3.72,2.539222624994814,0.24601131249740713,14.904813487469404,0.0002,95623.65
14.466745599987917,95435.91,3.72,2.541045567998127,0.24626508800024166,14.915471039989127,0.0002,95906.25
14.4763180000009,96247.05,3.72,2.5425292900001395,0.24607363999998197,14.924086200000811,0.0002,95944.03
14.48849739995785,96057.48,3.72,2.5444170969934667,0.24625492199873555,14.935217607961224,0.0002,96057.48
14.500729299965315,97744.85,3.74,2.546320334494277,0.24662187899895946,14.946496481466875,0.0002,96228.06
14.51307230000384,96228.06,3.72,2.5483569295006334,0.2469921690001152,14.958284046503667,0.0002,96228.06
14.525412199960556,95944.03,3.72,2.5504200739932945,0.2475247319976334,14.970285138960755,0.0002,96228.06
14.537707299983595,96857.37,3.73,2.5525102409972114,0.24826243799901573,14.982518763483677,0.0002,96247.05
14.549865900014993,98762.84,3.75,2.554675862002699,0.2487453065005248,14.995257854015893,0.0002,96228.06
14.562184699985664,97842.07,3.74,2.5569041694973484,0.2491873879994266,15.008435940484016,0.0002,96228.06
14.574354399985168,95398.42,3.71,2.559155563997256,0.24967417599940675,15.022005155983463,0.0002,96228.06
14.586362899979576,95623.65,3.72,2.5614089509961198,0.25005907249948944,15.035331004477431,0.0002,96304.02
14.598400199960452,96304.02,3.72,2.563696037992486,0.2503600049990113,15.0486322209563,0.0002,96857.37
14.61042909999378,95062.1,3.71,2.5658772379988806,0.2505564364999067,15.06135055499347,0.0002,97203.19
14.62238979997346,96057.48,3.72,2.567994316995621,0.2507,15.07375395297386,0.0002,97203.19
14.631985999993049,97512.16,3.74,2.5695776899988534,0.2507,15.083206209993154,0.0002,96399.07
14.644377299991902,97203.19,3.73,2.571578481498745,0.25080943249979754,15.095039569992712,0.0002,96475.24
14.657069100008812,97744.85,3.74,2.5735457105013655,0.25112672750022025,15.10646219000793,0.0002,96475.24
14.668693499988876,97492.82,3.74,2.575260557498387,0.25128693499988874,15.116619877490377,0.0002,96475.24
14.681597999995574,99079.25,3.75,2.5771396999993366,0.2515198499996681,15.127798249996129,0.0002,96475.24
14.693167599965818,96399.07,3.72,2.5788751399948726,0.25238756999743645,15.137921649970092,0.0002,96475.24
14.705355699989012,96475.24,3.73,2.580703354998352,0.252873221500055,15.148720129990112,0.0002,96437.15
14.717615699977614,95755.38,3.72,2.5825423549966424,0.25281192150011195,15.159754129979852,0.0002,96399.07
14.729853499971796,95510.93,3.72,2.5845258274953467,0.2537360824973207,15.171310092473066,0.0002,96361.03
14.742171399993822,96361.03,3.72,2.58656913799895,0.2547325709999073,15.183160542993853,0.0002,95755.38
14.754109099972993,96437.15,3.73,2.5885985469954087,0.2549116364995949,15.195038554473129,0.0002,95510.93
14.766195499978492,95099.37,3.71,2.590684212496236,0.25530977499892465,15.207405274977418,0.0002,95248.73
14.778151999984402,95248.73,3.71,2.5927765999972707,0.25590759999922014,15.219959599983623,0.0002,95248.73
14.78725769999437,94746.06,3.71,2.594442674498959,0.25603628849997184,15.22973831599392,0.0002,95099.37
14.798762799997348,94801.73,3.71,2.5965711179995097,0.25609381399998676,15.242163823997137,0.0002,95099.37
14.81106209999416,94653.41,3.71,2.59884648849892,0.25648717349979566,15.255336446993754,0.0002,95099.37
14.82334299996728,95043.46,3.71,2.601068309994438,0.25676657000032715,15.268293144966792,0.0002,95043.46
14.835618300014177,95717.71,3.72,2.60315511100241,0.2566438169998582,15.28075257451439,0.0002,95043.46
14.847918199957348,94597.89,3.71,2.6051669119931757,0.2570750919974409,15.292682698959695,0.0002,95043.46
14.860175499983596,95473.41,3.72,2.6071280799973753,0.257800877499918,15.304264969984581,0.0002,95473.41
14.872465799970087,95473.41,3.72,2.609094527995214,0.25786232899985045,15.315817851971882,0.0002,95473.41
14.884856799966656,94838.84,3.71,2.611077087994665,0.2582642599974993,15.327538243968158,0.0002,95510.93
14.897070500010159,97030.06,3.73,2.6130312800016258,0.25918028750076205,15.339202327509703,0.0002,95717.71
14.90923459996702,95510.93,3.72,2.6149775359947234,0.25944617299983513,15.350542004969494,0.0002,96304.02
14.921406899986325,96972.42,3.73,2.61691806949788,0.25956331049938464,15.361787313487488,0.0002,96532.4
14.933586600003764,96532.4,3.73,2.6188059230005836,0.2601113970001694,15.372931739003445,0.0002,96551.5
14.945769299985841,96723.37,3.73,2.620723087997735,0.2603711535000708,15.38425198848662,0.0002,96723.37
14.954388799960725,96551.5,3.73,2.6221022079937164,0.2603280560001964,15.392397415962886,0.0002,96723.37
14.966680499957874,96304.02,3.72,2.624135684992839,0.2605004149987363,15.404313694958297,0.0002,96551.5
14.978968599985821,97357.5,3.73,2.6262246619975897,0.2608690579995747,15.416478913985964,0.0002,96551.5
14.99127989995759,97434.8,3.74,2.6283739824925783,0.26140759549809156,15.429174696456107,0.0002,96532.4
15.003567399980966,97068.48,3.73,2.630542131996574,0.26201404399885797,15.44196360697992,0.0002,96304.02
15.015844999987166,95548.49,3.72,2.63275209999769,0.26275069999923,15.454916474986462,0.0002,95548.49
15.028112899977712,94394.69,3.7,2.6349197574960996,0.2629188710002229,15.467696851476934,0.0002,95080.74
15.040369700000156,95080.74,3.71,2.637061000500026,0.26282403050001013,15.480360457500153,0.0002,94394.69
15.052701400010847,94192.14,3.7,2.63909573100179,0.2636255910007051,15.492383865010575,0.0002,94192.14
15.064860699989369,93388.35,3.69,2.641077711998299,0.2640027860002126,15.504093361489954,0.0002,93990.25
15.077100700000301,93297.67,3.69,2.6430361120000483,0.26375798599999395,15.515660161500284,0.0002,93424.67
15.089299199986272,93424.67,3.69,2.6449878719978033,0.26439743999897036,15.527141247987096,0.0002,93388.35
15.101531699998304,93990.25,3.7,2.646945071999729,0.2652306339999661,15.53865511499839,0.0002,93388.35
15.110007999988738,93134.74,3.69,2.6483012799981984,0.2654001599997748,15.546707599989302,0.0002,93297.67
15.122306299977936,93134.74,3.69,2.6502805394963596,0.26572684649878653,15.558437110978598,0.0002,93279.55
15.13461109995842,93279.55,3.69,2.6523108314931396,0.26640361049771316,15.570372766959668,0.0002,93243.32
15.146987499960233,92576.76,3.69,2.6543878749932395,0.2668397499992047,15.582412812461227,0.0002,93134.74
15.159186200005932,93588.35,3.7,2.6564616540010086,0.26708372400011865,15.594306545005784,0.0002,93134.74
15.171481299970765,93243.32,3.69,2.658494414495176,0.26744443899912296,15.60652389347091,0.0002,93134.74
15.183880599972326,92558.83,3.69,2.6605597019952953,0.26785522399889306,15.618880599972327,0.0002,92846.12
15.196059699985199,92846.12,3.69,2.6626301489974837,0.26834238799940796,15.6310596999852,0.0002,92846.12
15.208350699977018,92469.32,3.68,2.6647196189960933,0.2687922744991957,15.643308946477134,0.0002,92846.12
15.220662100007756,93825.53,3.7,2.66680924650128,0.26920331050003876,15.655545547507563,0.0002,93134.74
15.232777900004292,92792.17,3.69,2.6688083535007086,0.26926388950002145,15.667358452504185,0.0002,92846.12
15.24499029997969,92774.2,3.69,2.670823399496649,0.2695495149989846,15.679165736480606,0.0002,92792.17
15.257164799957536,93134.74,3.69,2.6728321919929936,0.2701582399978769,15.69079238395945,0.0002,92792.17
15.26935819996288,93170.91,3.69,2.674797311994061,0.2703467909998144,15.702249916965295,0.0002,92774.2
15.277932099997997,93297.67,3.69,2.6761691359996798,0.27038966049998997,15.710266513498128,0.0002,92792.17
15.290255700005218,92415.68,3.68,2.678140912000835,0.27116917750039143,15.721994193504983,0.0002,92774.2
15.302524300001096,92201.57,3.68,2.6801165095001807,0.2718873784999945,15.733773814001072,0.0002,92648.48
15.31485339999199,92308.52,3.68,2.682150810998678,0.27182573300004004,15.74585633199215,0.0002,92415.68
15.32715879997704,92077.0,3.68,2.6842169959960964,0.2722295279986224,15.758023005977154,0.0002,92308.52
15.33941799995955,92972.23,3.69,2.6863010599931236,0.2729650799975731,15.770220909959752,0.0002,92308.52
15.35167000000365,92059.21,3.68,2.6883839000006207,0.2732917500000913,15.78252835000367,0.0002,92308.52
15.363949799968397,92648.48,3.69,2.6904912149944695,0.27359874499920994,15.794928795967767,0.0002,92272.84
15.376250799978152,92077.0,3.68,2.6926438899961767,0.27390626999945383,15.807475815977716,0.0002,92308.52
15.388481099973433,92059.21,3.68,2.694784192495351,0.27450886599840607,15.820035532972636,0.0002,92344.23
15.400721499987412,92594.67,3.69,2.69692265499786,0.27519639250006295,15.832614284987539,0.0002,92397.82
15.4128826999804,92397.82,3.68,2.6989900589966687,0.275135586500098,15.844653872980597,0.0002,92397.82
15.425163200008683,92272.84,3.68,2.7010261120013896,0.2753065280003474,15.85668248800838,0.0002,92594.67
15.433817499957513,93461.02,3.7,2.7024107999932023,0.2756526999983006,15.865033887459003,0.0002,92594.67
15.446281899989117,92344.23,3.68,2.704405103998259,0.2760570474997279,15.876904985989771,0.0002,92594.67
15.458366699982435,93152.83,3.69,2.706338671997189,0.27635916749956085,15.888264697983487,0.0002,92666.42
15.470722500002012,92666.42,3.69,2.7083156000003217,0.27656083750003013,15.89966470000185,0.0002,92936.17
15.482963499962352,92936.17,3.69,2.7102593424941643,0.27693707999698813,15.910956054964988,0.0002,93062.46
15.49532659997931,93062.46,3.69,2.7121756229967926,0.2779261279983447,15.922453737980758,0.0002,93152.83
15.507776899961755,92576.76,3.69,2.7141831884936893,0.2782611155001912,15.934265823963285,0.0002,93152.83
15.52043059997959,94118.66,3.7,2.716271048996633,0.27823229499846935,15.946424140979897,0.0002,93333.92
15.532955600006973,93333.92,3.69,2.718337674001151,0.27917167000052306,15.958761266006869,0.0002,93843.81
15.545115299988538,93843.81,3.7,2.7203951774979944,0.27982788249971347,15.970866452988425,0.0002,93990.25
15.55731140001444,93990.25,3.7,2.722529495002527,0.28013278500036104,15.983184514014587,0.0002,94063.58
15.56929809995927,94339.39,3.7,2.7246271674928724,0.28071139549775986,15.995663004957235,0.0002,94063.58
15.581163099966945,95623.65,3.72,2.7267151734938855,0.28134070849884313,16.00816196346414,0.0002,94118.66
15.593546699965373,94376.25,3.7,2.7290061394935945,0.2817741344987881,16.021598169462433,0.0002,94302.55
15.602599799982272,94063.58,3.7,2.7306809629967206,0.2820519959996455,16.031407783980857,0.0002,94339.39
15.614853699982632,94302.55,3.7,2.732947934496787,0.2822970739996526,16.04464199598124,0.0002,94376.25
15.62694270000793,93971.92,3.7,2.7351149725013877,0.28257356750019824,16.057350981008167,0.0002,95398.42
15.639060599962248,95398.42,3.71,2.7372356049933932,0.28287651499905614,16.069832417961113,0.0002,95586.06
15.65160260000266,95586.06,3.72,2.739256416000426,0.2829580130000133,16.081764457002514,0.0002,95586.06
15.663811700011136,96361.03,3.72,2.741190813501726,0.28322870200066813,16.093130530010022,0.0002,95755.38
15.676184799987823,96114.31,3.72,2.7431086439981125,0.2839710879992694,16.10426631998904,0.0002,96114.31
15.688578200002667,96342.03,3.72,2.7449867300004,0.28432867300004,16.11529170700236,0.0002,96323.03
15.700801600003617,97492.82,3.74,2.7468202400005426,0.2845160320000723,16.126121440003256,0.0002,96342.03
15.712797299958764,95755.38,3.72,2.748619594993815,0.28475594599917525,16.136917569962886,0.0002,96361.03
15.724985799985006,96323.03,3.72,2.750497727997601,0.28524900599895053,16.14801186498613,0.0002,96589.65
15.737143300008029,96799.89,3.73,2.7524429280012845,0.28610003100056214,16.159257552507427,0.0002,96608.72
15.748980499978643,96761.61,3.73,2.754336879996583,0.2863,16.17043147497971,0.0002,96608.72
15.758001499983948,96608.72,3.73,2.755780239997432,0.2863,16.179001424984754,0.0002,96761.61
15.770480300008785,96589.65,3.73,2.757881651001494,0.2873480300008787,16.191327898508746,0.0002,96608.72
15.782560599967836,97725.43,3.74,2.759960907994211,0.2883256059996784,16.20352703896575,0.0002,96608.72
15.79482619999908,97415.46,3.73,2.7621687159998345,0.2884482619999908,16.216589902999022,0.0002,96608.72
15.80634030001238,96361.03,3.72,2.764304657002352,0.28891211950080464,16.229232837513926,0.0002,96589.65
15.818588299967814,97396.14,3.73,2.7666317769938846,0.2897082394979079,16.24301183746379,0.0002,96361.03
15.830867099983152,95811.92,3.72,2.7689647489967992,0.28974566450008427,16.256608145481383,0.0002,96361.03
15.843121099984272,95510.93,3.72,2.7712461924972476,0.28976242199968544,16.26989912748388,0.0002,96361.03
15.855571499967482,94671.94,3.71,2.7734250124943096,0.29001142999934965,16.282660787466668,0.0002,95811.92
15.867998700006865,95099.37,3.71,2.775439798501064,0.29053992850037763,16.29459879750635,0.0002,95774.21
15.8805312999757,95774.21,3.72,2.777379694996355,0.29120531299975705,16.30616754397862,0.0002,95510.93
15.892692199966405,96494.28,3.73,2.7792038299949606,0.29132692199966403,16.31686913597044,0.0002,95454.67
15.90466890000971,97087.72,3.73,2.781000335001457,0.291610100500437,16.327431976508596,0.0002,95454.67
15.91665919998195,95454.67,3.72,2.782798879997293,0.29214966399918785,16.33804339198403,0.0002,95454.67
15.925928200013004,94320.95,3.7,2.784218871002016,0.2925074870004552,16.34636502101177,0.0002,95774.21
15.93828790000407,95024.85,3.71,2.7861346245006313,0.29294007650014253,16.35755054950369,0.0002,96038.57
15.95054260001052,94857.42,3.71,2.7880868160016834,0.293263565000263,16.368904618009786,0.0002,96057.48
15.962921499973165,96057.48,3.72,2.790067439995706,0.2937337199978531,16.380504639974237,0.0002,96057.48
15.975294000003487,99297.69,3.75,2.792047040000558,0.2947235200002789,16.392382240003347,0.0002,96057.48
15.987592499994209,96038.57,3.72,2.794128687498987,0.29506203750002896,16.40456842499415,0.0002,96685.14
15.9998695999966,96895.68,3.73,2.796277179999405,0.29500065200001696,16.41696829599657,0.0002,96799.89
16.01224919996457,96685.14,3.73,2.798504855993623,0.29610242799681147,16.43014539796227,0.0002,96799.89
16.02437200001441,96799.89,3.73,2.800708820002666,0.29673441999978384,16.443165480015708,0.0002,96799.89
16.036287800001446,96953.25,3.73,2.8029132430002677,0.2965556829999783,16.45615370200158,0.0002,96857.37
16.048401199979708,96857.37,3.73,2.8051122159963473,0.29700407199878254,16.46914727797839,0.0002,96857.37
16.060611699998844,97434.8,3.74,2.8073039889998035,0.29771529249997114,16.482117816998834,0.0002,96895.68
16.07248959998833,95962.92,3.72,2.8093232319980164,0.29801223999970833,16.494114495988214,0.0002,96953.25
16.081807299982756,96513.35,3.73,2.8108891679972414,0.2982813284992241,16.503407898483704,0.0002,97434.8
16.09404319996247,99437.06,3.75,2.812846911993996,0.29883194399831126,16.51497082396454,0.0002,97434.8
16.1062632999965,97880.99,3.74,2.81480212799944,0.29947579799979,16.526393552496764,0.0002,97434.8
16.118617800006177,100360.29,3.76,2.8167788480009883,0.3002170680003706,16.537821465005713,0.0002,97764.28
16.13091159996111,99019.82,3.75,2.818691297993972,0.30040911599961106,16.549084113964415,0.0002,97880.99
16.143188999965787,98605.18,3.75,2.820594294994697,0.30062755999863144,16.560317934968698,0.0002,97880.99
16.15529259998584,96608.72,3.73,2.8224703529978052,0.30111170399943366,16.571392728987046,0.0002,98291.04
16.16702220001025,96532.4,3.73,2.82432355200164,0.3016159990004613,16.582300868009636,0.0002,97880.99
16.17951170000015,97764.28,3.74,2.826321872000024,0.3021780265000067,16.59404099800014,0.0002,97764.28
16.19200889999047,98743.12,3.75,2.8283814684984274,0.30262031149966645,16.606148632990756,0.0002,97686.6
16.20420410000952,97589.64,3.74,2.8304146970016184,0.3031732665006188,16.618167161509664,0.0002,97686.6
16.216282200010028,98291.04,3.74,2.832467974001705,0.3039583430006519,16.63042643301018,0.0002,97686.6
16.22847869998077,97686.6,3.74,2.834626165996539,0.3042423934999039,16.643060241479905,0.0002,97764.28
16.24013589997776,96895.68,3.73,2.836723782496108,0.3043074744987768,16.65524133597687,0.0002,97822.6
16.249411199998576,97338.19,3.73,2.8383469599997513,0.3048176159999218,16.664887647998523,0.0002,97822.6
16.26189759996487,99776.75,3.76,2.840522591994028,0.3054379519992974,16.677788111965043,0.0002,97686.6
16.274310300010256,98271.44,3.74,2.842632751001744,0.3056862060002052,16.690138748510204,0.0002,97686.6
16.286447799997404,98447.92,3.74,2.8446638869995717,0.3061223899998703,16.70195764899752,0.0002,97589.64
16.298764100007247,97822.6,3.74,2.8466960765011957,0.30673820500036236,16.71371971550692,0.0002,97570.27
16.311194899957627,96799.89,3.73,2.8487471584930084,0.3071358469987288,16.725815027458687,0.0002,97589.64
16.323458299972117,97570.27,3.74,2.8507706194953992,0.3075037489991635,16.737806425472534,0.0002,97822.6
16.335801900015213,97589.64,3.74,2.85280731350251,0.3078740570004564,16.749964871514987,0.0002,97589.64
16.347952599986456,97376.81,3.73,2.8548121789977654,0.30831810399945825,16.76189354798673,0.0002,97570.27
16.360010000003967,96551.5,3.73,2.8568017000006742,0.30880050000019843,16.77370990000393,0.0002,97550.89
16.371797600004356,98585.51,3.75,2.8588055920007407,0.3093898800002179,16.785379624004314,0.0002,97376.81
16.38407729996834,98861.54,3.75,2.8608931409946177,0.3099630919987336,16.797516140468815,0.0002,97550.89
16.396226199984085,97550.89,3.74,2.8629584539972948,0.31044904799936346,16.809482806984324,0.0002,97376.81
16.405152199964505,96190.1,3.72,2.8644501129941435,0.3108833709980478,16.818223394965393,0.0002,96991.64
16.417283299961127,96972.42,3.73,2.866451744493586,0.3115505814978621,16.8300512174621,0.0002,96991.64
16.429923799994867,96646.92,3.73,2.8685870459991274,0.3120473329998204,16.842574180994895,0.0002,97550.89
16.442256999958772,98782.55,3.75,2.8706836899929913,0.31250156499814485,16.854856999958773,0.0002,97550.89
16.45425409998279,96991.64,3.73,2.8727231969970743,0.3130414344992256,16.86685409998279,0.0002,97550.89
16.46654639998451,96000.74,3.72,2.8747801559974437,0.31333273199992256,16.879015471984818,0.0002,98782.55
16.479021499981172,99516.82,3.75,2.876838547496893,0.31339510749990585,16.891241069981547,0.0002,98782.55
16.491251399973407,98802.31,3.75,2.878800223995745,0.3139625699986704,16.90283257297487,0.0002,98782.55
16.503670800011605,99397.2,3.75,2.8807689740017985,0.3144367080001161,16.914495490010736,0.0002,98782.55
16.515750199963804,99019.82,3.75,2.88264128099439,0.31455750199963806,16.92566893496652,0.0002,97706.03
16.527946799993515,99118.92,3.75,2.8845714879989623,0.3151165419995785,16.93710972599387,0.0002,97706.03
16.539660400012508,97706.03,3.74,2.886445664002001,0.3158779260008131,16.94817907801182,0.0002,98644.56
16.551854299963452,97531.53,3.74,2.8884559594939696,0.3161370859992691,16.959880127964915,0.0002,97706.03
16.563851899991278,96934.05,3.73,2.8904548229985174,0.3166274114992587,16.971532640491322,0.0002,97706.03
16.57353489997331,96627.81,3.73,2.8921009329954632,0.31745046649773156,16.981167225473445,0.0002,97706.03
16.585549699957483,97106.94,3.73,2.89417119749256,0.31805549699957486,16.993316190956207,0.0002,97706.03
16.597824800002854,98644.56,3.75,2.8963193400005,0.31817824800002853,17.00595954400294,0.0002,97706.03
16.610161099990364,97299.61,3.73,2.8985289979982656,0.3188096659994219,17.019021571489738,0.0002,98644.56
16.62244989996543,98940.64,3.75,2.9007532314936046,0.31943674849948145,17.032133642462835,0.0002,98683.96
16.634603899961803,98683.96,3.75,2.9030017214929336,0.319619058499427,17.045199192458934,0.0002,98683.96
16.646879500010982,100481.65,3.76,2.905169515001867,0.3199063850003294,17.057982692511146,0.0002,98683.96
16.659371899964754,100158.48,3.76,2.9072932229940083,0.32028115699894255,17.070662478464225,0.0002,98940.64
16.671501000004355,100765.71,3.77,2.9092401600006967,0.32070253500015244,17.08193842500403,0.0002,98940.64
16.68352349998895,100928.58,3.77,2.911110907498398,0.3211585574995028,17.092865444990387,0.0002,99317.57
16.695796699961647,98154.07,3.74,2.912890521494439,0.32171085149827416,17.10354312896663,0.0002,99317.57
16.70774539996637,97087.72,3.73,2.9147005369947876,0.3220936349991593,17.11409340597007,0.0002,99496.87
16.719876799965277,99317.57,3.75,2.916580903994618,0.322396919999132,17.124890351969096,0.0002,99496.87
16.731842599983793,97978.39,3.74,2.918435602997488,0.32311055599902766,17.13601361798493,0.0002,99317.57
16.741119499958586,99496.87,3.75,2.9198791199933742,0.3236279874989647,17.144657927460866,0.0002,98487.21
16.75349939998705,98487.21,3.75,2.921859903997928,0.3239374849996763,17.156356932987766,0.0002,98154.07
16.765641000005417,100218.95,3.76,2.923858970000921,0.3245512800004335,17.16802818000531,0.0002,97978.39
16.778170300007332,99816.83,3.76,2.925988951001247,0.32555362400058674,17.180306894007188,0.0002,97978.39
16.790183099976275,97512.16,3.74,2.9280820424958485,0.32600549299928827,17.19279225497509,0.0002,97512.16
16.802466799970716,96608.72,3.73,2.9302563579945824,0.32643567399838935,17.205801145967932,0.0002,97280.3
16.81385279999813,97068.48,3.73,2.932362767999654,0.32706190399989715,17.218268815997952,0.0002,97261.03
16.826102699968033,97126.2,3.73,2.9346595129939264,0.32767462149856147,17.231773996964517,0.0002,97126.2
16.838469899958,97280.3,3.73,2.93700928099202,0.32823114549810994,17.245501588953378,0.0002,97126.2
16.85061449999921,96285.03,3.72,2.939263682499854,0.3287776524999645,17.258557514999154,0.0002,97126.2
16.86307650001254,97261.03,3.73,2.941507622502069,0.3291692349998746,17.271661117512476,0.0002,97126.2
16.875383000005968,97106.94,3.73,2.943538195000985,0.3290461699999403,17.28390608500594,0.0002,97126.2
16.887567300000228,97126.2,3.73,2.9454729315000354,0.32934052850001033,17.29538624300021,0.0002,97203.19
16.896625800000038,97203.19,3.73,2.9468769990000063,0.3297481610000018,17.303629478000037,0.0002,97261.03
16.908926900010556,96953.25,3.73,2.9486944005015308,0.3299892690001056,17.314377134009078,0.0002,97261.03
16.921342599962372,98565.85,3.75,2.9504946769945444,0.33018055599774243,17.32502778396839,0.0002,97686.6
16.933672399958596,99297.69,3.75,2.9522824979939966,0.33092034399751585,17.33538481596522,0.0002,98212.74
16.945633900002576,98212.74,3.74,2.9540450850003865,0.33141267800005153,17.345629662502255,0.0002,98565.85
16.95796169998357,98683.96,3.75,2.9558942549975353,0.3316592339996714,17.356416487485625,0.0002,98683.96
16.970191399974283,97686.6,3.74,2.957830623995885,0.33246435499807114,17.367728958975952,0.0002,99297.69
16.98252289998345,99917.14,3.76,2.9598162784972692,0.3333261449991725,17.379397670983614,0.0002,99696.66
16.99481140001444,99696.66,3.76,2.9618438810023826,0.3339405700007221,17.391563286014296,0.0002,99917.14
17.007210200012196,100279.5,3.76,2.963997836002195,0.3345605100006098,17.404234659012744,0.0002,100279.5
17.019256400002632,100319.89,3.76,2.966166152000474,0.33516282000013164,17.416822938002753,0.0002,100319.89
17.031367199961096,100664.13,3.77,2.968402931992803,0.3358820319976658,17.429990247957594,0.0002,100664.13
17.043442599999253,104959.89,3.8,2.9706368809998622,0.33655491699996637,17.443204072999176,0.0002,102998.36
17.05549910000991,102998.36,3.79,2.9728673335018336,0.337097459500446,17.456526505510954,0.0002,103737.98
17.0676158000133,103737.98,3.79,2.9751089230024608,0.33745231600026604,17.46961082701417,0.0002,104959.89
17.076810200000182,105459.1,3.81,2.9768098870000337,0.33763620400000366,17.479402863000196,0.0002,105285.07
17.089120899967384,105524.52,3.81,2.9789049484946184,0.33797362699902156,17.491829690967712,0.0002,105350.27
17.101196700008586,107672.47,3.83,2.980891472001374,0.3383179505001288,17.50373686500816,0.0002,105459.1
17.11337039998034,105350.27,3.81,2.982839263996855,0.33850055599970513,17.515301879981322,0.0002,105524.52
17.12565329996869,106005.89,3.81,2.9848045279949904,0.33888266499843445,17.52685756897088,0.0002,105524.52
17.137986899993848,105285.07,3.81,2.9867779039990157,0.33949934499969237,17.538327816994276,0.0002,105677.32
17.150220899959095,106225.83,3.81,2.988633134993864,0.33980441799918193,17.549296600963594,0.0002,106005.89
17.1625192000065,106712.11,3.82,2.990477880000975,0.34015115200039003,17.560229492005753,0.0002,106005.89
17.174252500000875,105677.32,3.81,2.9922378750001313,0.34085515000005256,17.570613462500777,0.0002,105677.32
17.186530000006314,105350.27,3.81,2.9941448000010107,0.34159180000037886,17.58170760000581,0.0002,105940.06
17.198890100000426,106490.66,3.82,2.9961224160000683,0.3423334060000256,17.593078892000392,0.0002,105940.06
17.21104209998157,107134.82,3.82,2.9981219464969593,0.3426208419996314,17.60492125798194,0.0002,106225.83
17.223195799975656,105068.11,3.8,3.0001391599951317,0.34313915999513134,17.61689579997566,0.0002,106490.66
17.235422900004778,105328.54,3.81,3.0022197785007885,0.34240982449954604,17.628966556504707,0.0002,106490.66
17.24773369997274,105940.06,3.81,3.00405970149741,0.3413359780016356,17.63991720348487,0.0002,107090.2
17.259872199967504,107090.2,3.82,3.005212858996913,0.3406076680019498,17.646654070981963,0.0002,107090.2
17.26840339996852,107313.59,3.82,3.0057170169998426,0.340214915000787,17.64963613599874,0.0002,107090.2
17.28077279997524,110073.92,3.85,3.005778863999876,0.33990568000061905,17.65013091199901,0.0002,105940.06
17.29299240000546,109333.41,3.84,3.005520265999809,0.33920056999959053,17.648581633998827,0.0002,105940.06
17.305293899960816,109080.61,3.84,3.005080896502547,0.3382794270027429,17.645892726514305,0.0002,105940.06
17.317528799991123,93352.07,3.69,3.004285628000577,0.3374229840006213,17.64142698800324,0.0002,93551.94
17.329826199973468,93551.94,3.7,3.0033897730022554,0.33658629700172454,17.63623863801353,0.0002,93515.55
17.342104399984237,93515.55,3.7,3.0023461260013398,0.33578821400102454,17.629976756008038,0.0002,93515.55
17.35439699998824,93515.55,3.7,3.0011133150012346,0.3354120600002352,17.62262687500735,0.0002,93352.07
17.366726299980655,92918.16,3.69,2.999905053501064,0.3352172629998066,17.615473478505898,0.0002,93080.53
17.379062399966642,92918.16,3.69,2.9992265680018346,0.3353406239996664,17.611710968010172,0.0002,93008.31
17.39117759995861,92648.48,3.69,2.998776448000828,0.33484401600372493,17.609127800005172,0.0002,92918.16
17.403364799974952,93080.53,3.69,2.998532704000501,0.3337471680022541,17.60760440000313,0.0002,92918.16
17.4156146000023,93008.31,3.69,2.998181561999931,0.3324323939997469,17.605436298999575,0.0002,92918.16
17.427787499967963,92505.11,3.69,2.997621250003204,0.33091218750560664,17.602069312518744,0.0002,92846.12
17.436370400013402,92846.12,3.69,2.9967629599986596,0.3294101799976547,17.597048315992158,0.0002,92666.42
17.448654100007843,92666.42,3.69,2.9951874504984706,0.3273153439987451,17.587834325991057,0.0002,92648.48
17.46085769997444,93152.83,3.69,2.992807748504984,0.3253627680040896,17.573922222029136,0.0002,92666.42
17.473204399982933,92576.76,3.69,2.989907878004352,0.32330525200290133,17.556852378025685,0.0002,92576.76
17.485762499971315,92112.57,3.68,2.9866941250077446,0.32117800000458946,17.53787618754604,0.0002,92505.11
17.49809159996221,92487.22,3.69,2.9833652680102034,0.3192053440060465,17.518087982060656,0.0002,92487.22
17.510454599978402,91740.14,3.68,2.980054531005723,0.31763635900183573,17.498572643033366,0.0002,92451.45
17.522875499969814,92720.27,3.69,2.976762992507999,0.3165805825025657,17.479382352546633,0.0002,92326.39
17.535522899997886,92326.39,3.68,2.9737797330004856,0.3153477100002112,17.46168362700289,0.0002,92290.69
17.547779099957552,91952.68,3.68,2.9710163890089136,0.31413598550403243,17.445309498051785,0.0002,92237.21
17.56011999998009,92451.45,3.68,2.968424800004181,0.3129636000018914,17.430253600024287,0.0002,92290.69
17.57213829999091,91793.21,3.68,2.966043723001727,0.31200031900063613,17.416376487010087,0.0002,92237.21
17.58406580000883,92237.21,3.68,2.9637774979983225,0.311165393999382,17.4031369619902,0.0002,92290.69
17.595992299960926,92290.69,3.68,2.961731309006643,0.31022061600312595,17.39094281553966,0.0002,92290.69
17.605475899996236,92112.57,3.68,2.9601238560006022,0.30946668700026353,17.381350274503557,0.0002,92237.21
17.617642999975942,92666.42,3.69,2.958177120003849,0.3086149900016841,17.369852365022734,0.0002,92290.69
17.629925599962007,91988.17,3.68,2.9562119040060786,0.3074843000047491,17.358294564035525,0.0002,92237.21
17.642220799985807,93026.36,3.69,2.954244672002271,0.305947400001774,17.34679855201327,0.0002,92290.69
17.654467099986505,92379.95,3.68,2.952237928502227,0.3048426320010796,17.334922242013224,0.0002,92326.39
17.666796899982728,92059.21,3.68,2.9501855425030223,0.30382929450164076,17.322767162017616,0.0002,92326.39
17.679134499980137,92469.32,3.68,2.948026462503476,0.30265722250188687,17.31018281002026,0.0002,92344.23
17.691355099959765,91846.32,3.68,2.945887857507041,0.30143271450422454,17.297622471541644,0.0002,92326.39
17.703634699981194,92344.23,3.68,2.9437389275032904,0.30014335650197443,17.284913085519463,0.0002,92344.23
17.715752099989913,92326.39,3.68,2.9415646220018155,0.2990860715008572,17.27215653451064,0.0002,92344.23
17.727576999983285,92219.37,3.68,2.9394361400030085,0.2980551850015878,17.259668380017715,0.0002,92326.39
17.739752699970268,92612.61,3.69,2.937244514005352,0.2968984935028246,17.246762138031517,0.0002,92344.23
17.7517331999843,91970.42,3.68,2.9350880240028263,0.295861344001256,17.234096474016564,0.0002,92326.39
17.760705599968787,93116.67,3.69,2.9334729920056186,0.2951435520024971,17.22463059203293,0.0002,92344.23
17.773197999980766,92630.53,3.69,2.931265350003366,0.29406218000173107,17.21165606001981,0.0002,92326.39
17.785575899994,92005.92,3.68,2.9291049765009896,0.29297696400024,17.19893849750585,0.0002,92290.69
17.79770960001042,92415.68,3.68,2.9271029159982804,0.2924916159995832,17.18710813998984,0.0002,92415.68
17.809204399993178,91970.42,3.68,2.9252483180010573,0.2918005820006481,17.176131952006276,0.0002,92290.69
17.82137610000791,92918.16,3.69,2.923361704498774,0.29064427049924846,17.164933987992722,0.0002,92415.68
17.833665599988308,92290.69,3.68,2.9214568320018124,0.28973673600075994,17.153887616010405,0.0002,92290.69
17.84601440001279,92290.69,3.68,2.9195478399980814,0.28889855999872077,17.142897183988612,0.0002,92290.69
17.85830739996163,92702.32,3.69,2.9177038900057553,0.28766926000383664,17.131956414034146,0.0002,92290.69
17.870892699982505,92094.77,3.68,2.9157866315027117,0.2864991205014869,17.12054925251618,0.0002,92290.69
17.88312109996332,92810.14,3.69,2.9138912295056856,0.28545970650311775,17.10923798253393,0.0002,92290.69
17.895438299980015,92255.02,3.68,2.9118776805032973,0.28441274450169857,17.097427040519285,0.0002,92290.69
17.90761349996319,91881.75,3.68,2.9098557050062572,0.2834039875027606,17.085586500036808,0.0002,92326.39
17.91970329999458,92648.48,3.69,2.9078004390009213,0.28249725250040647,17.07349670000542,0.0002,92326.39
17.928864599962253,91828.61,3.68,2.906243018006417,0.2817715090032086,17.064316077037937,0.0002,92255.02
17.941156399960164,92954.21,3.69,2.9041534120067722,0.28072670600338606,17.051962818040035,0.0002,92326.39
17.953616499959026,92540.93,3.69,2.901949030007376,0.2794952675043023,17.039052675043024,0.0002,92255.02
17.96606539998902,92326.39,3.68,2.899702901002031,0.278246730000549,17.025944041011915,0.0002,92201.57
17.978154799959157,92201.57,3.68,2.897466362007556,0.2776422600020421,17.012827042044314,0.0002,92201.57
17.990277500008233,91563.56,3.68,2.895276437498559,0.27698334999950597,16.999885012491397,0.0002,92130.35
18.002695499977563,92326.39,3.68,2.8931032875039264,0.2762382700013462,16.98690820252345,0.0002,92201.57
18.01495599996997,92130.35,3.68,2.891057260004955,0.2752537400025524,16.974842680029127,0.0002,92130.35
18.027283900009934,91634.14,3.68,2.88904599549846,0.27426296599940386,16.962998811990857,0.0002,92005.92
18.039508199959528,92005.92,3.68,2.887151229006273,0.2735295080024282,16.951752456037234,0.0002,92005.92
18.051612099981863,91387.5,3.67,2.8852420640029015,0.27247266900199485,16.940583807516774,0.0002,91934.92
18.06347699998878,92344.23,3.68,2.8833436800017953,0.27116753000123406,16.929608775010376,0.0002,92005.92
18.075594900001306,91934.92,3.68,2.881404815999791,0.27062917849995427,16.918240793998773,0.0002,92005.92
18.08744969998952,91581.21,3.68,2.8795080480016773,0.2700182845012053,16.907085033509905,0.0002,92005.92
18.096715499996208,92183.75,3.68,2.878025520000607,0.2689527175004362,16.898328852503585,0.0002,92005.92
18.109259999997448,91282.08,3.67,2.875997100000421,0.26780830000011485,16.886367800002475,0.0002,91934.92
18.121455399959814,92576.76,3.69,2.873984859006631,0.2672595070018084,16.87453826203898,0.0002,92005.92
18.133684500004165,92077.0,3.68,2.871923634999292,0.2663183949996251,16.8625457674959,0.0002,92005.92
18.14591650001239,92005.92,3.68,2.869844194997894,0.2652175149988848,16.8504605874873,0.0002,92005.92
18.15824909997173,91917.2,3.68,2.867747653004806,0.2641075810025442,16.837819672528976,0.0002,92005.92
18.170635999995284,91810.89,3.68,2.865585520000849,0.2631900200002594,16.82506674000488,0.0002,91917.2
18.18293289997382,92540.93,3.69,2.863372078004712,0.2625136905014398,16.812339448527094,0.0002,92005.92
18.19526589999441,92077.0,3.68,2.86125479700095,0.261578728000447,16.799677452505726,0.0002,92005.92
18.20728109998163,91775.5,3.68,2.859212213003123,0.2606631340011022,16.787441711018186,0.0002,91917.2
18.219265199964866,91917.2,3.68,2.8571749160059725,0.2599440880021079,16.77557745203478,0.0002,91917.2
18.2313950000098,91917.2,3.68,2.8551448249983826,0.2591203749992648,16.76372882499054,0.0002,91917.2
18.24311919999309,92523.03,3.69,2.8532103320011406,0.2582410600005184,16.75241497200667,0.0002,91917.2
18.25228670000797,92201.57,3.68,2.8517341279987245,0.257116295498924,16.743641201492387,0.0002,91917.2
18.264755200012587,91740.14,3.68,2.849739167997986,0.25543304799830086,16.73173378398798,0.0002,91775.5
18.277239299961366,92272.84,3.68,2.8476805155063745,0.25478803500193176,16.719627879037475,0.0002,91740.14
18.2893929000129,91282.08,3.67,2.8456532069978073,0.254443929000129,16.707729064487165,0.0002,91740.14
18.30168169998797,91740.14,3.68,2.843564111002045,0.2545668169998797,16.69550170851197,0.0002,91545.93
18.313917199964635,91264.54,3.67,2.841484076006012,0.2533961780047742,16.68337197203501,0.0002,91387.5
18.32620040001348,90844.81,3.67,2.839407935997843,0.2518939979999326,16.671277625987393,0.0002,91282.08
18.33852329995716,91246.98,3.67,2.837436272006854,0.2518323835002142,16.659755714540054,0.0002,91264.54
18.35089559998596,90705.55,3.67,2.8354861820021755,0.25017871000386044,16.648246570012986,0.0002,91246.98
18.363003299979027,91545.93,3.68,2.8336094885032503,0.24684909250576706,16.637046947519398,0.0002,91246.98
18.374739299993962,91387.5,3.67,2.831693015500996,0.24815046699885313,16.625704182505885,0.0002,91229.45
18.386806799971964,90879.69,3.67,2.8296928440047657,0.24977477600504608,16.613875132028316,0.0002,91203.16
18.39901930000633,91229.45,3.67,2.8276167189989234,0.24757652599886018,16.601540506993604,0.0002,91229.45
18.41108809999423,90601.28,3.67,2.8255650230009803,0.24628691650020185,16.58947278100571,0.0002,91203.16
18.420500200008973,91775.5,3.68,2.8239649659984742,0.24595749299968592,16.580154801991117,0.0002,91229.45
18.43195790000027,91176.87,3.67,2.8220403499999547,0.24561445599999276,16.568974029999737,0.0002,91203.16
