Time (s),Resistance (Ohm),Voltage (V),Displacement,Force (N),Strain,Stress (MPa),Resistance Smoothed (Ohm)
0.0,39299.06,2.72,0.1528,0.0089,1.538,0.0,39307.965
0.0012843608856200998,39287.17,2.72,0.15299265413284302,0.008932109022140502,1.5401320390701294,0.0,39310.94
0.0018415451049804002,39304.99,2.72,0.15307623176574706,0.00894603862762451,1.5410569648742676,0.0,39316.885
0.0021204948425293003,39310.94,2.72,0.15311807422637938,0.008953012371063232,1.5415200214385987,0.0,39310.94
0.002396821975708,39328.76,2.72,0.15315952329635618,0.0089599205493927,1.5419787244796752,0.0,39307.965
0.0026731491088866997,39328.76,2.72,0.15320097236633298,0.008966828727722167,1.542437427520752,0.0,39304.99
0.0029487609863281,39322.83,2.72,0.1532423141479492,0.008973719024658202,1.5428949432373047,0.0,39304.99
0.0032243728637695,39352.55,2.72,0.15328365592956542,0.008980609321594238,1.5433524589538574,0.0,39304.99
0.0034992694854736,39304.99,2.72,0.15332489042282102,0.00898748173713684,1.5438087873458861,0.0,39304.99
0.0037746429443359,39293.12,2.72,0.15336619644165037,0.008994366073608397,1.5442659072875975,0.0,39304.99
0.0040500164031982,39299.06,2.72,0.1534075024604797,0.009001250410079955,1.544723027229309,0.0,39304.99
0.004324197769165,39293.12,2.72,0.15344862966537473,0.009008104944229125,1.545178168296814,0.0,39299.06
0.0045981407165527,39304.99,2.72,0.1534897211074829,0.009014953517913817,1.5456329135894775,0.0,39299.06
0.0048716068267822,39299.06,2.72,0.15353074102401731,0.009021790170669555,1.5460868673324584,0.0,39299.06
0.0051453113555908,39299.06,2.72,0.15357179670333862,0.00902863278388977,1.5465412168502808,0.0,39299.06
0.0054209232330322,39310.94,2.72,0.1536131384849548,0.009035523080825805,1.5469987325668335,0.0,39299.06
0.007397174835205,39293.12,2.72,0.15390957622528073,0.009084929370880125,1.5502793102264403,0.0,39299.06
0.0076758861541747995,39334.72,2.72,0.1539513829231262,0.00909189715385437,1.5507419710159303,0.0,39299.06
0.0079357624053955,39316.88,2.72,0.15399036436080932,0.009098394060134888,1.5511733655929565,0.0,39299.06
0.0081946849822998,39352.55,2.72,0.15402920274734497,0.009104867124557495,1.5516031770706176,0.0,39293.12
0.0084517002105713,39287.17,2.72,0.15406775503158568,0.009111292505264282,1.5520298223495483,0.0,39287.17
0.0087182521820068,39257.5,2.72,0.154107737827301,0.00911795630455017,1.5524722986221313,0.0,39287.17
0.008967638015747,39287.17,2.72,0.15414514570236204,0.009124190950393674,1.55288627910614,0.0,39269.37
0.0092179775238037,39245.64,2.72,0.15418269662857054,0.009130449438095092,1.5533018426895142,0.0,39269.37
0.0094678401947021,39263.43,2.72,0.15422017602920532,0.009136696004867552,1.5537166147232055,0.0,39263.43
0.00972580909729,39257.5,2.72,0.1542588713645935,0.00914314522743225,1.5541448431015015,0.0,39263.43
0.0099711418151855,39263.43,2.72,0.1542956712722778,0.009149278545379638,1.554552095413208,0.0,39263.43
0.0102148056030273,39269.37,2.72,0.1543322208404541,0.009155370140075683,1.5549565773010252,0.0,39269.37
0.0104572772979736,39275.3,2.72,0.15436859159469604,0.00916143193244934,1.5553590803146362,0.0,39263.43
0.010699987411499,39263.43,2.72,0.15440499811172484,0.009167499685287475,1.5557619791030883,0.0,39269.37
0.0109419822692871,39293.12,2.72,0.15444129734039305,0.009173549556732177,1.5561636905670166,0.0,39275.3
0.0111854076385498,39275.3,2.72,0.15447781114578246,0.009179635190963745,1.5565677766799926,0.0,39275.3
0.0114288330078125,39310.94,2.72,0.15451432495117187,0.009185720825195313,1.5569718627929687,0.0,39275.3
0.0116720199584961,39257.5,2.72,0.1545508029937744,0.009191800498962403,1.5573755531311035,0.0,39275.3
0.0119142532348632,39287.17,2.72,0.15458713798522947,0.00919785633087158,1.557777660369873,0.0,39275.3
0.0121557712554931,39275.3,2.72,0.15462336568832397,0.009203894281387327,1.5581785802841186,0.0,39275.3
0.0123982429504394,39257.5,2.72,0.1546597364425659,0.009209956073760985,1.5585810832977294,0.0,39275.3
0.0126421451568603,39269.37,2.72,0.15469632177352904,0.009216053628921507,1.558985960960388,0.0,39287.17
0.0128858089447021,39263.43,2.72,0.1547328713417053,0.009222145223617553,1.5593904428482055,0.0,39287.17
0.0131278038024902,39287.17,2.72,0.1547691705703735,0.009228195095062255,1.5597921543121336,0.0,39287.17
0.0133705139160156,39287.17,2.72,0.15480557708740234,0.00923426284790039,1.560195053100586,0.0,39287.17
0.013612508773803699,39287.17,2.72,0.15484187631607055,0.009240312719345093,1.560596764564514,0.0,39287.17
0.013855457305908201,39293.12,2.72,0.15487831859588622,0.009246386432647705,1.5610000591278075,0.0,39293.12
0.014552116394042901,39322.83,2.72,0.15498281745910641,0.009263802909851073,1.562156513214111,0.0,39293.12
0.026874542236328097,39299.06,2.72,0.15686555404663086,0.0094,1.5831960762023924,0.0,39293.12
0.0392227172851562,39293.12,2.72,0.15877952117919925,0.0094,1.6047436416625978,0.0,39293.12
0.0514943599700927,39340.66,2.72,0.16085404119491578,0.00985977439880371,1.6274795095443726,0.0,39293.12
0.0639593601226806,39304.99,2.72,0.1630126848220825,0.010279187202453613,1.651198923444748,0.0,39293.12
0.0757770538330078,39287.17,2.72,0.1651398696899414,0.010515541076660157,1.6747752223968506,0.0,39299.06
0.0879945755004883,39293.12,2.72,0.16741896934509276,0.010400135612487791,1.7001884729385377,0.0,39299.06
0.1005291938781738,39293.12,2.72,0.16980054683685303,0.010118521785736084,1.7268245369911195,0.0,39293.12
0.11274385452270509,39293.12,2.72,0.17212133235931396,0.010546034908294678,1.7527806908607484,0.0,39304.99
0.12493205070495599,39310.94,2.72,0.17438776912689208,0.01087398076057434,1.778064101409912,0.0,39304.99
0.13715958595275882,39304.99,2.72,0.1765887254714966,0.011057393789291383,1.8025191719055176,0.0,39304.99
0.1498503684997558,39316.88,2.72,0.1787253108024597,0.011198503684997557,1.826275426197052,0.0,39310.94
0.1588563919067383,39287.17,2.72,0.18021130466461183,0.011288563919067383,1.8428014791488647,0.0,39310.94
0.17110443115234372,39340.66,2.72,0.182176708984375,0.011633132934570311,1.86461036529541,0.0,39310.94
0.183347225189209,39340.66,2.72,0.1841188199043274,0.011933472251892091,1.8862576440811158,0.0,39316.88
0.19549798965454102,39310.94,2.72,0.18600218839645385,0.01205497989654541,1.9075214818954467,0.0,39316.88
0.207761287689209,39316.88,2.72,0.18790299959182738,0.012255225753784179,1.9285553826332091,0.0,39316.88
0.2202014923095703,39310.94,2.72,0.18983022384643553,0.012504029846191405,1.949644551849365,0.0,39316.88
0.2324717044830322,39316.88,2.72,0.19167075567245484,0.012749434089660646,1.9706266146659852,0.0,39316.88
0.2450075149536133,39316.88,2.72,0.19360120239257814,0.013025187873840336,1.992413376617432,0.0,39316.88
0.2573378086090088,39293.12,2.72,0.19557404937744144,0.013333445215225222,2.014361299324036,0.0,39310.94
0.26940488815307617,39310.94,2.72,0.19759883098602296,0.013776195526123051,2.0366401164054873,0.0,39310.94
0.2814619541168213,39316.88,2.72,0.19965584197044373,0.014170760917663573,2.0592288812160495,0.0,39310.94
0.29352164268493647,39328.76,2.72,0.2017662874698639,0.01392956714630127,2.082564378595352,0.0,39316.88
0.305274486541748,39304.99,2.72,0.2038230351448059,0.013984607028961182,2.1054643660545347,0.0,39310.94
0.3173484802246094,39304.99,2.72,0.20593598403930666,0.01440719680786133,2.1291897636413575,0.0,39310.94
0.3260915279388428,39310.94,2.72,0.20746601738929749,0.014591372919082643,2.1461871065616607,0.0,39316.88
0.3381164073944092,39352.55,2.72,0.20957037129402162,0.01477174611091614,2.1694552483081817,0.0,39316.88
0.350322961807251,39334.72,2.72,0.21165490350723268,0.01490322961807251,2.192507168197632,0.0,39316.88
0.3629753589630127,39287.17,2.72,0.213776057434082,0.015074383974075317,2.216100276517868,0.0,39316.88
0.37530899047851557,39316.88,2.72,0.2157494384765625,0.015382724761962889,2.2384858177185056,0.0,39316.88
0.388099193572998,39328.76,2.72,0.21779587097167968,0.01541900806427002,2.2614975564956663,0.0,39316.88
0.400566816329956,39310.94,2.72,0.21979352469444274,0.01531133632659912,2.28382593755722,0.0,39316.88
0.41275238990783686,39328.76,2.72,0.2218041443347931,0.015555047798156736,2.305881825733185,0.0,39316.88
0.4251673221588135,39316.88,2.72,0.22385260815620422,0.0158550196647644,2.3284303629398346,0.0,39316.88
0.4363994598388672,39316.88,2.72,0.22570591087341307,0.016191983795166013,2.3489290142059325,0.0,39316.88
0.44867205619812006,39322.83,2.72,0.2276875289916992,0.0164300808429718,2.371109701156616,0.0,39322.83
0.46098685264587397,39316.88,2.72,0.22965789642333984,0.016654276895523065,2.3932763347625734,0.0,39316.88
0.47314739227294916,39322.83,2.72,0.23160358276367188,0.01732310657501221,2.4151653060913088,0.0,39322.83
0.482069730758667,39304.99,2.72,0.2330518542289734,0.017658605384826657,2.431370396518708,0.0,39322.83
0.4948594570159912,39334.72,2.72,0.23522610769271854,0.017402810859680172,2.455287184619904,0.0,39322.83
0.507169246673584,39334.72,2.72,0.23735461816787723,0.017586769866943363,2.4786291073799136,0.0,39322.83
0.5190188884735107,39304.99,2.72,0.2394283054828644,0.018060755538940435,2.501321171426773,0.0,39334.72
0.531536340713501,39340.66,2.72,0.24156117792129517,0.0181,2.525465137577057,0.0,39334.72
0.5440261363983154,39364.45,2.72,0.24368444318771362,0.01818052272796631,2.5494093977928163,0.0,39334.72
0.5562751293182373,39334.72,2.72,0.24576677198410035,0.01842550258636475,2.5725599944114688,0.0,39334.72
0.5682134628295898,39310.94,2.72,0.24775522136688233,0.018746403884887696,2.594589569664002,0.0,39334.72
0.5806593894958496,39352.55,2.72,0.24980550231933596,0.019123078632354736,2.6172901980400085,0.0,39328.76
0.5929102897644043,39322.83,2.72,0.2517656463623047,0.01955186014175415,2.63940307302475,0.0,39334.72
0.6048448085784912,39328.76,2.72,0.25369939341545106,0.019848448085784915,2.660944879484177,0.0,39328.76
0.6171684265136719,39322.83,2.72,0.2557327903747558,0.019971684265136718,2.683189009857178,0.0,39328.76
0.6288189888000488,39358.5,2.72,0.25765513315200805,0.020176379776000977,2.7044828444480897,0.0,39328.76
0.6381990909576416,39322.83,2.72,0.25920285000801085,0.020363981819152832,2.7216953319072723,0.0,39334.72
0.6502799987792969,39340.66,2.72,0.26124759979248047,0.020554199981689454,2.7446861976623538,0.0,39328.76
0.662595272064209,39299.06,2.72,0.2633671489715576,0.02075190544128418,2.768451615047455,0.0,39334.72
0.6750171184539795,39340.66,2.72,0.26560308132171634,0.021000342369079588,2.7931089801311493,0.0,39340.66
0.6872482299804688,39334.72,2.72,0.2678046813964844,0.021136241149902344,2.8174239776611327,0.0,39340.66
0.6994442939758301,39340.66,2.72,0.2699999729156494,0.02119722146987915,2.8416941450119015,0.0,39334.72
0.7117671966552734,39322.83,2.72,0.2721004234313965,0.021494179916381834,2.865393017578125,0.0,39334.72
0.7241499423980713,39340.66,2.72,0.27418474049568176,0.02180374855995178,2.8887943945884706,0.0,39322.83
0.7362759113311768,39346.6,2.72,0.2761855253696442,0.02210689778327942,2.910984917736054,0.0,39322.83
0.7483773231506348,39316.88,2.72,0.2780984850883484,0.022367546463012696,2.932460315513611,0.0,39316.88
0.7605762481689453,39293.12,2.72,0.2799893184661865,0.02262016868591309,2.953773859405518,0.0,39293.12
0.7726311683654785,39233.77,2.72,0.28185783109664914,0.02304209089279175,2.974146674537659,0.0,39233.77
0.7845723628997803,39221.92,2.72,0.283685854434967,0.023322861814498903,2.9941901224136354,0.0,39221.92
0.7966692447662354,39198.22,2.71,0.2855003867149353,0.02338334622383118,3.014270946311951,0.0,39198.22
0.8060147762298584,39186.37,2.71,0.2869022164344788,0.02352029552459717,3.0300251195907593,0.0,39198.22
0.8181061744689941,39192.3,2.71,0.28871592617034914,0.023762123489379887,3.05058049659729,0.0,39192.3
0.8305854797363281,39198.22,2.71,0.2907466041564941,0.023958782196044925,3.0730126457214357,0.0,39186.37
0.8426008224487305,39168.61,2.71,0.29274213981628416,0.02415201644897461,3.0950935791015626,0.0,39174.53
0.8551182746887207,39174.53,2.71,0.2948701066970825,0.024402365493774416,3.119127087402344,0.0,39168.61
0.8675460815429688,39150.86,2.71,0.29709602508544924,0.024877304077148436,3.143705354309082,0.0,39150.86
0.8797476291656494,39150.86,2.71,0.29935331139564514,0.025487381458282467,3.1682914727687836,0.0,39150.86
0.8923029899597168,39115.39,2.71,0.3016760531425476,0.02531545515060425,3.1943287041664123,0.0,39133.12
0.904212713241577,39127.2,2.71,0.30387935194969173,0.0252,3.2190413799762725,0.0,39133.12
0.9162614345550537,39121.3,2.71,0.30610836539268493,0.0252,3.244042476701736,0.0,39133.12
0.9283158779144287,39133.12,2.71,0.30829685802459716,0.025615793895721432,3.268390176439285,0.0,39133.12
0.9400660991668701,39133.12,2.71,0.3104112368583679,0.0262013219833374,3.291823605442047,0.0,39133.12
0.9523100852966309,39115.39,2.71,0.31249271450042726,0.026446201705932617,3.3147198595046996,0.0,39133.12
0.9608166217803955,39139.03,2.71,0.31392657637596133,0.026636747980117795,3.330512755680084,0.0,39139.03
0.9734067916870117,39168.61,2.71,0.31587805271148683,0.02720330562591553,3.3522937496185303,0.0,39156.78
0.9857213497161865,39156.78,2.71,0.31772959570884707,0.027557213497161868,3.373168833780289,0.0,39156.78
0.9987020492553711,39162.69,2.71,0.3196117971420288,0.027687020492553713,3.3946518915176394,0.0,39156.78
1.0099711418151855,39156.78,2.71,0.3212956712722778,0.02789942283630371,3.413302239704132,0.0,39162.69
1.0224645137786865,39162.69,2.71,0.3231819996356964,0.02814929027557373,3.4341019959926604,0.0,39162.69
1.0345075130462646,39156.78,2.71,0.325048664522171,0.028390150260925295,3.4546353097438813,0.0,39168.61
1.0476174354553223,39180.45,2.71,0.3271187896728516,0.02853808717727661,3.4774828607559205,0.0,39162.69
1.0598936080932617,39174.53,2.71,0.32908297729492186,0.02859946804046631,3.499211686325073,0.0,39168.61
1.0717687606811523,39168.61,2.71,0.33104184551239013,0.029129594230651853,3.521348738670349,0.0,39174.53
1.0832092761993406,39192.3,2.71,0.3329776697158813,0.0295160463809967,3.5431025060176844,0.0,39174.53
1.0953834056854246,39198.22,2.71,0.3351690130233764,0.029576917028427123,3.567389894342422,0.0,39174.53
1.1078791618347166,39150.86,2.71,0.33745764493942254,0.02975758323669433,3.592949260807037,0.0,39180.45
1.11625337600708,39174.53,2.71,0.3390068745613098,0.0299250675201416,3.6103257552146912,0.0,39192.3
1.1284236907958984,39198.22,2.71,0.3412583827972412,0.03025271072387695,3.6355370399475095,0.0,39198.22
1.1409528255462646,39174.53,2.71,0.3435715085983276,0.030609528255462645,3.661405651092529,0.0,39198.22
1.1541061401367188,39221.92,2.72,0.34593910522460936,0.030741061401367186,3.6877122802734372,0.0,39198.22
1.1663262844085696,39204.14,2.71,0.3480754683494568,0.030926525688171388,3.711266888999939,0.0,39198.22
1.1786510944366455,39210.07,2.72,0.3501706860542297,0.031173021888732905,3.7341910356521604,0.0,39204.14
1.1910803318023684,39204.14,2.71,0.3520620497703552,0.03153240995407105,3.755481162405014,0.0,39204.14
1.2033107280731201,39192.3,2.71,0.353896609210968,0.0318993218421936,3.7759964867591855,0.0,39204.14
1.2155237197875977,39204.14,2.71,0.3557285579681396,0.03226571159362792,3.795903663253784,0.0,39204.14
1.2281203269958494,39192.3,2.71,0.3576180490493774,0.032724813079833964,3.8168421493530267,0.0,39204.14
1.239739179611206,39215.99,2.72,0.3593608769416809,0.03318956718444823,3.836361821746826,0.0,39204.14
1.2515923976898196,39192.3,2.71,0.36125478363037106,0.03331592397689819,3.857260581922531,0.0,39204.14
1.2638585567474365,39186.37,2.71,0.3632173690795898,0.03353504948616027,3.8791418660640713,0.0,39204.14
1.2730188369750977,39186.37,2.71,0.3646830139160156,0.033855659294128405,3.8958593774795527,0.0,39204.14
1.2850453853607178,39221.92,2.72,0.366657715511322,0.034175680780410764,3.9181610052585594,0.0,39198.22
1.296328544616699,39221.92,2.72,0.36857585258483877,0.03434492816925048,3.939542592048644,0.0,39204.14
1.308969497680664,39210.07,2.72,0.3708145095825195,0.03484847488403319,3.9642596054077144,0.0,39204.14
1.3213646411895752,39215.99,2.72,0.3730456354141235,0.03541364641189575,3.988877044820785,0.0,39210.07
1.3337492942810059,39198.22,2.71,0.37527487297058104,0.035537492942810056,4.014079813861846,0.0,39215.99
1.345442771911621,39192.3,2.71,0.37740691280364985,0.03554557228088379,4.037767185401916,0.0,39215.99
1.3576819896697998,39204.14,2.71,0.379671168088913,0.035423180103302004,4.062429209184646,0.0,39215.99
1.3699724674224856,39227.85,2.72,0.38179531946182255,0.03549972467422486,4.08619727511406,0.0,39215.99
1.3822810649871826,39227.85,2.72,0.38387637572288513,0.03572545857429505,4.1095173223018655,0.0,39215.99
1.3946638107299805,39221.92,2.72,0.3859195287704468,0.03640650959014893,4.131868178367615,0.0,39221.92
1.4069182872772217,39210.07,2.72,0.3878723345279694,0.03683836574554444,4.153745368480682,0.0,39227.85
1.4192376136779785,39215.99,2.72,0.3897818301200867,0.037084752273559576,4.175550576210022,0.0,39227.85
1.4311678409576414,39239.71,2.72,0.39174269375801085,0.03749087443351745,4.196946274518966,0.0,39227.85
1.4400057792663574,39227.85,2.72,0.3932009246826172,0.03780017337799072,4.212810460472107,0.0,39227.85
1.4523062705993652,39275.3,2.72,0.39516900329589844,0.03816918811798096,4.235074349784851,0.0,39227.85
1.4647376537322998,39227.85,2.72,0.39718171286582943,0.03854212961196899,4.257575153255463,0.0,39227.85
1.4771075248718264,39257.5,2.72,0.39922274160385135,0.03891322574615479,4.2799646200180055,0.0,39227.85
1.489455223083496,39227.85,2.72,0.40126011180877685,0.03928365669250489,4.302550334358215,0.0,39233.77
1.5019612312316895,39227.85,2.72,0.4033334093093872,0.03962941846847534,4.325616533184052,0.0,39233.77
1.514432668685913,39233.77,2.72,0.40545355367660524,0.0398164900302887,4.349249907159805,0.0,39239.71
1.5269951820373535,39227.85,2.72,0.4075891809463501,0.0399,4.373230749511719,0.0,39239.71
1.5389227867126465,39245.64,2.72,0.4096168737411499,0.0399,4.396131750488281,0.0,39239.71
1.551292419433594,39239.71,2.72,0.411719711303711,0.040238772583007815,4.419655596923829,0.0,39239.71
1.5631976127624512,39239.71,2.72,0.41372760610580445,0.0405,4.442051631355286,0.0,39239.71
1.5753445625305176,39263.43,2.72,0.4157318528175354,0.0405,4.464280549430847,0.0,39245.64
1.5871219635009766,39263.43,2.72,0.4176395141601562,0.04096292762756347,4.485263436126709,0.0,39263.43
1.5957026481628418,39233.77,2.72,0.4190124237060547,0.04152067213058471,4.500279634284973,0.0,39263.43
1.6078543663024902,39275.3,2.72,0.420917426776886,0.04191781549453735,4.521662956523895,0.0,39263.43
1.6203455924987793,39275.3,2.72,0.4228570227622986,0.04210863981246948,4.543728978347778,0.0,39263.43
1.63283109664917,39263.43,2.72,0.42491713094711303,0.042420777416229245,4.566452595901489,0.0,39263.43
1.644484043121338,39281.25,2.72,0.4268622873306274,0.042689680862426756,4.587885160636902,0.0,39263.43
1.6567513942718506,39251.56,2.72,0.4289477370262146,0.04293502788543701,4.610825107288361,0.0,39263.43
1.669003963470459,39257.5,2.72,0.431030673789978,0.043090039634704584,4.633962510776519,0.0,39263.43
1.6817336082458494,39239.71,2.72,0.4331947134017944,0.04329534845352171,4.658119859790801,0.0,39263.43
1.694082260131836,39275.3,2.72,0.4352939842224121,0.04397452430725097,4.6817675281524656,0.0,39263.43
1.706127405166626,39257.5,2.72,0.43737229590415955,0.044330637025833126,4.704925891971588,0.0,39275.3
1.7183384895324707,39275.3,2.72,0.43950923566818234,0.044391692447662355,4.728493284797668,0.0,39275.3
1.730569124221802,39251.56,2.72,0.4416495967388153,0.04492845621109009,4.752098409748077,0.0,39275.3
1.7428231239318848,39293.12,2.72,0.4437799310684204,0.0454,4.7756921667098995,0.0,39275.3
1.750946521759033,39281.25,2.72,0.4451609086990356,0.0454,4.791207856559753,0.0,39281.25
1.7644400596618652,39299.06,2.72,0.44745481014251703,0.045466600894927975,4.816847312164307,0.0,39281.25
1.776731014251709,39287.17,2.72,0.4495442724227905,0.04565096521377563,4.839954306793213,0.0,39281.25
1.788808822631836,39316.88,2.72,0.4515094116210937,0.046228529357910136,4.862043968963622,0.0,39281.25
1.8012917041778564,39269.37,2.72,0.45350667266845696,0.04689354147911071,4.884566940832137,0.0,39281.25
1.8134911060333254,39281.25,2.72,0.45545857696533204,0.04683254446983338,4.905976891088486,0.0,39281.25
1.8259248733520508,39281.25,2.72,0.4574479797363281,0.04703699493408202,4.927916650199889,0.0,39281.25
1.838119029998779,39263.43,2.72,0.4593990447998046,0.04752476119995115,4.949561278247832,0.0,39281.25
1.8504564762115479,39281.25,2.72,0.4613730361938476,0.047809129524230956,4.971773939561843,0.0,39275.3
1.8626275062561035,39257.5,2.72,0.46333353853225706,0.04810510025024415,4.99382147397995,0.0,39275.3
1.8745739459991455,39269.37,2.72,0.465304701089859,0.04858295783996583,5.015743190908432,0.0,39281.25
1.8865668773651123,39269.37,2.72,0.46731636915206914,0.049226847028732305,5.038078563833237,0.0,39281.25
1.8987808227539062,39281.25,2.72,0.4693927398681641,0.050020753479003914,5.061101850891113,0.0,39275.3
1.907784700393677,39275.3,2.72,0.4709623225688935,0.05006107649803161,5.07858016576767,0.0,39281.25
1.9200322628021238,39304.99,2.72,0.47310580730438234,0.05000096788406372,5.102464686918259,0.0,39281.25
1.9320588111877444,39316.88,2.72,0.475270586013794,0.05036176433563233,5.126577916431428,0.0,39281.25
1.9438073635101318,39287.17,2.72,0.47738532543182377,0.050714220905303954,5.1500576165676115,0.0,39281.25
1.9562635421752932,39275.3,2.72,0.4796274375915528,0.051087906265258796,5.174783131217957,0.0,39281.25
1.968252182006836,39281.25,2.72,0.48166161003112795,0.0512,5.1976728412628175,0.0,39281.25
1.9808065891265867,39287.17,2.72,0.4837250213146209,0.05125242829322814,5.221083300352095,0.0,39281.25
1.9935081005096436,39275.3,2.72,0.48569375557899475,0.052078026533126834,5.242866392374038,0.0,39281.25
2.006056547164917,39245.64,2.72,0.487578199338913,0.052590848207473756,5.263872171878814,0.0,39281.25
2.0183258056640625,39293.12,2.72,0.48935724182128904,0.052774887084960934,5.2838710632324215,0.0,39281.25
2.0302298069000244,39281.25,2.72,0.49113447103500363,0.05341378841400146,5.30353033041954,0.0,39281.25
2.042346239089966,39281.25,2.72,0.4929636670589447,0.05407038717269897,5.323770724821091,0.0,39281.25
2.0544545650482178,39293.12,2.72,0.49484045758247375,0.05443363695144653,5.344778670358658,0.0,39281.25
2.0663104057312016,39281.25,2.72,0.4967727689743042,0.05463155202865601,5.366042698574067,0.0,39281.25
2.0754425525665283,39263.43,2.72,0.4983252339363098,0.05467721276283264,5.382891509485245,0.0,39287.17
2.0868208408355713,39287.17,2.72,0.5002595429420471,0.05493872942924499,5.404566535425186,0.0,39287.17
2.099064826965332,39310.94,2.72,0.5023410205841063,0.055367268943786616,5.428381088447571,0.0,39287.17
2.1113643646240234,39304.99,2.72,0.5046024074554443,0.0557409309387207,5.453383303833007,0.0,39287.17
2.1237802505493164,39281.25,2.72,0.5069182476043701,0.056075605010986324,5.478881822395325,0.0,39287.17
2.135971784591675,39304.99,2.72,0.5092346390724182,0.056319435691833494,5.504301170873641,0.0,39287.17
2.1482110023498535,39287.17,2.72,0.5114779804229735,0.05656422004699707,5.5294504447937,0.0,39287.17
2.1605076789855957,39287.17,2.72,0.5136888438224791,0.056817768764495846,5.554482358837127,0.0,39287.17
2.1728923320770264,39275.3,2.72,0.5158561581134796,0.05725123162269592,5.578446662569045,0.0,39287.17
2.185326099395752,39281.25,2.72,0.517978806400299,0.05773967447280883,5.6019201313972475,0.0,39287.17
2.1973249912261963,39304.99,2.72,0.5199586235523224,0.058279624605178826,5.623818108987808,0.0,39287.17
2.20939564704895,39263.43,2.72,0.5218563252925872,0.0584939564704895,5.644907491159439,0.0,39287.17
2.22170352935791,39269.37,2.72,0.5237555294036864,0.05871072940826415,5.666053411674499,0.0,39287.17
2.2301697731018066,39304.99,2.72,0.5250254659652709,0.05926103525161742,5.680234369945525,0.0,39293.12
2.2424654960632324,39310.94,2.72,0.5268698244094848,0.05988767251968384,5.7008420333862295,0.0,39293.12
2.254758834838867,39293.12,2.72,0.52871382522583,0.05982620582580567,5.721494842529296,0.0,39293.12
2.267030715942383,39388.26,2.72,0.5305897609710692,0.06011638221740721,5.74242798500061,0.0,39293.12
2.279317617416382,39281.25,2.72,0.5324942306995392,0.060669292783737165,5.7636228900432585,0.0,39299.06
2.291600227355957,39293.12,2.72,0.5345140375137328,0.06116400909423827,5.785738410377502,0.0,39304.99
2.3042721748352055,39316.88,2.72,0.5366262697219849,0.06167088699340821,5.809038493061067,0.0,39299.06
2.3161942958831783,39287.17,2.72,0.5386530303001402,0.06214777183532712,5.831750133657454,0.0,39293.12
2.3284554481506348,39358.5,2.72,0.5408219806671142,0.06242683172225952,5.855953173542022,0.0,39299.06
2.340644121170044,39299.06,2.72,0.5430191624164581,0.06261932363510131,5.88043333082199,0.0,39299.06
2.3528625965118413,39304.99,2.72,0.5452795803546906,0.06298587789535524,5.905725574779511,0.0,39299.06
2.3651297092437744,39293.12,2.72,0.5475489962100982,0.0632,5.930990255403518,0.0,39304.99
2.3775599002838135,39293.12,2.72,0.5498485815525055,0.0632,5.956409996080399,0.0,39304.99
2.3860716819763184,39299.06,2.72,0.5513321859359741,0.06347322568893433,5.972966554164887,0.0,39304.99
2.3982911109924316,39304.99,2.72,0.5534094888687133,0.06402309999465944,5.996244566440582,0.0,39299.06
2.4106497764587402,39310.94,2.72,0.5554039642333984,0.06436624441146852,6.0181371088027955,0.0,39304.99
2.4231097698211665,39322.83,2.72,0.5573664654731749,0.06475548849105833,6.039833255243301,0.0,39299.06
2.4351623058319096,39304.99,2.72,0.5591743458747864,0.06535811529159549,6.0605033545017255,0.0,39299.06
2.4475650787353516,39287.17,2.72,0.5610725872039795,0.0657891269683838,6.0817741100311284,0.0,39304.99
2.4599077701568604,39287.17,2.72,0.5629857043743133,0.06609769425392152,6.102941825819016,0.0,39304.99
2.472691297531128,39316.88,2.72,0.5649671511173249,0.0664172824382782,6.124992488241196,0.0,39310.94
2.4854218959808345,39299.06,2.72,0.5669675033569336,0.06676265687942504,6.14708831796646,0.0,39304.99
2.497443199157715,39299.06,2.72,0.5688909118652344,0.06712329597473145,6.168125598526001,0.0,39304.99
2.5095980167388916,39310.94,2.72,0.5708356826782227,0.06758392066955567,6.190068390464782,0.0,39310.94
2.5214452743530273,39310.94,2.72,0.5727529230117798,0.06804335823059082,6.211760474014282,0.0,39310.94
2.533510684967041,39310.94,2.72,0.5748643698692322,0.06840532054901123,6.234805408287048,0.0,39310.94
2.542611598968506,39287.17,2.72,0.5764570298194884,0.06863917398452758,6.252344849967956,0.0,39310.94
2.5550661087036133,39346.6,2.72,0.5786365690231323,0.0688259916305542,6.276880234146118,0.0,39310.94
2.5672597885131836,39358.5,2.72,0.5807704629898072,0.06926298942565919,6.300901783370971,0.0,39310.94
2.5797064304351807,39310.94,2.72,0.5829486253261565,0.06988532152175904,6.325421667957305,0.0,39310.94
2.5918376445770264,39310.94,2.72,0.5851307760238648,0.07007756466865539,6.349142595148086,0.0,39310.94
2.6041133403778076,39316.88,2.72,0.5872787011623383,0.07028226680755614,6.3728536466121675,0.0,39310.94
2.6161363124847417,39299.06,2.72,0.5892624915599823,0.07052272624969483,6.395516949033738,0.0,39310.94
2.628628969192505,39310.94,2.72,0.5913237799167632,0.0709883036136627,6.418375289392471,0.0,39310.94
2.6409687995910645,39287.17,2.72,0.5933550079345703,0.07151453199386595,6.440658371257782,0.0,39310.94
2.6530566215515137,39293.12,2.72,0.5952890594482422,0.0716958493232727,6.462597768115997,0.0,39310.94
2.6648771762847905,39316.88,2.72,0.5972291199684144,0.07206824469566347,6.48427154788971,0.0,39310.94
2.6764400005340576,39304.99,2.72,0.5991948000907897,0.07270420002937317,6.505778400993347,0.0,39310.94
2.689075469970703,39310.94,2.72,0.6013428298950195,0.07303613204956055,6.529416506195068,0.0,39310.94
2.6974942684173584,39310.94,2.72,0.6027740256309508,0.07316241402626038,6.545201753282547,0.0,39310.94
2.7103614807128906,39340.66,2.72,0.604909644317627,0.07351084442138672,6.5691723541259766,0.0,39316.88
2.7227914333343506,39358.5,2.72,0.6069605865001678,0.07395352883338928,6.592264151668549,0.0,39316.88
2.7352397441864014,39316.88,2.72,0.6090145577907562,0.07463818593025207,6.615293526744843,0.0,39316.88
2.747537851333618,39287.17,2.72,0.6110814347267151,0.07482462148666381,6.63812040348053,0.0,39322.83
2.7598376274108887,39322.83,2.72,0.613172396659851,0.07470162372589112,6.660997986984253,0.0,39322.83
2.7719154357910156,39334.72,2.72,0.6151660469055176,0.07565323486328124,6.6834627105712885,0.0,39322.83
2.784224271774292,39322.83,2.72,0.6171970048427582,0.07632112135887147,6.706230417346954,0.0,39322.83
2.7966995239257817,39310.94,2.72,0.6192554214477539,0.0763834976196289,6.72906012878418,0.0,39322.83
2.80881404876709,39346.6,2.72,0.6212102478027344,0.07688477268218992,6.750877147293091,0.0,39322.83
2.8206746578216553,39340.66,2.72,0.6231079452514648,0.07751011986732483,6.772094144344329,0.0,39322.83
2.8328561782836914,39316.88,2.72,0.6250569885253906,0.07769284267425536,6.793655435562133,0.0,39334.72
2.8449223041534424,39322.83,2.72,0.6269875686645507,0.07799689216613769,6.815160147476196,0.0,39322.83
2.8569161891937256,39340.66,2.72,0.628906590270996,0.07847664756774902,6.836749140548706,0.0,39322.83
2.866269826889038,39322.83,2.72,0.6304345214366913,0.07881944394111634,6.853867830610275,0.0,39322.83
2.8784375190734863,39364.45,2.72,0.6324421906471253,0.07924531316757202,6.876317222690583,0.0,39322.83
2.8908510208129883,39352.55,2.72,0.6345446735382081,0.0793,6.899491408920288,0.0,39322.83
2.902838945388794,39316.88,2.72,0.636582620716095,0.07944194726943969,6.921951412057877,1.4194726943970158e-05,39322.83
2.915752410888672,39304.99,2.72,0.6387779098510742,0.0800876205444336,6.946293294525146,7.876205444335975e-05,39322.83
2.927638292312622,39322.83,2.72,0.6408367011547088,0.08083468046188355,6.969080095624924,0.0001,39316.88
2.9403066635131836,39299.06,2.72,0.6430536661148072,0.08170153331756591,6.9936071937561035,0.0001,39316.88
2.9513485431671143,39304.99,2.72,0.644985995054245,0.08175674271583556,7.015470115470887,0.0001,39316.88
2.963634490966797,39299.06,2.72,0.6471360359191894,0.08192720718383789,7.039560050201416,0.0001,39316.88
2.9760684967041016,39340.66,2.72,0.6493119869232178,0.08236239738464356,7.063371171188354,0.0001,39316.88
2.988203763961792,39316.88,2.72,0.6513126022338868,0.08241796236038208,7.085748812770843,0.0001,39316.88
3.000441312789917,39287.17,2.72,0.6532706100463868,0.08232206563949584,7.107878917074204,0.0001,39316.88
3.0125627517700195,39322.83,2.72,0.6552100402832031,0.08292813758850097,7.129273256874084,0.0001,39322.83
3.0217421054840092,39316.88,2.72,0.6566700263500214,0.0833,7.145413842487336,0.0001,39322.83
3.033874988555908,39352.55,2.72,0.6585506232261658,0.0833,7.166403730201721,0.0001,39322.83
3.046354055404663,39322.83,2.72,0.6604848785877228,0.08358593249320984,7.187960745573044,0.0001,39316.88
3.0588786602020264,39322.83,2.72,0.6624261923313141,0.08414953970909118,7.209565688848495,0.0001,39316.88
3.0711095333099365,39340.66,2.72,0.6643775253295898,0.08447773833274841,7.231497159957885,0.0001,39316.88
3.0821187496185303,39293.12,2.72,0.66616018743515,0.0848059374809265,7.2514832492828365,0.0001,39316.88
3.094358444213867,39304.99,2.72,0.6682409355163574,0.08541792221069336,7.27449387512207,0.0001,39322.83
3.1067802906036377,39304.99,2.72,0.6703865508556366,0.08576780290603638,7.2983554681301115,0.0001,39322.83
3.1189706325531006,39310.94,2.72,0.6725198606967926,0.08588970632553102,7.322187586641313,0.0001,39310.94
3.1312055587768555,39310.94,2.72,0.674717000579834,0.08634822235107423,7.34672317314148,0.0001,39310.94
3.1435372829437256,39322.83,2.72,0.6769543973445893,0.08675305924415588,7.371562997961044,0.0001,39310.94
3.1560850143432613,39322.83,2.72,0.6792757276535034,0.08694127521514891,7.3969721540451046,0.0001,39322.83
3.1680257320404053,39328.76,2.72,0.681404503107071,0.08732102928161621,7.4207508207798005,0.0001,39322.83
3.1770193576812744,39304.99,2.72,0.682978387594223,0.08768077430725098,7.438513231420517,0.0001,39322.83
3.1898055076599117,39364.45,2.72,0.685166936302185,0.08789805507659912,7.462638244247436,0.0001,39322.83
3.202334403991699,39346.6,2.72,0.6872618326187133,0.08810504817962647,7.485685206985474,0.0001,39322.83
3.2142233848571773,39370.4,2.72,0.6891046246528624,0.08864005231857298,7.506490923500061,0.0001,39322.83
3.2266221046447754,39293.12,2.72,0.6909933156967163,0.08899933156967163,7.527658914756775,0.0001,39322.83
3.2389140129089355,39304.99,2.72,0.6928371019363403,0.08918371019363404,7.548186401557922,0.0001,39322.83
3.2515578269958496,39322.83,2.72,0.6947336740493774,0.09006683702468872,7.56918599281311,0.0001,39322.83
3.2625718116760254,39322.83,2.72,0.6963986308097839,0.09073857717514038,7.587623516082763,0.0001,39322.83
3.275014877319336,39304.99,2.72,0.6983273059844971,0.09092522315979004,7.609025588989258,0.0001,39322.83
3.2870640754699707,39322.83,2.72,0.7002655724525452,0.09117660188674927,7.630456617355347,0.0001,39322.83
3.2994728088378906,39316.88,2.72,0.7023130134582519,0.09148682022094726,7.65304051208496,0.0001,39322.83
3.3115270137786865,39328.76,2.72,0.7043595923423767,0.0916729052066803,7.676189501523972,0.0001,39322.83
3.3239293098449707,39316.88,2.72,0.7065072757720947,0.09203575859069825,7.700319326591492,0.0001,39328.76
3.332847833633423,39334.72,2.72,0.7081126100540162,0.09257087001800536,7.718067188930512,0.0001,39328.76
3.3453140258789062,39364.45,2.72,0.7103830947875976,0.09297342987060547,7.743140612792969,0.0001,39328.76
3.3576879501342773,39346.6,2.72,0.7126722707748413,0.0929115602493286,7.768383418273927,0.0001,39328.76
3.3697805404663086,39340.66,2.72,0.7148604972839355,0.09363354053497314,7.793101205253601,0.0001,39334.72
3.382154941558838,39352.55,2.72,0.7170878894805908,0.09441077470779419,7.818277558994293,0.0001,39334.72
3.3945689201354985,39328.76,2.72,0.7193224056243898,0.0944728446006775,7.842919306468964,0.0001,39334.72
3.4069020748138428,39304.99,2.72,0.7214388423442841,0.09487961411476135,7.866503348779678,0.0001,39334.72
3.419102430343628,39310.94,2.72,0.7234519010066985,0.09555063366889952,7.889135008287429,0.0001,39328.76
3.431579351425171,39340.66,2.72,0.7254526962280273,0.09617896757125854,7.911005968236923,0.0001,39328.76
3.4434266090393066,39310.94,2.72,0.7273311244010925,0.0967027982711792,7.931628033638001,0.0001,39328.76
3.4550938606262207,39310.94,2.72,0.7291395483970642,0.09705281581878661,7.9518123788833615,0.0001,39328.76
3.467332363128662,39334.72,2.72,0.7310365162849426,0.09741997089385986,7.9730949736595145,0.0001,39328.76
3.4795093536376953,39299.06,2.72,0.7329239498138428,0.09778528060913086,7.994343822097778,0.0001,39328.76
3.4877240657806396,39328.76,2.72,0.7341972301959991,0.09810896263122558,8.008524013471604,0.0001,39328.76
3.5010807514190674,39352.55,2.72,0.7362729202270507,0.09862701878547667,8.031591314983368,0.0001,39328.76
3.5133543014526367,39364.45,2.72,0.7382366882324218,0.09893385753631591,8.053070027542114,0.0001,39328.76
3.5255186557769775,39340.66,2.72,0.7402105782032012,0.09943111934661863,8.074881919908524,0.0001,39328.76
3.5377960205078125,39322.83,2.72,0.742236343383789,0.10016776123046872,8.097533657836912,0.0001,39322.83
3.5502142906188965,39328.76,2.72,0.7444385723114013,0.10045321435928344,8.121977509784697,0.0001,39322.83
3.5625145435333256,39316.88,2.72,0.7466651905536652,0.1007382998943329,8.146742823266985,0.0001,39322.83
3.574772834777832,39316.88,2.72,0.7489329744338988,0.10141250591278074,8.172301360511778,0.0001,39322.83
3.5868268013000493,39322.83,2.72,0.751162958240509,0.10190480403900147,8.1971608086586,0.0001,39322.83
3.598552703857422,39322.83,2.72,0.753332250213623,0.10225658111572265,8.221140279388427,0.0001,39316.88
3.6107821464538574,39322.83,2.72,0.7554868756294251,0.10267737512588501,8.245017364120484,0.0001,39316.88
3.6229379177093506,39310.94,2.72,0.7575700668334961,0.10316158547401429,8.268217631053925,0.0001,39316.88
3.6351308822631836,39316.88,2.72,0.7595209411621093,0.10383219852447509,8.290286896896362,0.0001,39322.83
3.647271156311035,39316.88,2.72,0.7614270292282104,0.10428177890777587,8.311570033073425,0.0001,39322.83
3.6567454338073735,39310.94,2.72,0.7628955422401429,0.10451863584518434,8.327818418979644,0.0001,39322.83
3.6691656112670903,39352.55,2.72,0.764820669746399,0.10496662445068361,8.349119023323059,0.0001,39322.83
3.681286573410034,39322.83,2.72,0.7666994188785552,0.10543859720230102,8.369925771999359,0.0001,39322.83
3.6939923763275146,39358.5,2.72,0.7686688183307647,0.10581977128982543,8.391906811046601,0.0001,39322.83
3.705845355987549,39322.83,2.72,0.7705060301780701,0.10608768033981324,8.412500146198273,0.0001,39322.83
3.7179601192474365,39328.76,2.72,0.7723838184833527,0.10626940178871155,8.433640408086777,0.0001,39322.83
3.7304399013519287,39334.72,2.72,0.7743703842163087,0.10687419457435608,8.455835223913192,0.0001,39322.83
3.7427372932434078,39299.06,2.72,0.7763653398513793,0.10752317819595335,8.477950306034087,0.0001,39322.83
3.7550237178802495,39340.66,2.72,0.7784540320396424,0.10807606730461121,8.50061875948906,0.0001,39322.83
3.7668051719665527,39322.83,2.72,0.780456879234314,0.10860623273849487,8.523002033615112,0.0001,39322.83
3.779078245162964,39316.88,2.72,0.7825433016777038,0.10915852103233338,8.54681179561615,0.0001,39328.76
3.7911183834075928,39322.83,2.72,0.7847013090133667,0.10958914341926575,8.570836766815185,0.0001,39328.76
3.8029289245605464,39328.76,2.72,0.7868272064208983,0.11000251235961912,8.594384626007079,0.0001,39328.76
3.812303066253662,39322.83,2.72,0.7885145519256592,0.11033060731887817,8.612898555850983,0.0001,39328.76
3.824373960494995,39364.45,2.72,0.7906435732841492,0.11066560940742493,8.636301175928116,0.0001,39328.76
3.8366844654083256,39346.6,2.72,0.7927363591194153,0.11085026698112488,8.65938337264061,0.0001,39328.76
3.8491017818450928,39334.72,2.72,0.7947562850952148,0.11126407127380371,8.682074225139617,0.0001,39328.76
3.8614673614501953,39328.76,2.72,0.7967421146392822,0.11174402084350586,8.70449994506836,0.0001,39328.76
3.8738632202148438,39328.76,2.72,0.7987874313354492,0.1121158966064453,8.727308325195311,0.0001,39328.76
3.886289119720459,39310.94,2.72,0.800869150352478,0.1128031295776367,8.75026631708145,0.0001,39334.72
3.8982133865356445,39346.6,2.72,0.8028962757110596,0.11375707092285156,8.772385832023621,0.0001,39328.76
3.9105238914489746,39316.88,2.72,0.8049364420890808,0.11395261945724487,8.795274438095094,0.0001,39328.76
3.922785997390747,39299.06,2.72,0.806973619556427,0.11413929986953734,8.818137675094604,0.0001,39328.76
3.9347901344299316,39346.6,2.72,0.8090143228530884,0.11473950672149659,8.840705452728272,0.0001,39328.76
3.9467413425445557,39334.72,2.72,0.8110460282325744,0.11537077383995056,8.863207430696487,0.0001,39322.83
3.9585616588592534,39310.94,2.72,0.813055482006073,0.11602089123725891,8.885488726949692,0.0001,39322.83
3.9672420024871826,39322.83,2.72,0.8144949304103851,0.11624484004974364,8.901814964675903,0.0001,39322.83
3.9794445037841797,39340.66,2.72,0.8165083431243897,0.1164888900756836,8.924755667114258,0.0001,39322.83
3.9919490814208984,39352.55,2.72,0.8186313438415527,0.11715719947814941,8.948085036849976,0.0001,39322.83
4.004496097564697,39322.83,2.72,0.8207418560981751,0.11764496097564697,8.971327858543397,0.0001,39322.83
4.016295909881592,39316.88,2.72,0.8226888251304627,0.11776295909881593,8.992921515083314,0.0001,39322.83
4.02848219871521,39328.76,2.72,0.8246571517944337,0.11809687695503236,9.01505277967453,0.0001,39322.83
4.040927410125732,39322.83,2.72,0.8266483856201172,0.1185602816581726,9.037550790023804,0.0001,39316.88
4.053301811218262,39299.06,2.72,0.8286282897949219,0.11936461772918702,9.059577223968507,0.0001,39316.88
4.065730094909669,39316.88,2.72,0.8306168151855471,0.11971404857635497,9.08169956893921,0.0001,39299.06
4.078030824661255,39263.43,2.72,0.8325849319458007,0.11952953763008117,9.103594867897035,0.0001,39299.06
4.08953595161438,39287.17,2.72,0.8344734320163727,0.1202151963710785,9.124217033147813,0.0001,39299.06
4.101747751235962,39269.37,2.72,0.836479640197754,0.12104369378089905,9.146180907249452,0.0001,39299.06
4.11412787437439,39281.25,2.72,0.8384604598999025,0.12135319685935976,9.16871273136139,0.0001,39287.17
4.122591495513917,39269.37,2.72,0.839840554237366,0.12165548973083505,9.184233139133456,0.0001,39281.25
4.134736776351929,39299.06,2.72,0.8419052519798279,0.12238420658111575,9.206884087896347,0.0001,39281.25
4.147047996520996,39322.83,2.72,0.8440333993911744,0.12294667987823488,9.230337873268128,0.0001,39287.17
4.159361839294434,39310.94,2.72,0.846188321876526,0.1233776643753052,9.25416515903473,0.0001,39281.25
4.172043561935425,39275.3,2.72,0.8484678411483766,0.12352043561935425,9.279727995109559,0.0001,39287.17
4.184376001358032,39275.3,2.72,0.8506876802444459,0.12379692006111147,9.304530122709275,0.0001,39299.06
4.196452379226685,39322.83,2.72,0.8528614282608034,0.12434035706520083,9.328622496557236,0.0001,39304.99
4.208878517150879,39287.17,2.72,0.8550093479156495,0.12489953327178958,9.352480397415162,0.0001,39304.99
4.221195936203002,39275.3,2.72,0.8570913497924804,0.12545381712913511,9.375616807079314,0.0001,39299.06
4.233684778213502,39304.99,2.72,0.8590895645141604,0.1260158150196076,9.397722057437898,0.0001,39299.06
4.245472431182861,39304.99,2.72,0.8609208646774292,0.12654625940322878,9.418285219478607,0.0001,39304.99
4.257951259613037,39316.88,2.72,0.8627926889419556,0.1271078066825867,9.439686410236359,0.0001,39304.99
4.270022869110107,39275.3,2.72,0.8646535447120667,0.12760091476440433,9.460489449214936,0.0001,39304.99
4.279194593429565,39299.06,2.72,0.8660751619815827,0.12796778373718265,9.476310673666001,0.0001,39304.99
4.291580438613892,39334.72,2.72,0.8680528701782226,0.12881063070297244,9.497849963188171,0.0001,39304.99
4.303606986999512,39304.99,2.72,0.8699771179199218,0.12943606986999512,9.51892043685913,0.0001,39304.99
4.315828800201416,39334.72,2.72,0.8719326080322267,0.12955828800201416,9.540675264358521,0.0001,39304.99
4.328532934188843,39310.94,2.72,0.8740505988121033,0.13006931138038638,9.564227245616914,0.0001,39299.06
4.340831279754639,39304.99,2.72,0.876149630355835,0.13073740758895877,9.587566715908052,0.0001,39299.06
4.352787017822266,39299.06,2.72,0.878301663208008,0.13127541580200197,9.611537970733643,0.0001,39299.06
4.365277051925659,39299.06,2.72,0.8805762546062471,0.1316791557788849,9.637029038524629,0.0001,39299.06
4.377586126327515,39275.3,2.72,0.8828534333705902,0.1318637918949127,9.662755004024506,0.0001,39299.06
4.389747142791748,39299.06,2.72,0.8851032214164735,0.13253356428146365,9.688025321292878,0.0001,39299.06
4.4017157554626465,39293.12,2.72,0.8873088359832765,0.13323431510925296,9.712680038261416,0.0001,39299.06
4.4137794971466064,39299.06,2.72,0.8894803094863891,0.13347558994293213,9.736445609378816,0.0001,39299.06
4.425837755203247,39275.3,2.72,0.8915632296085357,0.1338335102081299,9.75932471446991,0.0001,39299.06
4.437870502471924,39293.12,2.72,0.8935486329078676,0.13431482009887696,9.781224314498902,0.0001,39293.12
4.447102069854736,39281.25,2.72,0.8949653104782105,0.13486163454055788,9.797209029102326,0.0001,39299.06
4.459177494049072,39328.76,2.72,0.8967766241073609,0.1356465371131897,9.817797627353668,0.0001,39299.06
4.47094202041626,39310.94,2.72,0.8984865929603577,0.1359188404083252,9.837035493278504,0.0001,39299.06
4.483325719833374,39322.83,2.72,0.9002988579750062,0.13624965739250186,9.857187666130066,0.0001,39299.06
4.495453834533691,39293.12,2.72,0.9021180751800538,0.13679542255401614,9.87683521194458,0.0001,39299.06
4.508049011230469,39310.94,2.72,0.9040073516845704,0.1374426956176758,9.897843074035645,0.0001,39299.06
4.520428419113159,39299.06,2.72,0.9058706891536714,0.138110710477829,9.918875438594819,0.0001,39299.06
4.5331432819366455,39287.17,2.72,0.9079686415195466,0.13842858204841615,9.941889340305329,0.0001,39299.06
4.545470476150513,39310.94,2.72,0.9100299809455872,0.13903763809204103,9.964885371351242,0.0001,39299.06
4.557608604431152,39299.06,2.72,0.912093462753296,0.1400086883544922,9.98837264957428,0.0001,39299.06
4.56940221786499,39293.12,2.72,0.9142394103050232,0.14034103326797487,10.012274546623232,0.0001,39304.99
4.58149266242981,39299.06,2.72,0.9164836058616638,0.1405746331214905,10.03714205441475,0.0001,39299.06
4.593624830245972,39304.99,2.72,0.9187887177467347,0.14118124151229858,10.062680267667771,0.0001,39299.06
4.602843284606934,39304.99,2.72,0.9205260076522829,0.1416421642303467,10.081900300598145,0.0001,39299.06
4.6151041984558105,39334.72,2.72,0.922794276714325,0.14225520992279056,10.106912564849855,0.0001,39299.06
4.627248048782349,39304.99,2.72,0.9249321682929994,0.14271744146347048,10.130924974393846,0.0001,39299.06
4.639651775360107,39299.06,2.72,0.9270408018112184,0.14308955326080325,10.154926185321807,0.0001,39299.06
4.652008771896362,39293.12,2.72,0.9290814473628999,0.14394061403274538,10.177155745553971,0.0001,39299.06
4.664275169372559,39293.12,2.72,0.9310626512527467,0.14469238262176515,10.199045673942567,0.0001,39299.06
4.676660776138306,39299.06,2.72,0.9329824203014374,0.14524973492622378,10.22090626988411,0.0001,39299.06
4.688856840133667,39287.17,2.72,0.9349170944213868,0.14579855780601506,10.242299470233919,0.0001,39293.12
4.701184988021851,39293.12,2.72,0.9368777482032776,0.1463414745807648,10.26379670481682,0.0001,39293.12
4.713165760040283,39304.99,2.72,0.9386748640060425,0.14676080160140992,10.283984305667879,0.0001,39293.12
4.725201606750488,39287.17,2.72,0.9405062490463257,0.14728608837127688,10.304342731475831,0.0001,39299.06
4.737240314483643,39322.83,2.72,0.9423722487449646,0.14794821729660038,10.324808534622193,0.0001,39304.99
4.748960494995117,39293.12,2.72,0.9442336791992187,0.1484136173248291,10.34553928604126,0.0001,39304.99
4.757575273513794,39304.99,2.72,0.945612043762207,0.1487151345729828,10.360959739589692,0.0001,39310.94
4.769999265670776,39334.72,2.72,0.9476998751640321,0.14929996328353884,10.384048623132706,0.0001,39316.88
4.782351970672607,39328.76,2.72,0.9498115948677064,0.14990583868026736,10.407421622371674,0.0001,39322.83
4.794933319091797,39322.83,2.72,0.9520133308410645,0.15047199935913086,10.432143972015382,0.0001,39322.83
4.807476997375488,39316.88,2.72,0.9542458595275879,0.15099907989501954,10.457315689659119,0.0001,39316.88
4.8199121952056885,39310.94,2.72,0.9564841951370241,0.15149648780822755,10.482621317243577,0.0001,39322.83
4.8322365283966064,39322.83,2.72,0.9587025751113892,0.15198946113586426,10.507150691509247,0.0001,39322.83
4.844525098800659,39322.83,2.72,0.9608692667961121,0.15259413142204284,10.531152436733247,0.0001,39316.88
4.855649709701538,39316.88,2.72,0.9627604506492615,0.1533172311306,10.552177951335908,0.0001,39316.88
4.868194103240967,39304.99,2.72,0.9648110565185548,0.153845823097229,10.574903562736512,0.0001,39316.88
4.880558252334595,39322.83,2.72,0.9667865291118622,0.15424186892509462,10.596754611492157,0.0001,39322.83
4.89281988143921,39310.94,2.72,0.9686870816230776,0.15516149110794078,10.61772199726105,0.0001,39322.83
4.904993057250977,39316.88,2.72,0.9705739238739014,0.15592468757629396,10.63873785018921,0.0001,39322.83
4.9141716957092285,39334.72,2.72,0.9719966128349304,0.15633772630691528,10.65480046749115,0.0001,39322.83
4.926409959793091,39346.6,2.72,0.9739255935668946,0.1568884481906891,10.676505877828598,0.0001,39322.83
4.938560485839844,39370.4,2.72,0.975869677734375,0.157435221862793,10.698316072082521,0.0001,39322.83
4.950774192810059,39340.66,2.72,0.9778777418136597,0.15793096771240236,10.720401288986206,0.0001,39334.72
4.962989568710327,39346.6,2.72,0.979893278837204,0.15843453059196472,10.742645649957657,0.0001,39334.72
4.974794626235962,39322.83,2.72,0.9818411133289338,0.1589657581806183,10.764544031667711,0.0001,39334.72
4.986949920654297,39322.83,2.72,0.983916236114502,0.15954749603271487,10.787509098052979,0.0001,39334.72
4.999418020248413,39322.83,2.72,0.9860981535434723,0.16017090101242065,10.811385508775711,0.0001,39328.76
5.011437892913818,39334.72,2.72,0.9881444417953492,0.1611150314331055,10.834403564929962,0.0001,39328.76
5.024216890335083,39340.66,2.72,0.9903168713569642,0.1619265067100525,10.858769922733307,0.0001,39328.76
5.036545276641846,39310.94,2.72,0.9924126970291138,0.16229635829925537,10.882070572853088,0.0001,39328.76
5.0484349727630615,39322.83,2.72,0.9943917705059051,0.16277957377433777,10.904036000156403,0.0001,39328.76
5.060625314712524,39328.76,2.72,0.9964000503540039,0.1633375188827515,10.926313060188294,0.0001,39334.72
5.069610118865967,39346.6,2.72,0.9978376190185547,0.16387660713195804,10.942306011581422,0.0001,39340.66
5.081822395324707,39346.6,2.72,0.9998006952285767,0.16458200778961182,10.964116759490967,0.0001,39340.66
5.0931267738342285,39352.55,2.72,1.0016659176826477,0.1650907048225403,10.984690728378297,0.0001,39328.76
5.105364084243774,39328.76,2.72,1.0036850739002228,0.16566820421218872,11.007177196693421,0.0001,39328.76
5.117832899093628,39346.6,2.72,1.0057424283504488,0.16629164495468143,11.030369192314149,0.0001,39328.76
5.130132675170898,39340.66,2.72,1.007822554779053,0.16700796051025393,11.053500092697146,0.0001,39334.72
5.142415523529053,39322.83,2.72,1.0099227166175844,0.16770869855880738,11.076774038028718,0.0001,39334.72
5.154932260513306,39328.76,2.72,1.0121131455898285,0.16827195172309878,11.100993924093247,0.0001,39334.72
5.166943550109863,39310.94,2.72,1.014215121269226,0.16881245975494388,11.12454822921753,0.0001,39334.72
5.17950177192688,39328.76,2.72,1.016412810087204,0.1693775797367096,11.149413508415222,0.0001,39334.72
5.191850423812866,39334.72,2.72,1.0185738241672517,0.16969626059532167,11.173449074316025,0.0001,39334.72
5.204128980636597,39334.72,2.72,1.0207019267082216,0.1701890286445618,11.197000548887253,0.0001,39334.72
5.216168403625488,39352.55,2.72,1.0227486286163332,0.1710317882537842,11.219454072761536,0.0001,39334.72
5.227982997894287,39334.72,2.72,1.024677279663086,0.1717390648841858,11.240889566230774,0.0001,39334.72
5.236612558364868,39352.55,2.72,1.0260580093383789,0.17221369071006778,11.256336479473115,0.0001,39352.55
5.249195337295532,39364.45,2.72,1.0280712539672852,0.1730436736106873,11.278583793640136,0.0001,39352.55
5.261576414108276,39358.5,2.72,1.0300443441867828,0.17385517449378968,11.300350842618942,0.0001,39352.55
5.274249315261841,39334.72,2.72,1.0320086438655853,0.17429872603416444,11.322465055131913,0.0001,39352.55
5.287029266357422,39352.55,2.72,1.0339895362854004,0.17495690231323244,11.344766069793701,0.0001,39352.55
5.299015998840333,39364.45,2.72,1.0358474798202517,0.17573603992462167,11.36568291797638,0.0001,39352.55
5.311233997344971,39346.6,2.72,1.0377974395751954,0.17636169986724856,11.387340345287324,0.0001,39352.55
5.323668718338013,39352.55,2.72,1.0398053385257722,0.17698343591690066,11.409650441741945,0.0001,39352.55
5.334824562072754,39346.6,2.72,1.0416460527420044,0.17754122810363773,11.430177194213869,0.0001,39352.55
5.347250461578369,39358.5,2.72,1.043732578468323,0.17816252307891847,11.453512129306795,0.0001,39352.55
5.35962438583374,39358.5,2.72,1.045836145591736,0.17878121929168703,11.477084455013276,0.0001,39358.5
5.371668338775635,39340.66,2.72,1.0480003009796144,0.17915005016326904,11.500669944000245,0.0001,39358.5
5.384056568145752,39358.5,2.72,1.0502301822662354,0.17968395977020266,11.525295681858063,0.0001,39358.5
5.393069267272949,39340.66,2.72,1.051852468109131,0.18031484870910647,11.543726651573182,0.0001,39358.5
5.405463695526123,39400.17,2.72,1.0541381021499634,0.18118245868682864,11.569182531261445,0.0001,39358.5
5.41796612739563,39364.45,2.72,1.0565135642051697,0.1820576289176941,11.595000053071976,0.0001,39346.6
5.430097818374634,39376.36,2.72,1.058667118215561,0.18265440182685855,11.619143191289902,0.0001,39346.6
5.44234824180603,39346.6,2.72,1.060775718688965,0.18326437692642217,11.642868129205704,0.0001,39346.6
5.454529762268066,39346.6,2.72,1.0627247619628908,0.18411708335876467,11.664490328025819,0.0001,39346.6
5.467243432998657,39334.72,2.72,1.0646865149497986,0.18464486865997315,11.686368967437746,0.0001,39346.6
5.478425741195679,39328.76,2.72,1.0663638611793518,0.1848685148239136,11.705155245208742,0.0001,39346.6
5.490777015686035,39346.6,2.72,1.0682704374313354,0.18554662094116212,11.72612092666626,0.0001,39346.6
5.502865791320801,39334.72,2.72,1.0701298686981202,0.18621463165283203,11.746686174201965,0.0001,39346.6
5.51539945602417,39346.6,2.72,1.0720099184036256,0.1867159782409668,11.76805607252121,0.0001,39346.6
5.527397155761719,39340.66,2.72,1.073883544921875,0.18726985778808597,11.78877105102539,0.0001,39346.6
5.5398337841033936,39334.72,2.72,1.075873405456543,0.1878916892051697,11.810410784339906,0.0001,39346.6
5.548713445663452,39358.5,2.72,1.0772941513061525,0.18820497059822083,11.826253500509262,0.0001,39346.6
5.56115198135376,39394.22,2.72,1.079295836830139,0.1886460792541504,11.848571484851837,0.0001,39352.55
5.573486089706421,39364.45,2.72,1.0813926352500915,0.18913944358825685,11.871821279096604,0.0001,39352.55
5.58588981628418,39382.31,2.72,1.0835601669311523,0.18978283805847168,11.89590908164978,0.0001,39358.5
5.597342491149902,39346.6,2.72,1.0856216484069825,0.19052726192474367,11.918871694755556,0.0001,39364.45
5.609590768814087,39364.45,2.72,1.0878742922306062,0.19117953844070437,11.944148799133302,0.0001,39364.45
5.62196683883667,39352.55,2.72,1.0901638651847843,0.1918081761360169,11.969832019615176,0.0001,39364.45
5.6348676681518555,39352.55,2.72,1.0925505186080933,0.19251772174835208,11.996278719711304,0.0001,39364.45
5.647288799285889,39364.45,2.72,1.0947755398750305,0.19316443996429444,12.021195378589631,0.0001,39358.5
5.659180164337158,39388.26,2.72,1.0968565287590029,0.19375900821685796,12.044680824565889,0.0001,39358.5
5.6714186668396,39346.6,2.72,1.0989411733627321,0.19448512001037602,12.06771000032425,0.0001,39364.45
5.68343710899353,39358.5,2.72,1.1009327518939973,0.19517185544967655,12.089746198558808,0.0001,39364.45
5.695435047149658,39370.4,2.72,1.102792432308197,0.19577175235748295,12.11050263156891,0.0001,39370.4
5.7043681144714355,39358.5,2.72,1.1041552171707154,0.19624024629592898,12.125629229450226,0.0001,39370.4
5.717054605484009,39376.36,2.72,1.1060581908226015,0.1969380033016205,12.146625372076036,0.0001,39370.4
5.7291765213012695,39370.4,2.72,1.1078305955886842,0.1975588260650635,12.166641260147095,0.0001,39370.4
5.741390705108643,39382.31,2.72,1.1096155592918397,0.1981834423065186,12.186871152210237,0.0001,39370.4
5.753809213638306,39382.31,2.72,1.1115404281139374,0.19892855281829835,12.208044709253311,0.0001,39370.4
5.766051292419434,39382.31,2.72,1.1134682067871093,0.19981435985565188,12.229462069892884,0.0001,39370.4
5.778136253356934,39358.5,2.72,1.1154018005371094,0.20084158153533943,12.251154574775697,0.0001,39370.4
5.790486812591553,39370.4,2.72,1.1175351922035217,0.20120973625183106,12.274424943923952,0.0001,39370.4
5.802977561950684,39370.4,2.72,1.119735961151123,0.20169775619506838,12.298514675140382,0.0001,39370.4
5.815091609954834,39364.45,2.72,1.1219164897918703,0.20290916099548345,12.322985052108766,0.0001,39370.4
5.827035427093506,39346.6,2.72,1.1241015540122987,0.2037165942192078,12.347604042625429,0.0001,39370.4
5.8389976024627686,39376.36,2.72,1.1263145564556123,0.2042548921108246,12.372604989147188,0.0001,39370.4
5.851185321807861,39376.36,2.72,1.1285692845344546,0.2049711193084717,12.397573983097077,0.0001,39376.36
5.860102891921997,39346.6,2.72,1.1302174916267398,0.20550514459609986,12.415796523571014,0.0001,39376.36
5.872615337371826,39435.93,2.72,1.1323446073532104,0.2061307668685913,12.439695294380188,0.0001,39376.36
5.884875059127808,39429.96,2.72,1.1344043847560883,0.20669500236511232,12.462550731134414,0.0001,39376.36
5.897194862365723,39376.36,2.72,1.1364371522903443,0.20718779449462893,12.484664777946472,0.0001,39376.36
5.90916633605957,39400.17,2.72,1.1383207820892334,0.2079874752044678,12.505832751464844,0.0001,39376.36
5.921505928039551,39382.31,2.72,1.140240948486328,0.20890541496276857,12.527573022270204,0.0001,39376.36
5.934012413024902,39358.5,2.72,1.1422419860839843,0.2097808689117432,12.549772033119202,0.0001,39376.36
5.946240186691284,39358.5,2.72,1.1441984298706056,0.21051200933456424,12.571507532310486,0.0001,39376.36
5.958584547042847,39376.36,2.72,1.1461735275268556,0.21112922735214235,12.593480493736267,0.0001,39376.36
5.970560073852539,39370.4,2.72,1.1480896118164063,0.21220320701599124,12.614796931457521,0.0001,39376.36
5.982211589813232,39370.4,2.72,1.1499649123191833,0.21315528974533082,12.63563615140915,0.0001,39376.36
5.994457006454468,39376.36,2.72,1.1519854060649872,0.2134614251613617,12.657984036779405,0.0001,39376.36
6.006570816040039,39376.36,2.72,1.1540170387268067,0.21422422752380374,12.680485988235475,0.0001,39376.36
6.015331268310547,39376.36,2.72,1.1555063156127932,0.215056470489502,12.696999440765381,0.0001,39376.36
6.027696371078491,39418.05,2.72,1.1576083830833437,0.21584633669853212,12.720500068759918,0.0001,39382.31
6.040181398391724,39412.09,2.72,1.159730837726593,0.21641088390350344,12.744342842960357,0.0001,39382.31
6.052759408950806,39388.26,2.72,1.161869099521637,0.21716556453704836,12.768115282917023,0.0001,39382.31
6.06508231163025,39394.22,2.72,1.1639639929771426,0.21787952713966374,12.791253099632266,0.0001,39382.31
6.0773375034332275,39400.17,2.72,1.1660473755836487,0.21855356268882753,12.814047756385804,0.0001,39382.31
6.089377403259277,39382.31,2.72,1.1680003845214844,0.21916887016296388,12.836160647964478,0.0001,39382.31
6.1006927490234375,39370.4,2.72,1.1698143035888673,0.2197346374511719,12.856860803222657,0.0001,39376.36
6.112951040267944,39370.4,2.72,1.1718369216442108,0.22034755201339726,12.87917089328766,0.0001,39376.36
6.125379323959351,39376.36,2.72,1.1738875884532929,0.22110344929695136,12.901871059465408,0.0001,39370.4
6.1374428272247314,39364.45,2.72,1.1758780664920807,0.2220082120418549,12.924007587957382,0.0001,39370.4
6.149834632873535,39358.5,2.72,1.1779227144241333,0.22274090480804445,12.946943243980408,0.0001,39370.4
6.161961078643799,39364.45,2.72,1.1799333833694459,0.22345688629150395,12.969486827850343,0.0001,39370.4
6.174446105957031,39388.26,2.72,1.1820558380126953,0.22445568847656253,12.99295867919922,0.0001,39370.4
6.183000326156616,39352.55,2.72,1.183510055446625,0.22503501467704773,13.009085618066788,0.0001,39370.4
6.195197105407715,39418.05,2.72,1.1855835079193116,0.22558386974334718,13.03219851474762,0.0001,39370.4
6.207302570343018,39400.17,2.72,1.187641436958313,0.22642071847915654,13.055174883651734,0.0001,39376.36
6.22072696685791,39364.45,2.72,1.1899272192001342,0.2275545225143433,13.08067760219574,0.0001,39376.36
6.234348297119141,39376.36,2.72,1.1923109519958497,0.2285761222839356,13.106490023040772,0.0001,39376.36
6.245145797729492,39370.4,2.72,1.1941490566253663,0.22941166381835942,13.126822641754153,0.0001,39376.36
6.257497787475586,39376.36,2.72,1.1961871349334718,0.2303998229980469,13.149920862579346,0.0001,39376.36
6.269928932189941,39376.36,2.72,1.1982382738113404,0.2310964466094971,13.172720301246644,0.0001,39376.36
6.282243490219116,39382.31,2.72,1.2002589584350587,0.2317233919620514,13.195082195138932,0.0001,39376.36
6.293957471847534,39352.55,2.72,1.2021331954956056,0.2323676609516144,13.215874512529373,0.0001,39376.36
6.306117296218872,39358.5,2.72,1.2040481809139252,0.23325055665969852,13.237244095420838,0.0001,39376.36
6.317892551422119,39376.36,2.72,1.2058733454704285,0.23431032962799075,13.257733039474488,0.0001,39376.36
6.329809188842773,39388.26,2.72,1.2077694702148438,0.2352847351074219,13.278958448028565,0.0001,39382.31
6.33844256401062,39358.5,2.72,1.2091508102416992,0.23597540512084964,13.29441218957901,0.0001,39388.26
6.3508524894714355,39388.26,2.72,1.211190660762787,0.2366426244735718,13.317222843074799,0.0001,39388.26
6.363287687301636,39400.17,2.72,1.2132753452777862,0.2374452071666718,13.340346605873108,0.00011643843650818118,39388.26
6.375527620315552,39388.26,2.72,1.2154173335552216,0.23873040013313296,13.363602478599548,0.00017763810157775986,39388.26
6.387768268585205,39400.17,2.72,1.217559447002411,0.23982146148681643,13.387364647769928,0.0002,39388.26
6.400234222412109,39400.17,2.72,1.2197421600341798,0.24081522445678713,13.411876642608645,0.0002,39388.26
6.412898778915405,39364.45,2.72,1.222021780204773,0.24163842062950136,13.43764901509285,0.0002,39388.26
6.425467491149902,39376.36,2.72,1.224311485862732,0.24261941165924075,13.463253681945801,0.0002,39388.26
6.437530279159546,39388.26,2.72,1.226543101644516,0.2437653765201569,13.487861769485475,0.0002,39388.26
6.449691295623779,39376.36,2.72,1.2286959767341614,0.24453302125930787,13.511749569988252,0.0002,39376.36
6.461803913116455,39394.22,2.72,1.2307976456642151,0.2452172543525696,13.53508312187195,0.0002,39376.36
6.473604917526245,39364.45,2.72,1.2327448113918305,0.24598431963920597,13.556560949897767,0.0002,39376.36
6.485621929168701,39376.36,2.72,1.2346432893753052,0.24687786397933964,13.5775042927742,0.0002,39376.36
6.495137929916382,39388.26,2.72,1.2360706894874571,0.24768672404289246,13.593253274011612,0.0002,39382.31
6.50730037689209,39376.36,2.72,1.2378220527648927,0.24842851696014404,13.613017104911805,0.0002,39376.36
6.519408226013184,39400.17,2.72,1.2395171516418457,0.2489733701705933,13.63245020275116,0.0002,39376.36
6.531922340393066,39406.13,2.72,1.2414479627609252,0.2503710691452027,13.653667978668214,0.0002,39376.36
6.5441834926605225,39370.4,2.72,1.2433693588256836,0.2514464222431183,13.674888451862335,0.0002,39376.36
6.556589126586914,39382.31,2.72,1.2453542602539063,0.251880619430542,13.697094536590578,0.0002,39382.31
6.568899869918823,39376.36,2.72,1.247368478536606,0.2527564889431,13.71962026000023,0.0002,39382.31
6.581167459487915,39364.45,2.72,1.2493984681129455,0.2538109086513519,13.742324010324477,0.0002,39382.31
6.593387126922607,39376.36,2.72,1.2514758115768432,0.25497177705764773,13.765602476787567,0.0002,39376.36
6.6053948402404785,39388.26,2.72,1.2535710712432862,0.25592369041442875,13.788989680480958,0.0002,39376.36
6.617605686187744,39388.26,2.72,1.2557690235137942,0.2566563411712647,13.813411372375489,0.0002,39382.31
6.629643678665161,39382.31,2.72,1.2580322989463808,0.2577161494731903,13.83821063323021,0.0002,39382.31
6.641399621963502,39358.5,2.72,1.2602589300632479,0.25881196975708015,13.862583221244815,0.0002,39388.26
6.650763988494873,39376.36,2.72,1.2619913378715517,0.25956111907958984,13.88187381629944,0.0002,39388.26
6.66288685798645,39406.13,2.72,1.264205200147629,0.26057425150871283,13.906572675943377,0.0002,39388.26
6.67525053024292,39418.05,2.72,1.266368842792511,0.2617488003730774,13.930867291927338,0.0002,39388.26
6.686447620391846,39406.13,2.72,1.2682316192626955,0.2628125239372254,13.951773478603364,0.0002,39388.26
6.698737144470215,39424.01,2.72,1.2701979431152344,0.26398002872467047,13.973833174324037,0.0002,39388.26
6.7109153270721436,39388.26,2.72,1.2720372990608217,0.2646457663536072,13.993946559762955,0.0002,39388.26
6.723464727401733,39388.26,2.72,1.2738850618362427,0.26546379637718204,14.014326240205765,0.0002,39388.26
6.7358410358428955,39388.26,2.72,1.2756177450180055,0.26676330876350407,14.03406645216942,0.0002,39388.26
6.748090505599976,39382.31,2.72,1.2774135758399963,0.2675640727519989,14.054292049407959,0.0002,39388.26
6.760318279266357,39376.36,2.72,1.2792509246826171,0.2681238709449768,14.074866537094115,0.0002,39388.26
6.7725489139556885,39376.36,2.72,1.28120782623291,0.2690411685466767,14.096637066841126,0.0002,39388.26
6.784823179244995,39394.22,2.72,1.2832199404716493,0.26998585433959965,14.118774649810792,0.0002,39388.26
6.796993970870972,39400.17,2.72,1.2852889750480652,0.27095951766967774,14.141168906402587,0.0002,39394.22
6.80564546585083,39370.4,2.72,1.286759729194641,0.2716798645973206,14.15751106710434,0.0002,39394.22
6.818414688110352,39424.01,2.72,1.2889304969787598,0.2727652484893799,14.181964127731325,0.0002,39400.17
6.830736398696899,39418.05,2.72,1.291132551765442,0.27402732186317447,14.206741207361222,0.0002,39400.17
6.843274116516113,39406.13,2.72,1.2934220821380615,0.27527829990386965,14.232326532936098,0.0002,39406.13
6.8553626537323,39435.93,2.72,1.295718904209137,0.27630582556724553,14.257531133031847,0.0002,39406.13
6.867544174194336,39376.36,2.72,1.2979579513549806,0.2772658130645752,14.282552394485474,0.0002,39406.13
6.880138874053955,39400.17,2.72,1.3002243029594422,0.27821458177566527,14.308165943813325,0.0002,39406.13
6.892367362976074,39418.05,2.72,1.302364288520813,0.2794985731124878,14.331583500099182,0.0002,39400.17
6.90458345413208,39406.13,2.72,1.304433352661133,0.28055208997726444,14.354381465625764,0.0002,39400.17
6.916667938232422,39394.22,2.72,1.3063668701171876,0.2812167366027832,14.375952269744873,0.0002,39394.22
6.928922653198242,39394.22,2.72,1.3082830112457275,0.28251533164978027,14.397380803298951,0.0002,39394.22
6.940913677215576,39400.17,2.72,1.3101416199684144,0.2839502522468567,14.418157819652558,0.0002,39400.17
6.953160285949707,39394.22,2.72,1.3120398443222046,0.2846238157272339,14.439038287544252,0.0002,39400.17
6.96492862701416,39364.45,2.72,1.3138639371871947,0.2854189332962036,14.459152595329284,0.0002,39394.22
6.97441291809082,39376.36,2.72,1.3153340023040772,0.2862250980377198,14.475418154525757,0.0002,39394.22
6.9863409996032715,39424.01,2.72,1.3171828549385072,0.2873340999603272,14.496191864299774,0.0002,39394.22
6.998021841049194,39400.17,2.72,1.318993385362625,0.28850218410491946,14.516808549451829,0.0002,39400.17
7.010437250137329,39400.17,2.72,1.3210221462726592,0.2896393525123596,14.539452354002,0.0002,39394.22
7.022663354873657,39388.26,2.72,1.32306608710289,0.29076633548736575,14.562100324583055,0.0002,39400.17
7.03532862663269,39400.17,2.72,1.3252825096607208,0.29203286266326905,14.586354320001602,0.0002,39400.17
7.0479161739349365,39394.22,2.72,1.3274853304386138,0.2934103600025177,14.6107761200428,0.0002,39400.17
7.060357093811035,39412.09,2.72,1.329662491416931,0.2948267820358277,14.635094547462463,0.0002,39394.22
7.07246208190918,39382.31,2.72,1.3317808643341065,0.2957346561431885,14.658638749313354,0.0002,39394.22
7.0846474170684814,39429.96,2.72,1.3338900609016417,0.29683445296287536,14.682246277856827,0.0002,39394.22
7.095804214477539,39388.26,2.72,1.3357867164611816,0.298117484664917,14.703723112869262,0.0002,39394.22
7.108043432235718,39382.31,2.72,1.337867383480072,0.29928369174003605,14.726801001119615,0.0002,39394.22
7.120214223861694,39394.22,2.72,1.3399342758178714,0.30032570686340343,14.749488816308977,0.0002,39400.17
7.1288347244262695,39376.36,2.72,1.3413135559082032,0.3013601669311525,14.76513502483368,0.0002,39394.22
7.141026735305786,39441.89,2.72,1.3432694113254549,0.3027924061775209,14.787284059286119,0.0002,39400.17
7.15337610244751,39429.96,2.72,1.3453070569038392,0.3039038492202759,14.809945147991181,0.0002,39394.22
7.166898727416992,39406.13,2.72,1.3475727836608888,0.3050174045562744,14.83503511390686,0.0002,39400.17
7.178964853286743,39400.17,2.72,1.3496240250587466,0.30592236399650574,14.857659099912643,0.0002,39400.17
7.1910786628723145,39370.4,2.72,1.3516833726882935,0.30699707965850836,14.880206312942507,0.0002,39406.13
7.203555583953857,39400.17,2.72,1.3537688934326173,0.30817333631515514,14.90330671863556,0.0002,39406.13
7.214967250823975,39382.31,2.72,1.355594760131836,0.30937156133651744,14.924190069007876,0.0002,39400.17
7.2274603843688965,39418.05,2.72,1.357630963420868,0.31075794420242314,14.947052503395083,0.0002,39400.17
7.239584922790527,39406.13,2.72,1.359631512260437,0.3121522661209106,14.969240408706666,0.0002,39400.17
7.251972675323486,39418.05,2.72,1.3617353548049926,0.3133374041557312,14.99214944934845,0.0002,39400.17
7.264338493347167,39376.36,2.72,1.3638158514022827,0.3143820020675659,15.01502621269226,0.0002,39406.13
7.276365756988525,39400.17,2.72,1.3658003499031068,0.3151637742042542,15.037276650428772,0.0002,39406.13
7.285478115081787,39376.36,2.72,1.367303888988495,0.31600259265899666,15.054052341175082,0.0002,39412.09
7.2979185581207275,39435.93,2.72,1.3693565620899202,0.31737104139328015,15.076880554151536,0.0002,39406.13
7.308997631072998,39418.05,2.72,1.3711396209716797,0.31845477495193486,15.096805759620668,0.0002,39406.13
7.321409225463867,39424.01,2.72,1.3731254760742186,0.3196620609283447,15.119008421325683,0.0002,39400.17
7.333939552307129,39406.13,2.72,1.3751303283691407,0.3211030485153198,15.14131240310669,0.0002,39400.17
7.346332311630249,39412.09,2.72,1.3771131698608399,0.3225915389537811,15.1635298224926,0.0002,39376.36
7.358884334564209,39370.4,2.72,1.3791214935302736,0.32416054182052617,15.186186223888399,0.0002,39370.4
7.37107253074646,39340.66,2.72,1.3811823302268984,0.32551797838211066,15.209071720457079,0.0002,39340.66
7.383771657943726,39322.83,2.72,1.3833600401401522,0.32687716579437265,15.233235874700547,0.0002,39328.76
7.396048069000244,39328.76,2.72,1.3855084120750427,0.3281048069000244,15.257113494205473,0.0002,39322.83
7.407996416091919,39281.25,2.72,1.3876393548965453,0.3292196774482727,15.280672885942458,0.0002,39310.94
7.420176267623901,39304.99,2.72,1.3898308468341827,0.3303132200717926,15.304847247219087,0.0002,39310.94
7.432149410247803,39310.94,2.72,1.3919261467933655,0.3312112057685852,15.328434338188172,0.0002,39310.94
7.441155195236206,39299.06,2.72,1.393496383190155,0.3319559513568879,15.34608909497261,0.0002,39304.99
7.45350456237793,39310.94,2.72,1.3955957756042483,0.3336231159210206,15.369491145706178,0.0002,39299.06
7.465939998626708,39299.06,2.72,1.397680099773407,0.335212799835205,15.392551397514342,0.0002,39299.06
7.47786808013916,39316.88,2.72,1.3996482332229614,0.3366441696166992,15.414141225051878,0.0002,39299.06
7.489242315292358,39269.37,2.72,1.4014787704467773,0.33800907783508294,15.43449753279686,0.0002,39293.12
7.501868486404418,39293.12,2.72,1.403498957824707,0.3394868486404418,15.457035248231886,0.0002,39275.3
7.5143256187438965,39275.3,2.72,1.4054920989990236,0.34073256187438966,15.479271229457856,0.0002,39269.37
7.52655267715454,39269.37,2.72,1.4074484283447266,0.3420863212585449,15.500899948406218,0.0002,39269.37
7.539273738861084,39245.64,2.72,1.4094837982177735,0.3436128486633302,15.523225411701203,0.0002,39245.64
7.551452398300171,39233.77,2.72,1.4113178597450258,0.34490250182151794,15.544140863084793,0.0002,39233.77
7.563723802566528,39215.99,2.72,1.4131958084106446,0.34619099926948543,15.565260797452925,0.0002,39227.85
7.575727224349976,39227.85,2.72,1.415116355895996,0.3474513585567474,15.586086734247207,0.0002,39227.85
7.587507724761963,39198.22,2.71,1.417001235961914,0.348913542842865,15.607239136314393,0.0002,39221.92
7.599775791168213,39186.37,2.71,1.4189641265869142,0.3505697318077088,15.629689697837831,0.0002,39215.99
7.608499526977539,39198.22,2.71,1.4205299148559571,0.3515349479675294,15.646674077606203,0.0002,39215.99
7.620685815811157,39221.92,2.72,1.4227268759250644,0.35289258513450633,15.670519638729097,0.0002,39210.07
7.63327431678772,39227.85,2.72,1.4250557486057283,0.35459203276634227,15.696577835750581,0.0002,39198.22
7.646052598953247,39186.37,2.71,1.427449993801117,0.3562868378639222,15.723361772775652,0.0002,39198.22
7.658252000808716,39210.07,2.72,1.429767880153656,0.357872760105133,15.749285501718521,0.0002,39198.22
7.670457363128662,39215.99,2.72,1.4320346121788023,0.3594071703910828,15.774385307598115,0.0002,39198.22
7.682823419570923,39198.22,2.71,1.4342658642292023,0.36095292744636537,15.799109209108353,0.0002,39210.07
7.695190191268921,39198.22,2.71,1.4363063815593722,0.3624987739086152,15.821925902891161,0.0002,39210.07
7.7073118686676025,39210.07,2.72,1.4382333396434785,0.3638311868667603,15.843303295421602,0.0002,39210.07
7.719629764556885,39186.37,2.71,1.4401426135063173,0.3650629764556886,15.864366897392275,0.0002,39210.07
7.731506109237671,39198.22,2.71,1.4418683858394623,0.36636567201614384,15.884100141334534,0.0002,39210.07
7.743481159210205,39215.99,2.72,1.4436221738815307,0.3677177391052246,15.904013535881042,0.0002,39210.07
7.7555670738220215,39210.07,2.72,1.445435061073303,0.3691680488586426,15.924197013282775,0.0002,39210.07
7.764891624450684,39210.07,2.72,1.446858201789856,0.3702380786895752,15.939940219688415,0.0002,39210.07
7.776949644088745,39227.85,2.72,1.4487271948337557,0.371564460849762,15.960499143171312,0.0002,39210.07
7.789292335510254,39239.71,2.72,1.4506867736816407,0.3731544652938844,15.982147433853152,0.0002,39215.99
7.801491975784302,39245.64,2.72,1.4526461760044098,0.3747790370941163,16.003867615079884,0.0002,39215.99
7.814059495925903,39180.45,2.71,1.454719816827774,0.3762871395111084,16.027180364942552,0.0002,39221.92
7.826119661331177,39204.14,2.71,1.4567709407329559,0.377795555973053,16.05001094636917,0.0002,39221.92
7.838382720947266,39215.99,2.72,1.4589169761657717,0.37938975372314454,16.07367865142822,0.0002,39227.85
7.850802421569824,39227.85,2.72,1.4611984479904176,0.3808962905883789,16.098944964218138,0.0002,39227.85
7.863139390945435,39239.71,2.72,1.4634964842796327,0.3824552116870881,16.12445550880432,0.0002,39227.85
7.875062465667725,39221.92,2.72,1.4657618684768678,0.3841840575218202,16.14973242721558,0.0002,39227.85
7.887186527252197,39204.14,2.71,1.4680295075416565,0.3858701811790467,16.17507611141205,0.0002,39227.85
7.899322032928467,39239.71,2.72,1.4702745760917661,0.387508474445343,16.200196608161924,0.0002,39239.71
7.911304950714111,39257.5,2.72,1.4723218416213988,0.3891826930999756,16.22307940635681,0.0002,39239.71
7.9204676151275635,39227.85,2.72,1.4738724803447723,0.3904631280422211,16.240406636095045,0.0002,39239.71
7.932754278182983,39275.3,2.72,1.4757769131183625,0.3921218275547028,16.261601129865646,0.0002,39239.71
7.945011615753174,39269.37,2.72,1.4776517423629763,0.3935761034965516,16.282469398307803,0.0002,39239.71
7.957005739212036,39269.37,2.72,1.4794508608818056,0.3947155452251435,16.302499584484103,0.0002,39239.71
7.969581604003906,39239.71,2.72,1.481337240600586,0.39634142456054694,16.323645002746584,0.0002479080200195326,39239.71
7.9818878173828125,39239.71,2.72,1.483192611694336,0.3980548553466796,16.34445648498535,0.0003,39239.71
7.994345188140869,39227.85,2.72,1.4851235041618347,0.3997366003990173,16.365945449543,0.0003,39239.71
8.005535364151001,39251.56,2.72,1.48688565826416,0.40113656687736515,16.38555294818878,0.0003,39239.71
8.017943859100342,39221.92,2.72,1.4888710174560549,0.40256354379653936,16.40764006919861,0.0003,39239.71
8.030143976211548,39221.92,2.72,1.4909244759559632,0.40416943678855904,16.43016779575348,0.0003,39239.71
8.042405605316162,39245.64,2.72,1.4930209809303285,0.4058127286911012,16.453166874313354,0.0003,39239.71
8.054566144943237,39239.71,2.72,1.4951490753650665,0.40739359884262083,16.47675832118988,0.0003,39239.71
8.066999435424805,39227.85,2.72,1.4973598983764649,0.40942989273071284,16.50129887084961,0.0003,39245.64
8.076122522354126,39210.07,2.72,1.4990020540237428,0.4111632792472839,16.519545044708252,0.0003,39239.71
8.088362693786621,39281.25,2.72,1.5012052848815918,0.4127780828475952,16.544192641448973,0.0003,39239.71
8.099504232406616,39293.12,2.72,1.5032107618331911,0.4139479444026947,16.566698549461364,0.0003,39245.64
8.111690521240234,39263.43,2.72,1.5054042938232424,0.4158704833984376,16.591139495086672,0.0003,39239.71
8.12410283088684,39269.37,2.72,1.507597481250763,0.41783593878746045,16.61563640699387,0.0003,39239.71
8.136470556259155,39204.14,2.71,1.5096999945640566,0.41975293622016924,16.63925876245499,0.0003,39239.71
8.148684978485107,39239.71,2.72,1.5117330214500428,0.42125534763336187,16.661632961273195,0.0003,39239.71
8.161205053329468,39263.43,2.72,1.5137867832660676,0.4226265305995941,16.684072691726684,0.0003,39233.77
8.173495531082153,39233.77,2.72,1.5156918073177337,0.4239170307636261,16.705212313461303,0.0003,39233.77
8.185790300369263,39215.99,2.72,1.5175685450553895,0.4252658845424652,16.726127704620364,0.0003,39233.77
8.197785139083862,39233.77,2.72,1.5193677708625795,0.42664529099464427,16.74627903366089,0.0003,39233.77
8.210134983062744,39227.85,2.72,1.5212202474594116,0.428369572544098,16.767330821037294,0.0003,39239.71
8.222326755523682,39227.85,2.72,1.523072280883789,0.430137379550934,16.788329991054535,0.0003,39251.56
8.234607934951782,39251.56,2.72,1.5250372695922851,0.4319181505680084,16.810129084539415,0.0003,39251.56
8.243158340454102,39251.56,2.72,1.5264369178771973,0.43314216766357416,16.82560609664917,0.0003,39251.56
8.255583047866821,39275.3,2.72,1.5285491181373598,0.434881626701355,16.848840299510954,0.0003,39251.56
8.26802134513855,39257.5,2.72,1.5307037353992463,0.43662298831939705,16.872902049922942,0.0003,39257.5
8.280908823013306,39287.17,2.72,1.532963588142395,0.4384181469917298,16.898313101911544,0.0003,39257.5
8.292296409606934,39269.37,2.72,1.535013353729248,0.4398985332489015,16.921031337165832,0.0003,39263.43
8.30433177947998,39263.43,2.72,1.5371580614089968,0.4415497669219972,16.944803652191162,0.0003,39269.37
8.316607236862183,39245.64,2.72,1.539306266450882,0.4433910855293274,16.968618039512634,0.0003,39269.37
8.328962326049805,39269.37,2.72,1.5413787837982178,0.4448410442352295,16.991645868301394,0.0003,39269.37
8.341623544692993,39245.64,2.72,1.5434597671508787,0.44621106081008916,17.014814262723924,0.0003,39269.37
8.35431718826294,39275.3,2.72,1.5454907501220703,0.4478612344741822,17.037599352931977,0.0003,39269.37
8.36626935005188,39269.37,2.72,1.5474657895088197,0.44938366875648506,17.05939829759598,0.0003,39269.37
8.378405809402466,39269.37,2.72,1.5495289875984195,0.45090072617530835,17.081850747394565,0.0003,39269.37
8.390247344970703,39257.5,2.72,1.5515420486450195,0.4523809181213379,17.104218718719483,0.0003,39269.37
8.399613618850708,39257.5,2.72,1.5531343152046202,0.45355170235633846,17.12196780772209,0.0003,39269.37
8.41171407699585,39299.06,2.72,1.5551913930892944,0.4551228300094604,17.14513245744705,0.0003,39269.37
8.424262762069702,39281.25,2.72,1.5573246695518494,0.4567541590690613,17.16905662031174,0.0003,39269.37
8.436462879180908,39263.43,2.72,1.5593986894607546,0.4583401742935181,17.192114841651918,0.0003,39269.37
8.4488525390625,39281.25,2.72,1.5614606689453125,0.46008361816406257,17.21522145996094,0.0003,39269.37
8.461107015609741,39275.3,2.72,1.5634881926536561,0.46189372773170484,17.237947978878022,0.0003,39269.37
8.473221063613892,39257.5,2.72,1.5655475808143615,0.46401368613243105,17.2603589676857,0.0003,39269.37
8.485421895980835,39269.37,2.72,1.5675946128368377,0.46598617491722105,17.28295761704445,0.0003,39263.43
8.498011112213135,39257.5,2.72,1.5696718335151674,0.46781161127090454,17.306310613155365,0.0003,39263.43
8.509702444076538,39269.37,2.72,1.5716009032726288,0.46965239105224615,17.327901009321213,0.0003,39263.43
8.521355390548706,39263.43,2.72,1.5735236394405365,0.47152363944053655,17.349360033845905,0.0003,39263.43
8.533836603164673,39245.64,2.72,1.575583039522171,0.4735830395221712,17.37201343474388,0.0003,39263.43
8.545900583267212,39263.43,2.72,1.5775145904064178,0.47536707582473764,17.39352602071762,0.0003,39269.37
8.554604053497314,39245.64,2.72,1.5788636282920838,0.4764985269546509,17.4087570936203,0.0003,39269.37
8.567035675048828,39287.17,2.72,1.5807905296325684,0.47836088638305657,17.430301361083984,0.0003,39287.17
8.579852104187012,39304.99,2.72,1.5827770761489868,0.4804755971908569,17.45234561920166,0.0003,39287.17
8.592091798782349,39287.17,2.72,1.5847346878051758,0.4822533108234406,17.47376064786911,0.0003,39287.17
8.604674577713013,39287.17,2.72,1.5867713053226473,0.48419467821121226,17.49622459588051,0.0003,39287.17
8.616586685180664,39287.17,2.72,1.5887368030548097,0.48621973648071304,17.518202434158326,0.0003,39287.17
8.629160642623901,39299.06,2.72,1.5909031124591828,0.48858632531166096,17.542409056329728,0.0003,39287.17
8.64117169380188,39257.5,2.72,1.5930109048843386,0.490916763353348,17.56599025535584,0.0003,39287.17
8.653608322143555,39293.12,2.72,1.5952494979858398,0.4932175395965577,17.59136097717285,0.0003,39287.17
8.665727615356445,39245.64,2.72,1.5974882469177247,0.4953736946105957,17.616256163787842,0.0003,39287.17
8.677817821502686,39281.25,2.72,1.5997853860855105,0.4974290296554566,17.64128289051056,0.0003,39287.17
8.6897714138031,39281.25,2.72,1.6019099974155426,0.49955885448455817,17.66504968519211,0.0003,39293.12
8.70180368423462,39287.17,2.72,1.6039976078987122,0.5016885894775391,17.6885187789917,0.0003,39287.17
8.710937261581421,39304.99,2.72,1.6055046481609345,0.5031499618530275,17.705324561309816,0.0003,39287.17
8.723086833953857,39304.99,2.72,1.607478459262848,0.5051710642814639,17.727371091079714,0.0003,39287.17
8.735611200332642,39310.94,2.72,1.6094197360515596,0.5074880720615387,17.749163488578795,0.0003,39287.17
8.747684240341187,39340.66,2.72,1.611291057252884,0.509414214849472,17.769863208580016,0.0003,39287.17
8.760096311569214,39257.5,2.72,1.6132149282932282,0.5112182991981506,17.790967100572587,0.0003,39287.17
8.772173404693604,39281.25,2.72,1.6150868777275087,0.5135129468917847,17.811920857143406,0.0003,39293.12
8.783725500106812,39316.88,2.72,1.61689608001709,0.515577452516556,17.83205688018799,0.0003,39281.25
8.796302318572998,39275.3,2.72,1.6189083709716798,0.5175268593788148,17.85419208068848,0.0003,39281.25
8.808351278305054,39281.25,2.72,1.6208362045288087,0.5197284992694856,17.875648788166046,0.0003,39281.25
8.820897340774536,39275.3,2.72,1.6228480612277985,0.5221704947471618,17.898169053840636,0.0003,39281.25
8.833232164382935,39293.12,2.72,1.624883307123184,0.5245141112327576,17.92111182575226,0.0003,39281.25
8.845539569854736,39263.43,2.72,1.6269971225738524,0.5267417268753053,17.944696046161653,0.0003,39287.17
8.857441663742065,39293.12,2.72,1.6291394994735717,0.5287650828361512,17.968321702528,0.0003,39287.17
8.869460105895996,39287.17,2.72,1.6313974201202392,0.5312812232971192,17.993218921852115,0.0003,39293.12
8.878792762756348,39275.3,2.72,1.6331706249237061,0.5333344078063966,18.01277083797455,0.0003,39293.12
8.890997648239136,39304.99,2.72,1.6354895531654359,0.5355795766830445,18.03861501426697,0.0003,39293.12
8.903411626815796,39316.88,2.72,1.6378140928268432,0.5378140928268432,18.06450619549751,0.0003,39299.06
8.915812969207764,39334.72,2.72,1.6400463344573974,0.5400463344573975,18.08924687356949,0.0003,39299.06
8.928095817565918,39316.88,2.72,1.6420953308105468,0.5423382053375244,18.112010555267332,0.0003,39299.06
8.94005823135376,39299.06,2.72,1.6440084435462952,0.54460727891922,18.13329637289047,0.0003,39299.06
8.952683925628662,39269.37,2.72,1.645839169216156,0.5461854907035829,18.154191896915435,0.0003,39299.06
8.964796304702759,39299.06,2.72,1.6476194457054139,0.5477954641819002,18.174117976665496,0.0003,39299.06
8.977139472961426,39316.88,2.72,1.6494709209442138,0.5495852235794068,18.19423734092712,0.0003,39293.12
8.988912343978882,39287.17,2.72,1.6511922898769378,0.5513814133167267,18.213427120685576,0.0003,39293.12
9.001165866851807,39287.17,2.72,1.652974880027771,0.5532573920249939,18.233470314979552,0.0003,39287.17
9.01291751861572,39287.17,2.72,1.6547376277923582,0.5548438650131223,18.25333060646057,0.0003,39287.17
9.024781703948973,39245.64,2.72,1.6565889811515806,0.5568280663490293,18.273883158588408,0.0003239085197448668,39287.17
9.033238649368286,39293.12,2.72,1.6579843771457674,0.5586463096141817,18.289063375616077,0.00036619324684143424,39287.17
9.045562744140625,39322.83,2.72,1.6600178527832032,0.560962225341797,18.311657958984377,0.0004,39287.17
9.05782198905945,39287.17,2.72,1.6620406281948092,0.5628624083042147,18.334705339431764,0.0004,39287.17
9.070087194442749,39304.99,2.72,1.6642156949996947,0.5654191827774048,18.358621337080002,0.0004,39287.17
9.082353830337526,39281.25,2.72,1.6664236894607547,0.5680001511573795,18.382890044736865,0.0004,39287.17
9.09492039680481,39275.3,2.72,1.6686856714248657,0.5701364674568177,18.40846300749779,0.0004,39293.12
9.107032775878906,39287.17,2.72,1.6709010635375978,0.5724417190551758,18.43321719055176,0.0004,39293.12
9.119554281234741,39293.12,2.72,1.6732175420284272,0.5750086276531221,18.45888627653122,0.0004,39293.12
9.131804704666138,39293.12,2.72,1.6754248468399051,0.5772838703632356,18.483291362285616,0.0004,39293.12
9.144036293029785,39269.37,2.72,1.6775861698150636,0.5796072586059572,18.507188230896,0.0004,39293.12
9.15600872039795,39299.06,2.72,1.6796214824676514,0.5820017440795898,18.529696394348143,0.0004,39293.12
9.168505191802977,39310.94,2.72,1.6816608306884762,0.5840332528114316,18.552594397163386,0.0004,39293.12
9.180786132812502,39293.12,2.72,1.6836218505859377,0.5858375732421879,18.574752148437504,0.0004,39293.12
9.189309358596802,39287.17,2.72,1.6849429505825044,0.5873291377544404,18.5894120967865,0.0004,39293.12
9.201812267303465,39340.66,2.72,1.68687184009552,0.5895352694511411,18.610799302387235,0.0004,39299.06
9.214211702346802,39287.17,2.72,1.6887317553520205,0.5918291649341585,18.631320367383957,0.0004,39310.94
9.22614598274231,39340.66,2.72,1.6905218974113465,0.5942828461170199,18.651378900575637,0.0004,39322.83
9.238186359405518,39322.83,2.72,1.6923279539108278,0.5969919308662415,18.67190774278641,0.0004,39322.83
9.25065565109253,39293.12,2.72,1.69441146068573,0.5994245737075805,18.694659676265715,0.0004,39322.83
9.263121843338013,39346.6,2.72,1.696530713367462,0.6019804608345032,18.717940766859055,0.0004,39322.83
9.275291681289673,39322.83,2.72,1.6985995858192444,0.6050229203224183,18.741489403295517,0.0004,39310.94
9.287946939468384,39340.66,2.72,1.7008304491043094,0.6081867348670961,18.7663349401474,0.0004,39310.94
9.29981803894043,39281.25,2.72,1.7029672470092776,0.6111545097351077,18.78983971710205,0.0004,39310.94
9.312378406524658,39299.06,2.72,1.7051662211418153,0.6138613574028016,18.814585460853575,0.0004,39310.94
9.324586868286133,39263.43,2.72,1.707302701950073,0.6165549797058105,18.838383852767944,0.0004,39316.88
9.3365797996521,39310.94,2.72,1.7094014649391174,0.6193133539199829,18.86135031633377,0.0004,39316.88
9.345868349075317,39304.99,2.72,1.7109682775974273,0.6213616950511933,18.87890315451622,0.0004,39316.88
9.357938289642334,39340.66,2.72,1.7129598177909853,0.6239567322731019,18.901534293079376,0.0004,39316.88
9.37028455734253,39340.66,2.72,1.7149969519615174,0.6261997975349427,18.92401504878998,0.0004,39316.88
9.382575035095213,39316.88,2.72,1.717012005615234,0.6285437587738035,18.946170687294007,0.0004,39316.88
9.395116567611694,39322.83,2.72,1.719018650817871,0.6316791419029236,18.96843190751076,0.0004,39316.88
9.406912565231323,39316.88,2.72,1.7209060104370117,0.6341788245677948,18.989577180242538,0.0004,39316.88
9.41942811012268,39322.83,2.72,1.722908497619629,0.636494200372696,19.01216773877144,0.0004,39316.88
9.43186354637146,39310.94,2.72,1.724957485151291,0.6394472511291505,19.03467301893234,0.0004,39316.88
9.444127798080446,39334.72,2.72,1.7269604476928715,0.6422668375968937,19.056830036544802,0.0004,39316.88
9.456158876419067,39287.17,2.72,1.728885420227051,0.6447933640480042,19.078485977554323,0.0004,39316.88
9.468230962753296,39293.12,2.72,1.7308581088542938,0.6474519666194917,19.100627281093598,0.0004,39316.88
9.48030138015747,39293.12,2.72,1.7328527415275572,0.6501753450393676,19.122978649902343,0.0004,39316.88
9.492432117462158,39316.88,2.72,1.7349756205558775,0.6532080293655396,19.146269665527342,0.0004,39316.88
9.504384756088257,39299.06,2.72,1.7370673323154449,0.6560207987785339,19.169306426811218,0.0004,39316.88
9.513799667358397,39316.88,2.72,1.7387149417877195,0.6579979301452633,19.18757135467529,0.0004,39316.88
9.526111841201782,39364.45,2.72,1.7408390130043032,0.6607668418884278,19.211273616695404,0.0004,39316.88
9.537352561950684,39352.55,2.72,1.7427499355316165,0.6634646148681643,19.23274339332581,0.0004,39316.88
9.54972767829895,39340.66,2.72,1.744805066919327,0.666240089225769,19.255553012895586,0.0004,39316.88
9.562092781066893,39328.76,2.72,1.7468243810653683,0.6689813396453852,19.277920511245725,0.0004,39316.88
9.574400663375853,39322.83,2.72,1.7487321028232572,0.6718121525764461,19.299213147640227,0.0004,39316.88
9.586557865142822,39310.94,2.72,1.7506492584228517,0.6747394662857056,19.320507421302796,0.0004,39310.94
9.59937310218811,39304.99,2.72,1.7526996963500976,0.6779432755470277,19.343190390872955,0.0004,39310.94
9.612005472183228,39304.99,2.72,1.7547809029102326,0.6806811765193941,19.366330041456223,0.0004,39310.94
9.623963832855225,39310.94,2.72,1.7567738515853883,0.6832720432281496,19.388491644096376,0.0004,39310.94
9.636102676391602,39299.06,2.72,1.7588374549865724,0.6859425888061526,19.41143405838013,0.0004,39310.94
9.648133039474487,39304.99,2.72,1.7609232819080354,0.6879792907238007,19.43465942697525,0.0004,39310.94
9.660117864608765,39340.66,2.72,1.7630206263065338,0.6897218049526214,19.45803278260231,0.0004,39310.94
9.669248104095459,39316.88,2.72,1.7646184182167053,0.69141089925766,19.47606500558853,0.0004,39316.88
9.681600093841553,39322.83,2.72,1.7667800164222718,0.6937680215835572,19.500428183460237,0.0004,39316.88
9.693988561630249,39340.66,2.72,1.7689479982852936,0.6966173691749574,19.524647637987137,0.0004,39316.88
9.706318855285646,39316.88,2.72,1.77107420539856,0.6992637710571293,19.548279447937016,0.0004,39316.88
9.718342542648315,39299.06,2.72,1.773118232250214,0.7016685085296632,19.570883980178838,0.0004,39316.88
9.73097229003906,39316.88,2.72,1.7752104278564451,0.7047979339599605,19.5938598449707,0.0004,39316.88
9.742987394332886,39293.12,2.72,1.7771779830932617,0.707727352809906,19.615487687969207,0.0004,39316.88
9.755425691604614,39310.94,2.72,1.7791681106567383,0.7103393952369691,19.637503474140168,0.0004,39316.88
9.76745080947876,39328.76,2.72,1.781017621421814,0.7128646699905397,19.658378138256076,0.0004,39316.88
9.779718160629274,39328.76,2.72,1.7828577240943912,0.7154408137321477,19.679416645479208,0.0004,39316.88
9.791715860366821,39304.99,2.72,1.7847159583568575,0.7179017513751985,19.699816962623597,0.0004585793018341109,39316.88
9.803825378417969,39310.94,2.72,1.7865929336547852,0.7202503143310548,19.720498777770995,0.0005,39328.76
9.815930128097534,39316.88,2.72,1.7884691698551178,0.7223081217765808,19.741379470968248,0.0005,39328.76
9.82492995262146,39328.76,2.72,1.7898887924194335,0.7243064374446868,19.757323214244842,0.0005,39328.76
9.836971282958986,39352.55,2.72,1.7918154052734379,0.7274973899841313,19.779118022155767,0.0005,39328.76
9.849493741989136,39346.6,2.72,1.7939614048480987,0.7308158416271211,19.802780515909195,0.0005,39316.88
9.861843585968018,39328.76,2.72,1.7961318454742434,0.7341069861412051,19.826642479515076,0.0005,39328.76
9.874013900756836,39310.94,2.72,1.7983225021362308,0.7374538227081301,19.851348218536376,0.0005,39328.76
9.886558771133421,39328.76,2.72,1.8006461665153501,0.7411332190513606,19.87740459480285,0.0005,39328.76
9.898566007614136,39316.88,2.72,1.8029275414466857,0.7448554623603819,19.902859936141965,0.0005,39328.76
9.911011934280396,39316.88,2.72,1.805292267513275,0.7482732222557068,19.92902506198883,0.0005,39328.76
9.923054218292238,39334.72,2.72,1.8075497592926029,0.751494096755982,19.95393208112717,0.0005,39322.83
9.935442447662354,39322.83,2.72,1.8097796405792237,0.754715036392212,19.97839883413315,0.0005,39322.83
9.947404861450195,39328.76,2.72,1.8117477535247803,0.7576031181335451,20.000432556152347,0.0005,39328.76
9.95947575569153,39328.76,2.72,1.8136187421321874,0.7603794238090521,20.021677330017095,0.0005,39328.76
9.971641540527344,39293.12,2.72,1.815388023376465,0.7630611389160157,20.04140108795166,0.0005,39328.76
9.980555057525633,39322.83,2.72,1.8166832586288448,0.7650526408195489,20.05580474376678,0.0005,39334.72
9.992925882339478,39364.45,2.72,1.8185388823509216,0.7684546176433563,20.075969188213346,0.0005,39328.76
10.005073070526123,39346.6,2.72,1.8203863259315491,0.7714653448104858,20.09625104665756,0.0005,39328.76
10.017300128936768,39352.55,2.72,1.822281519985199,0.7740330270767213,20.117342722415923,0.0005,39328.76
10.029539346694946,39334.72,2.72,1.8242262954711916,0.7771756236076357,20.13902773385048,0.0005,39322.83
10.041246175765991,39334.72,2.72,1.826099388122559,0.7802928513050081,20.159968039894103,0.0005,39334.72
10.053617715835571,39310.94,2.72,1.8280788345336914,0.7832001632213592,20.18248424282074,0.0005,39334.72
10.066054105758667,39316.88,2.72,1.8301291979789733,0.7863346085548399,20.205421177768706,0.0005,39316.88
10.078524112701418,39310.94,2.72,1.832249099159241,0.7897015104293827,20.22874009075165,0.0005,39316.88
10.090985774993898,39316.88,2.72,1.8344774394989019,0.7936154479980475,20.253471549987797,0.0005,39316.88
10.103149414062502,39334.72,2.72,1.8366983886718755,0.7973188476562506,20.278113769531256,0.0005,39316.88
10.114435195922852,39316.88,2.72,1.838842687225342,0.8002531509399415,20.30181391143799,0.0005,39316.88
10.126949548721313,39310.94,2.72,1.8411856665134432,0.8040628465652468,20.328059304571156,0.0005,39316.88
10.13876676559448,39322.83,2.72,1.843371851634979,0.8080807003021239,20.35281637392044,0.0005,39322.83
10.147441387176514,39316.88,2.72,1.8449394496917726,0.8105091745376589,20.370245567417147,0.0005,39334.72
10.159736156463623,39346.6,2.72,1.8471525081634521,0.8138287622451782,20.394773632144926,0.0005,39334.72
10.171855688095093,39358.5,2.72,1.8491561885356904,0.8168046435832977,20.417055187654494,0.0005,39334.72
10.184632062911987,39352.55,2.72,1.8511948094367983,0.8200274966716767,20.43959658317566,0.0005,39334.72
10.196675777435301,39334.72,2.72,1.8530013666152951,0.823219081020355,20.459348274993896,0.0005,39334.72
10.209241628646849,39334.72,2.72,1.854793828010559,0.8259021175861357,20.479309356975556,0.0005,39334.72
10.22188925743103,39340.66,2.72,1.8565739423274996,0.8284912069320681,20.499288935899738,0.0005,39334.72
10.234479665756226,39316.88,2.72,1.8583995515346527,0.8317647130966187,20.51987425351143,0.0005,39334.72
10.246816158294678,39334.72,2.72,1.860256504535675,0.8349722011566162,20.540691953849795,0.0005,39334.72
10.258644580841066,39334.72,2.72,1.8620899100303654,0.8380475910186773,20.561155124855045,0.0005,39334.72
10.27086853981018,39352.55,2.72,1.86409330906868,0.841280163049698,20.583389427852634,0.0005,39334.72
10.282957553863525,39328.76,2.72,1.866117571926117,0.8446907805442813,20.605837654495243,0.0005,39334.72
10.294990301132202,39322.83,2.72,1.8682233026981354,0.848721750879288,20.629181184196472,0.0005,39334.72
10.304090738296509,39334.72,2.72,1.8698567865848543,0.8515863141059878,20.647224652433398,0.0005,39334.72
10.316284656524658,39358.5,2.72,1.8721126614570618,0.8551225503921508,20.67203927602768,0.0005,39334.72
10.328803062438965,39364.45,2.72,1.8744285665512086,0.8590169799804687,20.697998400497436,0.0005,39334.72
10.340740680694582,39346.6,2.72,1.8766370259284977,0.8628147974014289,20.722922098827365,0.0005,39334.72
10.353211879730225,39310.94,2.72,1.8789441977500918,0.8664314451217653,20.74855041284561,0.0005,39334.72
10.36563491821289,39328.76,2.72,1.881186110687256,0.8701186500549318,20.773403566741944,0.0005,39334.72
10.377664804458618,39334.72,2.72,1.8832913407802583,0.8737877653598789,20.79668139662743,0.0005,39334.72
10.389146566390991,39382.31,2.72,1.8852091834545135,0.8769238400936128,20.817938216495516,0.0005457328319549579,39328.76
10.401651382446289,39310.94,2.72,1.8872642211914061,0.8802128456115722,20.840747717666627,0.0006,39328.76
10.41405463218689,39316.88,2.72,1.8892487411499024,0.8833136580467225,20.862887518453597,0.0006,39328.76
10.426221370697021,39340.66,2.72,1.8911643124580384,0.8866041975021363,20.884325185012816,0.0006,39334.72
10.438439846038818,39322.83,2.72,1.893058176136017,0.8901475553512574,20.905585332107545,0.0006,39340.66
10.450658321380615,39328.76,2.72,1.8949520398139954,0.8931579971313478,20.926579021167758,0.0006,39340.66
10.45973515510559,39340.66,2.72,1.8963589490413668,0.895336437225342,20.942145791006087,0.0006,39340.66
10.472060203552246,39376.36,2.72,1.898269331550598,0.8989577600479126,20.963584754180907,0.0006,39352.55
10.484418869018553,39382.31,2.72,1.900229113388061,0.9024930946350092,20.98539815292358,0.0006,39352.55
10.496672868728638,39352.55,2.72,1.9022510233402252,0.9058016745567321,21.007577892398835,0.0006,39352.55
10.508756637573242,39370.4,2.72,1.9042886283874512,0.9094145576477052,21.030193828201295,0.0006,39352.55
10.521363496780396,39352.55,2.72,1.9064386119365693,0.9133363189697268,21.05414518375397,0.0006,39352.55
10.533306121826172,39364.45,2.72,1.90852857131958,0.9171579589843752,21.077313876342775,0.0006,39352.55
10.545017004013062,39346.6,2.72,1.9105528906822205,0.9206545910835268,21.09998281774521,0.0006,39346.6
10.55735158920288,39322.83,2.72,1.9126497701644898,0.9239849290847777,21.12378856716156,0.0006,39346.6
10.569493293762207,39346.6,2.72,1.9147138599395752,0.9275954545974731,21.14679485874176,0.0006,39346.6
10.581875562667845,39334.72,2.72,1.9168094678401946,0.9313157797336573,21.170041657495496,0.0006,39346.6
10.594318866729738,39346.6,2.72,1.9188626130104067,0.934737688350678,21.19287512044907,0.0006,39346.6
10.606243610382082,39346.6,2.72,1.9208301957130436,0.9381418650627144,21.214663370895387,0.0006,39346.6
10.615453720092773,39334.72,2.72,1.9223498638153078,0.9408588474273684,21.231425770568848,0.0006,39346.6
10.627858400344849,39364.45,2.72,1.9243966360569003,0.9444396440982822,21.25415945663452,0.0006,39346.6
10.639808416366577,39364.45,2.72,1.9263683887004852,0.9478453986644748,21.276147486114503,0.0006,39346.6
10.65229082107544,39352.55,2.72,1.9284279854774475,0.9514643381118776,21.29936092720032,0.0006,39346.6
10.664602994918823,39346.6,2.72,1.9304825091362,0.9550808984756469,21.3223076004982,0.0006,39346.6
10.676959037780762,39358.5,2.72,1.9325830364227297,0.9587877113342286,21.345413400650024,0.0006,39346.6
10.688982725143433,39334.72,2.72,1.9346270632743836,0.9623049902915956,21.367942609643936,0.0006,39346.6
10.701400756835938,39340.66,2.72,1.9367381286621097,0.965976257324219,21.391261437988284,0.0006,39346.6
10.713784217834473,39340.66,2.72,1.9388433170318606,0.9701866340637211,21.4147900138855,0.0006,39340.66
10.72591233253479,39328.76,2.72,1.9409050965309145,0.9740441380977634,21.43780387015343,0.0006,39340.66
10.738043546676636,39346.6,2.72,1.9429674029350281,0.9776228462696075,21.460792520952225,0.0006,39340.66
10.749955654144287,39352.55,2.72,1.9449426829338075,0.9811866962432861,21.482917960166933,0.0006,39340.66
10.762084484100342,39334.72,2.72,1.9469439398765565,0.9848045003890992,21.50526249380112,0.0006,39346.6
10.773999929428102,39340.66,2.72,1.948909988355637,0.9882599795341498,21.526769872617727,0.0006,39352.55
10.78340458869934,39358.5,2.72,1.9504447341918947,0.9908681701183321,21.54366016788483,0.0006,39352.55
10.795652866363525,39370.4,2.72,1.9524044586181644,0.9939914809226992,21.56546210212708,0.0006,39358.5
10.808035850524902,39382.31,2.72,1.95434555683136,0.9976312929153445,21.587222559165955,0.0006,39358.5
10.820109367370605,39358.5,2.72,1.9562180456161498,1.0014317165374755,21.60829850177765,0.0006,39358.5
10.832521677017212,39370.4,2.72,1.95826607670784,1.0050312863349915,21.63082684378624,0.0006,39358.5
10.844849109649658,39334.72,2.72,1.9603001030921936,1.008775960636139,21.653540571689607,0.0006,39358.5
10.857109546661377,39364.45,2.72,1.9623230751991274,1.0127606026649478,21.676651495456696,0.0006,39358.5
10.86926817893982,39358.5,2.72,1.9644219313144686,1.0165267945766452,21.699987585353853,0.0006,39358.5
10.88172459602356,39334.72,2.72,1.9666018043041231,1.0203604937076571,21.724088831186297,0.0006,39352.55
10.893737316131592,39340.66,2.72,1.9687040303230285,1.0242646277427674,21.747693826198578,0.0006,39352.55
10.905837535858154,39346.6,2.72,1.9708799441337586,1.028343137550354,21.771762634754182,0.0006,39352.55
10.917642593383789,39346.6,2.72,1.973063879776001,1.0324749076843263,21.795549825668335,0.0006,39358.5
10.929755449295044,39364.45,2.72,1.975255980873108,1.036811961746216,21.820054784822464,0.0006487772464752211,39358.5
10.938935041427612,39352.55,2.72,1.9769083074569704,1.0401166149139407,21.838643458890918,0.0006946752071380639,39352.55
10.951279163360596,39382.31,2.72,1.9790174577713013,1.043827353191376,21.862117618751526,0.0007,39352.55
10.963616371154785,39382.31,2.72,1.9810605375289918,1.0475210750579835,21.884928649520873,0.0007,39358.5
10.975922822952269,39358.5,2.72,1.9829680375576015,1.0513360751152032,21.90646494016647,0.0007,39358.5
10.987910985946655,39364.45,2.72,1.9847866478919982,1.0547359662055968,21.92665312681198,0.0007,39358.5
11.000373601913452,39334.72,2.72,1.9866541722774504,1.0581027405261993,21.947208971118926,0.0007,39358.5
11.011627674102783,39352.55,2.72,1.9882860127449036,1.0611976103782654,21.965553108787535,0.0007,39358.5
11.02387547492981,39358.5,2.72,1.9901006986141205,1.0644107366085054,21.985788307380677,0.0007,39358.5
11.036609888076782,39358.5,2.72,1.9920745326519014,1.067403323698044,22.00743680973053,0.0007,39358.5
11.048625707626341,39346.6,2.72,1.9939801132202146,1.070830840826034,22.028510631036756,0.0007,39358.5
11.060917377471924,39376.36,2.72,1.9959513672828675,1.0745798001289366,22.05038338766098,0.0007,39358.5
11.073066234588623,39358.5,2.72,1.997955928707123,1.07828520154953,22.072676540470123,0.0007,39370.4
11.085359573364258,39370.4,2.72,2.000011127471924,1.0824098400115967,22.095663582992554,0.0007,39370.4
11.094128608703613,39376.36,2.72,2.0015018634796142,1.0856982282638552,22.11245628566742,0.0007,39370.4
11.10662889480591,39388.26,2.72,2.0037263455390937,1.0900875352859505,22.137090367507938,0.0007,39376.36
11.118084907531738,39382.31,2.72,2.005845707893372,1.093868019485474,22.160231513214114,0.0007,39376.36
11.130320310592651,39370.4,2.72,2.008109257459641,1.0985765226840978,22.185669449138643,0.0007,39370.4
11.142757654190063,39352.55,2.72,2.010423954296112,1.1034065437793736,22.211691073799134,0.0007,39370.4
11.155017852783203,39382.31,2.72,2.0127533920288085,1.107881516265869,22.237437490844727,0.0007,39370.4
11.167325735092163,39388.26,2.72,2.0150186323165893,1.1124105219841003,22.26273461356163,0.0007,39370.4
11.179842233657837,39370.4,2.72,2.0172716020584107,1.1170416264533998,22.28808052315712,0.0007,39370.4
11.191890954971313,39346.6,2.72,2.019262007570267,1.1206078317165376,22.310160447597504,0.0007,39370.4
11.20506525039673,39364.45,2.72,2.0213597875595095,1.1244435963630683,22.33330701065064,0.0007,39370.4
11.217197895050049,39370.4,2.72,2.0231796842575074,1.1279014000892642,22.353204547882083,0.0007,39370.4
11.229201316833498,39370.4,2.72,2.0248881843566897,1.131414388465882,22.372384087181096,0.0007,39370.4
11.240841627120972,39370.4,2.72,2.0265262440681457,1.1348440718650818,22.390884476614,0.0007,39370.4
11.250248193740845,39370.4,2.72,2.0279372290611266,1.137571976184845,22.40635827870369,0.0007,39370.4
11.262620210647583,39412.09,2.72,2.0298061326503753,1.141186063194275,22.426946065473558,0.0007,39370.4
11.274806499481201,39388.26,2.72,2.0316950074195863,1.1448419498443605,22.448089276599884,0.0007,39370.4
11.287245750427246,39382.31,2.72,2.033695548820496,1.148537496376038,22.470432180786133,0.0007,39370.4
11.299336910247801,39346.6,2.72,2.0356905901908875,1.1521043885231017,22.492679914855955,0.0007,39370.4
11.311848878860474,39352.55,2.72,2.037873553800583,1.1563878632068636,22.51694606938362,0.0007,39370.4
11.323801040649414,39364.45,2.72,2.0400031925201416,1.1607394214630127,22.540573128128052,0.0007,39370.4
11.33638644218445,39358.5,2.72,2.0423314918041235,1.1658365090847023,22.5663102742672,0.0007,39370.4
11.348466873168945,39358.5,2.72,2.044566371536255,1.1704327430725099,22.591480433654784,0.0007,39370.4
11.360408067703247,39376.36,2.72,2.046775492525101,1.1748652674198155,22.616532458114627,0.0007,39370.4
11.372303009033203,39370.4,2.72,2.0489760566711426,1.1796827186584478,22.640798138427737,0.0007,39370.4
11.384417533874512,39376.36,2.72,2.051150980758667,1.1844344875335697,22.664849139022827,0.0007,39376.36
11.396692276000978,39388.26,2.72,2.0532376869201663,1.188976142120362,22.688048401641847,0.0007,39376.36
11.40534782409668,39370.4,2.72,2.054628912734985,1.1919380428314208,22.70368543128967,0.0007267391204833972,39376.36
11.417438268661499,39406.13,2.72,2.0565029316425325,1.1958674373149873,22.72490416150093,0.0007871913433074952,39376.36
11.430480241775513,39376.36,2.72,2.0585244374752047,1.2001584797859193,22.747426015853883,0.0008,39376.36
11.442590951919556,39394.22,2.72,2.060401597547531,1.204064330816269,22.76823052778244,0.0008,39376.36
11.455170154571533,39382.31,2.72,2.0623513739585877,1.2077751955986027,22.78974096431732,0.0008,39382.31
11.467382431030273,39376.36,2.72,2.0642442768096925,1.2117100265502931,22.810660869216917,0.0008,39382.31
11.4795401096344,39370.4,2.72,2.066128716993332,1.2158436372756956,22.831511288022995,0.0008,39382.31
11.491880178451538,39376.36,2.72,2.0681008285522458,1.2199204588890074,22.853209114074705,0.0008,39382.31
11.50424909591675,39382.31,2.72,2.0701011008262635,1.2241721654891975,22.875339581966404,0.0008,39382.31
11.51658034324646,39394.22,2.72,2.072135756635666,1.2287347270011904,22.898090733289717,0.0008,39382.31
11.528255701065063,39406.13,2.72,2.074103469181061,1.2331371664047244,22.920333503055573,0.0008,39382.31
11.540214776992798,39382.31,2.72,2.0761386598587035,1.2376891324520114,22.943427406215672,0.0008,39382.31
11.552188634872438,39382.31,2.72,2.0782939542770387,1.2426582834720619,22.967255383396154,0.0008,39388.26
11.56126093864441,39382.31,2.72,2.0799269689559936,1.2463665472984313,22.985315572595596,0.0008,39388.26
11.573346376419067,39406.13,2.72,2.082102347755432,1.2508381592750548,23.009426020956038,0.0008,39388.26
11.585877895355225,39418.05,2.72,2.0843286316871645,1.2554160423278808,23.03407372751236,0.0008,39382.31
11.597504138946533,39388.26,2.72,2.0863632243156434,1.259601490020752,23.05657050886154,0.0008,39382.31
11.610008716583252,39388.26,2.72,2.0884514382362367,1.2640530943870547,23.07971595134735,0.0008,39382.31
11.62246608734131,39376.36,2.72,2.0904822435379034,1.268487791442872,23.102315652847295,0.0008,39388.26
11.634672641754149,39376.36,2.72,2.0923742594718933,1.2728821510314938,23.12367712306976,0.0008,39388.26
11.64745306968689,39370.4,2.72,2.0943924911499026,1.2774831050872806,23.146117402648926,0.0008,39388.26
11.659831047058105,39382.31,2.72,2.096372967529297,1.2819391769409179,23.167902642822263,0.0008,39388.26
11.67210578918457,39388.26,2.72,2.0983369262695315,1.286055439376831,23.190172007369995,0.0008,39388.26
11.684215068817137,39400.17,2.72,2.100274411010742,1.2901331233978266,23.21196067180633,0.0008,39388.26
11.695986986160278,39400.17,2.72,2.1021579177856444,1.294135575294495,23.23279696550369,0.0008,39388.26
11.708231687545778,39388.26,2.72,2.1041170700073244,1.2985457243919383,23.25447008695603,0.0008,39388.26
11.720124006271362,39376.36,2.72,2.1060210810661317,1.3029477424144749,23.27553375182152,0.0008,39388.26
11.729568243026733,39388.26,2.72,2.1076266013145446,1.3065837735652925,23.293336138105392,0.0008,39394.22
11.740664720535278,39406.13,2.72,2.1095163260936736,1.310862564611435,23.314309499454495,0.0008,39394.22
11.75289535522461,39406.13,2.72,2.1116566871643063,1.3156936653137208,23.33840384979248,0.0008,39388.26
11.765148639678955,39388.26,2.72,2.113801011943817,1.3205079694747925,23.362439847373963,0.0008,39388.26
11.777711391448973,39406.13,2.72,2.1159994935035704,1.3254074426650997,23.3869372133255,0.0008,39388.26
11.790032625198366,39394.22,2.72,2.1181055462837226,1.3303632132053387,23.41031149849892,0.0008,39388.26
11.802241325378418,39358.5,2.72,2.120158612060547,1.3351844638824466,23.433134385681154,0.0008,39394.22
11.814577341079712,39376.36,2.72,2.1221323745727543,1.3395020693778992,23.455339213943482,0.0008,39394.22
11.82673692703247,39394.22,2.72,2.1240779083251953,1.3440947708129882,23.476956991577147,0.0008,39388.26
11.83931589126587,39382.31,2.72,2.126090542602539,1.3491263565063476,23.49909596862793,0.0008,39394.22
11.851668596267702,39376.36,2.72,2.1280669754028323,1.353484008693696,23.52112844433785,0.0008583429813385118,39394.22
11.863829135894775,39394.22,2.72,2.130050953102112,1.3578167802810672,23.543122192764283,0.0009,39388.26
11.875976800918579,39394.22,2.72,2.1321160561561587,1.3623114163398746,23.565716849708558,0.0009,39394.22
11.885203123092651,39388.26,2.72,2.133684530925751,1.365803202390671,23.58324202756882,0.0009,39394.22
11.897438526153566,39400.17,2.72,2.1357645494461064,1.3705138325691228,23.60685635547638,0.0009,39394.22
11.909847974777222,39429.96,2.72,2.137923395586014,1.3752422304153442,23.630954310941696,0.0009,39394.22
11.921793460845947,39388.26,2.72,2.1400138556480406,1.3798891227722168,23.65413447751999,0.0009,39394.22
11.934197664260866,39406.13,2.72,2.142184591245652,1.385346972274781,23.677888527059558,0.0009,39388.26
11.946589469909668,39376.36,2.72,2.144320209884644,1.3905687353134157,23.701388203430177,0.0009,39388.26
11.95887756347656,39394.22,2.72,2.1464091857910153,1.3955454132080074,23.724489819335936,0.0009,39388.26
11.971249341964722,39376.36,2.72,2.1483998947143554,1.4003872433662414,23.747242542505266,0.0009,39382.31
11.983369827270508,39382.31,2.72,2.1503560214996336,1.4051984783172606,23.76941623649597,0.0009,39382.31
11.995734930038452,39370.4,2.72,2.1523962634563443,1.4103299959659574,23.791858898019793,0.0009,39382.31
12.007402896881104,39394.22,2.72,2.1542844635009764,1.4146910139083861,23.812851185417177,0.0009,39382.31
12.019634485244751,39376.36,2.72,2.15624151763916,1.418972069835663,23.834745728588103,0.0009,39382.31
12.03162407875061,39382.31,2.72,2.1581598526000976,1.4238658722877506,23.855625897026062,0.0009,39382.31
12.040732860565186,39334.72,2.72,2.1596135933876037,1.4275565011978153,23.871475177383424,0.0009,39388.26
12.052851676940918,39424.01,2.72,2.1614920099258423,1.4317980869293212,23.8925619178772,0.0009,39388.26
12.06461238861084,39406.13,2.72,2.163337982177734,1.4360988315582273,23.913210051727294,0.0009,39388.26
12.076877355575562,39388.26,2.72,2.1653003768920898,1.4408821686744688,23.9350416929245,0.0009,39388.26
12.089339971542357,39394.22,2.72,2.1673410953044887,1.4462562873363487,23.958065746784207,0.0009,39388.26
12.10151791572571,39388.26,2.72,2.1693732248306277,1.4516375246047983,23.981013062715537,0.0009,39388.26
12.113866090774538,39388.26,2.72,2.171595896339417,1.4568237581253063,24.00552419018746,0.0009,39388.26
12.125821828842163,39388.26,2.72,2.1737770383358,1.4621071504116063,24.02969296741486,0.0009,39388.26
12.137925386428833,39406.13,2.72,2.1760161964893343,1.4677353046894077,24.0546262960434,0.0009,39388.26
12.150257587432861,39388.26,2.72,2.1782976536750795,1.4734184902191163,24.080133205986026,0.0009,39388.26
12.162545680999756,39364.45,2.72,2.180558222579956,1.4789819144248961,24.105404090404512,0.0009,39388.26
12.17461371421814,39370.4,2.72,2.182730468559265,1.4841108285427094,24.12960049700737,0.0009,39388.26
12.187215089797974,39388.26,2.72,2.1849265652656555,1.4896467904090884,24.15374791612625,0.0009,39388.26
12.199254035949707,39388.26,2.72,2.1869731861114503,1.4950643161773685,24.176019966506956,0.0009,39388.26
12.207670450210571,39382.31,2.72,2.1882505675315858,1.4980463053226474,24.19040141310692,0.0009,39388.26
12.220758438110352,39429.96,2.72,2.1902099735260014,1.5025730377197268,24.212532461929325,0.0009,39388.26
12.233309984207153,39429.96,2.72,2.1920299477100373,1.5070915943145753,24.232928724336624,0.0009,39388.26
12.245614051818848,39400.17,2.72,2.193842107772827,1.5115491289138794,24.253063185501098,0.0009280702590942378,39388.26
12.257087230682373,39382.31,2.72,2.195563084602356,1.5157368391990662,24.271993930625918,0.000985436153411866,39388.26
12.26902437210083,39376.36,2.72,2.197398777675629,1.5200036520957947,24.292186554431918,0.001,39394.22
12.281782388687134,39412.09,2.72,2.1993851821899417,1.5247020749092106,24.31409047574997,0.001,39400.17
12.294201374053955,39376.36,2.72,2.201372219848633,1.5302906183242801,24.336320459556582,0.001,39400.17
12.307078123092651,39388.26,2.72,2.2034678903102876,1.5355542961597444,24.359936090183258,0.001,39394.22
12.318907022476198,39394.22,2.72,2.2054196587085726,1.5399901334285742,24.38205613203049,0.001,39394.22
12.330794095993042,39424.01,2.72,2.2075429372787476,1.5458510184764862,24.405364369106294,0.001,39406.13
12.342782974243166,39412.09,2.72,2.209714850234986,1.5517940830230723,24.429330331039434,0.001,39412.09
12.355072259902954,39406.13,2.72,2.2119883680820465,1.557508600854874,24.45507638449669,0.001,39406.13
12.363549947738647,39394.22,2.72,2.2135922398090364,1.561415226221085,24.4730146378994,0.001,39406.13
12.375890016555786,39435.93,2.72,2.2159985532283786,1.567029957532883,24.49948408551216,0.001,39406.13
12.38810133934021,39418.05,2.72,2.218298747777939,1.572829149580002,24.52498875904083,0.001,39406.13
12.40069317817688,39429.96,2.72,2.220614374399185,1.5788634077072143,24.55079277729988,0.001,39406.13
12.413656234741211,39382.31,2.72,2.2227532787323,1.5837893692016602,24.574968877792358,0.001,39406.13
12.425730705261229,39382.31,2.72,2.2246596057891845,1.588177093315124,24.596341624259946,0.001,39400.17
12.43820571899414,39406.13,2.72,2.226530857849121,1.5924809730529785,24.617112522125247,0.001,39406.13
12.450260400772093,39400.17,2.72,2.228339060115814,1.5967424422740932,24.63677315125465,0.001,39400.17
12.462619543075562,39376.36,2.72,2.2301929314613345,1.6011430355072025,24.656974636936187,0.001,39400.17
12.474509239196777,39418.05,2.72,2.2319763858795167,1.6054233261108397,24.67683042945862,0.001,39400.17
12.486787796020508,39394.22,2.72,2.2338521083831786,1.6104884471893308,24.697810765075683,0.001,39406.13
12.49861741065979,39406.13,2.72,2.2356856986522673,1.6158709218502045,24.718394294548034,0.001,39406.13
12.510647296905518,39394.22,2.72,2.2376568039894105,1.6208653917312623,24.740231316852572,0.001,39406.13
12.519897222518921,39429.96,2.72,2.2391830417156218,1.6246578612327578,24.75711243109703,0.001,39412.09
12.53223466873169,39429.96,2.72,2.2412798936843874,1.6304502943038945,24.780790563964846,0.001,39412.09
12.544508695602417,39412.09,2.72,2.243411565208435,1.6362641738891606,24.80476247816086,0.001,39412.09
12.556920289993286,39441.89,2.72,2.2456456521987915,1.6422217391967773,24.829709782886503,0.001,39412.09
12.568987607955933,39406.13,2.72,2.2478627074718474,1.64769948554039,24.85427965826988,0.001,39412.09
12.58134412765503,39412.09,2.72,2.2501419429779053,1.6533123876571656,24.87952857913971,0.001,39412.09
12.593764066696167,39412.09,2.72,2.25237753200531,1.6598949553489686,24.90474105539322,0.001,39412.09
12.606053113937378,39418.05,2.72,2.254589560508728,1.6657120422840122,24.92929436888695,0.001030265569686892,39412.09
12.618215799331665,39400.17,2.72,2.2567788438796996,1.6707595567226412,24.953194045686725,0.0010910789966583289,39412.09
12.630171060562134,39406.13,2.72,2.2587782249927524,1.6759752666473393,24.975516462039952,0.0011,39412.09
12.642391204833986,39388.26,2.72,2.2607706367492684,1.6812923500061046,24.99787265243531,0.0011,39412.09
12.654537677764894,39412.09,2.72,2.262653340053559,1.6863331362724312,25.019068247699742,0.0011,39418.05
12.666521787643433,39429.96,2.72,2.264510877084732,1.69101306142807,25.039687038993836,0.0011,39418.05
12.675532102584837,39418.05,2.72,2.26590747590065,1.6943468779563897,25.055004574394225,0.0011,39418.05
12.688001155853271,39447.86,2.72,2.267840179157257,1.699680531692505,25.07624197072983,0.0011,39418.05
12.69997024536133,39418.05,2.72,2.269695388031006,1.7051863128662121,25.096649268341068,0.0011,39418.05
12.712342023849487,39447.86,2.72,2.271613013696671,1.7101368095397953,25.118483672094346,0.0011,39418.05
12.724565744400026,39412.09,2.72,2.2735533478260046,1.7152089275360118,25.14028682608605,0.0011,39424.01
12.737120389938353,39424.01,2.72,2.2756248643398282,1.7207329715728752,25.16307350773811,0.0011,39418.05
12.7494535446167,39412.09,2.72,2.2777071025848388,1.7265377014160157,25.185978128433227,0.0011,39418.05
12.761531352996826,39429.96,2.72,2.2797603300094607,1.7323197359085085,25.208670824813844,0.0011,39418.05
12.773921966552733,39412.09,2.72,2.2818667343139647,1.7381433242797846,25.2327086151123,0.0011,39418.05
12.786102056503296,39429.96,2.72,2.283967859888077,1.7442035796642308,25.25639901018143,0.0011,39418.05
12.798055410385132,39400.17,2.72,2.2860596968173983,1.7504790904521947,25.27970805025101,0.0011,39424.01
12.809991359710693,39418.05,2.72,2.288148487949371,1.7558961982727053,25.302583497047426,0.0011,39424.01
12.8221755027771,39447.86,2.72,2.2902589579582213,1.7613116087913512,25.32571380262375,0.0011,39429.96
12.831127882003786,39406.13,2.72,2.2917361005306245,1.7654744651317604,25.342230942296986,0.0011,39424.01
12.843462467193604,39441.89,2.72,2.2937713070869448,1.7711927349090577,25.364988251972196,0.0011,39429.96
12.85590672492981,39435.93,2.72,2.2958246096134185,1.7769170934677125,25.387947907495498,0.0011,39424.01
12.86820673942566,39424.01,2.72,2.297895145702362,1.782493032741547,25.41096970381737,0.0011,39424.01
12.880165338516235,39447.86,2.72,2.2999281075477604,1.787881015872956,25.433512489795685,0.0011,39424.01
12.89272689819336,39418.05,2.72,2.3020635726928713,1.7940361801147462,25.457253837585448,0.0011,39424.01
12.905051946640013,39441.89,2.72,2.304133571195602,1.799923895454406,25.480421880483622,0.0011,39429.96
12.917307615280151,39412.09,2.72,2.306155756521225,1.8055615030288696,25.503278702497482,0.0011,39424.01
12.929670333862305,39418.05,2.72,2.3081956050872803,1.8113450569152834,25.525900007629392,0.0011,39424.01
12.941694498062134,39424.01,2.72,2.310179592180252,1.8169964140892032,25.547783986473082,0.0011,39429.96
12.95381236076355,39429.96,2.72,2.312179039525986,1.8226918095588687,25.56983849658966,0.0011,39429.96
12.965773820877075,39435.93,2.72,2.3141526804447174,1.8285157795429232,25.591868175935748,0.0011288691043853786,39429.96
12.977785348892212,39424.01,2.72,2.316134582567215,1.834581601190567,25.614269675683975,0.0011889267444610582,39424.01
12.987014055252075,39447.86,2.72,2.3176923893928527,1.8391018167972564,25.63162149415016,0.0012,39424.01
12.999239921569826,39441.89,2.72,2.3197707866668704,1.8450313619613656,25.654667252159122,0.0012,39424.01
13.011370658874512,39453.82,2.72,2.3217761587142944,1.8508579162597658,25.677135718917846,0.0012,39424.01
13.023917198181152,39418.05,2.72,2.32384633769989,1.8567627391815187,25.700111784744266,0.0012,39424.01
13.036015272140501,39424.01,2.72,2.3258425199031825,1.862206872463226,25.7217673371315,0.0012,39424.01
13.048503160476686,39418.05,2.72,2.3278179898738864,1.867613843202592,25.74365298342705,0.0012,39424.01
13.060625314712526,39424.01,2.72,2.3296969237804417,1.8727845181941993,25.764688047599794,0.0012,39418.05
13.073005437850952,39412.09,2.72,2.3316158428668974,1.878417474222183,25.786229461860657,0.0012,39418.05
13.08411717414856,39406.13,2.72,2.3333587478637696,1.883638001203537,25.80576974172592,0.0012,39418.05
13.096790552139282,39412.09,2.72,2.3353864883422855,1.8899113233089448,25.828455088329314,0.0012,39418.05
13.108948945999146,39441.89,2.72,2.337421320819855,1.89579549407959,25.851024018478395,0.0012,39418.05
13.120669603347778,39394.22,2.72,2.3394171805858615,1.9014348016738896,25.873122466611864,0.0012,39424.01
13.132968187332153,39424.01,2.72,2.341569432783127,1.9075840936660773,25.897412169981006,0.0012,39418.05
13.141432762145998,39376.36,2.72,2.34306506099701,1.9118665277481095,25.91420134334565,0.0012,39424.01
13.15374803543091,39459.79,2.72,2.345343386554718,1.918455198955537,25.93913977174759,0.0012,39424.01
13.166034936904907,39441.89,2.72,2.347586288642883,1.9249683418750763,25.96399057254791,0.0012,39435.93
13.17933964729309,39453.82,2.72,2.3499811365127563,1.9319533148288728,25.990866087532044,0.0012,39435.93
13.191443920135498,39418.05,2.72,2.3521026860237124,1.9383652776718143,26.014401205062867,0.0012,39435.93
13.204029321670532,39453.82,2.72,2.354264838075638,1.9449348074436192,26.03843409848213,0.0012,39441.89
13.215358972549437,39424.01,2.72,2.356134230470657,1.9506562811374661,26.059337304353715,0.0012,39441.89
13.227814197540283,39435.93,2.72,2.3581502716064455,1.9565554598808292,26.0816529876709,0.0012,39435.93
13.240455627441406,39441.89,2.72,2.3601706222534182,1.962316423034668,26.103879122924806,0.0012,39429.96
13.252695560455322,39429.96,2.72,2.362067811870575,1.9681303912162782,26.124809408378603,0.0012,39424.01
13.265048265457153,39447.86,2.72,2.3639824811458587,1.9738717194557192,26.14605874056816,0.0012,39424.01
13.276848554611206,39418.05,2.72,2.365811525964737,1.9791818495750428,26.166532242250444,0.0012,39418.05
13.288638591766357,39400.17,2.72,2.3676389817237857,1.984746524047852,26.18720392150879,0.001243192958831791,39418.05
13.301111459732056,39400.17,2.72,2.3695833908557895,1.990733500671387,26.209189512920382,0.0013,39412.09
13.309638023376465,39412.09,2.72,2.370990273857117,1.9948262512207033,26.224452061843873,0.0013,39412.09
13.321624517440796,39412.09,2.72,2.372968045377731,2.00063662648201,26.24604597020149,0.0013,39412.09
13.334038257598877,39418.05,2.72,2.375016312503815,2.007029702663422,26.269321732997895,0.0013,39412.09
13.346487522125246,39412.09,2.72,2.3771677539825444,2.013765450000764,26.29341016902924,0.0013,39412.09
13.358790159225464,39412.09,2.72,2.3793822286605835,2.020716439962387,26.317892416858673,0.0013,39412.09
13.371418237686157,39406.13,2.72,2.38176946516037,2.0281367602348332,26.3442212079525,0.0013,39412.09
13.383813858032225,39388.26,2.72,2.384124633026123,2.035450176239013,26.37043793334961,0.0013,39406.13
13.39643669128418,39394.22,2.72,2.386522971343994,2.0428976478576657,26.397703253173827,0.0013,39406.13
13.408577919006348,39424.01,2.72,2.388786915016174,2.049760745048523,26.422770285987855,0.0013,39406.13
13.420728206634521,39394.22,2.72,2.391016513061523,2.0564568212509156,26.447207130908968,0.0013,39406.13
13.432570695877075,39400.17,2.72,2.392911311340332,2.062259640979767,26.46846439909935,0.0013,39406.13
13.444870948791504,39406.13,2.72,2.3948306423187256,2.0680675722122195,26.489837065505984,0.0013,39406.13
13.456596612930298,39412.09,2.72,2.3965894919395447,2.073285492753983,26.509184411334992,0.0013,39412.09
13.466143608093262,39400.17,2.72,2.397960105133057,2.077441751480103,26.524599054908755,0.0013,39412.09
13.478377580642702,39447.86,2.72,2.3996728612899783,2.082702359676362,26.54411224112511,0.0013,39412.09
13.491123676300049,39424.01,2.72,2.401512933063507,2.088461272716522,26.56449788208008,0.0013,39412.09
13.502870082855225,39435.93,2.72,2.4032305124282836,2.0938058876991272,26.583507388782504,0.0013,39412.09
13.515244007110596,39429.96,2.72,2.4050866010665897,2.099436023235321,26.60423371191025,0.0013,39424.01
13.527597188949585,39382.31,2.72,2.4070155502319337,2.1054745663642884,26.625647024440767,0.0013,39424.01
13.5399751663208,39441.89,2.72,2.408996026611328,2.111787334823609,26.64755604438782,0.0013,39429.96
13.552299976348877,39406.13,2.72,2.411090995979309,2.1181344878196717,26.670539455890655,0.0013,39424.01
13.564356327056885,39412.09,2.72,2.4131623572349548,2.124713796234131,26.693481964302062,0.0013,39424.01
13.576308012008667,39429.96,2.72,2.415253902101517,2.1318848072052003,26.717026783657072,0.0013,39424.01
13.588348627090454,39424.01,2.72,2.417444496011734,2.1391091762542724,26.741623401212692,0.0013,39424.01
13.600267887115477,39435.93,2.72,2.4196508985519407,2.146262071704864,26.766361223506923,0.0013013394355773855,39429.96
13.61245083808899,39424.01,2.72,2.421965659236908,2.1536327570438387,26.791884505796432,0.0013622541904449493,39424.01
13.621077299118042,39412.09,2.72,2.423593913841248,2.1588194469928745,26.809881530714037,0.0014,39429.96
13.633405208587645,39453.82,2.72,2.425812937545776,2.1659079949378963,26.834845547389982,0.0014,39429.96
13.64577031135559,39435.93,2.72,2.427980952930451,2.1729313743591314,26.859134740018845,0.0014,39429.96
13.657960891723633,39453.82,2.72,2.430053351593018,2.1797580993652343,26.882235889816283,0.0014,39429.96
13.67100214958191,39406.13,2.72,2.4321603439331057,2.1861810317993164,26.905738837003707,0.0014,39429.96
13.683203220367432,39429.96,2.72,2.434096499156952,2.192085594081879,26.927245474624634,0.0014,39429.96
13.695533037185669,39429.96,2.72,2.436007620763779,2.1981888534069065,26.948206163215637,0.0014,39435.93
13.707719802856445,39447.86,2.72,2.437857970428467,2.2040283073425297,26.96865347175598,0.0014,39435.93
13.720010757446289,39429.96,2.72,2.4397016674041754,2.209805486297608,26.98911850280762,0.0014,39429.96
13.732161283493042,39441.89,2.72,2.441584998941422,2.2160022545814515,27.010017407608032,0.0014,39429.96
13.744096517562866,39418.05,2.72,2.443475925397873,2.2221301891326903,27.030955661964416,0.0014,39441.89
13.756007194519041,39441.89,2.72,2.445441187095642,2.2283237411499015,27.052633094024653,0.0014,39441.89
13.768203973770142,39459.79,2.72,2.447494675540924,2.2351993246555333,27.07548755016327,0.0014,39441.89
13.777307271957397,39412.09,2.72,2.4490422362327577,2.240524754095078,27.092783816719056,0.0014,39441.89
13.789766788482666,39489.64,2.72,2.4512091879844666,2.2477159033775336,27.116896403598787,0.0014,39441.89
13.80199933052063,39441.89,2.72,2.453339886188507,2.2547896016597755,27.140648711252215,0.0014,39441.89
13.814257860183716,39441.89,2.72,2.4554238362312315,2.262083426809311,27.164246380853655,0.0014,39441.89
13.826390504837038,39459.79,2.72,2.457486385822296,2.269078682708741,27.187410006666187,0.0014,39441.89
13.838799476623535,39447.86,2.72,2.459595911026001,2.2760277069091797,27.2109250082016,0.0014,39441.89
13.851176500320433,39429.96,2.72,2.4617000050544737,2.282791192674636,27.234211820602415,0.0014,39441.89
13.863420486450195,39441.89,2.72,2.4637643802642826,2.2895667797088626,27.257110797500612,0.0014,39441.89
13.875587463378906,39447.86,2.72,2.4657719314575197,2.296562791442872,27.279558869934085,0.0014,39441.89
13.887723207473753,39418.05,2.72,2.4677743292331695,2.303000219774246,27.301640389490125,0.001438616037368768,39441.89
13.899836301803589,39441.89,2.72,2.469772989797592,2.3091173324108123,27.323504524755474,0.0014991815090179426,39441.89
13.911876678466797,39453.82,2.72,2.4717002685546876,2.3154946395874023,27.34541555480957,0.0015,39441.89
13.923665046691893,39441.89,2.72,2.473604732704162,2.3217974504470815,27.366852059745785,0.0015,39441.89
13.933065414428711,39441.89,2.72,2.4751557933807375,2.3269206508636477,27.383913727188112,0.0015,39441.89
13.945354700088501,39477.69,2.72,2.47715675201416,2.333645085048676,27.40611168665886,0.0015,39441.89
13.957560777664186,39483.66,2.72,2.47910972442627,2.340358427715303,27.428021595907218,0.0015,39441.89
13.969926595687866,39435.93,2.72,2.481137888288498,2.347507058477402,27.450664936065674,0.0015,39441.89
13.982149124145508,39447.86,2.72,2.483176096725464,2.354657237625122,27.47334780960083,0.0015,39441.89
13.99438261985779,39429.96,2.72,2.485316958475113,2.361813832616807,27.496958456325533,0.0015,39441.89
14.006565809249878,39447.86,2.72,2.4874490166187284,2.369137972688675,27.520636157083512,0.0015,39441.89
14.019007444381714,39424.01,2.72,2.4896263027668,2.3767895782947543,27.54495955376625,0.0015,39441.89
14.031352758407593,39394.22,2.72,2.491786732721329,2.383871072292328,27.56869729614258,0.0015,39435.93
14.04333281517029,39429.96,2.72,2.493849914503098,2.3906163842678083,27.591432379913336,0.0015,39441.89
14.055569410324097,39441.89,2.72,2.495868952703476,2.3972853286266327,27.61394771499634,0.0015,39441.89
14.067442417144775,39483.66,2.72,2.49775357465744,2.4037933294296265,27.635198654174804,0.0015,39441.89
14.079509973526001,39483.66,2.72,2.49962404589653,2.4104304854393,27.656437553405762,0.0015,39441.89
14.088387727737425,39418.05,2.72,2.5010420364379877,2.415019679784774,27.67214627809524,0.0015,39441.89
14.100221633911133,39441.89,2.72,2.502935461425781,2.4211207904815675,27.693098941040038,0.0015,39447.86
14.112486124038698,39471.72,2.72,2.5048977798461918,2.4278049376010906,27.71517502326966,0.0015,39447.86
14.124437093734741,39441.89,2.72,2.5068321204662323,2.434362587022782,27.73681988153458,0.0015,39447.86
14.136641502380371,39447.86,2.72,2.5088458478927613,2.4411360338211066,27.75915394935608,0.0015,39441.89
14.149069547653198,39453.82,2.72,2.51098717083931,2.4483963808536533,27.78262283601761,0.0015,39441.89
14.161361455917357,39471.72,2.72,2.5131382547855377,2.4557441026687608,27.80616845359802,0.0015068072795867825,39441.89
14.17361068725586,39406.13,2.72,2.5152818702697752,2.4633386260986327,27.830176947021485,0.0015680534362792977,39441.89
14.185903310775757,39441.89,2.72,2.5174330793857576,2.4708419864654543,27.854240972566604,0.0016,39435.93
14.198392391204834,39400.17,2.72,2.5196186684608457,2.4783354347229007,27.87865712480545,0.0016,39435.93
14.21069049835205,39418.05,2.72,2.5217173847198486,2.4860350139617924,27.90216539936066,0.0016,39435.93
14.222973346710205,39429.96,2.72,2.523790602207184,2.4936245410919193,27.92537095794678,0.0016,39435.93
14.235254287719725,39435.93,2.72,2.525816957473755,2.50074748687744,27.947967889404296,0.0016,39429.96
14.244237661361694,39429.96,2.72,2.5272992141246795,2.505745960521698,27.964285413837434,0.0016,39435.93
14.256485223770142,39483.66,2.72,2.5293200619220735,2.5122371685981753,27.986208550548554,0.0016,39429.96
14.268906116485596,39465.76,2.72,2.5312359174728396,2.519042894649506,28.007818520355226,0.0016,39435.93
14.28121066093445,39459.79,2.72,2.53308765244484,2.525823490381242,28.02893391036988,0.0016,39441.89
14.29335641860962,39429.96,2.72,2.5349702448844913,2.5320785555839542,28.04933878326416,0.0016,39447.86
14.304646015167238,39441.89,2.72,2.536696902275086,2.5381017684936538,28.068467916011816,0.0016,39447.86
14.316915512084961,39429.96,2.72,2.5385373268127442,2.544972686767578,28.089510103225706,0.0016,39447.86
14.329432249069214,39465.76,2.72,2.54055632109642,2.552170704460144,28.11182520956993,0.0016,39441.89
14.341728925704958,39465.76,2.72,2.542593917369843,2.5593632893085494,28.13421953735352,0.0016,39435.93
14.354282140731812,39447.86,2.72,2.5447279639244083,2.5670835165500647,28.15832171020508,0.0016,39435.93
14.366288900375366,39435.93,2.72,2.546863446569443,2.57487645225525,28.181972134256362,0.0016,39435.93
14.378894329071045,39435.93,2.72,2.5491954508781434,2.5834481437683112,28.207372073078155,0.0016,39435.93
14.390772581100464,39406.13,2.72,2.551392927503586,2.5915253551483155,28.232006968688964,0.0016,39441.89
14.402886867523193,39435.93,2.72,2.5536485048294066,2.599763069915771,28.257233553123474,0.0016,39441.89
14.412221908569336,39376.36,2.72,2.555422162628174,2.6061108978271483,28.27674378890991,0.0016,39435.93
14.424685955047607,39453.82,2.72,2.5577200421333313,2.614516160106659,28.302348480319978,0.001623429775238038,39435.93
14.436829566955565,39453.82,2.72,2.559845174217224,2.622591662025451,28.326574986076352,0.0016841478347778252,39435.93
14.449061155319214,39441.89,2.72,2.5618950906276705,2.6300913874149328,28.349527220010756,0.0017,39435.93
14.461352348327637,39441.89,2.72,2.5639096139907838,2.637350553321839,28.37190575389862,0.0017,39441.89
14.473739385604857,39429.96,2.72,2.5658296047687528,2.6442253590106954,28.39302565245628,0.0017,39441.89
14.486116647720337,39441.89,2.72,2.5677174971580508,2.6507277406215666,28.41385363521576,0.0017,39441.89
14.498237133026123,39429.96,2.72,2.5695355699539184,2.656727380847931,28.433973640823364,0.0017,39441.89
14.510453224182129,39435.93,2.72,2.571367983627319,2.663192474937439,28.454409150505068,0.0017,39435.93
14.522536516189575,39441.89,2.72,2.5731931600093843,2.669758496809006,28.474737442684177,0.0017,39435.93
14.534631490707397,39435.93,2.72,2.575067881059647,2.676713107156754,28.495419849109652,0.0017,39435.93
14.546478748321533,39429.96,2.72,2.5769365997314453,2.6835576740264897,28.51613217201233,0.0017,39441.89
14.55860710144043,39447.86,2.72,2.5788771362304685,2.6905921188354487,28.53772064056396,0.0017,39441.89
14.567670583724976,39429.96,2.72,2.580365646314621,2.6964625852584834,28.5545439915657,0.0017,39441.89
14.580137729644775,39471.72,2.72,2.5824247913360594,2.7046915902137756,28.577874770641326,0.0017,39441.89
14.591416120529173,39441.89,2.72,2.584454901695251,2.7121917201519,28.6003751604557,0.0017,39441.89
14.604029893875122,39459.79,2.72,2.5867656798362733,2.7208619719982154,28.625922478199005,0.0017,39447.86
14.616220951080322,39441.89,2.72,2.589081980705261,2.7298223990440373,28.651401787757877,0.0017,39447.86
14.628376960754393,39435.93,2.72,2.591391622543335,2.7384638725280754,28.677017271995542,0.0017,39447.86
14.640897274017334,39465.76,2.72,2.5937615093231203,2.7472011735916144,28.70342146625519,0.0017,39447.86
14.653221130371094,39447.86,2.72,2.595979803466797,2.7554581573486328,28.728438894653323,0.0017,39447.86
14.665522336959837,39453.82,2.72,2.598111185598373,2.763285790491103,28.752305876636502,0.0017,39447.86
14.677702426910402,39447.86,2.72,2.600120900440216,2.7705329440116895,28.77459544124604,0.0017,39447.86
14.69034743309021,39441.89,2.72,2.6020521149635316,2.7774358767032625,28.795769790267943,0.0017,39453.82
14.702346801757814,39429.96,2.72,2.603828552246094,2.7837968688964856,28.815319680786136,0.001711734008789075,39453.82
14.714433908462526,39453.82,2.72,2.605520747184754,2.789961293315889,28.834477744913105,0.001772169542312636,39453.82
14.723421573638918,39459.79,2.72,2.606813236045838,2.7947160812377945,28.848945596504215,0.0018,39453.82
14.735721588134766,39477.69,2.72,2.608658238220215,2.8016040893554686,28.869240620422364,0.0018,39453.82
14.748140573501585,39465.76,2.72,2.610561788892746,2.8085994240283956,28.89062740936279,0.0018,39453.82
14.760263204574585,39453.82,2.72,2.6124447447776795,2.8154750310420993,28.911988244485855,0.0018,39453.82
14.772648334503174,39471.72,2.72,2.6145502168655397,2.8237111424446106,28.934962660503388,0.0018,39453.82
14.784919738769531,39441.89,2.72,2.6166363555908205,2.8319208236694338,28.95807049713135,0.0018,39453.82
14.797277450561523,39429.96,2.72,2.6187371665954595,2.840262279129029,28.981859092330936,0.0018,39441.89
14.809417724609375,39418.05,2.72,2.6208951904296875,2.848833673095703,29.006029626464844,0.0018,39441.89
14.821767807006836,39435.93,2.72,2.6231270442962646,2.857646303939819,29.030888648223875,0.0018,39435.93
14.833994150161743,39429.96,2.72,2.6253889177799223,2.8662658758640287,29.05570812482834,0.0018,39435.93
14.84602665901184,39453.82,2.72,2.6275847986221317,2.874598128128052,29.08004371790886,0.0018,39435.93
14.857973575592041,39418.05,2.72,2.6297352436065675,2.8827220314025883,29.104116754817962,0.0018,39435.93
14.870148658752441,39441.89,2.72,2.6318760152816774,2.890595141601563,29.12788839797974,0.0018,39441.89
14.878968954086304,39435.93,2.72,2.6334195669651033,2.896240130615235,29.14499977092743,0.0018,39441.89
14.891448974609375,39489.64,2.72,2.635489080810547,2.9039983642578124,29.168180603027345,0.0018,39441.89
14.903866052627563,39441.89,2.72,2.63751856842041,2.9116582921028136,29.190939564466476,0.0018,39453.82
14.916044473648071,39453.82,2.72,2.6394671157836913,2.9190871289253235,29.21279983019829,0.0018,39447.86
14.928420305252075,39483.66,2.72,2.641447248840332,2.9265521831512453,29.23450922961235,0.0018,39447.86
14.940657138824461,39465.76,2.72,2.643398570823669,2.93388442621231,29.25572370738983,0.001803285694122308,39447.86
14.953038454055786,39412.09,2.72,2.645255768108368,2.941127495622635,29.276895756435394,0.0018651922702789345,39453.82
14.965180158615112,39465.76,2.72,2.647128825378418,2.9484375991344454,29.297865277576445,0.0019,39453.82
14.977376699447632,39447.86,2.72,2.6490802719116213,2.9560604371547696,29.319209224033354,0.0019,39453.82
14.989555597305298,39447.86,2.72,2.6510766735553744,2.9637200263023376,29.341238965082166,0.0019,39465.76
15.001660346984863,39441.89,2.72,2.653082258987427,2.9714456394195556,29.363454659271238,0.0019,39465.76
15.01366400718689,39471.72,2.72,2.6551228812217715,2.979728164958954,29.38626161365509,0.0019,39453.82
15.025666475296022,39471.72,2.72,2.657191633176804,2.988009867954256,29.409321294450763,0.0019,39465.76
15.034859418869017,39453.82,2.72,2.6588003983020783,2.9943529990196223,29.42720156970024,0.0019,39465.76
15.04723572731018,39489.64,2.72,2.6609662522792816,3.0029650091171267,29.451273489618302,0.0019,39465.76
15.059127807617188,39489.64,2.72,2.6630473663330076,3.011289465332031,29.474403585815427,0.0019,39465.76
15.071428775787354,39435.93,2.72,2.66514289188385,3.0196144236564635,29.497757530117035,0.0019,39465.76
15.084007263183594,39477.69,2.72,2.667261198425293,3.028044793701172,29.52139340057373,0.0019,39465.76
15.095120191574097,39465.76,2.72,2.6690948316097263,3.035379326438904,29.541896753454207,0.0019,39459.79
15.107810974121094,39453.82,2.72,2.671188810729981,3.043638078308106,29.565233137512205,0.0019,39465.76
15.11975884437561,39453.82,2.72,2.673160209321976,3.051344454622269,29.587157479429244,0.0019,39465.76
15.13195538520813,39459.79,2.72,2.6751726385593417,3.0589721157550818,29.609837016487123,0.0019,39459.79
15.144155025482178,39465.76,2.72,2.6771855792045596,3.0667423168182384,29.632424471759798,0.0019,39459.79
15.156437158584593,39447.86,2.72,2.6792121311664583,3.0748485246658324,29.65496218600273,0.0019,39459.79
15.168584823608397,39471.72,2.72,2.6812164958953857,3.082608438873291,29.677253151321413,0.0019,39459.79
15.180977582931517,39477.69,2.72,2.6832613011837005,3.0904403168201444,29.70000364050865,0.0019048879146575934,39465.76
15.193162918090822,39453.82,2.72,2.6852718814849856,3.0984217113494883,29.722485583877567,0.0019658145904541103,39465.76
15.202872753143309,39441.89,2.72,2.6868883680343623,3.104867835903166,29.740486412143703,0.002,39465.76
15.214933872222902,39495.61,2.72,2.688938758277893,3.1131297024726874,29.76310101041794,0.002,39459.79
15.227213621139526,39471.72,2.72,2.6910263155937195,3.121649534797668,29.7863058801651,0.002,39459.79
15.239601135253906,39465.76,2.72,2.693132192993164,3.130320794677734,29.809842156982423,0.002,39453.82
15.252064466476442,39441.89,2.72,2.6952509593009952,3.1389848042011272,29.83346216397286,0.002,39453.82
15.264156341552733,39459.79,2.72,2.697306578063965,3.1473055305480946,29.856230795288084,0.002,39453.82
15.27632260322571,39453.82,2.72,2.699374842548371,3.1555177571773543,29.878860041999822,0.002,39453.82
15.288495063781738,39441.89,2.72,2.7013592102050783,3.1634793161392216,29.900863688850404,0.002,39453.82
15.300967454910278,39441.89,2.72,2.703349955511093,3.1715046593189244,29.923059185171127,0.002,39453.82
15.313195228576662,39453.82,2.72,2.705245260429383,3.1791470178604144,29.94402981700898,0.002,39453.82
15.32496190071106,39447.86,2.72,2.7070690946102145,3.1864267594337474,29.964333707237248,0.002,39453.82
15.336894750595093,39441.89,2.72,2.7089186863422396,3.1937057978630077,29.985096866035466,0.002,39453.82
15.348978281021118,39477.69,2.72,2.7108814163684847,3.201705231094361,30.006840471458435,0.002,39453.82
15.35859942436218,39459.79,2.72,2.7124689050197595,3.2082476085662823,30.02435095233917,0.002,39453.82
15.370548248291016,39465.76,2.72,2.7144932022094723,3.2164255500793453,30.04694167175293,0.002,39453.82
15.382991313934326,39453.82,2.72,2.716623479938507,3.2251285288810725,30.07085271472931,0.002,39459.79
15.394964694976805,39465.76,2.72,2.7187188216209406,3.234048697757719,30.09467974300384,0.002,39459.79
15.406446695327757,39453.82,2.72,2.720792638635635,3.2427961888790113,30.117915725421902,0.002,39465.76
15.418949365615845,39453.82,2.72,2.7231056326389314,3.2524857583522797,30.143546199512482,0.002,39465.76
15.431298017501831,39483.66,2.72,2.725390133237839,3.261547552776337,30.16857848544121,0.002056490087509157,39465.76
15.443350553512573,39465.76,2.72,2.7275695940971376,3.2703123985290534,30.19256605167389,0.0021,39465.76
15.455800294876097,39459.79,2.72,2.7296860501289366,3.2792762123107906,30.216220560264585,0.0021,39465.76
15.468245506286621,39477.69,2.72,2.7317192810058595,3.287659579086305,30.238835773658753,0.0021,39465.76
15.480409145355225,39471.72,2.72,2.733661371803284,3.295545487213136,30.260389409923555,0.0021,39465.76
15.492607116699217,39459.79,2.72,2.7354910675048827,3.302864270019531,30.28094299163818,0.0021,39471.72
15.504606485366821,39477.69,2.72,2.7372909728050234,3.310179053354264,30.301115862989427,0.0021,39465.76
15.513959407806398,39453.82,2.72,2.7386939111709596,3.316024629878999,30.316782008075716,0.0021,39471.72
15.526061058044434,39501.58,2.72,2.7405394639968867,3.323557855987548,30.337355325126644,0.0021,39471.72
15.5387544631958,39459.79,2.72,2.742506941795349,3.331427767181396,30.359251449012753,0.0021,39459.79
15.55085492134094,39471.72,2.72,2.7444367874145503,3.339255698871611,30.380504661560053,0.0021,39459.79
15.563144207000734,39441.89,2.72,2.746403073120117,3.3473695028305066,30.402322456741334,0.0021,39459.79
15.575527667999268,39471.72,2.72,2.7483844268798827,3.3559140909194944,30.424860355758668,0.0021,39459.79
15.586949110031128,39453.82,2.72,2.750316094255447,3.3642465780735016,30.446342291259764,0.0021,39465.76
15.599111557006836,39447.86,2.72,2.7524445224761966,3.3734292255401614,30.469694189453126,0.0021,39465.76
15.611496448516846,39453.82,2.72,2.7547268429756167,3.383297158813477,30.494795272731782,0.0021,39465.76
15.623842239379881,39483.66,2.72,2.7570300254821776,3.3933082698822012,30.520226336288452,0.0021,39465.76
15.636419773101805,39465.76,2.72,2.759419756889343,3.403810510540008,30.54682782011032,0.0021,39471.72
15.648560047149658,39477.69,2.72,2.761683608722687,3.4137764384269724,30.572162097835545,0.002142800235748298,39471.72
15.660471439361572,39465.76,2.72,2.763882501888275,3.423441793537141,30.596814592361454,0.0022,39471.72
15.669444561004637,39471.72,2.72,2.765452798175812,3.429947306728363,30.614222448349,0.0022,39477.69
15.681921005249023,39483.66,2.72,2.767597755813599,3.4388582584381115,30.63807136421204,0.0022,39477.69
15.694154500961304,39477.69,2.72,2.769493947649002,3.446871198129654,30.659541149187085,0.0022,39477.69
15.706555843353271,39483.66,2.72,2.771350597286224,3.454731843662261,30.680354907798765,0.0022,39477.69
15.719107866287231,39453.82,2.72,2.7731706406116485,3.462451337766647,30.700563664722445,0.0022,39471.72
15.731146097183228,39477.69,2.72,2.774916184091568,3.4692975449085233,30.719833755493166,0.0022,39471.72
15.743226528167725,39483.66,2.72,2.7766839792251585,3.476461773872375,30.73942056732178,0.0022,39471.72
15.755658149719238,39453.82,2.72,2.7785487224578858,3.4847909603118894,30.760305691528323,0.0022,39471.72
15.768018484115602,39465.76,2.72,2.780482957458496,3.4932728464603438,30.781832809305197,0.0022,39471.72
15.780041456222534,39471.72,2.72,2.782407047557831,3.501630884885788,30.803177730417254,0.0022,39471.72
15.791989088058472,39465.76,2.72,2.7844381449699402,3.510531870603562,30.825579540109636,0.0022,39471.72
15.804190158843994,39447.86,2.72,2.786533277797699,3.519894028663636,30.84881271133423,0.0022,39471.72
15.816253185272217,39471.72,2.72,2.788644307422638,3.529665080070497,30.87245624313355,0.0022,39471.72
15.82542896270752,39477.69,2.72,2.7903043581008915,3.5372331838607804,30.890956518363957,0.0022,39471.72
15.837647914886473,39519.51,2.72,2.7925648642539977,3.547436008930206,30.916066465091706,0.0022,39471.72
15.849998950958252,39501.58,2.72,2.7948498059272766,3.5577491240501407,30.941697817993163,0.0022,39471.72
15.862121343612671,39495.61,2.72,2.797092448568344,3.5678182883262624,30.966795720815654,0.0022106067180633487,39471.72
15.874357700347902,39471.72,2.72,2.7993561745643616,3.5777297372818,30.9915743432045,0.002271788501739506,39477.69
15.886714935302733,39507.55,2.72,2.801541539001464,3.5872019027709943,31.01575837707519,0.0023,39489.64
15.898804426193237,39424.01,2.72,2.80359675245285,3.596027231121063,31.03872840976715,0.0023,39489.64
15.911199808120728,39459.79,2.72,2.805535970258713,3.604571868562698,31.060767661333085,0.0023,39471.72
15.923698663711548,39459.79,2.72,2.80747329287529,3.6129116648197175,31.082532248353957,0.0023,39471.72
15.93584680557251,39489.64,2.72,2.809356254863739,3.6205042534828187,31.10300186738968,0.0023,39471.72
15.947798252105713,39495.61,2.72,2.8111697378158573,3.6282078551292423,31.123101063537597,0.0023,39471.72
15.959803819656372,39465.76,2.72,2.812970572948456,3.6360715018749246,31.143270417022705,0.0023,39471.72
15.971862316131592,39465.76,2.72,2.814838659000397,3.6440884402275096,31.16394387216568,0.0023,39471.72
15.98386263847351,39471.72,2.72,2.816718022155762,3.6522231601238264,31.184756183290485,0.0023,39489.64
15.993022203445433,39471.72,2.72,2.8181835525512695,3.6586806534290313,31.201014411115647,0.0023,39489.64
16.00569796562195,39489.64,2.72,2.820240164327622,3.6678734742164614,31.223941236400606,0.0023,39477.69
16.01807975769043,39489.64,2.72,2.8222831600189204,3.6771598182678202,31.24684755172729,0.0023,39477.69
16.0301673412323,39489.64,2.72,2.8243284480094903,3.6864288527488687,31.26987045845985,0.0023,39477.69
16.042543411254883,39489.64,2.72,2.8264578140258787,3.696085597229002,31.293685086059565,0.0023,39477.69
16.054610013961792,39477.69,2.72,2.828629802513122,3.7059802114486673,31.317335627365107,0.0023,39483.66
16.067155122756958,39441.89,2.72,2.830852146482467,3.7161956494331343,31.341888264989848,0.0023,39489.64
16.079156637191772,39495.61,2.72,2.83295241150856,3.7259168761253343,31.36535122570991,0.0023,39483.66
16.09152889251709,39477.69,2.72,2.835059911727905,3.7356501806259144,31.389308407020565,0.002357644462585441,39483.66
16.102543115615845,39471.72,2.72,2.8369323296546933,3.744220052289962,31.410481057357785,0.0024,39483.66
16.115126132965088,39483.66,2.72,2.8390714426040646,3.7537202303886406,31.434137129974363,0.0024,39483.66
16.12706446647644,39513.53,2.72,2.8410656369686125,3.7625217381954186,31.456192651319505,0.0024,39483.66
16.13922429084778,39447.86,2.72,2.8430720079898832,3.771337610864639,31.478384330797194,0.0024,39489.64
16.147656440734863,39483.66,2.72,2.844463312721252,3.7775657661437987,31.493849568748473,0.0024,39489.64
16.16011905670166,39543.42,2.73,2.846519644355774,3.786786316108704,31.516720254898072,0.0024,39489.64
16.172380208969116,39537.44,2.73,2.848542734479904,3.7956756515026093,31.539403386592866,0.0024,39489.64
16.184682369232178,39495.61,2.72,2.8505725909233095,3.8044776584625244,31.56192826461792,0.0024,39489.64
16.198060274124146,39489.64,2.72,2.8527799452304836,3.8138421918869,31.58600849342346,0.0024,39489.64
16.210169792175293,39489.64,2.72,2.8547271667480465,3.822725646209715,31.6078564748764,0.0024,39489.64
16.222659587860107,39459.79,2.72,2.856752129936218,3.832101074409483,31.630573429298394,0.0024,39489.64
16.23464298248291,39471.72,2.72,2.8587893070220947,3.8415679561614975,31.65298237724304,0.0024,39489.64
16.247151613235474,39501.58,2.72,2.86091577425003,3.8516285647869095,31.67680261354446,0.0024,39489.64
16.259077072143555,39471.72,2.72,2.862943102264404,3.861347813796996,31.699818749237057,0.0024,39489.64
16.271326780319214,39489.64,2.72,2.8650821865558624,3.871274692058562,31.723404052114486,0.0024,39489.64
16.283103227615356,39489.64,2.72,2.8671120325565336,3.8806274207115163,31.745856487226487,0.0024,39489.64
16.29538130760193,39477.69,2.72,2.869137915754318,3.889835980701446,31.768632325601576,0.0024,39489.64
16.304691553115845,39483.66,2.72,2.870650648498535,3.8968655803680416,31.785457133483884,0.0024234577655792206,39489.64
16.31675672531128,39507.55,2.72,2.8725810760498045,3.906035111236572,31.806691836547852,0.0024837836265563947,39489.64
16.32906937599182,39513.53,2.72,2.8745057532787324,3.9147578694343568,31.82809002046585,0.0025,39489.64
16.341405868530273,39495.61,2.72,2.8764249389648437,3.923312225341797,31.849488387298585,0.0025,39495.61
16.352670669555664,39501.58,2.72,2.8782273071289057,3.931422882080077,31.86942708511352,0.0025,39495.61
16.365121841430664,39483.66,2.72,2.880245103836059,3.940695036315916,31.89184979743957,0.0025,39495.61
16.37722611427307,39495.61,2.72,2.8822423088550564,3.9501363691329936,31.914182180833812,0.0025,39495.61
16.389777421951294,39459.79,2.72,2.8843621617317194,3.959975276231764,31.937828214597697,0.0025,39495.61
16.402099132537842,39525.48,2.72,2.8864673481941217,3.9697632713317854,31.96125132579803,0.0025,39495.61
16.41427516937256,39477.69,2.72,2.8885981546401975,3.9799911422729477,31.984751076889033,0.0025,39495.61
16.426506757736206,39495.61,2.72,2.8907061488151546,3.9901680751323685,32.00835804243087,0.0025,39495.61
16.438994884490967,39471.72,2.72,2.892829130363464,4.000470779705046,32.03246012706756,0.0025,39495.61
16.45118474960327,39501.58,2.72,2.894957331180572,4.010080028438567,32.055874719238275,0.0025,39501.58
16.459911823272705,39477.69,2.72,2.8964845690727232,4.016930781269073,32.07263070068359,0.0025,39501.58
16.472583055496216,39519.51,2.72,2.898639119434357,4.027255190229416,32.096519059610365,0.0025,39495.61
16.48449206352234,39507.55,2.72,2.900641190481186,4.036803809547424,32.11878785719872,0.0025,39495.61
16.49707865715027,39543.42,2.73,2.9027179784297945,4.046621352577209,32.142010122442244,0.0025,39495.61
16.509310960769653,39501.58,2.72,2.9047363085269926,4.0563953234195695,32.16429939379692,0.002546554803848259,39495.61
16.521666049957275,39489.64,2.72,2.906758237743377,4.066224546718596,32.18661558742523,0.0026,39495.61
16.53401231765747,39495.61,2.72,2.9086719092369075,4.075299053478239,32.208221555900565,0.0026,39495.61
16.54607582092285,39447.86,2.72,2.910541752243042,4.083953074645994,32.22918079109191,0.0026,39489.64
16.55849552154541,39489.64,2.72,2.9124668058395384,4.092646865081786,32.25060477466583,0.0026,39489.64
16.5708270072937,39495.61,2.72,2.9143781861305236,4.101766120433806,32.272201397800444,0.0026,39489.64
16.58282446861267,39477.69,2.72,2.9162660373210905,4.110845452547072,32.29348289990425,0.0026,39489.64
16.594547271728516,39489.64,2.72,2.918200299835205,4.120165081024169,32.314994243621825,0.0026,39489.64
16.60657787322998,39489.64,2.72,2.920284017181396,4.130222749710082,32.33785974216461,0.0026,39489.64
16.618664741516113,39489.64,2.72,2.9224596534729,4.140738325119018,32.361489569664,0.0026,39489.64
16.627237796783447,39471.72,2.72,2.9240389924049377,4.14830545015335,32.3790098613739,0.0026,39495.61
16.639665365219116,39513.53,2.72,2.9263380925655365,4.159303848218918,32.40461065235137,0.0026,39495.61
16.651780366897583,39519.51,2.72,2.9285793678760528,4.170496839380264,32.429979868650435,0.0026,39495.61
16.66445302963257,39513.53,2.72,2.930923810482025,4.182040931224822,32.45623965015412,0.0026,39495.61
16.677103757858276,39501.58,2.72,2.9332641952037815,4.193236825704575,32.4819206284523,0.0026,39495.61
16.689538955688477,39495.61,2.72,2.9353739276885986,4.203192690658568,32.50554245758056,0.0026,39495.61
16.701799869537354,39495.61,2.72,2.9373789797782894,4.212586906719205,32.528077776908866,0.0026089993476867534,39495.61
16.71414828300476,39483.66,2.72,2.9392929838657373,4.221416022348402,32.54919356393813,0.0026707414150237913,39495.61
16.726292371749878,39489.64,2.72,2.941112393903732,4.229941736507414,32.56948802781105,0.0027,39495.61
16.73843765258789,39489.64,2.72,2.9428734596252437,4.238321980285643,32.5893455619812,0.0027,39495.61
16.750550031661987,39471.72,2.72,2.9446825047492977,4.24657402153015,32.60920205192566,0.0027,39495.61
16.762512683868408,39507.55,2.72,2.946476902580261,4.254871949481963,32.62897156257629,0.0027,39495.61
16.77443814277649,39507.55,2.72,2.9482657214164734,4.263756416368484,32.64924484272003,0.0027,39489.64
16.784037828445435,39441.89,2.72,2.9497460525512693,4.2709485604763024,32.665806578063965,0.0027,39489.64
16.794862747192383,39501.58,2.72,2.951478039550781,4.2791213741302485,32.684858435058594,0.0027,39489.64
16.807157278060913,39501.58,2.72,2.9534809508800506,4.288833181619644,32.70696203246116,0.0027,39483.66
16.819412231445312,39507.55,2.72,2.9555030181884767,4.298820968627929,32.7293273223877,0.0027,39495.61
16.832223176956177,39477.69,2.72,2.95767794008255,4.309995279836654,32.753501804447176,0.0027,39483.66
16.844298601150513,39483.66,2.72,2.9597737482070925,4.320690234041213,32.776883174324034,0.0027,39483.66
16.85651922225952,39483.66,2.72,2.9619734600067136,4.331749896144865,32.80156882896423,0.0027,39483.66
16.868820428848267,39471.72,2.72,2.96427588148117,4.343323509550092,32.827167002725595,0.0027,39483.66
16.88101816177368,39495.61,2.72,2.9665883599281306,4.354931618022916,32.85280250406265,0.0027,39483.66
16.893411874771118,39483.66,2.72,2.9688811968326565,4.366271865415571,32.87839552140236,0.0027,39483.66
16.90570092201233,39477.69,2.72,2.9710976613521574,4.377088774490355,32.902974274873735,0.0027285046100616354,39483.66
16.918227672576904,39489.64,2.72,2.9732898427009578,4.3876112449645985,32.92708826971054,0.0027911383628845127,39483.66
16.930042266845703,39483.66,2.72,2.9751565513610836,4.397083602142333,32.94827481231689,0.0028,39489.64
16.939152240753174,39471.72,2.72,2.9765685973167417,4.404326031398773,32.964399466133116,0.0028,39495.61
16.95158839225769,39525.48,2.72,2.978496200799942,4.413691294193267,32.98583203468323,0.0028,39489.64
16.963991165161133,39501.58,2.72,2.980438586425781,4.4231131088256825,33.00724462738037,0.0028,39489.64
16.97624135017395,39501.58,2.72,2.982398616027832,4.432668253135681,33.028559949302675,0.0028,39489.64
16.988754987716675,39495.61,2.72,2.9843570230960847,4.442516440296172,33.05055255331993,0.0028,39483.66
17.000689029693604,39513.53,2.72,2.9862136898994445,4.4519477786064146,33.07164369859695,0.0028,39477.69
17.01305341720581,39477.69,2.72,2.9882538138389583,4.461777466678617,33.09396141805648,0.0028,39483.66
17.02528190612793,39471.72,2.72,2.990271514511108,4.472000896453855,33.11637716445922,0.0028,39483.66
17.03752636909485,39453.82,2.72,2.9922918509006498,4.482898468494413,33.13927431020736,0.0028,39477.69
17.04988670349121,39465.76,2.72,2.994479606628418,4.4940969001769995,33.16327793884277,0.0028,39477.69
17.061745405197144,39459.79,2.72,2.9966054459094997,4.504879591703413,33.1865820833683,0.0028,39477.69
17.07389211654663,39483.66,2.72,2.99873112039566,4.515872365474699,33.210814772510524,0.0028,39477.69
17.085972547531128,39483.66,2.72,3.0009053330802913,4.526488861598968,33.234777565784455,0.00281486273765563,39483.66
17.094894647598267,39471.72,2.72,3.002422090091705,4.533358878650664,33.251818776912685,0.0028594732379913245,39483.66
17.107088804244995,39489.64,2.72,3.0041679923820492,4.540806197252273,33.271450136308665,0.0029,39483.66
17.118667364120483,39531.46,2.73,3.005210062770843,4.544221872415542,33.28320237458229,0.0029,39483.66
17.131229400634766,39489.64,2.72,3.0056,4.544059854888916,33.287558852996824,0.0029,39483.66
17.14297604560852,39483.66,2.72,3.0056,4.542004192018509,33.287500119771956,0.0029,39483.66
17.15520453453064,39477.69,2.72,3.0051118186187744,4.535470574026108,33.28158080075264,0.0028389773273468037,39483.66
17.16761565208435,39495.61,2.72,3.0044769043540955,4.528230591363907,33.27429210441589,0.0028,39483.66
17.17990231513977,39477.69,2.72,3.003616837940216,4.520059960432052,33.26495424049377,0.0028,39483.66
17.19209861755371,39477.69,2.72,3.0025356313323974,4.510220681991578,33.25281898612976,0.0028,39483.66
17.204692363739014,39483.66,2.72,3.001339225444794,4.499647650833132,33.23933147989273,0.0028,39483.66
17.217050313949585,39465.76,2.72,3.00016522017479,4.4905027676773095,33.22641742192268,0.0028,39483.66
17.229267358779907,39489.64,2.72,2.999349305648804,4.482966320610048,33.21734835175514,0.0028,39483.66
17.24159812927246,39471.72,2.72,2.998856074829102,4.47680093536377,33.211737851181034,0.0028,39483.66
17.2502543926239,39489.64,2.72,2.9986186401844024,4.472690435466768,33.20903249810219,0.0028,39483.66
17.262820959091187,39501.58,2.72,2.9983044760227204,4.466784149227143,33.20545102665901,0.0028,39483.66
17.275193214416504,39483.66,2.72,2.997507441062927,4.4579818516922005,33.19662088562012,0.0028,39483.66
17.287686824798584,39483.66,2.72,2.9962735421562194,4.446189957141878,33.18296209547043,0.0028,39483.66
17.29998016357422,39477.69,2.72,2.994368074645996,4.4299012832641615,33.16187901947022,0.0028,39483.66
17.312293529510498,39483.66,2.72,2.9917624882125855,4.408985776290895,33.132862096805574,0.0028,39483.66
17.324120044708252,39483.66,2.72,2.9890087883758545,4.387293511924744,33.102196672134404,0.0027943997764587423,39483.66
17.336751222610474,39477.69,2.72,2.985724682121277,4.362410091457368,33.06607150333405,0.0027312438869476325,39483.66
17.34782838821411,39459.79,2.72,2.982917044887543,4.340660501041414,33.03484950658798,0.0027,39483.66
17.36032509803772,39483.66,2.72,2.9798553509807593,4.316229433336263,33.00029610392571,0.0027,39477.69
17.372386693954468,39489.64,2.72,2.9769941269207005,4.294291684761053,32.968588462657934,0.0027,39483.66
17.384847164154053,39477.69,2.72,2.974093623886109,4.272333707504277,32.93657444782258,0.0027,39483.66
17.396902799606323,39477.69,2.72,2.971441384086609,4.2523213526535075,32.90703814096451,0.0027,39483.66
17.40893578529358,39483.66,2.72,2.9688831640148168,4.233266643133167,32.878596088457115,0.002670321073532115,39483.66
17.418226957321167,39477.69,2.72,2.9669784737491613,4.219283429231647,32.85745867209435,0.0026238652133941747,39483.66
17.430920124053955,39483.66,2.72,2.9645347770500186,4.201526634387972,32.83028454444886,0.0026,39483.66
17.443871021270752,39501.58,2.72,2.962151926383972,4.184272027454377,32.8037232840538,0.0026,39483.66
17.45532488822937,39483.66,2.72,2.9602047690010074,4.169439269742967,32.78167459015847,0.0026,39483.66
17.467750310897827,39495.61,2.72,2.9581161987018585,4.1538708815860765,32.75842069504738,0.0026,39483.66
17.480050325393677,39483.66,2.72,2.9560866963100434,4.139295364408493,32.73646516917229,0.0026,39483.66
17.49149227142334,39507.55,2.72,2.954326159286499,4.126076349220276,32.71667821586609,0.0026,39483.66
17.503710746765137,39477.69,2.72,2.952489834251404,4.112093302421569,32.69579528423309,0.0026,39489.64
17.516175508499146,39489.64,2.72,2.9505577961826326,4.09794579785347,32.67466751309395,0.0026,39483.66
17.528497457504272,39483.66,2.72,2.9486478940868377,4.083740487432481,32.653451962080005,0.0026,39489.64
17.540813446044922,39459.79,2.72,2.9467389158630377,4.06926920089722,32.63183740219117,0.0026,39489.64
17.552996397018433,39501.58,2.72,2.944750594491959,4.054554377622607,32.609556647500995,0.00255001801490785,39489.64
17.56503963470459,39489.64,2.72,2.942743063926697,4.0398300602722195,32.58717370319366,0.0025,39483.66
17.574100971221924,39459.79,2.72,2.9411573300361638,4.028412776260378,32.5697306303978,0.0025,39489.64
17.585655689239502,39501.58,2.72,2.93912197593689,4.013920223789217,32.54732845685959,0.0025,39483.66
17.597687482833862,39519.51,2.72,2.936956253089905,3.999060958700182,32.52344534657479,0.0025,39483.66
17.610028505325317,39477.69,2.72,2.934734869041443,3.9835035131835954,32.498772704296115,0.0025,39483.66
17.622591257095337,39483.66,2.72,2.9324735737228393,3.96742319091797,32.47352157323838,0.0025,39483.66
17.634963512420654,39489.64,2.72,2.9303063853263858,3.9522446972846996,32.44907206296921,0.0025,39483.66
17.647481203079224,39483.66,2.72,2.9280709774303437,3.936753684120179,32.42417037579536,0.0025,39483.66
17.65976119041443,39471.72,2.72,2.9257991797733305,3.92128090007782,32.399426201314924,0.0025,39483.66
17.672558546066284,39471.72,2.72,2.923479461708069,3.905490781068802,32.37368732240677,0.0024522072696685792,39483.66
17.684632539749146,39483.66,2.72,2.9213306309413913,3.8908307419872283,32.34963898797035,0.0024,39483.66
17.696621417999268,39477.69,2.72,2.919352466030121,3.877103476390841,32.32715984125137,0.0024,39483.66
17.70860528945923,39483.66,2.72,2.91743118013382,3.863830366725925,32.30555890213013,0.0024,39483.66
17.720695972442627,39483.66,2.72,2.9155571242713934,3.850953789348605,32.28476292739869,0.0024,39483.66
17.729847192764282,39495.61,2.72,2.914172921085358,3.8416528072357203,32.269502131938935,0.0024,39483.66
17.742144107818604,39531.46,2.73,2.9123283838272096,3.8293558921813986,32.2492122220993,0.0024,39483.66
17.75444722175598,39507.55,2.72,2.910482916736603,3.8164804171562214,32.228339723014834,0.0024,39483.66
17.766735553741455,39525.48,2.72,2.90858363363266,3.803390890884401,32.20709468103409,0.0024,39489.64
17.778953075408936,39483.66,2.72,2.9065677425575256,3.789951617050172,32.18516422964096,0.0024,39495.61
17.791252613067627,39489.64,2.72,2.9045383188438416,3.776215810298921,32.16250887662888,0.0024,39501.58
17.803510665893555,39465.76,2.72,2.902513186798096,3.762410180892945,32.13962973480225,0.0024,39501.58
17.81589984893799,39471.72,2.72,2.900407025680542,3.7481006744766243,32.116090287017826,0.0024,39501.58
17.828086137771606,39501.58,2.72,2.898335356578827,3.734152664318085,32.092961768922805,0.002374569311141969,39501.58
17.840280294418335,39501.58,2.72,2.896262349948883,3.7203732673072816,32.06985384207726,0.002313598527908325,39501.58
17.85236668586731,39507.55,2.72,2.894160829973221,3.7067624783992783,32.04680962999344,0.0023,39501.58
17.864445209503174,39459.79,2.72,2.892047088336945,3.693159687213901,32.02368906751633,0.0023,39501.58
17.87629199028015,39501.58,2.72,2.889973901700974,3.6797135910320313,32.00064707890511,0.0023,39501.58
17.885560750961304,39507.55,2.72,2.8883646723365786,3.669334388961795,31.982696161909107,0.0023,39501.58
17.89784288406372,39525.48,2.72,2.886276709709168,3.6560696852111843,31.95917587701798,0.0023,39501.58
17.909855127334595,39513.53,2.72,2.8842689039897924,3.64309646247864,31.936618014431005,0.0023,39501.58
17.922517776489258,39519.51,2.72,2.8821795668792727,3.6294208013916034,31.913192113494876,0.0023,39501.58
17.933547258377075,39495.61,2.72,2.880359702367783,3.618300005331041,31.893314934921268,0.0023,39501.58
17.945852041244507,39501.58,2.72,2.878343673400879,3.605905178136827,31.87116632575989,0.0023,39501.58
17.958394527435303,39501.58,2.72,2.8763368756103516,3.5931745546531686,31.848589850616456,0.0023,39501.58
17.97088384628296,39471.72,2.72,2.874299165363312,3.5802613806343087,31.82599081899643,0.0022605807685852092,39495.61
17.98328137397766,39477.69,2.72,2.872254980163574,3.567307371063233,31.803489306230546,0.0022,39495.61
17.995820999145508,39501.58,2.72,2.870248640136719,3.5542661608886723,31.780729886550905,0.0022,39483.66
18.007884740829468,39483.66,2.72,2.8682940177631377,3.541695445833206,31.758858619098664,0.0022,39483.66
18.020031213760376,39465.76,2.72,2.866289849729538,3.529002381620407,31.73687350309372,0.0022,39483.66
18.032071113586426,39477.69,2.72,2.86430326625824,3.5162392640304576,31.714899862136843,0.0022,39483.66
18.04402804374695,39513.53,2.72,2.862330372781754,3.5035256942844417,31.692977558193213,0.0022,39483.66
18.053588151931763,39477.69,2.72,2.8607529549312596,3.4935353812313106,31.67510015588761,0.0022,39495.61
18.06596040725708,39519.51,2.72,2.8586819287300114,3.4804139479446436,31.651771611957553,0.0022,39495.61
18.077733755111698,39495.61,2.72,2.8566215928554533,3.467345531826018,31.628990183858868,0.0022,39495.61
18.09019136428833,39531.46,2.73,2.8544415112495427,3.453985024318697,31.604956623744968,0.0022,39495.61
18.10252547264099,39483.66,2.72,2.8522830422878265,3.4410958810901655,31.581213465166098,0.0022,39495.61
18.115002155303955,39501.58,2.72,2.8502196443748478,3.427817704601289,31.557795958805087,0.002139989223480231,39495.61
18.12627863883972,39495.61,2.72,2.8483426313972475,3.416070540742875,31.53671812495232,0.0021,39495.61
18.138299703598022,39495.61,2.72,2.8462990503883363,3.4042297919559488,31.51441904982567,0.0021,39495.61
18.150541067123413,39495.61,2.72,2.844255723924637,3.3920212275409702,31.491749025821687,0.0021,39495.61
18.16286301612854,39477.69,2.72,2.842222602338791,3.3796376687908176,31.4689534201622,0.0021,39495.61
18.17513871192932,39489.64,2.72,2.840197112531662,3.3671185138320925,31.446243382930753,0.0021,39495.61
18.18733835220337,39525.48,2.72,2.8381624801254275,3.354653188991547,31.42352220609665,0.0021,39495.61
18.199747800827026,39471.72,2.72,2.836052873859406,3.3419335041523004,31.400130395441057,0.0021,39495.61
18.208174467086792,39495.61,2.72,2.834620340595246,3.333347915906909,31.38411676786423,0.0021,39495.61
18.22051477432251,39507.55,2.72,2.832522488365174,3.320822504062655,31.36054678104401,0.0021,39495.61
18.23301339149475,39501.58,2.72,2.8303977234458926,3.3081864745903036,31.337125024862292,0.0021,39495.61
18.24537968635559,39537.44,2.73,2.8283073517513277,3.2957917042350786,31.314157072401052,0.0021,39495.61
18.257638931274418,39525.48,2.72,2.8262845763397215,3.2839002366638166,31.29178395042419,0.0021,39495.61
18.27048134803772,39495.61,2.72,2.8241655775737766,3.271031618261339,31.2682343196106,0.002062593259811409,39495.61
18.28283977508545,39489.64,2.72,2.8221264371109007,3.2583642305374156,31.245494813842775,0.00200080112457276,39489.64
18.294940948486328,39483.66,2.72,2.820129743499756,3.247035213165284,31.223407769012454,0.002,39489.64
18.3089075088501,39489.64,2.72,2.817854798583984,3.2338287915039037,31.19803694652557,0.002,39483.66
18.319295644760132,39471.72,2.72,2.816192696838379,3.223856181030274,31.17928636120796,0.002,39483.66
18.33149552345276,39471.72,2.72,2.814198238630295,3.212059342250824,31.157180624933243,0.002,39471.72
18.34334635734558,39459.79,2.72,2.812242851037979,3.200570960521698,31.1356609706974,0.002,39471.72
18.355365991592407,39465.76,2.72,2.810259611387253,3.189152307987215,31.11348474551201,0.002,39471.72
18.363847494125366,39435.93,2.72,2.8088559259986883,3.181052505874637,31.09778976116181,0.002,39471.72
18.37613534927368,39519.51,2.72,2.806766990623475,3.168764650726321,31.07444283638001,0.002,39465.76
18.38845181465149,39471.72,2.72,2.80464593243599,3.1563664081287413,31.050741702356344,0.002,39459.79
18.40078067779541,39429.96,2.72,2.8024883813858033,3.143852612037661,31.02663877490998,0.002,39459.79
18.413431406021118,39489.64,2.72,2.8002745039463046,3.1310642799186725,31.0017501301384,0.002,39459.79
18.426018238067627,39441.89,2.72,2.7980718083381655,3.118381761932375,30.977135165290836,0.002,39453.82
18.438186168670658,39453.82,2.72,2.795942420482635,3.1062138313293435,30.95389441783905,0.002,39453.82
18.450671672821045,39453.82,2.72,2.7937958156204226,3.0943037026405347,30.93027725509644,0.0019616416358947814,39453.82
18.4629487991333,39459.79,2.72,2.791708704147339,3.0829473608016977,30.907196257629398,0.001900256004333501,39453.82
18.475234031677246,39465.76,2.72,2.7896813847732544,3.0712164997482305,30.884161190605163,0.0019,39453.82
18.486743211746216,39453.82,2.72,2.7877823700618745,3.060412393369675,30.862787354621886,0.0019,39453.82
18.498958587646484,39429.96,2.72,2.78576683303833,3.0493574781799317,30.8405553704834,0.0019,39453.82
18.511054754257202,39447.86,2.72,2.7838112393188474,3.038450721168518,30.81894308496475,0.0019,39459.79
18.51979899406433,39441.89,2.72,2.782412160949707,3.030580905342102,30.803465780506134,0.0019,39459.79
18.532358646392822,39495.61,2.72,2.780449409809113,3.0193708047103893,30.78142236881256,0.0019,39453.82
18.544835805892944,39477.69,2.72,2.7785062710571293,3.0082569537258173,30.759541444540027,0.0019,39453.82
18.55712056159973,39465.76,2.72,2.7765407101440434,2.9972620973682425,30.73773600316048,0.0019,39465.76
18.569430112838745,39483.66,2.72,2.7745390313816074,2.9860842961883565,30.71559719463349,0.0019,39477.69
18.581948280334473,39453.82,2.72,2.7724735337448125,2.9745675820922868,30.692814129791262,0.0019,39477.69
18.59399747848511,39453.82,2.72,2.770485416049957,2.9634823197936995,30.670334715232848,0.0019,39477.69
18.606249570846558,39483.66,2.72,2.7684313251018526,2.9521941469669355,30.64729331968308,0.0018837521457672193,39471.72
18.61868929862976,39507.55,2.72,2.766254372739792,2.9406873987674724,30.62353343961716,0.0018215535068512023,39471.72
18.629896879196167,39477.69,2.72,2.7643275305366517,2.9303203867435466,30.60205799194336,0.0018,39477.69
18.642399787902832,39459.79,2.72,2.762202036056519,2.918755196189881,30.57805240722656,0.0018,39477.69
18.65460228919983,39471.72,2.72,2.760127610836029,2.9077579397201543,30.555029684858322,0.0018,39483.66
18.66667890548706,39465.76,2.72,2.7580745860672,2.896778617897034,30.532173290519715,0.0018,39483.66
18.678860187530518,39489.64,2.72,2.756003768119812,2.8854500255966187,30.508907041816713,0.0018,39483.66
18.68774008750915,39495.61,2.72,2.7544704846858985,2.8773576216793098,30.491804230232248,0.0018,39477.69
18.700316667556763,39501.58,2.72,2.7522695831775668,2.8661015825366998,30.467405664939886,0.0018,39477.69
18.712717294692993,39489.64,2.72,2.7501480599021915,2.8551973671436337,30.443882899503713,0.0018,39477.69
18.725305080413822,39477.69,2.72,2.748031187133789,2.8442406816482535,30.420431533069607,0.0018,39477.69
18.73733997344971,39483.66,2.72,2.7461056042480467,2.834011022567748,30.399189946861263,0.0018,39483.66
18.74982786178589,39471.72,2.72,2.744175820732117,2.8237718498802202,30.377626774272922,0.0018,39477.69
18.761850833892822,39453.82,2.72,2.742372374916077,2.8142135870552076,30.357247836551668,0.0018,39477.69
18.77430009841919,39459.79,2.72,2.740448484745026,2.804090419788362,30.3358073302269,0.0018,39477.69
18.786350727081302,39477.69,2.72,2.738547130031585,2.7941016210746747,30.314735183982844,0.001783246364593494,39471.72
18.79853534698486,39489.64,2.72,2.7365366677474983,2.7835619248580974,30.292681021957407,0.001722323265075706,39471.72
18.81046628952026,39471.72,2.72,2.7345307307815556,2.773278991012577,30.27045138135911,0.0017,39471.72
18.822633028030392,39447.86,2.72,2.7324623852348338,2.7628155958938634,30.247395411882408,0.0017,39477.69
18.834516525268555,39489.64,2.72,2.730384608078003,2.7518472141265873,30.224415523605348,0.0017,39477.69
18.84385061264038,39465.76,2.72,2.728755395851135,2.7432514608764653,30.206358317604064,0.0017,39477.69
18.85622549057007,39495.61,2.72,2.7266516666030887,2.7323615682983418,30.18247480319977,0.0017,39483.66
18.868398427963257,39507.55,2.72,2.7245282829666144,2.721487430553439,30.158738104772574,0.0017,39477.69
18.880774974822998,39483.66,2.72,2.722300504531861,2.7102247729110744,30.134294424724583,0.0017,39477.69
18.89325547218323,39459.79,2.72,2.720054015007019,2.698867520313262,30.10954288771629,0.0017,39477.69
18.90538215637207,39477.69,2.72,2.7178950334167484,2.688046631774904,30.08567390289307,0.0017,39477.69
18.91741442680359,39483.66,2.72,2.71584954744339,2.678180170021059,30.062812589073182,0.0017,39477.69
18.929885149002075,39477.69,2.72,2.7137983761596685,2.6680574550533307,30.03984115754128,0.0017,39459.79
18.94209384918213,39424.01,2.72,2.7118449841308596,2.6582294514083875,30.017926540718083,0.0017,39424.01
18.95364856719971,39418.05,2.72,2.710049472084045,2.6495668174362166,29.997824735908505,0.0017,39418.05
18.965962886810303,39346.6,2.72,2.7081407525444035,2.6403778348922735,29.976474205818178,0.0017,39364.45
18.97806406021118,39364.45,2.72,2.706265070667267,2.6313019548416143,29.955539175834655,0.0017,39346.6
18.990371704101562,39340.66,2.72,2.70432052734375,2.6217394952392583,29.93402580078125,0.0016631414794921894,39346.6
18.999568700790405,39310.94,2.72,2.702849007873535,2.614427882871628,29.917839086608886,0.0016171564960479746,39346.6
19.011638641357422,39346.6,2.72,2.7008746241760253,2.604659507293701,29.89607767272949,0.0016,39340.66
19.02429008483887,39340.66,2.72,2.6987871360015863,2.59430342788696,29.872993991775505,0.0016,39340.66
19.036580801010132,39322.83,2.72,2.6967591678333287,2.5838563191413892,29.85007180611611,0.0016,39340.66
19.048578023910522,39352.55,2.72,2.6947517359352116,2.5736865697956106,29.827641205167776,0.0016,39340.66
19.06078791618347,39322.83,2.72,2.69267605424881,2.5633692108249684,29.804747657155996,0.0016,39346.6
19.0733003616333,39340.66,2.72,2.690548938522339,2.5530022016525287,29.780977811088565,0.0016,39352.55
19.085550546646118,39364.45,2.72,2.6884536543369295,2.5428447880840315,29.757526434040074,0.0016,39352.55
19.09759426116943,39352.55,2.72,2.68634600429535,2.532667849311833,29.734041190719616,0.0016,39352.55
19.11005234718323,39364.45,2.72,2.684165839242935,2.5222112901020033,29.709783184728618,0.0016,39358.5
19.121147632598873,39364.45,2.72,2.6822241642951976,2.512946726779942,29.688202854595193,0.0016,39364.45
19.1336772441864,39358.5,2.72,2.680084868488312,2.5028048184299476,29.664686939592364,0.0016,39364.45
19.14553928375244,39364.45,2.72,2.678106411018372,2.4934590192794803,29.642780074920655,0.0016,39364.45
19.15395307540894,39346.6,2.72,2.6768022733116146,2.4873590203285194,29.62780352577209,0.0016,39364.45
19.166364431381226,39382.31,2.72,2.6748448688220976,2.4782262099933625,29.60569448998451,0.0016,39364.45
19.17867660522461,39388.26,2.72,2.672813360137939,2.468807397003174,29.58371725967407,0.0016,39364.45
19.19080638885498,39370.4,2.72,2.6708119458389286,2.459332952804566,29.561441084785464,0.001560968055725103,39364.45
19.20357918739319,39376.36,2.72,2.6687015381431585,2.449256921644213,29.537593752079015,0.0015,39364.45
19.215847015380863,39376.36,2.72,2.6666160073852536,2.439872033233642,29.514162200622557,0.0015,39358.5
19.22818374633789,39358.5,2.72,2.6644928443908698,2.4305640277099627,29.490573125762943,0.0015,39358.5
19.240578174591064,39358.5,2.72,2.662323819446564,2.421392150802614,29.466837795658115,0.0015,39358.5
19.253460645675663,39352.55,2.72,2.6601216902351377,2.4103423285770402,29.442272469987866,0.0015,39358.5
19.265759706497192,39334.72,2.72,2.6580308498954777,2.399733630399705,29.418953147382737,0.0015,39358.5
19.27751660346985,39358.5,2.72,2.656032177410126,2.39050446627617,29.397026534528734,0.0015,39358.5
19.28966736793518,39352.55,2.72,2.65406285387675,2.380569778188071,29.374650573984784,0.0015,39355.525
