Time (s),Resistance (Ohm),Voltage (V),Displacement,Force (N),Strain,Stress (MPa),Resistance Smoothed (Ohm)
0.0,51912.03,3.06,0.124,0.0144,0.6911,0.0,51912.03
0.00041479998617439994,51994.04,3.06,0.1240663679977879,0.014426961999101335,0.6914940599868658,0.0,51912.03
0.0007408999954351,51912.03,3.06,0.12411854399926961,0.014448158499703281,0.6918038549956634,0.0,51912.03
0.0011509999749250998,51912.03,3.06,0.12418415999598802,0.01447481499837013,0.6921934499761789,0.0,51912.03
0.0014720999752172,51887.46,3.06,0.12423553599603475,0.014495686498389117,0.6924984949764563,0.0,51912.03
0.0017841999942902998,51912.03,3.06,0.12428547199908645,0.01451597299962887,0.6927949899945758,0.0,51912.03
0.0020964999857825,51887.46,3.06,0.1243354399977252,0.014536272499075862,0.6930916749864934,0.0,51912.03
0.0024087999772746003,51912.03,3.06,0.12438540799636394,0.014556571998522849,0.6933883599784109,0.0,51912.03
0.0027174999995623,51961.23,3.06,0.12443479999992997,0.014576637499971548,0.6936816249995842,0.0,51887.46
0.0030279999773484,52076.22,3.06,0.12448447999637574,0.014596819998527645,0.693976599978481,0.0,51887.46
0.0033347999851685,51862.9,3.06,0.12453356799762696,0.014616761999035952,0.6942680599859101,0.0,51887.46
0.0036445999867283,51879.27,3.06,0.12458313599787653,0.01463689899913734,0.694562369987392,0.0,51887.46
0.0039561999728904,51887.46,3.06,0.12463299199566247,0.014657152998237876,0.6948583899742459,0.0,51879.27
0.0042632999829948,51691.39,3.05,0.12468212799727917,0.014677114498894661,0.695150134983845,0.0,51879.27
0.0045863999985159,51830.18,3.05,0.12473382399976254,0.014698115999903533,0.6954570799985901,0.0,51879.27
0.004975799995008899,51903.84,3.06,0.12479612799920142,0.014723426999675578,0.6958270099952585,0.0,51879.27
0.0144758999813348,51879.27,3.06,0.12631614399701357,0.01534093349878676,0.704852104982268,0.0,51879.27
0.014819799980614399,51838.35,3.06,0.12637116799689832,0.015363286998739935,0.7051788099815837,0.0,51879.27
0.015117199975065899,51846.54,3.06,0.12641875199601055,0.015382617998379281,0.7054613399763126,0.0,51854.72
0.015414199995575499,51920.22,3.06,0.12646627199929208,0.015401922999712405,0.7057434899957967,0.0,51854.72
0.015711399988504203,51895.65,3.06,0.12651382399816066,0.015421240999252772,0.7060258299890789,0.0,51862.9
0.016006499994546203,51912.03,3.06,0.1265610399991274,0.0154404224996455,0.7063061749948188,0.0,51862.9
0.016302799980621802,51813.83,3.05,0.1266084479968995,0.015459681998740414,0.7065876599815907,0.0,51862.9
0.0165967999782879,51854.72,3.06,0.12665548799652607,0.01547879199858871,0.7068669599793734,0.0,51879.27
0.0168972999963444,51822.0,3.05,0.1267035679994151,0.015498324499762383,0.7071524349965271,0.0,51879.27
0.017192699975567,51862.9,3.06,0.12675083199609072,0.015517525498411852,0.7074330649767886,0.0,51879.27
0.017486400000052603,51944.82,3.06,0.1267978240000084,0.015536616000003417,0.7077120800000499,0.0,51879.27
0.017781399976229302,51961.23,3.06,0.12684502399619668,0.015555790998454902,0.7079923299774178,0.0,51862.9
0.018078099994454602,51879.27,3.06,0.12689249599911273,0.015575076499639547,0.7082741949947318,0.0,51862.9
0.018373499973677102,51846.54,3.06,0.12693975999578835,0.01559427749828901,0.7085548249749932,0.0,51862.9
0.018667399999685603,51895.65,3.06,0.1269867839999497,0.015613380999979562,0.7088340299997012,0.0,51862.9
0.018960499990498703,51879.27,3.06,0.1270336799984798,0.015632432499382412,0.7091124749909737,0.0,51854.72
0.0192543999874033,51854.72,3.06,0.12708070399798455,0.01565153599918121,0.7093916799880331,0.0,51854.72
0.0195526999887079,51781.14,3.05,0.12712843199819326,0.015670925499266013,0.7096750649892725,0.0,51854.72
0.019900899991626003,51838.35,3.06,0.12718414399866015,0.01569355849945569,0.7100058549920446,0.0,51854.72
0.020188699971186,51781.14,3.05,0.1272311354952457,0.01570188699971186,0.7102830389720504,0.0,51854.72
0.0204663999902551,51846.54,3.06,0.1272769559983921,0.01570466399990255,0.7105524079905474,0.0,51854.72
0.020742900000186703,51854.72,3.06,0.12732257850003081,0.015707429000001865,0.7108206130001811,0.0,51854.72
0.021017799997935103,51862.9,3.06,0.1273679369996593,0.015710177999979348,0.711087265997997,0.0,51854.72
0.0212939999764786,51920.22,3.06,0.12741350999611897,0.015712939999764784,0.7113551799771842,0.0,51862.9
0.021578699990641402,51903.84,3.06,0.12746048549845584,0.015715786999906414,0.7116313389909221,0.0,51862.9
0.0218460999894888,51830.18,3.05,0.12750460649826564,0.015718460999894886,0.7118907169898041,0.0,51862.9
0.0221109999984038,51879.27,3.06,0.12754831499973662,0.015721109999984037,0.7121476699984516,0.0,51862.9
0.0223773999896367,51879.27,3.06,0.12759227099829007,0.015723773999896367,0.7124060779899476,0.0,51871.08
0.022654299973510202,51862.9,3.06,0.1276379594956292,0.0157265429997351,0.7126746709743048,0.0,51871.08
0.022914399974979502,51813.83,3.05,0.12768087599587163,0.015729143999749794,0.7129269679757301,0.0,51862.9
0.0231746999779717,51813.83,3.05,0.12772382549636532,0.015731746999779715,0.7131794589786324,0.0,51862.9
0.0234333999978844,51871.08,3.06,0.12776651099965092,0.015734333999978842,0.7134303979979478,0.0,51871.08
0.023692399990977803,51969.42,3.06,0.12780924599851134,0.015736923999909776,0.7136816279912485,0.0,51862.9
0.023951299983309603,51789.32,3.05,0.1278519644972461,0.015739512999833095,0.7139327609838103,0.0,51862.9
0.0242108999809716,51781.14,3.05,0.1278947984968603,0.015742108999809715,0.7141845729815424,0.0,51862.9
0.024469599971780602,51920.22,3.06,0.1279374839953438,0.015744695999717805,0.7144355119726271,0.0,51862.9
0.024729099997785,51944.82,3.06,0.12798030149963452,0.015747290999977848,0.7146872269978514,0.0,51862.9
0.0249872999847867,51862.9,3.06,0.12802290449748982,0.015749872999847866,0.714937680985243,0.0,51862.9
0.0252467999816873,51920.22,3.06,0.1280657219969784,0.01575246799981687,0.7151893959822366,0.0,51862.9
0.0255065999808722,51822.0,3.05,0.1281085889968439,0.01575506599980872,0.715441401981446,0.0,51862.9
0.0257663999800571,51822.0,3.05,0.12815145599670943,0.01575766399980057,0.7156934079806554,0.0,51862.9
0.026025199971627503,51862.9,3.06,0.12819415799531855,0.015760251999716274,0.7159444439724786,0.0,51862.9
0.026286999986041403,51830.18,3.05,0.12823735499769684,0.015762869999860412,0.7161983899864601,0.0,51854.72
0.0265455999760889,51871.08,3.06,0.12828002399605468,0.01576545599976089,0.7164492319768062,0.0,51830.18
0.026805699977558103,51862.9,3.06,0.12832294049629708,0.01576805699977558,0.7167015289782314,0.0,51822.0
0.0270648999721744,51854.72,3.06,0.1283657084954088,0.015770648999721745,0.7169529529730091,0.0,51830.18
0.027325299975928002,51797.48,3.05,0.12840867449602814,0.01577325299975928,0.7172055409766501,0.0,51846.54
0.027583199989749202,51781.14,3.05,0.12845122799830863,0.015775831999897492,0.7174557039900566,0.0,51846.54
0.027843099989695502,51789.32,3.05,0.12849411149829976,0.015778430999896953,0.7177078069900046,0.0,51846.54
0.0281024999858346,51805.65,3.05,0.12853691249766272,0.015781024999858347,0.7179594249862595,0.0,51838.35
0.028357099974528,51871.08,3.06,0.1285789214957971,0.01578357099974528,0.7182063869752922,0.0,51830.18
0.028616299998248003,51846.54,3.06,0.12862168949971092,0.015786162999982478,0.7184578109983005,0.0,51805.65
0.02887589999591,51969.42,3.06,0.12866452349932514,0.015788758999959098,0.7187096229960327,0.0,51805.65
0.0291356999950949,51838.35,3.06,0.12870739049919067,0.015791356999950948,0.7189616289952421,0.0,51822.0
0.029394199984381003,51805.65,3.05,0.12875004299742288,0.01579394199984381,0.7192123739848495,0.0,51822.0
0.029654999991180403,51830.18,3.05,0.12879307499854478,0.015796549999911803,0.719465349991445,0.0,51822.0
0.029914099985035202,51764.81,3.05,0.1288358264975308,0.01579914099985035,0.7197166769854841,0.0,51822.0
0.0301744999887888,51756.65,3.05,0.12887879249815015,0.015801744999887887,0.7199692649891251,0.0,51813.83
0.0304340999864508,51822.0,3.05,0.1289216264977644,0.015804340999864507,0.7202210769868572,0.0,51813.83
0.0306929999787826,51822.0,3.05,0.12896434499649914,0.015806929999787826,0.7204722099794191,0.0,51813.83
0.0309514999971725,51813.83,3.05,0.12900699749953345,0.015809514999971724,0.7207229549972572,0.0,51822.0
0.031236999988323102,51764.81,3.05,0.12905410499807332,0.01581236999988323,0.7209998899886734,0.0,51813.83
0.0314996999804862,51797.48,3.05,0.12909745049678023,0.01581499699980486,0.7212547089810716,0.0,51822.0
0.0317597999819555,51822.0,3.05,0.12914036699702267,0.015817597999819556,0.7215070059824968,0.0,51822.0
0.032084799982840195,51822.0,3.05,0.12919399199716863,0.015820847999828403,0.7218222559833549,0.0,51822.0
0.0323488999856636,51854.72,3.06,0.1292375684976345,0.015823488999856635,0.7220784329860936,0.0,51822.0
0.0326104999985546,51813.83,3.05,0.12928073249976152,0.015826104999985546,0.722332184998598,0.0,51822.0
0.0328695999924094,51838.35,3.06,0.12932348399874755,0.015828695999924095,0.722583511992637,0.0,51822.0
0.0331297999946401,51977.62,3.06,0.1293664169991156,0.0158312979999464,0.7228359059948009,0.0,51822.0
0.033389099990017795,51789.32,3.05,0.12940920149835294,0.015833890999900176,0.7230874269903173,0.0,51830.18
0.0336493999930099,51830.18,3.05,0.12945215099884663,0.0158364939999301,0.7233399179932196,0.0,51838.35
0.0339090999914334,51854.72,3.06,0.1294950014985865,0.015839090999914335,0.7235918269916903,0.0,51838.35
0.0341690999921412,51822.0,3.05,0.1295379014987033,0.01584169099992141,0.7238440269923769,0.0,51838.35
0.0344285999890417,51781.14,3.05,0.12958071899819187,0.015844285999890417,0.7240957419893704,0.0,51838.35
0.0347132999741007,51846.54,3.06,0.12962769449572661,0.01584713299974101,0.7243719009748777,0.0,51838.35
0.0349767999723554,51879.27,3.06,0.12967117199543865,0.015849767999723555,0.7246274959731848,0.0,51838.35
0.035241299978224595,51838.35,3.06,0.12971481449640707,0.015852412999782246,0.7248840609788778,0.0,51838.35
0.0355034999956843,51895.65,3.06,0.12975807749928792,0.015855034999956844,0.7251383949958138,0.0,51822.0
0.035765799984801595,51732.17,3.05,0.12980135699749226,0.015857657999848018,0.7253928259852576,0.0,51838.35
0.0360273999976926,51838.35,3.06,0.12984452099961927,0.015860273999976925,0.7256465779977618,0.0,51838.35
0.036290199990617195,51772.98,3.05,0.12988788299845183,0.01586290199990617,0.7259014939908986,0.0,51838.35
0.036551699973642895,51789.32,3.05,0.12993103049565108,0.01586551699973643,0.7261551489744336,0.0,51822.0
0.0368131999857724,51764.81,3.05,0.12997417799765246,0.015868131999857725,0.7264088039861992,0.0,51789.32
0.0370695999881719,51846.54,3.06,0.13001648399804835,0.01587069599988172,0.7266575119885267,0.0,51789.32
0.037330299994209795,51862.9,3.06,0.1300594994990446,0.015873302999942097,0.7269103909943835,0.0,51822.0
0.0375923999818042,51822.0,3.05,0.1301027459969977,0.01587592399981804,0.72716462798235,0.0,51822.0
0.0378526999847964,51748.48,3.05,0.13014569549749141,0.015878526999847965,0.7274171189852525,0.0,51830.18
0.0381147999723908,51748.48,3.05,0.13018894199544448,0.01588114799972391,0.7276713559732191,0.0,51846.54
0.038375999982235995,51854.72,3.06,0.13023203999706895,0.01588375999982236,0.7279247199827689,0.0,51846.54
0.038646499975584496,51862.9,3.06,0.13027667249597144,0.015886464999755847,0.728187104976317,0.0,51830.18
0.03889519997756,51830.18,3.05,0.1303177079962974,0.0158889519997756,0.7284283439782332,0.0,51822.0
0.0391442999825813,51854.72,3.06,0.13035880949712592,0.015891442999825815,0.7286699709831038,0.0,51822.0
0.039393899991409895,51903.84,3.06,0.13039999349858264,0.0158939389999141,0.7289120829916675,0.0,51830.18
0.0396430999971927,51822.0,3.05,0.1304411114995368,0.015896430999971928,0.7291538069972769,0.0,51830.18
0.039891299995360896,51789.32,3.05,0.13048206449923455,0.01589891299995361,0.7293945609955,0.0,51830.18
0.040141499979654396,51789.32,3.05,0.13052405499654124,0.015901414999796543,0.7296393774799595,0.0,51822.0
0.0403910999884829,51756.65,3.05,0.1305664869980421,0.015903910999884828,0.7298852334886556,0.0,51797.48
0.0406425999826752,51854.72,3.06,0.1306092419970548,0.01590642599982675,0.7301329609829351,0.0,51797.48
0.040890799980843495,51756.65,3.05,0.1306514359967434,0.015908907999808434,0.7303774379811309,0.0,51797.48
0.041176899976562695,51830.18,3.05,0.13070007299601566,0.015911768999765628,0.7306592464769143,0.0,51797.48
0.0414333999797237,51781.14,3.05,0.13074367799655304,0.015914333999797237,0.7309118989800278,0.0,51813.83
0.0416897999821231,51797.48,3.05,0.13078726599696092,0.015916897999821232,0.7311644529823913,0.0,51813.83
0.0419435999938287,51838.35,3.06,0.13083041199895087,0.015919435999938288,0.7314144459939212,0.0,51813.83
0.0421984999848064,51862.9,3.06,0.13087374499741708,0.015921984999848066,0.7316655224850344,0.0,51805.65
0.0424496999767144,51830.18,3.05,0.13091644899604143,0.015924496999767144,0.7319129544770637,0.0,51813.83
0.0427012999716681,51813.83,3.05,0.1309592209951836,0.015927012999716682,0.7321607804720931,0.0,51805.65
0.042950399976689396,51805.65,3.05,0.1310015679960372,0.015929503999766895,0.7324061439770391,0.0,51805.65
0.043201299995416796,51805.65,3.05,0.13104422099922086,0.015932012999954167,0.7326532804954855,0.0,51805.65
0.0434513999789488,51740.32,3.05,0.1310867379964213,0.015934513999789488,0.7328996289792645,0.0,51805.65
0.0437018999946304,51871.08,3.06,0.13112932299908717,0.015937018999946304,0.733146371494711,0.0,51797.48
0.0439501999935601,51789.32,3.05,0.13117153399890522,0.0159395019999356,0.7333909469936567,0.0,51797.48
0.0442009999824223,51797.48,3.05,0.1312141699970118,0.015942009999824223,0.733637984982686,0.0,51797.48
0.0444488999783062,51797.48,3.05,0.13125631299631205,0.01594448899978306,0.7338821664786316,0.0,51789.32
0.0447003999724985,51748.48,3.05,0.13129906799532473,0.015947003999724985,0.7341298939729111,0.0,51789.32
0.044947799993679,51781.14,3.05,0.13134112599892542,0.01594947799993679,0.7343735829937739,0.0,51797.48
0.045197899977210895,51715.85,3.05,0.13138364299612584,0.01595197899977211,0.7346199314775528,0.0,51797.48
0.0454417999717407,51846.54,3.06,0.1314251059951959,0.015954417999717408,0.7348601729721645,0.0,51797.48
0.0456926999904681,51764.81,3.05,0.13146775899837956,0.015956926999904683,0.7351073094906111,0.0,51805.65
0.0459438999823761,51822.0,3.05,0.13151046299700395,0.01595943899982376,0.7353547414826405,0.0,51822.0
0.0461954999773298,51838.35,3.06,0.13155323499614607,0.0159619549997733,0.7356025674776698,0.0,51822.0
0.0464445999823511,51805.65,3.05,0.1315955819969997,0.015964445999823513,0.7358479309826158,0.0,51822.0
0.0466933999850881,51830.18,3.05,0.13163787799746499,0.015966933999850882,0.7360929989853118,0.0,51822.0
0.0469416999840178,51838.35,3.06,0.13168008899728303,0.01596941699984018,0.7363375744842575,0.0,51813.83
0.047190999990562,51822.0,3.05,0.13172246999839554,0.01597190999990562,0.7365831349907036,0.0,51813.83
0.047439799993298996,51813.83,3.05,0.13176476599886083,0.015974397999932992,0.7368282029933996,0.0,51813.83
0.0477532999939286,51781.14,3.05,0.13181806099896787,0.015977532999939287,0.7371370004940196,0.0,51813.83
0.0480066999734845,51772.98,3.05,0.13186113899549237,0.015980066999734845,0.7373865994738823,0.0,51813.83
0.048256499983836,51813.83,3.05,0.13190360499725212,0.01598256499983836,0.7376326524840785,0.0,51813.83
0.0485125999839511,51732.17,3.05,0.1319471419972717,0.015985125999839513,0.7378849109841918,0.0,51813.83
0.0487774999928661,51862.9,3.06,0.13199217499878724,0.01598777499992866,0.7381458374929731,0.0,51805.65
0.0490889999782667,51854.72,3.06,0.13204512999630533,0.015990889999782668,0.7384526649785927,0.0,51789.32
0.0493407999747433,51805.65,3.05,0.13208793599570637,0.015993407999747432,0.7387006879751221,0.0,51797.48
0.0495919999957551,51740.32,3.05,0.13213063999927838,0.01599591999995755,0.7389481199958188,0.0,51797.48
0.0498420999792871,51813.83,3.05,0.1321731569964788,0.015998420999792873,0.7391944684795978,0.0,51797.48
0.0500934999727179,51789.32,3.05,0.13221589499536204,0.01600093499972718,0.7394420974731272,0.0,51805.65
0.0503435999853537,51764.81,3.05,0.13225841199751012,0.016003435999853537,0.7396884459855734,0.0,51797.48
0.0505932999949437,51797.48,3.05,0.13230086099914043,0.016005932999949436,0.7399344004950196,0.0,51797.48
0.0508434999792371,51740.32,3.05,0.1323433949964703,0.016008434999792372,0.7401808474795486,0.0,51797.48
0.051093899994157296,51830.18,3.05,0.13238596299900673,0.016010938999941573,0.7404274914942449,0.0,51797.48
0.0513428999984172,51903.84,3.06,0.1324282929997309,0.01601342899998417,0.740672756498441,0.0,51797.48
0.051594599994132295,51797.48,3.05,0.13247108199900248,0.016015945999941324,0.7409206809942204,0.0,51797.48
0.0518439999723342,51748.48,3.05,0.1325134799952968,0.01601843999972334,0.7411663399727492,0.0,51805.65
0.0520943999872543,51797.48,3.05,0.13255604799783324,0.01602094399987254,0.7414129839874455,0.0,51822.0
0.0523427999869455,51871.08,3.06,0.13259827599778073,0.016023427999869454,0.7416576579871413,0.0,51822.0
0.0525923999957741,51830.18,3.05,0.1326407079992816,0.016025923999957743,0.7419035139958375,0.0,51822.0
0.0528422999777832,51805.65,3.05,0.13268319099622314,0.016028422999777834,0.7421496654781164,0.0,51813.83
0.0530910999805201,51879.27,3.06,0.13272548699668843,0.016030910999805203,0.7423947334808123,0.0,51813.83
0.0533388999756426,51822.0,3.05,0.13276761299585924,0.016033388999756426,0.7426388164760079,0.0,51813.83
0.053587499976856696,51740.32,3.05,0.13280987499606564,0.01603587499976857,0.7428836874772039,0.0,51822.0
0.0538304999936372,51838.35,3.06,0.13285118499891832,0.016038304999936373,0.7431230424937326,0.0,51813.83
0.0540793999971357,51813.83,3.05,0.13289349799951308,0.016040793999971357,0.7433682089971787,0.0,51813.83
0.0543274999945425,51666.94,3.05,0.13293567499907222,0.016043274999945425,0.7436125874946243,0.0,51822.0
0.0545766999712214,51781.14,3.05,0.13297803899510763,0.016045766999712215,0.7438580494716531,0.0,51813.83
0.0548255999747198,51969.42,3.06,0.13302035199570236,0.0160482559997472,0.744103215975099,0.0,51805.65
0.055075099982787,51797.48,3.05,0.13306276699707378,0.01605075099982787,0.7443489734830452,0.0,51813.83
0.0553222999733407,51854.72,3.06,0.13310479099546793,0.016053222999733406,0.7445924654737406,0.0,51813.83
0.0555738999973983,51822.0,3.05,0.1331475629995577,0.016055738999973982,0.7448402914974374,0.0,51805.65
0.0558210999879521,51797.48,3.05,0.13318958699795186,0.016058210999879523,0.7450837834881329,0.0,51805.65
0.056069499987643295,51805.65,3.05,0.13323181499789935,0.016060694999876432,0.7453284574878287,0.0,51805.65
0.056317299982765696,51862.9,3.06,0.13327394099707016,0.01606317299982766,0.7455725404830242,0.0,51805.65
0.0565649999771268,51846.54,3.06,0.13331604999611155,0.016065649999771267,0.74581652497747,0.0,51805.65
0.056813499977579396,51797.48,3.05,0.1333582949961885,0.016068134999775795,0.7460612974779157,0.0,51805.65
0.057062099978793496,51707.69,3.05,0.1334005569963949,0.016070620999787934,0.7463061684791116,0.0,51805.65
0.0573082999908366,51805.65,3.05,0.13344241099844223,0.016073082999908367,0.746548675490974,0.0,51813.83
0.057557799998903696,51715.85,3.05,0.13348482599981362,0.016075577999989037,0.7467944329989201,0.0,51830.18
0.0578046999871731,51887.46,3.06,0.13352679899781944,0.016078046999871733,0.7470376294873655,0.0,51830.18
0.0580529999861028,51813.83,3.05,0.1335690099976375,0.016080529999861027,0.7472822049863113,0.0,51822.0
0.058300699980463895,51830.18,3.05,0.13361111899667885,0.01608300699980464,0.747526189480757,0.0,51822.0
0.0585492999816779,51977.62,3.06,0.13365338099688526,0.016085492999816778,0.7477710604819527,0.0,51822.0
0.058797999983653496,51846.54,3.06,0.1336956599972211,0.016087979999836535,0.7480160299838987,0.0,51822.0
0.059046899987151895,51838.35,3.06,0.1337379729978158,0.01609046899987152,0.7482611964873447,0.0,51830.18
0.0592941999784671,51822.0,3.05,0.1337800139963394,0.01609294199978467,0.7485047869787901,0.0,51822.0
0.0595428999804426,51764.81,3.05,0.13382229299667525,0.016095428999804425,0.7487497564807359,0.0,51822.0
0.0597901999717579,51789.32,3.05,0.13386433399519884,0.01609790199971758,0.7489933469721816,0.0,51789.32
0.0600388999737334,51715.85,3.05,0.133906418495666,0.01610077799947467,0.7492385109739961,0.0,51789.32
0.0602876999764704,51830.18,3.05,0.1339474704961176,0.016105753999529408,0.7494848229767057,0.0,51789.32
0.0605374999868218,51789.32,3.05,0.1339886874978256,0.016110749999736437,0.7497321249869536,0.0,51789.32
0.0607943999930285,51789.32,3.05,0.1340310759988497,0.01611588799986057,0.7499864559930982,0.0,51789.32
0.0610378999845125,51699.55,3.05,0.13407125349744456,0.01612075799969025,0.7502275209846674,0.0,51789.32
0.0612806999997702,51830.18,3.05,0.13411131549996208,0.016125613999995406,0.7504678929997726,0.0,51789.32
0.061524899996584295,51789.32,3.05,0.13415160849943641,0.016130497999931687,0.7507096509966185,0.0,51789.32
0.06176679997588509,51903.84,3.06,0.13419152199602105,0.016135335999517702,0.7509491319761262,0.0,51789.32
0.062004699982935604,51944.82,3.06,0.13423077549718437,0.016140093999658715,0.7511846529831063,0.0,51789.32
0.0622473999974318,51699.55,3.05,0.13427082099957624,0.016144947999948638,0.7514249259974575,0.0,51789.32
0.062490199983585695,51781.14,3.05,0.13431088299729163,0.016149803999671714,0.7516652979837499,0.0,51789.32
0.0627323999942746,51781.14,3.05,0.1343508459990553,0.01615464799988549,0.7519050759943319,0.0,51789.32
0.0629754999827128,51854.72,3.06,0.1343909574971476,0.016159509999654258,0.7521457449828857,0.0,51813.83
0.0632174999918789,51781.14,3.05,0.13443088749866003,0.01616434999983758,0.7523853249919601,0.0,51781.14
0.0634624999947846,51813.83,3.05,0.13447131249913946,0.016169249999895694,0.7526278749948367,0.0,51781.14
0.0637035999970977,51781.14,3.05,0.13451109399952113,0.016174071999941954,0.7528665639971267,0.0,51781.14
0.0639465999847744,51813.83,3.05,0.13455118899748778,0.01617893199969549,0.7531071339849267,0.0,51797.48
0.06418669997947289,51813.83,3.05,0.13459080549661304,0.01618373399958946,0.7533448329796782,0.0,51797.48
0.0644604999979493,51781.14,3.05,0.13463598249966163,0.016189209999958987,0.7536158949979699,0.0,51797.48
0.0647072999854573,51764.81,3.05,0.13467670449760044,0.016194145999709145,0.7538602269856027,0.0,51797.48
0.0649929999781307,51797.48,3.05,0.13472384499639156,0.016199859999562614,0.7541430699783495,0.0,51797.48
0.0652347999857739,51854.72,3.06,0.1347637419976527,0.01620469599971548,0.7543824519859162,0.0,51797.48
0.0654784999787808,51797.48,3.05,0.13480395249649882,0.016209569999575617,0.754623714978993,0.0,51797.48
0.06572049998794689,51789.32,3.05,0.13484388249801124,0.016214409999758938,0.7548632949880675,0.0,51797.48
0.0659635999763851,51805.65,3.05,0.13488399399610354,0.016219271999527704,0.7551039639766213,0.0,51797.48
0.06620719999773429,51822.0,3.05,0.13492418799962616,0.01622414399995469,0.755345127997757,0.0,51797.48
0.0664520999998786,51781.14,3.05,0.13496459649997997,0.016229041999997574,0.7555875789998798,0.0,51805.65
0.0666965999989771,51813.83,3.05,0.1350049389998312,0.016233931999979544,0.7558296339989874,0.0,51797.48
0.0669428999826778,51756.65,3.05,0.13504557849714183,0.016238857999653557,0.756073470982851,0.0,51789.32
0.0671920999884606,51805.65,3.05,0.135086696498096,0.016243841999769214,0.7563201789885761,0.0,51789.32
0.0674375999951736,51781.14,3.05,0.13512720399920364,0.016248751999903475,0.7565632239952219,0.0,51789.32
0.0676813999889419,51813.83,3.05,0.1351674309981754,0.01625362799977884,0.7568045859890525,0.0,51781.14
0.06792599998880179,51748.48,3.05,0.1352077899981523,0.016258519999776035,0.7570467399889138,0.0,51781.14
0.06824679998680949,51789.32,3.05,0.13526072199782357,0.01626493599973619,0.7573643319869414,0.0,51772.98
0.068493699975079,51756.65,3.05,0.13530146049588804,0.01626987399950158,0.7576087629753282,0.0,51772.98
0.0687382999749389,51854.72,3.06,0.1353418194958649,0.01627476599949878,0.7578509169751896,0.0,51772.98
0.0689812999917195,51756.65,3.05,0.1353819144986337,0.01627962599983439,0.7580914869918023,0.0,51772.98
0.0692235999740661,51772.98,3.05,0.1354218939957209,0.016284471999481322,0.7583313639743254,0.0,51764.81
0.0694669999938924,51756.65,3.05,0.13546205499899225,0.01628933999987785,0.7585723299939535,0.0,51764.81
0.0697086999716703,51732.17,3.05,0.1355019354953256,0.016294173999433406,0.7588116129719537,0.0,51756.65
0.0700009999854956,51789.32,3.05,0.13555016499760678,0.016300019999709914,0.7591009899856407,0.0,51756.65
0.0702380999864545,51846.54,3.06,0.135589286497765,0.016304761999729092,0.75933571898659,0.0,51756.65
0.0705200999800582,51764.81,3.05,0.1356358164967096,0.016310401999601164,0.7596148989802577,0.0,51756.65
0.0707669999974315,51715.85,3.05,0.1356765549995762,0.016315339999948632,0.7598593299974572,0.0,51756.65
0.0710099999851082,51748.48,3.05,0.13571664999754285,0.016320199999702165,0.7600998999852572,0.0,51764.81
0.0712528999720235,51707.69,3.05,0.13575672849538387,0.016325057999440472,0.7603403709723033,0.0,51789.32
0.0714962999918499,51740.32,3.05,0.13579688949865523,0.016329925999837,0.7605813369919314,0.0,51764.81
0.0717401999863796,51822.0,3.05,0.13583713299775263,0.016334803999727594,0.7608227979865159,0.0,51764.81
0.0719833999755793,51789.32,3.05,0.13587726099597058,0.016339667999511587,0.7610635659758236,0.0,51764.81
0.0722255999862682,51797.48,3.05,0.13591722399773426,0.016344511999725364,0.7613033439864055,0.0,51764.81
0.0724696999823209,51822.0,3.05,0.13595750049708294,0.016349393999646418,0.7615450029824977,0.0,51764.81
0.0727134999760893,51764.81,3.05,0.13599772749605474,0.016354269999521786,0.7617863649763285,0.0,51764.81
0.0729583999782335,51764.81,3.05,0.13603813599640852,0.01635916799956467,0.7620288159784512,0.0,51764.81
0.0732002999866382,51748.48,3.05,0.1360780494977953,0.016364005999732766,0.7622682969867719,0.0,51764.81
0.0734436999773607,51707.69,3.05,0.13611821049626452,0.016368873999547215,0.7625092629775871,0.0,51764.81
0.0736860999895726,51764.81,3.05,0.13615820649827948,0.016373721999791452,0.762749238989677,0.0,51764.81
0.07392929997877219,51740.32,3.05,0.1361983344964974,0.016378585999575444,0.7629900069789846,0.0,51764.81
0.07417369997710929,51748.48,3.05,0.13623866049622302,0.016383473999542188,0.7632319629773382,0.0,51764.81
0.07441759997163899,51797.48,3.05,0.13627890399532044,0.016388351999432782,0.7634734239719226,0.0,51748.48
0.0746706999780145,51699.55,3.05,0.1363206654963724,0.01639341399956029,0.7637239929782345,0.0,51756.65
0.0749084999843035,51781.14,3.05,0.13635990249741006,0.01639816999968607,0.7639594149844605,0.0,51764.81
0.0751448999799323,51789.32,3.05,0.13639890849668881,0.016402897999598647,0.764193450980133,0.0,51756.65
0.0753835999930744,51789.32,3.05,0.13643829399885726,0.01640767199986149,0.7644297639931437,0.0,51756.65
0.0756230999832042,51707.69,3.05,0.13647781149722868,0.016412461999664084,0.7646668689833722,0.0,51756.65
0.07586069998797029,51756.65,3.05,0.1365170154980151,0.016417213999759407,0.7649020929880906,0.0,51756.65
0.0760980999912136,51781.14,3.05,0.13655618649855025,0.016421961999824274,0.7651371189913015,0.0,51756.65
0.0763579999911599,51740.32,3.05,0.13659906999854138,0.0164271599998232,0.7653944199912484,0.0,51740.32
0.0766187999979593,51724.01,3.05,0.13664210199966328,0.016432375999959187,0.7656526119979797,0.0,51740.32
0.0768584999896121,51756.65,3.05,0.13668165249828598,0.016437169999792244,0.765889914989716,0.0,51740.32
0.07709609999437819,51740.32,3.05,0.1367208564990724,0.016441921999887567,0.7661251389944345,0.0,51740.32
0.0773469999840018,51724.01,3.05,0.1367622549973603,0.016446939999680037,0.7663735299841619,0.0,51740.32
0.0775861000001897,51683.24,3.05,0.1368017065000313,0.016451722000003794,0.7666102390001879,0.0,51740.32
0.0778242999804207,51740.32,3.05,0.13684100949676942,0.016456485999608417,0.7668460569806166,0.0,51740.32
0.0780608999775723,51772.98,3.05,0.13688004849629942,0.01646121799955145,0.7670802909777966,0.0,51756.65
0.0783169999776874,51772.98,3.05,0.1369223049963184,0.01646633999955375,0.7673338299779106,0.0,51756.65
0.0785544999816921,51789.32,3.05,0.1369614924969792,0.016471089999633842,0.7675689549818753,0.0,51772.98
0.0787916999834124,51724.01,3.05,0.13700063049726305,0.01647583399966825,0.7678037829835783,0.0,51772.98
0.0790297999919858,51781.14,3.05,0.13703991699867765,0.01648059599983972,0.7680395019920659,0.0,51772.98
0.07926699999370619,51772.98,3.05,0.13707905499896153,0.016485339999874126,0.7682743299937692,0.0,51772.98
0.0795027999847662,51756.65,3.05,0.1371179619974864,0.016490055999695327,0.7685077719849186,0.0,51772.98
0.07982349998201249,51781.14,3.05,0.13717087749703205,0.016496469999640252,0.7688252649821924,0.0,51756.65
0.0800606999837328,51675.09,3.05,0.13721031899723457,0.016499089500244007,0.7690594859840582,0.0,51756.65
0.0802973999816459,51748.48,3.05,0.1372505579968798,0.01649553900027531,0.769291451982013,0.0,51764.81
0.080534999986412,51740.32,3.05,0.13729094999769004,0.01649197500020382,0.7695242999866838,0.0,51764.81
0.0807728999934625,51781.14,3.05,0.13733139299888864,0.016488406500098064,0.7697574419935933,0.0,51764.81
0.0810096999921371,51748.48,3.05,0.1373716489986633,0.016484854500117944,0.7699895059922944,0.0,51772.98
0.0813263999880292,51764.81,3.05,0.13742548799796495,0.016480104000179564,0.7702998719882687,0.0,51772.98
0.08157829998526729,51789.32,3.05,0.13746831099749543,0.01647632550022099,0.770546733985562,0.0,51772.98
0.0818187999830116,51805.65,3.05,0.13750919599711198,0.016472718000254825,0.7707824239833514,0.0,51772.98
0.082056899991585,51772.98,3.05,0.13754967299856943,0.016469146500126226,0.7710157619917534,0.0,51772.98
0.08229609997943049,51862.9,3.06,0.1375903369965032,0.016465558500308543,0.771250177979842,0.0,51764.81
0.0825495999888517,51772.98,3.05,0.1376334319981048,0.016461756000167225,0.7714986079890747,0.0,51764.81
0.08279259997652849,51724.01,3.05,0.13767474199600985,0.016458111000352073,0.771736747976998,0.0,51724.01
0.0830338999803644,51715.85,3.05,0.13771576299666194,0.016454491500294533,0.7719732219807571,0.0,51724.01
0.0832783999794629,51724.01,3.05,0.1377573279965087,0.016450824000308055,0.7722128319798737,0.0,51724.01
0.0835209999931977,51569.31,3.05,0.1377985699988436,0.016447185000102036,0.7724505799933338,0.0,51724.01
0.0837738999980502,51658.8,3.05,0.13784156299966854,0.016443391500029245,0.7726984219980892,0.0,51724.01
0.0840113999729511,51707.69,3.05,0.1378819379954017,0.016439829000405734,0.7729311719734921,0.0,51724.01
0.0842503999883775,51707.69,3.05,0.13792256799802416,0.01643624400017434,0.77316539198861,0.0,51724.01
0.0844883999961894,51724.01,3.05,0.1379630279993522,0.01643267400005716,0.7733986319962657,0.0,51724.01
0.0847455999755767,51944.82,3.06,0.13800675199584803,0.016428816000366348,0.7736506879760652,0.0,51748.48
0.0849887999938801,51781.14,3.05,0.13804809599895962,0.0164251680000918,0.7738890239940025,0.0,51748.48
0.0852338999975473,51805.65,3.05,0.13808976299958303,0.01642149150003679,0.7741292219975964,0.0,51756.65
0.0854767999844626,51748.48,3.05,0.13813105599735864,0.016417848000233062,0.7743672639847734,0.0,51756.65
0.0857302999938839,51756.65,3.05,0.13817415099896027,0.01641404550009174,0.7746156939940063,0.0,51756.65
0.0859662999864668,51781.14,3.05,0.13821427099769934,0.016410505500203,0.7748469739867375,0.0,51781.14
0.0862045999965631,51544.93,3.05,0.13825478199941574,0.016406931000051552,0.7750805079966319,0.0,51781.14
0.0864369999908377,51781.14,3.05,0.1382942899984424,0.016403445000137434,0.7753082599910209,0.0,51756.65
0.0866752000001725,51691.39,3.05,0.13833478400002933,0.01639987199999741,0.7755416960001691,0.0,51756.65
0.0869129999773577,51748.48,3.05,0.1383752099961508,0.016396305000339634,0.7757747399778105,0.0,51781.14
0.0871522999950685,51789.32,3.05,0.13841589099916166,0.01639271550007397,0.7760092539951672,0.0,51781.14
0.08738869999069719,51781.14,3.05,0.13845607899841852,0.016389169500139543,0.7762409259908832,0.0,51764.81
0.0876267999992706,51756.65,3.05,0.138496555999876,0.01638559800001094,0.7764742639992852,0.0,51764.81
0.0878637999994681,51822.0,3.05,0.13853684599990956,0.01638204300000798,0.7767065239994788,0.0,51764.81
0.0881007999996655,51838.35,3.06,0.13857713599994315,0.016378488000005017,0.7769387839996722,0.0,51764.81
0.0883411999966484,51748.48,3.05,0.13861800399943022,0.016374882000050273,0.7771743759967155,0.0,51764.81
0.0885790999745951,51764.81,3.05,0.13865844699568117,0.016371313500381072,0.7774075179751032,0.0,51764.81
0.0888186999945902,51756.65,3.05,0.13869917899908032,0.016367719500081146,0.7776423259946984,0.0,51756.65
0.0890561999985949,51764.81,3.05,0.13873955399976112,0.016364157000021078,0.777875075998623,0.0,51756.65
0.08929549998720179,51740.32,3.05,0.1387802349978243,0.016360567500191974,0.7781095899874578,0.0,51756.65
0.0895338999980595,51756.65,3.05,0.1388207629996701,0.016356991500029106,0.7783432219980984,0.0,51748.48
0.0898145999817644,51838.35,3.06,0.13886848199689994,0.016352781000273535,0.7786183079821292,0.0,51756.65
0.0900513999804389,51732.17,3.05,0.1389087379966746,0.016349229000293414,0.7788503719808302,0.0,51756.65
0.0902907999989111,51666.94,3.05,0.13894943599981488,0.016345638000016333,0.7790849839989329,0.0,51756.65
0.0905284999753349,51707.69,3.05,0.13898984499580694,0.016342072500369977,0.7793179299758283,0.0,51740.32
0.0907673999899999,51691.39,3.05,0.1390304579983,0.01633848900015,0.7795520519902,0.0,51732.17
0.0910054999985733,51805.65,3.05,0.13907093499975745,0.0163349175000214,0.7797853899986018,0.0,51707.69
0.0912693999998738,51797.48,3.05,0.13911579799997856,0.016330959000001893,0.7800440119998764,0.0,51707.69
0.0915075999801048,51756.65,3.05,0.13915629199661783,0.016327386000298427,0.7802774479805027,0.0,51707.69
0.0917461999924854,51471.89,3.05,0.13919685399872253,0.016323807000112718,0.7805112759926357,0.0,51732.17
0.0919832999934443,51699.55,3.05,0.13923716099888553,0.016320250500098336,0.7807436339935754,0.0,51732.17
0.0922216999751982,51707.69,3.05,0.1392776889957837,0.016316674500372025,0.7809772659756943,0.0,51732.17
0.0924579999991693,51740.32,3.05,0.1393178599998588,0.01631313000001246,0.7812088399991859,0.0,51732.17
0.0926951999717858,51732.17,3.05,0.13935818399520358,0.01630957200042321,0.7814412959723501,0.0,51732.17
0.0929313999949955,51748.48,3.05,0.13939833799914925,0.016306029000075068,0.7816727719950955,0.0,51715.85
0.0931697999767494,51715.85,3.05,0.1394388659960474,0.016302453000348757,0.7819064039772144,0.0,51724.01
0.09340799998608419,51707.69,3.05,0.1394793599976343,0.016298880000208738,0.7821398399863625,0.0,51724.01
0.09364729997469119,51789.32,3.05,0.1395200409956975,0.01629529050037963,0.7823743539751974,0.0,51732.17
0.0938842999748886,51740.32,3.05,0.13956033099573106,0.01629173550037667,0.7826066139753909,0.0,51732.17
0.0941227999865078,51707.69,3.05,0.13960087599770632,0.016288158000202384,0.7828403439867776,0.0,51740.32
0.0943549999792595,51724.01,3.05,0.13964034999647412,0.016284675000311107,0.7830678999796743,0.0,51724.01
0.0946074999810663,51707.69,3.05,0.13968327499678126,0.016280887500284006,0.783315349981445,0.0,51724.01
0.0948469999711961,51764.81,3.05,0.13972398999510335,0.016277295000432058,0.7835500599717722,0.0,51724.01
0.0950858999858611,51764.81,3.05,0.13976460299759638,0.016273711500212083,0.7837841819861439,0.0,51724.01
0.0953227999852971,51772.98,3.05,0.13980487599750052,0.016270158000220542,0.7840163439855912,0.0,51715.85
0.0955743999802508,51715.85,3.05,0.13984764799664265,0.016266384000296237,0.7842629119806458,0.0,51715.85
0.0958057999960147,51707.69,3.05,0.1398869859993225,0.01626291300005978,0.7844896839960944,0.0,51707.69
0.0960377999872435,51724.01,3.05,0.1399264259978314,0.016259433000191347,0.7847170439874986,0.0,51715.85
0.09627199999522419,51675.09,3.05,0.1399662399991881,0.016255920000071637,0.7849465599953197,0.0,51715.85
0.0965042999887374,51585.57,3.05,0.14000573099808536,0.016252435500168937,0.7851742139889627,0.0,51715.85
0.0967376999906265,51650.66,3.05,0.1400454089984065,0.016248934500140602,0.785402945990814,0.0,51707.69
0.0969705999887083,51699.55,3.05,0.1400850019980804,0.016245441000169374,0.7856311879889342,0.0,51707.69
0.0972054999729153,51756.65,3.05,0.1401249349953956,0.01624191750040627,0.785861389973457,0.0,51724.01
0.0974377999955323,51781.14,3.05,0.1401644259992405,0.016238433000067016,0.7860890439956216,0.0,51699.55
0.0976706999936141,51756.65,3.05,0.1402040189989144,0.016234939500095788,0.7863172859937418,0.0,51748.48
0.0980273999739439,51666.94,3.05,0.14026465799557047,0.01622958900039084,0.7866668519744651,0.0,51748.48
0.098261699982686,51756.65,3.05,0.14030448899705664,0.01622607450025971,0.7868964659830323,0.0,51748.48
0.0984949999838137,51748.48,3.05,0.14034414999724834,0.016222575000242795,0.7871250999841374,0.0,51748.48
0.0987289999902714,51634.37,3.05,0.14038392999834615,0.016219065000145926,0.787354419990466,0.0,51748.48
0.09896209998987619,51748.48,3.05,0.14042355699827896,0.016215568500151857,0.7875828579900787,0.0,51748.48
0.0991984999855049,51772.98,3.05,0.14046374499753583,0.016212022500217426,0.7878145299857948,0.0,51748.48
0.0994327999942471,51724.01,3.05,0.14050357599902202,0.016208508000086292,0.7880441439943622,0.0,51748.48
0.0997537999937777,51724.01,3.05,0.14055814599894223,0.016203693000093333,0.7883587239939022,0.0,51748.48
0.09998799997265449,51756.65,3.05,0.14059795999535127,0.01620018000041018,0.7885882399732014,0.0,51748.48
0.10022059999755589,51748.48,3.05,0.14063639899959673,0.016213235999853352,0.7888172909975926,0.0,51748.48
0.10045339999487629,51764.81,3.05,0.1406748109991546,0.016227203999692578,0.7890465989949531,0.0,51748.48
0.10068709999904969,51805.65,3.05,0.1407133714998432,0.01624122599994298,0.789276793499064,0.0,51748.48
0.1009202999994159,51756.65,3.05,0.14075184949990363,0.016255217999964953,0.7895064954994246,0.0,51748.48
0.10115519998362289,51748.48,3.05,0.14079060799729778,0.016269311999017374,0.7897378719838686,0.0,51748.48
0.101387699978659,51699.55,3.05,0.14082897049647874,0.01628326199871954,0.7899668844789791,0.0,51715.85
0.1016222999896855,51691.39,3.05,0.14086767949829812,0.016297337999381132,0.7901979654898402,0.0,51699.55
0.101855799992336,51666.94,3.05,0.14090620699873543,0.01631134799954016,0.790427962992451,0.0,51699.55
0.1020978999731597,51715.85,3.05,0.14094615349557135,0.01632587399838958,0.7906664314735623,0.0,51699.55
0.1023273999744561,51658.8,3.05,0.14098402099578528,0.016339643998467365,0.7908924889748392,0.0,51691.39
0.1025613999809139,51683.24,3.05,0.1410226309968508,0.016353683998854833,0.7911229789812002,0.0,51691.39
0.1027945999812801,51675.09,3.05,0.1410611089969112,0.016367675998876806,0.7913526809815609,0.0,51691.39
0.1030282999854535,51740.32,3.05,0.14109966949759983,0.01638169799912721,0.7915828754856717,0.0,51715.85
0.1032614999858197,51724.01,3.05,0.14113814749766027,0.01639568999914918,0.7918125774860324,0.0,51724.01
0.1035193999996409,51642.51,3.05,0.14118070099994076,0.016411163999978454,0.7920666089996463,0.0,51724.01
0.10375419998308649,51781.14,3.05,0.1412194429972093,0.016425251998985188,0.7922978869833401,0.0,51724.01
0.1039881999895443,51797.48,3.05,0.14125805299827482,0.01643929199937266,0.7925283769897011,0.0,51724.01
0.10422069998458029,51748.48,3.05,0.14129641549745575,0.016453241999074816,0.7927573894848116,0.0,51724.01
0.104452899977332,51724.01,3.05,0.14133472849625978,0.01646717399863992,0.792986106477672,0.0,51724.01
0.104686499980744,51715.85,3.05,0.14137327249682277,0.01648118999884464,0.7932162024810329,0.0,51724.01
0.104920099984156,51715.85,3.05,0.14141181649738574,0.01649520599904936,0.7934462984843936,0.0,51724.01
0.1051542999921367,51601.83,3.05,0.14145045949870255,0.016509257999528203,0.7936769854922546,0.0,51715.85
0.1053870999894571,51732.17,3.05,0.14148887149826042,0.016523225999367425,0.7939062934896153,0.0,51715.85
0.1056210999959149,51724.01,3.05,0.14152748149932595,0.016537265999754896,0.7941367834959762,0.0,51715.85
0.1058538999932353,51666.94,3.05,0.14156589349888382,0.016551233999594118,0.7943660914933368,0.0,51715.85
0.1060886999766808,51707.69,3.05,0.14160463549615235,0.01656532199860085,0.7945973694770306,0.0,51715.85
0.1063211000000593,51707.69,3.05,0.14164298150000978,0.01657926600000356,0.7948262835000585,0.0,51724.01
0.1065542999713216,51838.35,3.06,0.14168145949526806,0.016593257998279296,0.7950559854717518,0.0,51724.01
0.1067862999916543,51772.98,3.05,0.14171973949862296,0.01660717799949926,0.7952845054917795,0.0,51724.01
0.1070191999897361,51732.17,3.05,0.14175816799830646,0.016621151999384166,0.7955139119898901,0.0,51707.69
0.1072518999862951,51699.55,3.05,0.1417965634977387,0.016635113999177706,0.7957431214865007,0.0,51707.69
0.1074864999973216,51724.01,3.05,0.14183527249955807,0.016649189999839296,0.7959742024973617,0.0,51724.01
0.10771939999540339,51764.81,3.05,0.14187370099924157,0.016663163999724204,0.7962036089954724,0.0,51724.01
0.10795289999805399,51691.39,3.05,0.1419122284996789,0.01667717399988324,0.7964336064980831,0.0,51724.01
0.1081855999946129,51691.39,3.05,0.14195062399911113,0.016691135999676775,0.7966628159946937,0.0,51707.69
0.1084183999919333,51707.69,3.05,0.141989035998669,0.016705103999515997,0.7968921239920543,0.0,51699.55
0.1086532999761403,51797.48,3.05,0.14202779449606315,0.016719197998568417,0.7971235004764982,0.0,51707.69
0.1088864999765065,51666.94,3.05,0.14206627249612358,0.01673318999859039,0.7973532024768589,0.0,51707.69
0.1091217999928631,51748.48,3.05,0.14210509699882243,0.016747307999571786,0.7975849729929702,0.0,51707.69
0.1093557999993209,51675.09,3.05,0.14214370699988796,0.016761347999959254,0.797815462999331,0.0,51732.17
0.109649799996987,51675.09,3.05,0.14219221699950285,0.01677898799981922,0.7981050529970322,0.0,51732.17
0.1098845999804326,51732.17,3.05,0.14223095899677138,0.016793075998825957,0.7983363309807261,0.0,51732.17
0.110114999988582,51822.0,3.05,0.14226897499811603,0.01680689999931492,0.7985632749887532,0.0,51715.85
0.1103483999904711,51789.32,3.05,0.14230748599842774,0.016820903999428264,0.798793173990614,0.0,51715.85
0.1105833999754396,51756.65,3.05,0.14234626099594755,0.016835003998526377,0.799024648975808,0.0,51715.85
0.1108162999735214,51715.85,3.05,0.14238468949563104,0.016848977998411282,0.7992540554739186,0.0,51715.85
0.1110505999822636,51715.85,3.05,0.14242334899707348,0.016863035998935814,0.7994848409825297,0.0,51715.85
0.1112844999879599,51699.55,3.05,0.1424619424980134,0.016877069999277593,0.7997152324881405,0.0,51715.85
0.1115192999714055,51675.09,3.05,0.14250068449528192,0.01689115799828433,0.7999465104718344,0.0,51715.85
0.1117524999717717,51666.94,3.05,0.14253916249534232,0.0169051499983063,0.8001762124721952,0.0,51699.55
0.1119867999805138,51715.85,3.05,0.1425778219967848,0.016919207998830826,0.8004069979808061,0.0,51699.55
0.1122192999755498,51577.43,3.05,0.14261618449596572,0.016933157998532986,0.8006360104759166,0.0,51683.24
0.1124540999880992,51789.32,3.05,0.14265492649803638,0.016947245999285952,0.8008672884882777,0.0,51675.09
0.1126878999930341,51626.24,3.05,0.14269350349885063,0.016961273999582045,0.8010975814931386,0.0,51666.94
0.1129221999726724,51666.94,3.05,0.14273216299549096,0.016975331998360342,0.8013283669730823,0.0,51666.94
0.1131552999722772,51764.81,3.05,0.14277062449542574,0.016989317998336632,0.8015579704726931,0.0,51683.24
0.1133884999726434,51683.24,3.05,0.14280910249548617,0.017003309998358602,0.8017876724730537,0.0,51683.24
0.1136408999736887,51601.83,3.05,0.14285074849565865,0.01701845399842132,0.8020362864740834,0.0,51683.24
0.11387929998454639,51561.17,3.05,0.14289008449745016,0.017032757999072782,0.8022711104847782,0.0,51683.24
0.1141184999723919,51764.81,3.05,0.14292955249544467,0.017047109998343513,0.8025067224728061,0.0,51683.24
0.1143565999809653,51732.17,3.05,0.14296883899685928,0.017061395998857917,0.8027412509812508,0.0,51683.24
0.1146963999781292,51707.69,3.05,0.1430249059963913,0.01708178399868775,0.8030759539784573,0.0,51683.24
0.1149322999990546,51642.51,3.05,0.143063829499844,0.017095937999943276,0.8033083154990688,0.0,51683.24
0.1151671999832616,51683.24,3.05,0.14310258799723816,0.017110031998995696,0.8035396919835127,0.0,51691.39
0.11540149999200369,51634.37,3.05,0.14314124749868062,0.017124089999520222,0.8037704774921236,0.0,51691.39
0.11563499999465429,51699.55,3.05,0.14317977499911796,0.017138099999679256,0.8040004749947345,0.0,51691.39
0.11589269997784869,51683.24,3.05,0.14322229549634505,0.01715356199867092,0.804254309478181,0.0,51683.24
0.1161286999995355,51691.39,3.05,0.14326123549992337,0.01716772199997213,0.8044867694995425,0.0,51683.24
0.116362599976128,51724.01,3.05,0.1432998289960611,0.01718175599856768,0.804717160976486,0.0,51683.24
0.1165962999803015,51666.94,3.05,0.14333838949674974,0.01719577799881809,0.804947355480597,0.0,51683.24
0.116828899976099,51830.18,3.05,0.14337676849605632,0.01720973399856594,0.8051764664764576,0.0,51691.39
0.1170625999802724,51658.8,3.05,0.14341532899674495,0.017223755998816342,0.8054066609805683,0.0,51683.24
0.11729539997759279,51666.94,3.05,0.14345374099630281,0.017237723998655568,0.8056359689779289,0.0,51691.39
0.11752929998328909,51707.69,3.05,0.1434923344972427,0.017251757998997346,0.8058663604835398,0.0,51666.94
0.1177612999745179,51650.66,3.05,0.14353061449579546,0.017265677998471073,0.8060948804749002,0.0,51666.94
0.1179906999750529,51707.69,3.05,0.14356846549588373,0.017279441998503172,0.8063208394754271,0.0,51691.39
0.1182236999738962,51666.94,3.05,0.14360691049569288,0.01729342199843377,0.8065503444742878,0.0,51691.39
0.1184572999773082,51691.39,3.05,0.14364545449625585,0.01730743799863849,0.8067804404776486,0.0,51691.39
0.11869019997539,51634.37,3.05,0.14368388299593934,0.017321411998523398,0.8070098469757592,0.0,51691.39
0.1189242999826093,51691.39,3.05,0.14372250949713053,0.01733545799895656,0.8072404354828702,0.0,51691.39
0.1191568999784068,51732.17,3.05,0.14376088849643712,0.01734941399870441,0.8074695464787307,0.0,51691.39
0.119441699993331,51772.98,3.05,0.14380788049889962,0.01736650199959986,0.8077500744934311,0.0,51691.39
0.1197120999859181,51553.05,3.05,0.14385249649767648,0.017382725999155087,0.8080164184861294,0.0,51691.39
0.1199481999792625,51691.39,3.05,0.14389145299657832,0.01739689199875575,0.8082489769795735,0.0,51691.39
0.1201828999910504,51650.66,3.05,0.14393109299847856,0.017397256500134243,0.8084819854910952,0.0,51699.55
0.1204178999760189,51699.55,3.05,0.14397104299592323,0.017393731500359715,0.8087158104761388,0.0,51699.55
0.1206511999771465,51691.39,3.05,0.1440107039961149,0.0173902320003428,0.8089479439772608,0.0,51691.39
0.1208852999843657,51724.01,3.05,0.14405050099734218,0.017386720500234515,0.8091808734844439,0.0,51691.39
0.12111929999082349,51822.0,3.05,0.14409028099843998,0.017383210500137646,0.8094137034908694,0.0,51691.39
0.1213541999750305,51707.69,3.05,0.14413021399575518,0.017379687000374542,0.8096474289751554,0.0,51699.55
0.121587899979204,51691.39,3.05,0.14416994299646468,0.01737618150031194,0.809879960479308,0.0,51707.69
0.1218213999818545,51675.09,3.05,0.14420963799691527,0.01737267900027218,0.8101122929819452,0.0,51707.69
0.1220560999936425,51715.85,3.05,0.14424953699891924,0.01736915850009536,0.8103458194936743,0.0,51715.85
0.1222890999924858,51683.24,3.05,0.14428914699872258,0.01736566350011271,0.8105776544925234,0.0,51715.85
0.1225236999744084,51748.48,3.05,0.14432902899564942,0.017362144500383873,0.8108110814745364,0.0,51707.69
0.1227568999747746,51724.01,3.05,0.14436867299571168,0.01735864650037838,0.8110431154749007,0.0,51707.69
0.1229917999880854,51683.24,3.05,0.1444086059979745,0.017355123000178718,0.811276840988145,0.0,51707.69
0.1232259999960661,51715.85,3.05,0.14444841999933122,0.01735161000005901,0.8115098699960858,0.0,51715.85
0.1234614999848418,51732.17,3.05,0.1444884549974231,0.017348077500227373,0.8117441924849176,0.0,51707.69
0.1236953999905382,51707.69,3.05,0.1445282179983915,0.017344569000141925,0.8119769229905855,0.0,51707.69
0.1239546999859158,51675.09,3.05,0.14457229899760568,0.017340679500211263,0.8122349264859863,0.0,51707.69
0.12418929999694231,51675.09,3.05,0.1446121809994802,0.017337160500045863,0.8124683534969577,0.0,51707.69
0.12442409998038789,51715.85,3.05,0.14465209699666595,0.01733363850029418,0.812701979480486,0.0,51715.85
0.12465789998532278,51585.57,3.05,0.14469184299750487,0.01733013150022016,0.8129346104853962,0.0,51715.85
0.12490329999127431,51707.69,3.05,0.14473356099851664,0.017326450500130885,0.813178783491318,0.0,51715.85
0.1251389999815729,51724.01,3.05,0.14477362999686738,0.017322915000276405,0.8134133049816651,0.0,51715.85
0.12537459997111008,51715.85,3.05,0.1448136819950887,0.01731938100043335,0.8136477269712545,0.0,51715.85
0.1256083999760449,51715.85,3.05,0.14485342799592762,0.017315874000359326,0.8138803579761646,0.0,51715.85
0.1258380999788642,51953.02,3.06,0.14489247699640692,0.017312428500317036,0.8141089094789699,0.0,51715.85
0.1260697999969125,51789.32,3.05,0.14493186599947513,0.017308953000046312,0.814339450996928,0.0,51715.85
0.1263030999980402,51691.39,3.05,0.14497152699966684,0.017305453500029395,0.81457158449805,0.0,51715.85
0.1265360999968835,51691.39,3.05,0.14501113699947019,0.017301958500046746,0.8148034194968992,0.0,51699.55
0.1267678999865894,51740.32,3.05,0.1450505429977202,0.01729848150020116,0.8150340604866565,0.0,51699.55
0.1270015999907628,51675.09,3.05,0.14509027199842967,0.017294976000138556,0.815266591990809,0.0,51699.55
0.127257499989355,51699.55,3.05,0.14513377499819036,0.017291137500159676,0.8155212124894082,0.0,51699.55
0.12749279997660778,51683.24,3.05,0.14517377599602332,0.017287608000350882,0.8157553359767248,0.0,51691.39
0.1277256999746897,51699.55,3.05,0.14521336899569723,0.017284114500379654,0.8159870714748163,0.0,51699.55
0.1279716999852099,51707.69,3.05,0.14525518899748568,0.017280424500221853,0.8162318414852839,0.0,51699.55
0.1282177999964916,51912.03,3.06,0.14529702599940356,0.017276733000052627,0.8164767109965092,0.0,51699.55
0.128453899989836,51666.94,3.05,0.14533716299827212,0.017273191500152458,0.8167116304898868,0.0,51699.55
0.1286875999940094,51675.09,3.05,0.1453768919989816,0.017269686000089858,0.8169441619940394,0.0,51699.55
0.12892349998583089,51789.32,3.05,0.14541699499759125,0.017266147500212537,0.8171788824859018,0.0,51699.55
0.1291565999854357,51748.48,3.05,0.14545662199752407,0.017262651000218465,0.8174108169855085,0.0,51707.69
0.1295505999878515,51707.69,3.05,0.14552360199793474,0.01725674100018223,0.8178028469879123,0.0,51683.24
0.1298366999835708,51634.37,3.05,0.14557223899720703,0.017252449500246438,0.818087516483653,0.0,51683.24
0.130069899983937,51601.83,3.05,0.1456118829972693,0.017248951500240944,0.8183195504840174,0.0,51683.24
0.1303048999980093,51666.94,3.05,0.14565183299966158,0.01724542650002986,0.8185533754980193,0.0,51683.24
0.13053789999685259,51740.32,3.05,0.14569144299946493,0.01724193150004721,0.8187852104968684,0.0,51675.09
0.1307715999719222,51683.24,3.05,0.14573117199522675,0.017238426000421168,0.8190177419720626,0.0,51675.09
0.1310043999983464,51683.24,3.05,0.14577074799971887,0.017234934000024803,0.8192493779983547,0.0,51675.09
0.1313216999988072,51666.94,3.05,0.14582468899979723,0.017230174500017893,0.8195650914988132,0.0,51683.24
0.1315567999845371,51675.09,3.05,0.1458646559973713,0.017226648000231944,0.8197990159846145,0.0,51683.24
0.1317901999864262,51577.43,3.05,0.14590433399769245,0.017223147000203606,0.820031248986494,0.0,51691.39
0.1320230999845081,51748.48,3.05,0.14594392699736636,0.017219653500232378,0.8202629844845856,0.0,51691.39
0.13225579998106698,51756.65,3.05,0.14598348599678138,0.017216163000283995,0.8204945209811617,0.0,51691.39
0.1324897999875248,51691.39,3.05,0.1460232659978792,0.01721265300018713,0.8207273509875872,0.0,51691.39
0.1327224999840837,51724.01,3.05,0.14606282499729423,0.017209162500238746,0.8209588874841633,0.0,51691.39
0.1329563999897801,51691.39,3.05,0.14610258799826262,0.0172056540001533,0.8211916179898312,0.0,51707.69
0.1331887999840547,51707.69,3.05,0.14614209599728928,0.01720216800023918,0.8214228559841344,0.0,51707.69
0.1334230999927968,51683.24,3.05,0.14618192699877544,0.017198653500108046,0.8216559844928328,0.0,51691.39
0.133656299993163,51683.24,3.05,0.1462215709988377,0.017195155500102557,0.8218880184931973,0.0,51691.39
0.13388509998912929,51732.17,3.05,0.14626046699815196,0.01719172350016306,0.8221156744891837,0.0,51707.69
0.134117299981881,51740.32,3.05,0.14629994099691976,0.017188240500271786,0.8223467134819716,0.0,51707.69
0.1343501999799628,51675.09,3.05,0.14633953399659366,0.01718474700030056,0.822578448980063,0.0,51724.01
0.1345818999980111,51675.09,3.05,0.14637892299966188,0.017181271500029835,0.822808990498021,0.0,51724.01
0.13481569997384218,51748.48,3.05,0.14641866899555317,0.017177764500392368,0.823041621473973,0.0,51732.17
0.1350486999726855,51724.01,3.05,0.14645827899535652,0.017174269500409716,0.8232734564728221,0.0,51732.17
0.1352836999867578,51756.65,3.05,0.1464982289977488,0.017170744500198634,0.8235072814868241,0.0,51724.01
0.135515799978748,52010.46,3.06,0.14653768599638714,0.017167263000318782,0.8237382209788543,0.0,51683.24
0.13576229999307549,51650.66,3.05,0.1465795909988228,0.017163565500103867,0.8239834884931101,0.0,51683.24
0.1359909999882803,51732.17,3.05,0.14661846999800765,0.017160135000175797,0.824211044988339,0.0,51707.69
0.1362455999769737,51683.24,3.05,0.14666175199608553,0.017156316000345395,0.8244643719770889,0.0,51683.24
0.13647609998588459,51658.8,3.05,0.14670093699760037,0.017152858500211733,0.8246937194859552,0.0,51683.24
0.136706499994034,51561.17,3.05,0.14674010499898577,0.017149402500089492,0.8249229674940639,0.0,51683.24
0.136970299994573,51666.94,3.05,0.1467849509990774,0.017145445500081406,0.8251854484946002,0.0,51666.94
0.1372010999766645,51707.69,3.05,0.14682418699603295,0.017141983500350032,0.8254150944767812,0.0,51683.24
0.1374314999848139,51666.94,3.05,0.14686335499741834,0.01713852750022779,0.8256443424848898,0.0,51683.24
0.13766079998458738,51683.24,3.05,0.14690233599737984,0.01713508800023119,0.8258724959846645,0.0,51675.09
0.1378915999957826,51772.98,3.05,0.14694157199928304,0.017131626000063262,0.8261021419958037,0.0,51683.24
0.13811999998870308,51658.8,3.05,0.14698039999807952,0.017128200000169454,0.8263293999887596,0.0,51683.24
0.1383502999960911,51683.24,3.05,0.14701955099933547,0.017124745500058634,0.8265585484961107,0.0,51683.24
0.1385789999912959,51707.69,3.05,0.14705842999852028,0.017121315000130564,0.8267861049913394,0.0,51675.09
0.1388432999956422,51675.09,3.05,0.14710336099925916,0.017117350500065368,0.8270490834956641,0.0,51683.24
0.1390737999754493,51732.17,3.05,0.14714254599582638,0.017113893000368263,0.8272784309755721,0.0,51683.24
0.1393867999722716,51398.98,3.05,0.14719575599528617,0.017109198000415927,0.8275898659724102,0.0,51675.09
0.1396169999788981,51642.51,3.05,0.14723488999641265,0.01710574500031653,0.8278189149790036,0.0,51683.24
0.1398477999900934,51675.09,3.05,0.14727412599831585,0.0171022830001486,0.8280485609901429,0.0,51683.24
0.1400772999913898,51724.01,3.05,0.14731314099853626,0.01710386499956949,0.8282776864913468,0.0,51683.24
0.1403308999724687,51699.55,3.05,0.14735625299531965,0.017116544998623435,0.8285325544723311,0.0,51699.55
0.1405618999851868,51658.8,3.05,0.14739552299748174,0.017128094999259342,0.8287647094851128,0.0,51699.55
0.1407928999979049,51683.24,3.05,0.14743479299964382,0.017139644999895245,0.8289968644978944,0.0,51707.69
0.1410235999792349,51707.69,3.05,0.14747401199646992,0.017151179998961746,0.8292287179791311,0.0,51707.69
0.1412544999911916,51740.32,3.05,0.14751326499850256,0.01716272499955958,0.8294607724911476,0.0,51707.69
0.1414834999886808,51732.17,3.05,0.14755219499807573,0.01717417499943404,0.8296909174886242,0.0,51707.69
0.1417093999916688,51707.69,3.05,0.14759059799858368,0.01718546999958344,0.8299179469916271,0.0,51707.69
0.1419385999906809,51724.01,3.05,0.14762956199841573,0.017196929999534045,0.8301482929906343,0.0,51707.69
0.1421694999735337,51699.55,3.05,0.14766881499550072,0.017208474998676684,0.8303803474734014,0.0,51707.69
0.1423989999748301,51699.55,3.05,0.1477078299957211,0.017219949998741504,0.8306109949747043,0.0,51707.69
0.1426275999983773,51764.81,3.05,0.14774669199972412,0.017231379999918865,0.8308407379983692,0.0,51699.55
0.14285769997513859,51585.57,3.05,0.14778580899577354,0.017242884998756928,0.8310719884750143,0.0,51699.55
0.1430865000002087,51691.39,3.05,0.14782470500003547,0.017254325000010434,0.8313019325002098,0.0,51691.39
0.1433157999999822,51683.24,3.05,0.14786368599999697,0.01726578999999911,0.8315323789999821,0.0,51691.39
0.143544499995187,51764.81,3.05,0.14790256499918178,0.01727722499975935,0.831762222495163,0.0,51691.39
0.1437737999949605,51577.43,3.05,0.14794154599914328,0.017288689999748027,0.8319926689949353,0.0,51691.39
0.1440036999993027,51675.09,3.05,0.14798062899988146,0.017300184999965135,0.8322237184992992,0.0,51691.39
0.1442342999798712,51658.8,3.05,0.1480198309965781,0.01731171499899356,0.8324554714797706,0.0,51691.39
0.1444635999796447,51707.69,3.05,0.14805881199653959,0.017323179998982235,0.8326859179795429,0.0,51699.55
0.1446945999923628,51699.55,3.05,0.14809808199870167,0.017334729999618142,0.8329180729923247,0.0,51707.69
0.1449246999982279,51732.17,3.05,0.14813719899969874,0.017346234999911395,0.8331493234982191,0.0,51707.69
0.1451546999742277,51724.01,3.05,0.14817629899561868,0.017357734998711384,0.8333804734740988,0.0,51707.69
0.1453847999800928,51683.24,3.05,0.14821541599661575,0.01736923999900464,0.8336117239799933,0.0,51707.69
0.1456141999806278,51715.85,3.05,0.14825441399670672,0.01738070999903139,0.833842270980531,0.0,51707.69
0.1458436999819242,51707.69,3.05,0.1482934289969271,0.01739218499909621,0.8340729184818338,0.0,51707.69
0.1460726999794133,51707.69,3.05,0.14833235899650024,0.017403634998970664,0.8343030634793104,0.0,51707.69
0.1463028999860399,51764.81,3.05,0.14837149299762678,0.017415144999301996,0.8345344144859701,0.0,51707.69
0.1465328999911435,51691.39,3.05,0.14841059299849438,0.017426644999557175,0.8347655644910993,0.0,51707.69
0.1467985999770463,51658.8,3.05,0.14845576199609786,0.017439929998852317,0.8350325929769316,0.0,51715.85
0.1470277999760584,51732.17,3.05,0.14849472599592992,0.01745138999880292,0.8352629389759387,0.0,51707.69
0.1472583999857307,51601.83,3.05,0.1485339279975742,0.017462919999286536,0.8354946919856594,0.0,51707.69
0.1474883999908343,51838.35,3.06,0.14857302799844183,0.017474419999541715,0.8357258419907885,0.0,51707.69
0.1477530999982264,51732.17,3.05,0.14861802699969848,0.01748765499991132,0.8359918654982176,0.0,51691.39
0.1480574999877718,51797.48,3.05,0.1486697749979212,0.01750287499938859,0.8362977874877107,0.0,51675.09
0.1482893999782391,51707.69,3.05,0.14870919799630064,0.017514469998911954,0.8365308469781303,0.0,51707.69
0.1485419999808074,51675.09,3.05,0.14875213999673725,0.01752709999904037,0.8367847099807114,0.0,51675.09
0.1488075999950525,51650.66,3.05,0.14879729199915892,0.017540379999752626,0.8370516379950278,0.0,51699.55
0.1490372999978718,51634.37,3.05,0.1488363409996382,0.01755186499989359,0.8372824864978612,0.0,51675.09
0.1494246999791358,51666.94,3.05,0.14890219899645307,0.01757123499895679,0.8376718234790315,0.0,51666.94
0.1497441999963485,51715.85,3.05,0.14895651399937923,0.017587209999817426,0.8379929209963303,0.0,51666.94
0.1499789999797941,51609.96,3.05,0.14899642999656498,0.017598949998989706,0.8382288949796931,0.0,51666.94
0.1502150999731385,51699.55,3.05,0.14903656699543352,0.017610754998656924,0.8384661754730042,0.0,51666.94
0.1504492999811192,51650.66,3.05,0.14907638099679024,0.01762246499905596,0.8387015464810248,0.0,51699.55
0.1507501999731176,51658.8,3.05,0.14912753399542997,0.01763750999865588,0.8390039509729832,0.0,51699.55
0.1509856999909971,51822.0,3.05,0.1491675689984695,0.017649284999549854,0.8392406284909522,0.0,51715.85
0.1512220999866259,51813.83,3.05,0.1492077569977264,0.017661104999331295,0.839478210486559,0.0,51715.85
0.1514589999860619,51740.32,3.05,0.1492480299976305,0.017672949999303095,0.8397162949859922,0.0,51715.85
0.1516969999938738,51699.55,3.05,0.14928848999895852,0.017684849999693688,0.8399554849938432,0.0,51715.85
0.1519329999864568,51781.14,3.05,0.14932860999769765,0.017696649999322838,0.8401926649863891,0.0,51715.85
0.15216929998132409,51715.85,3.05,0.14936878099682507,0.017708464999066205,0.8404301464812307,0.0,51715.85
0.1524024999816902,51715.85,3.05,0.14940842499688733,0.01772012499908451,0.8406645124815987,0.0,51715.85
0.15266819999669679,51699.55,3.05,0.14945359399943844,0.01773340999983484,0.8409315409966803,0.0,51715.85
0.1529024999763351,51789.32,3.05,0.14949342499597695,0.017745124998816756,0.8411670124762168,0.0,51715.85
0.1532086999795866,51699.55,3.05,0.1495454789965297,0.017760434998979332,0.8414747434794846,0.0,51715.85
0.1536168999737129,51642.51,3.05,0.1496148729955312,0.017780844998685645,0.8418849844735815,0.0,51715.85
0.1539774999837392,51691.39,3.05,0.14967617499723565,0.017798874999186958,0.8422473874836579,0.0,51707.69
0.1542180999822449,51732.17,3.05,0.1497170769969816,0.017810904999112243,0.8424891904821561,0.0,51707.69
0.154456799995387,51797.48,3.05,0.14975765599921578,0.01782283999976935,0.842729083995364,0.0,51707.69
0.1547011999937241,51707.69,3.05,0.1497992039989331,0.017835059999686206,0.8429747059936927,0.0,51699.55
0.1549421999952756,51772.98,3.05,0.14984017399919683,0.01784710999976378,0.843216910995252,0.0,51699.55
0.1551827999937814,51642.51,3.05,0.14988107599894282,0.01785913999968907,0.8434587139937504,0.0,51699.55
0.15542289998848,51797.48,3.05,0.1499218929980416,0.017871144999424,0.8437000144884225,0.0,51699.55
0.155663999990793,51699.55,3.05,0.1499628799984348,0.01788319999953965,0.843942319990747,0.0,51699.55
0.1559037999832072,51699.55,3.05,0.15000364599714522,0.01789518999916036,0.8441833189831233,0.0,51699.55
0.156182299979264,51699.55,3.05,0.15005099099647487,0.0179091149989632,0.8444632114791604,0.0,51699.55
0.1564241999876686,51658.8,3.05,0.15009211399790365,0.01792120999938343,0.844706320987607,0.0,51699.55
0.1567004999960773,51666.94,3.05,0.15013908499933312,0.017935024999803865,0.8449840024960578,0.0,51699.55
0.15694089999306018,51675.09,3.05,0.15017995299882023,0.01794704499965301,0.8452256044930255,0.0,51699.55
0.15717999998014429,51699.55,3.05,0.15022059999662452,0.017958999999007214,0.8454658999800451,0.0,51691.39
0.1574193999986165,51699.55,3.05,0.1502612979997648,0.017970969999930825,0.8457064969986097,0.0,51683.24
0.157659499993315,51691.39,3.05,0.15030211499886353,0.01798297499966575,0.8459477974932816,0.0,51683.24
0.1578983999788762,51683.24,3.05,0.15034272799640894,0.01799491999894381,0.8461878919787706,0.0,51683.24
0.1581333999929484,51707.69,3.05,0.15038267799880123,0.01800666999964742,0.8464240669929132,0.0,51691.39
0.158371499972418,51666.94,3.05,0.15042315499531106,0.0180185749986209,0.8466633574722802,0.0,51691.39
0.15864709997549659,51650.66,3.05,0.1504700069958344,0.01803235499877483,0.8469403354753741,0.0,51691.39
0.1588858999894001,51715.85,3.05,0.15051060299819802,0.018044294999470006,0.8471803294893471,0.0,51683.24
0.1591870999836829,51675.09,3.05,0.1505618069972261,0.018059354999184145,0.8474830354836014,0.0,51675.09
0.1594419999746606,51715.85,3.05,0.1506051399956923,0.01807209999873303,0.8477392099745339,0.0,51675.09
0.1596816999954172,51675.09,3.05,0.15064588899922093,0.01808408499977086,0.8479801084953943,0.0,51675.09
0.1599213999870699,51748.48,3.05,0.15068663799780188,0.018096069999353495,0.8482210069870053,0.0,51683.24
0.1601610999787227,51601.83,3.05,0.15072738699638286,0.018098389000212774,0.8484610999787228,0.0,51715.85
0.1603987999842503,51675.09,3.05,0.15076779599732254,0.018096012000157497,0.8486987999842504,0.0,51683.24
0.1606393999827561,51683.24,3.05,0.15080869799706853,0.01809360600017244,0.8489393999827561,0.0,51691.39
0.1609026999794879,51740.32,3.05,0.15085345899651292,0.018090973000205124,0.8492026999794879,0.0,51691.39
0.16114449998713098,51732.17,3.05,0.15089456499781226,0.01808855500012869,0.849444499987131,0.0,51732.17
0.1613840999780223,51772.98,3.05,0.1509352969962638,0.01808615900021978,0.8496840999780223,0.0,51724.01
0.16162349999649459,51683.24,3.05,0.15097599499940406,0.018083765000035057,0.8499234999964946,0.0,51724.01
0.1618614999752027,51691.39,3.05,0.15101645499578445,0.018081385000247974,0.8501614999752027,0.0,51724.01
0.16210019998834468,51805.65,3.05,0.1510570339980186,0.018078998000116555,0.8504001999883447,0.0,51724.01
0.1623396999784746,51748.48,3.05,0.15109774899634068,0.018076603000215255,0.8506396999784747,0.0,51691.39
0.16257919999770828,51724.01,3.05,0.1511384639996104,0.018074208000022917,0.8508791999977083,0.0,51683.24
0.1628187999885995,51626.24,3.05,0.1511791959980619,0.018071812000114006,0.8511187999885995,0.0,51683.24
0.1630582999787294,51658.8,3.05,0.151219910996384,0.01806941700021271,0.8513582999787295,0.0,51691.39
0.1632962999865413,51642.51,3.05,0.15126037099771203,0.018067037000134588,0.8515962999865413,0.0,51699.55
0.1635353999736254,51642.51,3.05,0.15130101799551632,0.018064646000263748,0.8518353999736255,0.0,51699.55
0.1637728999776301,51609.96,3.05,0.15134139299619712,0.0180622710002237,0.8520728999776301,0.0,51699.55
0.1640127999999095,51732.17,3.05,0.1513821759999846,0.018059872000000907,0.8523127999999095,0.0,51658.8
0.1642512999824249,51715.85,3.05,0.15142272099701223,0.018057487000175752,0.852551299982425,0.0,51699.55
0.1645473999960814,51699.55,3.05,0.15147305799933383,0.01805452600003919,0.8528473999960814,0.0,51699.55
0.1648642999934964,51748.48,3.05,0.1515269309988944,0.01805135700006504,0.8531642999934964,0.0,51699.55
0.1651050999935251,51707.69,3.05,0.15156786699889926,0.01804894900006475,0.8534050999935251,0.0,51699.55
0.1653435999760405,51569.31,3.05,0.1516084119959269,0.018046564000239598,0.8536435999760406,0.0,51699.55
0.1655826999922283,51740.32,3.05,0.1516490589986788,0.01804417300007772,0.8538826999922283,0.0,51699.55
0.1658221999823582,51691.39,3.05,0.1516897739970009,0.01804177800017642,0.8541221999823583,0.0,51699.55
0.1660621999762953,51699.55,3.05,0.1517305739959702,0.018039378000237048,0.8543621999762954,0.0,51699.55
0.1662958999804687,51642.51,3.05,0.15177030299667968,0.018037041000195313,0.8545958999804687,0.0,51691.39
0.1665708999789786,51561.17,3.05,0.15181705299642637,0.018034291000210215,0.8548708999789786,0.0,51650.66
0.1668083999829833,51781.14,3.05,0.15185742799710716,0.018031916000170168,0.8551083999829834,0.0,51650.66
0.1670481999753975,51650.66,3.05,0.15189819399581758,0.018029518000246027,0.8553481999753976,0.0,51650.66
0.1672854999778793,51724.01,3.05,0.15193853499623947,0.018027145000221206,0.8555854999778794,0.0,51650.66
0.1675235999864527,51650.66,3.05,0.15197901199769695,0.018024764000135474,0.8558235999864527,0.0,51642.51
0.1677615999942646,51618.09,3.05,0.152019471999025,0.018022384000057356,0.8560615999942647,0.0,51650.66
0.1680002999783028,51593.69,3.05,0.15206005099631148,0.01801999700021697,0.8563002999783028,0.0,51650.66
0.1682379999838304,51544.93,3.05,0.15210045999725116,0.018017620000161695,0.8565379999838304,0.0,51650.66
0.16849759998149239,51691.39,3.05,0.1521445919968537,0.018015024000185075,0.8567975999814924,0.0,51650.66
0.1687501999840606,51618.09,3.05,0.1521875339972903,0.018012498000159395,0.8570501999840606,0.0,51642.51
0.1690304999938235,51691.39,3.05,0.15223518499895,0.018009695000061766,0.8573304999938235,0.0,51626.24
0.1692692999786232,51691.39,3.05,0.15227578099636593,0.018007307000213767,0.8575692999786232,0.0,51626.24
0.1695079999917653,51626.24,3.05,0.1523163599986001,0.018004920000082348,0.8578079999917654,0.0,51642.51
0.16974589999881579,51650.66,3.05,0.15235680299979867,0.01800254100001184,0.8580458999988159,0.0,51650.66
0.16998359997523949,51642.51,3.05,0.1523972119957907,0.018000164000247607,0.8582835999752395,0.0,51642.51
0.1702201999723912,51601.83,3.05,0.15243743399530651,0.017997798000276087,0.8585201999723913,0.0,51650.66
0.1704585999832489,51609.96,3.05,0.1524779619971523,0.01799541400016751,0.8587585999832489,0.0,51642.51
0.170695299981162,51666.94,3.05,0.15251820099679753,0.01799304700018838,0.8589952999811621,0.0,51626.24
0.1709318999783136,51691.39,3.05,0.1525584229963133,0.017990681000216863,0.8592318999783136,0.0,51642.51
0.17116989998612558,51601.83,3.05,0.15259888299764135,0.017988301000138745,0.8594698999861257,0.0,51642.51
0.1714072999893688,51724.01,3.05,0.1526392409981927,0.017985927000106313,0.8597072999893688,0.0,51626.24
0.1716465999779758,51504.33,3.05,0.15267992199625588,0.017983534000220243,0.8599465999779758,0.0,51642.51
0.1718842999835033,51577.43,3.05,0.15272033099719556,0.017981157000164966,0.8601842999835033,0.0,51650.66
0.1721227999951225,51658.8,3.05,0.15276087599917082,0.017978772000048774,0.8604227999951225,0.0,51650.66
0.1723593999922742,51642.51,3.05,0.1528010979986866,0.017976406000077258,0.8606593999922743,0.0,51650.66
0.1726040999928955,51626.24,3.05,0.15284269699879224,0.017973959000071045,0.8609040999928955,0.0,51650.66
0.1728425999754109,51675.09,3.05,0.15288324199581985,0.01797157400024589,0.861142599975411,0.0,51650.66
0.1731060999736656,51650.66,3.05,0.15292803699552315,0.017968939000263345,0.8614060999736657,0.0,51658.8
0.1733448999875691,51650.66,3.05,0.15296863299788674,0.017966551000124308,0.8616448999875691,0.0,51658.8
0.1735838999738917,51724.01,3.05,0.15300926299556158,0.017964161000261082,0.8618838999738917,0.0,51650.66
0.1738217999809422,51683.24,3.05,0.15304970599676018,0.01796178200019058,0.8621217999809422,0.0,51666.94
0.1740601999917999,51764.81,3.05,0.15309023399860597,0.017959398000082002,0.8623601999917999,0.0,51666.94
0.1742929999891203,51666.94,3.05,0.15312980999815046,0.017957070000108797,0.8625929999891203,0.0,51650.66
0.1745307999954094,51650.66,3.05,0.15317023599921958,0.017954692000045906,0.8628307999954095,0.0,51650.66
0.1747680999978912,51601.83,3.05,0.1532105769996415,0.01795231900002109,0.8630680999978912,0.0,51650.66
0.17500739998649809,51666.94,3.05,0.15325125799770467,0.01794992600013502,0.8633073999864981,0.0,51650.66
0.1752446999889799,51544.93,3.05,0.15329159899812658,0.0179475530001102,0.86354469998898,0.0,51634.37
0.1754833999730181,51618.09,3.05,0.15333217799541307,0.017945166000269817,0.8637833999730181,0.0,51626.24
0.1757220999861602,51650.66,3.05,0.15337275699764724,0.0179427790001384,0.8640220999861602,0.0,51618.09
0.1759606999985409,51626.24,3.05,0.15341331899975194,0.01794039300001459,0.8642606999985409,0.0,51618.09
0.1761978999711574,51634.37,3.05,0.15345364299509676,0.017938021000288424,0.8644978999711574,0.0,51626.24
0.1764727999980096,51577.43,3.05,0.15350037599966163,0.017935272000019903,0.8647727999980096,0.0,51626.24
0.1767103999736719,51618.09,3.05,0.1535407679955242,0.01793289600026328,0.8650103999736719,0.0,51634.37
0.1769499999936671,51618.09,3.05,0.1535814999989234,0.01793050000006333,0.8652499999936671,0.0,51634.37
0.177211099973647,51707.69,3.05,0.15362588699552,0.017927889000263528,0.8655110999736471,0.0,51634.37
0.1774512999982108,51740.32,3.05,0.15366672099969583,0.017925487000017892,0.8657512999982109,0.0,51642.51
0.1776895999792032,51707.69,3.05,0.15370723199646455,0.017923104000207968,0.8659895999792032,0.0,51642.51
0.1779275999870152,51658.8,3.05,0.1537476919977926,0.017920724000129847,0.8662275999870153,0.0,51658.8
0.1781660999986344,51609.96,3.05,0.15378823699976785,0.017918339000013654,0.8664660999986344,0.0,51658.8
0.1784257999970578,51666.94,3.05,0.15383238599949983,0.01791574200002942,0.8667257999970578,0.0,51658.8
0.1786782999988646,51642.51,3.05,0.15387531099980697,0.017913217000011354,0.8669782999988647,0.0,51658.8
0.17893839997123,51601.83,3.05,0.1539195279951091,0.017910616000287698,0.8672383999712301,0.0,51642.51
0.1791906999715139,51683.24,3.05,0.15396241899515736,0.01790809300028486,0.867490699971514,0.0,51642.51
0.1794298999884632,51642.51,3.05,0.15400308299803875,0.017905701000115366,0.8677298999884633,0.0,51642.51
0.1796667999878992,51626.24,3.05,0.15404335599794286,0.01790333200012101,0.8679667999878993,0.0,51642.51
0.1799056999734603,51666.94,3.05,0.15408396899548824,0.017900943000265394,0.8682056999734603,0.0,51642.51
0.1801433999789879,51520.57,3.05,0.154123660996533,0.017905735999159518,0.8684376639798284,0.0,51642.51
0.1803824999951758,51675.09,3.05,0.154163112499204,0.017915299999807035,0.8686671999953688,0.0,51658.8
0.180619899998419,51748.48,3.05,0.15420228349973913,0.017924795999936762,0.8688951039984822,0.0,51658.8
0.1808590999862645,51601.83,3.05,0.15424175149773364,0.017934363999450583,0.869124735986814,0.0,51658.8
0.1811151999863796,51658.8,3.05,0.15428400799775263,0.017944607999455187,0.8693705919869245,0.0,51658.8
0.1813910999917426,51601.83,3.05,0.15432953149863754,0.017955643999669705,0.8696354559920729,0.0,51658.8
0.1816290999995545,51699.55,3.05,0.1543688014999265,0.017965163999982183,0.8698639359995723,0.0,51675.09
0.1818685999896843,51658.8,3.05,0.1544083189982979,0.017974743999587373,0.8700938559900969,0.0,51658.8
0.1821070999721997,51488.12,3.05,0.15444767149541294,0.01798428399888799,0.8703228159733117,0.0,51658.8
0.1823405999748502,51691.39,3.05,0.15448619899585028,0.01799362399899401,0.8705469759758562,0.0,51666.94
0.1825793999887538,51724.01,3.05,0.15452560099814439,0.018003175999550154,0.8707762239892036,0.0,51666.94
0.18281699999351989,51715.85,3.05,0.15456480499893077,0.018012679999740797,0.8710043199937791,0.0,51666.94
0.1830556999775582,51634.37,3.05,0.1546041904962971,0.01802222799910233,0.8712334719784559,0.0,51666.94
0.1832945999922231,51666.94,3.05,0.15464360899871682,0.018031783999688928,0.8714628159925342,0.0,51683.24
0.1835345999861602,51683.24,3.05,0.15468320899771643,0.01804138399944641,0.8716932159867138,0.0,51683.24
0.1837719999894035,51601.83,3.05,0.15472237999825159,0.018050879999576143,0.8719211199898274,0.0,51666.94
0.1840100999979768,51650.66,3.05,0.15476166649966616,0.018060403999919074,0.8721496959980577,0.0,51666.94
0.1842479999759235,51699.55,3.05,0.15480091999602738,0.018069919999036944,0.8723780799768865,0.0,51666.94
0.1844863999867812,51724.01,3.05,0.1548402559978189,0.01807945599947125,0.87260694398731,0.0,51666.94
0.1847255999746267,51658.8,3.05,0.1548797239958134,0.01808902399898507,0.8728365759756417,0.0,51666.94
0.18497679999563849,51618.09,3.05,0.15492117199928035,0.018099071999825543,0.873077727995813,0.0,51658.8
0.185215999983484,51675.09,3.05,0.15496063999727486,0.018108639999339364,0.8733073599841447,0.0,51658.8
0.18547839997336268,51691.39,3.05,0.15500393599560486,0.01811913599893451,0.8735592639744282,0.0,51666.94
0.1857171999872663,51666.94,3.05,0.15504333799789893,0.018128687999490654,0.8737885119877756,0.0,51658.8
0.1859565999766347,51618.09,3.05,0.15508283899614472,0.01813826399906539,0.8740183359775693,0.0,51658.8
0.1861943999829237,51463.78,3.05,0.15512207599718242,0.01814777599931695,0.8742466239836068,0.0,51666.94
0.1864695999829565,51634.37,3.05,0.15516748399718783,0.01815878399931826,0.8745108159836382,0.0,51666.94
0.1867064999823925,51683.24,3.05,0.15520657249709477,0.0181682599992957,0.8747382399830969,0.0,51666.94
0.1869808999763337,51658.8,3.05,0.15525184849609505,0.01817923599905335,0.8750016639772803,0.0,51666.94
0.1872199999925215,51691.39,3.05,0.15529129999876606,0.018188799999700862,0.8752311999928206,0.0,51675.09
0.18745849997503689,51699.55,3.05,0.1553306524958811,0.018198339999001476,0.8754601599760354,0.0,51683.24
0.1876959999790416,51626.24,3.05,0.15536983999654186,0.018207839999161667,0.8756881599798799,0.0,51683.24
0.1879344999906607,51675.09,3.05,0.15540919249845903,0.01821737999962643,0.8759171199910343,0.0,51683.24
0.1881716999923811,51691.39,3.05,0.15544833049874288,0.018226867999695247,0.8761448319926859,0.0,51675.09
0.1884450999787078,51732.17,3.05,0.15549344149648678,0.018237803999148313,0.8764072959795595,0.0,51675.09
0.1886827999842354,51691.39,3.05,0.15553266199739885,0.01824731199936942,0.876635487984866,0.0,51666.94
0.1889211999950931,51666.94,3.05,0.15557199799919036,0.018256847999803726,0.8768643519952893,0.0,51666.94
0.1891591999738012,51666.94,3.05,0.1556112679956772,0.01826636799895205,0.8770928319748492,0.0,51666.94
0.1893985999922734,51634.37,3.05,0.15565076899872513,0.018275943999690937,0.8773226559925825,0.0,51666.94
0.1896368999732659,51658.8,3.05,0.15569008849558888,0.01828547599893064,0.8775514239743353,0.0,51658.8
0.189876499993261,51634.37,3.05,0.15572962249888808,0.018295059999730443,0.8777814399935305,0.0,51658.8
0.1901139999972657,51609.96,3.05,0.15576880999954884,0.01830455999989063,0.878009439997375,0.0,51642.51
0.1903478999738582,51666.94,3.05,0.1558074034956866,0.01831391599895433,0.8782339839749039,0.0,51642.51
0.1905848999740556,51642.51,3.05,0.15584650849571918,0.018323395998962225,0.8784615039750934,0.0,51642.51
0.1908233999856748,51658.8,3.05,0.15588586099763635,0.018332935999426994,0.8786904639862478,0.0,51642.51
0.1910627999750432,51471.89,3.05,0.15592536199588214,0.01834251199900173,0.8789202879760415,0.0,51642.51
0.1913024999957998,51642.51,3.05,0.15596491249930697,0.018352099999831995,0.8791503999959678,0.0,51642.51
0.1915407999767922,51675.09,3.05,0.15600423199617072,0.01836163199907169,0.8793791679777205,0.0,51642.51
0.1917790999868885,51724.01,3.05,0.1560435514978366,0.018371163999475543,0.8796079359874129,0.0,51642.51
0.1920174999977462,51626.24,3.05,0.15608288749962812,0.01838069999990985,0.8798367999978364,0.0,51642.51
0.1922549999726471,51642.51,3.05,0.15612207499548678,0.018390199998905888,0.8800647999737412,0.0,51642.51
0.19249449999188079,51666.94,3.05,0.15616159249866035,0.018399779999675233,0.8802947199922055,0.0,51666.94
0.1927321999974084,51618.09,3.05,0.1562008129995724,0.01840928799989634,0.8805229119975121,0.0,51675.09
0.1929710999829695,51683.24,3.05,0.15624023149719,0.01841884399931878,0.8807522559836507,0.0,51666.94
0.1932088999892585,51601.83,3.05,0.15627946849822766,0.018428355999570344,0.8809805439896882,0.0,51666.94
0.1934478999755811,51683.24,3.05,0.15631890349597088,0.018437915999023245,0.8812099839765578,0.0,51666.94
0.1936863999872003,51675.09,3.05,0.15635825599788805,0.018447455999488015,0.8814389439877123,0.0,51666.94
0.1939252999727615,51675.09,3.05,0.15639767449550565,0.018457011998910464,0.8816682879738511,0.0,51666.94
0.194163199979812,51601.83,3.05,0.156436927996669,0.018466527999192482,0.8818966719806195,0.0,51666.94
0.1944013999891468,51666.94,3.05,0.15647623099820923,0.018476055999565876,0.882125343989581,0.0,51658.8
0.1946390999946744,51601.83,3.05,0.1565154514991213,0.01848556399978698,0.8823535359948874,0.0,51658.8
0.1948788999870886,51642.51,3.05,0.15655501849786962,0.018495155999483547,0.8825837439876051,0.0,51658.8
0.1951169999956619,51666.94,3.05,0.15659430499928423,0.018504679999826478,0.8828123199958354,0.0,51658.8
0.19535519997589298,51650.66,3.05,0.15663360799602236,0.018514207999035723,0.8830409919768573,0.0,51658.8
0.1955920999753289,51658.8,3.05,0.15667269649592927,0.01852368399901316,0.8832684159763158,0.0,51658.8
0.195830799988471,51658.8,3.05,0.15671208199809772,0.01853323199953884,0.8834975679889322,0.0,51658.8
0.1960674999863841,51707.69,3.05,0.15675113749775338,0.018542699999455365,0.8837247999869288,0.0,51658.8
0.1963418999803253,51772.98,3.05,0.1567964134967537,0.018553675999213017,0.8839882239811123,0.0,51658.8
0.1965792999835685,51724.01,3.05,0.15683558449728882,0.018563171999342744,0.8842161279842258,0.0,51658.8
0.1968188999744598,51634.37,3.05,0.1568751184957859,0.018572755998978396,0.8844461439754814,0.0,51658.8
0.1970559999754187,51609.96,3.05,0.1569142399959441,0.01858223999901675,0.884673759976402,0.0,51658.8
0.1972948999900837,51634.37,3.05,0.15695365849836382,0.018591795999603353,0.8849031039904803,0.0,51634.37
0.1975317999895197,51658.8,3.05,0.15699274699827076,0.018601271999580792,0.8851305279899389,0.0,51634.37
0.1978065999865067,51626.24,3.05,0.15703808899777363,0.018612263999460272,0.8853943359870464,0.0,51634.37
0.1980809999804479,51683.24,3.05,0.15708336499677392,0.01862323999921792,0.88565775998123,0.0,51634.37
0.1983482999785338,51618.09,3.05,0.1571274694964581,0.018633931999141356,0.8859143679793924,0.0,51634.37
0.198584799974924,51488.12,3.05,0.15716649199586247,0.018643391998996964,0.886141407975927,0.0,51634.37
0.1988813999923878,51626.24,3.05,0.157215430998744,0.018655255999695516,0.8864261439926923,0.0,51642.51
0.1991418999969028,51699.55,3.05,0.157258413499489,0.018665675999876116,0.8866762239970267,0.0,51642.51
0.1993864999967628,51642.51,3.05,0.1572987724994659,0.018675459999870515,0.8869110399968922,0.0,51683.24
0.1996724999917206,51699.55,3.05,0.15734596249863392,0.018686899999668827,0.8871855999920518,0.0,51683.24
0.1999547999876086,51618.09,3.05,0.15739254199795544,0.018698191999504347,0.8874566079881042,0.0,51683.24
0.2001999999920372,51699.55,3.05,0.15743099999876578,0.018700999999960187,0.8876849999926344,0.0,51683.24
0.2004447999934201,51683.24,3.05,0.15746894399898012,0.018702223999967103,0.8879114399939136,0.0,51683.24
0.2007675999775529,51724.01,3.05,0.1575189779965207,0.018703837999887767,0.8882100299792364,0.0,51642.51
0.2010122999781743,51764.81,3.05,0.15755690649661702,0.018705061499890874,0.8884363774798112,0.0,51626.24
0.2014049999997952,51626.24,3.05,0.15761777499996826,0.01870702499999898,0.8887996249998106,0.0,51618.09
0.2016426999762189,51593.69,3.05,0.15765461849631396,0.018708213499881096,0.8890194974780025,0.0,51626.24
0.2018815999908839,51585.57,3.05,0.157691647998587,0.018709407999954422,0.8892404799915676,0.0,51618.09
0.2021193999971729,51609.96,3.05,0.1577285069995618,0.018710596999985864,0.889460444997385,0.0,51618.09
0.2023571999743581,51528.69,3.05,0.15776536599602553,0.01871178599987179,0.8896804099762813,0.0,51609.96
0.2025940999737941,51301.96,3.04,0.1578020854959381,0.01871297049986897,0.8898995424757595,0.0,51593.69
0.20283289998769768,51634.37,3.05,0.15783909949809316,0.01871416449993849,0.8901204324886204,0.0,51593.69
0.2030698999878951,51618.09,3.05,0.15787583449812376,0.018715349499939478,0.890339657488803,0.0,51593.69
0.2033075999934227,51626.24,3.05,0.15791267799898054,0.018716537999967114,0.890559529993916,0.0,51593.69
0.2035389999800828,51593.69,3.05,0.15794854499691285,0.018717694999900416,0.8907735749815766,0.0,51593.69
0.2037773999909405,51585.57,3.05,0.1579854969985958,0.018718886999954703,0.89099409499162,0.0,51609.96
0.2040130999812391,51609.96,3.05,0.15802203049709207,0.018720065499906197,0.8912121174826462,0.0,51618.09
0.2042507999867667,51528.69,3.05,0.15805887399794885,0.018721253999933834,0.8914319899877592,0.0,51609.96
0.204487099981634,51301.96,3.04,0.1580955004971533,0.018722435499908173,0.8916505674830114,0.0,51593.69
0.2047360999858939,51634.37,3.05,0.15813409549781357,0.018723680499929472,0.8918808924869519,0.0,51585.57
0.2049673999717925,51626.24,3.05,0.15816994699562786,0.018724836999858965,0.8920948449739081,0.0,51585.57
0.2051998999959324,51634.37,3.05,0.15820598449936954,0.018725999499979662,0.8923099074962375,0.0,51585.57
0.20543229999020698,51520.57,3.05,0.1582420064984821,0.018727161499951038,0.8925248774909414,0.0,51585.57
0.20567779999691999,51415.17,3.05,0.1582800589995226,0.0187283889999846,0.892751964997151,0.0,51585.57
0.2059047999791801,51585.57,3.05,0.15831524399677294,0.018729523999895904,0.8929619399807416,0.0,51585.57
0.2061316999897827,51585.57,3.05,0.15835041349841633,0.018730658499948916,0.893171822490549,0.0,51585.57
0.206394899985753,51618.09,3.05,0.15839120949779173,0.018731974499928767,0.8934152824868216,0.0,51585.57
0.2066238999832422,51593.69,3.05,0.15842670449740257,0.018733119499916212,0.893627107484499,0.0,51585.57
0.2068527999799699,51561.17,3.05,0.15846218399689535,0.01873426399989985,0.8938388399814722,0.0,51585.57
0.2070805999974255,51569.31,3.05,0.15849749299960098,0.01873540299998713,0.8940495549976186,0.0,51585.57
0.2101757999917027,51626.24,3.05,0.15897724899871393,0.018750878999958514,0.896912614992325,0.0,51585.57
0.2224433999799658,51854.72,3.06,0.16089094399679454,0.018897735999198632,0.9082723619813682,0.0,51585.57
0.2347703999839724,51732.17,3.05,0.1628632639974356,0.019390815999358896,0.9197364719850943,0.0,51585.57
0.2473554999742192,51569.31,3.05,0.16487687999587508,0.019379335000773424,0.9316245024753793,0.0,51585.57
0.2594979999994394,51585.57,3.05,0.1668196799999103,0.019015060000016817,0.9432205899994646,0.0,51585.57
0.27171179998549644,51569.31,3.05,0.1688910059975344,0.019761266999057267,0.9551775639857865,0.0,51585.57
0.2850152999744751,51585.57,3.05,0.17115260099566076,0.020375229499617124,0.9683905294740922,0.0,51585.57
0.2972136999887881,51618.09,3.05,0.17322632899809395,0.02055820549983182,0.9807719054886199,0.0,51585.57
0.3085464999894612,51577.43,3.05,0.17523836999810302,0.020941859999578444,0.9926592899888288,0.0,51585.57
0.3207137999997941,51593.69,3.05,0.17742848399996294,0.021385724000004117,1.0055601969997805,0.0,51585.57
0.33290359997772623,51544.93,3.05,0.1796226479959907,0.021141928000445478,1.0185423339762782,0.0,51585.57
0.34254139999393385,51609.96,3.05,0.1813447449989384,0.021076241999818016,1.0287176419937518,0.0,51593.69
0.35471019998658454,51650.66,3.05,0.18347428499765228,0.021441305999597534,1.041251505986182,0.0,51593.69
0.3672212999954355,51577.43,3.05,0.18562762099922403,0.021563893500022822,1.0538129804955039,0.0,51593.69
0.3795604999759235,51618.09,3.05,0.18772528499590702,0.02150219750012038,1.0659670924762847,0.0,51593.69
0.3918137000000571,51561.17,3.05,0.18963112350000885,0.022031616500002574,1.0770913985000519,0.0,51593.69
0.40392559999600064,51593.69,3.05,0.1914692119994201,0.022380372000019997,1.0879545279964806,0.0,51609.96
0.4150102999992669,51544.93,3.05,0.1930764934998937,0.022324948500003664,1.097709063999355,0.0,51593.69
0.4273728999833111,51675.09,3.05,0.19494279949741322,0.02277923849891523,1.1088093389848133,0.0,51593.69
0.439731499995105,51609.96,3.05,0.19685838249924129,0.02358254749968183,1.1200556649955458,0.0,51593.69
0.4521517999819481,51569.31,3.05,0.1988442879971117,0.023478482000180517,1.1317226919830312,0.0,51593.69
0.46419199998490523,51626.24,3.05,0.2008126399974339,0.02358863999932074,1.1432291199851317,0.0,51609.96
0.47637719998601835,51544.93,3.05,0.20288412399762312,0.024136973999370825,1.1552315419862282,0.0,51609.96
0.4885337999730837,51781.14,3.05,0.20499341499528964,0.024428006999596255,1.1675898139722762,0.0,51609.96
0.49704879999626433,51423.26,3.05,0.20648353999934624,0.024555731999943965,1.1763602639961523,0.0,51601.83
0.5104498999717181,51650.66,3.05,0.20888098199490926,0.02475674849957577,1.1905291434698797,0.0,51569.31
0.5216006999835373,51658.8,3.05,0.2108961294969544,0.024867986000329252,1.202460769981891,0.0,51569.31
0.5350279999838677,51544.93,3.05,0.21338017999701553,0.024599440000322645,1.2172307999822545,0.0,51569.31
0.5460385999758729,51601.83,3.05,0.21541714099553647,0.0245,1.2292216879739426,0.0,51569.31
0.5583813999837731,51544.93,3.05,0.21770055899699803,0.0245,1.2425519119824748,0.0,51553.05
0.5706306999782101,51569.31,3.05,0.21986037249618676,0.024765767499455252,1.2551433139777741,0.0,51561.17
0.5829802999796813,51553.05,3.05,0.22196194649685058,0.025104310499288844,1.2674716789811034,0.0,51561.17
0.5954592999769376,51577.43,3.05,0.2238961914964253,0.025541075499192812,1.279077148978552,0.0,51553.05
0.607749699993292,51544.93,3.05,0.22576245499899378,0.02593249099979876,1.2901584844940635,0.0,51561.17
0.619963499979349,51544.93,3.05,0.22759452499690236,0.026298904999380472,1.300967697481724,0.0,51561.17
0.6320092999958434,51561.17,3.05,0.22940139499937653,0.02678037199983374,1.311508137496363,0.0,51561.17
0.6444197999953759,51569.31,3.05,0.2312629699993064,0.02703370300006936,1.3223894239959308,0.0,51553.05
0.6530970999738203,51520.57,3.05,0.23256456499607306,0.026903543500392695,1.330025447976962,0.0,51561.17
0.6662865999969655,51618.09,3.05,0.23457442299952966,0.02695716499992414,1.3417893729972539,0.0,51544.93
0.6785033999767621,51626.24,3.05,0.23646802699639813,0.027262584999419057,1.3528455769789698,0.0,51561.17
0.6907737999863458,51520.57,3.05,0.23842380799781535,0.02724613100006827,1.3644889789869603,0.0,51561.17
0.7031453999807128,51544.93,3.05,0.24043471799672117,0.02727863499951782,1.376445399980713,0.0,51544.93
0.7153615999850446,51569.31,3.05,0.24251147199745757,0.027584039999626112,1.3886615999850447,0.0,51528.69
0.7275700999889524,51390.88,3.04,0.24466261799801142,0.027624299000110476,1.4012864554883449,0.0,51528.69
0.738772299984703,51561.17,3.05,0.24667901399724654,0.02751227700015297,1.4131047764838618,0.0,51528.69
0.7511753999860958,51528.69,3.05,0.2490233259973582,0.027723507999721918,1.426748816984636,0.0,51520.57
0.7634862999839244,51520.57,3.05,0.251344965497026,0.027934862999839244,1.4403523614822364,0.0,51520.57
0.7760282999952325,51520.57,3.05,0.253665235499118,0.028060282999952325,1.4542112714947317,0.0,51520.57
0.7882068999751938,51512.46,3.05,0.2558772419955349,0.02838724149913178,1.4672172449739533,0.0,51520.57
0.8001883999968414,51553.05,3.05,0.2580310859994788,0.02879623200006317,1.4797846319969046,0.0,51520.57
0.8094422999711243,51488.12,3.05,0.2595579794952355,0.028611154000577517,1.4888534539717018,0.0,51520.57
0.821764299995266,51512.46,3.05,0.26158228799924255,0.02846175049983431,1.5008407989955974,0.0,51520.57
0.8340005999780261,51553.05,3.05,0.26354009599648415,0.028890020999230912,1.5122205579795642,0.0,51520.57
0.846342199976789,51536.81,3.05,0.2654513299965183,0.02894144500058028,1.523444557979342,0.0,51520.57
0.8585940999910237,51520.57,3.05,0.26728911499865354,0.02863514750022441,1.5343487489920111,0.0,51528.69
0.8708804999769201,51528.69,3.05,0.269132074996538,0.029089622498961402,1.545120437479805,0.0,51520.57
0.8832128999929411,51536.81,3.05,0.2709979994989059,0.029548193499894116,1.555991609993647,0.0,51520.57
0.8955446999752895,51504.33,3.05,0.2729094284961699,0.029733170499629345,1.5670902299777605,0.0,51520.57
0.9078538999892773,51488.12,3.05,0.27485662399828437,0.029760730500053612,1.57860047448976,0.0,51520.57
0.9188249999715481,51528.69,3.05,0.2766119999954477,0.02970587500014226,1.5890778749728285,0.0,51512.46
0.9310022999998183,51504.33,3.05,0.2786703909999691,0.030085080499993644,1.6012573114998174,0.0,51512.46
0.9432206999917981,51512.46,3.05,0.2807636224985647,0.03043220699991798,1.6136334244915111,0.0,51512.46
0.9554941999958829,51520.57,3.05,0.28291148499927954,0.03055494199995883,1.6263364969957388,0.0,51512.46
0.9677861999953167,51512.46,3.05,0.285101515999157,0.0306,1.639136578995106,0.0,51512.46
0.9773827999888454,51488.12,3.05,0.28682890399799216,0.0306,1.6491650259883435,0.0,51512.46
0.9886148999794387,51496.23,3.05,0.2887645329965046,0.030944595999177548,1.6606441234791303,0.0,51512.46
1.000706499995431,51577.43,3.05,0.2908201049992233,0.031375272500159916,1.6729064999954308,0.0,51512.46
1.013356199982809,51520.57,3.05,0.2929705539970775,0.03093253300060169,1.6855561999828088,0.0,51512.46
1.025716399977682,51488.12,3.05,0.2950432059963175,0.030900073999218867,1.6976877439785747,0.0,51512.46
1.0381156999792438,51553.05,3.05,0.2970890904965752,0.03133404949927353,1.709591071980074,0.0,51496.23
1.051090799999656,51463.78,3.05,0.29917452799994493,0.03156636199999484,1.7218253519996765,0.0,51496.23
1.0635674999793991,51480.0,3.05,0.3011707999967038,0.03182486249927897,1.733606962480326,0.0,51496.23
1.0759105999895837,51561.17,3.05,0.3031456959983334,0.03225687099963542,1.7453946229900525,0.0,51488.12
1.0877582999819424,51536.81,3.05,0.30504132799711076,0.03232241700018058,1.7566315934829355,0.0,51488.12
1.0997801999910735,51488.12,3.05,0.3069648319985717,0.03220219800008926,1.7679922889915642,0.0,51496.23
1.1116872999991756,51496.23,3.05,0.3088699679998681,0.032609055499971146,1.7790691889992334,0.0,51496.23
1.1233809999830555,51488.12,3.05,0.31075786499720415,0.0329,1.7900795699835639,0.0,51496.23
1.1322596999816597,51431.37,3.05,0.31222285049697385,0.0329,1.79869190898221,0.0,51512.46
1.144698599993717,51520.57,3.05,0.3143222549989005,0.03299397199987434,1.8110395579935286,0.0,51496.23
1.1570727999787778,51561.17,3.05,0.3164877399962861,0.03324145599957556,1.8237849839781413,0.0,51496.23
1.1687064999714494,51536.81,3.05,0.3185671699948609,0.03347412999942899,1.835941824970022,0.0,51496.23
1.1809207999904174,51463.78,3.05,0.32076113999832306,0.0337,1.8487484239901302,0.0,51488.12
1.1933686999836937,51512.46,3.05,0.3229395224971464,0.0337,1.8615697609832047,0.0,51504.33
1.205593199993018,51431.37,3.05,0.325022877998848,0.03372796599996509,1.8737974379932625,0.0,51504.33
1.2179068999830631,51593.69,3.05,0.32705463849720545,0.033789534499915314,1.8856801584836558,0.0,51496.23
1.2300001999828964,51382.79,3.04,0.328950030997349,0.03430000999914482,1.8970001859840937,0.0,51488.12
1.242302299971925,51480.0,3.05,0.330868367995508,0.03481151149985962,1.908487184973329,0.0,51488.12
1.2548236999718938,51504.33,3.05,0.332871791995503,0.03487411849985947,1.9203825149732991,0.0,51496.23
1.2672619999793824,51488.12,3.05,0.33493453999649503,0.03522678999907221,1.9323804499798978,0.0,51496.23
1.2793351000000257,51496.23,3.05,0.33698696700000436,0.035770079500001155,1.944151722500025,0.0,51496.23
1.287522099999478,51447.57,3.05,0.33834114649991387,0.03557433700001566,1.9522844894994806,0.0,51496.23
1.3009682999982033,51577.43,3.05,0.34056945249968557,0.0352290489999461,1.9656779829981852,0.0,51504.33
1.3132494999736082,51504.33,3.05,0.3427186624953814,0.03559748499920824,1.9780819949733441,0.0,51504.33
1.3257407999772113,51520.57,3.05,0.34487593599612587,0.035742592000227884,1.9907269119768694,0.0,51496.23
1.337789299985161,51455.68,3.05,0.34692418099747735,0.03562210700014839,2.0029561394849384,0.0,51496.23
1.3501552999950943,51544.93,3.05,0.34902640099916604,0.03610776499975471,2.01540607649507,0.0,51504.33
1.361324399971636,51520.57,3.05,0.3509251479951781,0.03658013400042546,2.026617777971778,0.0,51504.33
1.3734212999988813,51463.78,3.05,0.35298162099980984,0.03639868050001678,2.038654193498887,0.0,51504.33
1.3858007999951951,51447.57,3.05,0.3550571319992072,0.0364160159999039,2.0508557799953153,0.0,51496.23
1.3982826999854296,51390.88,3.04,0.35711664549759586,0.03666565399970859,2.063025632485794,0.0,51496.23
1.4104233999969438,51504.33,3.05,0.3591198609994957,0.03685635099995416,2.0747585809970506,0.0,51496.23
1.4227550999785308,51626.24,3.05,0.36114081599656495,0.036972449000214694,2.0866035694797116,0.0,51496.23
1.434850799996639,51496.23,3.05,0.3630761279994622,0.03685149200003361,2.0980340059968237,0.0,51496.23
1.4431416999723297,51480.0,3.05,0.3643869634957111,0.036847125499584944,2.1057746554746815,0.0,51496.23
1.4557850999990478,51496.23,3.05,0.36634669049985236,0.03703677649998571,2.1173433664991284,0.0,51496.23
1.467718599975342,51544.93,3.05,0.36819638299617796,0.03725437199950683,2.128223925977561,0.0,51504.33
1.4807922999898435,51528.69,3.05,0.3702267679983749,0.03751980749974608,2.140148723490402,0.0,51504.33
1.492347499995958,51544.93,3.05,0.3720755999993533,0.03780868749989895,2.1510683874961805,0.0,51496.23
1.5047996999928728,51471.89,3.05,0.3741159489987884,0.038263983499608016,2.1630757014929087,0.0,51496.23
1.5171347999712452,51374.69,3.04,0.3762129159951117,0.0389424139984185,2.175349125971389,0.0,51496.23
1.529418899997836,51512.46,3.05,0.37834830749962134,0.0388645275000541,2.187901466997771,0.0,51504.33
1.542071699979715,51504.33,3.05,0.38057290599634874,0.038693226499087185,2.201016718978295,0.0,51504.33
1.553737199981697,51488.12,3.05,0.38267269599670545,0.03921817399917637,2.213498803980416,0.0,51504.33
1.5665922999905888,51463.78,3.05,0.3850525369982119,0.039401115500141165,2.227352645489789,0.0,51504.33
1.5787616999878082,51488.12,3.05,0.3873647229976836,0.03921857450018287,2.240556444486772,0.0,51504.33
1.5907031999959145,51544.93,3.05,0.38947305999928505,0.03936054799993872,2.2530848439957305,0.0,51504.33
1.6027417999866884,51504.33,3.05,0.3915523969978036,0.03951370899993344,2.2654458369871544,0.0,51504.33
1.6110791999963112,51536.81,3.05,0.39292806799939134,0.039555395999981556,2.2734914279964404,0.0,51504.33
1.6245090999873357,51504.33,3.05,0.395098910498037,0.0396,2.286180735488539,0.0,51504.33
1.6368649999785705,51658.8,3.05,0.39701407499667846,0.0396,2.297362824980606,0.0,51504.33
1.6489937999867834,51544.93,3.05,0.39884906999801756,0.04004968999933917,2.3082494509881712,0.0,51512.46
1.661157299997285,51407.07,3.05,0.4006793814995792,0.04059421350001357,2.3191415699975564,0.0,51504.33
1.6724965999892447,51512.46,3.05,0.402436972998333,0.04053751700005378,2.3293469399903204,0.0,51512.46
1.684654499986209,51496.23,3.05,0.4043214474978624,0.04073272499931045,2.3404054124872435,0.0,51512.46
1.698023299977649,51463.78,3.05,0.40639361149653563,0.04140116499888245,2.3527715524793256,0.0,51512.46
1.7103397999890149,51528.69,3.05,0.40840606699818743,0.041810193999670446,2.3645262079894542,0.0,51496.23
1.7225099999923261,51488.12,3.05,0.4104266999986954,0.04208745000003837,2.3763225499922878,0.0,51496.23
1.734528799977852,51577.43,3.05,0.41246989599623485,0.04202735600011074,2.3884014439777412,0.0,51496.23
1.746225399983814,51618.09,3.05,0.41452057199708653,0.042124507999676285,2.400498923982843,0.0,51496.23
1.7584094999765512,51480.0,3.05,0.41671370999577917,0.04236818999953102,2.413414069975144,0.0,51512.46
1.7670603999868035,51471.89,3.05,0.41830617399755865,0.04243530199993402,2.4228664399854836,0.0,51512.46
1.7797667999984697,51569.31,3.05,0.4206568579997169,0.04249883399999235,2.4368434799983167,0.0,51512.46
1.7924069999717176,51496.23,3.05,0.42299529499476773,0.04256203499985859,2.450561594969314,0.0,51512.46
1.8046004999778231,51512.46,3.05,0.425205087496119,0.04273801499933469,2.463538514977158,0.0,51512.46
1.8169213999935891,51512.46,3.05,0.42736124499887806,0.043107641999807676,2.4762290419933968,0.0,51496.23
1.8291878999734763,51520.57,3.05,0.42937006399575617,0.043291878999734766,2.4881285049748025,0.0,51496.23
1.8416370999766511,51528.69,3.05,0.4313455649964976,0.04345729849918279,2.499840647979453,0.0,51512.46
1.8538397999946028,51480.0,3.05,0.4331759699991904,0.043884392999811096,2.5105790239952506,0.0,51496.23
1.8661096999712752,51455.68,3.05,0.43501645499569125,0.044191645499569124,2.5212543419752964,0.0,51480.0
1.8777768999862021,51480.0,3.05,0.4367665349979303,0.04436665349979303,2.5312881339881335,0.0,51480.0
1.8899555999960285,51480.0,3.05,0.43859333999940425,0.04444977799998014,2.542110261996445,0.0,51480.0
1.9021318999875805,51520.57,3.05,0.44044110399801284,0.04456395699962741,2.553114645488263,0.0,51480.0
1.913878499995917,51471.89,3.05,0.4423205599993467,0.044916354999877506,2.564215182496141,0.0,51480.0
1.922581299993908,51463.78,3.05,0.44372591449899484,0.04506128050009138,2.572542580493999,0.0,51480.0
1.935110699996585,51536.81,3.05,0.4457932654994365,0.04487333950005123,2.584884039496636,0.0,51480.0
1.94755549999536,51553.05,3.05,0.44792221249918796,0.04502666499986079,2.5973688324952904,0.0,51496.23
1.959461899998132,51463.78,3.05,0.4500058324996731,0.045383856999943954,2.6094538284981037,0.0,51496.23
1.97162099997513,51471.89,3.05,0.4521336749956477,0.045806734999129545,2.622085839974135,0.0,51496.23
1.9848567999724764,51512.46,3.05,0.4544742239950457,0.04605143200027524,2.635875355971238,0.0,51512.46
1.99700929998653,51496.23,3.05,0.45666167399757546,0.045929907000134704,2.648574718485924,0.0,51512.46
2.0094732999859843,51512.46,3.05,0.45890519399747726,0.04646839799915908,2.661646964985284,0.0,51512.46
2.0217274999886286,51496.23,3.05,0.4610936749980669,0.047048175000341134,2.6744706874883444,0.0,51512.46
2.033819499978563,51520.57,3.05,0.4631493149963557,0.04668541500064311,2.686864987478027,0.0,51512.46
2.045875399984652,51520.57,3.05,0.4651988179973909,0.04676439299930935,2.699016645984806,0.0,51512.46
2.0580678999831434,51512.46,3.05,0.46727154299713447,0.04731305549924147,2.7110872209833126,0.0,51520.57
2.069793499977095,51520.57,3.05,0.4692159274962207,0.047204130000458096,2.722450727477897,0.0,51520.57
2.0790973999828566,51488.12,3.05,0.47075107099717134,0.04701805200034287,2.7314289909834564,0.0,51520.57
2.0912966999749187,51577.43,3.05,0.472707471995987,0.046887033000250815,2.742918897976424,0.0,51520.57
2.10377809999045,51561.17,3.05,0.4746856054985198,0.04704557649937926,2.754575851991214,0.0,51520.57
2.115891499997815,51626.24,3.05,0.47656318249966134,0.04783294749985798,2.76572017999799,0.0,51520.57
2.1282529999734834,51504.33,3.05,0.47852047999575736,0.04805873500013258,2.7771752899753395,0.0,51520.57
2.1405124999873806,51666.94,3.05,0.4804845624979178,0.04802562499936905,2.7886022499876333,0.0,51520.57
2.1517319999984466,51488.12,3.05,0.4823357799997437,0.048586599999922334,2.7995973599984776,0.0,51520.57
2.165099599980749,51520.57,3.05,0.48456693199672735,0.04917848599932622,2.8128760939804605,0.0,51520.57
2.176170499995351,51504.33,3.05,0.4864489849992097,0.049565967499837285,2.824113057495281,0.0,51504.33
2.1883951999770943,51520.57,3.05,0.4885691599959915,0.04936419200091623,2.836521127976751,0.0,51504.33
2.2007787999755237,51528.69,3.05,0.490732395995839,0.04893504599889856,2.849086587975279,0.0,51504.33
2.2128561999998055,51488.12,3.05,0.49278555399996693,0.04947852899999125,2.8612847619998036,0.0,51504.33
2.225094099994749,51447.57,3.05,0.4948659969991073,0.049621706500183785,2.8735431589948015,0.0,51520.57
2.2372802999743726,51488.12,3.05,0.4969376509956433,0.04919518950089696,2.885607496974629,0.0,51504.33
2.245826299971668,51439.47,3.05,0.49836133949532524,0.04947870949815841,2.89392237947266,0.0,51520.57
2.2584833999862894,51577.43,3.05,0.5004497609977379,0.05030142099910882,2.9061364809867696,0.0,51528.69
2.2706755999824964,51846.54,3.06,0.5024614739971119,0.050506755999824966,2.9179553319830216,0.0,51528.69
2.283059899986256,51528.69,3.05,0.5045048834977321,0.05063059899986256,2.930014001486462,0.0,51544.93
2.296056499995757,51480.0,3.05,0.5066493224992998,0.05076056499995757,2.9428156524958204,0.0,51544.93
2.3074093999748584,51544.93,3.05,0.5085595979957259,0.051059328999120045,2.954072352974984,0.0,51544.93
2.320714599976782,51601.83,3.05,0.5108214819960529,0.05148928100034827,2.967307453977014,0.0,51553.05
2.333022599981632,51553.05,3.05,0.5129138419968775,0.05130466100027552,2.9794923739818158,0.0,51553.05
2.345415299991146,51561.17,3.05,0.5149935244985391,0.051497841499513045,2.9916799174913677,0.0,51544.93
2.357420299988007,51528.69,3.05,0.5169743494980211,0.05215811649934038,3.0033847924883066,0.0,51553.05
2.3693306999921337,51512.46,3.05,0.518939565498702,0.05234665349996067,3.015044085992291,0.0,51553.05
2.3812800999730825,51553.05,3.05,0.520917616995424,0.0524,3.0267608984734866,0.0,51553.05
2.3933535999967717,51553.05,3.05,0.5229701119994512,0.0524,3.03865329599682,0.0,51553.05
2.4026693999767303,51504.33,3.05,0.5245404509961604,0.052533469998836506,3.0478160119771953,0.0,51536.81
2.4138489999750163,51585.57,3.05,0.5263850849958777,0.05309244999875082,3.0587720199755157,0.0,51536.81
2.427270299987867,51609.96,3.05,0.5285995994979981,0.05314553950042466,3.071852190988231,0.0,51536.81
2.439460699999472,51536.81,3.05,0.5306110154999127,0.05271887550001848,3.0836768789994875,0.0,51544.93
2.451863700000103,51536.81,3.05,0.5325388735000159,0.05347114050000669,3.0951739225000954,0.0,51536.81
2.462977099989075,51512.46,3.05,0.5342614504983068,0.05395534350016387,3.105394275490113,0.0,51536.81
2.47527729999274,51561.17,3.05,0.5361679814988747,0.0537708405001089,3.1165259564934296,0.0,51536.81
2.487734399997862,51471.89,3.05,0.5381375039996579,0.053893359999946544,3.1281090079979794,0.0,51536.81
2.500068099994678,51544.93,3.05,0.5401115769990953,0.05420204299984034,3.1397674189947313,0.0,51536.81
2.51251709999633,51504.33,3.05,0.5422279069993762,0.054575512999889914,3.152091928996367,0.0,51544.93
2.525204999983543,51553.05,3.05,0.54441087499712,0.05472192500024685,3.1648611499830497,0.0,51553.05
2.537150999996811,51504.33,3.05,0.546501424999442,0.05454273500004783,3.1771655299967154,0.0,51553.05
2.5488595999777317,51553.05,3.05,0.5485947279959917,0.054942979998886594,3.1895354739762842,0.0,51544.93
2.558347699989099,51561.17,3.05,0.5503025859980378,0.05541738499945497,3.199640300488391,0.0,51544.93
2.569542199984426,51585.57,3.05,0.5523653069971188,0.05554771099992213,3.2117055759831805,0.0,51544.93
2.5818595999735408,51618.09,3.05,0.5546347279952374,0.0556,3.224980473971821,0.0,51544.93
2.59428169997409,51447.57,3.05,0.5568707059953362,0.0556,3.238210010472406,0.0,51544.93
2.606657199998154,51528.69,3.05,0.5590317239996861,0.05583300199993539,3.2509904859981447,0.0,51544.93
2.619498299987754,51544.93,3.05,0.5612147109979182,0.05628244049957139,3.263895791487693,0.0,51528.69
2.630902499979129,51390.88,3.04,0.5630443999966607,0.056190975000208705,3.2747028624802774,0.0,51528.69
2.643498499994166,51544.93,3.05,0.565024774999125,0.05625743249973749,3.2863961724948374,0.0,51520.57
2.6556178999890108,51528.69,3.05,0.5668426849983517,0.05680280549950548,3.2971218414902745,0.0,51512.46
2.667799399991054,51512.46,3.05,0.5686699099986581,0.05676601800026838,3.3078244749921724,0.0,51520.57
2.679939399997238,51504.33,3.05,0.5704909099995857,0.05640181800008285,3.3184469749975833,0.0,51512.46
2.6921946999791544,51520.57,3.05,0.5723292049968731,0.05737557599833235,3.329414256481343,0.0,51512.46
2.704360399977304,51512.46,3.05,0.5741976639963686,0.058,3.340433369979006,0.0,51520.57
2.712863899971126,51447.57,3.05,0.5755582239953801,0.058,3.348299107473292,0.0,51520.57
2.726111399999354,51601.83,3.05,0.5776778239998966,0.05809167099999031,3.3607363869993834,0.0,51512.46
2.7383896999817807,51504.33,3.05,0.5796423519970849,0.058275845499726704,3.3724621634826004,0.0,51520.57
2.750650699977996,51553.05,3.05,0.5817106189962593,0.05883253499889979,3.384597446478106,0.0,51553.05
2.76306779999868,51626.24,3.05,0.5838522039997625,0.0593,3.3971672069985943,0.0,51553.05
2.774288799992064,51553.05,3.05,0.5858719839985715,0.0593,3.409117571991548,0.0,51561.17
2.787436199985678,51318.1,3.04,0.5883128779972787,0.0593,3.423454181984102,0.0,51561.17
2.7999391999910586,51561.17,3.05,0.5906884479983011,0.0593,3.437332511990075,0.0,51553.05
2.8121210999961477,51601.83,3.05,0.593003008999268,0.059784843999845905,3.4509150264957045,0.0,51553.05
2.8242911999986977,51561.17,3.05,0.5952724159997655,0.06001417600002605,3.464227215998626,0.0,51553.05
2.835620599973481,51561.17,3.05,0.5973117079952266,0.05978758800053038,3.4761797329720228,0.0,51553.05
2.8477290999726392,51520.57,3.05,0.5993366559956222,0.05981593649958959,3.4881426449740074,0.0,51553.05
2.860442699980922,51488.12,3.05,0.6013641914972336,0.060019921499141475,3.5001829354834975,0.0,51561.17
2.872270399995614,51471.89,3.05,0.603079207999364,0.06055216799980262,3.510413895996206,0.0,51561.17
2.8819156999816187,51553.05,3.05,0.6044873549972428,0.06094789249954047,3.5187570804841,0.0,51553.05
2.893188199988799,51569.31,3.05,0.6061782299983198,0.061229704999719976,3.5285077929903115,0.0,51520.57
2.905369199987035,51512.46,3.05,0.6080053799980552,0.06145369199987035,3.539205433988396,0.0,51512.46
2.9178873999917414,51577.43,3.05,0.6098831099987612,0.06157887399991742,3.5504092229926085,0.0,51512.46
2.930240399989998,51577.43,3.05,0.6118384639983996,0.06195841399964992,3.5617723699907478,0.0,51512.46
2.942761399986921,51480.0,3.05,0.6138556309978418,0.062286193000065396,3.573478557987313,0.0,51536.81
2.9556604999816045,51504.33,3.05,0.6159839824969647,0.062221697500091974,3.585990684982156,0.0,51536.81
2.9678387999883857,51512.46,3.05,0.6180325959980255,0.06263113399936121,3.598195575988153,0.0,51512.46
2.979133599990746,51496.23,3.05,0.6199527119984267,0.063252347999491,3.6097162719905604,0.0,51536.81
2.99120839999523,51536.81,3.05,0.6221735539991176,0.06296374800014311,3.622649029994872,0.0,51536.81
3.0040990999841597,51577.43,3.05,0.6245583334970696,0.0628434684994456,3.6366295054824964,0.0,51536.81
3.016237199975876,51585.57,3.05,0.6268038819955372,0.06326830199915567,3.6500421059733434,0.0,51536.81
3.027933499979554,51496.23,3.05,0.6289676974962175,0.06332066500020446,3.662688844978123,0.0,51536.81
3.0364165999926627,51601.83,3.05,0.6305370709986425,0.06323583400007338,3.671765761992149,0.0,51536.81
3.049676199996611,51593.69,3.05,0.632844953999424,0.06339352399993223,3.6853245809965944,0.0,51536.81
3.061932999989949,51618.09,3.05,0.634909279998392,0.06360966499994976,3.6975073549906026,0.0,51544.93
3.074257799977204,51520.57,3.05,0.6368812479963527,0.06367128899988603,3.7090310429786855,0.0,51528.69
3.0865043999801856,51431.37,3.05,0.6387756599970279,0.06428539599821671,3.720253959982167,0.0,51520.57
3.0988358999893535,51528.69,3.05,0.6406253849984032,0.06539523099904185,3.7313523099904184,0.0,51520.57
3.110757199989166,51447.57,3.05,0.6424673659983208,0.06544621400005417,3.741973907990358,0.0,51520.57
3.1235439999727532,51544.93,3.05,0.644431599995913,0.0654531599995913,3.7534250399752054,0.0,51520.57
3.1358307999907993,51520.57,3.05,0.6462746199986199,0.06563746199986199,3.764606027991628,0.0,51520.57
3.1479828999727033,51520.57,3.05,0.6481772639956326,0.06573991449986351,3.775903925974341,0.0,51520.57
3.1599666999827605,51504.33,3.05,0.6500946719972417,0.06579983349991379,3.7871686979837946,0.0,51520.57
3.172042899997905,51544.93,3.05,0.6521472929996438,0.06640214499989525,3.7990020419979467,0.0,51520.57
3.18348259999766,51504.33,3.05,0.6540920419996022,0.06678258700001169,3.810317425997637,0.0,51520.57
3.191893099981826,51496.23,3.05,0.6555218269969104,0.06674053450009086,3.8188120309816442,0.0,51520.57
3.204229499999201,51553.05,3.05,0.6576401624998601,0.06676344249998802,3.831335237499181,0.0,51520.57
3.216459899995243,51577.43,3.05,0.6597804824991675,0.06694689849992866,3.8438713974951244,0.0,51528.69
3.2288654999865685,51585.57,3.05,0.6619514624976495,0.06726596499959706,3.856587137486233,0.0,51528.69
3.2414224999956787,51480.0,3.05,0.6641418249992654,0.06761422499995678,3.8694296124956566,0.0,51520.57
3.253741299995454,51512.46,3.05,0.6662360209992272,0.06773741299995453,3.8818100064954315,0.0,51528.69
3.266057299973909,51561.17,3.05,0.668299454495695,0.06789085949960863,3.8939755809746917,0.0,51528.69
3.278352099994663,51528.69,3.05,0.6703280964991194,0.06807528149991994,3.9059015369948233,0.0,51520.57
3.291087699995842,51520.57,3.05,0.6723740319993347,0.06848806949985446,3.9180333149960496,0.0,51520.57
3.3036405999737326,51496.23,3.05,0.6744006989956659,0.0688,3.9299949759747834,0.0,51520.57
3.3156480999896303,51561.17,3.05,0.676381936498289,0.0688,3.9415221759900447,0.0,51528.69
3.327022699988447,51455.68,3.05,0.6782587454980937,0.06918624849936458,3.9526173594886203,0.0,51528.69
3.339115099981427,51471.89,3.05,0.6802539914969356,0.0698513304989785,3.9645283734817056,0.0,51528.69
3.348434199986514,51528.69,3.05,0.6817916429977748,0.069604803000472,3.973623344986851,0.0,51536.81
3.360861299996031,51609.96,3.05,0.6838421144993451,0.0692645974997023,3.9857354609961497,0.0,51536.81
3.3732169999857433,51569.31,3.05,0.6858808049976477,0.07019127499893074,3.997720489986171,0.0,51561.17
3.384596899995813,51601.83,3.05,0.6877814729992883,0.0707689534999372,4.008873915495834,0.0,51569.31
3.3968457999872044,51536.81,3.05,0.6898637859978247,0.07095268699980806,4.021061570987269,0.0,51569.31
3.410103699978208,51536.81,3.05,0.6921681474961864,0.07125259249945519,4.034455255477882,0.0,51569.31
3.422422199975699,51569.31,3.05,0.6943117739958689,0.07145155600048601,4.046958532975335,0.0,51569.31
3.433653299987782,51569.31,3.05,0.6962210609979229,0.07122693400024437,4.058358099487599,0.0,51569.31
3.446886399993673,51756.65,3.05,0.6984706879989244,0.07113443199996836,4.0716863999936725,0.0,51553.05
3.459313100000145,51577.43,3.05,0.7005832270000246,0.07119656550000072,4.084113100000145,0.0,51553.05
3.471264699997846,51553.05,3.05,0.7025586754996446,0.07125632349998923,4.095614111997932,0.0,51553.05
3.4825824999716137,51520.57,3.05,0.7044002874956,0.07140329999886454,4.1064017249736,0.0,51561.17
3.495043899980374,51553.05,3.05,0.7063318044969579,0.07190175599921496,4.117990826981748,0.0,51561.17
3.5070227999822237,51553.05,3.05,0.7082587619970668,0.07224045599964447,4.1292365459832014,0.0,51553.05
3.515897999983281,51536.81,3.05,0.7097231699972413,0.0724179599996656,4.1376236099842,0.0,51553.05
3.5283146999718156,51561.17,3.05,0.7117719254953495,0.07291573499859076,4.14960683247252,0.0,51553.05
3.540306299983058,51569.31,3.05,0.7137520709971199,0.07349846850008471,4.161307831482973,0.0,51553.05
3.553238899999996,51601.83,3.05,0.7159506129999993,0.07343380550000002,4.174305094499996,0.0,51553.05
3.5657412999717057,51544.93,3.05,0.7180760209951899,0.07362965199886821,4.186898712971423,0.0,51553.05
3.5780893999908585,51512.46,3.05,0.720175197998446,0.07412357599963434,4.199370293990767,0.0,51553.05
3.590372999984538,51536.81,3.05,0.7222634099973715,0.07409627000015462,4.21172486498446,0.0,51561.17
3.602739999972982,51593.69,3.05,0.7243794999952717,0.07405479999945963,4.224181099972576,0.0,51553.05
3.614916799997445,51520.57,3.05,0.7265104399995529,0.0742983359999489,4.236540551997407,0.0,51544.93
3.627135899994755,51593.69,3.05,0.7286131029991083,0.07443567949997378,4.248871579494729,0.0,51544.93
3.639127299975371,51553.05,3.05,0.730651640995813,0.07449563649987685,4.2609229364752474,0.0,51553.05
3.6510255999746732,51609.96,3.05,0.732619223995821,0.07499615199886028,4.272494831975433,0.0,51553.05
3.6631065999972634,51528.69,3.05,0.7345815229995758,0.07538446700001368,4.284073604997468,0.0,51553.05
3.672248799994122,51528.69,3.05,0.7359985639990888,0.0753387560000294,4.292530139994562,0.0,51544.93
3.6846799999766517,51609.96,3.05,0.737925399996381,0.0754637999991828,4.303888599979103,0.0,51544.93
3.696980699984124,51553.05,3.05,0.7398320084975392,0.07589432449944433,4.31489772648579,0.0,51544.93
3.708126499986975,51544.93,3.05,0.7415189749980462,0.07608126499986975,4.324913849988277,0.0,51528.69
3.720422499987763,51496.23,3.05,0.7433675999980419,0.07622112499938812,4.335990812488681,0.0,51528.69
3.7328965999768116,51512.46,3.05,0.7453634559962898,0.07684482999884057,4.34752935497855,0.0,51512.46
3.745198899996467,51455.68,3.05,0.7473838129993994,0.07732997249991168,4.359246910996502,0.0,51496.23
3.757264299987583,51544.93,3.05,0.7494349309978892,0.07763160749968959,4.371191656987707,0.0,51496.23
3.77034819999244,51471.89,3.05,0.7517626759986392,0.0775965180000756,4.3849208329919485,0.0,51488.12
3.7825877999712243,51480.0,3.05,0.7539916819945325,0.07748706100014388,4.398098335967771,0.0,51488.12
3.794779199990444,51463.78,3.05,0.7563080479981843,0.07742610400004778,4.411752703989297,0.0,51488.12
3.806695399980526,51496.23,3.05,0.7585721259963,0.07783520099873419,4.425132324978092,0.0,51480.0
3.8188384999812115,51488.12,3.05,0.7608793149964301,0.07862450249877874,4.438793312478863,0.0,51488.12
3.828021599998465,51463.78,3.05,0.7625438879997236,0.07841924400005373,4.448482571998396,0.0,51488.12
3.839402299985523,51536.81,3.05,0.7645924139973942,0.0780209195005067,4.460375403484872,0.0,51496.23
3.8518313999811653,51544.93,3.05,0.7665338669970806,0.07888735499858739,4.472121515982296,0.0,51520.57
3.864496999973198,51480.0,3.05,0.7684970349958457,0.07945503000026802,4.483802329976146,0.0,51520.57
3.8769324999884702,51569.31,3.05,0.7704245374982129,0.0793306750001153,4.494869924989739,0.0,51520.57
3.8893612999818292,51544.93,3.05,0.7723041949972744,0.07976806499909145,4.50583794398401,4.680649990914557e-05,51520.57
3.900603299989598,51544.93,3.05,0.7739874784984917,0.08029396700010402,4.51572487099095,0.0001,51528.69
3.912961899972288,51520.57,3.05,0.7757794754959818,0.08017038100027712,4.5264768529758905,0.0001,51528.69
3.925160399987362,51504.33,3.05,0.7775740599981044,0.08017740599981044,4.537218557988689,0.0001,51520.57
3.937441799993394,51382.79,3.04,0.779416269999009,0.0803616269999009,4.548210410994088,0.0001,51528.69
3.9495877999870572,51471.89,3.05,0.7813340479979292,0.08083145099941756,4.559464592987899,0.0001,51520.57
3.962017399986507,51528.69,3.05,0.7833429579977061,0.0813,4.571166964986845,0.0001,51520.57
3.97429309997824,51528.69,3.05,0.7854298269963008,0.0813,4.5831357724787845,0.0001,51520.57
3.982587299979059,51455.68,3.05,0.78683984099644,0.08137761899937175,4.591364918978431,0.0001,51520.57
3.995651799981715,51553.05,3.05,0.7890608059968915,0.08176955399945145,4.604821353981166,0.0001,51520.57
4.007983899995452,51520.57,3.05,0.7913169409991357,0.08221935599981807,4.6180423704950195,0.0001,51520.57
4.020558899996104,51528.69,3.05,0.7937061909992595,0.08269720550001948,4.631831556995596,0.0001,51520.57
4.03200239999569,51593.69,3.05,0.7958804559991811,0.08263998800002155,4.64476271199513,0.0001,51520.57
4.04407619999256,51463.78,3.05,0.7981540969986236,0.0827222859997768,4.65824305799189,0.0001,51520.57
4.056345899996813,51382.79,3.04,0.8004239914994105,0.08309037699990439,4.671617030996527,0.0001,51520.57
4.0690330999786966,51504.33,3.05,0.8026356269963784,0.08274834500106518,4.68467826547859,0.0001,51504.33
4.081595099996775,51520.57,3.05,0.8047472404995002,0.08233558349972589,4.697151540997066,0.0001,51496.23
4.09413269997458,51553.05,3.05,0.8066905684960598,0.08340127949783925,4.708560756976867,0.0001,51480.0
4.106163899996318,51496.23,3.05,0.8085245849994476,0.08377672200007365,4.719355051496741,0.0001,51480.0
4.118129599984968,51431.37,3.05,0.8103194399977451,0.08353740800030064,4.729944695986696,0.0001,51496.23
4.129714699985925,51471.89,3.05,0.8121057784978183,0.08384001449950737,4.7403432299873325,0.0001,51496.23
4.142130099993665,51471.89,3.05,0.814030165499018,0.08432780599961985,4.751580992994108,0.0001,51496.23
4.150616399972932,51480.0,3.05,0.8153455419958044,0.08483698399837593,4.759473251974827,0.0001,51480.0
4.163220499991439,51528.69,3.05,0.8173313824985874,0.08531948750021402,4.771275577491824,0.0001,51480.0
4.175971399992704,51504.33,3.05,0.8194352809987961,0.0850007150001824,4.783452686993033,0.0001,51480.0
4.187228299997514,51431.37,3.05,0.8213288109995773,0.08526141499987569,4.794528299997514,0.0001,51480.0
4.199458299990511,51512.46,3.05,0.8234079109983867,0.08587291499952553,4.80675829999051,0.0001,51480.0
4.21205239999108,51480.0,3.05,0.8256091699984389,0.0860205239999108,4.8198344959907224,0.0001,51480.0
4.224111299990909,51488.12,3.05,0.8277605904983181,0.08618222599981817,4.8324990909902725,0.0001,51480.0
4.236314699985087,51293.88,3.04,0.830018219497241,0.08642629399970173,4.845556728984042,0.0001,51471.89
4.248751099978108,51415.17,3.05,0.8322751979960594,0.0867187774994527,4.858776165976795,0.0001,51447.57
4.260871199978283,51585.57,3.05,0.8344524599961995,0.0869738640006515,4.871597335977632,0.0001,51471.89
4.2731691999943,51471.89,3.05,0.8366046099990024,0.08660492400017102,4.884264275994129,0.0001,51471.89
4.28562619999866,51447.57,3.05,0.8387283229997788,0.0867938339999062,4.896813675998687,0.0001,51471.89
4.297816499980399,51415.17,3.05,0.8407397224967659,0.08764715499862796,4.908760169980791,0.0001,51471.89
4.306384699972114,51431.37,3.05,0.8421215519955382,0.08792769399944228,4.916869694473926,0.0001,51471.89
4.318525399983628,51528.69,3.05,0.8440640639973804,0.08817050799967255,4.928221248984691,0.0001,51471.89
4.330735899973661,51544.93,3.05,0.8459640644959174,0.08852207699920982,4.939530707475636,0.0001,51471.89
4.34298069999204,51520.57,3.05,0.8478769119987265,0.0888,4.950872050992597,0.0001,51488.12
4.355600399983814,51471.89,3.05,0.8498960639974102,0.0888,4.962608371984947,0.0001,51488.12
4.367940599971917,51463.78,3.05,0.8518307929956472,0.08899851499929794,4.974084757973883,0.0001,51488.12
4.380838499986567,51488.12,3.05,0.8538383524977835,0.0893,4.986100767487171,0.0001,51488.12
4.393221799982712,51528.69,3.05,0.8558815969971474,0.0893,4.99792681898349,0.0001,51488.12
4.405674199981149,51488.12,3.05,0.8579362429968895,0.08935674199981149,5.009989086981432,0.0001,51488.12
4.4177251999790315,51455.68,3.05,0.8599246579965402,0.08947725199979031,5.0218593219793455,0.0001,51488.12
4.429593799985014,51423.26,3.05,0.8619789149973774,0.08983578299947548,5.033885675984714,0.0001,51488.12
4.441274399985559,51463.78,3.05,0.8640230199974728,0.09026371999927794,5.045819003985054,0.0001,51496.23
4.453421899990644,51496.23,3.05,0.8661488324983627,0.0908710949995322,5.058391666490317,0.0001,51496.23
4.462245799979428,51496.23,3.05,0.8676817859965027,0.09113262600061717,5.067445799979428,0.0001,51496.23
4.47503939998569,51585.57,3.05,0.8698566979975672,0.09074881800042932,5.08023939998569,0.0001,51496.23
4.4874642999784555,51512.46,3.05,0.8718942879965529,0.0910851794985996,5.092141798979964,0.0001,51496.23
4.4996430999890435,51585.57,3.05,0.8738428959982469,0.09187680149928783,5.10346808298981,0.0001,51496.23
4.511045199993532,51504.33,3.05,0.8756120059989975,0.09217612999983829,5.114072035993985,0.0001,51504.33
4.523273499973584,51536.81,3.05,0.8775564949955093,0.09236726500026417,5.125673499973583,0.0001,51504.33
4.535553699999582,51488.12,3.05,0.8796441289999289,0.09224446300000419,5.137953699999582,0.0001,51504.33
4.548711999988882,51471.89,3.05,0.8819681599979987,0.09246135999966645,5.151416919988493,0.0001,51488.12
4.56099849997554,51455.68,3.05,0.8841697449958417,0.09281996999951078,5.164113477475173,0.0001,51480.0
4.57315679997555,51512.46,3.05,0.8862366559958434,0.09306313599951099,5.176454151975182,0.0001,51480.0
4.585266599984607,51471.89,3.05,0.8882689889974601,0.09341066399938426,5.188561267984914,0.0001,51480.0
4.597303899994586,51480.0,3.05,0.8902551434991066,0.09389215599978341,5.200357821994694,0.0001,51480.0
4.609427799994592,51480.0,3.05,0.8923027259990806,0.09404713899997295,5.212192104994727,0.0001,51480.0
4.621238799998537,51480.0,3.05,0.8943044019997586,0.09408141800002195,5.223714023998566,0.0001,51480.0
4.630817599972943,51536.81,3.05,0.8958849039955356,0.09393773600040586,5.233101247973484,0.0001,51480.0
4.643049599981168,51463.78,3.05,0.8979184319967985,0.0940744639983051,5.245134351981262,0.0001,51480.0
4.655410299979849,51536.81,3.05,0.9000197509965743,0.09518692699818637,5.257433248479949,0.0001,51488.12
4.666413399972953,51480.0,3.05,0.9018582109955372,0.09527933000135237,5.268381332973088,0.0001,51488.12
4.678836299979594,51536.81,3.05,0.9039079894966329,0.09465818500102036,5.280742118479695,0.0001,51488.12
4.691079199983506,51504.33,3.05,0.9059280679972785,0.09493237599950519,5.2925914279840836,0.0001,51488.12
4.703402299986919,51488.12,3.05,0.907944367997907,0.09533609199947678,5.304381150487769,0.0001,51488.12
4.715853599976981,51520.57,3.05,0.9099365759963168,0.09583414399907922,5.316023115978476,0.0001,51488.12
4.728269299987005,51488.12,3.05,0.9118817414979856,0.09620673249967512,5.327549102487979,0.0001,51488.12
4.740418499975931,51398.98,3.05,0.9137669599961489,0.09651464749915757,5.338793389977375,0.0001,51504.33
4.75275959999999,51439.47,3.05,0.9157415359999985,0.09694658599999965,5.350394023999991,0.0001,51496.23
4.765113699977519,51480.0,3.05,0.9177693289961782,0.09709772600044961,5.362185857478081,0.0001,51496.23
4.777061799977673,51544.93,3.05,0.9198005059962044,0.09685876400044653,5.373835254978231,0.0001,51496.23
4.786276699975133,51512.46,3.05,0.9213670389957725,0.09714521849863231,5.383102233974635,0.0001,51496.23
4.798826399986865,51577.43,3.05,0.9235004879977671,0.09783545199927758,5.395902927986603,0.0001,51496.23
4.810919499985175,51496.23,3.05,0.9256655099973315,0.09773620750022238,5.408456279984582,0.0001,51496.23
4.823273499991046,51520.57,3.05,0.9278564949984779,0.09755089750013432,5.421255337490822,0.0001,51496.23
4.835544499976095,51496.23,3.05,0.9299425649959361,0.09736683250035857,5.433833112475497,0.0001,51512.46
4.847843799972907,51488.12,3.05,0.9320334459953942,0.09788828499796799,5.4462437999729065,0.0001,51496.23
4.860117599979276,51536.81,3.05,0.9341199919964769,0.0987970600005181,5.45851524797969,0.0001,51496.23
4.872457199991914,51488.12,3.05,0.9362177239986255,0.09848857000020214,5.470608055992076,0.0001,51496.23
4.884734399995068,51496.23,3.05,0.9382575039992109,0.09851304799977806,5.482450335995364,0.0001,51496.23
4.89676169998711,51536.81,3.05,0.9401818719979375,0.09905427649941992,5.493755997987883,0.0001,51496.23
4.908825899998192,51471.89,3.05,0.9420680144997197,0.09955303599992767,5.504963957498328,0.0001,51496.23
4.920809199975338,51480.0,3.05,0.943929471996054,0.09999190800024663,5.5160606479768175,0.0001,51504.33
4.932533999992302,51504.33,3.05,0.9458054399987682,0.09987466000007698,5.527081959992763,0.0001,51496.23
4.940998899983242,51512.46,3.05,0.9471648184972349,0.0998549394990783,5.535058943983912,0.0001,51504.33
4.953289999975823,51528.69,3.05,0.9491928499960107,0.10053094999867025,5.54685839997679,0.0001,51504.33
4.965855099988403,51480.0,3.05,0.9512660914980865,0.10078289800023195,5.559037997988635,0.0001,51504.33
4.978309999976773,51512.46,3.05,0.9533211499961675,0.10053380000046455,5.571243799977236,0.0001,51504.33
4.99010999998427,51480.0,3.05,0.9553186999973259,0.10095494999929214,5.58300999998427,0.0001,51504.33
5.002371699985815,51504.33,3.05,0.9574150474975176,0.10142371699985815,5.595378426485177,0.0001,51512.46
5.015456399996765,51561.17,3.05,0.9597048699994338,0.10155456399996764,5.609051937996619,0.0001,51504.33
5.027966799971182,51520.57,3.05,0.9620136919945246,0.10187883799899135,5.6225634799683,0.0001,51496.23
5.040287099982379,51496.23,3.05,0.9643545489966521,0.10229138700052863,5.636121551980264,0.0001,51496.23
5.0523905999725685,51488.12,3.05,0.9666542139947879,0.10192828200082296,5.649677471969276,0.0001,51496.23
5.064585399988573,51512.46,3.05,0.968925371997943,0.10190634299948577,5.6630146699880015,0.0001,51496.23
5.076462999975774,51447.57,3.05,0.9710633399956393,0.10244083499890984,5.675486149974563,0.0001,51496.23
5.088546499988297,51488.12,3.05,0.9730674399981275,0.10302732499941483,5.68727644248894,0.0001,51496.23
5.097600999986753,51496.23,3.05,0.9745161599978803,0.10348004999933762,5.695832944987481,0.0001,51488.12
5.110010599979432,51504.33,3.05,0.9764015899969147,0.10354994700010284,5.707059486981592,0.0001,51488.12
5.1211051999998745,51496.23,3.05,0.9780602539999818,0.10352210399999748,5.7169449459998924,0.0001,51488.12
5.133330199983902,51447.57,3.05,0.9798328789976658,0.10376660399967803,5.7273973209862366,0.0001,51463.78
5.1467569999804255,51463.78,3.05,0.9817797649971617,0.104170279999217,5.738843449983362,0.0001,51488.12
5.159019799990347,51488.12,3.05,0.9835578709986003,0.10466079199961387,5.749266829991794,0.0001,51471.89
5.17131919998792,51423.26,3.05,0.9854544759981275,0.1048131919998792,5.760230683989188,0.0001,51463.78
5.182516199973179,51431.37,3.05,0.9872025919957086,0.10493774299959767,5.770402970974385,0.0001,51455.68
5.194835899979807,51455.68,3.05,0.9891737439967692,0.1051225384996971,5.782168284480716,0.0001,51455.68
5.207306799973594,51504.33,3.05,0.9912421559955109,0.10541920399920782,5.7943337319738575,0.0001,51455.68
5.219320499978494,51471.89,3.05,0.9932844849963438,0.1057796149993548,5.806227294978708,0.0001,51455.68
5.23162819998106,51382.79,3.04,0.9954349349966853,0.10638140999905298,5.818935186980396,0.0001,51439.47
5.24399189997348,51455.68,3.05,0.9976185419952264,0.106700202500663,5.831871332971624,0.0001,51439.47
5.2560085999721196,51407.07,3.05,0.9997815479949815,0.10639978500069701,5.844729201970169,0.0001,51439.47
5.264492299989797,51415.17,3.05,1.0013310754981124,0.10652461499948987,5.853829222489032,0.0001,51439.47
5.277865399984876,51455.68,3.05,1.003805098997202,0.10719326999924378,5.868205304983741,0.0001,51439.47
5.290073499985738,51439.47,3.05,1.005962862497504,0.10699779500042787,5.880926072485239,0.0001,51439.47
5.302217399992514,51439.47,3.05,1.0080769579987274,0.10684413099951345,5.89339522599259,0.0001,51439.47
5.313724299980095,51415.17,3.05,1.0100331309966162,0.10759207949870614,5.904787056980293,0.0001,51439.47
5.325984299997799,51504.33,3.05,1.012057487999648,0.107940157000022,5.916804770997865,0.0001,51439.47
5.338357699976768,51463.78,3.05,1.014037231996283,0.10781642300023232,5.928806968977465,0.0001,51439.47
5.350889800000005,51471.89,3.05,1.0160423680000008,0.10796334700000008,5.940581963000005,0.0001,51431.37
5.363108899997314,51431.37,3.05,1.0179818794995839,0.10830207849982543,5.951898009997582,0.0001,51431.37
5.375884299981408,51382.79,3.04,1.0199620664971183,0.10913247949879151,5.963395869983267,0.0001,51431.37
5.387979799997993,51415.17,3.05,1.0218368689996888,0.10947979799997992,5.974321718998183,0.0001,51431.37
5.399718299973756,51431.37,3.05,1.0236563364959321,0.10959718299973756,5.984945061476249,0.0001,51431.37
5.41181979997782,51407.07,3.05,1.0255911679964511,0.10995459399933462,5.996487908978819,0.0001,51431.37
5.420167099975515,51301.96,3.04,1.0269284069958375,0.1102033419995103,6.00446877097527,0.0001,51431.37
5.433548099972541,51463.78,3.05,1.029203176995332,0.11047096199945083,6.017983580972266,0.0001,51415.17
5.445656599971699,51447.57,3.05,1.0313181879949056,0.11037373600113207,6.030467712970141,0.0001,51431.37
5.457985599990934,51431.37,3.05,1.0335374079983681,0.10988057600036263,6.043474807990436,0.0001,51431.37
5.469367199984845,51455.68,3.05,1.035586095997272,0.11026835999924223,6.0553418879842384,0.0001,51415.17
5.481609399983427,51415.17,3.05,1.0377655509972654,0.11078390600016573,6.067993305983592,0.0001,51415.17
5.494751099991845,51374.69,3.04,1.0399339314986544,0.11065248900008155,6.081003588991926,0.0001,51415.17
5.5072946999862324,51455.68,3.05,1.0420036254977283,0.11114710249896742,6.093239385486714,0.0001,51415.17
5.518332399980864,51382.79,3.04,1.0438248459968424,0.11197492999856475,6.103890765981533,0.0001,51415.17
5.530955199996242,51415.17,3.05,1.0458528319993987,0.11215477599998121,6.11590743999643,0.0001,51415.17
5.542837199987844,51407.07,3.05,1.0477539519980548,0.11232767399945295,6.127152781988634,0.0001,51415.17
5.55507459997898,51415.17,3.05,1.0497119359966367,0.11287835699905407,6.138594750980346,0.0001,51415.17
5.567900099995313,51455.68,3.05,1.05176401599925,0.1131,6.150705094995548,0.0001,51415.17
5.576713899994502,51463.78,3.05,1.0531742239991204,0.1131,6.159078204994777,0.0001,51415.17
5.58796629999415,51431.37,3.05,1.0550144394990348,0.11329915749985375,6.1697281534944715,0.0001,51415.17
5.600255699973786,51455.68,3.05,1.0570409119958057,0.11360255699973787,6.1813429149750965,0.0001,51415.17
5.612529599980917,51390.88,3.04,1.0590047359969466,0.11372529599980917,6.193003119981871,0.0001,51415.17
5.625085699983174,51407.07,3.05,1.0610391404972237,0.11400342799932695,6.2051094144834265,0.0001,51415.17
5.637271299987333,51407.07,3.05,1.0630497644979098,0.11449085199949328,6.217112230487523,0.0001,51415.17
5.649549299996579,51415.17,3.05,1.0651233809994183,0.11450450700003421,6.229397046496562,0.0001,51407.07
5.66198869998334,51398.98,3.05,1.0672579659970012,0.11449943499916698,6.241958304482756,0.0001,51407.07
5.675042799994117,51382.79,3.04,1.069607703998941,0.1151521399997058,6.25546929799391,0.0001,51407.07
5.687169999990147,51431.37,3.05,1.0717547499982756,0.11536415000004926,6.268020949989801,0.0001,51407.07
5.699326099973405,51471.89,3.05,1.0738820674953458,0.11530336950013298,6.2806025134724734,0.0001,51415.17
5.711305499979062,51407.07,3.05,1.0758654074965452,0.11575221999916246,6.29237938997948,0.0001,51431.37
5.723253999982262,51439.47,3.05,1.0778206399971617,0.11619761999946784,6.303942489983415,0.0001,51431.37
5.732469099981245,51439.47,3.05,1.0792950559969992,0.11647407299943732,6.312558608482464,0.0001,51431.37
5.744948199979262,51407.07,3.05,1.081291711996682,0.11667525900010368,6.324276048980403,0.0001,51439.47
5.75691509997705,51544.93,3.05,1.0832064159963282,0.11661542450011475,6.335584769478312,0.0001,51439.47
5.769319499988342,51504.33,3.05,1.0852377174980765,0.11687958499965025,6.347586512488633,0.0001,51439.47
5.78165099999751,51407.07,3.05,1.0872806699995765,0.11724952999992529,6.359634489997534,0.0001,51439.47
5.793965799995931,51407.07,3.05,1.0893741859993082,0.11761897399987793,6.371826141995971,0.0001,51439.47
5.806134699989343,51520.57,3.05,1.091473572498135,0.11776932650005328,6.384088067489077,0.0001,51423.26
5.81735519997892,51439.47,3.05,1.093437159996311,0.11771322400010541,6.395589079978392,0.0001,51439.47
5.829696699976921,51407.07,3.05,1.0955969224959612,0.11823331849873066,6.408287600976228,0.0001,51423.26
5.841965899977367,51423.26,3.05,1.0977342029961523,0.1188,6.420905217976915,0.0001,51423.26
5.854260799998883,51463.78,3.05,1.09982433599981,0.1188,6.433446015998861,0.0001,51431.37
5.866490599990357,51390.88,3.04,1.1019034019983607,0.11915698299946961,6.445790599990357,0.0001,51439.47
5.878632599982666,51447.57,3.05,1.1039675419970534,0.11982479299904664,6.457932599982666,0.0001,51439.47
5.887042799993651,51415.17,3.05,1.1053620619989524,0.11979435800009523,6.466131515993841,0.0001,51447.57
5.900409399997443,51431.37,3.05,1.107567550999578,0.11961842299988491,6.479090976997558,0.0001,51455.68
5.9126025999721605,51504.33,3.05,1.1095794289954064,0.12016711699874721,6.490735482973413,0.0001,51455.68
5.925080999993952,51488.12,3.05,1.1115875549990626,0.12060161999987903,6.502474519994435,0.0001,51447.57
5.937418199988315,51463.78,3.05,1.1134998209981886,0.12084836399976628,6.513824743989249,0.0001,51455.68
5.948531899979571,51471.89,3.05,1.1151797849969356,0.12115595699938711,6.523836050481716,0.0001,51463.78
5.960683999990579,51455.68,3.05,1.1170060199985397,0.12151367999981157,6.534708759991615,0.0001,51463.78
5.974001399998087,51447.57,3.05,1.1190702169997035,0.12178002799996174,6.546561245998297,0.0001,51463.78
5.986458599974867,51407.07,3.05,1.1210010829961043,0.12196458599974866,6.557874204976752,0.0001,51463.78
5.997582599986345,51496.23,3.05,1.1227253029978834,0.12207582599986344,6.568163904987369,0.0001,51463.78
6.010419999976875,51463.78,3.05,1.1248713999960689,0.12225629999965312,6.5806636999772214,0.0001,51463.78
6.022726099996362,51488.12,3.05,1.1269770674993633,0.12252267449983627,6.592948774496198,0.0001,51463.78
6.034275199985132,51439.47,3.05,1.128998159997398,0.12304238399933091,6.605017583984462,0.0001,51463.78
6.04643779998878,51455.68,3.05,1.1311909929979242,0.1233,6.617985012987826,0.0001,51463.78
6.055058499972802,51488.12,3.05,1.132785822494968,0.1233,6.627338472470489,0.0001,51463.78
6.06747309997445,51504.33,3.05,1.135082523495273,0.12359892399897798,6.640883044472022,0.0001,51455.68
6.079717399989022,51569.31,3.05,1.137347718997969,0.12408869599956088,6.6542905529879794,0.0001,51455.68
6.091996899980586,51455.68,3.05,1.1395594419965054,0.12374009300058243,6.667136760479712,0.0001,51447.57
6.1041199999745,51431.37,3.05,1.14165919999592,0.12376779999834249,6.6794345999756475,0.0001,51447.57
6.117346299986821,51439.47,3.05,1.1437754079978915,0.12462750949914332,6.692065716487414,0.0001,51447.57
6.128820999991149,51447.57,3.05,1.1455231499986722,0.12506462999973444,6.702450689992122,0.0001,51447.57
6.140992999979062,51431.37,3.05,1.1473539149967544,0.12544468499905778,6.713283769981365,0.0001,51439.47
6.153179099987028,51439.47,3.05,1.1492427604979893,0.12599305949941625,6.724129398988454,0.0001,51439.47
6.165544799994677,51415.17,3.05,1.151159443999175,0.12632772399997338,6.735328939995076,0.0001,51439.47
6.177723299973877,51480.0,3.05,1.1530471114959508,0.1263886164998694,6.746594052475836,0.0001,51447.57
6.189935699978378,51447.57,3.05,1.1550393904964322,0.12649935699978376,6.758238271979242,0.0001,51447.57
6.202034099987941,51415.17,3.05,1.1570356264980102,0.1266101704999397,6.769903588488122,0.0001,51447.57
6.210516399994958,51463.78,3.05,1.158435205999168,0.12665258199997478,6.778258653995033,0.0001,51447.57
6.222800499992445,51504.33,3.05,1.1604760849987155,0.1267560099998489,6.790414502492407,0.0001,51447.57
6.235104699997464,51488.12,3.05,1.1625677989995689,0.12700209399994927,6.802780223497451,0.0001,51455.68
6.247513199981768,51382.79,3.04,1.1647523759967182,0.12732539599945303,6.815551293980947,0.0001,51447.57
6.259812199976295,51593.69,3.05,1.1669661959957331,0.12769436599928888,6.828403748975228,0.0001,51455.68
6.271941399987554,51390.88,3.04,1.1692091589976976,0.12811794899956438,6.841616125986434,0.0001,51455.68
6.284399499971187,51447.57,3.05,1.1715139074946697,0.1284879899994237,6.855195454968593,0.0001,51447.57
6.297715499997139,51455.68,3.05,1.173977367499471,0.12875430999994278,6.869709894996882,0.0001,51447.57
6.309827299992321,51374.69,3.04,1.1761689139986178,0.12909481899976963,6.882518664991937,0.0001,51447.57
6.322097099997336,51455.68,3.05,1.1783355359995737,0.12933708700007993,6.89522370149743,0.0001,51447.57
6.334250899992185,51407.07,3.05,1.1802801439987496,0.12897247300023446,6.906952118492458,0.0001,51447.57
6.346230600000126,51415.17,3.05,1.1821345900000189,0.129391907000012,6.917889469000109,0.0001,51447.57
6.35808769997675,51480.0,3.05,1.1839131549965123,0.1305183314977912,6.928145860479888,0.0001,51447.57
6.366339999978663,51447.57,3.05,1.185119299996906,0.1305098000006401,6.93515729998197,0.0001,51439.47
6.378722599998582,51504.33,3.05,1.1869147769997945,0.13013832200004252,6.945620596998802,0.0001,51447.57
6.391110999975354,51471.89,3.05,1.1887666499963032,0.13093332499815155,6.956588789978065,0.0001,51439.47
6.403522999986308,51431.37,3.05,1.1906460649978776,0.13158238500006847,6.967758774987335,0.0001,51447.57
6.416237099998398,51439.47,3.05,1.1926167504997516,0.13151881450000802,6.979519317498518,0.0001,51447.57
6.428866999980528,51423.26,3.05,1.1947073899966898,0.13181034499931849,6.991689659980917,0.0001,51439.47
6.441126999998232,51447.57,3.05,1.1967972249996908,0.13222253999996464,7.0037720799981615,0.0001,51439.47
6.452330199972494,51374.69,3.04,1.1987577849951863,0.13244660399944988,7.015423407971393,0.0001,51431.37
6.464619399979711,51447.57,3.05,1.2009314919963479,0.13266929099969565,7.028365854978189,0.0001,51431.37
6.4768177999940235,51382.79,3.04,1.2031272039989243,0.13285226699991035,7.041479134993575,0.0001,51431.37
6.488929299986921,51407.07,3.05,1.2053519204975804,0.13330181849941145,7.0545882904858095,0.0001,51431.37
6.501271499990253,51439.47,3.05,1.2076288699982456,0.13380635749995126,7.067941432489717,0.0001,51431.37
6.513936399976956,51415.17,3.05,1.2099085519958521,0.13386968199988478,7.081302901975688,0.0001,51431.37
6.522708699980285,51455.68,3.05,1.2114604789966485,0.13392708699980282,7.090435786980088,0.0001,51439.47
6.534087299980456,51431.37,3.05,1.2133948409966775,0.13404087299980455,7.10192817298026,0.0001,51431.37
6.546438599994872,51455.68,3.05,1.2154623689991537,0.1344219299997436,7.114081055995077,0.0001,51439.47
6.558897199982312,51431.37,3.05,1.2175180379970814,0.13504485999911556,7.126041311983019,0.0001,51439.47
6.571138199971756,51480.0,3.05,1.219482111995481,0.13493292700042367,7.137458525973733,0.0001,51431.37
6.583670699998038,51480.0,3.05,1.2214506049997058,0.13507530249985283,7.148985276498244,0.0001,51431.37
6.595897299994249,51374.69,3.04,1.2232845949991373,0.13599229749956865,7.159928083494852,0.0001,51431.37
6.608004499983508,51455.68,3.05,1.2251406974974437,0.13605986500049477,7.170764027485239,0.0001,51431.37
6.620276099973125,51431.37,3.05,1.2270427954958345,0.13572070749798437,7.181758153474872,0.0001,51431.37
6.632724799972493,51423.26,3.05,1.2289723439957363,0.13665435999793696,7.19339768797428,0.0001,51431.37
6.645107699994696,51415.17,3.05,1.2309683089990984,0.1372,7.2053076999946954,0.0001,51431.37
6.657139599992661,51471.89,3.05,1.2330137319987524,0.1372,7.217339599992661,0.0001,51431.37
6.6691278999787755,51431.37,3.05,1.2351430219961796,0.13733691849968163,7.229784294977714,0.0001,51455.68
6.681512999988627,51455.68,3.05,1.2373723399979528,0.13755295499960193,7.242803779987944,0.0001,51455.68
6.690990499977488,51431.37,3.05,1.2390782899959478,0.13788466749921208,7.252849929976137,0.0001,51455.68
6.7031642999791075,51536.81,3.05,1.2412537524963436,0.1382,7.265659228978481,0.0001,51455.68
6.71557039997424,51504.33,3.05,1.2434248199954918,0.1382,7.2784375119734674,0.0001,51455.68
6.727852599986363,51463.78,3.05,1.2455349419976816,0.1382392629999318,7.290734810986567,0.0001,51431.37
6.740046999999322,51520.57,3.05,1.2476075199998915,0.1383021149999695,7.302744649999355,0.0001,51431.37
6.7512559999886435,51407.07,3.05,1.249400959998183,0.13880651999948895,7.3133931999892114,0.0001,51431.37
6.764458499994362,51366.61,3.04,1.2515133599990977,0.13928916999988722,7.3258909899947,0.0001,51431.37
6.776968999998644,51431.37,3.05,1.253515039999783,0.13953937999997287,7.337650859998725,0.0001,51431.37
6.788129900000058,51398.98,3.05,1.2553007840000092,0.14012844350000378,7.348304704000055,0.0001,51415.17
6.800393099983921,51407.07,3.05,1.2572668269972667,0.1408980345000804,7.360085237984243,0.0001,51415.17
6.8126600999967195,51415.17,3.05,1.2593522169994422,0.1408366995000164,7.372106897996785,0.0001,51415.17
6.824838599975919,51455.68,3.05,1.2613983689960266,0.14101773699891637,7.383993441976641,0.0001,51431.37
6.837200199981453,51447.57,3.05,1.2634380329969397,0.1415740089991654,7.3959841939820095,0.0001,51431.37
6.846163999987766,51415.17,3.05,1.2648862399980425,0.14166918000006118,7.404617439988256,0.0001,51431.37
6.858873699995456,51439.47,3.05,1.266919791999273,0.14160563150002273,7.416818751995638,0.0001,51439.47
6.87112279998837,51504.33,3.05,1.2689908759980228,0.14198929799959298,7.428855957988545,0.0001,51439.47
6.883523399999831,51431.37,3.05,1.2710989779999713,0.14238808499999578,7.441158633999829,0.0001,51439.47
6.895822899998166,51398.98,3.05,1.273189892999688,0.14269557249995415,7.453581128998147,0.0001,51439.47
6.907963599980576,51480.0,3.05,1.275293629996601,0.14323799799893167,7.465883053980284,0.0001,51439.47
6.920219899999211,51455.68,3.05,1.277437382999866,0.14389560200001578,7.478320999499207,0.0001,51439.47
6.932491299987305,51374.69,3.04,1.2795235209978417,0.1436501740002539,7.490653756487241,0.0001,51431.37
6.944957599975169,51423.26,3.05,1.2815932159960268,0.14369830399900674,7.50290971997641,0.0001,51423.26
6.9568751999759115,51439.47,3.05,1.2835000319961458,0.14417500799903646,7.514231439977116,0.0001,51423.26
6.969065399985993,51439.47,3.05,1.285405136997829,0.14434532699992997,7.525494840987183,0.0001,51439.47
6.981060699996306,51423.26,3.05,1.2872697119994088,0.14446364199977832,7.5364970579965265,0.0001,51439.47
6.993141199985985,51415.17,3.05,1.2892025919977574,0.14518847199915907,7.547852727986825,0.0001,51431.37
7.002336899982765,51374.69,3.04,1.2906855884971562,0.1456467379996553,7.556555108483368,0.0001,51431.37
7.014463999978034,51496.23,3.05,1.2926865599963755,0.14588927999956067,7.568257759978802,0.0001,51439.47
7.0266827999730594,51504.33,3.05,1.29473607599542,0.14623389799905706,7.580249385973194,0.0001,51431.37
7.039145999995526,51512.46,3.05,1.2968548199992393,0.1466701099998434,7.592650269995548,0.0001,51423.26
7.051235899998574,51431.37,3.05,1.2989662824997503,0.14698089749996432,7.605129156498523,0.0001,51423.26
7.062496599974111,51423.26,3.05,1.3009493879953398,0.14723744899961166,7.616846395972557,0.0001,51423.26
7.0758873999875505,51463.78,3.05,1.303359731997759,0.14743831099981325,7.631040643986803,0.0001,51423.26
7.088157999998657,51415.17,3.05,1.305527649999765,0.1475,7.64384352999861,0.0001,51423.26
7.100524599984055,51366.61,3.04,1.3076891819972893,0.14752885299912302,7.656624599984055,0.0001,51423.26
7.112592399993446,51415.17,3.05,1.3097407079988856,0.1481925819996395,7.6686923999934455,0.0001,51423.26
7.12459619998117,51374.69,3.04,1.311758372996893,0.1486,7.680512351981923,0.0001,51423.26
7.136618799995631,51423.26,3.05,1.313742101999279,0.1486,7.692054047995805,0.0001,51415.17
7.148308999981964,51318.1,3.04,1.3155463499972946,0.14914008499882764,7.702819644983677,0.0001,51415.17
7.156802899989998,51439.47,3.05,1.3168204349984995,0.14969218849934987,7.710506624490948,0.0001,51423.26
7.16922379998141,51488.12,3.05,1.3187296889971185,0.1499,7.721609181983454,0.0001,51439.47
7.181577499984996,51463.78,3.05,1.3206445124976744,0.14994732499954988,7.732643412486271,0.0001,51439.47
7.194018299982417,51350.43,3.04,1.3225728364972746,0.1503205489994725,7.744026744483912,0.0001,51439.47
7.205840799986618,51439.47,3.05,1.3244345279978587,0.15055840799986617,7.755107167987153,0.0001,51439.47
7.218119799974374,51447.57,3.05,1.3263991679958997,0.15068119799974372,7.766895007975398,0.0001,51439.47
7.230510699999286,51488.12,3.05,1.3284868189998786,0.15096276749998214,7.779158146499289,0.0001,51439.47
7.242667799990158,51512.46,3.05,1.3305668649982776,0.1513067119996063,7.791334494989911,0.0001,51439.47
7.254951999988407,51342.36,3.04,1.332716599997971,0.1517980799995363,7.803925799988117,0.0001,51439.47
7.267327899986412,51382.79,3.04,1.3349556614974862,0.1521831974996603,7.816977492485393,0.0001,51439.47
7.279400699975667,51439.47,3.05,1.3371891294954983,0.15248501749939167,7.8299557524738415,0.0001,51439.47
7.291730699973414,51366.61,3.04,1.3394701794950814,0.15285192099920242,7.843679730470356,0.0001,51439.47
7.3041866999992635,51407.07,3.05,1.3417745394998637,0.15318373399998528,7.8574425694992005,0.0001,51439.47
7.31614399998216,51463.78,3.05,1.3439866399966995,0.15342287999964319,7.870416239980643,0.0001,51431.37
7.324667799985036,51439.47,3.05,1.345493525997456,0.15345332200014963,7.879197782985261,0.0001,51439.47
7.336863199976506,51504.33,3.05,1.347566743996006,0.15333136800023495,7.891210251976858,0.0001,51439.47
7.349474399990868,51439.47,3.05,1.3495211599986303,0.1537737199995434,7.902732215991873,0.0001,51439.47
7.361492299998645,51431.37,3.05,1.3513163834998034,0.15429253850000677,7.913353531998862,0.0001,51439.47
7.37411069998052,51415.17,3.05,1.3531460514971754,0.1542294465000974,7.923952987983636,0.0001,51447.57
7.386275599972578,51447.57,3.05,1.3549099619960236,0.15460791399821752,7.934297015976417,0.0001,51439.47
7.398505499993917,51447.57,3.05,1.3566832974991179,0.15540285749960456,7.944814729994769,0.0001,51447.57
7.411760299990419,51415.17,3.05,1.358722846498515,0.15579400749976047,7.956860674491234,0.0001,51439.47
7.424032699986128,51471.89,3.05,1.3606653954977113,0.15604032699986128,7.968271391986684,0.0001,51447.57
7.436214599991217,51463.78,3.05,1.3626754089985509,0.15616214599991218,7.979966015991569,0.0001,51447.57
7.447511099977419,51439.47,3.05,1.3645768869961612,0.15650044399909677,7.991148655477306,0.0001,51447.57
7.460062199999811,51455.68,3.05,1.3667108849999667,0.1570018659999943,8.003764998999802,0.0001,51455.68
7.472080199979246,51439.47,3.05,1.368814034996368,0.15736240599937734,8.016323808978312,0.0001,51455.68
7.4814204999711365,51455.68,3.05,1.3704627924946602,0.15761420499971135,8.02612703746897,0.0001,51455.68
7.492632199981017,51447.57,3.05,1.372536956996488,0.15772632199981015,8.038179614979592,0.0001,51447.57
7.506047399976524,51463.78,3.05,1.3750187689956568,0.1579511849994131,8.052782376974058,0.0001,51447.57
7.5182501999952365,51455.68,3.05,1.3772762869991189,0.1582562549998809,8.066266470994735,0.0001,51447.57
7.529734699986875,51407.07,3.05,1.3794009194975718,0.15834867349993437,8.078713475985824,0.0001,51447.57
7.542110699985642,51423.26,3.05,1.381658818997559,0.15848442799942566,8.091879039485857,0.0001,51455.68
7.5544722999911755,51423.26,3.05,1.3837602909984998,0.15897889199964702,8.104055215491307,0.0001,51455.68
7.566320499987341,51675.09,3.05,1.385648074998101,0.1593896149996202,8.11515684748867,0.0001,51455.68
7.578949199989438,51439.47,3.05,1.3875423799984157,0.15976847599968313,8.126459533990547,0.0001,51455.68
7.591127399995457,51528.69,3.05,1.3893134729993413,0.16030073299979558,8.136969563996093,0.0001,51447.57
7.603403199987952,51463.78,3.05,1.3911104799981928,0.16066596800012048,8.147594815989398,0.0001,51455.68
7.615766499977326,51504.33,3.05,1.3929649749965987,0.16054233500022674,8.158474519980047,0.0001,51463.78
7.62800209998386,51455.68,3.05,1.3948403254974981,0.16090010499919297,8.16952192148523,0.0001,51504.33
7.637005799973849,51439.47,3.05,1.3962358989959465,0.16135028999869244,8.177760306976072,0.0001,51463.78
7.648332099983236,51447.57,3.05,1.3980747964972338,0.1617083024995809,8.188540476483823,0.0001,51471.89
7.661284199974034,51520.57,3.05,1.4002183139955857,0.16205778899883153,8.201090620973904,0.0001,51463.78
7.673962299973937,51544.93,3.05,1.4023735909955692,0.16262830349882715,8.213832111473808,0.0001,51471.89
7.68582349998178,51512.46,3.05,1.4044191124968115,0.1629,8.225898204981235,0.0001,51455.68
7.697459099988919,51447.57,3.05,1.4064553424980606,0.1629,8.237882872988585,0.0001,51447.57
7.710698899987619,51471.89,3.05,1.4087723074978333,0.16327446149956665,8.251573361487186,0.0001,51455.68
7.723102999996627,51431.37,3.05,1.4109430249994097,0.1636,8.264411604996509,0.0001,51455.68
7.735435899987351,51496.23,3.05,1.4131012824977864,0.1636,8.277176156486908,0.0001,51447.57
7.747499799996149,51390.88,3.04,1.415212464999326,0.16393749099982668,8.289624793996033,0.0001,51447.57
7.759607899992261,51447.57,3.05,1.4173313824986458,0.16448235549965176,8.302096136992029,0.0001,51447.57
7.771642799983965,51455.68,3.05,1.419379275997274,0.16484928399951898,8.314084585984046,0.0001,51447.57
7.78315879998263,51439.47,3.05,1.421321201997134,0.16521055799939205,8.325448241983239,0.0001,51439.47
7.791471999982605,51390.88,3.04,1.4226928799971297,0.16550151999939117,8.333470479983212,0.0001,51447.57
7.804799799981993,51577.43,3.05,1.4248919669970286,0.1659199949995498,8.346331806982622,0.0001,51439.47
7.817251999978907,51520.57,3.05,1.4269465799965197,0.16623129999947267,8.358348179979647,0.0001,51447.57
7.829536299977917,51431.37,3.05,1.4289258079964668,0.16634768149988957,8.370154847978801,0.0001,51439.47
7.841916599980323,51431.37,3.05,1.4309066559968517,0.16645749799940968,8.382001603981504,0.0001,51431.37
7.853030899976147,51471.89,3.05,1.4326849439961837,0.16679092699928444,8.392449045977578,0.0001,51431.37
7.865325699996902,51366.61,3.04,1.4346787404994887,0.16734617049979864,8.404059414997056,0.0001,51431.37
7.877647299988894,51463.78,3.05,1.4367118044981675,0.16814707449927807,8.415764934989447,0.0001,51431.37
7.890932999987854,51423.26,3.05,1.438958609997935,0.16840932999987854,8.428878334987914,0.0001,51431.37
7.90314949999447,51415.17,3.05,1.4410354149990596,0.16857873749986174,8.441096742494388,0.0001,51439.47
7.915229299978819,51382.79,3.04,1.4430889809963992,0.16888073249947047,8.4533577394785,0.0001,51447.57
7.927397499996005,51447.57,3.05,1.4451575749993208,0.1691479499999201,8.465634487495985,0.0001,51447.57
7.9392751999839675,51455.68,3.05,1.4471767839972747,0.16938550399967936,8.47757157598389,0.0001,51455.68
7.951060499995947,51439.47,3.05,1.449124982499331,0.1694,8.489083987496048,0.0001,51455.68
7.960476299980655,51471.89,3.05,1.4506762079969047,0.16941905199922616,8.498242958982008,0.0001,51463.78
7.972944599983748,51536.81,3.05,1.4526711359973996,0.1699177839993499,8.509838477984886,0.0001,51463.78
7.985198699985631,51544.93,3.05,1.4546057984977727,0.17030397399971262,8.521156810486852,0.0001,51463.78
7.996549999981653,51463.78,3.05,1.4563652499971562,0.17053099999963306,8.531543249983214,0.0001,51463.78
8.008837499975925,51480.0,3.05,1.458313999996148,0.17099768749891667,8.54305143747725,0.0001,51463.78
8.021150299988221,51463.78,3.05,1.4602955509979976,0.17154026049958776,8.554733045488398,0.0001,51471.89
8.033362699992722,51528.69,3.05,1.4623716589987625,0.17196769449974525,8.56676225949283,0.0001,51463.78
8.046487599989632,51415.17,3.05,1.4646028919982375,0.17223243799994817,8.579917351989424,0.0001,51463.78
8.058934499975294,51455.68,3.05,1.4667188649958,0.17229467249987648,8.592613189974799,0.0001,51463.78
8.069960999971954,51455.68,3.05,1.468643174995092,0.17259882999915863,8.603959829971112,0.0001,51480.0
8.082504399993923,51480.0,3.05,1.4708382699989364,0.17296260999984805,8.616816921993893,0.0001,51480.0
8.094668399979128,51463.78,3.05,1.4729669699963472,0.17326670999947819,8.629041741979023,0.0001,51480.0
8.106895399978384,51528.69,3.05,1.4750377409964335,0.17360686199935152,8.641295399978384,0.0001,51480.0
8.115849699999671,51480.0,3.05,1.4765152004999458,0.1738754909999901,8.650249699999671,0.0001,51480.0
8.128592499997467,51496.23,3.05,1.4786607249995691,0.17438666249988596,8.662906574997493,0.0001,51480.0
8.140889899979811,51536.81,3.05,1.4807468334966687,0.1749088989997981,8.675072101980215,0.0001,51480.0
8.153207199997269,51536.81,3.05,1.4827791879995493,0.1750320719999727,8.687143055997323,0.0001,51463.78
8.165511899976991,51390.88,3.04,1.4848094634962035,0.1754031544987345,8.699036304978142,0.0001,51455.68
8.17776039999444,51439.47,3.05,1.4868304659990828,0.17607682199969424,8.710672379994719,0.0001,51455.68
8.188942299981136,51439.47,3.05,1.488586056497076,0.17606586550028297,8.721026915982645,0.0001,51455.68
8.201229699974647,51455.68,3.05,1.49049060349607,0.1759614849987323,8.732337472476546,0.0001,51455.68
8.213368799973978,51439.47,3.05,1.4923721639959664,0.17656843999869884,8.743566139975929,0.0001,51439.47
8.225802099972498,51455.68,3.05,1.494357346495462,0.17704505249931243,8.75518298447401,0.0001,51439.47
8.237983099999838,51261.59,3.04,1.496367211499973,0.17734957749999594,8.766694029499845,0.0001,51455.68
8.250223399983952,51504.33,3.05,1.498386860997352,0.17755335099975927,8.778670048984193,0.0001,51455.68
8.26268629997503,51496.23,3.05,1.5004701024956304,0.17786117799850182,8.791093751974032,0.0001,51496.23
8.271055699995486,51318.1,3.04,1.5019347474992102,0.1783633419997292,8.799797927995305,0.0001,51504.33
8.283307399979094,51593.69,3.05,1.5041118689961326,0.17893307399979094,8.812671991977423,0.0001,51504.33
8.295877399999881,51553.05,3.05,1.506437318999978,0.1790587739999988,8.826247591999872,0.0001,51504.33
8.308259899989935,51512.46,3.05,1.5087280814981379,0.17918259899989933,8.839785889988928,0.0001,51504.33
8.321008299972164,51536.81,3.05,1.5110814939949893,0.17932016599944325,8.85375367347091,0.0001,51512.46
8.333483599999454,51504.33,3.05,1.5133270479999017,0.17956967199998908,8.86679036199943,0.0001,51512.46
8.34454249998089,51520.57,3.05,1.5152267999969422,0.17983627499942667,8.877915374981844,0.0001,51512.46
8.356715599977178,51455.68,3.05,1.5171744959963487,0.18020146799931536,8.88947981997832,0.0001,51512.46
8.369079999974929,51455.68,3.05,1.519107399996114,0.18093559999824502,8.900726599977562,0.0001,51512.46
8.381402099999832,51512.46,3.05,1.5210103149999745,0.18165092650000592,8.91174085849985,0.0001,51512.46
8.393908499972895,51504.33,3.05,1.5228862749959342,0.1812132025009487,8.922809022476011,0.0001,51512.46
8.406001799972728,51504.33,3.05,1.5247002699959091,0.18142012599809093,8.93357161097559,0.0001,51520.57
8.418235099990852,51528.69,3.05,1.5265352649986277,0.18227645699935965,8.944520414491812,0.0001,51528.69
8.426919399993494,51544.93,3.05,1.5278725069989916,0.18253838799986988,8.952431250994048,0.0001,51544.93
8.43899669998791,51553.05,3.05,1.5297444884981262,0.18277993399975823,8.963481980488938,0.0001,51544.93
8.451144799997564,51544.93,3.05,1.531738891999598,0.18324579199990257,8.974987559997686,0.0001,51544.93
8.463664399983827,51553.05,3.05,1.5338046259973313,0.18369160999959566,8.987027755983988,0.0001,51544.93
8.47605429997202,51601.83,3.05,1.5358489594953832,0.1840013574993005,8.9992937569723,0.0001,51544.93
8.488859199977014,51553.05,3.05,1.5380503599959774,0.18436577599931042,9.012236383976553,0.0001,51544.93
8.501262799982214,51496.23,3.05,1.5402336179967098,0.1847252559996443,9.024989079980436,0.0001,51553.05
8.512465899984818,51512.46,3.05,1.5423061914971914,0.18494931799969636,9.0373124899833,0.0001,51553.05
8.524778699997114,51601.83,3.05,1.5446318464994373,0.18521946749992785,9.05104771799671,0.0001,51553.05
8.537050599989016,51544.93,3.05,1.547024866997858,0.18552626499972535,9.065037683987477,0.0001,51544.93
8.549445399985416,51536.81,3.05,1.549347398997302,0.18569445399985415,9.078789939983958,0.0001,51544.93
8.561637499980861,51585.57,3.05,1.5515783749967462,0.18588187499904305,9.092021124981052,0.0001,51544.93
8.573741399974097,51561.17,3.05,1.5536360379955962,0.18648706999870482,9.104003985974357,0.0001,51561.17
8.585864099994069,51520.57,3.05,1.5555796149991103,0.1869172819998814,9.115389728494751,0.0001,51585.57
8.595402899984038,51536.81,3.05,1.5570104349976057,0.18710805799968075,9.123831566485874,0.0001,51561.17
8.60770289998618,51642.51,3.05,1.558816920497996,0.18770068849910165,9.134563008488046,0.0001,51585.57
8.62011459999485,51601.83,3.05,1.5606177629992015,0.18850057299997425,9.145301993995416,0.0001,51593.69
8.632313499983866,51618.09,3.05,1.562508592497499,0.1885615674999193,9.15615901498564,0.0001,51593.69
8.644640699989395,51601.83,3.05,1.5644193084983562,0.18873922099968182,9.167269443990243,0.0001,51593.69
8.656893099978333,51544.93,3.05,1.5663184304966415,0.18910679299935,9.178541651980067,0.0001,51593.69
8.669172899972182,51593.69,3.05,1.568267663995549,0.18933759349958273,9.190114254973572,0.0001,51601.83
8.68162369998754,51593.69,3.05,1.5702760289978819,0.1895649479995016,9.202015581487602,0.0001,51601.83
8.693701699987287,51585.57,3.05,1.5723292889978386,0.19004806799949145,9.21403319148735,0.0001,51601.83
8.705927399976645,51569.31,3.05,1.5744372949959127,0.19035927399976643,9.226464495975709,0.0001,51601.83
8.717922599986196,51609.96,3.05,1.576536454997584,0.19047922599986195,9.238939503985643,0.0001,51601.83
8.729854299977887,51601.83,3.05,1.5787230454959091,0.19109125799867321,9.25159482947645,0.0001,51609.96
8.74178679997567,51683.24,3.05,1.5809216239956208,0.19175360399927013,9.264329743973724,0.0001,51650.66
8.750111999979708,51675.09,3.05,1.5824201599963474,0.19200335999939125,9.273320959978085,0.0001,51658.8
8.762397999991663,51691.39,3.05,1.5846436299984576,0.19238392999970821,9.28656585999108,0.0001,51675.09
8.774892999994336,51699.55,3.05,1.5869552049989524,0.19282125499980177,9.29993550999394,0.0001,51675.09
8.787182399973972,51650.66,3.05,1.5890850959957055,0.19314364799947945,9.312510575974233,0.0001,51675.09
8.799627899978077,51658.8,3.05,1.5911386034963826,0.1933925579995615,9.324831620978296,0.0001,51675.09
8.812357599992538,51699.55,3.05,1.593177215998806,0.19370893999981342,9.336754355993023,0.0001,51666.94
8.825004999991506,51683.24,3.05,1.5951757749986835,0.19395004999991505,9.348404499992355,0.0001,51658.8
8.837094099988462,51642.51,3.05,1.5970495854982116,0.19407094099988462,9.359284689989616,0.0001,51650.66
8.84940939999069,51666.94,3.05,1.5989114099986037,0.1944293289996742,9.370274365991715,0.0001,51650.66
8.861560099991038,51634.37,3.05,1.600741815498611,0.19482340149986557,9.381104089991934,0.0001,51658.8
8.873572899989085,51650.66,3.05,1.6026037994983082,0.19500359349983626,9.391915609990177,0.0001,51666.94
8.885679699975299,51634.37,3.05,1.6045087519960477,0.1954407819985179,9.403067316476657,0.0001,51666.94
8.897602799988817,51634.37,3.05,1.6064164479982108,0.19615616799932903,9.414334645989433,0.0001,51658.8
8.906695999990916,51675.09,3.05,1.6079383199984556,0.19626652000004544,9.423262519990962,0.0001,51666.94
8.919022899994161,51691.39,3.05,1.6100338929990075,0.1962048855000292,9.435527785494191,0.0001,51675.09
8.931407399999443,51772.98,3.05,1.6121962949999027,0.19716962899995272,9.448306658999424,0.0001,51691.39
8.942596599983517,51789.32,3.05,1.6141544049971155,0.19780911900057688,9.459926429982694,0.0001,51707.69
8.95481289998861,51658.8,3.05,1.6162922574980068,0.19738154850039866,9.47275354498804,0.0001,51707.69
8.967118999978993,51707.69,3.05,1.6184458249963236,0.1976627349986345,9.485425784978677,0.0001,51715.85
8.980383299989626,51740.32,3.05,1.6207613279983402,0.19850766599979253,9.498864134990145,0.0001,51724.01
8.992677099973662,51724.01,3.05,1.6227283359957858,0.19875354199947323,9.51054324497498,0.0001,51724.01
9.0047690999927,51822.0,3.05,1.6246869014987955,0.198995381999854,9.522054490493028,0.0001,51715.85
9.016144099994563,51642.51,3.05,1.6265637764991028,0.19922288199989127,9.532917615494808,0.0001,51715.85
9.028407799982235,51715.85,3.05,1.6285872869970688,0.19963631199928938,9.544965760982324,0.0001,51724.01
9.040682599996218,51732.17,3.05,1.630619454999338,0.20012047799988653,9.55718942599618,0.0001,51724.01
9.052828899992164,51691.39,3.05,1.6327450574986286,0.2004848669997649,9.569457188992086,0.0001,51724.01
9.061313899990639,51650.66,3.05,1.6342233629984084,0.20073284749976594,9.578020469490593,0.0001,51732.17
9.073961899994174,51789.32,3.05,1.6363735229990095,0.20104904749985433,9.590731709494145,0.0001,51724.01
9.086427899979753,51724.01,3.05,1.6384606034966593,0.20145711599919014,9.60306720248026,0.0001,51724.01
9.098408799996832,51740.32,3.05,1.6404374519994775,0.2019363519998733,9.614748579996913,0.0001,51724.01
9.110503299976697,51756.65,3.05,1.642433044496155,0.20215754949965045,9.626330651477746,0.0001,51691.39
9.12281199998688,51732.17,3.05,1.644463979997835,0.2024968399990815,9.638169819987075,0.0001,51691.39
9.135280899994543,51675.09,3.05,1.6465213484990995,0.20336966299961795,9.650451686494623,0.0001,51691.39
9.147879799973452,51650.66,3.05,1.6486395659954869,0.20362120200026546,9.663097996973054,0.0001,51691.39
9.160704499983694,51691.39,3.05,1.6508232874971465,0.20354579249894011,9.67611154498353,0.0001,51691.39
9.17293009997229,51675.09,3.05,1.6529627674951506,0.2043404564981988,9.688459400972013,0.0001,51691.39
9.184236199973384,51658.8,3.05,1.6548989729956083,0.20473645700039925,9.699709113974183,0.0001,51691.39
9.196368799981428,51683.24,3.05,1.6569008519969355,0.20455446800027857,9.711477735981985,0.0001,51691.39
9.208435199980158,51740.32,3.05,1.6588074559969244,0.20509046399861103,9.722802559981645,0.0001,51691.39
9.21685199998319,51699.55,3.05,1.6601120599973944,0.20567963999882322,9.73058809998445,0.0001,51691.39
9.229193999985,51707.69,3.05,1.662025069997675,0.20594596999992498,9.741774599986499,0.0001,51683.24
9.241405399981886,51732.17,3.05,1.6639178369971923,0.2060772969990037,9.752799994983244,0.0001,51699.55
9.253764099994441,51715.85,3.05,1.6658334354991384,0.2067570254996943,9.764231792494858,0.0001,51699.55
9.266050899983384,51634.37,3.05,1.6677983984972584,0.20713025449991693,9.775869372983882,0.0001,51699.55
9.278410399972927,51658.8,3.05,1.6698377159955329,0.20719205199986462,9.78785808797374,0.0001,51699.55
9.290650599985383,51618.09,3.05,1.671963854997442,0.20773252999926917,9.800370117984945,0.0001,51683.24
9.303183099982562,51732.17,3.05,1.674172957996861,0.20823183099982562,9.813390001481428,0.0001,51666.94
9.315407699992646,51666.94,3.05,1.6763733859986762,0.20835407699992645,9.826409200492169,0.0001,51658.8
9.327979599998798,51683.24,3.05,1.6786762259997776,0.20887877599992788,9.839758375998725,0.0001,51658.8
9.339603699976578,51707.69,3.05,1.6808266844956672,0.20957622199859471,9.852079921975172,0.0001,51658.8
9.3519999999844,51626.24,3.05,1.682939999997348,0.20977999999976601,9.864859999983933,0.0001,51666.94
9.364141799975187,51658.8,3.05,1.6850041059957817,0.21000354499937968,9.87717967297556,0.0001,51666.94
9.372720599989407,51658.8,3.05,1.6864625019981991,0.21021801499973516,9.885629790989565,0.0001,51666.94
9.38588349998463,51504.33,3.05,1.6886119424976174,0.2104588349998463,9.898242237485782,0.0001,51658.8
9.398212999978568,51666.94,3.05,1.6905230149966781,0.21058212999978568,9.909647024980176,0.0001,51658.8
9.41040249998332,51772.98,3.05,1.6924123874974146,0.21132817499883239,9.920766274984821,0.0001,51650.66
9.422733199986396,51683.24,3.05,1.6943373119978233,0.21189067200054412,9.93204187598735,0.0001,51658.8
9.43503389999387,51650.66,3.05,1.6963054239990194,0.21139864400024516,9.9434815269943,0.0001,51650.66
9.446227299980817,51642.51,3.05,1.6980963679969308,0.21182272999808174,9.953922525482064,0.0001,51642.51
9.45848339999793,51593.69,3.05,1.7000573439996685,0.21304833999979284,9.965381978998062,0.0001,51642.51
9.47109459998319,51626.24,3.05,1.70207513599731,0.21308905400016812,9.977339869984029,0.0001,51642.51
9.483328799979063,51658.8,3.05,1.7040658959964405,0.213266303998325,9.98909551197927,0.0001,51626.24
9.495682999986458,51561.17,3.05,1.706166109997698,0.21425463999891667,10.001326169986593,0.0001,51626.24
9.507895799994001,51593.69,3.05,1.7083212439989204,0.2146,10.013930068993671,0.0001,51593.69
9.519660699996166,51593.69,3.05,1.7104389259993098,0.2146,10.026342038495956,0.0001,51593.69
9.531900499976475,51666.94,3.05,1.71276109499553,0.21507601999905898,10.040028559973651,0.0001,51618.09
9.540807099983795,51585.57,3.05,1.7144533489969207,0.21541614199967588,10.050020093981525,0.0001,51593.69
9.55323699998553,51715.85,3.05,1.7168150299972507,0.21566473999971061,10.064190179983504,0.0001,51593.69
9.565433399984615,51553.05,3.05,1.7190780119972306,0.21588150099976922,10.077659403983692,0.0001,51593.69
9.57791819999693,51650.66,3.05,1.7213252759994473,0.21606877299995392,10.090893291996744,0.0001,51593.69
9.589686499995878,51618.09,3.05,1.7232498399993406,0.21639059499987634,10.102205309996126,0.0001,51585.57
9.601875699998345,51577.43,3.05,1.725181354999752,0.21679378499991728,10.113531858998561,0.0001,51585.57
9.614980799990008,51577.43,3.05,1.7271471199985011,0.21744903999950035,10.124933295991307,0.0001,51593.69
9.627410499990217,51585.57,3.05,1.7289745224985813,0.21762589500009782,10.135561872491733,0.0001,51593.69
9.639811299974099,51593.69,3.05,1.730772638496244,0.21750188700025902,10.146040548478114,0.0001,51593.69
9.65183019998949,51577.43,3.05,1.7324562279985285,0.21874217099889642,10.156078216991224,0.0001,51593.69
9.664010599983158,51601.83,3.05,1.7342015899974736,0.2194596290005895,10.166489486984926,0.0001,51593.69
9.675932699989062,51593.69,3.05,1.7359899049983591,0.21904235550038284,10.17715976649021,0.0001,51593.69
9.687936399976024,51618.09,3.05,1.7379095059960439,0.2196539579977223,10.188379261977103,0.0001,51593.69
9.697348999994574,51601.83,3.05,1.7394625849991046,0.22054815499948446,10.197368294994817,0.0001,51593.69
9.709631199977593,51691.39,3.05,1.7415373039961908,0.22060737600044816,10.209434887977816,0.0001,51593.69
9.720732599991607,51577.43,3.05,1.743428204998531,0.2204476189994544,10.22046190399127,0.0001,51593.69
9.732937299995683,51585.57,3.05,1.7455640274992446,0.22124092449971938,10.23315479199551,0.0001,51593.69
9.74549439997645,51544.93,3.05,1.747816463995643,0.22189230399917573,10.24648889597433,0.0001,51601.83
9.757667099998798,51593.69,3.05,1.7500684134997777,0.22231834849995794,10.25975713899869,0.0001,51593.69
9.770137599989537,51609.96,3.05,1.7523754559980644,0.2224506879999477,10.273400671988544,0.0001,51593.69
9.782791099976748,51561.17,3.05,1.7547023979958147,0.22261164399906996,10.287172521475238,0.0001,51593.69
9.79560249997303,51618.09,3.05,1.7570084499951455,0.22312409999892122,10.300816662471277,0.0001,51593.69
9.807744999998251,51601.83,3.05,1.7591166499997026,0.22364852499992127,10.313167549998267,0.0001,51601.83
9.819551099993985,51593.69,3.05,1.7611236869989775,0.22417979949972933,10.324855588994046,0.0001,51609.96
9.831665499979861,51626.24,3.05,1.7630081524968786,0.2241416725001007,10.33614891498127,0.0001,51609.96
9.843556599982549,51609.96,3.05,1.764851272997295,0.2243489619987784,10.34708315698438,0.0001,51609.96
9.851894699997501,51561.17,3.05,1.7661436784996127,0.22493262899982513,10.354545756497764,0.0001,51609.96
9.864379599981476,51666.94,3.05,1.7680569399972215,0.22545620400018523,10.365632149983792,0.0001,51609.96
9.876331199979179,51658.8,3.05,1.7698496799968766,0.22533668800020823,10.37608979998178,0.0001,51618.09
9.888569499977166,51618.09,3.05,1.7717282724964607,0.2261141024978307,10.38709824497922,0.0001,51618.09
9.901141399983318,51577.43,3.05,1.7736883309972475,0.22716575800050046,10.39860715798382,0.0001,51609.96
9.91320069998619,51577.43,3.05,1.7756781154977213,0.22680397900041432,10.410304678986604,0.0001,51601.83
9.92557179997675,51740.32,3.05,1.7777472059960473,0.22696216699848873,10.422555376976401,0.0001,51618.09
9.937967999983812,51618.09,3.05,1.7798545599972482,0.2277679199989478,10.43513751998357,0.0001,51601.83
9.95020999998087,51601.83,3.05,1.7819867499966524,0.22795104999990434,10.447767349980202,0.0001,51601.83
9.962275399971986,51577.43,3.05,1.7840981949950976,0.22810239299873936,10.460255038971006,0.0001,51601.83
9.974446299980626,51577.43,3.05,1.7862281024966093,0.22865008349912813,10.472851920479947,0.0001,51618.09
9.987134299997706,51691.39,3.05,1.7884485024995984,0.2291853719999082,10.485912657497648,0.0001,51618.09
9.998911699978635,51593.69,3.05,1.7905095474962611,0.22965646799914538,10.497984492478102,0.0001,51601.83
10.007405399985146,51626.24,3.05,1.7919959449974006,0.22992216199955437,10.506579453984997,0.0001,51593.69
10.01972789998399,51642.51,3.05,1.794152382497198,0.2302918369995197,10.51902517898383,0.0001,51593.69
10.031961899978342,51642.51,3.05,1.7961737134964264,0.23047942849967512,10.530962852478883,0.0001,51601.83
10.0453008999757,51553.05,3.05,1.798348143996112,0.23083854049890648,10.543835854976916,0.0001,51626.24
10.057515499996954,51593.69,3.05,1.8003024799995127,0.23138819749986295,10.555439724997106,0.0001,51601.83
10.06999179997365,51585.57,3.05,1.8022986879957839,0.2315,10.567342168974836,0.0001,51626.24
10.081221099972026,51601.83,3.05,1.8041014814953844,0.23158547699804186,10.578060044973425,0.0001,51601.83
10.093474899971625,51626.24,3.05,1.806123358495318,0.23244324299801375,10.589701154973044,0.0001,51601.83
10.105830199987395,51634.37,3.05,1.8081036809980462,0.23301660399974788,10.601351236988213,0.0001,51601.83
10.118282699986594,51577.43,3.05,1.8100338184979219,0.23326565399973187,10.612994324487463,0.0001,51601.83
10.130288099986503,51626.24,3.05,1.811997536497773,0.23386584549925762,10.624476575987043,0.0001,51601.83
10.142792499973439,51601.83,3.05,1.8140747249954845,0.2344,10.636592499973439,0.0001,51601.83
10.155033999995794,51618.09,3.05,1.816155779999285,0.2344,10.648833999995794,0.0001,51618.09
10.164143799978774,51561.17,3.05,1.8177251649962853,0.23464862799872643,10.658047394978244,0.0001,51601.83
10.176532499986934,51634.37,3.05,1.8198931874977133,0.23539194999921603,10.670745812486608,0.0001,51601.83
10.18865129997721,51593.69,3.05,1.8219707209961256,0.2354269740004558,10.683081069476867,0.0001,51601.83
10.201073099975474,51601.83,3.05,1.8240824269958305,0.23525902049865102,10.695646272476086,0.0001,51601.83
10.212217499996768,51618.09,3.05,1.8259769749994506,0.23587196249982223,10.706512062496849,0.0001,51601.83
10.224400299979607,51561.17,3.05,1.828004047996737,0.23645401049928622,10.71823628198083,0.0001,51601.83
10.236710099998161,51544.93,3.05,1.8299736159997058,0.23688485349993563,10.729807493998273,0.0001,51601.83
10.24903569999151,51553.05,3.05,1.831990890498599,0.237496963499533,10.741664628991764,0.0001,51593.69
10.261321099998893,51618.09,3.05,1.8340179814998174,0.23811321099998894,10.753607888998905,0.0001,51561.17
10.273862299975008,51650.66,3.05,1.8360872794958765,0.2382386229997501,10.766023676975259,0.0001,51561.17
10.285923799994634,51601.83,3.05,1.8381070459990878,0.23871466599962443,10.777964561994688,0.0001296189999731735,51561.17
10.298104499990586,51553.05,3.05,1.8401777649983995,0.239567314999341,10.79002345499068,0.00019052249995292806,51553.05
10.310301299992716,51561.17,3.05,1.8422512209987616,0.23964849350003642,10.802304312992643,0.0002,51553.05
10.322532999998659,51528.69,3.05,1.8443432749997652,0.23971398499993965,10.81468365999863,0.0002,51553.05
10.33107139999629,51512.46,3.05,1.8458374949993508,0.24009821299983305,10.823392827996216,0.0002,51553.05
10.34319719998166,51601.83,3.05,1.8479435239968822,0.2405319719998166,10.835745157981384,0.0002,51553.05
10.355541699973402,51544.93,3.05,1.8500420889954785,0.24065541699973403,10.848274825473004,0.0002,51553.05
10.36777769998298,51544.93,3.05,1.8521222089971068,0.24120555049889372,10.860461034483237,0.0002,51553.05
10.38011469997582,51544.93,3.05,1.8542183519961313,0.24200172049963728,10.872610111976787,0.0002,51544.93
10.392329399997834,51553.05,3.05,1.8561727039996534,0.24218494099996749,10.88433622399792,0.0002,51544.93
10.404621299996506,51561.17,3.05,1.8581394079994409,0.2424617454998777,10.896044021996715,0.0002,51544.93
10.416921299998648,51675.09,3.05,1.8601074079997837,0.2428922454999527,10.90760602199873,0.0002,51544.93
10.429186099994695,51553.05,3.05,1.8620697759991511,0.2431837219998939,10.918905281495146,0.0002,51544.93
10.44138179998845,51520.57,3.05,1.8640072699982675,0.2434759989993648,10.930036710989665,0.0002,51528.69
10.453631199983645,51512.46,3.05,1.8658446799975468,0.24414971599910046,10.940999923985363,0.0002,51520.57
10.465832999994745,51520.57,3.05,1.8677041149991853,0.24470415499981607,10.952008029995218,0.0002,51520.57
10.478020499984268,51285.81,3.04,1.8695931774975614,0.24513071749944937,10.963098654985684,0.0002,51520.57
10.486534999974538,51512.46,3.05,1.8709782749957986,0.24526534999974536,10.971206274975428,0.0002,51520.57
10.498828499985393,51528.69,3.05,1.8730067024975898,0.24538828499985393,10.983069502485904,0.0002,51520.57
10.511124999989988,51520.57,3.05,1.8750912499982981,0.24584499999959955,10.995491874989838,0.0002,51520.57
10.523415499978,51666.94,3.05,1.87721478999604,0.24640492999868002,11.0080862749769,0.0002,51520.57
10.535697799990887,51480.0,3.05,1.8794256039983597,0.24714186799945317,11.02098268999043,0.0002,51520.57
10.548054899991259,51561.17,3.05,1.8816901564983828,0.2474805489999126,11.034199291990559,0.0002,51520.57
10.560276399977738,51536.81,3.05,1.8839511339958814,0.24761934799844162,11.047401275975734,0.0002,51520.57
10.572619399987161,51480.0,3.05,1.8862345889976246,0.24848335799910126,11.060855145986006,0.0002,51520.57
10.58496889998787,51471.89,3.05,1.8884695574978774,0.24892546650018194,11.074042811487447,0.0002,51528.69
10.597066099988298,51528.69,3.05,1.8905865674979523,0.24874400850017553,11.08656341348789,0.0002,51528.69
10.609271399996942,51439.47,3.05,1.8925834239995107,0.24911721299986236,11.09845418699708,0.0002,51528.69
10.621465499978514,51480.0,3.05,1.8945271524966696,0.2496659474990331,11.11004093248034,0.0002,51528.69
10.633688899979463,51528.69,3.05,1.8964217794968166,0.2502160004990758,11.121225343481209,0.0002,51512.46
10.64219599997159,51544.93,3.05,1.8977403799955963,0.2505548999992897,11.129009339974004,0.0002,51528.69
10.65447799998219,51577.43,3.05,1.8996440899972393,0.25086194999955475,11.140247369983705,0.0002,51528.69
10.666817499994066,51512.46,3.05,1.9015907999990505,0.251204524999822,11.151538012494571,0.0002,51512.46
10.679123099980641,51544.93,3.05,1.9035596959969026,0.25157369299941923,11.162797636482287,0.0002,51512.46
10.691367199993692,51480.0,3.05,1.9054619159990223,0.25177050799990536,11.174171495994134,0.0002,51512.46
10.703624199988553,51553.05,3.05,1.9073798719981685,0.25213557299925593,11.185624868989182,0.0002,51504.33
10.715926599979866,51423.26,3.05,1.9093482559967785,0.25293522899869125,11.197250636980973,0.0002,51504.33
10.72824529997888,51504.33,3.05,1.9114017009964095,0.25365349149883837,11.209304073478986,0.0002,51496.23
10.740531899995403,51480.0,3.05,1.9134957419991725,0.25430531899995407,11.221571792495059,0.0002,51488.12
10.7526834999735,51455.68,3.05,1.91568302999523,0.254426834999735,11.234634762471513,0.0002,51488.12
10.76493209999171,51504.33,3.05,1.9179370989984252,0.2548205864994612,11.247999291490757,0.0002,51496.23
10.777130899979966,51488.12,3.05,1.9202548709961937,0.25561350849869785,11.261600953477663,0.0002,51488.12
10.789301399985561,51496.23,3.05,1.922520758997329,0.2557069860001444,11.274892018984334,0.0002,51496.23
10.797820699983276,51471.89,3.05,1.924096829496906,0.25562179300016724,11.284135459481854,0.0002,51488.12
10.810121299989985,51544.93,3.05,1.9263218339981973,0.256257884499349,11.296975545489634,0.0002,51488.12
10.822401099983836,51528.69,3.05,1.9284841759974136,0.2569120054999192,11.309469039484725,0.0002,51488.12
10.834655499988003,51415.17,3.05,1.9304448799980805,0.25697327749994003,11.321049447488663,0.0002,51488.12
10.847033199999714,51512.46,3.05,1.9323198139999587,0.2572109959999914,11.332148551999754,0.0002,51488.12
10.859254599985434,51455.68,3.05,1.9340919169978879,0.257577637999563,11.342658955987472,0.0002,51471.89
10.871556499972938,51463.78,3.05,1.9358756924960758,0.25846673749797033,11.35318080747686,0.0002,51463.78
10.883819599985147,51488.12,3.05,1.937672939997772,0.25913819599985144,11.36379944398678,0.0002,51455.68
10.896129799977643,51358.53,3.04,1.9395194699966465,0.25926129799977643,11.374755521980102,0.0002,51415.17
10.908374099992216,51618.09,3.05,1.9414398559987545,0.2596349639996886,11.3859460424928,0.0002,51415.17
10.920588099979796,51398.98,3.05,1.9433940959967673,0.26011470249949487,11.397261635480705,0.0002,51398.98
10.93280589999631,51382.79,3.04,1.9453489439994096,0.2604201474999078,11.408929634496477,0.0002,51382.79
10.944982399989385,51374.69,3.04,1.9473470079981954,0.26074947199968157,11.420807311989332,0.0002,51374.69
10.95347119998769,51350.43,3.04,1.9487901039979074,0.2610041359996307,11.429338555987629,0.0002,51374.69
10.96566439999151,51415.17,3.05,1.9509195919984716,0.2613699319997453,11.441819297991128,0.0002,51374.69
10.977985899982743,51374.69,3.04,1.9531374619968938,0.26173957699948225,11.454695265481964,0.0002,51374.69
10.99033399997279,51334.26,3.04,1.9553601199951023,0.26205834999931976,11.467960719970614,0.0002,51350.43
11.002598399994895,51318.1,3.04,1.9575807039990556,0.2624818879996426,11.481193279994512,0.0002,51350.43
11.01488159998553,51301.96,3.04,1.9598530959973233,0.26334171199898715,11.494397719984446,0.0002,51342.36
11.027210799977183,51382.79,3.04,1.9620618899960072,0.2638802699994296,11.507291069976613,0.0002,51334.26
11.039467099995818,51326.19,3.04,1.964206742499268,0.26418667749989544,11.519853777495713,0.0002,51326.19
11.05175329998019,51326.19,3.04,1.966239294496731,0.2646701319992076,11.531918233980585,0.0002,51326.19
11.064062999997986,51374.69,3.04,1.9682703949996678,0.2652031499998993,11.543880164998075,0.0002,51326.19
11.076193999993848,51342.36,3.04,1.970272009998985,0.2658096999996924,11.555465269994125,0.0002,51326.19
11.088492899987614,51269.66,3.04,1.9722163994980801,0.266,11.566955932488543,0.0002,51326.19
11.100691299972823,51269.66,3.04,1.9741071514957875,0.26603110849877704,11.578225626475405,0.0002,51326.19
11.112864799972158,51253.53,3.04,1.9759940439956845,0.2665789159987471,11.589242643974803,0.0002,51326.19
11.121422799973516,51326.19,3.04,1.9773205339958948,0.26694268399920545,11.59702320397537,0.0002,51326.19
11.13365909998538,51326.19,3.04,1.9792171604977338,0.2673097729995614,11.608402962986403,0.0002,51326.19
11.145997599989641,51455.68,3.05,1.981219591998239,0.2677698919995339,11.620237623989745,0.0002,51326.19
11.158285999990767,51358.53,3.04,1.9833086199984304,0.26832286999958455,11.63240313999086,0.0002,51326.19
11.170533199998317,51358.53,3.04,1.9854433099997055,0.26871599599994955,11.64505452799825,0.0002,51326.19
11.18281189998379,51301.96,3.04,1.9876061419970823,0.26907029749959477,11.65783843548306,0.0002,51326.19
11.195118999981785,51245.46,3.04,1.9898214199967212,0.26937797499954463,11.670699354980965,0.0002,51326.19
11.207376899983503,51520.57,3.05,1.9919540729971952,0.2697581914994226,11.683287553483254,0.0002,51334.26
11.219686399999773,51301.96,3.04,1.9940466879999612,0.270189023999992,11.695781695999768,0.0002,51318.1
11.231984499987448,51318.1,3.04,1.996137364997866,0.27115875999899575,11.707784887487762,0.0002,51318.1
11.24407699998119,51334.26,3.04,1.9981523199969904,0.2718611549997178,11.71947314998213,0.0002,51318.1
11.256315199978419,51318.1,3.04,2.0001104319965473,0.2720447279996763,11.731099439979499,0.0002,51318.1
11.26857309998013,51366.61,3.04,2.002071695996821,0.2724000584993046,11.742701579481224,0.0002,51334.26
11.277118199999679,51285.81,3.04,2.0034389119999485,0.27269913699998877,11.750776698999697,0.0002,51318.1
11.289286799990805,51342.36,3.04,2.005432321998483,0.27326433999954025,11.762461761991128,0.0002,51318.1
11.301642499980519,51366.61,3.04,2.0074710124967856,0.2738656999992207,11.774426074980713,0.0002,51326.19
11.313909699994838,51189.05,3.04,2.0094951004991484,0.2743563879997935,11.786570602994889,0.0002,51318.1
11.326154499984113,51342.36,3.04,2.01157703749722,0.27500004249896737,11.798785272484034,0.0002,51326.19
11.338528399995994,51301.96,3.04,2.0137424699992987,0.2758043459997396,11.811221041995973,0.0002,51326.19
11.350775399972918,51277.73,3.04,2.015831817995396,0.27600775399972916,11.823529276972783,0.0002,51334.26
11.363071299972944,51326.19,3.04,2.0179221209954004,0.2761614259994589,11.83585594347308,0.0002,51326.19
11.37535369998659,51148.78,3.04,2.02001012899772,0.2764070739997318,11.848076931486657,0.0002,51326.19
11.387585599994054,51350.43,3.04,2.0220516239990185,0.2767654959997919,11.860209743994114,0.0002,51334.26
11.399809999973513,51358.53,3.04,2.0240686499956295,0.27719334999907297,11.872311899973779,0.0002,51334.26
11.412054099986563,51334.26,3.04,2.0260889264977826,0.2771397295000672,11.884252747486899,0.0002,51334.26
11.42422269997769,51285.81,3.04,2.028096745496319,0.27748004299799217,11.896053791978582,0.0002,51334.26
11.43274239997845,51350.43,3.04,2.0295024959964443,0.2782468159980605,11.90423270397931,0.0002,51350.43
11.445059299992861,51561.17,3.05,2.031509487998858,0.2787482210002141,11.915930445493325,0.0002,51350.43
11.457304299983662,51334.26,3.04,2.033468687997386,0.27838087100049014,11.927379520484722,0.0002,51334.26
11.469588699983435,51350.43,3.04,2.0353862484974323,0.27945064399801206,11.938817490984594,0.0002,51334.26
11.481883799977368,51301.96,3.04,2.0373108269962654,0.28066232400045266,11.950308447978273,0.0002,51334.26
11.494240799976978,51431.37,3.05,2.039349731996201,0.28041518400046045,11.9621711679779,0.0002,51334.26
11.50741439999547,51277.73,3.04,2.0415233759992524,0.2807077919997509,11.975003183995538,0.0002,51334.26
11.51979609997943,51334.26,3.04,2.0435663564966062,0.2813887854988687,11.987199158479738,0.0002,51326.19
11.53113069999381,51318.1,3.04,2.0455478724989167,0.2817895744997833,11.998642006993746,0.0002,51318.1
11.544209899991984,51382.79,3.04,2.047836732498597,0.2822052474997996,12.011978295991662,0.0002,51318.1
11.556215699994938,51180.99,3.04,2.049937747499114,0.28250539249987344,12.024464327994735,0.0002,51326.19
11.568364399980053,51293.88,3.04,2.0521055919964097,0.2830182199990027,12.037349907978657,0.0002,51326.19
11.58020949998172,51326.19,3.04,2.0542377099967095,0.2836031424997258,12.050021022480713,0.0002,51326.19
11.588377599982778,51293.88,3.04,2.0557079679969,0.2837256639997417,12.05863836798183,0.0002,51318.1
11.600718299974686,51334.26,3.04,2.0579221109956967,0.28392154899924055,12.071614708474813,0.0002,51326.19
11.614005999988876,51463.78,3.05,2.060181019998109,0.28432017999966624,12.084835969988932,0.0002,51293.88
11.626181699975858,51334.26,3.04,2.062189071996137,0.28490181049843066,12.096548980977547,0.0002,51301.96
11.637526899983643,51285.81,3.04,2.0640043039973826,0.28563924849893674,12.107100016984788,0.0002,51301.96
11.650905999995302,51293.88,3.04,2.0660358999992954,0.2862907699997886,12.118997279995867,0.0002,51301.96
11.663219699985348,51326.19,3.04,2.0678668564978757,0.28697367449875455,12.129833335987106,0.0002,51326.19
11.675420499988832,51277.73,3.04,2.069635972498381,0.2880107424990507,12.140570039990173,0.0002,51301.96
11.68780909999623,51301.96,3.04,2.0715104104994158,0.2882438180000754,12.151706280996569,0.0002,51293.88
11.69993329999852,51277.73,3.04,2.07338966149977,0.2880013340000296,12.162739302998652,0.0002,51293.88
11.711263999983203,51366.61,3.04,2.0752585599972284,0.28901375999848816,12.173500799984042,0.0002,51301.96
11.723333699977958,51358.53,3.04,2.0772500604963633,0.28969998900066124,12.1850670259784,0.0002,51301.96
11.735560599976452,51148.78,3.04,2.079267498996115,0.28933318200070646,12.197049387976923,0.0002,51301.96
11.747978299972601,51164.88,3.04,2.0813962024952053,0.2897185894982191,12.209577757471916,0.0002,51301.96
11.757361799973296,51326.19,3.04,2.083038314995327,0.29032851699826423,12.219195844972628,0.0002,51277.73
11.769703599973582,51334.26,3.04,2.0852466479952447,0.29074258999933955,12.232185815971997,0.0002,51269.66
11.781926199997542,51301.96,3.04,2.0874563469995455,0.29111557199985255,12.245199557997323,0.0002,51261.59
11.79413769999519,51140.75,3.04,2.08971547449911,0.29184826199971137,12.258510092994758,0.0002,51245.46
11.806508199981183,51269.66,3.04,2.092004016996519,0.2924277869993414,12.272026478979395,0.0002,51245.46
11.818871699972078,51229.33,3.04,2.0942912644948346,0.2928605094990227,12.285564511469424,0.0002,51253.53
11.831080999982078,51229.33,3.04,2.096494579996774,0.2932324299994623,12.29832423998136,0.0002,51245.46
11.843260399997234,51261.59,3.04,2.0986053619995713,0.2936141139999032,12.31063217199743,0.0002,51245.46
11.854637599986747,51245.46,3.04,2.1003688279979458,0.29401231599953614,12.321212967987675,0.0002,51229.33
11.866914399986854,51068.4,3.04,2.102202587998094,0.294580291999277,12.33211181198876,0.0002,51229.33
11.87907179998001,51253.53,3.04,2.1039654109971013,0.2952489489989006,12.342506388982908,0.0002,51229.33
11.891260299977148,51245.46,3.04,2.1057327434966866,0.29541260299977146,12.352983857980346,0.0002,51229.33
11.903553199983435,51229.33,3.04,2.1075507459974325,0.2957664899987576,12.363697879985091,0.0002,51237.39
11.911890499992296,51189.05,3.04,2.108843027498806,0.2963917874994222,12.371201449993066,0.0002,51237.39
11.925319899979513,51213.21,3.04,2.1109511839967223,0.2968936020004097,12.383500705980744,0.0002,51229.33
11.93752329997369,51229.33,3.04,2.112903727995791,0.2966495340005261,12.39497190197527,0.0002,51229.33
11.949850999983028,51237.39,3.04,2.1149254149971997,0.29758509999830274,12.406953979983367,0.0002,51229.33
11.961320299975341,51310.03,3.04,2.1168310524956846,0.29858019550036985,12.418259908974601,0.0002,51229.33
11.974335199978668,51237.39,3.04,2.1191086599962667,0.29838497200032,12.431665255978027,0.0002,51229.33
11.98663659999147,51060.37,3.04,2.121327770998422,0.29896365999914704,12.444634344990831,0.0002,51229.33
11.999070199992275,51229.33,3.04,2.123627986998571,0.3002070199992275,12.458000464991695,0.0002,51229.33
12.011202799971214,51301.96,3.04,2.1258725179946745,0.3004680419995682,12.471211051968623,0.0002,51205.15
12.022732599987648,51148.78,3.04,2.1279918679977765,0.30065465199975294,12.483737544986722,0.0002,51205.15
12.034962299978362,51132.7,3.04,2.130193213996105,0.30089924599956724,12.496884472476738,0.0002,51205.15
12.046927799994592,51108.57,3.04,2.1323123649990534,0.3013463899997295,12.509297077994537,0.0002,51205.15
12.05909569998039,51205.15,3.04,2.134441747496568,0.30195478499901945,12.521586656980194,0.0002,51205.15
12.067825399979483,51205.15,3.04,2.135852063996717,0.30215650799958965,12.529895002980611,0.0002,51205.15
12.080052299977979,51253.53,3.04,2.137808106496587,0.30240209199911916,12.54144733148007,0.0002,51189.05
12.092682999995304,51350.43,3.04,2.139765864999272,0.3029073199998122,12.55287811499575,0.0002,51189.05
12.104576999990968,51132.7,3.04,2.141586549998645,0.3035661599992775,12.563550644992006,0.0002,51189.05
12.116692599985981,51205.15,3.04,2.143403889997897,0.30453540799887846,12.574272950987593,0.0002,51189.05
12.128995699982625,51124.66,3.04,2.1452493549973934,0.3045301290005213,12.585251151484448,0.0002,51156.84
12.141311899991706,51189.05,3.04,2.1471033444987144,0.30435086849904613,12.596313507492328,0.0002,51156.84
12.153513499972178,51132.7,3.04,2.1489945924956873,0.3057540524968004,12.607599987474265,0.0002,51148.78
12.165866499999538,51148.78,3.04,2.1509679724999238,0.3062360075000208,12.619261172499554,0.0002,51148.78
12.17806059998111,51132.7,3.04,2.1529799989968836,0.30568727300085,12.63102847898177,0.0002,51148.78
12.190328099997714,51156.84,3.04,2.1551074174996,0.3066328099997714,12.643434661997668,0.0002,51148.78
12.20247289998224,51156.84,3.04,2.157245121996803,0.3076123644999112,12.655921273981173,0.0002,51148.78
12.214684399979888,51100.54,3.04,2.1594431919963797,0.3076734219998994,12.66886546397868,0.0002,51148.78
12.22318929998437,51148.78,3.04,2.1609740739971866,0.3079232509989058,12.677880657983431,0.0002,51148.78
12.235404599981848,51245.46,3.04,2.163172827996733,0.30877832199872934,12.69082887598076,0.0002,51148.78
12.247727199981455,51140.75,3.04,2.1653522599967547,0.3094477239991654,12.703659015980898,0.0002,51148.78
12.260165199986657,51156.84,3.04,2.1675272579977984,0.31000247799979985,12.716462721986858,0.0002,51148.78
12.272269299981417,51148.78,3.04,2.169524434496934,0.3101840394997213,12.728385260481696,0.0002,51140.75
12.284616399992956,51164.88,3.04,2.1715617059988377,0.3105539019996126,12.740385579993308,0.0002,51140.75
12.296940999978688,51084.47,3.04,2.1735952649964836,0.3112317549988278,12.752093949979754,0.0002,51092.5
12.30923729998176,51092.5,3.04,2.1755779679970817,0.31172330549936156,12.763775434982671,0.0002,51084.47
12.321441799984314,51028.27,3.04,2.1775378969974115,0.3120783730002353,12.775405754984705,0.0002,51060.37
12.333726099983323,51060.37,3.04,2.179564806497248,0.3118941085002502,12.78738294748374,0.0002,51044.32
12.345947099995103,51036.28,3.04,2.181581271499192,0.31230550349958375,12.7993281579952,0.0002,51044.32
12.358117799973114,50924.08,3.03,2.1835894369955637,0.3133400129977147,12.811255443973652,0.0002,51044.32
12.370354199985742,51012.22,3.04,2.1856084429976472,0.31334468700021384,12.823040031986313,0.0002,51036.28
12.382657499983907,50884.08,3.03,2.1876384874973445,0.31349232499822965,12.834877774984388,0.0002,51028.27
12.391244999977062,51044.32,3.04,2.189055424996215,0.31443694999747673,12.84320764997775,0.0002,51028.27
12.403368499974022,51060.37,3.04,2.1910558024957134,0.3153831575001299,12.855001129974541,0.0002,51028.27
12.415793599997414,51052.34,3.04,2.1931059439995733,0.31532103200001294,12.867177727997465,0.0002,51028.27
12.429020599985963,51012.22,3.04,2.195333501997614,0.31597654499894723,12.880185290986173,0.0002,51028.27
12.441340699995633,51020.24,3.04,2.1974212154992796,0.3168201104999345,12.892313885995721,0.0002,51044.32
12.453588299977126,51028.27,3.04,2.1994420694962256,0.31700382449965686,12.904316533977584,0.0002,51052.34
12.465877699985866,51253.53,3.04,2.2014698204976675,0.31742327349922256,12.91624259198643,0.0002,51052.34
12.47719700000016,51052.34,3.04,2.2033375050000266,0.31804583500000877,12.927109120000154,0.0002,51028.27
12.48941469998681,51012.22,3.04,2.2053063519978897,0.3183412204998021,12.938791038487404,0.0002,51020.24
12.501585199992405,51052.34,3.04,2.2072615579987467,0.3186268159993924,12.950405939992786,0.0002,51028.27
12.514599599991927,51052.34,3.04,2.209408933998668,0.31966796799935415,12.962769619992331,0.0002,51028.27
12.526594499999192,50988.17,3.04,2.2113551199998707,0.32000108250001214,12.974230719999223,0.0002,51052.34
12.538280399981886,50980.15,3.04,2.2132248639971013,0.31982579400027167,12.98544918398261,0.0002,51028.27
12.54688409998198,50988.17,3.04,2.2146702969969363,0.32048840999819794,12.99394967948207,0.0002,51028.27
12.560236699995585,51052.34,3.04,2.216941422499227,0.3217940825001104,13.007240250495517,0.0002,51028.27
12.571381799993105,51028.27,3.04,2.2188918149987935,0.32151545500017237,13.018552526993002,0.0002,51020.24
12.584040299989281,51052.34,3.04,2.2211070524981245,0.3216434254990889,13.031501911988853,0.0002,51012.22
12.59601759997895,51028.27,3.04,2.2232030799963165,0.32266149599821076,13.043958303978108,0.0002,51012.22
12.60824689999572,51020.24,3.04,2.2253432074992507,0.3232474069998716,13.05659430699559,0.0002,51020.24
12.62084849999519,51004.2,3.04,2.227540002499206,0.32363818249978354,13.06953577249526,0.0002,51028.27
12.632829299982404,50860.11,3.03,2.2295168344970966,0.32417731849920817,13.081336860482667,0.0002,51028.27
12.645351999992272,51012.22,3.04,2.231583079998725,0.3246873199997295,13.09351115999262,0.0002,51028.27
12.657503799971892,51012.22,3.04,2.233588126995362,0.3251126329990162,13.105116128973156,0.0002,51028.27
12.669648299983239,51116.62,3.04,2.235495486497402,0.3253929659996648,13.116424677484495,0.0002,51028.27
12.682013899990125,51140.75,3.04,2.237412154498469,0.3256604169997037,13.127842718490964,0.0002,51060.37
12.694157999998424,51060.37,3.04,2.2392944899997556,0.3260247399999527,13.138954569998557,0.0002,51076.44
12.70326309997472,51028.27,3.04,2.240722095995955,0.3263957859984831,13.147350998476362,0.0002,51076.44
12.71577419998357,51116.62,3.04,2.242723871997371,0.3271464519990142,13.159048876984638,0.0002,51076.44
12.728073799982665,51132.7,3.04,2.2447321769971396,0.32731926200017336,13.170791216983272,0.0002,51076.44
12.740249399997992,51140.75,3.04,2.246742397999659,0.32723366899972894,13.182550646997981,0.0002,51076.44
12.75281589999213,51076.44,3.04,2.2488787029986623,0.32893014649893765,13.195179979492092,0.0002,51060.37
12.764896199980287,51060.37,3.04,2.250981315996452,0.32967967100088713,13.2075165289794,0.0002,51060.37
12.777265499986243,51052.34,3.04,2.2532077899975236,0.3291230525006191,13.220442447485624,0.0002,51076.44
12.789565599989146,51076.44,3.04,2.255421807998046,0.33000438799886034,13.233583019988332,0.0002,51060.37
12.801872399984857,51012.22,3.04,2.2576463939971982,0.3311,13.246831553983569,0.0002,51060.37
12.814168999990216,51036.28,3.04,2.25992126499819,0.3311,13.260173364989384,0.0002,51052.34
12.826071499992395,51028.27,3.04,2.262062512498669,0.33155536249942963,13.272844717492053,0.0002,51052.34
12.838277299975744,51189.05,3.04,2.264198527495755,0.33247079749818076,13.285599778474651,0.0002,51044.32
12.849638699990464,51044.32,3.04,2.2660903854984267,0.3328409674997616,13.296653151990846,0.0002,51044.32
12.861923199990999,51068.4,3.04,2.268098095998605,0.33320577599950496,13.308340495991853,0.0002,51044.32
12.870440799975768,51036.28,3.04,2.269418323996244,0.33367424399866724,13.31604892397807,0.0002,51044.32
12.882971399987582,51092.5,3.04,2.2713457099981373,0.33428914199962745,13.327344545988947,0.0002,51068.4
12.895252399990568,51044.32,3.04,2.273187859998585,0.334657571999717,13.338274635991604,0.0002,51068.4
12.90732799997204,51076.44,3.04,2.274999199995806,0.3352030399984622,13.348948639975394,0.0002,51068.4
12.920591299975058,51068.4,3.04,2.276991651496134,0.3359,13.360635126477426,0.0002,51068.4
12.932703599974046,51044.32,3.04,2.278869057995977,0.3359,13.37159675797651,0.0002,51052.34
12.945043199986687,51084.47,3.04,2.28080691199787,0.3363286719988684,13.38296582398742,0.0002,51052.34
12.95742789999349,51004.2,3.04,2.2827884639989584,0.33738137149944664,13.394669365493847,0.0002,51044.32
12.970110799971733,51068.4,3.04,2.2849188359951946,0.33754944600014136,13.407059137972157,0.0002,51044.32
12.980885099997979,50988.17,3.04,2.286754892499646,0.33759293549978775,13.417716078497907,0.0002,51044.32
12.99320369999623,51052.34,3.04,2.28891064749934,0.33888638849960406,13.430465829496097,0.0002,51044.32
13.005352699983632,51012.22,3.04,2.291090249496972,0.3397338174995908,13.44333444298216,0.0002,51052.34
13.017771599988919,50892.09,3.03,2.29338774599795,0.34004428999972297,13.456871043987922,0.0002,51036.28
13.026976499997547,51036.28,3.04,2.295090652499546,0.3404139424998896,13.467078797497265,0.0002,51052.34
13.0383302999835,51164.88,3.04,2.2971911054969474,0.3409248634992575,13.479738284481602,0.0002,51052.34
13.050508499989519,51052.34,3.04,2.2994440724980607,0.3411576274998428,13.492896637488732,0.0002,51052.34
13.063191699999152,51116.62,3.04,2.301742588999856,0.3414117094999703,13.506291699999151,0.0002,51036.28
13.075485999986993,51020.24,3.04,2.303832619997789,0.3418420099995448,13.518585999986993,0.0002,51036.28
13.087969899992459,51052.34,3.04,2.3058353344988314,0.3421195484998869,13.530272909993213,0.0002,51036.28
13.10040189998108,51076.44,3.04,2.3077582754972568,0.342330142498581,13.541451662483444,0.0002,51020.24
13.11306569998851,50956.12,3.03,2.309594526498334,0.3432799274991382,13.552532487489946,0.0002,51020.24
13.125508699973578,50940.1,3.03,2.3114538484959044,0.3438275434998679,13.563502742976484,0.0002,51020.24
13.137659099971643,51020.24,3.04,2.3133371604956046,0.3438882954998582,13.574316598974761,0.0002,51020.24
13.149565499974415,51020.24,3.04,2.315182652496034,0.3444739299984649,13.58520025997646,0.0002,51028.27
13.16091899998719,51012.22,3.04,2.3169470399979506,0.34512756999961575,13.59567304998783,0.0002,51028.27
13.17313579999609,51028.27,3.04,2.3189017279993744,0.3454940739998827,13.607279009996285,0.0002,51028.27
13.181733799981885,51028.27,3.04,2.3202947459969203,0.3458040279989131,13.615507792982156,0.0002,51028.27
13.194835199974477,51245.46,3.04,2.322521983995661,0.34659011199846856,13.628412671974859,0.0002,51028.27
13.207239099981962,51076.44,3.04,2.324666842496843,0.347261954999098,13.640992468481329,0.0002,51028.27
13.219452599994838,51092.5,3.04,2.326804204999097,0.3478726299997419,13.653633440994657,0.0002,51028.27
13.230825999984518,51092.5,3.04,2.328848679997213,0.34838716999930325,13.665675559983589,0.0002,51028.27
13.243001199996797,51036.28,3.04,2.3310402159994235,0.3488900359999039,13.678611283996572,0.0002,51028.27
13.25530969997635,51012.22,3.04,2.333255745995743,0.3492592909992905,13.691781378974694,0.0002,51028.27
13.26765449999948,51004.2,3.04,2.3354778099999063,0.34978272499997404,13.704913769999449,0.0002,51012.22
13.279955499980135,51028.27,3.04,2.3376919899964244,0.35039777499900676,13.717952829978943,0.0002,51012.22
13.292160999990301,51012.22,3.04,2.339767369998351,0.35094724499956353,13.730221804990252,0.0002,51012.22
13.304506999993464,50892.09,3.03,2.341843654998921,0.3514802799997385,13.74238164999379,0.0002,51012.22
13.317150699993363,50980.15,3.04,2.3439298654989047,0.3519860279997345,13.754393164993694,0.0002,51004.2
13.32920679997187,50988.17,3.04,2.34582705399564,0.35228413599943736,13.76552422197426,0.0002,51004.2
13.338338199973805,51012.22,3.04,2.34724242099594,0.3524667639994761,13.773879452976031,0.0002,51004.2
13.350806199974613,51036.28,3.04,2.349120929996192,0.353310464998096,13.78507154897728,0.0002,50988.17
13.36190339998575,50924.08,3.03,2.350795026997791,0.35401903399985746,13.795041610986962,0.0002,50988.17
13.375149799976498,51004.2,3.04,2.3528482189963573,0.354151497999765,13.807162066978496,0.0002,50988.17
13.386424099997384,51044.32,3.04,2.3546278559995812,0.3545212049998692,13.817638653997541,0.0002,51004.2
13.398795099987183,50972.14,3.04,2.356607215997949,0.3551397549993591,13.829267393987951,0.0002,51012.22
13.411127799976384,50964.12,3.03,2.358691725995985,0.35531127799976386,13.841360882976737,0.0002,51004.2
13.423566999990726,51012.22,3.04,2.360824224998377,0.3556318549993972,13.8537918449904,0.0002,51004.2
13.436091599985957,50820.17,3.03,2.3630160299975427,0.35644595399908724,13.866754805985465,0.0002,51004.2
13.448966299998574,51020.24,3.04,2.3653139339997433,0.3570138204999501,13.880214614998502,0.0002,50980.15
13.461002500000179,51012.22,3.04,2.3674704250000302,0.35743007500000534,13.89281753750018,0.0002,50980.15
13.473023599974114,50980.15,3.04,2.3695140119955993,0.3577907079992234,13.905018953973725,0.0002,50996.18
13.484602499986066,51004.2,3.04,2.3714594124977006,0.3583221749990246,13.916564424986484,0.0002,50996.18
13.496882999985246,50892.09,3.03,2.373485694997566,0.3591818099989672,13.928476509985689,0.0002,50980.15
13.506197199982125,50932.09,3.03,2.375022537997051,0.35964788799928504,13.93748029798275,0.0002,50980.15
13.518720599997321,51012.22,3.04,2.377088898999558,0.3601488239998929,13.949565378997415,0.0002,50980.15
13.530988099984825,50996.18,3.04,2.37916797699742,0.3606944644993171,13.961788099984824,0.0002,50980.15
13.542094499978703,50980.15,3.04,2.3810560649963795,0.361162834999361,13.972915444978488,0.0002,50996.18
13.554361599992262,50972.14,3.04,2.3831414719986848,0.36153084799976787,13.985305215992184,0.0002,50980.15
13.56755319997319,50948.11,3.03,2.3853840439954426,0.3621154259985255,13.998628731972921,0.0002,50980.15
13.579900799988536,50996.18,3.04,2.3874831359980515,0.3627945439993695,14.011099807988423,0.0002,50996.18
13.592274099995848,51020.24,3.04,2.389586596999294,0.3636591869997094,14.023289988495911,0.0002,50980.15
13.604523899994092,51060.37,3.04,2.391646443499025,0.3642,14.035265563494299,0.0002,50972.14
13.616679499973541,50964.12,3.03,2.3936521174956344,0.3642,14.046995717474466,0.0002,50972.14
13.62868389999494,50924.08,3.03,2.39558942399919,0.36480787299964573,14.05853654399514,0.0002,50972.14
13.64074079997954,51004.2,3.04,2.397522231996624,0.36560740799979535,14.070122279980051,0.0002,50972.14
13.65238019998651,50972.14,3.04,2.399442732997774,0.3657238019998651,14.081470694986848,0.0002,50972.14
13.661101199977566,50964.12,3.03,2.400881697996298,0.3658385419992148,14.08996816397824,0.0002,50964.12
13.6732151999895,51028.27,3.04,2.4028805079982676,0.3662625319996325,14.101718743989816,0.0002,50964.12
13.685563999984877,50924.08,3.03,2.4049180599975046,0.36697293999871455,14.113585799985634,0.0002,50964.12
13.698125099996105,50892.09,3.03,2.406990641499357,0.36804063349966887,14.125518844996298,0.0002,50964.12
13.710243099980291,51036.28,3.04,2.408887680496945,0.36835364649970437,14.136826082981669,0.0002,50948.11
13.722740399971372,50948.11,3.03,2.4108384639954195,0.3686781259981391,14.148448571973374,0.0002,50948.11
13.734861799981447,50708.55,3.03,2.4127778879970316,0.36946601699879406,14.159721473982746,0.0002,50924.08
13.747189599991543,51020.24,3.04,2.414750335998647,0.36987189599991543,14.171366067991924,0.0002,50924.08
13.75950479999301,50900.08,3.03,2.4167207679988816,0.3699950479999301,14.183127083993325,0.0002,50916.08
13.772332799999276,50900.08,3.03,2.418896575999877,0.3708632959999494,14.19587113599928,0.0002,50940.1
13.784367399988696,50956.12,3.03,2.420986131997965,0.3716183699994348,14.208042095988244,0.0002,50940.1
13.796435599972028,50900.08,3.03,2.423158407994965,0.3722217799986014,14.220593023970908,0.0002,50940.1
13.808131099998718,51020.24,3.04,2.425263597999769,0.3724,14.233081587998615,0.0002,50956.12
13.81734779998078,50916.08,3.03,2.42692260399654,0.3724,14.243035623979242,0.0002,50940.1
13.828816299996106,50940.1,3.03,2.4290310154992794,0.3733257114995911,14.255333440995834,0.0002,50940.1
13.84213939998881,50972.14,3.04,2.4314636979980975,0.3745213939998881,14.269471490988643,0.0002,50940.1
13.854292899981374,50996.18,3.04,2.4335297929968336,0.3746429289998137,14.281807293481094,0.0002,50916.08
13.865768799994838,50956.12,3.03,2.435451851999148,0.37501728399971607,14.293138047995043,0.0002,50916.08
13.877879599982405,50844.13,3.03,2.437450133997097,0.3756833779990323,14.30476441598311,0.0002,50916.08
13.891265599988403,50892.09,3.03,2.4394898399982603,0.37636327999942015,14.31688271198962,0.0002,50916.08
13.903592999995453,50868.09,3.03,2.441338949999318,0.3768,14.327861839995998,0.0002,50892.09
13.915861699992092,50812.18,3.03,2.443179254998814,0.3768,14.33865829599304,0.0002,50884.08
13.927939599991078,50916.08,3.03,2.445030637998617,0.3774748659992416,14.349564733991835,0.0002,50876.1
13.939870899979724,50884.08,3.03,2.446879989496857,0.37848902649827654,14.360481873481447,0.0002,50876.1
13.952050699997926,50916.08,3.03,2.448828111999668,0.3783192395000311,14.371867404498062,0.0002,50876.1
13.963827399973525,50820.17,3.03,2.4507315209956313,0.37856360299748476,14.38299344097445,0.0002,50876.1
13.97613779999665,50780.27,3.03,2.452762736999447,0.37973309099968167,14.394872976996767,0.0002,50884.08
13.984743899985913,50876.1,3.03,2.454206462997605,0.3803846339991548,14.403367619485842,0.0002,50884.08
13.997277999995276,50884.08,3.03,2.456337259999197,0.38113667999971657,14.415964389995253,0.0002,50876.1
14.009946399979526,50876.1,3.03,2.458590351996315,0.38164812399928344,14.4291934519784,0.0002,50876.1
14.022482099971967,50884.08,3.03,2.4608591884948137,0.38216133649817785,14.442542720469024,0.0002,50876.1
14.03463319997536,50884.08,3.03,2.4631071419954416,0.38295115799839835,14.455969685972772,0.0002,50876.1
14.046952799981225,50852.11,3.03,2.465455795996339,0.38343905599962447,14.46968713597897,0.0002,50884.08
14.058133799990173,50876.1,3.03,2.467636090998084,0.3836626759998034,14.482209855988993,0.0002,50884.08
14.070331399998395,50908.08,3.03,2.469859651999711,0.3843198839999037,14.49530294099829,0.0002,50876.1
14.08277489998727,50836.14,3.03,2.4720439839979633,0.38499712149955445,14.508250029487842,0.0002,50876.1
14.094922999996925,51020.24,3.04,2.473987679999508,0.3854223049998924,14.519851464997062,0.0002,50868.09
14.107365099975143,50884.08,3.03,2.4759047649962715,0.38578412749937857,14.531254938977876,0.0002,50868.09
14.119590399990559,50844.13,3.03,2.4777385599985835,0.3860897599997639,14.542135455991597,0.0002,50876.1
14.131595699989703,50868.09,3.03,2.479539354998455,0.3866218064995366,14.552472301991143,0.0002,50868.09
14.140203499991912,50844.13,3.03,2.4808284899988675,0.3870040699998383,14.559870939993205,0.0002,50860.11
14.153301799990004,50836.14,3.03,2.4826622519986006,0.3872660359998001,14.570873511991602,0.0002,50860.11
14.16583179999725,50892.09,3.03,2.4844747699995877,0.38772074899984876,14.581631983997578,0.0002,50844.13
14.177889599988703,50932.09,3.03,2.4862834399983056,0.38838392799937865,14.592242847990057,0.0002,50844.13
14.189237399987178,50836.14,3.03,2.4880779839979486,0.3887309349996795,14.602783155987947,0.0002,50844.13
14.201600999978838,50860.11,3.03,2.4900721699964024,0.389128079998307,14.614484989979049,0.0002,50844.13
14.214082899998173,50836.14,3.03,2.4921940929996893,0.3901266319998538,14.62684207099819,0.0002,50836.14
14.226370999997016,50804.2,3.03,2.4943149249994776,0.39091854999985076,14.639293984996911,0.0002,50852.11
14.238386899989564,50852.11,3.03,2.496417707498174,0.3915193449994782,14.651730441489198,0.0002,50852.11
14.250535999977728,50828.15,3.03,2.49864915999588,0.39239019999832964,14.664778879975946,0.0002,50836.14
14.262902099988423,50892.09,3.03,2.5009368884978582,0.3931580419997685,14.678192309987267,0.0002,50852.11
14.275136199983534,50684.66,3.03,2.503200196996954,0.3934027239996707,14.691649819981887,0.0002,50836.14
14.287239599972963,50884.08,3.03,2.5054031279951334,0.3938257819987834,14.70467397597134,0.0002,50852.11
14.295715899992501,50860.11,3.03,2.50692886199865,0.39420721549966253,14.713658853992051,0.0002,50852.11
14.308072899992112,50828.15,3.03,2.5090723929986587,0.39464218699976333,14.72627289999211,0.0002,50860.11
14.320223699993223,50940.1,3.03,2.5111369104988817,0.3950145404995595,14.73841587049346,0.0002,50860.11
14.332674599980239,50796.22,3.03,2.5131913089967393,0.39582384899871553,14.75043098898093,0.0002,50852.11
14.345863499998813,50892.09,3.03,2.5153088424998162,0.39662249249993475,14.762923737498904,0.0002,50860.11
14.358213099971183,50772.29,3.03,2.5172230304955336,0.39730172049841506,14.774347117473344,0.0002,50852.11
14.36932099997648,50884.08,3.03,2.5189447549963546,0.397633024999412,14.78434229497895,0.0002466049998824016,50828.15
14.382025699975202,50828.15,3.03,2.52090385499628,0.39800128499876003,14.795743386977433,0.0003,50852.11
14.394228499993915,50852.11,3.03,2.5227342749990873,0.3986114249996957,14.806847934994462,0.0003,50828.15
14.40614419998019,51004.2,3.04,2.5246137929967314,0.3991764889991085,14.817906268981279,0.0003,50852.11
14.418520899984285,50812.18,3.03,2.526655948497407,0.3997334404992928,14.829602250485149,0.0003,50852.11
14.430746399972122,50828.15,3.03,2.5286731559954,0.40012239199916366,14.841638935972401,0.0003,50860.11
14.44330329998047,50860.11,3.03,2.530778077496582,0.4006807804983399,14.854202398979883,0.0003,50860.11
14.452405699994413,50820.17,3.03,2.5323709974990223,0.4014544844995251,14.863577870994245,0.0003,50860.11
14.464615899982164,50860.11,3.03,2.5345308619967892,0.4021,14.87624669498127,0.0003,50860.11
14.475990399980217,50924.08,3.03,2.536578271996439,0.4021,14.888189919979228,0.0003,50844.13
14.489357799990103,50868.09,3.03,2.538937614998268,0.40275504599930717,14.902132111989706,0.0003,50844.13
14.500525399984326,50892.09,3.03,2.540891944997257,0.4035078809997649,14.913733280984092,0.0003,50860.11
14.512699699989755,50804.2,3.03,2.543022447498207,0.4036904954998463,14.926090195489602,0.0003,50844.13
14.525005899980899,50844.13,3.03,2.545125973496848,0.4042505309982809,14.938355722981472,0.0003,50844.13
14.537235999974653,50796.22,3.03,2.547143939995818,0.4053512399977187,14.950218919975413,0.0003,50836.14
14.549727899982827,50820.17,3.03,2.549156463997252,0.4061836739989696,14.962044225983856,0.0003,50828.15
14.56192189999274,50884.08,3.03,2.5511075039988382,0.40685765699978216,14.97354502399303,0.0003,50828.15
14.574018499988599,50700.58,3.03,2.5530429599981757,0.4072205549996579,14.985157759989054,0.0003,50828.15
14.586388899973826,50836.14,3.03,2.5550861129955504,0.40765555599895303,14.99712917747448,0.0003,50828.15
14.598803999979282,50828.15,3.03,2.557196679996478,0.4081521599991713,15.009233899979801,0.0003,50820.17
14.606979199976195,50740.4,3.03,2.558516671996191,0.40851406399892876,15.017100031977147,0.0003,50820.17
14.620284599979643,50844.13,3.03,2.5606455359967426,0.4091156529988803,15.029868946980761,0.0003,50788.25
14.631552099977855,51012.22,3.04,2.5624483359964567,0.409735365498782,15.040516734479072,0.0003,50788.25
14.644079499994405,50668.74,3.03,2.5644731174990767,0.4103835774997482,15.0524367174946,0.0003,50788.25
14.656374099984532,50788.25,3.03,2.5665017264974477,0.41093683449930396,15.064301006485074,0.0003,50772.29
14.668814799981192,50740.4,3.03,2.568598515996803,0.411144073999906,15.07652665198138,0.0003,50772.29
14.681679799978156,50764.32,3.03,2.5707855659962866,0.4113679799978156,15.089271400978266,0.0003,50772.29
14.693944699974963,50812.18,3.03,2.5728705989957437,0.41259446999749627,15.101474976475087,0.0003,50764.32
14.705621999979485,50772.29,3.03,2.5747995199967177,0.41317189000010257,15.1129252299802,0.0003,50756.34
14.717724199988877,50772.29,3.03,2.5767358719982205,0.4131113790000556,15.124603852989265,0.0003,50756.34
14.73015549997217,50684.66,3.03,2.5787248799955473,0.414115549997217,15.136193837474258,0.0003,50756.34
14.742488399991998,50732.44,3.03,2.5806981439987196,0.41521197799963994,15.14767642199236,0.0003,50756.34
14.754904299974442,50724.48,3.03,2.5826846879959104,0.4157706934988499,15.159533606475593,0.0003,50732.44
14.766641399997752,50756.34,3.03,2.5846290379996177,0.4161660349999438,15.170974985997775,0.0003,50724.48
14.776082999975188,50708.55,3.03,2.586234109995782,0.4164020749993797,15.180322169975437,0.0003,50724.48
14.78834079997614,50756.34,3.03,2.588317935995944,0.41704215199844913,15.19249909597626,0.0003,50724.48
14.800589199992828,50724.48,3.03,2.5904001639987806,0.4178176759997848,15.20469803799272,0.0003,50724.48
14.812868199980587,50708.55,3.03,2.5924875939966996,0.4181860459994176,15.217161222980295,0.0003,50708.55
14.825299899996025,50628.99,3.03,2.5946274824993045,0.4187974924997019,15.229779398495966,0.0003,50708.55
14.836426899972137,50732.44,3.03,2.596574707495124,0.4196320174979103,15.241073303471719,0.0003,50636.94
14.848923899990043,50621.05,3.03,2.5987616824982576,0.42034619499950215,15.253846997489793,0.0003,50636.94
14.861256999982288,50636.94,3.03,2.6009136899969887,0.4209314249995572,15.266488424981846,0.0003,50636.94
14.87370659998851,50636.94,3.03,2.6030301219980467,0.42124266499971275,15.279249264988223,0.0003,50636.94
14.886294699972494,50613.09,3.03,2.6051700989953237,0.42190357599779943,15.29196322647263,0.0003,50628.99
14.898286299983738,50628.99,3.03,2.6072086709972355,0.42286290399869897,15.30389486848382,0.0003,50636.94
14.910483399988152,50652.85,3.03,2.609229760998045,0.42315725099982227,15.315716480988566,0.0003,50628.99
14.922533199976899,50676.71,3.03,2.611192645996419,0.4234646579984984,15.327243209978631,0.0003,50628.99
14.93165709997993,50573.39,3.03,2.612606850496889,0.4240577114986954,15.335682817481436,0.0003,50628.99
14.943927599990275,50597.22,3.03,2.6145087779984926,0.42471782799970825,15.346915201991298,0.0003,50621.05
14.95630589997745,50668.74,3.03,2.6164274144965045,0.42508917699932347,15.357993780479816,0.0003,50621.05
14.968646699999226,50621.05,3.03,2.6183402384998797,0.4258052689999458,15.3691252634993,0.0003,50597.22
14.979729599988787,50628.99,3.03,2.620058087998262,0.426581071999215,15.379155287989851,0.0003,50573.39
14.992032399983145,50573.39,3.03,2.622025183997303,0.42720161999915723,15.390770617984073,0.0003,50573.39
15.00429539999459,50533.73,3.02,2.6240087409991073,0.42785772399967537,15.402573922994618,0.0003,50573.39
15.017503799987026,50557.52,3.03,2.6261881269978593,0.4286502279992216,15.415716280987091,0.0003,50557.52
15.029796699993312,50557.52,3.03,2.6283144224988297,0.4292898349996656,15.428241617493146,0.0003,50557.52
15.04204909998225,50446.6,3.02,2.6304790834967164,0.42996392799857996,15.440892536981007,0.0003,50541.67
15.053369599976579,50621.05,3.03,2.632573375995667,0.43086956799812626,15.453005471974938,0.0003,50533.73
15.065459699981146,50391.24,3.02,2.6347827459966062,0.43142729849990574,15.465996475979637,0.0003,50517.87
15.07781619997695,50502.02,3.02,2.637006915995851,0.43148908099988476,15.479341495975106,0.0003,50509.95
15.086240699980408,50517.87,3.02,2.6385233259964735,0.43193684899862855,15.488190327979623,0.0003,50502.02
15.09842349999235,50541.67,3.02,2.640716229998623,0.43278964499946454,15.500860439992044,0.0003,50478.26
15.110798799985787,50509.95,3.02,2.642781801997655,0.43311597599971574,15.512974835986213,0.0003,50478.26
15.123029899987158,50478.26,3.02,2.6447696344980094,0.43355754149890835,15.524687507988185,0.0003,50470.34
15.13549669997883,50470.34,3.02,2.646701988496719,0.43461721949820054,15.536156963980524,0.0003,50478.26
15.147563999984413,50454.51,3.02,2.648572419997584,0.4354160199991427,15.547221059985738,0.0003,50470.34
15.159938299999338,50422.87,3.02,2.6504904364998976,0.43609660649996357,15.558543544499393,0.0003,50470.34
15.172377999988385,50470.34,3.02,2.6524185899981996,0.43647133999965154,15.569925869989373,0.0003,50470.34
15.184815899992826,50343.86,3.02,2.6543464644988877,0.43708527199942604,15.581306548493435,0.0003,50470.34
15.197052599978633,50494.1,3.02,2.6562431529966877,0.4380642079982906,15.592503128980448,0.0003,50470.34
15.208874599979026,50359.65,3.02,2.658119935996644,0.43852186499947565,15.60358649698018,0.0003,50470.34
15.22181499999715,50407.05,3.02,2.660208549999515,0.4389179749998147,15.615896849997178,0.0003,50470.34
15.233304599998519,50470.34,3.02,2.6621617819997483,0.4396647989999037,15.627271553998535,0.0003,50470.34
15.241715899988776,50478.26,3.02,2.6636088619979796,0.4402544309989898,15.635727433488047,0.0003,50470.34
15.25410789999296,50517.87,3.02,2.665839421998733,0.4413697109993664,15.648924913492502,0.0003,50470.34
15.266409699979704,50502.02,3.02,2.668117842996144,0.44199614549969557,15.662282718477574,0.0003,50470.34
15.278760899993358,50478.26,3.02,2.6704645709987385,0.44218141349990037,15.675930794492663,0.0003,50470.34
15.290895199985243,50470.34,3.02,2.6727156119972704,0.4429626639989671,15.689230243983843,0.0003,50470.34
15.303291299991542,50414.96,3.02,2.6749759774985202,0.44364936949987316,15.702606495491247,0.0003,50470.34
15.315449299989268,50438.68,3.02,2.677103627498122,0.44383173949983906,15.715190025488894,0.0003,50446.6
15.328127899992978,50399.15,3.02,2.6792411034988417,0.4445095924994734,15.727743423493225,0.0003,50438.68
15.34031299999333,50438.68,3.02,2.6812469499989993,0.44540938999979984,15.739478569994063,0.0003,50438.68
15.352621699974407,50470.34,3.02,2.683093254996161,0.44577865099923214,15.75043331297722,0.0003,50438.68
15.364777099981438,50422.87,3.02,2.6849165649972155,0.4463105114987934,15.761132191483943,0.0003,50438.68
15.377017999999225,50446.6,3.02,2.6867526999998836,0.44710616999994957,15.77172056999933,0.0003,50438.68
15.389224499987904,50422.87,3.02,2.6885836749981853,0.4476689799995161,15.782463682489295,0.0003,50438.68
15.401325299986638,50414.96,3.02,2.6904054214979287,0.4481397589995991,15.79322590248764,0.0003,50438.68
15.409861699998146,50438.68,3.02,2.6917285634997126,0.4483958509999444,15.801122072498284,0.0003,50422.87
15.422214799997164,50581.33,3.03,2.693665441999532,0.44883288799982984,15.812637281997263,0.0003,50422.87
15.434472499997353,50462.42,3.02,2.6956879624995636,0.44956834999984124,15.824465962497447,0.0003,50422.87
15.44663849999779,50367.54,3.02,2.6977285449996247,0.45033150249985643,15.836504884997769,0.0003,50414.96
15.458884599996964,50296.52,3.02,2.6998103819994843,0.4511274989998027,15.848873445996933,0.0003,50414.96
15.471128399978625,50375.44,3.02,2.7020031119961527,0.4517007779990382,15.861796103977344,0.0003,50407.05
15.484253999980867,50454.51,3.02,2.7043869899964603,0.4523339699989477,15.875836859979145,0.0003,50407.05
15.496607899985975,50351.75,3.02,2.706672461497405,0.45301343449922854,15.889302610984712,0.0003,50399.15
15.508110199996736,50399.15,3.02,2.7088003869993957,0.4535244079998694,15.90171846499649,0.0003,50391.24
15.520231399976183,50525.8,3.02,2.7110393379959508,0.4540161979983327,15.914733713975943,0.0003,50399.15
15.532662399986293,50407.05,3.02,2.7131526079976696,0.4548863679990405,15.927289023986155,0.0003,50407.05
15.544754299975466,50438.68,3.02,2.7151844594959518,0.45559017199901863,15.939264127976447,0.0003,50407.05
15.557006699993508,50328.07,3.02,2.7172061054989287,0.4560802679997403,15.951026431993768,0.0003,50407.05
15.56533619997208,50391.24,3.02,2.7185537919955327,0.45649349099846437,15.958969389973475,0.0003,50407.05
15.577640899980906,50486.19,3.02,2.7205225439969447,0.45717024949894985,15.97065885498186,0.0003,50407.05
15.590023199998543,50414.96,3.02,2.722503711999767,0.4576006959999563,15.982271691998637,0.0003,50407.05
15.602534899982858,50249.25,3.02,2.724492909497343,0.45811546649854296,15.993919433484315,0.0003,50391.24
15.614828399993712,50430.78,3.02,2.7263984019990253,0.4591604139994656,16.005167985994245,0.0003,50391.24
15.627570899989221,50383.34,3.02,2.7284113439982756,0.45982712699967665,16.01690308249003,0.0003,50391.24
15.640368899999885,50391.24,3.02,2.7304590239999817,0.4602221339999932,16.028755988499892,0.0003,50414.96
15.652700699982233,50414.96,3.02,2.732432111997157,0.4609620419989339,16.040656175482855,0.0003,50414.96
15.664837699994678,50367.54,3.02,2.734422408999095,0.4617628274996007,16.052586076994622,0.0003,50414.96
15.676913699979194,50241.37,3.02,2.736475328996463,0.4626685274984394,16.064782836978985,0.0003,50414.96
15.688096599973505,50462.42,3.02,2.738457387995231,0.4631428979992051,16.07636094697231,0.0003,50414.96
15.70030479997513,50422.87,3.02,2.7406533399956476,0.46352133599825907,16.08911546797426,0.0003,50422.87
15.712526799994523,50414.96,3.02,2.7427921899990415,0.4643768759996165,16.10176523799433,0.0003,50422.87
15.720965299988165,50438.68,3.02,2.744264100997988,0.46495309149934905,16.110465299988164,0.0003,50438.68
15.733430199994475,50509.95,3.02,2.7463831339990605,0.4656386609996961,16.122930199994475,0.0003,50462.42
15.745834399975138,50470.34,3.02,2.748462675995898,0.4662917199987569,16.135071851976257,0.0003,50462.42
15.757915700000012,50462.42,3.02,2.750456090500002,0.4668957850000007,16.14660949350001,0.0003,50438.68
15.770266999985324,50383.34,3.02,2.752442719997652,0.4676160199991195,16.158404984985985,0.0003,50462.42
15.782612099981634,50502.02,3.02,2.7544309964969695,0.46833060499908175,16.170233736982187,0.0003,50462.42
15.794817899994086,50486.19,3.02,2.7564449534990243,0.46894089499970437,16.182073362994267,0.0003,50462.42
15.80815579998307,50430.78,3.02,2.758686485997122,0.4696893479989842,16.195174241983242,0.0003,50462.42
15.820550799980992,50414.96,3.02,2.760790881996864,0.47043855599866957,16.207445291981184,0.0003,50446.6
15.8324477999995,50462.42,3.02,2.762753886999917,0.47127134599996495,16.219223321999504,0.0003,50446.6
15.84463749997667,50399.15,3.02,2.7647883749960336,0.4720086874989501,16.231291124976902,0.0003,50462.42
15.856742299976759,50565.46,3.03,2.7668461909960484,0.4725534034989541,16.24327487697699,0.0003,50462.42
15.868826099991566,50446.6,3.02,2.7689004369985657,0.47327369649945167,16.25528196949161,0.0003,50462.42
15.87787979998393,50422.87,3.02,2.770439565997268,0.4738621869989554,16.26429040098401,0.0003,50494.1
15.890023599989947,50509.95,3.02,2.772504011998291,0.47460141599939676,16.276473717989898,0.0003,50494.1
15.902395399985833,50549.59,3.03,2.7746072179975916,0.4753317469992208,16.288871445985976,0.0003,50494.1
15.913763699994888,50533.73,3.02,2.776539828999131,0.47595700349971887,16.300126062994938,0.0003,50494.1
15.92620629997691,50517.87,3.02,2.7785930079963057,0.4765482519990764,16.31228907947772,0.0003,50478.26
15.938721099984832,50494.1,3.02,2.7805953759975734,0.47704884399939335,16.324365861485365,0.0003,50478.26
15.951501599978656,50391.24,3.02,2.782640255996585,0.4780201279982925,16.336123963980473,0.0003,50478.26
15.963886799989268,50454.51,3.02,2.78458301999839,0.47897207599924885,16.347398119990345,0.0003,50478.26
15.974998099991353,50478.26,3.02,2.786249714998703,0.4797498669993948,16.35739828999222,0.0003,50454.51
15.988241499988362,50414.96,3.02,2.788318639998138,0.48055328249935997,16.369688217489003,0.0003,50430.78
16.00033519999124,50399.15,3.02,2.790256983998511,0.4812134079996497,16.38113184799133,0.0003,50430.78
16.01242069998989,50478.26,3.02,2.792311518998281,0.48169682799959557,16.39309649298999,0.0003,50430.78
16.023993399983738,50422.87,3.02,2.7942788779972356,0.48233943899861775,16.404613366983657,0.0003,50454.51
16.0361274999741,50430.78,3.02,2.796341674995597,0.4833708374977986,16.41680813747397,0.0003,50454.51
16.04565799998818,50304.41,3.02,2.797990149997932,0.48406776999923173,16.426584319987708,0.0003,50430.78
16.057987299980596,50454.51,3.02,2.8001477774966044,0.4848691744987388,16.43940679197982,0.0003,50430.78
16.070190999977058,50486.19,3.02,2.8023853349957557,0.48571336999839415,16.452404369975454,0.0003,50454.51
16.082619899971178,50454.51,3.02,2.8046715819948123,0.48654409449841485,16.46565089496974,0.0003,50454.51
16.095012299978407,50454.51,3.02,2.8069022139961133,0.4872256764988125,16.478662914977328,0.0003,50454.51
16.107308099977672,50422.87,3.02,2.809005836496316,0.4880115669984372,16.491135018977896,0.0003,50454.51
16.119528999988688,50343.86,3.02,2.8110222849981343,0.48886702999920834,16.503233709988802,0.0003,50454.51
16.131698099983623,50462.42,3.02,2.8129716959973803,0.48966037649893573,16.514579232984772,0.0003,50454.51
16.144130099972244,50486.19,3.02,2.814919514995837,0.49034455349902867,16.525975788975302,0.0003,50454.51
16.15609589999076,50407.05,3.02,2.816714384998614,0.4907633564996766,16.536625350991777,0.0003,50462.42
16.168231699994067,50541.67,3.02,2.81853475499911,0.4915585359995253,16.54738505449475,0.0003,50462.42
16.17966609998257,50462.42,3.02,2.8202499149973854,0.4924732879986055,16.557504498484573,0.0003,50470.34
16.191734499996528,50430.78,3.02,2.822118847499462,0.49343875999972225,16.568537067496823,0.0003,50470.34
16.200383799994597,50470.34,3.02,2.8234633269991085,0.4941172709997569,16.576468447994813,0.0003,50470.34
16.212490699981572,50494.1,3.02,2.82546096549696,0.4946620814991708,16.588091071982312,0.0003,50462.42
16.2249156999751,50621.05,3.03,2.8275356689957674,0.49544241299775904,16.600191121475227,0.0003,50462.42
16.237184999976307,50478.26,3.02,2.8296214499959724,0.4965466499978678,16.61239907497643,0.0003,50438.68
16.249407599971164,50414.96,3.02,2.831699291995098,0.49703518999927915,16.624842789970447,0.0003,50430.78
16.261750499979826,50438.68,3.02,2.833815089996369,0.49746629749808363,16.637555529978616,0.0003,50414.96
16.274028599989833,50399.15,3.02,2.8360251479981704,0.4986327169990344,16.650570315989224,0.0003,50414.96
16.28636749999714,50414.96,3.02,2.8382779874994717,0.49964572499980003,16.6638087374969,0.0003,50414.96
16.298664199974155,50407.05,3.02,2.8405528769952193,0.5005064939981911,16.67715065697196,0.0003,50407.05
16.310882699996,50383.34,3.02,2.8428132994992605,0.5013617889997203,16.690353315995683,0.0003,50407.05
16.323131099983584,50399.15,3.02,2.8450479424971276,0.502250487998687,16.70344068848301,0.0003,50407.05
16.335144699987723,50383.34,3.02,2.8471503224978516,0.5032115759990179,16.715874764487292,0.0003,50407.05
16.34748789999867,50470.34,3.02,2.8491980639997867,0.5037497579999735,16.728013504998735,0.0003,50414.96
16.35596259997692,50407.05,3.02,2.850554015996307,0.5039192519995385,16.73606446997807,0.0003,50430.78
16.369217799976468,50581.33,3.03,2.8525826699964703,0.5048756909977645,16.74796557497941,0.0003,50446.6
16.381553699990036,50541.67,3.02,2.8544330549985055,0.5059621479996015,16.758751718991334,0.0003,50454.51
16.39381599999615,50462.42,3.02,2.8562723999994226,0.5064526399998461,16.76941991999665,0.0003,50454.51
16.406139299971983,50430.78,3.02,2.858120894995798,0.507099054498179,16.780263976975064,0.0003,50454.51
16.417423799983226,50454.51,3.02,2.859813569997484,0.5078325469989098,16.79030718198507,0.0003,50446.6
16.429832499998156,50446.6,3.02,2.8617240374997146,0.5089832499998158,16.801695062498297,0.0003,50446.6
16.44207289998303,50478.26,3.02,2.863652392997116,0.510124373998982,16.813131441983373,0.0003,50446.6
16.45425979999709,50414.96,3.02,2.8657241659995054,0.5108555879998256,16.82507460399715,0.0003,50446.6
16.46646629998577,50399.15,3.02,2.86783160249751,0.5119112929984349,16.837392620485275,0.0003,50446.6
16.478926899988437,50414.96,3.02,2.870012207497977,0.5132819589987284,16.850289341488036,0.0003,50446.6
16.490824299980886,50407.05,3.02,2.872202495496464,0.51388709349914,16.86309024397936,0.0003,50446.6
16.50332919997163,50478.26,3.02,2.874515901994752,0.5146329199971631,16.87664547396894,0.0003,50470.34
16.511880199977895,50525.8,3.02,2.876097836995911,0.5154880199977895,16.886008818975796,0.0003,50422.87
16.52398409997113,50478.26,3.02,2.8783171379948036,0.5164992049985565,16.899103225469542,0.0003,50470.34
16.536572699988028,50422.87,3.02,2.8805830859978454,0.5171286349994014,16.91238419848737,0.0003,50470.34
16.548422899999423,50502.02,3.02,2.8825897784999053,0.5177632594999683,16.924170212999442,0.0003,50470.34
16.56108129999484,50470.34,3.02,2.8846676014992005,0.5185189429994325,16.936394795995255,0.0003,50470.34
16.573186599998735,50414.96,3.02,2.8865439229998042,0.5198505259998609,16.94753167199884,0.0003,50470.34
16.58565309998812,50525.8,3.02,2.8885044959980997,0.5209391859992873,16.959057382988956,0.0003,50462.42
16.59857409997494,50438.68,3.02,2.8905718559959905,0.5217144459984966,16.971073912976696,0.0003,50462.42
16.610928999987664,50462.42,3.02,2.8924939949980883,0.5226196749990749,16.98256396998853,0.0003,50462.42
16.62308709998615,50470.34,3.02,2.8943939359977846,0.5235006614990999,16.993840131987263,0.0003,50454.51
16.63521289997152,50462.42,3.02,2.8963340639954436,0.524288838498149,17.0049958679738,0.0003,50454.51
16.647179399995366,50399.15,3.02,2.898212806999282,0.5254256309994673,17.016005047995737,0.0003,50462.42
16.659294499986572,50414.96,3.02,2.9000906474979185,0.5268188674984559,17.027150939987646,0.0003,50454.51
16.671164199971827,50454.51,3.02,2.9019862719954923,0.5277931359977461,17.03829434797352,0.0003,50462.42
16.679541999998037,50422.87,3.02,2.903326719999686,0.528463359999843,17.046169479998156,0.0003,50454.51
16.691796799976146,50478.26,3.02,2.905346471996064,0.5292667919984495,17.058278831976388,0.0003,50454.51
16.70447559998138,50478.26,3.02,2.907505607996648,0.5303594499976725,17.071032245980728,0.0003,50446.6
16.716842699999688,50430.78,3.02,2.909731685999944,0.5319053374999612,17.083832194499678,0.0003,50446.6
16.72917909998796,50486.19,3.02,2.911952237997833,0.5329884324990971,17.09692163698712,0.0003,50446.6
16.74086439999519,50430.78,3.02,2.9140555919991344,0.5338648299996394,17.109411941994924,0.0003,50438.68
16.753444899979513,50486.19,3.02,2.9163200819963127,0.5348083674984636,17.12268436947839,0.0003,50438.68
16.76586139999563,50446.6,3.02,2.918467130999279,0.5359154469995412,17.135402785995673,0.0003,50430.78
16.77830209999229,50438.68,3.02,2.9205198464987276,0.5372217204991905,17.147719078992367,0.0003,50430.78
16.79058809997514,50407.05,3.02,2.9225470364958985,0.5384588099975142,17.15951163547626,0.0003,50422.87
16.802899499976775,50422.87,3.02,2.9245639199962845,0.5396319599981422,17.171283519977706,0.0003,50422.87
16.81503209998482,50383.34,3.02,2.9265051359975716,0.5406025679987858,17.18293081598543,0.0003,50422.87
16.827006899984553,50359.65,3.02,2.9284911729973744,0.5414904829989189,17.194531727484943,0.0003,50422.87
16.836257599992678,50343.86,3.02,2.930063791998755,0.5421380319994875,17.203551159992863,0.0003,50422.87
16.848521199979587,50391.24,3.02,2.9320633919967336,0.543081695998367,17.215380351980404,0.0003,50407.05
16.860858599975472,50422.87,3.02,2.9340373759960756,0.5440987389971794,17.2272156699767,0.0003,50391.24
16.873086599982344,50438.68,3.02,2.935993855997175,0.5455049589979696,17.238832269983227,0.0003,50391.24
16.885397799982456,50438.68,3.02,2.9379906369971054,0.5468397799982457,17.250608876983073,0.0003,50391.24
16.89664019999327,50478.26,3.02,2.93984563299889,0.5479640199993273,17.26145779299351,0.0003,50399.15
16.9090607999824,50383.34,3.02,2.941940335997008,0.54897955999868,17.27371549598249,0.0003,50407.05
16.92136079998454,50335.96,3.02,2.9440313359973724,0.5499632959981451,17.285960799984544,0.0003,50422.87
16.933388199977344,50407.05,3.02,2.946075993996149,0.5514065839972815,17.297988199977347,0.0003,50438.68
16.945733399974415,50375.44,3.02,2.948174677995651,0.5527160059976977,17.310247398974802,0.0003,50430.78
16.95808019998367,50399.15,3.02,2.950273633997224,0.5538272179985305,17.322408996983917,0.0003,50430.78
16.970205399993574,50509.95,3.02,2.9522328639989723,0.554918485999422,17.334046156993868,0.0003,50430.78
16.98230999999214,50470.34,3.02,2.954169599998743,0.5560309999992142,17.345559849992654,0.000311549999960712,50430.78
16.991069999989122,50438.68,3.02,2.9555711999982597,0.5569069999989124,17.353750449989832,0.00035534999994561777,50438.68
17.003099899971858,50430.78,3.02,2.9574959839954973,0.5580944904973264,17.365044904973267,0.0004,50438.68
17.016313399974024,50470.34,3.02,2.9596101439958438,0.5593497729975323,17.377597729975324,0.0004,50438.68
17.02861569999368,50454.51,3.02,2.9616646689989254,0.5605184914993996,17.38962954299374,0.0004,50438.68
17.039919299975736,50375.44,3.02,2.9635862809958753,0.561592333497695,17.400820106975978,0.0004,50438.68
17.052195299998857,50438.68,3.02,2.965673200999806,0.5628805064998801,17.413339205998835,0.0004,50438.68
17.06442669997341,50438.68,3.02,2.967774672495347,0.5642090704969422,17.425837367472745,0.0004,50438.68
17.077859499986516,50407.05,3.02,2.9701254124976404,0.5657538424984495,17.439605987486182,0.0004,50446.6
17.089111299981596,50454.51,3.02,2.9720489209968717,0.5670022429979757,17.450956856481508,0.0004,50438.68
17.10218819999136,50478.26,3.02,2.974271993998532,0.5683969379992226,17.46406631799145,0.0004,50438.68
17.11355789998197,50494.1,3.02,2.9762048429969354,0.5694202109983775,17.47532232098215,0.0004,50446.6
17.126304499979597,50422.87,3.02,2.978371764996532,0.5707565399975519,17.487909932479905,0.0004,50454.51
17.137986199988518,50446.6,3.02,2.9803576539980488,0.5721583439986225,17.499416406988693,0.0004,50454.51
17.146358499972848,50438.68,3.02,2.981717359995656,0.5730676424971493,17.507535952473802,0.0004,50454.51
17.15891129997908,50462.42,3.02,2.9837258079966533,0.5743856864978035,17.519649404479814,0.0004,50446.6
17.171312199992826,50494.1,3.02,2.985709951998852,0.5756312199992827,17.531333467993257,0.0004,50438.68
17.183231899980456,50621.05,3.03,2.9876009444969704,0.5768070304981433,17.542424869482314,0.0004,50438.68
17.195898699981626,50407.05,3.02,2.9895642984971524,0.5780103764982546,17.553888323483374,0.0004,50438.68
17.207982699997956,50280.75,3.02,2.9914373184996834,0.5793978374997446,17.564824343498152,0.0004,50430.78
17.22038829998928,50422.87,3.02,2.993362127998285,0.5809465959987139,17.576066943489874,0.0004,50422.87
17.23278609997942,50430.78,3.02,2.9953457759967077,0.5824343319975307,17.587782864480555,0.0004,50407.05
17.244771499972558,50454.51,3.02,2.997311154995335,0.5837771499972559,17.59939535747242,0.0004,50383.34
17.25690899998881,50359.65,3.02,2.999374529998098,0.5849908999988812,17.611593544988754,0.0004,50383.34
17.269155999994837,50359.65,3.02,3.0014772999990966,0.585953899999871,17.624140679994685,0.0004,50383.34
17.281409799994435,50383.34,3.02,3.0036217149990265,0.586260244999861,17.63676209399427,0.0004,50383.34
17.29375389998313,50375.44,3.02,3.004975389998313,0.586138691500253,17.644583492490302,0.0004,50375.44
17.302266499988036,50375.44,3.02,3.005826649998804,0.5860110025001793,17.64947823749312,0.0004,50375.44
17.31453699999838,50391.24,3.02,3.0059,0.586,17.64995768499999,0.0004,50375.44
17.326663699990604,50383.34,3.02,3.0057351335004228,0.5856885855007984,17.64904743800244,0.0004,50375.44
17.33912119999877,50359.65,3.02,3.005174546000055,0.5846296980001043,17.64580848800032,0.0004,50375.44
17.351227899984224,50328.07,3.02,3.004424047001104,0.5835183495014987,17.641344282006624,0.0004,50359.65
17.363719099987065,50509.95,3.02,3.0035280900012933,0.5823029215017461,17.635972135507693,0.0004,50328.07
17.376181399973575,50115.57,3.01,3.0022818600026424,0.5806205110035673,17.628557067015723,0.0004,50280.75
17.388477499975124,50280.75,3.02,3.0009427000029847,0.5790700875028606,17.620638362517536,0.0004,50272.88
17.401190099975793,50241.37,3.02,2.9994171880029046,0.5776081385027837,17.611675979517063,0.0004,50272.88
17.413693999988027,50241.37,3.02,2.9985583600007186,0.5767583600007183,17.60655016000431,0.0004,50272.88
17.425746899971273,50249.25,3.02,2.997917593000862,0.5758841065033035,17.602774230504455,0.0004,50272.88
17.43778479998582,50272.88,3.02,2.9975564560004253,0.5744997480016304,17.600908356002197,0.0004,50257.12
17.449330299976282,50272.88,3.02,2.9971467880009484,0.5728238490040317,17.59848577350605,0.0004,50272.88
17.46170919999713,50272.88,3.02,2.9966516320001144,0.5707194360004874,17.59532915400073,0.0004,50257.12
17.469863099977374,50209.88,3.02,2.995776428002715,0.5690930645046378,17.590195830015837,0.0004,50257.12
17.48225359999924,50280.75,3.02,2.994289568000091,0.5665530120001553,17.58152248000053,0.0004,50257.12
17.495543199998792,50257.12,3.02,2.9916913600002415,0.5632642000003016,17.56626174000142,0.0004,50257.12
17.508080099971266,50272.88,3.02,2.98895537550704,0.5600537735076144,17.550133855041665,0.00037459950014366773,50249.25
17.520239799981937,50249.25,3.02,2.9859762490044255,0.5568314530047868,17.53250229002619,0.00031380100009031464,50241.37
17.532448899990413,50178.43,3.02,2.9828905305024445,0.5530291075031155,17.51432665001438,0.0003,50241.37
17.54380789998686,50209.88,3.02,2.9800061040031536,0.5494141830030221,17.497356821518594,0.0003,50241.37
17.556314299989026,50241.37,3.02,2.9770045680026334,0.5465377110025238,17.479660265515527,0.0003,50241.37
17.56835659997887,50209.88,3.02,2.974194765004754,0.5433662370064444,17.463156071027782,0.0003,50241.37
17.58079939999152,50241.37,3.02,2.9713951350019077,0.539571183002586,17.44679378901115,0.0003,50241.37
17.593038099992555,50186.28,3.02,2.968842189501526,0.5367418085016004,17.431753899009006,0.0003,50233.5
17.604972599976463,50343.86,3.02,2.966425206004472,0.5341956170048245,17.417520277026004,0.0003,50241.37
17.617150799982483,50288.64,3.02,2.964111348003328,0.5316990860035906,17.404063366019354,0.0003,50241.37
17.62667529997998,50233.5,3.02,2.9623568225035033,0.5295995515049045,17.393796064520718,0.0003,50233.5
17.63891949999379,50280.75,3.02,2.960214087501086,0.5265997225015208,17.381123317506425,0.0003,50233.5
17.651348099985626,50233.5,3.02,2.958039082502515,0.5243060445022275,17.368426678514588,0.0003,50233.5
17.663679699995555,50257.12,3.02,2.955884451000755,0.5223504660009771,17.355916901504465,0.0003,50233.5
17.674838199978694,50060.66,3.01,2.953987506003622,0.5198955960046869,17.34470260902141,0.0003,50217.76
17.68709829999716,50209.88,3.02,2.9519237805004686,0.5173827975004969,17.33250415750277,0.0003,50209.88
17.699519499990856,50170.56,3.02,2.9498742825015087,0.5152090875016,17.320393487508916,0.0003,50194.16
17.711947399977362,50131.28,3.02,2.947823679003735,0.5130789420038483,17.308365759021846,0.0003,50170.56
17.724267299985513,50217.76,3.02,2.94579089550239,0.5109528765028247,17.29647071901405,0.0003,50170.56
17.736798699974315,50194.16,3.02,2.943723214504238,0.5085092535050082,17.284315261024915,0.0003,50170.56
17.748924299987266,50099.87,3.01,2.9417224905021007,0.5064113550019098,17.272464564512543,0.0003,50170.56
17.760517499991693,50139.14,3.02,2.9398096125013704,0.5046723750012458,17.261045262508183,0.0003,50170.56
17.773031299992,50170.56,3.02,2.9376946790013596,0.5022435835016398,17.248468387008078,0.0003,50170.56
17.781587599980412,50202.01,3.02,2.9362401080033296,0.5004895420040151,17.23982652401978,0.0003,50170.56
17.79422579999664,50139.14,3.02,2.934035485000588,0.4981793560006046,17.22706194200339,0.0003,50162.71
17.806931899976917,50170.56,3.02,2.9318512365038085,0.4958922580041545,17.214327078522732,0.0003,50162.71
17.819235499977367,50154.84,3.02,2.9298211425037337,0.4936776100040734,17.20220803252229,0.0003,50170.56
17.831493499979842,50186.28,3.02,2.9277985725033258,0.4916835075031241,17.19026130501955,0.0003,50170.56
17.84387459998834,50154.84,3.02,2.925751318001982,0.48976006400186567,17.178242892011426,0.0003,50186.28
17.85575719998451,50162.71,3.02,2.9237312760026333,0.4878588480024785,17.16659794401518,0.0003,50170.56
17.867486199975247,50225.62,3.02,2.9217373460042078,0.4858700530045793,17.154991369024877,0.0003,50186.28
17.879581999994116,50194.16,3.02,2.919681060001,0.4836323300010884,17.14283509000591,0.0003,50194.16
17.892811699974118,50209.88,3.02,2.9174320110044,0.4813810695042704,17.129392066026398,0.0003,50209.88
17.90401379999821,50257.12,3.02,2.9155225850003132,0.4795580680002503,17.117965924001822,0.0003,50225.62
17.916689299978316,50170.56,3.02,2.9133043725037946,0.47778349800303554,17.10503691402212,0.0003,50225.62
17.928499699977692,50257.12,3.02,2.9112925495036803,0.4758000600044612,17.093210294021862,0.0003,50249.25
17.93770479998784,50249.25,3.02,2.909773708002006,0.4739590400024313,17.084189296011914,0.0003,50257.12
17.95025419999729,50320.18,3.02,2.907703057000447,0.47192068300036566,17.072072239002587,0.0003,50257.12
17.96255209998344,50312.3,3.02,2.905673903502732,0.4702604665022352,17.06032774451581,0.0003,50280.75
17.975128699996276,50194.16,3.02,2.9036594080005957,0.46807747750065126,17.048256448003574,0.0003,50312.3
17.986765199981164,50312.3,3.02,2.9017787420031076,0.4661916980025425,17.03708540801808,0.0003,50312.3
17.99843529998907,50280.75,3.02,2.8998531755018035,0.46461623450147566,17.025882112010493,0.0003,50320.18
18.01164979999885,50328.07,3.02,2.897716032000184,0.4628322770001553,17.013412437001076,0.0003,50320.18
18.024021299992455,50343.86,3.02,2.8957416985011695,0.46112637900128256,17.001845084507053,0.0003,50328.07
18.036322899977677,50367.54,3.02,2.89383495050346,0.45903510700379485,16.990343088520873,0.0003,50343.86
18.047570499998983,50320.18,3.02,2.8920458675001677,0.45726013000014226,16.979735172500973,0.0003,50367.54
18.059795099979965,50430.78,3.02,2.8900288085033057,0.45554868600280474,16.968060679519134,0.0003,50375.44
18.072380499972493,50375.44,3.02,2.887905315004676,0.453505315004676,16.955572597527645,0.0003,50414.96
18.08459759998368,50446.6,3.02,2.8858204200028554,0.4514603600024476,16.94323849601697,0.0003,50422.87
18.09653109998908,50414.96,3.02,2.883732057501911,0.4496703350016379,16.930827656011356,0.0003,50430.78
18.10586839998723,50454.51,3.02,2.8820836880022984,0.44835579200153214,16.921131206013214,0.0003,50430.78
18.118150599999353,50462.42,3.02,2.879872892000116,0.4468819280000773,16.908419129000666,0.0003,50446.6
18.129517999972453,50462.42,3.02,2.8778919400046825,0.44512676000495793,16.896719050028235,0.0003,50454.51
18.141737399972044,50422.87,3.02,2.875814642004752,0.44292726800503157,16.884194165028653,0.0003,50454.51
18.153980699979,50494.1,3.02,2.873678377503674,0.44121760550283434,16.871809493021207,0.0003,50454.51
18.166327999992063,50422.87,3.02,2.871534240001349,0.4394508800013091,16.859372000007934,0.0003,50462.42
18.179491999995662,50533.73,3.02,2.8692963600007375,0.43727882000071566,16.84620800000434,0.0003,50462.42
18.19178739999188,50454.51,3.02,2.8672500790013395,0.43529401600129897,16.834176222007876,0.0003,50486.19
18.204285199986774,50328.07,3.02,2.865194368002116,0.433294368002116,16.822098338012363,0.0003,50486.19
18.216285499976944,50486.19,3.02,2.863274320003689,0.43137432000368875,16.810878057521556,0.0003,50494.1
18.228457299992442,50494.1,3.02,2.8613541185011715,0.42969969700083127,16.799551997506992,0.0003,50494.1
18.240398499998264,50525.8,3.02,2.859503232500269,0.4283861650001908,16.788506387501606,0.0003,50517.87
18.252272499987157,50517.87,3.02,2.8576164000020547,0.42680185000179777,16.777337487512135,0.0003,50517.87
18.260417899989985,50470.34,3.02,2.856313136001602,0.42566149400140185,16.76964008450946,0.0003,50517.87
18.272704099974362,50621.05,3.03,2.8542988235042297,0.4236988235042299,16.757787023024868,0.0003,50525.8
18.28499259997625,50589.27,3.03,2.852261258004037,0.42179077700249357,16.74580740002375,0.0003,50541.67
18.297333399998024,50581.33,3.03,2.8501633220003355,0.4204949930002072,16.73346660000197,0.0003,50557.52
18.309666599991033,50557.52,3.03,2.8480333450015687,0.4187333450015687,16.720933402009234,0.0003,50581.33
18.32202509997296,50509.95,3.02,2.845870607504731,0.4165706075047312,16.708204147027846,0.0003,50589.27
18.334373099991353,50589.27,3.03,2.843709707501513,0.4148077660012104,16.69559943800882,0.0003,50589.27
18.346885099977953,50541.67,3.02,2.841539533003748,0.413017235003307,16.68289547452216,0.0003,50589.27
18.358806299977005,50597.22,3.03,2.8395129290039094,0.4112290550034493,16.67091466852311,0.0003,50581.33
18.37102349998895,50628.99,3.03,2.8374360050018783,0.40947671000154684,16.65851603001127,0.0003,50581.33
18.38326869998127,50613.09,3.03,2.8353529775032777,0.4077798475014048,16.646029956518824,0.0003,50589.27
18.395352799998363,50636.94,3.03,2.8332382600002863,0.40687354000012266,16.633885436001645,0.0003,50593.244999999995
18.407936199975666,50573.39,3.03,2.8311102080038935,0.4054855270040149,16.621485929023237,0.0003,50597.22
18.416022599994903,50446.6,3.02,2.8298163840008153,0.4041512710008407,16.613763417004865,0.0003,50605.155
18.42834879999282,50581.33,3.03,2.827870936001113,0.4023046560009334,16.602259336006497,0.0003,50613.09
18.441693499975376,50644.89,3.03,2.8258025075038167,0.40056984500320086,16.590182382522283,0.0003,50597.21
