Time (s),Resistance (Ohm),Voltage (V),Displacement,Force (N),Strain,Stress (MPa),Resistance Smoothed (Ohm)
0.0,63125.83,3.28,0.1313,0.0137,0.7519,0.0,63115.33
0.000342700019246,63146.84,3.28,0.13135483200307935,0.01370342700019246,0.7522238515181875,0.0,63104.83
0.0006117000011728,63073.37,3.28,0.13139787200018765,0.013706117000011729,0.7524780565011083,0.0,63099.59
0.0008692000119482,63273.06,3.29,0.1314390720019117,0.013708692000119482,0.752721394011291,0.0,63104.83
0.0011249000090175001,63073.37,3.28,0.1314799840014428,0.013711249000090176,0.7529630305085215,0.0,63104.83
0.0013779000146315,63104.83,3.28,0.13152046400234105,0.013713779000146316,0.7532021155138268,0.0,63104.83
0.0016300000133925002,63094.35,3.28,0.1315608000021428,0.013716300000133925,0.753440350012656,0.0,63094.35
0.0018804999999702003,63094.35,3.28,0.13160087999999523,0.013718804999999702,0.7536770724999718,0.0,63094.35
0.002132099994924,63104.83,3.28,0.13164113599918784,0.01372132099994924,0.7539148344952032,0.0,63104.83
0.002381800004514,63104.83,3.28,0.13168108800072223,0.01372381800004514,0.7541508010042658,0.0,63094.35
0.0026346000086051,63094.35,3.28,0.13172153600137682,0.013726346000086051,0.7543896970081319,0.0,63094.35
0.0028852999967058,63073.37,3.28,0.13176164799947293,0.013728852999967059,0.754626608496887,0.0,63094.35
0.0031366000184790003,63125.83,3.28,0.13180185600295663,0.01373136600018479,0.7548640870174627,0.0,63104.83
0.0033884000149556,63125.83,3.28,0.13184214400239289,0.013733884000149556,0.755102038014133,0.0,63104.83
0.0036392000038177,63094.35,3.28,0.13188227200061084,0.013736392000038178,0.7553390440036077,0.0,63125.83
0.0114931999996771,63094.35,3.28,0.13313891199994835,0.01381493199999677,0.7627610739996948,0.0,63125.83
0.011746400006814,63252.0,3.29,0.13317942400109023,0.01381746400006814,0.7630003480064392,0.0,63125.83
0.0119944000034593,63178.36,3.28,0.13321910400055348,0.013819944000034593,0.7632347080032691,0.0,63125.83
0.0122400000109338,63178.36,3.28,0.1332584000017494,0.013822400000109338,0.7634668000103325,0.0,63136.34
0.0124855000176467,63136.34,3.28,0.13329768000282347,0.013824855000176467,0.7636987975166761,0.0,63136.34
0.0127287000068464,63125.83,3.28,0.13333659200109543,0.013827287000068463,0.7639286215064699,0.0,63136.34
0.012973000004422,63041.91,3.28,0.1333756800007075,0.01382973000004422,0.7641594850041789,0.0,63136.34
0.0132155000173953,63136.34,3.28,0.13341448000278325,0.013832155000173952,0.7643886475164385,0.0,63136.34
0.0134590000088793,63178.36,3.28,0.1334534400014207,0.013834590000088793,0.7646187550083909,0.0,63136.34
0.0137017999950331,63115.34,3.28,0.1334922879992053,0.013837017999950331,0.7648482009953063,0.0,63125.83
0.013945100014098,63283.6,3.29,0.13353121600225568,0.01383945100014098,0.7650781195133226,0.0,63115.34
0.0141867999918759,63052.39,3.28,0.13356988799870015,0.013841867999918758,0.7653065259923227,0.0,63115.34
0.0144304000132252,63157.35,3.28,0.13360886400211602,0.013844304000132252,0.7655367280124978,0.0,63136.34
0.0146720999910031,63052.39,3.28,0.1336475359985605,0.01384672099991003,0.765765134491498,0.0,63146.84
0.0149162000161596,63073.37,3.28,0.13368659200258554,0.013849162000161595,0.7659958090152709,0.0,63136.34
0.015157699992414599,63115.34,3.28,0.13372523199878633,0.013851576999924146,0.7662240264928318,0.0,63136.34
0.0154225000005681,63378.51,3.29,0.1337676000000909,0.01385422500000568,0.7664742625005369,0.0,63136.34
0.0156663999950979,63157.35,3.28,0.13380662399921567,0.013856663999950978,0.7667047479953676,0.0,63146.84
0.0159055000112858,63146.84,3.28,0.13384488000180572,0.013859055000112858,0.7669306975106651,0.0,63146.84
0.0161487000004854,63136.34,3.28,0.13388379200007766,0.013861487000004852,0.7671605215004588,0.0,63146.84
0.0163919999904465,63073.37,3.28,0.13392271999847144,0.013863919999904464,0.767390439990972,0.0,63146.84
0.0166469000105281,63146.84,3.28,0.1339635040016845,0.01386646900010528,0.7676313205099491,0.0,63146.84
0.0169225000136067,63146.84,3.28,0.13400760000217707,0.013869225000136065,0.7678917625128584,0.0,63146.84
0.0171944000176154,63188.88,3.28,0.13405110400281847,0.013871944000176153,0.7681487080166466,0.0,63146.84
0.0174495000101161,63157.35,3.28,0.13409192000161857,0.013874495000101161,0.7683897775095597,0.0,63157.35
0.0177002999989782,63041.91,3.28,0.13413204799983652,0.013877002999989781,0.7686267834990345,0.0,63157.35
0.0179508000146598,63199.39,3.28,0.13417212800234557,0.013879508000146597,0.7688635060138536,0.0,63157.35
0.0181980000052136,63157.35,3.28,0.1342116800008342,0.013881980000052136,0.7690971100049269,0.0,63178.36
0.0184474000125192,63157.35,3.28,0.13425158400200307,0.01388447400012519,0.7693327930118307,0.0,63178.36
0.0186937999969814,63262.53,3.29,0.13429100799951704,0.013886937999969814,0.7695656409971474,0.0,63178.36
0.0189430000027642,63241.48,3.29,0.13433088000044227,0.01388943000002764,0.7698011350026122,0.0,63188.88
0.0191897999902722,63188.88,3.28,0.13437036799844357,0.013891897999902722,0.7700343609908072,0.0,63188.88
0.019437500013737,63178.36,3.28,0.13441000000219794,0.01389437500013737,0.7702684375129815,0.0,63178.36
0.0196835999959149,63136.34,3.28,0.1344493759993464,0.013896835999959148,0.7705010019961396,0.0,63178.36
0.0199317999940832,63209.92,3.29,0.13448908799905332,0.013899317999940831,0.7707355509944086,0.0,63178.36
0.0201784000091721,63220.43,3.29,0.1345276520014217,0.013903568000183442,0.770966804008576,0.0,63178.36
0.0204269000096247,63136.34,3.28,0.13456616950149183,0.013908538000192493,0.7711991515089991,0.0,63178.36
0.0206728999910411,63167.86,3.28,0.13460429949861138,0.01391345799982082,0.7714291614916234,0.0,63167.86
0.0209326000185684,63167.86,3.28,0.13464455300287811,0.013918652000371366,0.7716719810173615,0.0,63167.86
0.0211731000163127,63157.35,3.28,0.13468183050252847,0.013923462000326252,0.7718968485152524,0.0,63178.36
0.0214156000001822,63230.96,3.29,0.13471941800002823,0.013928312000003643,0.7721235860001704,0.0,63178.36
0.0216570000047796,63178.36,3.28,0.13475683500074084,0.01393314000009559,0.7723492950044689,0.0,63178.36
0.0218996000185144,63167.86,3.28,0.13479443800286975,0.013937992000370287,0.772576126017311,0.0,63188.88
0.0221506000088994,63273.06,3.29,0.13483334300137942,0.013943012000177987,0.7728108110083209,0.0,63188.88
0.022393799998099,63283.6,3.29,0.13487103899970534,0.01394787599996198,0.7730382029982226,0.0,63188.88
0.0226341999950819,63188.88,3.28,0.1349083009992377,0.013952683999901638,0.7732629769954016,0.0,63209.92
0.0228784999926575,63336.3,3.29,0.13494616749886193,0.01395756999985315,0.7734913974931348,0.0,63209.92
0.0231189000187442,63209.92,3.29,0.13498342950290534,0.013962378000374883,0.7737161715175258,0.0,63252.0
0.023360799998045,63188.88,3.28,0.13502092399969698,0.013967215999960899,0.7739423479981721,0.0,63252.0
0.0236003000172787,63178.36,3.28,0.1350580465026782,0.013972006000345573,0.7741662805161555,0.0,63252.0
0.0238423999981024,63262.53,3.29,0.13509557199970587,0.013976847999962048,0.7743926439982257,0.0,63241.48
0.0240786999929697,63273.06,3.29,0.1351321984989103,0.013981573999859394,0.7746135844934267,0.0,63241.48
0.0243191000190564,63252.0,3.29,0.13516946050295375,0.013986382000381128,0.7748383585178178,0.0,63241.48
0.0245607999968343,63241.48,3.29,0.13520692399950932,0.013991215999936685,0.77506434799704,0.0,63252.0
0.0248011999938172,63252.0,3.29,0.13524418599904167,0.013996023999876343,0.7752891219942191,0.0,63252.0
0.0250565000169445,63220.43,3.29,0.1352837575026264,0.01400113000033889,0.7755278275158431,0.0,63252.0
0.0252995000046213,63241.48,3.29,0.1353214225007163,0.014005990000092425,0.7757550325043209,0.0,63252.0
0.0255440000037197,63315.21,3.29,0.13535932000057654,0.014010880000074393,0.775983640003478,0.0,63252.0
0.0257851000060328,63410.18,3.29,0.13539669050093509,0.014015702000120655,0.7762090685056406,0.0,63252.0
0.0260901000001468,63199.39,3.28,0.13544396550002274,0.014021802000002935,0.7764942435001373,0.0,63252.0
0.0264007000077982,63336.3,3.29,0.1354921085012087,0.014028014000155962,0.7767846545072913,0.0,63241.48
0.026643499993952,63315.21,3.29,0.13552974249906255,0.014032869999879039,0.7770116724943451,0.0,63241.48
0.0268867000122555,63252.0,3.29,0.13556743850189962,0.014037734000245109,0.7772390645114589,0.0,63241.48
0.0271265000046697,63241.48,3.29,0.1356046075007238,0.014042530000093393,0.7774632775043662,0.0,63199.39
0.0273678000085056,63157.35,3.28,0.13564200900131837,0.014047356000170111,0.7776888930079527,0.0,63199.39
0.0276078000024427,63199.39,3.28,0.1356792090003786,0.014052156000048853,0.777913293002284,0.0,63199.39
0.0278629999957048,62989.53,3.28,0.13571876499933425,0.014057259999914095,0.778151904995984,0.0,63157.35
0.0280980000097771,63125.83,3.28,0.13575519000151545,0.014061960000195542,0.7783716300091416,0.0,63157.35
0.0283348000084516,63062.88,3.28,0.13579189400131,0.014066696000169032,0.7785930380079022,0.0,63157.35
0.028568500012625,63125.83,3.28,0.13582811750195686,0.014071370000252499,0.7788115475118044,0.0,63157.35
0.0288044000044465,63241.48,3.29,0.1358646820006892,0.01407608800008893,0.7790321140041575,0.0,63125.83
0.0290387000131887,63094.35,3.28,0.13590099850204426,0.014080774000263772,0.7792511845123314,0.0,63125.83
0.0292736999981571,63209.92,3.29,0.13593742349971435,0.014085473999963141,0.7794709094982769,0.0,63125.83
0.0295110000006389,63230.96,3.29,0.13597420500009902,0.014090220000012777,0.7796927850005974,0.0,63157.35
0.0297460000147112,63157.35,3.28,0.13601063000228023,0.014094920000294223,0.779912510013755,0.0,63178.36
0.029984599997988,62968.59,3.28,0.13604761299968815,0.014099691999959758,0.7801356009981187,0.0,63178.36
0.0302185000036843,63052.39,3.28,0.13608386750057105,0.014104370000073686,0.7803542975034448,0.0,63157.35
0.0304552000015974,63178.36,3.28,0.13612055600024758,0.014109104000031947,0.7805756120014935,0.0,63157.35
0.0306906000187155,63209.92,3.29,0.1361570430029009,0.01411381200037431,0.780795711017499,0.0,63157.35
0.030946600018069197,63188.88,3.28,0.13619672300280072,0.014118932000361384,0.7810350710168947,0.0,63146.84
0.0311867000127677,63094.35,3.28,0.13623393850197899,0.014123734000255354,0.7812595645119378,0.0,63146.84
0.0314283999905456,63083.86,3.28,0.13627140199853457,0.014128567999810911,0.7814855539911602,0.0,63146.84
0.0316672000044492,63157.35,3.28,0.13630841600068963,0.014133344000088983,0.78170883200416,0.0,63146.84
0.0319089000113309,63083.86,3.28,0.13634587950175628,0.014138178000226617,0.7819348215105943,0.0,63115.34
0.0321437999955379,63146.84,3.28,0.13638228899930838,0.014142875999910758,0.7821544529958279,0.0,63104.83
0.032384699996328,63178.36,3.28,0.13641962849943085,0.01414769399992656,0.7823796944965666,0.0,63104.83
0.0326228000049014,63052.39,3.28,0.13645653400075972,0.014152456000098027,0.7826023180045828,0.0,63104.83
0.0328641000087373,63104.83,3.28,0.13649393550135427,0.014157282000174746,0.7828279335081694,0.0,63104.83
0.0331042000034359,63115.34,3.28,0.13653115100053256,0.014162084000068718,0.7830524270032125,0.0,63104.83
0.0333466000156477,63104.83,3.28,0.1365687230024254,0.014166932000312953,0.7832790710146306,0.0,63104.83
0.0335870000126306,63094.35,3.28,0.13660598500195775,0.01417174000025261,0.7835038450118096,0.0,63104.83
0.0338405999937095,63010.48,3.28,0.13664529299902498,0.01417681199987419,0.7837409609941184,0.0,63104.83
0.0340739999955986,63146.84,3.28,0.13668146999931777,0.014181479999911971,0.7839591899958847,0.0,63104.83
0.0343095000134781,63157.35,3.28,0.1367179725020891,0.014186190000269562,0.784179382512602,0.0,63115.34
0.0345440999954008,63104.83,3.28,0.13675433549928712,0.014190881999908015,0.7843987334956997,0.0,63125.83
0.0347800000163261,63136.34,3.28,0.13679090000253055,0.014195600000326521,0.7846193000152649,0.0,63136.34
0.0350140999944415,63031.42,3.28,0.13682718549913844,0.01420028199988883,0.7848381834948027,0.0,63146.84
0.0352525000052993,63241.48,3.29,0.13686413750082138,0.014205050000105985,0.7850610875049548,0.0,63146.84
0.0354862000094727,63125.83,3.28,0.13690036100146827,0.014209724000189453,0.785279597008857,0.0,63146.84
0.0357560999982525,63241.48,3.29,0.13694219549972914,0.014215121999965049,0.785531953498366,0.0,63146.84
0.0359951000136789,63157.35,3.28,0.13697924050212024,0.014219902000273578,0.7857554185127897,0.0,63157.35
0.0362349000060931,63167.86,3.28,0.13701640950094443,0.014224698000121862,0.785979631505697,0.0,63167.86
0.0364708999986761,63125.83,3.28,0.1370529894997948,0.014229417999973522,0.7862002914987621,0.0,63167.86
0.036706500017317,63146.84,3.28,0.13708950750268414,0.014234130000346339,0.7864205775161913,0.0,63167.86
0.0369443999952637,63188.88,3.28,0.13712638199926586,0.014238887999905274,0.7866430139955716,0.0,63167.86
0.0371806000184734,63199.39,3.28,0.13716299300286336,0.014243612000369468,0.7868638610172726,0.0,63167.86
0.0374177999910899,63167.86,3.28,0.13719975899861894,0.014248355999821797,0.787085642991669,0.0,63188.88
0.0376528000051622,63167.86,3.28,0.13723618400080015,0.014253056000103244,0.7873053680048266,0.0,63199.39
0.0378899000061211,63230.96,3.29,0.13727293450094877,0.014257798000122422,0.7875270565057232,0.0,63199.39
0.038124999991851,63252.0,3.29,0.1373093749987369,0.01426249999983702,0.7877468749923806,0.0,63199.39
0.0383628999989014,63199.39,3.28,0.1373462494998297,0.014267257999978028,0.7879693114989728,0.0,63199.39
0.0385987999907229,63209.92,3.29,0.13738281399856206,0.014271975999814458,0.7881898779913259,0.0,63199.39
0.0388364999962505,63252.0,3.29,0.1374196574994188,0.01427672999992501,0.7884121274964941,0.0,63199.39
0.0390709000057541,63125.83,3.28,0.13745598950089188,0.014281418000115082,0.78863129150538,0.0,63199.39
0.0393083000089974,63125.83,3.28,0.1374927865013946,0.014286166000179948,0.7888532605084125,0.0,63125.83
0.0395441000000574,63125.83,3.28,0.1375293355000089,0.014290882000001148,0.7890737335000536,0.0,63125.83
0.0397805999964476,63209.92,3.29,0.13756599299944938,0.014295611999928952,0.7892948609966784,0.0,63125.83
0.0400105000007898,63073.37,3.28,0.13760168000012638,0.014299894999992102,0.7895098175007385,0.0,63125.83
0.04024699999718,63083.86,3.28,0.1376395199995488,0.0142975300000282,0.7897309449973633,0.0,63125.83
0.0404809000028763,63083.86,3.28,0.1376769440004602,0.014295190999971237,0.7899496415026893,0.0,63125.83
0.0407183000061196,63125.83,3.28,0.13771492800097912,0.014292816999938805,0.7901716105057218,0.0,63146.84
0.0409634000097867,63294.13,3.29,0.13775414400156585,0.014290365999902134,0.7904007790091505,0.0,63199.39
0.0411949999979698,63252.0,3.29,0.13779119999967515,0.014288050000020303,0.7906173249981017,0.0,63167.86
0.0414256000076421,63146.84,3.28,0.13782809600122273,0.01428574399992358,0.7908329360071453,0.0,63188.88
0.0416557000135072,63241.48,3.29,0.13786491200216114,0.014283442999864929,0.7910480795126292,0.0,63188.88
0.0419120000151452,63241.48,3.29,0.13790592000242322,0.01428087999984855,0.7912877200141607,0.0,63188.88
0.0421442000078969,63199.39,3.28,0.1379430720012635,0.014278557999921032,0.7915048270073836,0.0,63188.88
0.0423769000044559,63167.86,3.28,0.13798030400071293,0.014276230999955442,0.7917224015041662,0.0,63178.36
0.0426075000141282,63188.88,3.28,0.1380172000022605,0.014273924999858719,0.7919380125132098,0.0,63178.36
0.0428565000183881,63136.34,3.28,0.13805704000294208,0.01427143499981612,0.7921708275171928,0.0,63188.88
0.0430921000079252,63178.36,3.28,0.13809473600126804,0.014269078999920748,0.79239111350741,0.0,63188.88
0.0433298000134528,63062.88,3.28,0.13813276800215243,0.014266701999865473,0.7926133630125783,0.0,63178.36
0.0435648999991827,63136.34,3.28,0.13817038399986922,0.014264351000008174,0.7928331814992358,0.0,63178.36
0.0438029000069946,63241.48,3.29,0.13820846400111914,0.014261970999930054,0.7930557115065399,0.0,63188.88
0.0440384999965318,63199.39,3.28,0.1382461599994451,0.014259615000034682,0.7932759974967571,0.0,63188.88
0.0442754999967292,63199.39,3.28,0.13828407999947667,0.014257245000032708,0.7934975924969417,0.0,63199.39
0.0445101000077557,63146.84,3.28,0.1383216160012409,0.014254898999922444,0.7937169435072515,0.0,63199.39
0.0447483000170906,63188.88,3.28,0.1383597280027345,0.014252516999829094,0.7939396605159796,0.0,63199.39
0.044992800016189,63199.39,3.28,0.13839884800259022,0.014250071999838111,0.7941682680151366,0.0,63199.39
0.0452951000188478,63220.43,3.29,0.13844721600301566,0.014247048999811522,0.7944509185176226,0.0,63199.39
0.0455273000115995,63209.92,3.29,0.13848436800185593,0.014244726999884005,0.7946680255108455,0.0,63188.88
0.0457737999968231,63241.48,3.29,0.13852380799949168,0.01424226200003177,0.7948985029970296,0.0,63188.88
0.046009999990929,63146.84,3.28,0.13856159999854864,0.01423990000009071,0.7951193499915186,0.0,63199.39
0.0463255000067875,63136.34,3.28,0.138612080001086,0.014236744999932126,0.7954143425063462,0.0,63199.39
0.046561399998609,63157.35,3.28,0.13864982399977743,0.01423438600001391,0.7956349089986994,0.0,63199.39
0.0467988000018523,63094.35,3.28,0.13868780800029637,0.014232011999981477,0.7958568780017319,0.0,63157.35
0.0470340000174474,63199.39,3.28,0.13872544000279158,0.014229659999825527,0.7960767900163133,0.0,63157.35
0.0472712000191678,63220.43,3.29,0.13876339200306684,0.014227287999808323,0.7962985720179219,0.0,63157.35
0.0475069000094664,63199.39,3.28,0.13880110400151463,0.014224930999905336,0.796518951508851,0.0,63199.39
0.0477429000020493,63146.84,3.28,0.13883886400032788,0.014222570999979508,0.7967396115019161,0.0,63199.39
0.0479733000101988,63146.84,3.28,0.1388757280016318,0.014220266999898012,0.7969550355095358,0.0,63199.39
0.0482099000073504,63399.63,3.29,0.13891358400117607,0.014217900999926496,0.7971762565068726,0.0,63199.39
0.0484451999946032,63209.92,3.29,0.1389512319991365,0.014215548000053969,0.797396261994954,0.0,63209.92
0.048684500012314,63262.53,3.29,0.13898952000197023,0.01421315499987686,0.7976200075115135,0.0,63209.92
0.0489199000003282,63273.06,3.29,0.1390271840000525,0.014210800999996718,0.7978401065003068,0.0,63241.48
0.0491566999990028,63167.86,3.28,0.13906507199984044,0.014208433000009972,0.7980615144990676,0.0,63252.0
0.049391900014598,63115.34,3.28,0.13910270400233568,0.01420608099985402,0.7982814265136491,0.0,63252.0
0.049628800014034,63252.0,3.29,0.13914060800224543,0.014203711999859661,0.7985029280131217,0.0,63252.0
0.0498654000111856,63241.48,3.29,0.13917846400178968,0.014201345999888145,0.7987241490104585,0.0,63262.53
0.0501008999999613,63283.6,3.29,0.1392161439999938,0.014198991000000388,0.7989443414999637,0.0,63273.06
0.0503391000092961,63252.0,3.29,0.1392542560014874,0.014196608999907039,0.7991670585086919,0.0,63283.6
0.0505747999995947,63304.68,3.29,0.13929196799993515,0.014194252000004053,0.799387437999621,0.0,63304.68
0.0508254000160378,63357.4,3.29,0.13933206400256604,0.014191745999839623,0.7996217490149953,0.0,63346.84
0.051056600001175,63346.84,3.29,0.139369056000188,0.01418943399998825,0.7998379210010986,0.0,63346.84
0.0512886999931652,63431.32,3.29,0.13940619199890644,0.014187113000068348,0.8000549344936094,0.0,63357.4
0.051518499996746,63420.74,3.29,0.13944295999947937,0.01418481500003254,0.8002697974969575,0.0,63389.06
0.051750999991782,63346.84,3.29,0.13948015999868513,0.01418249000008218,0.8004871849923162,0.0,63420.74
0.0519810999976471,63420.74,3.29,0.13951697599962354,0.014180189000023529,0.8007023284978,0.0,63420.74
0.0522123000118882,63389.06,3.29,0.13955396800190212,0.014177876999881118,0.8009185005111155,0.0,63431.32
0.0524432999955025,63473.6,3.29,0.13959092799928038,0.014175567000044976,0.8011344854957948,0.0,63441.88
0.0526759999920614,63515.92,3.29,0.13962815999872982,0.014173240000079386,0.8013520599925774,0.0,63473.6
0.0529056999948807,63526.51,3.29,0.1396649119991809,0.014170943000051194,0.8015668294952134,0.0,63484.17
0.0531370000098832,63484.17,3.29,0.1397019200015813,0.014168629999901169,0.8017830950092407,0.0,63484.17
0.0533658000058495,63558.28,3.29,0.13973852800093592,0.014166341999941505,0.8019970230054693,0.0,63515.92
0.0535974999947939,63441.88,3.29,0.13977559999916703,0.014164025000052061,0.8022136624951323,0.0,63526.51
0.0538272999983747,63537.09,3.29,0.13981236799973995,0.014161727000016253,0.8024285254984803,0.0,63526.51
0.0540566999989096,63526.51,3.29,0.13984907199982555,0.014159433000010904,0.8026430144989805,0.0,63526.51
0.0542883000161965,63357.4,3.29,0.13988612800259143,0.014157116999838036,0.8028595605151437,0.0,63526.51
0.0545187999960035,63526.51,3.29,0.13992300799936055,0.014154812000039966,0.8030750779962632,0.0,63537.09
0.0547510000178591,63558.28,3.29,0.13996016000285746,0.014152489999821409,0.8032921850166982,0.0,63526.51
0.0549803000176326,63537.09,3.29,0.13999684800282122,0.014150196999823674,0.8035065805164865,0.0,63526.51
0.0552109999989625,63505.34,3.29,0.140033759999834,0.014147890000010375,0.8037222849990299,0.0,63526.51
0.0554405000002589,63547.69,3.29,0.14007048000004144,0.01414559499999741,0.8039368675002421,0.0,63505.34
0.0556668000062928,63600.69,3.29,0.14010668800100684,0.014143331999937073,0.8041484580058837,0.0,63505.34
0.055895800003782,63484.17,3.29,0.1401433280006051,0.01414104199996218,0.8043625730035362,0.0,63494.75
0.0561730000190437,63463.02,3.29,0.140187680003047,0.014138269999809563,0.8046217550178059,0.0,63494.75
0.0564382000011392,63494.75,3.29,0.14023011200018226,0.014135617999988609,0.8048697170010651,0.0,63494.75
0.0566706999961753,63463.02,3.29,0.14026731199938805,0.014133293000038247,0.8050871044964238,0.0,63494.75
0.057136100018397,63452.46,3.29,0.1403417760029435,0.014128638999816031,0.8055222535172012,0.0,63484.17
0.0576194000022952,63357.4,3.29,0.14041910400036722,0.014123805999977049,0.805974139002146,0.0,63484.17
0.0581797999911942,63494.75,3.29,0.14050876799859108,0.014118202000088058,0.8064981129917665,0.0,63494.75
0.0585491000092589,63515.92,3.29,0.14056785600148142,0.014114508999907412,0.8068434085086571,0.0,63494.75
0.0588074999977835,63611.28,3.29,0.14060919999964536,0.014111925000022165,0.8070850124979275,0.0,63473.6
0.059051999996882,63431.32,3.29,0.14064831999950111,0.01410948000003118,0.8073136199970846,0.0,63473.6
0.0592910000123084,63515.92,3.29,0.14068656000196936,0.014107089999876915,0.8075370850115083,0.0,63473.6
0.0595306000031997,63537.09,3.29,0.14072489600051194,0.014104693999968004,0.8077611110029917,0.0,63494.75
0.0597691000148189,63473.6,3.29,0.14076305600237102,0.014102308999851812,0.8079841085138556,0.0,63473.6
0.0600043000013102,63389.06,3.29,0.14080070950021617,0.014100172000052405,0.8082041065012512,0.0,63473.6
0.0602432000159752,63463.02,3.29,0.1408401280026359,0.014109728000639005,0.8084322560152563,0.0,63473.6
0.0604928999964614,63431.32,3.29,0.14088132849941612,0.014119715999858454,0.8086707194966206,0.0,63473.6
0.0607361000147649,63515.92,3.29,0.1409214565024362,0.014129444000590593,0.8089029755141005,0.0,63473.6
0.0609774999902584,63346.84,3.29,0.14096128749839262,0.014139099999610334,0.8091335124906968,0.0,63473.6
0.0612213000131306,63547.69,3.29,0.14100151450216655,0.014148852000525222,0.8093663415125397,0.0,63473.6
0.0614609000040219,63473.6,3.29,0.14104104850066362,0.014158436000160873,0.8095951595038409,0.0,63494.75
0.0617040999932215,63494.75,3.29,0.14108117649888155,0.014168163999728858,0.8098274154935265,0.0,63515.92
0.061944300017785295,63600.69,3.29,0.14112080950293457,0.01417777200071141,0.810056806516985,0.0,63515.92
0.0621874000062235,63781.29,3.3,0.14116092100102687,0.014187496000248937,0.8102889670059434,0.0,63494.75
0.0624289000115823,63367.95,3.29,0.14120076850191107,0.01419715600046329,0.8105195995110611,0.0,63494.75
0.0626727000053507,63547.69,3.29,0.14124099550088287,0.014206908000214026,0.8107524285051099,0.0,63494.75
0.0629135000053794,63547.69,3.29,0.1412807275008876,0.014216540000215173,0.8109823925051373,0.0,63494.75
0.0631591000128538,63494.75,3.29,0.14132125150212088,0.01422636400051415,0.8112169405122753,0.0,63494.75
0.0634018999990076,63452.46,3.29,0.14136131349983624,0.014236075999960301,0.8114488144990523,0.0,63463.02
0.0636441000096966,63494.75,3.29,0.14140127650159995,0.014245764000387861,0.8116801155092602,0.0,63463.02
0.0638840000028722,63463.02,3.29,0.1414408600004739,0.014255360000114885,0.8119092200027429,0.0,63484.17
0.0641272999928333,63441.88,3.29,0.14148100449881748,0.01426509199971333,0.8121415714931558,0.0,63484.17
0.0643674000166357,63463.02,3.29,0.1415206210027449,0.014274696000665426,0.8123708670158871,0.0,63484.17
0.0646488000056707,63463.02,3.29,0.14156705200093567,0.014285952000226827,0.8126396040054155,0.0,63484.17
0.064894600014668,63484.17,3.29,0.14160760900242023,0.014295784000586717,0.812874343014008,0.0,63484.17
0.0651383000076749,63526.51,3.29,0.14164781950126637,0.014305532000306993,0.8131070765073295,0.0,63463.02
0.0653796000115108,63515.92,3.29,0.1416876340018993,0.01431518400046043,0.8133375180109927,0.0,63463.02
0.0656225999991876,63526.51,3.29,0.14172772899986597,0.014324903999967501,0.8135695829992241,0.0,63463.02
0.0658744999964256,63547.69,3.29,0.14176929249941023,0.014334979999857021,0.8138101474965864,0.0,63484.17
0.0661964000028093,63410.18,3.29,0.14182240600046353,0.01434785600011237,0.8141175620026828,0.0,63484.17
0.0664275000162889,63431.32,3.29,0.14186053750268768,0.014357100000651553,0.8143382625155559,0.0,63431.32
0.0666607000166551,63346.84,3.29,0.14189901550274808,0.014366428000666202,0.8145609685159056,0.0,63420.74
0.0668911999964621,63420.74,3.29,0.14193704799941625,0.01437564799985848,0.8147810959966213,0.0,63410.18
0.0671239999937825,63494.75,3.29,0.14197545999897412,0.014384959999751298,0.8150034199940622,0.0,63410.18
0.0673554000095465,63389.06,3.29,0.14201364100157518,0.014394216000381857,0.8152244070091169,0.0,63410.18
0.067588000005344,63315.21,3.29,0.14205202000088177,0.014403520000213757,0.8154465400051035,0.0,63389.06
0.0678185000142549,63378.51,3.29,0.14209005250235207,0.014412740000570193,0.8156666675136134,0.0,63389.06
0.0680514000123367,63389.06,3.29,0.14212848100203554,0.014422056000493465,0.8158890870117815,0.0,63420.74
0.0682817999913823,63515.92,3.29,0.14216649699857808,0.01443127199965529,0.8161091189917701,0.0,63389.06
0.0685139000124764,63664.34,3.29,0.1422047935020586,0.014440556000499052,0.8163307745119149,0.0,63389.06
0.0687462000059896,63336.3,3.29,0.1422431230009883,0.014449848000239582,0.81655262100572,0.0,63399.63
0.0689786000002642,63431.32,3.29,0.1422814690000436,0.014459144000010566,0.8167745630002523,0.0,63399.63
0.0692092000099365,63441.88,3.29,0.14231951800163953,0.014468368000397457,0.8169947860094893,0.0,63399.63
0.0694395000173245,63378.51,3.29,0.14235751750285855,0.014477580000692977,0.8172147225165449,0.0,63399.63
0.0697375000163448,63431.32,3.29,0.1424066875026969,0.014489500000653788,0.8174993125156093,0.0,63389.06
0.0699767000041902,63399.63,3.29,0.14244615550069137,0.014499068000167606,0.8177277485040017,0.0,63389.06
0.0702082999923733,63367.95,3.29,0.1424843694987416,0.014508331999694929,0.8179489264927164,0.0,63399.63
0.0704367000143975,63357.4,3.29,0.1425220555023756,0.014517468000575897,0.8181670485137496,0.0,63399.63
0.0706865999964066,63389.06,3.29,0.1425632889994071,0.014527463999856261,0.8184057029965682,0.0,63399.63
0.0709165000007488,63357.4,3.29,0.14260122250012355,0.01453666000002995,0.818625257500715,0.0,63399.63
0.0711478000157513,63420.74,3.29,0.14263938700259896,0.01454591200063005,0.8188461490150425,0.0,63399.63
0.0713763000094332,63399.63,3.29,0.14267708950155647,0.014555052000377326,0.8190643665090087,0.0,63420.74
0.0716060000122525,63526.51,3.29,0.14271499000202165,0.014564240000490097,0.8192837300117011,0.0,63441.88
0.0718340000021272,63505.34,3.29,0.14275261000035097,0.014573360000085085,0.8195014700020314,0.0,63452.46
0.0720629999996163,63558.28,3.29,0.14279039499993668,0.01458251999998465,0.8197201649996335,0.0,63452.46
0.0722894000064116,63452.46,3.29,0.1428277510010579,0.014591576000256462,0.8199363770061231,0.0,63452.46
0.0725131999934093,63441.88,3.29,0.14286467799891253,0.014600527999736369,0.8201501059937059,0.0,63452.46
0.0727398000017275,63494.75,3.29,0.14290206700028504,0.014609592000069097,0.8203665090016498,0.0,63452.46
0.0729670000146144,63463.02,3.29,0.14293955500241137,0.014618680000584573,0.8205834850139567,0.0,63452.46
0.0731936999945902,63389.06,3.29,0.14297696049910738,0.014627747999783605,0.8207999834948336,0.0,63452.46
0.0734201000013855,63431.32,3.29,0.1430143165002286,0.014636804000055417,0.8210161955013231,0.0,63452.46
0.0736481999920216,63399.63,3.29,0.14305195299868356,0.014645927999680862,0.8212340309923806,0.0,63452.46
0.0738758000079543,63452.46,3.29,0.14308950700131245,0.01465503200031817,0.8214513890075963,0.0,63452.46
0.074103599996306,63463.02,3.29,0.1431270939993905,0.014664143999852237,0.8216689379964722,0.0,63452.46
0.0743303000053857,63452.46,3.29,0.14316449950088864,0.014673212000215425,0.8218854365051433,0.0,63452.46
0.0745591000013519,63547.69,3.29,0.14320225150022306,0.014682364000054073,0.822103940501291,0.0,63452.46
0.0747868000180461,63484.17,3.29,0.1432398220029776,0.014691472000721842,0.822321394017234,0.0,63452.46
0.0750283999950625,63452.46,3.29,0.1432796859991853,0.014701135999802497,0.8225521219952847,0.0,63452.46
0.0752563000132796,63410.18,3.29,0.14331728950219114,0.014710252000531181,0.822769766512682,0.0,63452.46
0.0754845000046771,63399.63,3.29,0.14335494250077171,0.014719380000187082,0.8229876975044667,0.0,63431.32
0.0757116000168026,63568.87,3.29,0.14339241400277242,0.014728464000672101,0.8232045780160464,0.0,63431.32
0.0759397000074387,63410.18,3.29,0.14343005050122737,0.014737588000297546,0.8234224135071039,0.0,63410.18
0.0762641000037548,63367.95,3.29,0.14348357650061955,0.01475056400015019,0.8237322155035858,0.0,63410.18
0.0764992000185885,63431.32,3.29,0.14352236800306709,0.014759968000743537,0.823956736017752,0.0,63410.18
0.0767324999906123,63357.4,3.29,0.14356086249845101,0.014769299999624489,0.8241795374910347,0.0,63431.32
0.0769615000172053,63463.02,3.29,0.14359864750283888,0.014778460000688208,0.8243982325164311,0.0,63431.32
0.0771897000086029,63378.51,3.29,0.14363630050141948,0.014787588000344113,0.8246161635082158,0.0,63431.32
0.0774180000007619,63484.17,3.29,0.14367397000012572,0.014796720000030473,0.8248341900007276,0.0,63431.32
0.0776478000043426,63473.6,3.29,0.14371188700071652,0.0148059120001737,0.8250536490041471,0.0,63463.02
0.0778752000187524,63685.59,3.29,0.14374940800309413,0.014815008000750094,0.8252708160179085,0.0,63463.02
0.078105599997798,63325.76,3.29,0.14378742399963668,0.014824223999911916,0.8254908479978971,0.0,63463.02
0.078333700017538,63431.32,3.29,0.14382506050289376,0.014833348000701517,0.8257086835167488,0.0,63473.6
0.07856389999506071,63547.69,3.29,0.14386304349918502,0.014842555999802425,0.825928524495283,0.0,63473.6
0.078792300017085,63505.34,3.29,0.143900729502819,0.014851692000683397,0.8261466465163161,0.0,63431.32
0.0790214000153356,63431.32,3.29,0.14393853100253037,0.014860856000613421,0.8263654370146455,0.0,63431.32
0.0792500000097789,63431.32,3.29,0.14397625000161351,0.014870000000391154,0.8265837500093388,0.0,63431.32
0.0794800000148826,63473.6,3.29,0.14401420000245563,0.014879200000595302,0.8268034000142128,0.0,63431.32
0.079708400007803,63420.74,3.29,0.1440518860012875,0.014888336000312117,0.8270215220074518,0.0,63431.32
0.0799386000144296,63389.06,3.29,0.14408986900238088,0.014897544000577181,0.8272413630137803,0.0,63431.32
0.0801615999953356,63473.6,3.29,0.14412747199920706,0.014906463999813421,0.8274624079953122,0.0,63431.32
0.0803885000059382,63420.74,3.29,0.1441660450010095,0.014915540000237525,0.8276904425059679,0.0,63431.32
0.0806174000026659,63378.51,3.29,0.1442049580004532,0.014924696000106633,0.8279204870026792,0.0,63463.02
0.0808445000147913,63515.92,3.29,0.1442435650025145,0.014933780000591649,0.8281487225148653,0.0,63441.88
0.0810744000191335,63463.02,3.29,0.1442826480032527,0.014942976000765338,0.8283797720192292,0.0,63441.88
0.0813020000059624,63325.76,3.29,0.1443213400010136,0.014952080000238493,0.8286085100059922,0.0,63441.88
0.081531100004213,63621.9,3.29,0.1443602870007162,0.014961244000168517,0.828838755504234,0.0,63441.88
0.0817587999918033,63505.34,3.29,0.14439899599860656,0.01497035199967213,0.8290675939917623,0.0,63463.02
0.081988599995384,63441.88,3.29,0.14443806199921527,0.014979543999815357,0.8292985429953609,0.0,63494.75
0.0822165000136011,63431.32,3.29,0.1444768050023122,0.014988660000544041,0.8295275825136691,0.0,63473.6
0.0824453000095673,63389.06,3.29,0.14451570100162645,0.01499781200038269,0.8297575265096151,0.0,63473.6
0.0826723999925889,63515.92,3.29,0.1445543079987401,0.015006895999703552,0.8299857619925518,0.0,63473.6
0.0829016999923624,63494.75,3.29,0.1445932889987016,0.015016067999694493,0.8302162084923241,0.0,63452.46
0.0831301000143867,63515.92,3.29,0.14463211700244574,0.015025204000575465,0.8304457505144586,0.0,63452.46
0.0833592000126373,63473.6,3.29,0.14467106400214833,0.015034368000505489,0.8306759960127005,0.0,63473.6
0.0835875000047964,63410.18,3.29,0.1447098750008154,0.015043500000191853,0.8309054375048204,0.0,63494.75
0.083815499994671,63420.74,3.29,0.14474863499909407,0.015052619999786836,0.8311345774946444,0.0,63494.75
0.0840462000051048,63452.46,3.29,0.1447878540008678,0.015061848000204188,0.8313664310051303,0.0,63473.6
0.0842743999965024,63558.28,3.29,0.1448266479994054,0.015070975999860093,0.8315957719964848,0.0,63452.46
0.0845039999985602,63494.75,3.29,0.14486567999975522,0.015080159999942404,0.831826519998553,0.0,63420.74
0.084732699993765,63537.09,3.29,0.14490455899894003,0.015089307999750596,0.8320563634937338,0.0,63420.74
0.084963000001153,63304.68,3.29,0.144943710000196,0.015098520000046117,0.8322878150011588,0.0,63420.74
0.0851915999955964,63399.63,3.29,0.14498257199925138,0.015107663999823853,0.8325175579955744,0.0,63452.46
0.0854209999961313,63399.63,3.29,0.14502156999934232,0.015116839999845248,0.832748104996112,0.0,63452.46
0.085648600012064,63410.18,3.29,0.14506026200205085,0.015125944000482557,0.8329768430121243,0.0,63410.18
0.0859067999990657,63463.02,3.29,0.14510415599984117,0.015136271999962625,0.8332363339990609,0.0,63410.18
0.086149500013562,63209.92,3.29,0.14514541500230552,0.015145980000542477,0.8334802475136298,0.0,63399.63
0.0863795000186656,63452.46,3.29,0.14518451500317314,0.01515518000074662,0.8337113975187589,0.0,63410.18
0.0866077000100632,63494.75,3.29,0.14522330900171074,0.015164308000402525,0.8339407385101135,0.0,63410.18
0.0868372000113596,63378.51,3.29,0.14526232400193112,0.01517348800045438,0.8341713860114164,0.0,63410.18
0.0870659000065644,63452.46,3.29,0.14530120300111593,0.015182636000262572,0.8344012295065972,0.0,63410.18
0.0872945000010077,63367.95,3.29,0.1453400650001713,0.015191780000040305,0.8346309725010127,0.0,63410.18
0.0875229999946896,63410.18,3.29,0.14537890999909722,0.015200919999787581,0.834860614994663,0.0,63410.18
0.087745900003938,63431.32,3.29,0.14541680300066945,0.015209836000157517,0.8350846295039577,0.0,63410.18
0.0879746999999043,63410.18,3.29,0.14545569899998373,0.015218987999996169,0.8353145734999038,0.0,63410.18
0.0882015000097454,63325.76,3.29,0.1454942550016567,0.015228060000389813,0.8355425075097941,0.0,63431.32
0.0884300000034273,63463.02,3.29,0.14553310000058262,0.015237200000137088,0.8357721500034444,0.0,63410.18
0.0886566000117455,63410.18,3.29,0.14557162200199672,0.015246264000469816,0.8359998830118042,0.0,63431.32
0.0888851000054274,63441.88,3.29,0.14561046700092264,0.015255404000217092,0.8362295255054545,0.0,63431.32
0.0891119000152685,63441.88,3.29,0.14564902300259563,0.015264476000610736,0.8364574595153448,0.0,63431.32
0.0893406000104733,63431.32,3.29,0.14568790200178044,0.015273624000418928,0.8366873030105256,0.0,63441.88
0.089568600000348,63367.95,3.29,0.14572666200005915,0.015282744000013917,0.8369164430003497,0.0,63441.88
0.0897973999963142,63441.88,3.29,0.1457655579993734,0.015291895999852563,0.8371463869962957,0.0,63441.88
0.0900254000152927,63304.68,3.29,0.14580431800259974,0.015301016000611704,0.8373755270153691,0.0,63441.88
0.0902525999990758,63494.75,3.29,0.14584294199984288,0.015310103999963028,0.8376038629990711,0.0,63441.88
0.0904815999965649,63537.09,3.29,0.14588187199941602,0.015319263999862592,0.8378340079965477,0.0,63463.02
0.0907088000094518,63420.74,3.29,0.14592049600160678,0.015328352000378069,0.838062344009499,0.0,63484.17
0.0909384000115097,63579.48,3.29,0.14595952800195663,0.015337536000460384,0.8382930920115672,0.0,63484.17
0.0911659999983386,63484.17,3.29,0.14599821999971754,0.015346639999933541,0.8385218299983302,0.0,63484.17
0.09139420001884,63463.02,3.29,0.1460370140032028,0.015355768000753596,0.8387511710189341,0.0,63484.17
0.0916217000049074,63494.75,3.29,0.14607568900083423,0.015364868000196291,0.8389798085049319,0.0,63463.02
0.09185070000239651,63515.92,3.29,0.1461146190004074,0.015374028000095857,0.8392099535024085,0.0,63441.88
0.0920839000027627,63325.76,3.29,0.14615426300046963,0.015383356000110504,0.8394443195027764,0.0,63441.88
0.0924135000095703,63378.51,3.29,0.14621029500162694,0.015396540000382809,0.8397755675096181,0.0,63441.88
0.0926425000070595,63389.06,3.29,0.1462492250012001,0.015405700000282376,0.8400057125070948,0.0,63420.74
0.0928720000083559,63441.88,3.29,0.1462882400014205,0.015414880000334232,0.8402363600083976,0.0,63420.74
0.0931013000081294,63399.63,3.29,0.14632722100138199,0.015424052000325171,0.84046680650817,0.0,63420.74
0.0933329999970738,63399.63,3.29,0.14636660999950252,0.015433319999882948,0.8406996649970592,0.0,63399.63
0.0935623999976088,63473.6,3.29,0.14640560799959348,0.015442495999904347,0.8409302119975968,0.0,63420.74
0.0937929000065197,63420.74,3.29,0.14644479300110833,0.015451716000260783,0.8411618645065523,0.0,63420.74
0.0940238000184764,63420.74,3.29,0.14648404600314097,0.015460952000739051,0.8413939190185687,0.0,63420.74
0.0942552000051365,63463.02,3.29,0.1465233840008732,0.015470208000205456,0.8416264760051622,0.0,63420.74
0.0944861000170932,63325.76,3.29,0.14656263700290584,0.015479444000683724,0.8418585305171786,0.0,63420.74
0.0947173000022304,63537.09,3.29,0.14660194100037915,0.015488692000089212,0.8420908865022415,0.0,63441.88
0.0949479000119027,63283.6,3.29,0.14664114300202344,0.015497916000476104,0.8423226395119622,0.0,63420.74
0.0951751999964472,63494.75,3.29,0.14667978399939602,0.015507007999857884,0.8425510759964294,0.0,63441.88
0.0954013000009582,63389.06,3.29,0.14671822100016288,0.015516052000038324,0.842778306500963,0.0,63441.88
0.0956291000184138,63441.88,3.29,0.14675694700313033,0.015525164000736547,0.8430072455185058,0.0,63441.88
0.0959140000049957,63473.6,3.29,0.14680538000084925,0.015536560000199824,0.8432935700050206,0.0,63441.88
0.0961432000040077,63420.74,3.29,0.14684434400068128,0.015545728000160304,0.8435239160040277,0.0,63441.88
0.0963727000053041,63484.17,3.29,0.1468833590009017,0.01555490800021216,0.8437545635053306,0.0,63441.88
0.0966006999951788,63389.06,3.29,0.14692211899918037,0.015564027999807148,0.8439837034951546,0.0,63441.88
0.0968303999979981,63441.88,3.29,0.14696116799965966,0.015573215999919919,0.844214551997988,0.0,63452.46
0.0970594999962487,63420.74,3.29,0.14700011499936225,0.015582379999849943,0.8444447974962299,0.0,63473.6
0.0972886999952607,63526.51,3.29,0.1470390789991943,0.015591547999810423,0.844675143495237,0.0,63452.46
0.0975163000111934,63452.46,3.29,0.14707777100190286,0.015600652000447732,0.8449038815112493,0.0,63473.6
0.0977471999940463,63696.22,3.29,0.14711702399898785,0.015609887999761847,0.8451359359940165,0.0,63463.02
0.0979746000084561,63473.6,3.29,0.14715568200143753,0.015618984000338239,0.8453644730084984,0.0,63463.02
0.0982029000006151,63494.75,3.29,0.14719449300010454,0.0156281160000246,0.8455939145006182,0.0,63463.02
0.0984327000041958,63441.88,3.29,0.14723355900071328,0.015637308000167827,0.8458248635042167,0.0,63463.02
0.0986610999971163,63515.92,3.29,0.14727238699950976,0.015646443999884647,0.8460544054971019,0.0,63452.46
0.0988903999968898,63463.02,3.29,0.14731136799947125,0.015655615999875586,0.8462848519968742,0.0,63452.46
0.0991191999928561,63346.84,3.29,0.1473502639987855,0.015664767999714238,0.8465147959928203,0.0,63441.88
0.0993481000186876,63410.18,3.29,0.14738917700317686,0.015673924000747498,0.846744840518781,0.0,63441.88
0.0995761000085622,63420.74,3.29,0.14742793700145554,0.015683044000342483,0.846973980508605,0.0,63420.74
0.0998054000083357,63452.46,3.29,0.14746691800141704,0.015692216000333423,0.8472044270083773,0.0,63420.74
0.1000335999997333,63420.74,3.29,0.14750604799995198,0.01569916000000667,0.8474354479997186,0.0,63420.74
0.1002622999949381,63441.88,3.29,0.14754721399908882,0.01569344250012655,0.8476767264946596,0.0,63420.74
0.1004898000101094,63346.84,3.29,0.14758816400181968,0.015687754999747266,0.8479167390106653,0.0,63420.74
0.1007195000129287,63378.51,3.29,0.14762951000232716,0.015682012499676785,0.8481590725136398,0.0,63420.74
0.100947200000519,63441.88,3.29,0.1476704960000934,0.015676319999987025,0.8483992960005475,0.0,63420.74
0.1011748000164517,63473.6,3.29,0.14771146400296128,0.01567062999958871,0.8486394140173565,0.0,63420.74
0.1014039000147023,63378.51,3.29,0.1477527020026464,0.015664902499632444,0.8488811145155108,0.0,63431.32
0.101631700003054,63399.63,3.29,0.1477937060005497,0.01565920749992365,0.8491214435032219,0.0,63431.32
0.1018602999974974,63484.17,3.29,0.14783485399954951,0.015653492500062566,0.8493626164973597,0.0,63431.32
0.10208889999194071,63399.63,3.29,0.1478760019985493,0.015647777500201483,0.8496037894914974,0.0,63431.32
0.1023176000162494,63537.09,3.29,0.14791716800292487,0.015642059999593765,0.8498450680171431,0.0,63431.32
0.1025453000038397,63431.32,3.29,0.14795815400069112,0.01563636749990401,0.8500852915040509,0.0,63431.32
0.102774099999806,63431.32,3.29,0.14799933799996506,0.01563064750000485,0.8503266754997952,0.0,63431.32
0.1029974000121002,63494.75,3.29,0.148039532002178,0.015625064999697496,0.8505622570127657,0.0,63441.88
0.1032263000088279,63431.32,3.29,0.148080734001589,0.015619342499779303,0.8508037465093135,0.0,63441.88
0.1034538999956567,63378.51,3.29,0.14812170199921817,0.015613652500108583,0.8510438644954178,0.0,63441.88
0.1036829999939073,63441.88,3.29,0.1481629399989033,0.015607925000152317,0.8512855649935722,0.0,63431.32
0.1039498000172899,63441.88,3.29,0.14821096400311218,0.015601254999567753,0.8515670390182408,0.0,63431.32
0.1041796999925282,63463.02,3.29,0.14825234599865506,0.015595507500186796,0.8518095834921172,0.0,63431.32
0.1044090999930632,63441.88,3.29,0.14829363799875137,0.01558977250017342,0.8520516004926817,0.0,63431.32
0.104636500007473,63336.3,3.29,0.14833457000134512,0.015584087499813175,0.852291507507884,0.0,63431.32
0.1048643999965862,63209.92,3.29,0.1483755919993855,0.015578390000085346,0.8525319419963984,0.0,63431.32
0.1050919000117574,63389.06,3.29,0.14841654200211632,0.015572702499706065,0.8527719545124041,0.0,63431.32
0.1053360000078101,63378.51,3.29,0.1484604800014058,0.015566599999804748,0.8530294800082396,0.0,63431.32
0.1055636999954004,63431.32,3.29,0.14850146599917205,0.01556090750011499,0.8532697034951474,0.0,63420.74
0.1058959999936633,63760.01,3.29,0.14856127999885937,0.015552600000158418,0.8536202799933148,0.0,63420.74
0.1061242000141647,63420.74,3.29,0.14860235600254965,0.015546894999645884,0.8538610310149437,0.0,63420.74
0.1063524000055623,63505.34,3.29,0.1486434320010012,0.015541189999860943,0.8541017820058682,0.0,63420.74
0.1065800999931526,63441.88,3.29,0.14868441799876744,0.015535497500171186,0.854342005492776,0.0,63420.74
0.1068086000159383,63420.74,3.29,0.14872554800286888,0.015529784999601544,0.8545830730168149,0.0,63420.74
0.1070370000088588,63399.63,3.29,0.14876666000159458,0.015524074999778531,0.854824035009346,0.0,63399.63
0.1072671000147239,63315.21,3.29,0.14880807800265028,0.015518322499631903,0.8550667905155337,0.0,63399.63
0.1074942999985069,63399.63,3.29,0.14884897399973124,0.015512642500037328,0.8553064864984248,0.0,63399.63
0.107722599990666,63389.06,3.29,0.14889006799831986,0.015506935000233351,0.8555473429901526,0.0,63399.63
0.1079511000134517,63378.51,3.29,0.1489311980024213,0.015501222499663708,0.8557884105141915,0.0,63399.63
0.1081800000101794,63294.13,3.29,0.1489724000018323,0.015495499999745515,0.8560299000107393,0.0,63389.06
0.1084081000008155,63283.6,3.29,0.1490134580001468,0.015489797499979613,0.8562705455008603,0.0,63389.06
0.1087014999939129,63410.18,3.29,0.14906626999890432,0.015482462500152177,0.8565800824935781,0.0,63399.63
0.1089767999947071,63399.63,3.29,0.14911582399904727,0.015475580000132324,0.856870523994416,0.0,63389.06
0.1092059999937192,63463.02,3.29,0.14915707999886946,0.01546985000015702,0.8571123299933737,0.0,63399.63
0.1094339000119362,63389.06,3.29,0.1491981020021485,0.015464152499701596,0.8573527645125927,0.0,63399.63
0.1096634000132326,63431.32,3.29,0.14923941200238186,0.015458414999669184,0.8575948870139604,0.0,63399.63
0.1098913000023459,63399.63,3.29,0.14928043400042226,0.015452717499941353,0.8578353215024749,0.0,63399.63
0.1101187000167557,63389.06,3.29,0.14932136600301602,0.015447032499581109,0.8580752285176773,0.0,63389.06
0.1103477000142448,63399.63,3.29,0.14936258600256405,0.01544130749964388,0.8583168235150282,0.0,63389.06
0.1105741999926977,63336.3,3.29,0.1494033559986856,0.015435645000182558,0.8585557809922961,0.0,63389.06
0.1107990000164137,63367.95,3.29,0.14944382000295447,0.015430024999589658,0.8587929450173165,0.0,63389.06
0.1110272000078112,63336.3,3.29,0.14948489600140602,0.01542431999980472,0.8590336960082409,0.0,63389.06
0.1112565000075847,63357.4,3.29,0.14952617000136526,0.015418587499810383,0.8592756075080019,0.0,63389.06
0.1114838999928907,63399.63,3.29,0.1495671019987203,0.015412902500177733,0.8595155144924997,0.0,63367.95
0.11171359999571,63494.75,3.29,0.1496084479992278,0.01540716000010725,0.8597578479954741,0.0,63357.4
0.1119420000177343,63315.21,3.29,0.14964956000319218,0.015401449999556643,0.8599988100187097,0.0,63357.4
0.1121707000129391,63441.88,3.29,0.14969072600232905,0.015395732499676523,0.8602400885136507,0.0,63357.4
0.1123986000020523,63431.32,3.29,0.14973174800036942,0.015390034999948692,0.8604805230021652,0.0,63399.63
0.1126280000025873,63336.3,3.29,0.1497730400004657,0.015384299999935317,0.8607225400027296,0.0,63399.63
0.1128553000162356,63304.68,3.29,0.1498139540029224,0.01537861749959411,0.8609623415171286,0.0,63399.63
0.1130829000030645,63273.06,3.29,0.14985492200055162,0.015372927499923387,0.861202459503233,0.0,63357.4
0.1133125000051223,63399.63,3.29,0.14989625000092202,0.015367187499871943,0.861444687505404,0.0,63399.63
0.1135396000172478,63399.63,3.29,0.1499371280031046,0.015361509999568805,0.8616842780181965,0.0,63399.63
0.1137678000086453,63410.18,3.29,0.14997820400155615,0.015355804999783867,0.8619250290091208,0.0,63357.4
0.1139946000184864,63336.3,3.29,0.15001902800332756,0.015350134999537841,0.8621643030195032,0.0,63399.63
0.1142240000190214,63357.4,3.29,0.15006032000342384,0.015344399999524465,0.8624063200200676,0.0,63399.63
0.1144521000096575,63452.46,3.29,0.15010137800173834,0.015338697499758563,0.8626469655101887,0.0,63399.63
0.1146810000063852,63441.88,3.29,0.15014258000114933,0.01533297499984037,0.8628884550067364,0.0,63399.63
0.114908799994737,63346.84,3.29,0.15018358399905266,0.015327280000131576,0.8631287839944476,0.0,63399.63
0.1151376999914647,63463.02,3.29,0.15022478599846364,0.015321557500213382,0.8633702734909953,0.0,63378.51
0.1153663000150118,63484.17,3.29,0.15026593400270213,0.015315842499624706,0.8636114465158374,0.0,63378.51
0.1155968999955804,63399.63,3.29,0.15030744199920448,0.01531007750011049,0.8638547294953374,0.0,63389.06
0.1158903000177816,63378.51,3.29,0.1503602540032007,0.01530274249955546,0.8641642665187597,0.0,63378.51
0.116119800019078,63378.51,3.29,0.15040156400343405,0.01529700499952305,0.8644063890201273,0.0,63378.51
0.1163475000066683,63252.0,3.29,0.1504425500012003,0.015291312499833292,0.8646466125070351,0.0,63378.51
0.1165748999919743,63357.4,3.29,0.15048348199855538,0.015285627500200643,0.864886519491533,0.0,63378.51
0.1168040000193287,63389.06,3.29,0.15052472000347916,0.015279899999516783,0.8651282200203918,0.0,63378.51
0.1170321000099648,63294.13,3.29,0.15056577800179366,0.01527419749975088,0.865368865510513,0.0,63367.95
0.1172607000044082,63336.3,3.29,0.15060692600079348,0.015268482499889794,0.8656100385046507,0.0,63367.95
0.117488100018818,63420.74,3.29,0.15064785800338726,0.01526279749952955,0.8658499455198531,0.0,63367.95
0.1177168000140228,63336.3,3.29,0.15068902400252412,0.01525707999964943,0.8660912240147941,0.0,63367.95
0.1179449000046589,63463.02,3.29,0.15073008200083862,0.015251377499883527,0.8663318695049151,0.0,63378.51
0.118173900002148,63367.95,3.29,0.15077130200038666,0.0152456524999463,0.8665734645022661,0.0,63378.51
0.1183965000091121,63431.32,3.29,0.1508113700016402,0.015240087499772197,0.8668083075096134,0.0,63378.51
0.1186247000005097,63378.51,3.29,0.15085244600009176,0.015234382499987258,0.8670490585005378,0.0,63378.51
0.1188516000111122,63357.4,3.29,0.1508932880020002,0.015228709999722196,0.8672884380117234,0.0,63367.95
0.1190801000047941,63378.51,3.29,0.15093441800086296,0.015222997499880148,0.8675295055050578,0.0,63367.95
0.119308599998476,63484.17,3.29,0.15097554799972568,0.0152172850000381,0.8677705729983922,0.0,63367.95
0.1195769000041765,63336.3,3.29,0.15102384200075178,0.015210577499895588,0.8680536295044062,0.0,63378.51
0.1198098000022583,63367.95,3.29,0.1510657640004065,0.015204754999943542,0.8682993390023825,0.0,63367.95
0.1200391000020318,63304.68,3.29,0.15110703800036573,0.015203128000162545,0.8685418370021741,0.0,63357.4
0.1202696000109427,63294.13,3.29,0.1511485280019697,0.015221568000875416,0.8687884720117087,0.0,63367.95
0.120498400006909,63431.32,3.29,0.15118971200124362,0.01523987200055272,0.8690332880073927,0.0,63367.95
0.1207302999973763,63389.06,3.29,0.15123145399952775,0.015258423999790105,0.8692814209971927,0.0,63367.95
0.1209586999902968,63357.4,3.29,0.15127256599825345,0.015276695999223745,0.8695258089896176,0.0,63367.95
0.1211880999908317,63357.4,3.29,0.15131385799834973,0.015295047999266537,0.86977126699019,0.0,63367.95
0.1214160000090488,63367.95,3.29,0.1513548800016288,0.015313280000723904,0.8700151200096823,0.0,63367.95
0.1216454000095837,63399.63,3.29,0.1513961720017251,0.015331632000766695,0.8702605780102546,0.0,63378.51
0.121873099997174,63378.51,3.29,0.15143715799949134,0.01534984799977392,0.8705042169969762,0.0,63378.51
0.1221013000176754,63526.51,3.29,0.15147823400318158,0.015368104001414033,0.8707483910189128,0.0,63367.95
0.1223288000037428,63273.06,3.29,0.1515191840006737,0.015386304000299424,0.8709918160040049,0.0,63378.51
0.1225570999959018,63357.4,3.29,0.15156027799926233,0.015404567999672143,0.871236096995615,0.0,63378.51
0.1227841000072658,63378.51,3.29,0.15160113800130787,0.015422728000581264,0.8714789870077745,0.0,63378.51
0.1230127000017092,63399.63,3.29,0.15164228600030766,0.015441016000136736,0.8717235890018289,0.0,63378.51
0.1232407999923453,63315.21,3.29,0.15168334399862216,0.015459263999387624,0.8719676559918095,0.0,63357.4
0.1234687000105624,63420.74,3.29,0.15172436600190126,0.015477496000844991,0.8722115090113018,0.0,63357.4
0.1236965999996756,63463.02,3.29,0.15176538799994163,0.015495727999974047,0.8724553619996529,0.0,63357.4
0.1239240000140854,63357.4,3.29,0.15180632000253538,0.015513920001126832,0.8726986800150714,0.0,63357.4
0.1241522000054829,63304.68,3.29,0.15184739600098693,0.015532176000438632,0.8729428540058668,0.0,63357.4
0.1243795999907889,63357.4,3.29,0.151888327998342,0.015550367999263112,0.8731861719901441,0.0,63357.4
0.12460870001814331,63230.96,3.29,0.1519295660032658,0.015568696001451464,0.8734313090194133,0.0,63357.4
0.12483660000725649,63367.95,3.29,0.15197058800130617,0.01558692800058052,0.8736751620077645,0.0,63325.76
0.125065000000177,63357.4,3.29,0.15201170000003186,0.01560520000001416,0.8739195500001894,0.0,63315.21
0.1253883000172209,63325.76,3.29,0.15206989400309978,0.015631064001377672,0.8742654810184264,0.0,63304.68
0.1256908999930602,63252.0,3.29,0.15212436199875085,0.015655271999444817,0.8745892629925744,0.0,63283.6
0.125952900008997,63220.43,3.29,0.15217152200161946,0.01567623200071976,0.8748696030096268,0.0,63262.53
0.1261820000072476,63283.6,3.29,0.15221276000130457,0.015694560000579807,0.875114740007755,0.0,63262.53
0.1264059999957681,63315.21,3.29,0.15225307999923826,0.01571247999966145,0.8753544199954719,0.0,63252.0
0.1266344000177924,63262.53,3.29,0.15229419200320263,0.01573075200142339,0.8755988080190379,0.0,63252.0
0.1268629000114743,63230.96,3.29,0.15233532200206537,0.015749032000917942,0.8758433030122775,0.0,63252.0
0.1270915000059177,63199.39,3.28,0.1523764700010652,0.015767320000473414,0.8760879050063319,0.0,63262.53
0.1273187999904622,63209.92,3.29,0.1524173839982832,0.015785503999236974,0.8763311159897946,0.0,63262.53
0.1275472000124865,63252.0,3.29,0.1524584960022476,0.01580377600099892,0.8765755040133606,0.0,63262.53
0.1277746999985539,63262.53,3.29,0.15249944599973972,0.015821975999884313,0.8768189289984527,0.0,63252.0
0.1280034999945201,63315.21,3.29,0.15254062999901363,0.015840279999561606,0.8770637449941365,0.0,63252.0
0.1282315000134986,63346.84,3.29,0.15258167000242975,0.015858520001079887,0.8773077050144436,0.0,63252.0
0.1284591000003275,63104.83,3.28,0.15262263800005896,0.0158767280000262,0.8775512370003504,0.0,63252.0
0.1286891000054311,63294.13,3.29,0.1526640380009776,0.015895128000434487,0.8777973370058113,0.0,63262.53
0.128916300018318,63252.0,3.29,0.15270493400329724,0.01591330400146544,0.8780404410196003,0.0,63273.06
0.1291447000112385,63241.48,3.29,0.15274604600202293,0.01593157600089908,0.8782848290120252,0.0,63273.06
0.1293734000064433,63104.83,3.28,0.1527872120011598,0.015949872000515463,0.8785295380068944,0.0,63273.06
0.1296028000069783,63357.4,3.29,0.1528285040012561,0.01596822400055826,0.8787749960074668,0.0,63273.06
0.1298303999938071,63273.06,3.29,0.1528694719988853,0.015986431999504568,0.8790185279933737,0.0,63273.06
0.1300589000165929,63283.6,3.29,0.15291060200298673,0.016004712001327432,0.8792630230177544,0.0,63273.06
0.1302867000049446,63220.43,3.29,0.15295160600089003,0.016022936000395567,0.8795067690052908,0.0,63273.06
0.1305154000001494,63273.06,3.29,0.1529927720000269,0.01604123200001195,0.8797514780001598,0.0,63273.06
0.1307426000130363,63431.32,3.29,0.15303366800234655,0.016059408001042903,0.8799945820139489,0.0,63273.06
0.1309712000074797,63346.84,3.29,0.15307481600134634,0.016077696000598374,0.8802391840080033,0.0,63273.06
0.1311987999943085,63410.18,3.29,0.15311578399897555,0.016095903999544678,0.8804827159939101,0.0,63273.06
0.1314269000140485,63241.48,3.29,0.15315684200252874,0.01611415200112388,0.8807267830150319,0.0,63262.53
0.1316557000100147,63136.34,3.28,0.15319802600180266,0.016132456000801175,0.8809715990107158,0.0,63262.53
0.1318853000120726,63273.06,3.29,0.15323935400217306,0.01615082400096581,0.8812172710129177,0.0,63262.53
0.1321143000095617,63220.43,3.29,0.15328057400172113,0.016169144000764937,0.881462301010231,0.0,63241.48
0.1323424000001979,63241.48,3.29,0.15332163200003562,0.01618739200001583,0.8817063680002117,0.0,63241.48
0.1325727000075859,63262.53,3.29,0.15336308600136547,0.01620581600060687,0.8819527890081169,0.0,63241.48
0.1328000999928918,63115.34,3.28,0.15340401799872053,0.016224007999431342,0.8821961069923943,0.0,63241.48
0.1330307000025642,63389.06,3.29,0.15344552600046157,0.016242456000205133,0.8824428490027437,0.0,63252.0
0.1332591999962461,63230.96,3.29,0.15348665599932432,0.016260735999699686,0.8826873439959834,0.0,63252.0
0.1334889999998268,63252.0,3.29,0.15352801999996882,0.016279119999986144,0.8829332299998147,0.0,63252.0
0.1337166000157595,63230.96,3.29,0.15356898800283672,0.01629732800126076,0.8831767620168627,0.0,63252.0
0.1339411000080873,63294.13,3.29,0.1536093980014557,0.016315288000646983,0.8834169770086534,0.0,63230.96
0.1341686999949161,63304.68,3.29,0.1536503659990849,0.016333495999593287,0.8836605089945603,0.0,63252.0
0.1343966000131332,63252.0,3.29,0.15369138800236398,0.016351728001050655,0.8839043620140525,0.0,63252.0
0.1346251000068151,63136.34,3.28,0.15373251800122673,0.016370008000545208,0.8841488570072922,0.0,63252.0
0.1348522000189405,63157.35,3.28,0.15377339600340928,0.016388176001515237,0.8843918540202663,0.0,63230.96
0.1350799000065309,63178.36,3.28,0.15381438200117556,0.01640639200052247,0.8846354930069881,0.0,63230.96
0.1353070000186563,63252.0,3.29,0.15385526000335814,0.016424560001492502,0.8848784900199622,0.0,63209.92
0.1356136999966112,63273.06,3.29,0.15391046599939,0.016449095999728894,0.885206658996374,0.0,63199.39
0.1358422999910545,63199.39,3.28,0.1539516139983898,0.01646738399928436,0.8854512609904284,0.0,63188.88
0.1360710000153631,63230.96,3.29,0.15399278000276537,0.016485680001229047,0.8856959700164385,0.0,63199.39
0.1362985000014306,63209.92,3.29,0.15403373000025752,0.016503880000114445,0.8859393950015307,0.0,63209.92
0.1365273999981583,63188.88,3.28,0.15407493199966849,0.01652219199985266,0.8861843179980294,0.0,63230.96
0.1367555000178982,63178.36,3.28,0.15411599000322168,0.016540440001431855,0.8864283850191511,0.0,63209.92
0.1369838000100572,63157.35,3.28,0.1541570840018103,0.016558704000804572,0.8866726660107612,0.0,63199.39
0.1372117999999319,63262.53,3.29,0.15419812399998775,0.01657694399999455,0.8869166259999272,0.0,63209.92
0.1374403999943752,63389.06,3.29,0.15423927199898754,0.016595231999550014,0.8871612279939814,0.0,63199.39
0.1376687000156381,63315.21,3.29,0.15428036600281486,0.016613496001251046,0.8874055090167328,0.0,63199.39
0.1378969000070356,63157.35,3.28,0.1543214420012664,0.016631752000562848,0.8876496830075281,0.0,63241.48
0.1381256000022404,63199.39,3.28,0.15436260800040327,0.01665004800017923,0.8878943920023973,0.0,63252.0
0.1383529000158888,63241.48,3.29,0.15440352200285998,0.016668232001271103,0.8881376030170011,0.0,63252.0
0.1385809000057634,63073.37,3.28,0.1544445620010374,0.01668647200046107,0.8883815630061669,0.0,63241.48
0.1388085999933538,63252.0,3.29,0.15448554799880368,0.016704687999468303,0.8886252019928885,0.0,63241.48
0.1390380999946502,63346.84,3.29,0.15452685799903704,0.016723047999572013,0.8888707669942757,0.0,63241.48
0.1392666000174359,63273.06,3.29,0.15456798800313845,0.01674132800139487,0.8891152620186564,0.0,63241.48
0.1394959000172094,63241.48,3.29,0.15460926200309769,0.01675967200137675,0.8893606130184141,0.0,63241.48
0.1397234000032768,63230.96,3.29,0.15465021200058982,0.01677787200026214,0.8896040380035062,0.0,63230.96
0.1399521999992431,63220.43,3.29,0.15469139599986376,0.016796175999939447,0.8898488539991901,0.0,63230.96
0.1401799000159372,63304.68,3.29,0.15473058300270934,0.016787406998884397,0.8900790005158575,0.0,63220.43
0.1404094000172336,63104.83,3.28,0.15476959800292972,0.016771341998793647,0.8903073530171475,0.0,63104.83
0.1406379000109155,63031.42,3.28,0.15480844300185564,0.016755346999235914,0.890534710510861,0.0,63052.39
0.140866300003836,63041.91,3.28,0.15484727100065213,0.01673935899973148,0.8907619685038168,0.0,63052.39
0.1410961000074167,62968.59,3.28,0.15488633700126084,0.01672327299948083,0.8909906195073797,0.0,63041.91
0.1413239999965299,63010.48,3.28,0.15492507999941008,0.016707320000242908,0.8912173799965473,0.0,63041.91
0.1415507000056096,63041.91,3.28,0.15496361900095362,0.016691450999607328,0.8914429465055815,0.0,63041.91
0.1417784999939614,63052.39,3.28,0.15500234499897345,0.016675505000422704,0.8916696074939916,0.0,63041.91
0.1421168000088074,63209.92,3.29,0.15505985600149724,0.016651823999383482,0.8920062160087634,0.0,63052.39
0.1423446999979206,62989.53,3.28,0.1550985989996465,0.016635871000145557,0.892232976497931,0.0,63052.39
0.1425733999931254,63136.34,3.28,0.15513747799883132,0.016619862000481222,0.8924605329931597,0.0,63083.86
0.1428018000151497,63283.6,3.29,0.15517630600257545,0.016603873998939523,0.892687791015074,0.0,63083.86
0.1430321999941953,63083.86,3.28,0.1552154739990132,0.016587746000406328,0.8929170389942244,0.0,63083.86
0.1432609000185039,63273.06,3.29,0.15525435300314566,0.016571736998704727,0.8931445955184114,0.0,63115.34
0.1434917000005953,63020.95,3.28,0.1552935890001012,0.016555580999958328,0.8933742415005923,0.0,63083.86
0.1437205999973231,63157.35,3.28,0.15533250199954493,0.016539558000187384,0.8936019969973364,0.0,63083.86
0.1439511000062339,63010.48,3.28,0.15537168700105977,0.016523422999563626,0.8938313445062027,0.0,63020.95
0.1441802000044846,62989.53,3.28,0.15541063400076238,0.01650738599968608,0.8940592990044621,0.0,63010.48
0.144410600012634,63115.34,3.28,0.15544980200214778,0.01649125799911562,0.8942885470125709,0.0,62989.53
0.1446388000040316,62884.94,3.28,0.15548859600068538,0.016475283999717788,0.8945156060040115,0.0,62979.06
0.1448686000076123,62832.73,3.28,0.1555276620012941,0.01645919799946714,0.8947442570075743,0.0,62937.21
0.145096599997487,62916.3,3.28,0.1555664219995728,0.01644323800017591,0.8949711169974995,0.0,62916.3
0.1453251999919303,62937.21,3.28,0.15560528399862814,0.01642723600056488,0.8951985739919707,0.0,62884.94
0.1456174000049942,62884.94,3.28,0.15565495800084903,0.016406781999650406,0.8954893130049693,0.0,62884.94
0.1458465000032448,62979.06,3.28,0.1556939050005516,0.016390744999772864,0.8957172675032286,0.0,62832.73
0.146075299999211,62801.43,3.28,0.15573280099986586,0.01637472900005523,0.895944923499215,0.0,62811.85
0.1463034999906086,62801.43,3.28,0.15577159499840346,0.0163587550006574,0.8961719824906555,0.0,62801.43
0.1465335999964737,62718.06,3.28,0.15581071199940053,0.016342648000246842,0.8964009319964913,0.0,62801.43
0.1467628999962472,62655.64,3.28,0.15584969299936202,0.016326597000262698,0.896629085496266,0.0,62770.16
0.1469925999990665,62811.85,3.28,0.1558887419998413,0.016310518000065347,0.8968576369990712,0.0,62738.89
0.147222800005693,62770.16,3.28,0.1559278760009678,0.01629440399960149,0.8970866860056645,0.0,62718.06
0.1474535000161268,62572.52,3.27,0.15596709500274156,0.016278254998871124,0.8973162325160462,0.0,62697.26
0.147682500013616,62738.89,3.28,0.15600602500231472,0.016262224999046882,0.897544087513548,0.0,62655.64
0.1479132999957074,62697.26,3.28,0.15604526099927024,0.016246069000300484,0.8977737334957289,0.0,62614.07
0.1481419000192546,62614.07,3.27,0.1560841230032733,0.01623006699865218,0.8980011905191584,0.0,62614.07
0.1483716999937315,62551.78,3.27,0.15612318899893435,0.016213981000438794,0.8982298414937628,0.0,62614.07
0.1486000000149943,62541.4,3.27,0.156162000002549,0.0161979999989504,0.8984570000149193,0.0,62614.07
0.1488299000193365,62541.4,3.27,0.1562010830032872,0.016181906998646446,0.8986857505192398,0.0,62634.85
0.1490591000183486,62593.29,3.27,0.15624004700311925,0.0161658629987156,0.8989138045182569,0.0,62634.85
0.1492832000076306,62749.32,3.28,0.1562781440012972,0.01615017599946586,0.8991367840075924,0.0,62614.07
0.1495129000104499,62686.84,3.28,0.1563171930017765,0.01613409699926851,0.8993653355103977,0.0,62593.29
0.1497404999972787,62676.44,3.28,0.15635588499953737,0.01611816500019049,0.8995917974972923,0.0,62593.29
0.1499693999940064,62634.85,3.27,0.1563947979989811,0.016102142000419553,0.8998195529940364,0.0,62593.29
0.1501981000183151,62634.85,3.27,0.15643367700311356,0.016086132998717945,0.9000471095182235,0.0,62593.29
0.1504280999943149,62375.72,3.27,0.15647277699903353,0.01607003300039796,0.9002759594943434,0.0,62572.52
0.15065749999484981,62572.52,3.27,0.15651177499912447,0.016053975000360515,0.9005042124948756,0.0,62562.16
0.1508865999931004,62562.16,3.27,0.15655072199882705,0.016037938000482973,0.9007321669931349,0.0,62562.16
0.1511148000136018,62562.16,3.27,0.1565895160023123,0.016021963999047876,0.9009592260135338,0.0,62531.03
0.1513445000164211,62510.3,3.27,0.15662856500279157,0.016005884998850525,0.901187777516339,0.0,62510.3
0.1515725000062958,62531.03,3.27,0.15666732500107028,0.015989924999559296,0.9014146375062644,0.0,62499.92
0.1518015000037849,62437.79,3.27,0.15670625500064342,0.015973894999735058,0.9016424925037659,0.0,62499.92
0.1520293999928982,62499.92,3.27,0.15674499799879268,0.01595794200049713,0.9018692529929337,0.0,62448.14
0.1522571000095923,62448.14,3.27,0.1567837070016307,0.01594200299932854,0.9020958145095443,0.0,62437.79
0.1524862000078429,62427.43,3.27,0.15682265400133327,0.015925965999450998,0.9023237690078038,0.0,62427.43
0.152716300013708,62427.43,3.27,0.15686177100233034,0.01590985899904044,0.9025527185136395,0.0,62427.43
0.1529455000127201,62427.43,3.27,0.1569007350021624,0.015893814999109596,0.9027807725126565,0.0,62427.43
0.1531742000079249,62417.09,3.27,0.15693961400134723,0.015877805999445258,0.9030083290078853,0.0,62417.09
0.1534027000016068,62386.07,3.27,0.15697845900027316,0.015861810999887524,0.9032356865015988,0.0,62386.07
0.1536306999914814,62324.07,3.27,0.15701721899855184,0.015845851000596302,0.903462546491524,0.0,62365.39
0.1538595000165515,62365.39,3.27,0.15705611500281375,0.015829834998841396,0.9036902025164688,0.0,62355.05
0.1540895999933128,62344.72,3.27,0.15709523199886316,0.015813728000468107,0.9039191519933463,0.0,62344.72
0.1543191999953706,62138.56,3.27,0.157134263999213,0.01579765600032406,0.9041476039953937,0.0,62334.39
0.154548699996667,62334.39,3.27,0.15717327899943337,0.01578159100023331,0.9043759564966837,0.0,62334.39
0.1547782999987249,62355.05,3.27,0.15721231099978322,0.01576551900008926,0.9046044084987312,0.0,62324.07
0.1550065000192263,62293.1,3.27,0.15725110500326847,0.01574954499865416,0.9048314675191302,0.0,62293.1
0.1552348000113853,62282.78,3.27,0.15728991600193548,0.015733563999203032,0.9050586260113284,0.0,62293.1
0.1555013000033796,62282.78,3.27,0.1573352210005745,0.015714908999763428,0.9053237935033628,0.0,62293.1
0.1557289000193123,62375.72,3.27,0.15737391300328307,0.01569897699864814,0.9055502555192158,0.0,62334.39
0.1559587999945507,62262.15,3.27,0.1574129959990736,0.015682884000381453,0.905779005994578,0.0,62293.1
0.1561859000066761,62241.54,3.27,0.15745160300113492,0.015666986999532676,0.9060049705066427,0.0,62293.1
0.1564168999902905,62406.74,3.27,0.15749087299834938,0.01565081700067967,0.906234815490339,0.0,62303.42
0.156643800000893,62365.39,3.27,0.1575294460001518,0.01563493399993749,0.9064605810008886,0.0,62303.42
0.1568686999962666,62355.05,3.27,0.1575676789993653,0.01561919100026134,0.9066843564962853,0.0,62303.42
0.1570952000038233,62282.78,3.27,0.15760618400064993,0.015603335999732371,0.9069097240038042,0.0,62282.78
0.157324100000551,62313.75,3.27,0.15764509700009366,0.015587312999961432,0.9071374795005482,0.0,62282.78
0.1575514000141994,62303.42,3.27,0.1576837380024139,0.015571401999006045,0.9073636430141284,0.0,62303.42
0.157781400019303,62179.72,3.27,0.1577228380032815,0.015555301998648793,0.9075924930192065,0.0,62303.42
0.1580093000084162,62231.22,3.27,0.15776158100143073,0.015539348999410868,0.9078192535083741,0.0,62303.42
0.15823739999905231,62241.54,3.27,0.15780035799983888,0.01552338200006634,0.9080462129990571,0.0,62282.78
0.1584667999995873,62282.78,3.27,0.15783935599992982,0.015507324000028891,0.9082744659995894,0.0,62282.78
0.1588026999961585,62303.42,3.27,0.15789645899934693,0.015483811000268907,0.9086086864961778,0.0,62251.84
0.159031999995932,62303.42,3.27,0.15793543999930842,0.015467760000284762,0.9088368399959523,0.0,62251.84
0.1592607999918983,62355.05,3.27,0.1579743359986227,0.015451744000567123,0.9090644959919388,0.0,62251.84
0.1594890000123997,62241.54,3.27,0.15801313000210793,0.015435769999132022,0.9092915550123377,0.0,62251.84
0.1597173000045587,62251.84,3.27,0.15805194100077496,0.015419788999680894,0.909518713504536,0.0,62251.84
0.159945899999002,62190.01,3.27,0.15809080299983033,0.015403787000069863,0.909746170499007,0.0,62241.54
0.1601741999911611,62365.39,3.27,0.15812787199858577,0.01541132299942547,0.9099620059917798,0.0,62200.32
0.1604031000169926,62128.28,3.27,0.1581644960027188,0.015426201501104518,0.9101748830158032,0.0,62200.32
0.160631500009913,62169.44,3.27,0.15820104000158605,0.015441047500644343,0.9103872950092191,0.0,62200.32
0.1608612000127323,62148.85,3.27,0.15823779200203716,0.015455978000827597,0.910600916011841,0.0,62200.32
0.1610894000041299,62200.32,3.27,0.15827430400066078,0.015470811000268442,0.9108131420038409,0.0,62200.32
0.1613179999985733,62200.32,3.27,0.15831087999977173,0.015485669999907263,0.9110257399986732,0.0,62200.32
0.161546899995301,62200.32,3.27,0.15834750399924816,0.015500548499694563,0.9112386169956299,0.0,62200.32
0.1617763999965974,62220.92,3.27,0.15838422399945556,0.01551546599977883,0.9114520519968357,0.0,62200.32
0.1620044000155759,62087.16,3.26,0.15842070400249214,0.015530286001012432,0.9116640920144856,0.0,62200.32
0.1622337000153494,62241.54,3.27,0.1584573920024559,0.015545190500997709,0.911877341014275,0.0,62200.32
0.1624628000136,62282.78,3.27,0.15849404800217598,0.015560082000883999,0.9120904040126481,0.0,62200.32
0.1626914000080433,62179.72,3.27,0.15853062400128692,0.015574941000522813,0.9123030020074803,0.0,62190.01
0.1629207000078168,62231.22,3.27,0.15856731200125068,0.015589845500508091,0.9125162510072696,0.0,62190.01
0.1631486999976915,62190.01,3.27,0.15860379199963062,0.015604665499849945,0.9127282909978531,0.0,62190.01
0.163377999997465,62179.72,3.27,0.15864047999959438,0.015619569999835223,0.9129415399976425,0.0,62190.01
0.1636063999903854,62190.01,3.27,0.15867702399846165,0.01563441599937505,0.9131539519910584,0.0,62190.01
0.1638362999947276,62190.01,3.27,0.1587138079991564,0.015649359499657293,0.9133677589950967,0.0,62190.01
0.1640647000167519,62138.56,3.27,0.15875035200268028,0.015664205501088872,0.9135801710155793,0.0,62190.01
0.1642932000104338,62231.22,3.27,0.1587869120016694,0.015679058000678196,0.9137926760097035,0.0,62190.01
0.1645170999981929,62169.44,3.27,0.15882273599971086,0.015693611499882534,0.9140009029983194,0.0,62190.01
0.1647459999949206,62128.28,3.27,0.1588593599991873,0.015708489999669836,0.9142137799952762,0.0,62190.01
0.1649744000169449,62313.75,3.27,0.15889590400271117,0.01572333600110142,0.9144261920157588,0.0,62179.72
0.1652092000003905,62220.92,3.27,0.15893347200006247,0.01573859800002538,0.9146445560003632,0.0,62169.44
0.1656173999945168,62046.08,3.26,0.15899878399912268,0.01576513099964359,0.9150241819949007,0.0,62179.72
0.1658752000075765,62190.01,3.27,0.15904003200121222,0.01578188800049247,0.9152639360070461,0.0,62179.72
0.1661072999995668,62179.72,3.27,0.15907716799993069,0.01579697449997184,0.9154797889995971,0.0,62179.72
0.1663389000168536,62148.85,3.27,0.15911422400269656,0.015812028501095483,0.9156951770156738,0.0,62179.72
0.1665694999974221,62148.85,3.27,0.15915111999958753,0.015827017499832435,0.9159096349976026,0.0,62169.44
0.1667993000010029,62179.72,3.27,0.15918788800016045,0.015841954500065186,0.9161233490009327,0.0,62169.44
0.1670280999969692,62220.92,3.27,0.15922449599951505,0.015856826499802995,0.9163361329971813,0.0,62169.44
0.1672580000013113,62169.44,3.27,0.1592612800002098,0.01587177000008523,0.9165499400012195,0.0,62148.85
0.1674863999942318,62169.44,3.27,0.15929782399907708,0.015886615999625063,0.9167623519946355,0.0,62148.85
0.1677169000031427,61964.03,3.26,0.1593347040005028,0.015901598500204273,0.9169767170029227,0.0,62148.85
0.1679449999937788,61902.58,3.26,0.1593711999990046,0.01591642499959562,0.9171888499942142,0.0,62148.85
0.1681752000004054,62148.85,3.27,0.15940803200006484,0.015931388000026348,0.917402936000377,0.0,62148.85
0.1684033999918029,62107.72,3.27,0.15944454399868846,0.015946220999467187,0.9176151619923767,0.0,62148.85
0.1686319000145887,62159.14,3.27,0.15948110400233417,0.01596107350094826,0.9178276670135674,0.0,62138.56
0.168861600017408,62138.56,3.27,0.15951785600278526,0.015976004001131517,0.9180412880161894,0.0,62107.72
0.1690909000171815,62066.62,3.26,0.15955454400274902,0.015990908501116795,0.9182545370159788,0.0,62107.72
0.1693203000177164,62190.01,3.27,0.1595912480028346,0.016005819501151562,0.9184678790164762,0.0,62107.72
0.1695489000121598,62251.84,3.27,0.15962782400194556,0.016020678500790385,0.9186804770113086,0.0,62107.72
0.169777700008126,61994.78,3.26,0.15966443200130015,0.016035550500528187,0.9188932610075572,0.0,62076.89
0.1700058999995236,62107.72,3.27,0.15970094399992377,0.01605038349996903,0.919105486999557,0.0,62076.89
0.1702360000053887,62056.35,3.26,0.15973776000086218,0.016065340000350262,0.9193194800050115,0.0,62066.62
0.1704637999937404,62035.82,3.26,0.15977420799899844,0.016080146999593124,0.9195313339941785,0.0,62066.62
0.1706924000172876,62076.89,3.26,0.159810784002766,0.016095006001123693,0.9197439320160775,0.0,62066.62
0.1709205000079237,62015.29,3.26,0.15984728000126777,0.016109832500515037,0.919956065007369,0.0,62056.35
0.1711495000054129,62097.44,3.26,0.15988392000086604,0.016124717500351837,0.920169035005034,0.0,62056.35
0.1713789000059478,61953.78,3.26,0.15992062400095164,0.016139628500386603,0.9203823770055315,0.0,62056.35
0.1716067999950611,62066.62,3.26,0.15995708799920977,0.016154441999678967,0.9205943239954067,0.0,62046.08
0.1718363999971189,62159.14,3.27,0.15999382399953901,0.016169365999812724,0.9208078519973205,0.0,62056.35
0.1720648000191432,62046.08,3.26,0.1600303680030629,0.016184212001244307,0.9210202640178031,0.0,62056.35
0.1722909999953118,62056.35,3.26,0.16006655999924987,0.016198914999695266,0.92123062999564,0.0,62056.35
0.1725194000173361,61953.78,3.26,0.16010310400277378,0.016213761001126842,0.9214430420161226,0.0,62056.35
0.1727486000163481,61994.78,3.26,0.1601397760026157,0.01622865900106262,0.9216561980152037,0.0,62056.35
0.172976200003177,62056.35,3.26,0.1601761920005083,0.016243453000206503,0.9218678660029546,0.0,62056.35
0.1732058000052348,62076.89,3.26,0.16021292800083756,0.01625837700034026,0.9220813940048683,0.0,62056.35
0.1734335999935866,62107.72,3.27,0.16024937599897385,0.016273183999583125,0.9222932479940356,0.0,62056.35
0.1736632999964059,62046.08,3.26,0.16028612799942493,0.01628811449976638,0.9225068689966575,0.0,62066.62
0.1738918999908492,62046.08,3.26,0.16032270399853585,0.016302973499405196,0.9227194669914898,0.0,62066.62
0.1741209000174422,62066.62,3.26,0.16035934400279075,0.01631785850113374,0.9229324370162212,0.0,62066.62
0.1743495000118856,62179.72,3.27,0.16039592000190167,0.01633271750077256,0.9231450350110536,0.0,62066.62
0.1745793000154663,62138.56,3.27,0.1604326880024746,0.016347654501005306,0.9233587490143836,0.0,62046.08
0.1748096999945119,62076.89,3.26,0.16046955199912188,0.01636263049964327,0.923573020994896,0.0,62046.08
0.1750384999904782,62005.04,3.26,0.1605061599984765,0.01637750249938108,0.9237858049911447,0.0,62046.08
0.1753949999983889,62005.04,3.26,0.16056319999974222,0.016400674999895275,0.9241173499985016,0.0,62046.08
0.175637900014408,61964.03,3.26,0.16060206400230526,0.016416463500936517,0.9243432470133994,0.0,62005.04
0.1758663000073284,61994.78,3.26,0.16063860800117252,0.016431309500476343,0.9245556590068154,0.0,62005.04
0.1760942999972031,62046.08,3.26,0.1606750879995525,0.016446129499818198,0.9247676989973989,0.0,61994.78
0.1763232999946923,61994.78,3.26,0.16071172799915076,0.016461014499654994,0.9249806689950638,0.0,61994.78
0.1765511000121478,62128.28,3.27,0.16074817600194363,0.016475821500789602,0.9251925230112974,0.0,61994.78
0.1767804000119213,61861.67,3.26,0.1607848640019074,0.01649072600077488,0.9254057720110868,0.0,61974.28
0.177007499994943,61974.28,3.26,0.16082119999919087,0.016505487499671293,0.9256169749952969,0.0,61974.28
0.1772370999970008,61892.35,3.26,0.1608579359995201,0.016520411499805047,0.9258305029972107,0.0,61964.03
0.1774650000152179,62015.29,3.26,0.16089440000243485,0.01653522500098916,0.9260424500141526,0.0,61964.03
0.177695299993502,61953.78,3.26,0.1609312479989603,0.016550194499577627,0.9262566289939568,0.0,61953.78
0.1779228000086733,61964.03,3.26,0.16096764800138771,0.01656498200056376,0.9264682040080662,0.0,61953.78
0.178151700005401,61964.03,3.26,0.16100427200086415,0.01657986050035106,0.9266810810050229,0.0,61953.78
0.1783797999960371,61943.53,3.26,0.16104076799936592,0.016594686999742408,0.9268932139963144,0.0,61943.53
0.1786085999920033,61902.58,3.26,0.16107737599872052,0.01660955899948021,0.927105997992563,0.0,61943.53
0.178837300016312,61943.53,3.26,0.1611139680026099,0.016624424501060275,0.9273186890151701,0.0,61943.53
0.1790653000061866,61974.28,3.26,0.16115044800098985,0.016639244500402123,0.9275307290057535,0.0,61933.3
0.1792936999991071,61933.3,3.26,0.16118699199985712,0.01665409049994196,0.9277431409991695,0.0,61933.3
0.179521800018847,61892.35,3.26,0.1612234880030155,0.01666891700122505,0.9279552740175276,0.0,61933.3
0.1797510000178591,61892.35,3.26,0.16126016000285745,0.016683815001160836,0.9281684300166089,0.0,61933.3
0.1799751000071411,61841.22,3.26,0.16129601600114257,0.01669838150046417,0.9283768430066411,0.0,61933.3
0.1802043000061531,61902.58,3.26,0.1613316665009537,0.016703064500092294,0.9285910205057532,0.0,61933.3
0.1804322999960278,61964.03,3.26,0.1613670064993843,0.016706484499940416,0.928804200496286,0.0,61912.82
0.1806605000165292,61943.53,3.26,0.161402377502562,0.016709907500247936,0.9290175675154547,0.0,61912.82
0.1808887000079267,61933.3,3.26,0.16143774850122863,0.0167133305001189,0.9292309345074115,0.0,61912.82
0.1811178000061773,61912.82,3.26,0.16147325900095746,0.01671676700009266,0.9294451430057757,0.0,61923.05
0.1813465000013821,61953.78,3.26,0.1615087075002142,0.016720197500020732,0.9296589775012922,0.0,61933.3
0.1815754999988713,61851.44,3.26,0.16154420249982504,0.016723632499983068,0.9298730924989446,0.0,61943.53
0.1818036000186112,61923.05,3.26,0.16157955800288473,0.016727054000279167,0.9300863660174015,0.0,61933.3
0.182030299998587,61830.99,3.26,0.16161469649978097,0.016730454499978804,0.9302983304986788,0.0,61923.05
0.1822591999953147,61943.53,3.26,0.16165017599927378,0.016733887999929718,0.9305123519956192,0.0,61912.82
0.1824878999905196,62025.56,3.26,0.16168562449853052,0.01673731849985779,0.9307261864911358,0.0,61912.82
0.182717000017874,61964.03,3.26,0.16172113500277047,0.016740755000268108,0.9309403950167121,0.0,61912.82
0.1829455000115559,61882.11,3.26,0.16175655250179116,0.016744182500173337,0.9311540425108047,0.0,61912.82
0.1831745000090451,61912.82,3.26,0.16179204750140197,0.016747617500135675,0.9313681575084571,0.0,61902.58
0.1834024999989197,61820.78,3.26,0.16182738749983255,0.016751037499983794,0.9315813374989899,0.0,61912.82
0.1836320000002161,61912.82,3.26,0.16186296000003347,0.01675448000000324,0.9317959200002021,0.0,61902.58
0.1838607999961824,61892.35,3.26,0.16189842399940826,0.016757911999942737,0.9320098479964305,0.0,61892.35
0.184090800001286,61892.35,3.26,0.16193407400019932,0.01676136200001929,0.9322248980012023,0.0,61892.35
0.1843194999964908,61902.58,3.26,0.16196952249945606,0.016764792499947362,0.9324387324967188,0.0,61892.35
0.1845485999947414,61912.82,3.26,0.1620050329991849,0.01676822899992112,0.9326529409950832,0.0,61861.67
0.1847768000152428,61861.67,3.26,0.1620404040023626,0.01677165200022864,0.932866308014252,0.0,61861.67
0.1850059000134934,61800.35,3.26,0.16207591450209147,0.0167750885002024,0.9330805165126163,0.0,61841.22
0.1853068000054919,61841.22,3.26,0.16212255400085124,0.016779602000082376,0.9333618580051349,0.0,61841.22
0.1855371000128799,61708.52,3.26,0.16215825050199636,0.016783056500193197,0.9335771885120426,0.0,61841.22
0.1857662000111305,61841.22,3.26,0.16219376100172522,0.016786493000166956,0.933791397010407,0.0,61830.99
0.185994400002528,61800.35,3.26,0.16222913200039182,0.01678991600003792,0.9340047640023637,0.0,61830.99
0.1862248000106775,61830.99,3.26,0.162264844001655,0.01679337200016016,0.9342201880099834,0.0,61830.99
0.1864523999975063,61830.99,3.26,0.16230012199961347,0.016796785999962593,0.9344329939976683,0.0,61830.99
0.1866821000003256,61902.58,3.26,0.16233572550005046,0.016800231500004884,0.9346477635003044,0.0,61830.99
0.1869100000185427,61667.76,3.26,0.1623710500028741,0.01680365000027814,0.9348608500173374,0.0,61830.99
0.1871399999945425,61892.35,3.26,0.16240669999915408,0.016807099999918137,0.9350758999948973,0.0,61830.99
0.1873677000112366,61912.82,3.26,0.16244199350174165,0.016810515500168547,0.9352887995105061,0.0,61830.99
0.1875936000142247,61830.99,3.26,0.16247700800220483,0.01681390400021337,0.9355000160133,0.0,61841.22
0.1878211000002921,61800.35,3.26,0.16251227050004527,0.01681731650000438,0.9357127285002731,0.0,61871.89
0.1880499999970198,61892.35,3.26,0.16254774999953805,0.016820749999955295,0.9359267499972135,0.0,61871.89
0.188276600005338,61871.89,3.26,0.16258287300082738,0.016824149000080068,0.936138621004991,0.0,61892.35
0.1885054000013043,61790.14,3.26,0.16261833700020215,0.016827581000019565,0.9363525490012194,0.0,61892.35
0.1887335999927018,61841.22,3.26,0.16265370799886877,0.016831003999890525,0.9365659159931762,0.0,61871.89
0.1889606000040658,62025.56,3.26,0.1626888930006302,0.016834409000060988,0.9367781610038015,0.0,61871.89
0.1891892999992706,61953.78,3.26,0.16272434149988693,0.016837839499989057,0.936991995499318,0.0,61871.89
0.1894174999906682,61902.58,3.26,0.16275971249855356,0.016841262499860024,0.9372053624912747,0.0,61841.22
0.1896462000149768,61923.05,3.26,0.1627951610023214,0.01684469300022465,0.9374191970140033,0.0,61790.14
0.1899866000167095,61100.87,3.25,0.16284792300258996,0.016849799000250642,0.9377374710156233,0.0,61191.52
0.1902145000058227,61171.36,3.25,0.1628832475009025,0.01685321750008734,0.9379505575054442,0.0,61181.45
0.1904424999956973,60930.12,3.24,0.16291858749933308,0.01685663749993546,0.9381637374959769,0.0,61181.45
0.1906714999931865,61151.21,3.25,0.1629540824989439,0.016860072499897797,0.9383778524936294,0.0,61171.36
0.190900400019018,61191.52,3.25,0.16298956200294779,0.01686350600028527,0.9385918740177818,0.0,61171.36
0.1911302999942564,61181.45,3.25,0.16302519649910974,0.016866954499913846,0.9388068304946298,0.0,61151.21
0.1913535000057891,61151.21,3.25,0.1630597925008973,0.016870302500086837,0.9390155225054128,0.0,61151.21
0.1915830000070855,61211.69,3.25,0.16309536500109822,0.016873745000106282,0.939230105006625,0.0,61151.21
0.1918110999977217,61100.87,3.25,0.16313072049964686,0.016877166499965825,0.9394433784978697,0.0,61151.21
0.1921489000087604,61171.36,3.25,0.16318307950135785,0.016882233500131405,0.9397592215081909,0.0,61151.21
0.192378000007011,60930.12,3.24,0.16321859000108668,0.016885670000105164,0.9399734300065553,0.0,61131.07
0.1926077000098303,61090.82,3.25,0.16325419350152368,0.016889115500147454,0.9401881995091913,0.0,61131.07
0.1928367000073195,61201.61,3.25,0.1632896885011345,0.016892550500109793,0.9404023145068438,0.0,61131.07
0.193066000007093,61121.0,3.25,0.16332523000109941,0.016895990000106394,0.9406167100066319,0.0,61121.0
0.1932950000045822,61131.07,3.25,0.16336072500071022,0.016899425000068732,0.9408308250042843,0.0,61131.07
0.1935239000013099,61070.69,3.25,0.163396204500203,0.016902858500019647,0.9410448465012248,0.0,61121.0
0.1937532000010834,61161.29,3.25,0.1634317460001679,0.01690629800001625,0.941259242001013,0.0,61121.0
0.1939829000039027,61171.36,3.25,0.1634673495006049,0.01690974350005854,0.941474011503649,0.0,61131.07
0.1942106999922544,61121.0,3.25,0.1635026584987994,0.016913160499883815,0.9416870044927579,0.0,61131.07
0.1944393000158016,61141.14,3.25,0.16353809150244922,0.016916589500237025,0.9419007455147744,0.0,61131.07
0.1946680000110064,60970.25,3.24,0.16357354000170599,0.016920020000165095,0.9421145800102909,0.0,61121.0
0.2028998000023421,61100.87,3.25,0.16487846700038641,0.017043497000035133,0.9498838080022484,0.0,61121.0
0.2146692000096664,61171.36,3.25,0.16682041800159494,0.017220038000144995,0.9611824320092798,0.0,61121.0
0.2268214999930934,61131.07,3.25,0.1688255474988604,0.017606967499689197,0.9729850699932314,0.0,61110.94
0.2392315000179224,61100.87,3.25,0.17087319750295718,0.018165417500806504,0.9851468700175638,0.0,61100.87
0.25144910000381065,61080.75,3.25,0.17300359250066685,0.01797101799992379,0.9975780820038868,0.0,61100.87
0.26406390001648106,61110.94,3.25,0.17521118250288414,0.01798287550074164,1.0105467755172226,0.0,61100.87
0.27592810001806356,61231.87,3.25,0.1772874175031611,0.018516764500812855,1.0229448645188761,0.0,61110.94
0.2893058999907226,61090.82,3.25,0.17967506199833005,0.01846735250023194,1.0368316064903977,0.0,61110.94
0.3015719999966678,61100.87,3.25,0.18185937999945018,0.01816856000006665,1.0494484199967178,0.0,61100.87
0.31375440000556415,61121.0,3.25,0.1838694760009181,0.01792491199988872,1.0614480840054807,0.0,61100.87
0.3262243999924977,61090.82,3.25,0.18589590399879963,0.018111219999624888,1.0734198139929854,0.0,61100.87
0.3379968999943231,61131.07,3.25,0.18777950399909168,0.018699844999716157,1.0844271014946922,0.0,61100.87
0.3494316000142135,61131.07,3.25,0.18956189800220308,0.018517051999573597,1.0948355980128632,0.0,61090.82
0.36161220000940375,61080.75,3.25,0.19144183000141057,0.0183289760007523,1.1058348580083694,0.0,61090.82
0.37100660000578506,60970.25,3.24,0.19285099000086778,0.019080528000462806,1.1141958740051487,0.0,61080.75
0.38354129999061115,61030.49,3.25,0.19473119499859168,0.01976458700009389,1.12538716999155,0.0,61080.75
0.39579670000239275,61151.21,3.25,0.1965695050003589,0.01964203299997607,1.1364170300021537,0.0,61080.75
0.4082047000119929,61070.69,3.25,0.19851275200191884,0.019928188000479713,1.1478713945112133,0.0,61070.69
0.42059029999654746,61060.64,3.25,0.20050035099941305,0.020397048500017265,1.1594902999965475,0.0,61070.69
0.43281580001348635,61070.69,3.25,0.20257868600229267,0.020335920999932568,1.1717158000134864,0.0,61070.69
0.4449244000134059,61131.07,3.25,0.20468639200241306,0.02022613399979891,1.1840459980140092,0.0,61110.94
0.45727990000159485,61151.21,3.25,0.20691038200028705,0.02004080149997608,1.1969574955016666,0.0,61110.94
0.46952420001616707,61060.64,3.25,0.20911435600291006,0.020523831000889184,1.209943273017218,0.0,61110.94
0.481653800001368,61121.0,3.25,0.21130595300025307,0.02111653800001368,1.222902642001491,0.0,61110.94
0.49307130000670446,61110.94,3.25,0.2134181905012403,0.021230713000067042,1.2353477170073077,0.0,61110.94
0.5051007000147366,61110.94,3.25,0.21564362950272625,0.0213,1.2484597630160628,0.0,61121.0
0.5174799000087661,61110.94,3.25,0.2179337815016217,0.0213,1.2619530910095549,0.0,61110.94
0.5259864999970888,61070.69,3.25,0.21944763749949053,0.02132993249998544,1.2708660949970012,0.0,61110.94
0.538539300003322,61141.14,3.25,0.2216443775005813,0.021392696500016607,1.2837954790034216,0.0,61110.94
0.5510062999965158,61322.77,3.25,0.22366100799944252,0.021840251999860633,1.2955358589967598,0.0,61110.94
0.5637529999949039,61161.29,3.25,0.22566294999923558,0.0222938249998726,1.307183874995541,0.0,61121.0
0.5761447999975645,61080.75,3.25,0.2275217199996347,0.022603619999939116,1.318026699997869,0.0,61121.0
0.58849470000132,61030.49,3.25,0.2293317315001914,0.0227424735000066,1.3288753360011616,0.0,61121.0
0.6008034000115005,61141.14,3.25,0.2311245270017826,0.022812051000172508,1.339719043010293,0.0,61121.0
0.6118635000020732,61121.0,3.25,0.23283884250032136,0.0229779525000311,1.3496178325018555,0.0,61121.0
0.6241268000158017,61252.06,3.25,0.23473965400244926,0.02307936599992099,1.3607379240146955,0.0,61090.82
0.6363925000187011,61121.0,3.25,0.23664083750289866,0.023018037499906493,1.3721450250173919,0.0,61090.82
0.6489689000009095,61080.75,3.25,0.23867986850015005,0.02326906700002728,1.3842446775008868,0.0,61121.0
0.6608840000117199,61080.75,3.25,0.24065470000205097,0.0235867399998242,1.3959016800119544,0.0,61121.0
0.6732553000038025,61090.82,3.25,0.24281967750066544,0.023401170499942964,1.4085204060038785,0.0,61121.0
0.682554099999834,61070.69,3.25,0.24447250849996927,0.023363852499995848,1.4181328869998222,0.0,61121.0
0.6947663000028116,61171.36,3.25,0.24673176550052014,0.02366915750007029,1.4311999410030083,0.0,61090.82
0.7071682999958285,61121.0,3.25,0.24902613549922828,0.0238,1.4447209714953906,0.0,61080.75
0.7195226000039839,61141.14,3.25,0.25131168100073703,0.0238,1.4583724730044023,0.0,61080.75
0.7318869000009728,61010.39,3.24,0.25359907650017993,0.023859434500004866,1.4717972865010553,0.0,61090.82
0.7440927000134253,61161.29,3.25,0.2558162225023494,0.024022781000402758,1.484835944513895,0.0,61070.69
0.7565099000057672,61020.44,3.25,0.25798923250100925,0.024395297000173014,1.497687746505969,0.0,61050.58
0.7687449000077323,61050.58,3.25,0.2600429085012758,0.02397530599953607,1.5097825530075002,0.0,61040.54
0.7811538999958431,61040.54,3.25,0.2620730849993765,0.02333461699987529,1.5217096624963624,0.0,61020.44
0.7934161000011956,61090.82,3.25,0.2639124150001793,0.023702483000035864,1.532439087501046,0.0,61020.44
0.8052681999979542,61000.36,3.24,0.26566388899970333,0.023926340999989772,1.542677969998261,0.0,61020.44
0.817203000013251,60990.31,3.24,0.2673944350019214,0.023986015000066255,1.5528225500112633,0.0,61020.44
0.8292031000019052,61000.36,3.24,0.26918046500028575,0.024276093000057158,1.563344743501686,0.0,61030.49
0.841038500017021,60940.14,3.24,0.27096616000272333,0.02461038500017021,1.5738709975159146,0.0,61020.44
0.8501072000071873,61020.44,3.25,0.27241715200114996,0.024701072000071874,1.5823502320067202,0.0,61000.36
0.8616065999958665,61070.69,3.25,0.274265088999318,0.024759835000103335,1.5931744679959492,0.0,61000.36
0.8739576000079979,61030.49,3.25,0.2763030040013197,0.02445105999980005,1.605278448007838,0.0,60990.31
0.8863274000177627,61050.58,3.25,0.27840729500310846,0.02458473300079932,1.6177804960184732,0.0,60980.28
0.898610700009158,60980.28,3.24,0.28055687250160266,0.025137481500412107,1.6305551280095243,0.0,60980.28
0.9107924000127242,60860.0,3.24,0.2828505560024176,0.024984151999745515,1.6438176780139329,0.0,60980.28
0.9229569000017365,60880.02,3.24,0.28514702650032125,0.024755646499973954,1.6571673745019186,0.0,60980.28
0.936443500017049,60960.21,3.24,0.2876420475031541,0.024553347499744266,1.6720700675188391,0.0,60980.28
0.948868900013622,60970.25,3.24,0.2898964020024519,0.024677378000272438,1.685312345014303,0.0,60970.25
0.9600655999965966,61000.36,3.24,0.2919108239994384,0.02490032799998298,1.6970633039967158,0.0,60970.25
0.972886200004723,60970.25,3.24,0.2940262230007793,0.024964431000023615,1.7094351830045575,0.0,60970.25
0.9846835999924226,61000.36,3.24,0.2959259579988255,0.025257597999583242,1.720679165992915,0.0,60970.25
0.9964387000072749,61000.36,3.24,0.2977479985011276,0.02590412850040012,1.731670184506802,0.0,60990.31
1.0048828000144567,60950.18,3.24,0.29908124800231306,0.02588027399934945,1.7395898320135894,0.0,60990.31
1.0172193000034895,61010.39,3.24,0.3010550880005583,0.025325131499842973,1.7511861420032802,0.0,60990.31
1.0294880000001285,60990.31,3.24,0.30301808000002056,0.025626960000005784,1.76267128000012,0.0,60970.25
1.0418672999949192,60940.14,3.24,0.30499876799918707,0.02612800949992379,1.7742365889952747,0.0,60970.25
1.0541045000136364,61020.44,3.25,0.3069567200021818,0.026311567500204545,1.7856171850126819,0.0,60970.25
1.066710500017507,60920.09,3.24,0.3089401275027136,0.026299342499737397,1.7973407650162814,0.0,60960.21
1.0791674999927636,60970.25,3.24,0.31087096249887836,0.02611248750010855,1.8089257749932701,0.0,60960.21
1.0915168999927116,60910.07,3.24,0.3129002884987974,0.026675844999635576,1.820641054993076,0.0,60940.14
1.1044378000078723,60970.25,3.24,0.31505442600133826,0.027233134000236164,1.8331156110078328,0.0,60920.09
1.116719200013904,60960.21,3.24,0.3171422640023636,0.027601576000417113,1.8453356040138342,0.0,60920.09
1.1286352000024635,60920.09,3.24,0.3192111600004311,0.0277,1.8575374320025497,0.0,60920.09
1.140068800013978,60910.07,3.24,0.32121204000244613,0.027701376000279557,1.8693718960146068,0.0,60950.18
1.1524891000008208,60870.0,3.24,0.3233855925001436,0.027949782000016413,1.8823511095008576,0.0,60950.18
1.1618655000056606,60910.07,3.24,0.32502646250099054,0.02801605249974528,1.8920934825057454,0.0,60950.18
1.173993900010828,61050.58,3.25,0.32714893250189486,0.02747027449951275,1.9044038085109902,0.0,60950.18
1.1864418000041042,61070.69,3.25,0.3292628970006772,0.027747553000348837,1.9167485460039808,0.0,60940.14
1.1987377000041306,60950.18,3.24,0.33129172050068156,0.028792704500351086,1.9286755690040065,0.0,60950.18
1.211003200005507,60950.18,3.24,0.33326051200088114,0.02840485599975219,1.9403530400052316,0.0,60950.18
1.2234106000105385,60819.96,3.24,0.3352627490017388,0.028204636000632298,1.9521912290101695,0.0,60950.18
1.2344823000021279,60960.21,3.24,0.33708957950035107,0.028868938000127662,1.9628754195020532,0.0,60950.18
1.2479554000019561,60940.14,3.24,0.3393126410003227,0.02912044599998044,1.9759962920019167,0.0,60950.18
1.2602802000183144,60950.18,3.24,0.3413476340031134,0.029002802000183143,1.9880802000183142,0.0,60940.14
1.272231200011447,60970.25,3.24,0.34337930400194594,0.02912231200011447,2.000031200011447,0.0,60940.14
1.2836602000170387,60930.12,3.24,0.3453222340028966,0.029291505000425964,2.0114785010171237,0.0,60940.14
1.2958956999937072,60890.03,3.24,0.34740226899893023,0.029597392499842674,2.0237751784936755,0.0,60950.18
1.3079045999911614,60890.03,3.24,0.3494437819984974,0.02962095400008839,2.035804599991161,0.0,60940.14
1.3200478999933694,60880.02,3.24,0.35150814299887273,0.029500478999933688,2.0479474209934354,0.0,60950.18
1.3294489000109024,61000.36,3.24,0.35310631300185336,0.029594489000109022,2.057254411010793,0.0,60960.21
1.3418948000180535,61000.36,3.24,0.35521264200297875,0.029756844000541596,2.0695379560175113,0.0,60940.14
1.3533975000027567,60960.21,3.24,0.3571105875004548,0.030101925000082692,2.0806955750026734,0.0,60940.14
1.3655321999976877,60940.14,3.24,0.35908515199963,0.03013403400006938,2.092355589997803,0.0,60940.14
1.3780422999989241,60960.21,3.24,0.3610867679998278,0.029758731000032287,2.104240184998978,0.0,60940.14
1.3902085000008808,60980.28,3.24,0.3629823175001365,0.030465637500066034,2.115389735000801,0.0,60940.14
1.4029557000030763,60900.06,3.24,0.3649581335004768,0.03114088599993848,2.1270192440028297,0.0,60930.12
1.4155164000112563,60930.12,3.24,0.3669050420017447,0.03088967199977488,2.1385750880103553,0.0,60910.07
1.4270642000192308,60799.96,3.24,0.368765593003173,0.031153210000961534,2.149410990018269,0.0,60900.06
1.439367899991339,60900.06,3.24,0.37079570349857094,0.031768394999566955,2.1610995049917725,0.0,60900.06
1.4513442000024954,60910.07,3.24,0.37277179300041174,0.031629836999962566,2.1727605950024333,0.0,60900.06
1.4640264000045136,60870.0,3.24,0.3748844880007673,0.03170132000022568,2.1852264000045136,0.0,60900.06
1.4760479000105988,60860.0,3.24,0.3769281430018018,0.03230239500052994,2.197247900010599,0.0,60890.03
1.485527800017735,60789.97,3.24,0.3785673650031036,0.032472360999911326,2.206921273018356,0.0,60890.03
1.4977690000087023,60970.25,3.24,0.3807095750015229,0.03241115499995649,2.219590915009007,0.0,60890.03
1.5087699000141583,60950.18,3.24,0.3826785820025485,0.032312300999858413,2.2312399435150785,0.0,60890.03
1.5210351000132505,60890.03,3.24,0.38489149350245133,0.03222587750033126,2.244307557014178,0.0,60890.03
1.5332782000186853,60890.03,3.24,0.3871564670034568,0.032531955000467135,2.2574076740199933,0.0,60890.03
1.5456242999935057,60880.02,3.24,0.389356130998896,0.03267187850003247,2.270336785993376,0.0,60890.03
1.558136800013017,61040.54,3.25,0.39148325600221284,0.03260931599993491,2.2830995360132773,0.0,60890.03
1.5702866000065112,60940.14,3.24,0.39344585600104176,0.03270286600006511,2.294720837006153,0.0,60890.03
1.5835702999902423,60910.07,3.24,0.3955533964984876,0.03297851499951211,2.307095418491267,0.0,60880.02
1.5957320000161417,60819.96,3.24,0.39743846000250194,0.03358660000080708,2.3179801400144466,0.0,60880.02
1.6077090000035241,60870.0,3.24,0.3992563500005286,0.03349163999985904,2.328622465003119,0.0,60880.02
1.6192221000092104,60829.98,3.24,0.40098331500138157,0.03303111599963159,2.338811558508151,0.0,60910.07
1.6313528000027873,60839.98,3.24,0.40285968400043204,0.03351087600012542,2.349831048002536,0.0,60890.03
1.6397858000127596,60880.02,3.24,0.4041667990019777,0.03389036100057418,2.357505078011611,0.0,60890.03
1.6521919000078924,60950.18,3.24,0.40615070400126274,0.03377808099992108,2.369343264507537,0.0,60880.02
1.6645411000063177,60930.12,3.24,0.408171987001074,0.03404058250047382,2.381250278006191,0.0,60880.02
1.6765936000156216,60950.18,3.24,0.41022091200265565,0.03494452000117161,2.393061728015309,0.0,60890.03
1.688941700005671,60890.03,3.24,0.41232008900096406,0.03506587449991494,2.405386408505699,0.0,60890.03
1.7024349000130312,60930.12,3.24,0.41462610750228046,0.03498522150045608,2.419056645013683,0.0,60900.06
1.7145946999953594,60860.0,3.24,0.4167540724991879,0.03541081449983757,2.4318244349951272,0.0,60900.06
1.7271398000011686,60860.0,3.24,0.4190208630002162,0.03538580599996495,2.4452109840012617,0.0,60900.06
1.7393155000172555,60920.09,3.24,0.4212733675031922,0.03502053499948234,2.4583607400186356,0.0,60900.06
1.7513480999914464,60890.03,3.24,0.4234993984984175,0.035113480999914466,2.4714694289906762,0.0,60900.06
1.7633940000087023,60900.06,3.24,0.42571092000156635,0.035216970000043514,2.4844467300090938,0.0,60920.09
1.7754336000070907,60890.03,3.24,0.4278780480012763,0.03527716800003545,2.4970281120074094,0.0,60920.09
1.7871737999957986,60920.09,3.24,0.4298119389993488,0.035443475999915965,2.508471633996092,0.0,60920.09
1.7965335999906529,60920.09,3.24,0.43126270799855115,0.035630671999813054,2.5171762479913067,0.0,60920.09
1.8088258999923714,61020.44,3.25,0.4330797554988938,0.035876517999847424,2.5279020149935154,0.0,60920.09
1.8212862999935169,60920.09,3.24,0.4348929449990275,0.036151451999740666,2.538519080994359,0.0,60920.09
1.8326875999919137,60940.14,3.24,0.43660313999878697,0.036607503999676536,2.5484382119929645,0.0,60920.09
1.8450504000065846,60819.96,3.24,0.43848281200102057,0.0369,2.5594463680060575,0.0,60920.09
1.8577439000073352,60930.12,3.24,0.4404503045011369,0.0369,2.5711243880067483,0.0,60920.09
1.8706145000178365,60900.06,3.24,0.44255139250294295,0.03743072500089181,2.583496065017301,0.0,60900.06
1.8828004999959378,60849.98,3.24,0.44457608499930934,0.037857992500060944,2.5953864974959577,0.0,60900.06
1.894964200007962,60900.06,3.24,0.4466439140013535,0.03767553699988058,2.6074893790079217,0.0,60890.03
1.9060479000036137,60890.03,3.24,0.44855838250063235,0.0377814370001084,2.6187293370037215,0.0,60880.02
1.9182366000022737,60940.14,3.24,0.45069140500039784,0.0381470980000682,2.6312836980023415,0.0,60890.03
1.9306556000083217,60870.0,3.24,0.4529180080014979,0.038040165999875176,2.6445014920089043,0.0,60890.03
1.943029799993383,60880.02,3.24,0.45517566199874276,0.03796059599986766,2.6578176309927546,0.0,60890.03
1.9550596000044604,60870.0,3.24,0.4574613240008475,0.03820119200008921,2.670990262004884,0.0,60890.03
1.9639002000039913,60829.98,3.24,0.45908253500069846,0.038280498999980046,2.680534212004231,0.0,60890.03
1.976666100003058,60910.07,3.24,0.4613165675005351,0.03821666949998471,2.694066066003242,0.0,60890.03
1.9892554999969434,60950.18,3.24,0.46342715749949565,0.038431387499923586,2.7065315574970503,0.0,60880.02
2.000215800013393,60910.07,3.24,0.4652334490020759,0.03870215800013393,2.717095299012121,0.0,60880.02
2.0124196000106167,60890.03,3.24,0.46712503800164557,0.03882419600010616,2.728139738009608,0.0,60870.0
2.024904999998398,60890.03,3.24,0.4690602749997517,0.03899809999996796,2.739414499998558,0.0,60860.0
2.037158899998758,60860.0,3.24,0.47095962949980746,0.03924317799997516,2.7504430099988824,0.0,60870.0
2.049531399999978,60839.98,3.24,0.4728297099999967,0.0393,2.76153060299998,0.0,60870.0
2.0617642000142955,60680.14,3.24,0.4746734510022158,0.03939703100078625,2.772487780012866,0.0,60870.0
2.0747776000062004,60839.98,3.24,0.476690528000961,0.04011276800034102,2.7841998400055803,0.0,60860.0
2.086880599992583,60829.98,3.24,0.47856649299885035,0.040365597000037085,2.795298957993102,0.0,60860.0
2.0983665999956433,60870.0,3.24,0.48034682299932474,0.04030816700002179,2.8059809379959484,0.0,60860.0
2.1104235000093468,60890.03,3.24,0.4823198775015422,0.04050847000018693,2.817662912509113,0.0,60849.98
2.1190800000040326,60870.0,3.24,0.4837482000006654,0.04068160000008065,2.8261030000039318,0.0,60849.98
2.13247670000419,60849.98,3.24,0.4861458060007542,0.04051284949993715,2.839913384504337,0.0,60849.98
2.1446745000139344,60890.03,3.24,0.4883414100025082,0.040516862500348354,2.8527017150149097,0.0,60849.98
2.156961800006684,60880.02,3.24,0.49055312400120304,0.04082404500016709,2.8658491260071517,0.0,60860.0
2.1692900999914855,60819.96,3.24,0.49281866849842476,0.04108580199982971,2.879086857490847,0.0,60860.0
2.181722500012256,60829.98,3.24,0.4951014375021448,0.04134306250030641,2.8923914000127464,0.0,60860.0
2.194138799997745,60849.98,3.24,0.4972742899996054,0.04165346999994362,2.9053043519976547,0.0,60849.98
2.2064501999993804,60819.96,3.24,0.49936428299989777,0.04173549800000619,2.9176889449993957,0.0,60849.98
2.2180059000093024,60860.0,3.24,0.5012709735015349,0.04161994099990698,2.9289557525090695,0.0,60849.98
2.2297871000191662,60860.0,3.24,0.5031659360030666,0.04228509700134162,2.94005093851792,0.0,60849.98
2.242151600017678,60890.03,3.24,0.5051334980027401,0.0429031779992045,2.951590230016352,0.0,60860.0
2.253868200001307,60740.02,3.24,0.5069495710002025,0.0423759309999412,2.962428085001209,0.0,60860.0
2.2661803000082723,60839.98,3.24,0.5088888480013235,0.04237811350037224,2.973909482007776,0.0,60860.0
2.2756007999996655,60920.09,3.24,0.5103961279999465,0.04280203599998493,2.982764751999685,0.0,60860.0
2.2881526999990456,60900.06,3.24,0.5124044319998472,0.043081526999990453,2.9945227744991074,0.0,60860.0
2.300424200017005,60880.02,3.24,0.5143678720027207,0.0432084840003401,3.0060029900161545,0.0,60839.98
2.3125880000006873,60900.06,3.24,0.5163140800001099,0.043451760000013745,3.0175586000006525,0.0,60839.98
2.3251831000088714,60839.98,3.24,0.5183811270015081,0.043625915500044354,3.029757184508827,0.0,60839.98
2.3362689999921713,60799.96,3.24,0.520265729998669,0.043681344999960854,3.04078765499221,0.0,60819.96
2.3497181000129785,60809.97,3.24,0.5226006675022712,0.043845771500194676,3.054461052513303,0.0,60809.97
2.361849300010363,60809.97,3.24,0.5247236275018134,0.04402773950015544,3.066895532510622,0.0,60809.97
2.3730730999959633,60819.96,3.24,0.5266877924992935,0.04419609649993944,3.078399927495862,0.0,60809.97
2.3851087999937595,60779.97,3.24,0.528768495998939,0.04440217599987518,3.0905832559937902,0.0,60809.97
2.3974868000077554,60789.97,3.24,0.5308727560013183,0.0446497360001551,3.1028993660077164,0.0,60809.97
2.4097497000184376,60809.97,3.24,0.5328599520029499,0.04474874850009218,3.1147597120176997,0.0,60809.97
2.422199299995555,60819.96,3.24,0.5348628844992666,0.044876975499844415,3.1267113279957326,0.0,60819.96
2.4315846000099555,60789.97,3.24,0.5364114590016426,0.04520546100034844,3.135721216009557,0.0,60819.96
2.444087000010768,60860.0,3.24,0.5384743550017767,0.04535695499962312,3.1477848250104987,0.0,60819.96
2.4562335000082385,60900.06,3.24,0.5404785275013594,0.044931827499711655,3.1596276625080324,0.0,60819.96
2.4684226000099443,60849.98,3.24,0.5425318420016906,0.04534746900064638,3.1716804870098945,0.0,60819.96
2.4806566000042953,60849.98,3.24,0.5446116220007302,0.04608686799991409,3.1838533170042735,0.0,60829.98
2.491983200015966,60610.38,3.24,0.5465371440027142,0.04586033599968068,3.195123284015886,0.0,60829.98
2.5053917999903206,60870.0,3.24,0.5487896469984029,0.04586175399970962,3.2084378819904176,0.0,60829.98
2.5176437000045553,60789.97,3.24,0.5508112105007517,0.04622931100013666,3.2205672630045097,0.0,60799.96
2.5299716000154153,60779.97,3.24,0.5528951720026206,0.0463,3.232722026015184,0.0,60789.97
2.540851300000213,60829.98,3.24,0.5547404645000351,0.04629574349999894,3.243434274000209,0.0,60789.97
2.5531765999912754,60730.03,3.24,0.5567741389985604,0.04623411700004362,3.25551306799145,0.0,60789.97
2.5653953000146434,60740.02,3.24,0.5588172010024893,0.0463618590004393,3.267514370514424,0.0,60799.96
2.5777697000012267,60799.96,3.24,0.5609208490002086,0.0467330910000368,3.2797031545012083,0.0,60789.97
2.585917699994752,60720.05,3.24,0.5622764204991341,0.046947942499868806,3.2876993459948567,0.0,60799.96
2.599270400009118,60870.0,3.24,0.5644796160015044,0.04728176000022795,3.3007849920089356,0.0,60799.96
2.6116444999934174,60819.96,3.24,0.5665213424989138,0.047067110000131654,3.3127369424936477,0.0,60760.0
2.6227442999952473,60799.96,3.24,0.5683253664992632,0.04707837949969106,3.3233384774956036,0.0,60760.0
2.634998199995607,60750.0,3.24,0.5702247209993191,0.04787488299971446,3.3346733349959368,0.0,60799.96
2.64767259999644,60799.96,3.24,0.5721892529994482,0.0480465480000712,3.3462437029967784,0.0,60760.0
2.660083199996734,60760.0,3.24,0.5741128959994938,0.047805823999771374,3.357476959996979,0.0,60799.96
2.6723232000076678,60760.0,3.24,0.5760100960011886,0.04866262400053673,3.368798960007093,0.0,60789.97
2.6847032000077884,60750.0,3.24,0.577999544001324,0.049082419999805296,3.3805326520076715,0.0,60760.0
2.6970212000014726,60819.96,3.24,0.5800936040002503,0.04877446999996319,3.39266588200145,0.0,60760.0
2.709576900000684,60750.0,3.24,0.5822759575001196,0.048891538000013675,3.4056078605007145,0.0,60789.97
2.721508200018434,60819.96,3.24,0.5843790170034102,0.04910754100009217,3.418143938020093,0.0,60789.97
2.7333138000103645,60789.97,3.24,0.5865630530019174,0.04916656900005182,3.431012042011297,0.0,60789.97
2.7419875999912615,60650.23,3.24,0.5881776439983396,0.049219875999912614,3.440476421990431,0.0,60789.97
2.755061600008048,60819.96,3.24,0.5906617040015291,0.04935061600008048,3.4547924520088125,0.0,60789.97
2.767249600001378,60789.97,3.24,0.5928686800002411,0.04943624800000689,3.467739584001433,0.0,60789.97
2.778616700001294,60860.0,3.24,0.5948579225002263,0.04949308350000647,3.4795613680013453,0.0,60789.97
2.7908605000120588,60930.12,3.24,0.5968919825019896,0.049825815000361755,3.491426080011576,0.0,60769.98
2.8034538000065363,60769.98,3.24,0.5989353390010131,0.0501,3.503342958005948,0.0,60750.0
2.8155915999959684,60730.03,3.24,0.6008166979993751,0.0501,3.5143883559963314,0.0,60750.0
2.828241800016258,60730.03,3.24,0.6027362700024387,0.05047088100073159,3.525735202014469,0.0,60750.0
2.841019100014819,60700.09,3.24,0.6046528650022228,0.05097961799970362,3.5371069990131887,0.0,60750.0
2.853340900008334,60750.0,3.24,0.60650113500125,0.05073318199983333,3.5480734010074166,0.0,60750.0
2.8645494999946095,60730.03,3.24,0.6082051724991645,0.050781979999784364,3.558140044995094,0.0,60750.0
2.876538200012874,60730.03,3.24,0.6100634210019954,0.05126152800051494,3.5690497620117148,0.0,60750.0
2.8888323999999557,60750.0,3.24,0.6120131839999928,0.05131167600000045,3.580546617999958,0.0,60750.0
2.8973326999985147,60750.0,3.24,0.6133732319997623,0.051226673000014857,3.588579401498596,0.0,60750.0
2.9097880000190344,60849.98,3.24,0.6154150200031406,0.05149364000057102,3.6006433000185583,0.0,60769.98
2.9221565000189003,60819.96,3.24,0.6174773875033075,0.051875477500661495,3.612799630019278,0.0,60769.98
2.9344071999948937,60819.96,3.24,0.6196212599991064,0.05230425199982128,3.6252953439947913,0.0,60769.98
2.9470421000150964,60779.97,3.24,0.6219027885027929,0.05274647350052837,3.6387110995165304,0.0,60769.98
2.959624100010842,60769.98,3.24,0.6242304585020058,0.05318684350037947,3.652488389511872,0.0,60779.97
2.971994099993026,60769.98,3.24,0.6265788789986749,0.05302008850010461,3.6663333919921888,0.0,60779.97
2.9835837999999058,60769.98,3.24,0.6287630029999826,0.053007513999997175,3.6791884229998977,0.0,60769.98
2.9957357000093907,60769.98,3.24,0.6310111045017373,0.05337207100028172,3.692373234510189,0.0,60769.98
3.0078080999956,60789.97,3.24,0.633127376999252,0.053382878500066,3.7048080999956,0.0,60769.98
3.019965300016338,60819.96,3.24,0.6351941010027774,0.053200520499754926,3.716965300016338,0.0,60769.98
3.0321907000034116,60760.0,3.24,0.6370895585005287,0.05368762800013646,3.7280935370031045,0.0,60769.98
3.04436210001586,60730.03,3.24,0.638954315002379,0.0540436210001586,3.7390386480139566,0.0,60769.98
3.0568684000172652,60829.98,3.24,0.6408302600025898,0.05416868400017265,3.7500441920151935,0.0,60769.98
3.06538559999899,60819.96,3.24,0.6421078399998484,0.05428078399998485,3.7576201119990964,0.0,60789.97
3.0776908000116237,60769.98,3.24,0.6439536200017435,0.05446536200017435,3.7686332660104034,0.0,60819.96
3.089649100002134,60760.0,3.24,0.6458438560003414,0.054451754499989326,3.7796736630019847,0.0,60769.98
3.1031890000158455,60880.02,3.24,0.6480261850026144,0.05454350500071304,3.7923614400152115,0.0,60769.98
3.115405999997165,60769.98,3.24,0.6500419899995322,0.05509326999987242,3.8040897599972783,0.0,60819.96
3.1278003999905195,60890.03,3.24,0.6521260679983883,0.0553,3.8163784039904245,0.0,60769.98
3.1400862000009515,60829.98,3.24,0.6542155160001712,0.055301293000014275,3.828790941001004,0.0,60769.98
3.1523011999961454,60760.0,3.24,0.6564142159993062,0.05548451799994218,3.8416777659959336,0.0,60769.98
3.164677299995674,60769.98,3.24,0.6586419139992213,0.055529840500064896,3.854781324495393,0.0,60769.98
3.1768115000159014,60870.0,3.24,0.6608260700028622,0.055347827499761484,3.867704247516935,0.0,60769.98
3.1879947000124957,60730.03,3.24,0.6628390460022492,0.05569973500062479,3.879574382013246,0.0,60829.98
3.200307499995688,60829.98,3.24,0.6650538124992454,0.05629692500004312,3.892616724995559,0.0,60829.98
3.2124316999979783,60750.0,3.24,0.6671755474996462,0.05617568300002022,3.9051046509979175,0.0,60829.98
3.2213754999975204,60710.06,3.24,0.6687269574995908,0.056141264999925604,3.9142411124975824,0.0,60829.98
3.234316399990348,60930.12,3.24,0.6708622059984074,0.05652949199971045,3.9268584899905896,0.0,60829.98
3.2466993000125512,60890.03,3.24,0.6728718880020081,0.05663300699987449,3.9386303490116727,0.0,60829.98
3.2578248000063468,60900.06,3.24,0.6746519680010155,0.05652175199993654,3.9489770640059025,0.0,60829.98
3.2699312999902763,60829.98,3.24,0.6764896949985415,0.05694690849956244,3.959938169991249,0.0,60829.98
3.2825603999954183,60760.0,3.24,0.67839686199929,0.057438405999931275,3.971291557995899,0.0,60829.98
3.294793400011258,60819.96,3.24,0.6802929770017451,0.057621901000168875,3.9822400930100756,0.0,60829.98
3.3068322000035555,60829.98,3.24,0.6821589910005511,0.05773416100001778,3.993151463003253,0.0,60829.98
3.3190210000029765,60829.98,3.24,0.6840482550004614,0.05779510500001488,4.0043042150027235,0.0,60829.98
3.3315679999941494,60839.98,3.24,0.6860508799990639,0.05797351999991224,4.016189599994442,0.0,60829.98
3.343917899997905,60819.96,3.24,0.6880660429996438,0.058256715999916185,4.0281178999979055,0.0,60839.98
3.3559772000007797,60849.98,3.24,0.6901161240001326,0.05873908800003119,4.04017720000078,0.0,60849.98
3.3680306000169367,60870.0,3.24,0.6922455080030486,0.058819693999830634,4.052551824017614,0.0,60849.98
3.3764544000150636,60849.98,3.24,0.6937617920027114,0.05873545599984937,4.061312576015666,0.0,60860.0
3.388978400005726,61060.64,3.25,0.6959712200010021,0.05887956800011452,4.074427320006013,0.0,60870.0
3.4015056999924127,60900.06,3.24,0.6981634974986722,0.059107528499962064,4.087543342492223,0.0,60870.0
3.413841500005219,60910.07,3.24,0.7003222625009133,0.0591692075000261,4.10018753750535,0.0,60870.0
3.4264451999915764,60870.0,3.24,0.702495683998568,0.059264451999915764,4.1128162959917445,0.0,60900.06
3.4391677000094205,60860.0,3.24,0.7046585090016014,0.059391677000094206,4.1252843460092326,0.0,60910.07
3.4513694999914155,60940.14,3.24,0.7066759674985835,0.05957054249987123,4.13718526249163,0.0,60920.09
3.4636839000158943,60930.12,3.24,0.7087078435026225,0.05973683900015894,4.149247061015735,0.0,60920.09
3.4760448000160977,60870.0,3.24,0.7107473920026561,0.05986044800016098,4.161484352015937,0.0,60930.12
3.4881177000061143,60930.12,3.24,0.7127800090010394,0.06006235400012228,4.173395934506023,0.0,60930.12
3.4999647999939043,60920.09,3.24,0.7147940159989636,0.06029929599987808,4.185065327993995,0.0,60930.12
3.5117715999949723,60960.21,3.24,0.7168011719991453,0.060829721999773746,4.196812741994997,0.0,60940.14
3.524042900011409,61060.64,3.25,0.7188670785018825,0.06115957099988591,4.208941827511124,0.0,60950.18
3.5332087000133474,60930.12,3.24,0.7203794355022023,0.061067912999866525,4.217878482513013,0.0,60950.18
3.545399800001178,60960.21,3.24,0.7223639680001884,0.06124299100005299,4.229629810001119,0.0,60960.21
3.5566737000190187,61000.36,3.24,0.724167792003043,0.061750316500855836,4.2403400150180675,0.0,60960.21
3.569996300007915,60950.18,3.24,0.7263493895013059,0.06199996300007915,4.253096448007598,0.0,60970.25
3.582343599991873,61080.75,3.25,0.728386693998659,0.06213515399987809,4.265031881991913,0.0,61000.36
3.5947271999903023,60950.18,3.24,0.7304299879983998,0.06232090799985453,4.277353563990351,0.0,60980.28
3.607022000011056,61010.39,3.24,0.7324937400018795,0.06236488999994472,4.2896220000110565,0.0,60980.28
3.6192581999930553,61010.39,3.24,0.7345738939988193,0.06230370900003473,4.301858199993055,0.0,61000.36
3.6314739999943413,60970.25,3.24,0.7366505799990379,0.062472109999915114,4.313787149994482,0.0,61000.36
3.6436925000161864,61010.39,3.24,0.7386723375025088,0.06267385000032373,4.325570950015215,0.0,61010.39
3.6556213000149,60980.28,3.24,0.7405213015023094,0.06291242600029799,4.3367840220140055,0.0,61010.39
3.6670795000100043,60970.25,3.24,0.7422973225015506,0.06310619250015005,4.347342345009103,0.0,61010.39
3.679340400005458,61020.44,3.25,0.7441977620008459,0.06329010600008186,4.358499764004966,0.0,61010.39
3.6877946000022352,61000.36,3.24,0.7455471360003576,0.06357281100007824,4.36638795100209,0.0,61020.44
3.7010340999986515,61070.69,3.25,0.7476757969997708,0.06401551149997978,4.3788237589986645,0.0,61020.44
3.7132622000062843,61070.69,3.25,0.7497545740010684,0.06419893300009426,4.390929578006221,0.0,61020.44
3.7256029999989555,61070.69,3.25,0.7518805249998172,0.0643,4.403455134998908,0.0,61020.44
3.738117900007637,61020.44,3.25,0.7540706325013365,0.0643,4.416533205507981,0.0,61040.54
3.750304899993352,61060.64,3.25,0.7563064064987701,0.06460914699980057,4.42962929199282,0.0,61060.64
3.7624701000167993,61020.44,3.25,0.7585569685031078,0.06486294849974801,4.442767708018144,0.0,61070.69
3.7747201000165664,61070.69,3.25,0.7608232185030648,0.06467919849975151,4.455997708017892,0.0,61060.64
3.7870951000077184,61000.36,3.24,0.7630061670013122,0.06456452449996142,4.468866051007796,0.0,61060.64
3.7994445000076666,61040.54,3.25,0.7651055650013033,0.06450277749996167,4.481338945007743,0.0,61040.54
3.8115333000023384,61080.75,3.25,0.7670453280003741,0.06473066600004676,4.492625969002175,0.0,61060.64
3.822778400004608,61272.25,3.25,0.7688167600006912,0.06499724400016128,4.502944992004055,0.0,61050.58
3.8354448000027332,61020.44,3.25,0.7707167200004099,0.06544056800009566,4.514091424002404,0.0,61060.64
3.847594399994705,61060.64,3.25,0.7725391599992056,0.06578985999986763,4.52478307199534,0.0,61060.64
3.856077900010859,61020.44,3.25,0.7738116850016289,0.06600194750027148,4.532248552009556,0.0,61060.64
3.867860700003803,61151.21,3.25,0.7756184085005895,0.06625721400007607,4.542931844003499,0.0,61060.64
3.8800806000072043,61050.58,3.25,0.7775128960011526,0.0665020150001801,4.5541765700068435,0.0,61050.58
3.892517400003271,61100.87,3.25,0.7795027840005233,0.06681293500008179,4.5659915300031075,0.0,61050.58
3.9050966000068,61070.69,3.25,0.781566422001156,0.067050966000068,4.578120151006698,0.0,61050.58
3.9173055000137538,61010.39,3.24,0.7836419350023381,0.06717305500013754,4.5901459175135475,0.0,61050.58
3.929837400006363,61050.58,3.25,0.7858215450011136,0.06724918700003181,4.6029325220065544,0.0,61050.58
3.942272500018589,61050.58,3.25,0.788020412503439,0.0673,4.61586566252017,0.0,61050.58
3.955106100009288,61050.58,3.25,0.7903946285017183,0.0673,4.629790118510078,0.0,61050.58
3.967143400019267,61010.39,3.24,0.7926572460036607,0.06744286800038533,4.6431363250216755,0.0,61050.58
3.9791201000043657,61050.58,3.25,0.7949328190008295,0.06768240200008731,4.656610112504912,0.0,61050.58
3.991278200002853,61070.69,3.25,0.7971864670005278,0.06786917300004279,4.670006020003139,0.0,61070.69
4.002764200005913,61090.82,3.25,0.7992837350010348,0.06805528400011827,4.682419484006031,0.0,61080.75
4.011246200010646,61090.82,3.25,0.8007680850018631,0.06822492400021293,4.691071124010859,0.0,61090.82
4.023567099997308,61181.45,3.25,0.8028529004995828,0.06841783549998655,4.7032817319975235,0.0,61090.82
4.0359258000098635,61151.21,3.25,0.8047684990015288,0.06847962900004932,4.714651736009074,0.0,61090.82
4.048225100006675,61131.07,3.25,0.8066337650010014,0.06882900400026702,4.725514711505774,0.0,61090.82
4.060448400006862,61080.75,3.25,0.8084627760009608,0.06930224200003432,4.736076656005764,0.0,61090.82
4.072604400018463,61100.87,3.25,0.8101646160025848,0.06936302200009231,4.746287696015509,0.0,61100.87
4.084932199999457,61050.58,3.25,0.8119151689999213,0.06949864399998915,4.756741691999534,0.0,61121.0
4.0972956999903545,61080.75,3.25,0.8137078764986014,0.06974591399980709,4.767374301991706,0.0,61100.87
4.109591999993427,61151.21,3.25,0.8155867599989812,0.07013571999976993,4.778284839994117,0.0,61100.87
4.121838799997931,60990.31,3.24,0.817494207999669,0.0704356420000724,4.789356053998024,0.0,61080.75
4.134322199999588,61121.0,3.25,0.8194915519999341,0.06999872300001443,4.801277700999607,0.0,61100.87
4.1465435000136495,61151.21,3.25,0.8215451125023887,0.07009445750061423,4.8133089350137865,0.0,61090.82
4.158802499994636,61100.87,3.25,0.8236904374990611,0.07064611249975859,4.825690524994582,0.0,61100.87
4.170882200007327,61060.64,3.25,0.8258587960013188,0.07108087700025645,4.8385983650078765,0.0,61121.0
4.179489200003445,61060.64,3.25,0.8274080560006202,0.07138212200012059,4.847850890003704,0.0,61100.87
4.191566099994816,61231.87,3.25,0.8296975589990151,0.07099518650018143,4.861354031994194,0.0,61100.87
4.203944200009573,61090.82,3.25,0.8320296770017712,0.0709563730006223,4.8751188990104835,0.0,61100.87
4.216136800008826,61201.61,3.25,0.8342853080016328,0.0717488920005737,4.888469796009664,0.0,61100.87
4.228681100008544,61141.14,3.25,0.8365191925014952,0.07173956699974368,4.901598127508757,0.0,61110.94
4.240867899992736,61040.54,3.25,0.8386432034988016,0.07144773449960053,4.914037523492991,0.0,61121.0
4.253057199995964,60940.14,3.24,0.8406544379993341,0.07211814599977803,4.9258001979961055,0.0,61121.0
4.266147000016645,61110.94,3.25,0.8427835200026632,0.0725,4.938308915015729,0.0,61121.0
4.277578100009124,61121.0,3.25,0.8446124960014598,0.0725,4.949111304508622,0.0,61121.0
4.290676400007214,61171.36,3.25,0.8466548420011183,0.07233985399989178,4.961115524006565,0.0,61121.0
4.302539099997375,61151.21,3.25,0.8484808649996063,0.07237773699981628,4.971859798997664,0.0,61121.0
4.314218899991829,61100.87,3.25,0.8502328349987743,0.07319532299942806,4.982254820992728,0.0,61141.14
4.326436300005298,61141.14,3.25,0.8520976265008212,0.07353563699994702,4.993289214504848,0.0,61141.14
4.33578339999076,61110.94,3.25,0.8535464269985678,0.0734421660000924,5.001841810991546,0.0,61151.21
4.348058600007789,61241.96,3.25,0.8555296690012852,0.07392380900050632,5.013516842007556,0.0,61151.21
4.36038590001408,61282.35,3.25,0.8575675325024642,0.0746980704999296,5.025495547514433,0.0,61141.14
4.372834800014972,61221.77,3.25,0.8597460900026201,0.07463582599992515,5.038255670015347,0.0,61141.14
4.385130600014236,61110.94,3.25,0.8619235080025625,0.07452304099978646,5.050987130014948,0.0,61141.14
4.397381699993275,61201.61,3.25,0.8641287059987897,0.07433927450010087,5.0638507849929395,0.0,61121.0
4.409605199994985,61121.0,3.25,0.8662809099991224,0.07482828599972419,5.07654138199481,0.0,61141.14
4.422014800016768,61141.14,3.25,0.8684425160028506,0.07529925999916158,5.089334948016936,0.0,61131.07
4.433995800005505,61110.94,3.25,0.8704792860009359,0.07470020999972474,5.10143575800556,0.0,61121.0
4.446263099991484,61090.82,3.25,0.8725647269985524,0.07480710149944646,5.113700468991569,0.0,61121.0
4.458292700001039,61050.58,3.25,0.8746097590001766,0.07558902550006752,5.125609773001028,0.0,61131.07
4.470380200014915,61161.29,3.25,0.8766127330024611,0.07544049499962711,5.137264992014319,0.0,61131.07
4.482507300010184,61131.07,3.25,0.8785886315015785,0.07530029200040737,5.148831789009471,0.0,61141.14
4.4915547000127845,61110.94,3.25,0.8799909785019816,0.07566218800051139,5.15724587101189,0.0,61141.14
4.502848500007531,61211.69,3.25,0.8817557600012049,0.07607121250018826,5.167777590007079,0.0,61151.21
4.51530240001739,61141.14,3.25,0.8837483840027824,0.07638256000043475,5.179484256016347,0.0,61151.21
4.52772109999205,61161.29,3.25,0.885735375998728,0.07661581649988075,5.191157833992527,0.0,61151.21
4.540051999996649,61211.69,3.25,0.8877083199994639,0.07680285999981569,5.202748619996867,0.0,61151.21
4.551963600009913,61252.06,3.25,0.8896141760015861,0.0774579980005452,5.2138859660092685,0.0,61161.29
4.564449900004547,61151.21,3.25,0.8916342335007503,0.07787775049997726,5.225694153504389,0.0,61171.36
4.57660770000075,61131.07,3.25,0.8936402705001237,0.07781696149999624,5.237426430500724,0.0,61161.29
4.589907400019001,61121.0,3.25,0.8959337950033253,0.0778,5.250855085019476,0.0,61161.29
4.601921900000889,61181.45,3.25,0.8980363325001557,0.07781921900000889,5.263198776000924,0.0,61171.36
4.613362400006736,61191.52,3.25,0.9000384200011787,0.07793362400006736,5.275096896007005,0.0,61161.29
4.625682000012603,61171.36,3.25,0.9021943500022055,0.07794317999987398,5.287767230012792,0.0,61161.29
4.637910999997985,61151.21,3.25,0.9043344249996473,0.07782089000002014,5.3001796649979545,0.0,61171.36
4.646165999991354,61090.82,3.25,0.9056865599986166,0.07823161999939476,5.308250189991656,0.0,61171.36
4.659040400001686,61282.35,3.25,0.9077464640002698,0.07913282800011802,5.320673986001627,0.0,61171.36
4.670585200015921,61161.29,3.25,0.9095936320025474,0.07904122199976119,5.3314971620148865,0.0,61171.36
4.683216500008712,61282.35,3.25,0.9116307225014375,0.07907690750047916,5.343387840008363,1.608250004355972e-05,61161.29
4.695583199994871,61292.45,3.25,0.9136712279991539,0.07975707599971796,5.355259871995077,7.791599997436005e-05,61161.29
4.707816500012996,61110.94,3.25,0.9156897225021443,0.07976550499961012,5.367082005012606,6.0917499935018974e-05,61171.36
4.720333700010087,61151.21,3.25,0.9177550605016644,0.07942002200060526,5.379230363009986,1.6685000504379844e-06,61181.45
4.733137600007467,61171.36,3.25,0.9198677040012322,0.08018825600044806,5.391906224007393,6.568800003733751e-05,61171.36
4.745565099990927,61161.29,3.25,0.9219738924984123,0.08057217450004536,5.4044042274907005,0.0001,61181.45
4.757864300016081,61211.69,3.25,0.9241262525028142,0.0805106784999196,5.417010907516484,0.0001,61171.36
4.769990600005258,61181.45,3.25,0.9262983080009465,0.08089962400021034,5.4295902240054685,0.0001,61171.36
4.781807999999728,61231.87,3.25,0.9284073599999539,0.08129096000000136,5.441853199999723,0.0001,61181.45
4.793984100018861,61171.36,3.25,0.9304772970032064,0.08123007949990568,5.454333702519333,0.0001,61201.61
4.805954500014195,61201.61,3.25,0.9325122650024132,0.08134886250035488,5.466335410013912,0.0001,61201.61
4.815178399992874,61151.21,3.25,0.9340803279987886,0.08157945999982186,5.475374831993017,0.0001,61201.61
4.827400900016073,61272.25,3.25,0.9360841440025718,0.0818110135002411,5.48709385051519,0.0001,61201.61
4.838682000001428,61201.61,3.25,0.9378891200002285,0.08198023000002141,5.497754490001349,0.0001,61201.61
4.850971500010928,61363.22,3.25,0.939800582501694,0.08205485750005465,5.509148637510108,0.0001,61201.61
4.863273399998434,61272.25,3.25,0.9417073769997574,0.08221456899994521,5.520495160998568,0.0001,61201.61
4.875511999998707,61181.45,3.25,0.9436043599997997,0.08264291999995477,5.531693479998817,0.0001,61191.52
4.887894500017865,61191.52,3.25,0.9455236475027691,0.08276052749991067,5.5429445225161675,0.0001,61201.61
4.900069299997995,61201.61,3.25,0.9474110879996792,0.08270277199991981,5.553964448998135,0.0001,61201.61
4.9124726000009105,61131.07,3.25,0.9493956160001458,0.08319890400003643,5.565499518000847,0.0001,61191.52
4.924778300017351,61141.14,3.25,0.951388419502863,0.08373891500086758,5.577158842516917,0.0001,61191.52
4.93716490000952,61181.45,3.25,0.953432208501571,0.08435824500047605,5.589235777509282,0.0001,61191.52
4.949345400003949,61211.69,3.25,0.9555354450006912,0.08393927599976303,5.601532308004028,0.0001,61201.61
4.9613601000164635,61221.77,3.25,0.9576448180029635,0.08342240900148172,5.6138417060174515,0.0001,61201.61
4.970295700011775,61161.29,3.25,0.9592532260021195,0.08422661300105976,5.623313442012482,0.0001,61211.69
4.9830467000138015,61282.35,3.25,0.9615636395025533,0.08499336549951693,5.636936136515113,0.0001,61221.77
4.995560500014108,61262.15,3.25,0.9638786925026099,0.08455538249950623,5.6506387475154485,0.0001,61221.77
5.006540700007463,61231.87,3.25,0.9659100295013807,0.08466162800029853,5.662629363008135,0.0001,61221.77
5.0187463000183925,61201.61,3.25,0.9681680655034027,0.08514985200073572,5.675933467020048,0.0001,61231.87
5.031063500005985,61231.87,3.25,0.9703361125010473,0.08514468249997008,5.688750722506194,0.0001,61231.87
5.043419299996458,61292.45,3.25,0.9724641844994155,0.0851,5.701265431496618,0.0001,61252.06
5.055784900003346,61131.07,3.25,0.974504508500552,0.0851,5.713074579503195,0.0001,61252.06
5.068242400011513,61201.61,3.25,0.976436360001727,0.08542969600046055,5.724435736010247,0.0001,61231.87
5.0804968000156805,61252.06,3.25,0.978274520002352,0.0859,5.735337184013798,0.0001,61252.06
5.092385800002376,61292.45,3.25,0.9800578700003564,0.0859,5.745799504002091,0.0001,61252.06
5.104713500011712,61252.06,3.25,0.9819070250017569,0.08611210750052707,5.756742150010542,0.0001,61252.06
5.116999199992279,61252.06,3.25,0.9837498799988418,0.08666496399965254,5.767799279993051,0.0001,61252.06
5.129194000008283,61221.77,3.25,0.9856710400013253,0.08707582000024851,5.779050420007704,0.0001,61252.06
5.138749200006714,61292.45,3.25,0.9871998720010744,0.08736247600020143,5.7879367560062445,0.0001,61262.15
5.14990580000449,61282.35,3.25,0.9890344570007409,0.0873009419999551,5.798758155004378,0.0001,61282.35
5.162458100006916,61252.06,3.25,0.9911301675012102,0.08737206700048408,5.811119552507089,0.0001,61262.15
5.174755400017602,61262.15,3.25,0.9932821950030805,0.08823287800123218,5.823724285018043,0.0001,61282.35
5.187124499992933,61292.45,3.25,0.9954824099987281,0.088172530000424,5.836687592492474,0.0001,61282.35
5.199532200000249,61322.77,3.25,0.9977157960000449,0.08742806799998504,5.8499017930002655,0.0001,61282.35
5.212493600003654,61373.35,3.25,1.000111316000676,0.08796221200016446,5.863830620003928,0.0001,61282.35
5.224912200006656,61262.15,3.25,1.002359635001165,0.0883,5.877057810006989,0.0001,61262.15
5.236898600007407,61282.35,3.25,1.0044572550012962,0.0883,5.8896435300077785,0.0001,61282.35
5.2490778999927,61191.52,3.25,1.0065886324987225,0.0885269474998175,5.902023289492663,0.0001,61282.35
5.261132500017993,61171.36,3.25,1.0086812000028789,0.08883963750062977,5.914081537517184,0.0001,61282.35
5.273031099990476,61292.45,3.25,1.0105849759984762,0.08925608849966668,5.925444700490905,0.0001,61282.35
5.284870300005423,61241.96,3.25,1.0124548965008406,0.08957305450008135,5.9364832700048815,0.0001,61262.15
5.29438740000478,61292.45,3.25,1.0139300470007409,0.0897158110000717,5.945048660004302,0.0001,61241.96
5.306705499999225,61282.35,3.25,1.0157722974998877,0.08983352749999612,5.955933784999326,0.0001,61241.96
5.317829500010703,61332.88,3.25,1.017385277501552,0.08988914750005352,5.9656116650093125,0.0001,61241.96
5.330155100004049,61221.77,3.25,1.0192232650006074,0.09010310200008098,5.976538039003604,0.0001,61241.96
5.342370600003051,61191.52,3.25,1.0210792960004882,0.09025258799993899,5.987480952002806,0.0001,61241.96
5.354724200005876,61171.36,3.25,1.0230558720009402,0.09000551599988246,5.998846264005406,0.0001,61221.77
5.366966900008265,61252.06,3.25,1.0250495385013638,0.0904225175006199,6.0104230585079765,0.0001,61221.77
5.379480900010094,61191.52,3.25,1.0271143485016654,0.09136106750075705,6.022499068509741,0.0001,61191.52
5.391857200011145,61191.52,3.25,1.0292157240018946,0.09128142799988855,6.035153630011424,0.0001,61191.52
5.4039071000006516,61241.96,3.25,1.0313228135001207,0.09133674850002282,6.04775873900071,0.0001,61191.52
5.416025300015463,61221.77,3.25,1.0335646805028607,0.09176088550054119,6.0609675770168545,0.0001,61191.52
5.428756700013764,61181.45,3.25,1.0359637730026152,0.09181243299986236,6.074932370015141,0.0001,61221.77
5.440369999996619,61161.29,3.25,1.0381665999993916,0.0917129499998817,6.087692199996417,0.0001,61221.77
5.449996600014856,61121.0,3.25,1.0398993880026741,0.09204988100051997,6.097896396015748,0.0001,61231.87
5.462296300014714,61322.77,3.25,1.0420788895024278,0.09244592600029428,6.110761855514493,0.0001,61231.87
5.474616899999091,61282.35,3.25,1.04411178849985,0.09269233799998183,6.122897646499105,0.0001,61231.87
5.486831300018821,61322.77,3.25,1.0461271645031054,0.09307325200075285,6.134723891517974,0.0001,61231.87
5.499286000005668,61231.87,3.25,1.0481821900009352,0.09357144000022673,6.146618130005414,0.0001,61241.96
5.51031770001282,61282.35,3.25,1.0499508320020512,0.0933936459997436,6.157153403512243,0.0001,61241.96
5.5225924999977,61131.07,3.25,1.051914799999632,0.093277774999931,6.168823987497849,0.0001,61252.06
5.535200700018322,61272.25,3.25,1.0539321120029315,0.09365602100054966,6.180612654517131,0.0001,61241.96
5.547410200000741,61191.52,3.25,1.0558485810001148,0.0938741020000074,6.191954435000685,0.0001,61241.96
5.560443599999417,61241.96,3.25,1.0578709759999068,0.0940155259999796,6.204010329999461,0.0001,61231.87
5.57205410001916,61100.87,3.25,1.0597286560030656,0.0944218935006706,6.214750042517723,0.0001,61231.87
5.584154100011801,61252.06,3.25,1.061685426501947,0.0947,6.2261294770114475,0.0001,61231.87
5.5961955999955535,61161.29,3.25,1.0636722739992663,0.0947,6.237809731995688,0.0001,61241.96
5.6086318000161555,61241.96,3.25,1.0657674060027464,0.09482947700024234,6.250218118016318,0.0001,61241.96
5.6171216999937315,61231.87,3.25,1.0672106889989343,0.09495682549990597,6.258792916993669,0.0001,61241.96
5.629457700008061,61221.77,3.25,1.0693550975014108,0.09509457700008062,6.271488719508343,0.0001,61241.96
5.641924800002016,61282.35,3.25,1.071546464000363,0.09526736800007057,6.284392168002087,0.0001,61241.96
5.654815599991707,61322.77,3.25,1.0738668079985072,0.09571854599970975,6.2977341459914165,0.0001,61241.96
5.666093500010902,61241.96,3.25,1.0758358950018534,0.09574766249972745,6.309193500010902,0.0001,61241.96
5.678649900015444,61302.56,3.25,1.0779704830026255,0.0954337524996139,6.321749900015444,0.0001,61262.15
5.690922300011152,61080.75,3.25,1.0799475680017845,0.0960007265006134,6.333585408010706,0.0001,61262.15
5.703593899990665,61262.15,3.25,1.0819750239985064,0.09648203050004668,6.345678265991226,0.0001,61262.15
5.715247200016165,61241.96,3.25,1.0838395520025865,0.09642376399991917,6.3566323680151955,0.0001,61262.15
5.7280237000086345,61282.35,3.25,1.0858837920013815,0.0968814220005181,6.36868239650816,0.0001,61262.15
5.740215900004841,61262.15,3.25,1.087835623500799,0.09759676149992738,6.380207264004648,0.0001,61262.15
5.752307799994014,61322.77,3.25,1.0898307869990125,0.09741538300008978,6.391815487994254,0.0001,61262.15
5.764357100008056,61191.52,3.25,1.0918189215013292,0.09736535650012083,6.403404601507774,0.0001,61272.25
5.772553599992534,61241.96,3.25,1.0931713439987683,0.09748830399988802,6.411314223992796,0.0001,61272.25
5.784853399993153,61312.66,3.25,1.0952250779988362,0.09786693699962347,6.423353399993154,0.0001,61272.25
5.797988700011047,61312.66,3.25,1.097458079001878,0.09858937850060757,6.436488700011047,0.0001,61262.15
5.8104286000016145,61272.25,3.25,1.0996250050002827,0.09875214300000808,6.4491893150016555,0.0001,61272.25
5.8216570999938995,61474.66,3.25,1.1015817069989629,0.0988,6.460698527493747,0.0001,61241.96
5.834176700009266,61231.87,3.25,1.1037100390015753,0.0988,6.473531117509498,0.0001,61241.96
5.8464939999976195,61211.69,3.25,1.1058364499995834,0.0989623499999405,6.486026469997608,0.0001,61231.87
5.859245800005738,61221.77,3.25,1.1080680150010043,0.09928114500014346,6.498842029005767,0.0001,61231.87
5.871729000005871,61312.66,3.25,1.1100766400009394,0.09924135499997064,6.510918485005666,0.0001,61221.77
5.884068899991689,61231.87,3.25,1.1120510239986703,0.09938310049962602,6.522663732492313,0.0001,61221.77
5.896181599993724,61161.29,3.25,1.113989055998996,0.09992817199971761,6.533867979994195,0.0001,61221.77
5.90799160001916,61211.69,3.25,1.1158786560030656,0.1002198740002874,6.54491210401801,0.0001,61221.77
5.919672000018181,61211.69,3.25,1.117747520002909,0.10039508000027272,6.55589168001709,0.0001,61221.77
5.928465500008316,61221.77,3.25,1.1191544800013304,0.10065396500024948,6.564326880007983,0.0001,61221.77
5.940614599996479,61181.45,3.25,1.1211044819994016,0.1010030729999824,6.5759992349965675,0.0001,61221.77
5.953193800000008,61282.35,3.25,1.1232429460000015,0.10106596900000005,6.588263955000008,0.0001,61221.77
5.965868300001603,61272.25,3.25,1.1253682695002645,0.10133473200006411,6.600709617001587,0.0001,61221.77
5.977212800004055,61221.77,3.25,1.127240112000669,0.10178851200016222,6.611940672004015,0.0001,61221.77
5.989572099992074,61322.77,3.25,1.1293751174986129,0.10194786049996037,6.624463541991916,0.0001,61221.77
6.002875000005588,61312.66,3.25,1.1317175000010058,0.1020718750001397,6.638133125005896,0.0001,61221.77
6.014112200005911,61262.15,3.25,1.133740196001064,0.10235280500014779,6.649988371006237,0.0001,61221.77
6.026360699994257,61211.69,3.25,1.1359449259989662,0.10253180349997128,6.663005948993855,0.0001,61221.77
6.038667799992254,61221.77,3.25,1.1381602039986058,0.10259333899996127,6.676174545991712,0.0001,61221.77
6.0508682999934535,61121.0,3.25,1.1403562939988217,0.10276302449990181,6.688903031993192,0.0001,61252.06
6.063200600008713,61191.52,3.25,1.1425280990014377,0.10283598799982574,6.701504582008452,0.0001,61221.77
6.075576800009003,61181.45,3.25,1.1445701720014854,0.10258846399981994,6.713509496008733,0.0001,61221.77
6.087843300017994,61434.11,3.25,1.146476495002699,0.10304903100125958,6.724741320515925,0.0001,61221.77
6.096336999995401,61252.06,3.25,1.1477505499993104,0.1036435899996781,6.73225824499593,0.0001,61221.77
6.108537099993555,61363.22,3.25,1.1495378794990656,0.10381462900006445,6.742927276994393,0.0001,61221.77
6.12086470000213,61221.77,3.25,1.1513297050003195,0.10373891150009586,6.753660936001875,0.0001,61221.77
6.132939500006614,61231.87,3.25,1.153140925000992,0.10428227750029764,6.764286760005821,0.0001,61221.77
6.145227700006217,61201.61,3.25,1.1550364320009947,0.10467841550009326,6.775335622505751,0.0001,61231.87
6.15846760000568,61241.96,3.25,1.1571548160009086,0.10487701400008519,6.7875825300052535,0.0001,61221.77
6.169882999995025,61080.75,3.25,1.158981279999204,0.10504824499992538,6.798586509995174,0.0001,61201.61
6.1830156999931205,61201.61,3.25,1.1611277474987962,0.10529047099979363,6.811460935493018,0.0001,61201.61
6.19533550000051,61201.61,3.25,1.1632837125000894,0.10566006500001533,6.823965532500519,0.0001,61201.61
6.207448900007876,61231.87,3.25,1.1654408020014175,0.10594897800015753,6.836595834008349,0.0001,61201.61
6.219028599996818,61191.52,3.25,1.1675251479994273,0.10618057199993637,6.848870315996628,0.0001,61201.61
6.231074600014836,61201.61,3.25,1.1697488010027446,0.1062,6.861971314016171,0.0001,61201.61
6.243293500010623,61080.75,3.25,1.1720092975019654,0.10624940250015935,6.875256980011473,0.0001,61211.69
6.251843400008512,61211.69,3.25,1.1735910290015747,0.10637765100012768,6.884490872009193,0.0001,61211.69
6.264480100013316,61302.56,3.25,1.1758840175023304,0.10658960200026632,6.897914503013715,0.0001,61211.69
6.2769721999939065,61272.25,3.25,1.1780701349989338,0.10683944399987813,6.910781365993724,0.0001,61211.69
6.2895783999993,61262.15,3.25,1.1801804359998846,0.10718735199997902,6.923143155999325,0.0001,61221.77
6.300933199992869,61252.06,3.25,1.1820446459988947,0.10752799599978607,6.9340492119935115,0.0001,61241.96
6.313229899998987,61171.36,3.25,1.1839506344998432,0.10789689699996963,6.945239208999078,0.0001,61241.96
6.325482999993255,61201.61,3.25,1.1858224499989884,0.10812741499996628,6.95633469999393,0.0001,61252.06
6.337714299996151,61221.77,3.25,1.1876571449994227,0.10818857149998076,6.967342869996536,0.0001,61252.06
6.350937800016254,61241.96,3.25,1.1896953590025194,0.10836406700024381,6.979189331014548,0.0001,61241.96
6.363193199998932,61252.06,3.25,1.1915949459998345,0.10864369399995195,6.990237743999018,0.0001,61241.96
6.374449099996127,61171.36,3.25,1.1933396104993996,0.10915020949982573,7.000593171996437,0.0001,61241.96
6.387245999998413,61282.35,3.25,1.195359359999746,0.1095086899999762,7.012619929998484,0.0001,61241.96
6.399265699990792,61272.25,3.25,1.1972825119985269,0.10968898549986189,7.024098743491207,0.0001,61252.06
6.411281800013968,61211.69,3.25,1.1993743150024445,0.11015127200055873,7.036251027014178,0.0001,61252.06
6.420868599991081,61241.96,3.25,1.2010563479983947,0.11047828500022297,7.046029401990457,0.0001,61252.06
6.433157699997537,61272.25,3.25,1.2032683859995568,0.11017105750006156,7.059178738997365,0.0001,61252.06
6.444343700015452,61302.56,3.25,1.2053035845028586,0.11008687400030905,7.071278070016997,0.0001,61252.06
6.45659680000972,61252.06,3.25,1.2075704080017982,0.1103319360001944,7.084756480010692,0.0001,61241.96
6.469133300008252,61221.77,3.25,1.2098896605015266,0.11044566650004126,7.098181298008748,0.0001,61241.96
6.481621000013547,61211.69,3.25,1.2121674650022354,0.11054863000040642,7.111280475013209,0.0001,61252.06
6.494408300000941,61272.25,3.25,1.2142773695001554,0.11093224900002825,7.123748092500918,0.0001,61252.06
6.5067611999984365,61231.87,3.25,1.2162479859997577,0.11126902999996093,7.135352691998578,0.0001,61231.87
6.519065400003456,61231.87,3.25,1.2181551370005357,0.11157663500008641,7.146549514003145,0.0001,61231.87
6.531028700002936,61252.06,3.25,1.2199543050004404,0.11165514350001468,7.157325830002643,0.0001,61231.87
6.542901600012556,61252.06,3.25,1.221764256002009,0.11178704800037667,7.168069472011552,0.0001,61252.06
6.554515600000741,61191.52,3.25,1.2236224960001185,0.11213546800002223,7.178754352000682,0.0001,61252.06
6.566692199994577,61221.77,3.25,1.2255372909991595,0.11250076599983731,7.1900237459949565,0.0001,61252.06
6.575172800017754,61252.06,3.25,1.2268517840027517,0.11275518400053261,7.197910704016511,0.0001,61252.06
6.587566600006539,61282.35,3.25,1.2288106560010463,0.1129,7.209436938006082,0.0001,61262.15
6.600502899993444,61262.15,3.25,1.230880463998951,0.1129125724998361,7.221480269493739,0.0001,61262.15
6.61285560001852,61282.35,3.25,1.232856896002963,0.113221390000463,7.233277098017687,0.0001,61282.35
6.62479760000133,61292.45,3.25,1.234815592000226,0.11351994000003324,7.244873612001323,0.0001,61282.35
6.636741399997845,61262.15,3.25,1.2368460379996338,0.11381853499994614,7.256757692997856,0.0001,61282.35
6.649235699995188,61282.35,3.25,1.2390624259991339,0.11408471399990376,7.269743663494924,0.0001,61282.35
6.661434400011785,61363.22,3.25,1.2412653640021805,0.11430717200005892,7.2826563240127875,0.0001,61282.35
6.673919399996521,61332.88,3.25,1.2435750889993564,0.1143695969999826,7.2962025489962254,0.0001,61292.45
6.686126300017349,61332.88,3.25,1.2457721025030362,0.1143387369998265,7.309171352018044,0.0001,61302.56
6.6984708000090905,61272.25,3.25,1.2479323900015908,0.11421529199990908,7.322009632009455,0.0001,61332.88
6.710777300002519,61241.96,3.25,1.2499782545004157,0.11457720550008818,7.333946208002419,0.0001,61332.88
6.722502299991902,61343.0,3.25,1.2518878564987448,0.11492502299991902,7.345089604492591,0.0001,61332.88
6.730856700014556,61302.56,3.25,1.2531827885022562,0.11500856700014556,7.35273388051332,0.0001,61332.88
6.743308300006903,61343.0,3.25,1.25511278650107,0.11531503950044872,7.364160177506386,0.0001,61332.88
6.756390700000338,61383.46,3.25,1.2571405585000526,0.11616539550002201,7.376261397500313,0.0001,61322.77
6.768991899996763,61403.72,3.25,1.259183663499466,0.11644495949998382,7.388277183496877,0.0001,61322.77
6.7800925000046846,61322.77,3.25,1.2610157250007963,0.11650046250002344,7.398992962504709,0.0001,61322.77
6.792589199991198,61332.88,3.25,1.2631401639985036,0.116562945999956,7.411552145991155,0.0001,61322.77
6.805171500018332,61252.06,3.25,1.2652791550031166,0.11670343000036665,7.424145642518241,0.0001,61322.77
6.817513899994083,61272.25,3.25,1.2673773629989942,0.11695027799988167,7.436426330494113,0.0001,61322.77
6.830173199996352,61272.25,3.25,1.26952944399938,0.117,7.448971467996389,0.0001,61322.77
6.841480200004298,61262.15,3.25,1.271451634000731,0.11706660900019343,7.460180200004299,0.0001,61322.77
6.8542655000055674,61322.77,3.25,1.2736251350009467,0.11764194750025056,7.472965500005568,0.0001,61322.77
6.866598199994769,61332.88,3.25,1.2757216939991107,0.1179,7.485265208994796,0.0001,61322.77
6.878086000011535,61322.77,3.25,1.277674620001961,0.1179,7.496695570011478,0.0001,61322.77
6.88676470000064,61332.88,3.25,1.2791161755001057,0.11820441150002882,7.505330876500637,0.0001,61322.77
6.898889200005215,61292.45,3.25,1.2811167180008607,0.11875001400023469,7.517394754005189,0.0001,61322.77
6.912055099994177,61373.35,3.25,1.2832890914990394,0.11916165299982533,7.530072895994411,0.0001,61322.77
6.924468300014269,61373.35,3.25,1.285314928002283,0.11935531699985731,7.541900202013412,0.0001,61292.45
6.936882100009825,61272.25,3.25,1.287301136001572,0.11923117899990175,7.553569174009236,0.0001,61292.45
6.948099800007185,61292.45,3.25,1.2890959680011496,0.11964548900039519,7.564073313006718,0.0001,61282.35
6.96038239999325,61221.77,3.25,1.2910630959988862,0.12029426400010125,7.575569015993486,0.0001,61272.25
6.973353100009263,61171.36,3.25,1.2932032615015283,0.12009970349986106,7.588085741508938,0.0001,61231.87
6.985911299998406,61231.87,3.25,1.2952753644997372,0.1200886694999761,7.600322630498431,0.0001,61221.77
6.998167400015518,61282.35,3.25,1.2972976210025606,0.12027251100023277,7.6123948890152855,0.0001,61221.77
7.0093516999913845,61181.45,3.25,1.2991897889985353,0.12039351699991385,7.623504941491428,0.0001,61221.77
7.021506299992325,61221.77,3.25,1.3012636024986568,0.12056778349965463,7.635651488992095,0.0001,61221.77
7.033835100010037,61161.29,3.25,1.3034211425017566,0.12112257950045169,7.648350153010338,0.0001,61201.61
7.045934199995827,61191.52,3.25,1.305568155999249,0.12142967099997913,7.660990251995576,0.0001,61221.77
7.054546500003198,61201.61,3.25,1.3071183700005757,0.12147273250001599,7.670119290003391,0.0001,61221.77
7.066920000012033,61241.96,3.25,1.3092764000020456,0.12160380000018049,7.682889200012154,0.0001,61201.61
7.079326200007927,61282.35,3.25,1.3113854540013477,0.1217898930001189,7.695419462008006,0.0001,61201.61
7.091521800000919,61201.61,3.25,1.3134010970001517,0.12197282700001379,7.707103319000878,0.0001,61201.61
7.103918800014071,61221.77,3.25,1.3153878200021107,0.12221756400042215,7.718746514012735,0.0001,61201.61
7.11598000000231,61241.96,3.25,1.3171970000003466,0.1225794000000693,7.72966190000209,0.0001,61211.69
7.128290199994808,61191.52,3.25,1.3190849809991954,0.12294870599984425,7.740802630995302,0.0001,61211.69
7.140714400011348,61191.52,3.25,1.3210143040018156,0.1233178600002837,7.752071536010667,0.0001,61211.69
7.15306040001451,61131.07,3.25,1.3229896640023218,0.12362651000036276,7.76367677601364,0.0001,61211.69
7.165244800009532,61262.15,3.25,1.3249653920015727,0.1238,7.775339904009341,0.0001,61221.77
7.177367199998116,61211.69,3.25,1.3269655879996891,0.1238,7.787219855998154,0.0001,61211.69
7.189535800018348,61201.61,3.25,1.329068765003211,0.1242767900009174,7.79938347901844,0.0001,61211.69
7.201731500012102,61332.88,3.25,1.331203012502118,0.12477402749981846,7.811692102512525,0.0001,61262.15
7.211005000019213,61282.35,3.25,1.3328258750033626,0.12463492499971178,7.821290175019886,0.0001,61262.15
7.223062000004575,61302.56,3.25,1.3349511600008237,0.12466841000025165,7.833830410004827,0.0001,61262.15
7.235578299994813,61211.69,3.25,1.3372040939990664,0.12535680649971473,7.847035106494528,0.0001,61241.96
7.247035900014453,61282.35,3.25,1.3392664620026016,0.12545928199971093,7.859193233515392,0.0001,61241.96
7.260259300004691,61343.0,3.25,1.3416466740008444,0.12521426150025802,7.873273561504949,0.0001,61241.96
7.27249900001334,61231.87,3.25,1.3438498200024012,0.12588744500073373,7.886186445014075,0.0001,61241.96
7.28379839999252,61241.96,3.25,1.3458457279987286,0.1262810080000374,7.897879407992558,0.0001,61241.96
7.296126200002618,61231.87,3.25,1.3479414540004453,0.1262193689999869,7.910145569002606,0.0001,61241.96
7.308725400012918,61241.96,3.25,1.3499524370020024,0.12654901600051674,7.92198374101182,0.0001,61241.96
7.32079729999532,61191.52,3.25,1.3518156084993214,0.126980067500117,7.932985677995974,0.0001,61241.96
7.333330499997828,61262.15,3.25,1.353632922499685,0.1266667375000543,7.9437642299981315,0.0001,61241.96
7.34557410000707,61252.06,3.25,1.3554082445010252,0.12669509350024746,7.954321596506116,0.0001,61241.96
7.357789900008356,61272.25,3.25,1.3571795355012117,0.12712264650029248,7.964888263507229,0.0001,61252.06
7.369566900015343,61201.61,3.25,1.3589828695023782,0.12758267600061377,7.975458044513886,0.0001,61252.06
7.378118199994788,61151.21,3.25,1.3603083209991922,0.12792472799979154,7.983196970995284,0.0001,61262.15
7.390330399997765,61262.15,3.25,1.3622528639996425,0.12810330399997766,7.994713879997877,0.0001,61262.15
7.403649200015934,61262.15,3.25,1.3644203640027086,0.128309476000478,8.007530954015854,0.0001,61252.06
7.415956000011647,61312.66,3.25,1.3665125200019799,0.1286786800003494,8.019776220011588,0.0001,61231.87
7.4282987999904435,61181.45,3.25,1.3686937839982798,0.1290489639997133,8.032430751990061,0.0001,61211.69
7.4404262000171,61413.85,3.25,1.3708767160030781,0.12938934499957247,8.045062427018555,0.0001,61211.69
7.452923600008944,61211.69,3.25,1.3731262480016102,0.12907690999977636,8.058622106009706,0.0001,61211.69
7.464041300001554,61231.87,3.25,1.3751476405002878,0.12916268450010104,8.070684810501687,0.0001,61191.52
7.477334099996369,61141.14,3.25,1.3776068084993285,0.130026716499764,8.08510749849606,0.0001,61191.52
7.489535700005945,61181.45,3.25,1.3798164260010701,0.12986625049979195,8.097917128006182,0.0001,61191.52
7.501540199998999,61181.45,3.25,1.3819541329998348,0.12962321599991994,8.11030939599902,0.0001,61191.52
7.513510499993572,61191.52,3.25,1.3839292324989394,0.13058083999948578,8.1220402899937,0.0001,61191.52
7.525676399993245,61191.52,3.25,1.3859082239989193,0.13115676399993245,8.133679051993717,0.0001,61191.52
7.5349523999902885,61181.45,3.25,1.3873923839984463,0.1312495239999029,8.14230573199097,0.0001,61191.52
7.5471907000173815,61262.15,3.25,1.3893145585026943,0.13147976750043455,8.153723304516252,0.0001,61191.52
7.559317300008843,61282.35,3.25,1.3911941815013706,0.13178293250022105,8.165061675508268,0.0001,61191.52
7.571606600016821,61221.77,3.25,1.3931570560026914,0.13150983499957947,8.17661020401581,0.0001,61191.52
7.583710100007011,61151.21,3.25,1.3950936160011218,0.13137420200014022,8.18795039300652,0.0001,61181.45
7.596301200013841,61201.61,3.25,1.3971081920022146,0.13162602400027681,8.199660116012872,0.0001,61181.45
7.608518399996683,61161.29,3.25,1.3990629439994693,0.13221110399980102,8.211107295996882,0.0001,61181.45
7.619763700000476,61181.45,3.25,1.4008621920000763,0.1328858220000286,8.221677878000447,0.0001,61181.45
7.633035600010771,61181.45,3.25,1.403116052001831,0.133356246000377,8.234805244010664,0.0001,61161.29
7.644195500004571,61141.14,3.25,1.4050342125008,0.13362097750002286,8.246084297504776,0.0001,61161.29
7.656639099994209,61191.52,3.25,1.4072118424989863,0.13368319549997104,8.259087859493949,0.0001,61161.29
7.668730500008678,61151.21,3.25,1.4094151425016055,0.13396191500026036,8.272072592509415,0.0001,61161.29
7.681111500016414,61141.14,3.25,1.4117056275030366,0.13423886749909725,8.285494862517645,0.0001,61161.29
7.6931805000058375,61110.94,3.25,1.41393839250108,0.13357507249967893,8.298469037506276,0.0001,61161.29
7.701934800017625,61161.29,3.25,1.4155289160029965,0.13337413200158635,8.307783170018066,0.0001,61151.21
7.713913699990371,61262.15,3.25,1.4175653289983634,0.1344522329991335,8.320061542490132,0.0001,61161.29
7.726095199992415,61151.21,3.25,1.4196057079987485,0.13481714400022754,8.332090439992795,0.0001,61161.29
7.738747299998067,61161.29,3.25,1.4216933044996811,0.13443758100005798,8.344109934998164,0.0001,61161.29
7.751040000002831,61211.69,3.25,1.4235560000004246,0.13522800000021235,8.355180800002534,0.0001,61161.29
7.76330200000666,61141.14,3.25,1.4254118100010325,0.1359165100000333,8.366155290005961,0.0001,61161.29
7.775261500006308,61181.45,3.25,1.4272655325009778,0.13597630750003153,8.376859042505647,0.0001,61151.21
7.787661300011678,61161.29,3.25,1.42918750150181,0.13615322600023358,8.388110089510686,0.0001,61141.14
7.7999769000161905,61090.82,3.25,1.4310964195025098,0.1363995380003238,8.399378863514816,0.0001,61141.14
7.812419199995929,61030.49,3.25,1.433024975999369,0.13683467199985752,8.411011951996194,0.0001,61141.14
7.824327300011646,61141.14,3.25,1.4349140045019215,0.13701345399976708,8.422232571511122,0.0001,61141.14
7.836509200016735,61131.07,3.25,1.4369240180027614,0.13676981599966528,8.433866286015983,0.0001,61141.14
7.848975000000792,61100.87,3.25,1.4389808750001307,0.13687950000001584,8.44604037500078,0.0001,61141.14
7.857552700006636,61151.21,3.25,1.440396195501095,0.13705105400013273,8.454489409506536,0.0001,61141.14
7.869752500002505,61161.29,3.25,1.4425066875004386,0.13753886250011277,8.466896312502568,0.0001,61141.14
7.8825378000037745,61131.07,3.25,1.4447568040006795,0.1380634450000944,8.480052001003944,0.0001,61141.14
7.895213900017552,61141.14,3.25,1.4470385020031593,0.13838034750043882,8.493298525518343,0.0001,61141.14
7.907657700008713,61181.45,3.25,1.4492400975015247,0.13869144250021784,8.506187431008975,0.0001,61141.14
7.919786400016164,61171.36,3.25,1.451362620002829,0.1389946600004041,8.518679992016649,0.0001,61141.14
7.9319913999934215,61151.21,3.25,1.4533785809989146,0.1385203440002631,8.530591614993586,0.0001,61141.14
7.944406299997354,61100.87,3.25,1.4554050079995768,0.1385965669997619,8.542608016497473,0.0001,61141.14
7.956687199999578,61100.87,3.25,1.4573699519999326,0.13970184799996213,8.554336275999598,0.0001,61141.14
7.9689521999971475,61131.07,3.25,1.459421873999515,0.13959715100012834,8.566273155997205,0.0001,61131.07
7.979944299993804,61060.64,3.25,1.4612905309989466,0.13910250650027886,8.577045413993927,0.0001,61131.07
7.992868400004227,61241.96,3.25,1.4634232860006973,0.14000078800029586,8.589839716004184,0.0001,61131.07
8.00443230001838,61181.45,3.25,1.4653756525032164,0.1405,8.601354461518472,0.0001,61100.87
8.01657370000612,61100.87,3.25,1.467500397501071,0.1405,8.613556568506151,0.0001,61131.07
8.02509199999622,61060.64,3.25,1.4689656399993576,0.14093281999967883,8.622117459996202,0.0001,61131.07
8.037363300012657,61141.14,3.25,1.4710517610021518,0.14197588050107596,8.634450116512722,0.0001,61110.94
8.049666000006255,61131.07,3.25,1.473094890001032,0.1418133599997498,8.64657268000613,0.0001,61131.07
8.062126900011208,61100.87,3.25,1.4751509385018493,0.14144253800022416,8.658784362010984,0.0001,61110.94
8.074283699999796,61131.07,3.25,1.4771568104999664,0.14168567399999593,8.6706980259998,0.0001,61110.94
8.086528000014368,61110.94,3.25,1.4792097600024425,0.1420284800005029,8.682730080014153,0.0001,61110.94
8.09911710000597,61090.82,3.25,1.481349907001015,0.14246909850020892,8.69513034350588,0.0001,61110.94
8.111421100009466,61151.21,3.25,1.4833844815015618,0.14272842200018931,8.70713557250923,0.0001,61110.94
8.123809900018387,61110.94,3.25,1.4854095840029418,0.14286190099981613,8.719157504017652,0.0001,61110.94
8.136167599994224,61131.07,3.25,1.4873868159990757,0.14273832400005776,8.731020895994455,0.0001,61110.94
8.147841099998914,61040.54,3.25,1.4892545759998261,0.14301364399995653,8.74199222299899,0.0001,61110.94
8.160126800008584,61110.94,3.25,1.4912202880013734,0.1435038040002575,8.753417924007982,0.0001,61110.94
8.172482199996011,61161.29,3.25,1.4931971519993619,0.14387446599988035,8.76490844599629,0.0001,61110.94
8.181751199997962,61100.87,3.25,1.494680191999674,0.1441788039999083,8.773572395998054,0.0001,61110.94
8.194013000000268,61121.0,3.25,1.496642080000043,0.1447305850000121,8.785282415000257,0.0001,61121.0
8.206503699999303,61131.07,3.25,1.4986731104998852,0.14470733350003134,8.797373625999318,0.0001,61110.94
8.218732000008458,61090.82,3.25,1.5006907800013958,0.14415705999961934,8.80935736000829,0.0001,61110.94
8.230086700001266,61040.54,3.25,1.5026651725002216,0.14525997050014564,8.820888434001292,0.0001,61100.87
8.242537999991328,61201.61,3.25,1.504856839998439,0.14628579000039027,8.833690279990806,0.0001,61100.87
8.255368200014345,61121.0,3.25,1.5071662760025821,0.14570843099935446,8.847290292015206,0.0001,61090.82
8.266804899991257,61090.82,3.25,1.5092248819984264,0.14563609799982513,8.85944721849069,0.0001,61090.82
8.279157000011764,61100.87,3.25,1.5114482600021177,0.1458831400002353,8.87260220501253,0.0001,61090.82
8.291485399997327,61020.44,3.25,1.5136099449995324,0.14618713499993322,8.885272534997261,0.0001,61070.69
8.303552800003672,61070.69,3.25,1.5156862120006058,0.14648882000009184,8.897410688003527,0.0001,61090.82
8.3160681000154,61070.69,3.25,1.517751236502541,0.146801702500385,8.909425376014784,0.0001,61070.69
8.328168000007281,61020.44,3.25,1.5196252000010921,0.1469408400000364,8.92046952000648,0.0001,61070.69
8.336454500007676,61110.94,3.25,1.5208681750011515,0.14698227250003837,8.927844505006831,0.0001,61030.49
8.348786200018367,60940.14,3.24,1.5227179300027551,0.14721965500045917,8.938643994015978,0.0001,61020.44
8.36094270000467,61241.96,3.25,1.524546118500724,0.1475329945001635,8.949267284004296,0.0001,61020.44
8.374242399993818,61030.49,3.25,1.526607571999042,0.14799848399978366,8.961503007994313,0.0001,61010.39
8.385509999992792,61010.39,3.24,1.5284091499988108,0.14853059999956753,8.97208959999308,0.0001,60940.14
8.39800610000384,60880.02,3.24,1.5304710065006335,0.14928036600023042,8.984085856003688,0.0001,60880.02
8.410239099990577,60870.0,3.24,1.532540646998398,0.14888804500047118,8.996239099990577,0.0001,60870.0
8.422618400014471,60789.97,3.24,1.5346582200025325,0.14866184000144714,9.008710044014977,0.0001,60829.98
8.435915400012163,60799.96,3.24,1.5369851950021287,0.1499915400012164,9.02247243901259,0.0001,60799.96
8.447958500008099,60799.96,3.24,1.539132530001458,0.15008165999967604,9.035255387508707,0.0001,60799.96
8.46012940001674,60829.98,3.24,1.5413245860031806,0.14960711700092075,9.048342987018499,0.0001,60799.96
8.472228200000245,60750.0,3.24,1.5436233580000465,0.1502725510000135,9.06171216100027,0.0001,60799.96
8.484162600012496,60710.06,3.24,1.5458700810023116,0.15065837399987503,9.074795608013495,0.0001,60789.97
8.493297300010454,60740.02,3.24,1.5475600005019339,0.15056702699989546,9.084661084011291,0.0001,60760.0
8.505028799991123,60799.96,3.24,1.549654895998491,0.1506508639997337,9.097029375990946,0.0001,60750.0
8.516612100007478,60750.0,3.24,1.5516240570012714,0.15099836300022437,9.108844342007627,0.0001,60750.0
8.529921300010756,60809.97,3.24,1.5537874080017209,0.15144724550037647,9.121526809010003,0.0001,60740.02
8.542261399998097,60740.02,3.24,1.5557392099997145,0.15177738600001903,9.132878724998335,0.0001,60740.02
8.553528699994786,60760.0,3.24,1.5574293049992178,0.15166471300005216,9.142737612495438,0.0001,60740.02
8.565945500013186,60730.03,3.24,1.5592620975019118,0.15174863750032966,9.153453675011209,0.0001,60740.02
8.5785712999932,60720.05,3.24,1.561092838499014,0.15206428249983,9.16418560499422,0.0001,60740.02
8.591174000001047,60570.56,3.24,1.562920230000152,0.1529380500000785,9.175009640000901,0.0001,60740.02
8.603755899996031,60750.0,3.24,1.564782164499385,0.15348732300011905,9.18601786899639,0.0001,60730.03
8.615670600003796,60680.14,3.24,1.5666289430005884,0.1531298819998861,9.196860246003455,0.0001,60730.03
8.627846799994586,60740.02,3.24,1.5685947219991068,0.15354927599962104,9.208529097994667,0.0001,60720.05
8.639865800010739,60750.0,3.24,1.5705778570017719,0.1543906060007517,9.220367813010578,0.0001,60720.05
8.64887199999066,60610.38,3.24,1.5721525999983657,0.15444435999995332,9.229682519990332,0.0001,60710.06
8.66017020001891,60660.2,3.24,1.5741314870034986,0.15451276500141828,9.24138126302014,0.0001,60710.06
8.672446200012928,60779.97,3.24,1.5764025470023917,0.1554334650009696,9.254455203013768,0.0001,60700.09
8.685004400002072,60710.06,3.24,1.5787258140003835,0.15567471399986532,9.26807990600231,0.0001,60710.06
8.697398599993903,60779.97,3.24,1.581018740998872,0.15486909100039625,9.281899438993204,0.0001,60710.06
8.710318199999165,60700.09,3.24,1.5834088669998456,0.15500954599997496,9.2959436559991,0.0001,60710.06
8.722328300005756,60650.23,3.24,1.5855958110009787,0.1553814905002015,9.3087050170057,0.0001,60710.06
8.734690700017381,60690.1,3.24,1.587697419002955,0.15581417450060836,9.320943793017207,0.0001,60710.06
8.746155500004534,60760.0,3.24,1.5895848800007255,0.156184665000136,9.331924615004215,0.0001,60710.06
8.758541299990611,60710.06,3.24,1.5915666079984978,0.15655623899971832,9.343443408991268,0.0001,60700.09
8.770851700013736,60740.02,3.24,1.593536272002198,0.1566,9.35505485651298,0.0001,60700.09
8.783223600010388,60730.03,3.24,1.595515776001662,0.15671282600036357,9.366730184009764,0.0001,60690.1
8.795084200013662,60680.14,3.24,1.597413472002186,0.1571279470004782,9.377879148012843,0.0001,60690.1
8.807224499993026,60690.1,3.24,1.599283674998954,0.1574083674998954,9.38903817249369,0.0001,60690.1
8.816033200011589,60650.23,3.24,1.6006049800017383,0.15754049800017383,9.397010046010488,0.0001,60690.1
8.827978000015719,60809.97,3.24,1.6024365900024364,0.15795901000070733,9.407780200014146,0.0001,60690.1
8.840523199993186,60610.38,3.24,1.6043837119989097,0.15849215200010222,9.41909442399356,0.0001,60690.1
8.85299670000677,60690.1,3.24,1.6063794720010833,0.15830504949989846,9.430881881506398,0.0001,60680.14
8.865701700007776,60670.17,3.24,1.608469289001322,0.15848508500038883,9.443230208507815,0.0001,60670.17
8.878150500007905,60660.2,3.24,1.610585585001344,0.15910752500039532,9.455741252507945,0.0001,60670.17
8.890640099998564,60700.09,3.24,1.6128152179997415,0.15898719800002872,9.468772104998491,0.0001,60690.1
8.902895300008822,60690.1,3.24,1.615021154001588,0.1589447650004411,9.48166901800935,0.0001,60670.17
8.91502839999157,60670.17,3.24,1.6172051119984827,0.1595514199995785,9.494530103991064,0.0001,60680.14
8.927168900001561,60660.2,3.24,1.6193545575002732,0.15997922250003904,9.507112278001593,0.0001,60680.14
8.939225900016027,60760.0,3.24,1.6214645325028048,0.16028064750040066,9.51941041801635,0.0001,60690.1
8.950593100016704,60720.05,3.24,1.6233478615027561,0.16061779300050114,9.530687169016538,0.0001,60700.09
8.962953300011577,60520.85,3.24,1.6253725280018525,0.16087046699988422,9.542776102010883,0.0001,60720.05
8.97137469999143,60680.14,3.24,1.6267199519986288,0.1607862530000857,9.550692217991942,0.0001,60740.02
8.984537100011948,60849.98,3.24,1.6288259360019117,0.16090416950053768,9.563019503011112,0.0001,60740.02
8.9969742000103,60769.98,3.24,1.630815872001648,0.1614638390004635,9.574586006009579,0.0001,60760.0
9.009324899991043,60819.96,3.24,1.632791983998567,0.16173987349986563,9.586258654991491,0.0001,60740.02
9.021042900014436,60769.98,3.24,1.634672078502382,0.16190521450007217,9.597395969513785,0.0001,60740.02
9.032680700009223,60740.02,3.24,1.6365923155015218,0.16196340350004612,9.608510068508808,0.0001,60740.02
9.04504200001247,60680.14,3.24,1.6386067200019954,0.16202521000006237,9.620239480011723,0.0001,60740.02
9.057338200014783,60789.97,3.24,1.6405741120023651,0.16208669100007392,9.631797908013896,0.0001,60740.02
9.069627899996703,60740.02,3.24,1.6425404639994725,0.16287023199973627,9.643494644496851,0.0001,60740.02
9.081888400018215,60730.03,3.24,1.6445210280030966,0.16368111599981786,9.655269516018032,0.0001,60740.02
9.094355200009888,60680.14,3.24,1.646640384001681,0.16355644799990113,9.667611648009789,0.0001,60740.02
9.106345300009707,60720.05,3.24,1.6486787010016501,0.16384899150053392,9.679608753009804,0.0001,60740.02
9.118710700015072,60789.97,3.24,1.6507808190025623,0.16452908850082898,9.692097807015223,0.0001,60760.0
9.127202600007875,60760.0,3.24,1.6522244420013388,0.1644559479998425,9.700710639007994,0.0001,60760.0
9.139532500004862,60870.0,3.24,1.6543205250008264,0.1642093499999028,9.713225487504934,0.0001,60760.0
9.151784100016812,60740.02,3.24,1.656403297002858,0.16455352300050435,9.72530733851656,0.0001,60760.0
9.164165800000774,60760.0,3.24,1.6584665280001238,0.1648624870000116,9.737378339000738,0.0001,60760.0
9.176229400007287,60779.97,3.24,1.660396704001166,0.16504344100010931,9.748899077006959,0.0001,60760.0
9.188516700000035,60769.98,3.24,1.6624052555000057,0.16518516700000035,9.760676032000033,0.0001,60760.0
9.200765300018247,60769.98,3.24,1.6644262745030107,0.16534209150100365,9.7724423410177,0.0001,60740.02
9.212938800017584,60740.02,3.24,1.6664349020029015,0.16601163400096716,9.784250636017058,0.0001,60740.02
9.226255100016715,60700.09,3.24,1.6686320915027582,0.1664938265002507,9.797229998016382,0.0001,60740.02
9.238322199991671,60730.03,3.24,1.670623162998626,0.16667483299987507,9.809055755991839,0.0001,60740.02
9.251125500013588,60720.05,3.24,1.672846962502378,0.16714502000054351,9.822048010013859,0.0001,60740.02
9.26187220000429,60730.03,3.24,1.6747369960007725,0.1675468050001073,9.833075171004527,0.0001,60730.03
9.274326300015673,60740.02,3.24,1.6769787340028213,0.16785815750039185,9.846214246516535,0.0001,60730.03
9.282543400011491,60700.09,3.24,1.678445095002011,0.16798728299994256,9.854845136011951,0.0001,60720.05
9.295786400005456,60789.97,3.24,1.6807626200009549,0.16792106799997272,9.868617856005674,0.0001,60720.05
9.308078200003365,60799.96,3.24,1.6828732940005722,0.16822312800013461,9.881037809003349,0.0001,60700.09
9.319579200004227,60670.17,3.24,1.6848284640007187,0.16868316800016908,9.892481304004205,0.0001,60670.17
9.33168289999594,60650.23,3.24,1.6868276784993301,0.1685247565000609,9.904115583996102,0.0001,60670.17
9.344314200017836,60670.17,3.24,1.6888902720028538,0.16874513600142688,9.916155348016765,0.0001,60670.17
9.356189400015863,60600.43,3.24,1.690790304002538,0.16969515200126906,9.927318036014912,0.0001,60650.23
9.368622100009816,60580.52,3.24,1.6927364255015216,0.1697844474997546,9.93883233200903,0.0001,60640.26
9.380858599994099,60481.1,3.23,1.6946330829990854,0.1695472229996755,9.950085618994601,0.0001,60630.3
9.393227799999295,60710.06,3.24,1.6965503089998906,0.17022752899996121,9.961403436999355,0.0001,60620.33
9.40546529999119,60560.62,3.24,1.6984744479985905,0.17068197949986785,9.972682728991806,0.0001,60620.33
9.4176737999951,60620.33,3.24,1.7004278079992161,0.1708651069999265,9.984036633995443,0.0001,60620.33
9.429727500013541,60640.26,3.24,1.7023564000021667,0.17128910000054165,9.995587037513067,0.0001,60620.33
9.442066799994791,60630.3,3.24,1.7043616899990885,0.1717930059997656,10.007577133994765,0.0001,60630.3
9.450387099990621,60600.43,3.24,1.705817742498359,0.17216741949957798,10.015939035490575,0.0001,60640.26
9.462695499998517,60660.2,3.24,1.7079717124997407,0.17258652250000742,10.028403319998459,0.0001,60640.26
9.475005799991777,60710.06,3.24,1.710126014998561,0.1725249710000411,10.041206031991448,0.0001,60640.26
9.487656600016635,60600.43,3.24,1.7124164710030774,0.17272969800049903,10.054707411018049,0.0001,60640.26
9.499982300010743,60650.23,3.24,1.7146967255019874,0.17309946900032228,10.068080795511655,0.0001,60630.3
9.512241299991727,60700.09,3.24,1.7169646404984695,0.1729163805001241,10.081381810491024,0.0001,60650.23
9.524938300019132,60660.2,3.24,1.7192642025033482,0.17297284050066963,10.094861757519611,0.0001,60650.23
9.537548299995251,60620.33,3.24,1.7214709524991691,0.1734141904998338,10.107787007495133,0.0001,60630.3
9.549939399992581,60630.3,3.24,1.7234903039988132,0.17379818199977745,10.119643035993027,0.0001,60630.3
9.561039399995936,60481.1,3.23,1.7252507129994108,0.1741467729998171,10.130014671996422,0.0001,60650.23
9.573753100004978,60690.1,3.24,1.7270941995007218,0.17471888950022402,10.14120272800438,0.0001,60660.2
9.58607970000594,60630.3,3.24,1.728911955000891,0.17512159400011879,10.152050136005226,0.0001,60660.2
9.597913600009633,60600.43,3.24,1.7306870400014451,0.17535827200019266,10.162463968008478,0.0001,60660.2
9.607333399995696,60660.2,3.24,1.732136676999333,0.17532666600004304,10.170900059996127,0.0001,60690.1
9.618429199996172,60829.98,3.24,1.7338565259994068,0.17521570800003827,10.180886279996555,0.0001,60710.06
9.630627500009723,60750.0,3.24,1.7358004000015557,0.17578451250053478,10.192183575009043,0.0001,60720.05
9.64309399999911,60740.02,3.24,1.737810509999853,0.1763,10.203932119999127,0.0001,60720.05
9.65542630001437,60750.0,3.24,1.7398453395023707,0.1763,10.216017774014082,0.0001,60720.05
9.667743199999677,60720.05,3.24,1.7419550599999434,0.1766097279999871,10.228514211999665,0.0001,60720.05
9.679901299998164,60710.06,3.24,1.7440827274996789,0.1770960519999266,10.2410978454981,0.0001,60720.05
9.693112100008875,60720.05,3.24,1.746525738501642,0.1773622420001775,10.25542662850963,0.0001,60720.05
9.705686800007243,60650.23,3.24,1.7488804920013763,0.17772747200028974,10.269183914008003,0.0001,60710.06
9.717747699993197,60710.06,3.24,1.7511720629987078,0.1782099079997279,10.282511208492483,0.0001,60710.06
9.729769400000805,60670.17,3.24,1.753358492000145,0.1784953880000161,10.29555095200087,0.0001,60710.06
9.741114600008588,60809.97,3.24,1.755395055001503,0.17869442699995705,10.307731319008717,0.0001,60710.06
9.75356620000093,60680.14,3.24,1.7575740850001629,0.17863216899999534,10.320369693000945,0.0001,60710.06
9.762224100006279,60710.06,3.24,1.7590558560010046,0.17870008450028255,10.329001774505933,0.0001,60710.06
9.774434199993266,60829.98,3.24,1.7610094719989227,0.17924953899969698,10.340540318993638,0.0001,60710.06
9.786813999991864,60769.98,3.24,1.7629220999987798,0.17953406999995933,10.351796319992841,0.0001,60720.05
9.799343799997587,60710.06,3.24,1.764801569999638,0.17959671899998794,10.362822543997877,0.0001,60720.05
9.811889300006442,60779.97,3.24,1.766623948500934,0.1801944650003221,10.373505905005477,0.0001,60720.05
9.824381999991601,60720.05,3.24,1.7684572999987402,0.18064381999991602,10.384278069992567,0.0001,60769.98
9.836645900009898,60670.17,3.24,1.7702968850014846,0.18076645900009897,10.39513162150876,0.0001,60769.98
9.847882800007937,60789.97,3.24,1.7720218340012304,0.18095765600015876,10.405431004007381,0.0001,60769.98
9.859986900002696,60680.14,3.24,1.773897969500418,0.18119973800005393,10.416687817002508,0.0001,60769.98
9.872509900014848,60870.0,3.24,1.7759641335024499,0.18201314350096515,10.428834603014403,0.0001,60779.97
9.884778600011487,60769.98,3.24,1.7780362550020101,0.18235664199965537,10.440998065011774,0.0001,60779.97
9.897250000009079,60799.96,3.24,1.7802187500015887,0.18198249999972765,10.453781250009305,0.0001,60789.97
9.909314899996387,60849.98,3.24,1.7824232564993314,0.18250546849976515,10.466613517496116,0.0001,60789.97
9.921350499993423,60760.0,3.24,1.7846498424987833,0.18318649500006576,10.479592302492732,0.0001,60789.97
9.930979299999308,60779.97,3.24,1.786431170499872,0.18309020700000692,10.490232126499235,0.0001,60789.97
9.943048499990255,60789.97,3.24,1.7886639724981972,0.18296951500009745,10.503507622489426,0.0001,60789.97
9.955380800005516,60789.97,3.24,1.7909454480010207,0.1828461919999448,10.516888168005986,0.0001,60789.97
9.967749900009947,60829.98,3.24,1.7931174830016912,0.18341999200079578,10.529649900009948,0.0001,60779.97
9.980220700002976,60819.96,3.24,1.795235312000476,0.18439668949995539,10.542108561502811,0.0001,60769.98
9.992294600000605,60769.98,3.24,1.7971671360000967,0.18421558099999094,10.553518397000571,0.0001,60769.98
10.004475900001125,60769.98,3.24,1.7991161440001802,0.18439093350007318,10.564962587001046,0.0001,60769.98
10.016879500006326,60750.0,3.24,1.8011007200010123,0.18519716750041118,10.576497935005882,0.0001,60769.98
10.028091600019252,60769.98,3.24,1.8028541980029842,0.1852786259997112,10.586844272017712,0.0001,60760.0
10.04014980001375,60740.02,3.24,1.8047232190021314,0.18510823900075632,10.597936318012513,0.0001,60760.0
10.052542999997968,60730.03,3.24,1.806644164999685,0.18578986499988823,10.60921412999815,0.0001,60760.0
10.064577700017253,60740.02,3.24,1.8085324320027605,0.1863831080006901,10.62028014951613,0.0001,60750.0
10.076939399994444,60740.02,3.24,1.810510303999111,0.18687757599977775,10.631838338994806,0.0001,60740.02
10.085268700000597,60760.0,3.24,1.8118693355000985,0.187,10.639863326000585,0.0001,60740.02
10.098629799991613,60779.97,3.24,1.8140739169986162,0.187,10.65295720399178,0.0001,60740.02
10.110895099991467,60779.97,3.24,1.8162066424985068,0.18738132849970135,10.665467477491253,0.0001,60740.02
10.123273500008507,60740.02,3.24,1.8183728625014888,0.18771636750004253,10.678204440008848,0.0001,60740.02
10.135704500018619,60730.03,3.24,1.8205482875032581,0.18777852250009308,10.691132680019363,0.0001,60730.03
10.148024199996144,60670.17,3.24,1.822704234999325,0.1881209679998457,10.703784683996066,0.0001,60730.03
10.16022370001883,60660.2,3.24,1.8248380290032011,0.1886044740003766,10.716220344518547,0.0001,60690.1
10.172101900010603,60590.47,3.24,1.8268573230018024,0.18884203800021204,10.727920371510443,0.0001,60690.1
10.183706600015283,60690.1,3.24,1.8287930560024452,0.18894440099977075,10.739221270014518,0.0001,60680.14
10.196162300009748,60620.33,3.24,1.8307859680015597,0.18875756549985379,10.751054185009261,0.0001,60680.14
10.208359900017967,60740.02,3.24,1.8327375840028748,0.189494190501707,10.76264190501707,0.0001,60680.14
10.220434399991063,60680.14,3.24,1.8346716759985258,0.19058045200040208,10.774117023991423,0.0001,60690.1
10.23279569999431,60700.09,3.24,1.8367112904990615,0.190024193500256,10.785983871994539,0.0001,60700.09
10.241642100008903,60660.2,3.24,1.838170946501469,0.18978210500044515,10.794492837008635,0.0001,60700.09
10.254292099998565,60760.0,3.24,1.8402581964997633,0.1904146049999283,10.806763336998609,0.0001,60700.09
10.266580299998168,60720.05,3.24,1.8422857494996978,0.19079870449997252,10.818781595498196,0.0001,60700.09
10.278994699998293,60760.0,3.24,1.8443341254997185,0.1909849204999744,10.83100977949832,0.0001,60680.14
10.290267400006995,60720.05,3.24,1.8462454580011893,0.1914620330003148,10.842164726006926,0.0001,60700.09
10.302402800007258,60640.26,3.24,1.848308476001234,0.19193604200010886,10.854178772007186,0.0001,60680.14
10.314684000011768,60620.33,3.24,1.8503962800020006,0.1921202600001765,10.866337160011652,0.0001,60680.14
10.32704279999598,60670.17,3.24,1.8524620619993366,0.19258735399977886,10.87864279999598,0.0001,60680.14
10.339270399999803,60590.47,3.24,1.8544796159999675,0.19325987199998917,10.890870399999804,0.0001,60670.17
10.35160930000711,60700.09,3.24,1.856573581001209,0.19341609300007112,10.903093207007041,0.0001,60670.17
10.363733900012447,60680.14,3.24,1.858634763002116,0.19351866950006225,10.915077891512261,0.0001,60670.17
10.375899900012884,60680.14,3.24,1.8607029830021904,0.19357949950006442,10.927061401512692,0.0001,60670.17
10.388483799993992,60630.3,3.24,1.8627574079990388,0.19385451399981976,10.939202028994263,0.0001,60670.17
10.397751700016672,60670.17,3.24,1.8642402720026674,0.19413255100050014,10.948052873515921,0.0001,60670.17
10.409987399994861,60779.97,3.24,1.866247920999152,0.19459949599979445,10.959737966995093,0.0001,60670.17
10.421312899998155,60660.2,3.24,1.8681100639997046,0.19501969349997234,10.97056038399823,0.0001,60670.17
10.43343060000916,60680.14,3.24,1.8700488960014656,0.1952014590001374,10.982193376008794,0.0001,60660.2
10.445815799990669,60650.23,3.24,1.8720596069984605,0.19559078999953347,10.994083167991043,0.0001,60660.2
10.458441599999787,60660.2,3.24,1.874142863999965,0.19622207999998942,11.006203935999796,0.0001,60660.2
10.470733099995414,60441.41,3.23,1.8761709614992432,0.1963,11.018057441495573,0.0001,60650.23
10.483326499990653,60670.17,3.24,1.878265504998411,0.19656611999925222,11.030409662490419,0.0001,60650.23
10.496099900017725,60650.23,3.24,1.8804369830030132,0.19758799200141802,11.043502397518168,0.0001,60630.3
10.508302500005811,60630.3,3.24,1.8826359625010751,0.19760941249979658,11.056508212506305,0.0001,60630.3
10.52017390000401,60610.38,3.24,1.884833041000762,0.1972113035002607,11.069390420504392,0.0001,60630.3
10.531727900000988,60590.47,3.24,1.8870283010001878,0.19796231350006424,11.082042050501082,0.0001,60630.3
10.543964400014376,60580.52,3.24,1.889273948002444,0.1984008899996406,11.095123866014593,0.0001,60650.23
10.556118400010748,60630.3,3.24,1.891340128001827,0.19809703999973133,11.107460176010909,0.0001,60650.23
10.564602400001604,60670.17,3.24,1.8927363840002565,0.19827614400009622,11.1157032440015,0.0001,60640.26
10.576940600003581,60710.06,3.24,1.894710496000573,0.19901643600021487,11.127239461003349,0.0001,60640.26
10.589366700005483,60750.0,3.24,1.896558171500795,0.19915316649997258,11.138155362004715,0.0001,60640.26
10.602345799998147,60650.23,3.24,1.8984401409997314,0.1992172899999074,11.149317387998407,0.0001,60650.23
10.61485700000776,60670.17,3.24,1.9002542650011252,0.199842850000388,11.160077020006675,0.0001,60650.23
10.627046700014036,60640.26,3.24,1.9020922385021757,0.2002761675003509,11.170912497012774,0.0001,60650.23
10.639365600014571,60630.3,3.24,1.9040016680022585,0.20058414000036426,11.18212269601326,0.0001,60640.26
10.65174550001393,60590.47,3.24,1.9060380075022985,0.20065872750006963,11.193916952513304,0.0001,60640.26
10.663927000015976,60660.2,3.24,1.908047955002636,0.20085708000063904,11.205687730015816,0.0001,60630.3
10.675994399993215,60640.26,3.24,1.9100390759988806,0.2013397759997286,11.217634455993283,0.0001,60630.3
10.68806270000641,60590.47,3.24,1.9121109725011218,0.2017015675001603,11.229864267506573,0.0001,60630.3
10.699455699999815,60630.3,3.24,1.9141047474999677,0.2019863924999954,11.241542092499811,0.0001,60630.3
10.711806900013471,60491.04,3.24,1.9163842765024923,0.20182289649979793,11.254733383014415,0.0001,60630.3
10.720330700016348,60500.97,3.24,1.9179595260029427,0.20172149550106266,11.263858809517739,0.0001,60630.3
10.733428000006823,60740.02,3.24,1.9203170400012282,0.20257282000044352,11.278069380007404,0.0001,60630.3
10.745983700006036,60630.3,3.24,1.9226069845011167,0.20294016299993964,11.291602559006458,0.0001,60610.38
10.757980599999428,60670.17,3.24,1.9248264109998943,0.20282019400000573,11.304439241999388,0.0001,60610.38
10.769516600004863,60610.38,3.24,1.9268654050008511,0.20341857900031612,11.316306932004961,0.0001,60600.43
10.78182190001826,60630.3,3.24,1.9289823945028304,0.2040726714997261,11.328703476517074,0.0001,60600.43
10.793994600011501,60590.47,3.24,1.930869163001783,0.20389008099982747,11.340084951010756,0.0001,60610.38
10.806111000012608,60600.43,3.24,1.9327166500018913,0.20419721500081958,11.351047125011034,0.0001,60610.38
10.8184520000068,60580.52,3.24,1.93456780000102,0.20499938000044202,11.361845500005952,0.0001,60610.38
10.830795100016985,60540.73,3.24,1.9363652895024628,0.20499204899983015,11.372537761514693,0.0001,60610.38
10.842976999992972,60600.43,3.24,1.9381614349989107,0.20498930999978918,11.38316441499371,0.0001,60610.38
10.855749900016235,60670.17,3.24,1.9401412345025166,0.20537249700048707,11.394596160514531,0.0001,60610.38
10.867512600001648,60610.38,3.24,1.9420020160002638,0.2056878150000412,11.405424281001542,0.0001,60630.3
10.87580770000932,60710.06,3.24,1.9433292320014912,0.205895192500233,11.413180199508714,0.0001,60630.3
10.88894010000513,60640.26,3.24,1.9454751165008464,0.20631290350017953,11.425861298005026,0.0001,60630.3
10.901415400003316,60650.23,3.24,1.9475476950005803,0.2067070770000166,11.438150785003398,0.0001,60640.26
10.913771099993028,60640.26,3.24,1.9497099424987798,0.20676885549996515,11.450815377492853,0.0001,60640.26
10.925949299999047,60630.3,3.24,1.9518708739998285,0.20721645099993333,11.463565750998981,0.0001,60640.26
10.938452900008997,60620.33,3.24,1.9541215220016195,0.20809170300062982,11.476944603009628,0.0001,60640.26
10.950708000018496,60610.38,3.24,1.9563809800034218,0.20793229999953758,11.490218180020069,0.0001,60640.26
10.9629447000043,60750.0,3.24,1.9586300460007742,0.20795029950036556,11.50343610550458,0.0001,60630.3
10.975262199994175,60640.26,3.24,1.9608471959989515,0.20899728699950484,11.516554242993795,0.0001,60620.33
10.986572599998908,60560.62,3.24,1.9628173419998143,0.20923568500002732,11.528172599998907,0.0001,60610.38
10.998924899991835,60570.56,3.24,1.964917232998612,0.20892687750020414,11.540524899991835,0.0001,60610.38
11.01107770000817,60650.23,3.24,1.9668724320013073,0.20956466200049026,11.55195764950764,0.0001,60610.38
11.023083600011887,60510.91,3.24,1.9687779580018425,0.2101308360001189,11.563152330010995,0.0001,60630.3
11.035219500015955,60580.52,3.24,1.9706590225024732,0.21025219500015954,11.574378037514759,0.0001,60600.43
11.043628899991745,60600.43,3.24,1.9719806239986792,0.21040886699975236,11.582120443492446,0.0001,60580.52
11.055959799996343,60700.09,3.24,1.9739535679994147,0.21077879399989027,11.593403216996652,0.0001,60600.43
11.068235999991883,60690.1,3.24,1.9758765799987417,0.21106471999983764,11.604635939992571,0.0001,60600.43
11.080569200013997,60630.3,3.24,1.9777910720022396,0.2113341520008398,11.615935048013156,0.0001,60580.52
11.09307699999772,60570.56,3.24,1.9797923199996352,0.21208461999986322,11.627692379997857,0.0001,60580.52
11.105414899997413,60431.48,3.23,1.9817934584995733,0.2124187765000388,11.639479527497478,0.0001,60570.56
11.117752199992537,60660.2,3.24,1.9838291129987689,0.21223371700011193,11.651508394992725,0.0001,60570.56
11.129847900010645,60451.33,3.23,1.985923382501863,0.21279087400063873,11.663794097510912,0.0001,60570.56
11.143088600016199,60520.85,3.24,1.9882405050028347,0.213384556999919,11.67744303001701,0.0001,60560.62
11.15521150000859,60530.8,3.24,1.9903620125015034,0.21332394249995704,11.69017207500902,0.0001,60560.62
11.167193700006463,60560.62,3.24,1.9924948660011632,0.21369565350035544,11.702789353506818,0.0001,60560.62
11.17937530000927,60580.52,3.24,1.9946875540016684,0.21436564150050982,11.715640941509779,0.0001,60580.52
11.191387600003509,60630.3,3.24,1.9967928300006141,0.21417224799992982,11.728029228003615,0.0001,60580.52
11.200456899998244,60560.62,3.24,1.9983753884997104,0.21402741399989467,11.737338623998316,0.0001,60580.52
11.211776700016344,60660.2,3.24,2.0002431555026967,0.21470660200098068,11.748205632015692,0.0001,60600.43
11.224307199998293,60600.43,3.24,2.0022676159997355,0.2152,11.760105695998414,0.0001,60600.43
11.23654810001608,60700.09,3.24,2.0041649555024925,0.2152,11.771489733014954,0.0001,60630.3
11.248772299994016,60650.23,3.24,2.0061035679990424,0.2158579224995512,11.782858238994434,0.0001,60650.23
11.261279800004559,60540.73,3.24,2.008111167000752,0.21666800499988603,11.7945350070044,0.0001,60650.23
11.27321300000767,60650.23,3.24,2.0100801450012655,0.21636967499980822,11.806050545007402,0.0001,60650.23
11.285443300002953,60590.47,3.24,2.0120981445004875,0.21644494850013293,11.817825568002835,0.0001,60650.23
11.297671200009063,60680.14,3.24,2.0141157480014957,0.21699520400040787,11.8295643520087,0.0001,60650.23
11.310034800000722,60650.23,3.24,2.0161055680001154,0.21745121800002526,11.841433408000693,0.0001,60650.23
11.32221720000962,60700.09,3.24,2.0180769240016354,0.21791086000048096,11.853183942009476,0.0001,60650.23
11.335071400011655,60710.06,3.24,2.0202621380019816,0.21855357000058276,11.86584532901148,0.0001,60650.23
11.347005599993281,60660.2,3.24,2.022290951998858,0.2187649720000336,11.87781068399318,0.0001,60600.43
11.355191000009656,60560.62,3.24,2.0236824700016416,0.2187240449999517,11.8861188650098,0.0001,60600.43
11.367463300004601,60481.1,3.23,2.0258060775008055,0.2191104815002531,11.898612566004694,0.0001,60580.52
11.380753100005677,60540.73,3.24,2.028128027000965,0.2198075310000568,11.912153100005678,0.0001,60560.62
11.392934800009243,60580.52,3.24,2.0301989160015714,0.21992934800009242,11.924334800009243,0.0001,60560.62
11.405293499992695,60600.43,3.24,2.0322469599988313,0.22034407749952514,11.93642882499306,0.0001,60560.62
11.417509499995504,60560.62,3.24,2.034201519999281,0.22113811749970774,11.948034024995728,0.0001,60560.62
11.430082600010792,60510.91,3.24,2.0362132160017268,0.22109834799978417,11.959726405009983,0.0001,60560.62
11.442230500018923,60560.62,3.24,2.0381568800030276,0.22106728750141924,11.971018975017977,0.0001,60560.62
11.454433200007772,60560.62,3.24,2.0401093120012437,0.22198249000058295,11.982611540007383,0.0001,60570.56
11.466696000017691,60620.33,3.24,2.042104840002919,0.22216563999938077,11.99442860001725,0.0001,60570.56
11.478707700007364,60570.56,3.24,2.044086770501215,0.22174523049974226,12.006140007507181,0.0001,60570.56
11.490806699992392,60510.91,3.24,2.0461371389987066,0.22256453599939136,12.018206699992392,0.0001,60570.56
11.502836100000422,60570.56,3.24,2.048182137000072,0.22335672200000845,12.030264461000426,0.0001,60570.56
11.51486450000084,60600.43,3.24,2.050226965000143,0.22359729000001682,12.042413145000848,0.0001,60600.43
11.524035900016315,60630.3,3.24,2.0518062825028553,0.2238008975004079,12.051716618016641,0.0001,60620.33
11.536403400008567,60730.03,3.24,2.0539705950014993,0.2241100850002142,12.064331468008739,0.0001,60630.3
11.54883830001927,60730.03,3.24,2.056102511003276,0.2243767660003854,12.076926683019463,0.0001,60690.1
11.560977699991781,60570.56,3.24,2.0581662089986024,0.2246097769999178,12.089163034491905,0.0001,60730.03
11.572423000005076,60769.98,3.24,2.0601119100008627,0.22472423000005076,12.100436655005,0.0001,60730.03
11.585261900007028,60760.0,3.24,2.0622419040011244,0.2248789285001054,12.112898805006678,0.0001,60730.03
11.59669110001414,60690.1,3.24,2.0640705760022624,0.22505036650021212,12.123756545013434,0.0001,60750.0
11.60892800000147,60730.03,3.24,2.0660284800002353,0.22572496000010292,12.135158400001359,0.0001,60760.0
11.621199899993371,60750.0,3.24,2.0679859844989728,0.22648200150009942,12.146503907993903,0.0001,60760.0
11.63343149999855,60779.97,3.24,2.0698818824997756,0.22629852750002175,12.157756979998666,0.0001,60769.98
11.645798200013814,60789.97,3.24,2.0718277120022104,0.22686679300158863,12.169221317012916,0.0001,60779.97
11.658144000015456,60779.97,3.24,2.073803040002473,0.22828656000177744,12.18076464001445,0.0001,60779.97
11.670131799997762,60880.02,3.24,2.075721087999642,0.22819604600006715,12.19227718699784,0.0001,60779.97
11.678673000016715,60740.02,3.24,2.0770876800026747,0.22793980999949853,12.20051944501613,0.0001,60789.97
11.691143300005933,60799.96,3.24,2.0792500775010385,0.22884718050050437,12.212999016505963,0.0001,60799.96
11.703395499993347,60819.96,3.24,2.081394212498836,0.2295490675000998,12.225465274993015,0.0001,60799.96
11.715677000000142,60760.0,3.24,2.083543475000025,0.22936484499999787,12.23836085000015,0.0001,60799.96
11.728055799991125,60839.98,3.24,2.085790322998358,0.22954167399973377,12.251640542990371,0.0001,60799.96
11.74013059999561,60799.96,3.24,2.0880241609991876,0.22990718299975849,12.264741700995236,0.0001,60799.96
11.753353900014192,60809.97,3.24,2.0904704715026257,0.23063446450078057,12.279088981515399,0.0001,60799.96
11.765105900005437,60799.96,3.24,2.0926190620009786,0.23087235249986407,12.291635665505684,0.0001,60799.96
11.776914399990348,60799.96,3.24,2.094744591998263,0.2305771400002413,12.303975547989914,0.0001,60799.96
11.789119099994423,60860.0,3.24,2.0967590559991076,0.2311839324995818,12.315999931494618,0.0001,60809.97
11.801508200005628,60819.96,3.24,2.0987337710008727,0.2320150820000563,12.327857380005065,0.0001,60809.97
11.813736700016307,60779.97,3.24,2.1006291885025274,0.23213736700016308,12.338863030014675,0.0001,60819.96
11.826016000006348,60769.98,3.24,2.1025024000009522,0.2322,12.349794080005585,0.0001,60819.96
11.834831999993183,60819.96,3.24,2.103824799998977,0.2322,12.357552159994,0.0001,60819.96
11.847542500006968,60819.96,3.24,2.1056936625010105,0.23287882500062715,12.368661975006063,0.0001,60839.98
11.859929900005227,60900.06,3.24,2.107489835500758,0.2339936910004705,12.379439013004548,0.0001,60819.96
11.872282099997392,60880.02,3.24,2.109403725499596,0.23338589500013038,12.39043106899768,0.0001,60839.98
11.884493899997324,60890.03,3.24,2.1113190239995716,0.23347185949971908,12.401524265997484,0.0001,60880.02
11.895853900001383,60839.98,3.24,2.113136624000221,0.23466465950014517,12.4122026660013,0.0001,60890.03
11.908296600013273,60890.03,3.24,2.11516893900219,0.2347681359994691,12.424272151013074,0.0001,60890.03
11.920543000014732,60779.97,3.24,2.1171950250025784,0.23435158500139952,12.436362005015248,0.0001,60890.03
11.933339100010928,60910.07,3.24,2.1194343425019126,0.23556721450103815,12.44960596851131,0.0001,60880.02
11.945940600009635,60900.06,3.24,2.121728714001831,0.23628910900014452,12.46300495701055,0.0001,60890.03
11.95785040000919,60890.03,3.24,2.1239915760017465,0.23646775600013786,12.476046188010065,0.0001,60890.03
11.969834999996237,60860.0,3.24,2.126268649999285,0.23674587499990593,12.489464374995768,0.0001,60890.03
11.98202160000801,60880.02,3.24,2.128573996001482,0.23709097200036047,12.503123760008812,0.0001,60900.06
11.990992700011704,60880.02,3.24,2.130233649502165,0.23749467150052667,12.512991970012875,0.0001,60900.06
12.003367400000572,60940.14,3.24,2.1324724580000973,0.23786632599999427,12.526284237000574,0.0001,60900.06
12.015729700011436,60950.18,3.24,2.134574049001944,0.23774270299988565,12.538708348511493,0.0001,60890.03
12.027931899996476,60990.31,3.24,2.136529444499454,0.23805693549984144,12.550218028996794,0.0001396594999823838,60880.02
12.04023730001063,60900.06,3.24,2.1384355950015945,0.23860711900031895,12.561407637509301,0.0002,60900.06
12.051333700015675,60960.21,3.24,2.140100055002351,0.23894001100047027,12.571116987513715,0.0002,60900.06
12.06356149999192,60870.0,3.24,2.141934224998788,0.23930684499975757,12.581887542492767,0.0002,60900.06
12.075830899993889,60870.0,3.24,2.1437746349990836,0.23967492699981668,12.59286865549453,0.0002,60900.06
12.088232500012964,60849.98,3.24,2.1457172000020743,0.24021162500064822,12.604132737511863,0.0002,60870.0
12.100417200010272,60930.12,3.24,2.1476667520016437,0.2407937419998459,12.615300512009862,0.0002,60870.0
12.113417999993544,60900.06,3.24,2.149746879998967,0.24059873000009682,12.627781279993803,0.0002,60870.0
12.12558839999838,60870.0,3.24,2.1517500279997246,0.24097501399986232,12.639716341998373,0.0002,60870.0
12.137542900018161,60849.98,3.24,2.153782293003087,0.24199114650154366,12.65173061451825,0.0002,60880.02
12.14951210000436,60860.0,3.24,2.1559121780007846,0.242437802500109,12.664092584004534,0.0002,60880.02
12.157857400015928,60880.02,3.24,2.1574143320028667,0.2426464350003982,12.672771696016566,0.0002,60900.06
12.171157500008121,60940.14,3.24,2.159808350001462,0.24314630000032483,12.68688273750865,0.0002,60900.06
12.183517099998426,60910.07,3.24,2.1620330779997166,0.24348241450000788,12.699992954998349,0.0002,60880.02
12.195945699990261,60960.21,3.24,2.1642702259982474,0.2434202715000487,12.713042984989775,0.0002,60910.07
12.208169699995779,60809.97,3.24,2.1663888489992824,0.2436859394998523,12.725633093995695,0.0002,60910.07
12.22034010000061,60930.12,3.24,2.168456116500101,0.24411190350002143,12.738026496000588,0.0002,60910.07
12.231851999997161,60980.28,3.24,2.1703555799995318,0.24451481999990066,12.749077919997275,0.0002,60910.07
12.243990799994208,60860.0,3.24,2.172318573999102,0.2449995399997104,12.760571535994671,0.0002,60880.02
12.256465800019216,60950.18,3.24,2.174252199002978,0.24562329000096078,12.772048536017678,0.0002,60880.02
12.268418199993903,60880.02,3.24,2.176104820999055,0.2458,12.782918470994483,0.0002,60880.02
12.280560300016077,60750.0,3.24,2.1779868465024923,0.2458252135007235,12.79390987301463,0.0002,60910.07
12.293036499992013,60880.02,3.24,2.179920657498762,0.24638664249964062,12.805263214992733,0.0002,60910.07
12.304896899993762,60880.02,3.24,2.1817835039990023,0.2468224224998441,12.816178601494169,0.0002,60910.07
12.313481000019237,60910.07,3.24,2.1831569600030782,0.24703702500048094,12.824204735017986,0.0002,60910.07
12.326112300012028,60950.18,3.24,2.1852085295019847,0.2475056150006014,12.836259492511726,0.0002,60900.06
12.338357200002065,60990.31,3.24,2.1872289380003407,0.24811786000010325,12.848198270002014,0.0002,60900.06
12.350654700014275,60910.07,3.24,2.189364572502498,0.2482,12.860721067514632,0.0002,60910.07
12.363301600009436,60910.07,3.24,2.1915777800016514,0.24843111200066056,12.873766680009908,0.0002,60910.07
12.375931999995373,60900.06,3.24,2.1937880999991903,0.24931523999967617,12.887028599995142,0.0002,60910.07
12.387228900013723,60890.03,3.24,2.19580120200247,0.24956385549993138,12.898818056014271,0.0002,60910.07
12.399415099993348,60849.98,3.24,2.1979947179988026,0.24950292450003325,12.911491703993082,0.0002,60910.07
12.41269630001625,60930.12,3.24,2.2001948895026815,0.25000785200065,12.924605855516008,0.0002,60900.06
12.425022900017211,60839.98,3.24,2.202203664002754,0.25045068700051637,12.936546640516266,0.0002,60900.06
12.43693359999452,60930.12,3.24,2.2041093759991233,0.2508080079998356,12.94780225199482,0.0002,60900.06
12.448894200002542,60890.03,3.24,2.2060675430004197,0.25143365200015255,12.95923843200244,0.0002,60910.07
12.461054899991723,60960.21,3.24,2.208079332998593,0.2521,12.970965448991642,0.0002,60920.09
12.470229900005508,60860.0,3.24,2.2096390830009365,0.2521,12.980232199005563,0.0002,60920.09
12.482682800007751,60920.09,3.24,2.2117694900013563,0.2522207260003488,12.992836456007906,0.0002,60920.09
12.493876199994702,60930.12,3.24,2.2137283349990726,0.25272442899976155,13.004253723994596,0.0002,60930.12
12.506045599991921,60910.07,3.24,2.2158277519986265,0.25318136799975766,13.016515371991963,0.0002,60920.09
12.51820280001266,60930.12,3.24,2.217894476002152,0.25354608400037976,13.028611786012597,0.0002,60920.09
12.530507699993903,60839.98,3.24,2.219933770498994,0.2539677694997866,13.040539930494116,0.0002,60920.09
12.543907400016906,60970.25,3.24,2.2221251840027048,0.2543976850004227,13.05345110401623,0.0002,60920.09
12.556273299996976,60940.14,3.24,2.224103727999516,0.25470683249992443,13.065322367997096,0.0002,60930.12
12.568515999999363,60880.02,3.24,2.226105139999895,0.255268379999965,13.077203099999378,0.0002,60920.09
12.580660000006901,60910.07,3.24,2.2281122000011733,0.2559,13.089056700006866,0.0002,60930.12
12.5919397000107,60920.09,3.24,2.230029749001819,0.2559,13.100280001510647,0.0002,60940.14
12.604055200004952,60950.18,3.24,2.2320893840008416,0.2560216560001486,13.112334924004928,0.0002,60950.18
12.616333999991184,60960.21,3.24,2.2341767799985015,0.25639001999973554,13.124552329991229,0.0002,60950.18
12.624981200002367,60920.09,3.24,2.2356218980003906,0.2565,13.133006858002284,0.0002,60960.21
12.63741490000393,61090.82,3.25,2.2376734585006486,0.2565,13.145005378503793,0.0002,60960.21
12.649651600018842,61100.87,3.25,2.2396442560030145,0.2569825800009421,13.156620762017806,0.0002,60960.21
12.66243470000336,60980.28,3.24,2.2416895520005373,0.2576095615001512,13.168664271003124,0.0002,60960.21
12.674886699998751,60980.28,3.24,2.2436818719998,0.25816990149994384,13.180244630998839,0.0002,60960.21
12.686289400007807,60990.31,3.24,2.2455063040012493,0.2587459170004294,13.190974930007417,0.0002,60950.18
12.698616500012575,60930.12,3.24,2.247478640002012,0.25942390750069166,13.202685675011947,0.0002,60950.18
12.710667800012743,60910.07,3.24,2.2494601870021027,0.2597133560002549,13.214507783012552,0.0002,60950.18
12.723034700000426,60950.18,3.24,2.251531072500075,0.2600517350000214,13.22684091450044,0.0002,60930.12
12.735278300009668,60950.18,3.24,2.253673702501692,0.2606639150004834,13.239513040510007,0.0002,60930.12
12.747582800016971,60930.12,3.24,2.2559028180031397,0.2609,13.252551510018245,0.0002,60920.09
12.759718599991176,60870.0,3.24,2.258147940998368,0.2609,13.265597494990514,0.0002,60910.07
12.772406700009014,60920.09,3.24,2.260433206001623,0.2612722010002705,13.2791131355096,0.0002,60890.03
12.784319400001552,60870.0,3.24,2.262534298000264,0.26165117900005436,13.29154099700156,0.0002,60870.0
12.793602199992165,60839.98,3.24,2.2641123739986684,0.2619760769997258,13.300870210992127,0.0002,60870.0
12.806024299992716,60890.03,3.24,2.2661638879988346,0.2623204859998543,13.312902598993226,0.0002,60839.98
12.818375800008651,60839.98,3.24,2.2681401280013844,0.26256751600017303,13.324389494008045,0.0002,60839.98
12.830656400008591,60769.98,3.24,2.269998460001289,0.2631861020004725,13.33527763200756,0.0002,60769.98
12.841923500003759,60760.0,3.24,2.2716885250005636,0.26380579250020675,13.345192680003308,0.0002,60760.0
12.854527599993162,60730.03,3.24,2.2735791399989744,0.2644990179996239,13.356284287993983,0.0002,60730.03
12.866884299990486,60680.14,3.24,2.2754670664985253,0.2649376859998097,13.367433555991248,0.0002,60690.1
12.879600500018567,60690.1,3.24,2.277438077502878,0.26519201000037135,13.379132460017082,0.0002,60690.1
12.891172800009372,60670.17,3.24,2.2792876480014996,0.2654793200002343,13.390114160008904,0.0002,60680.14
12.903419000009308,60600.43,3.24,2.281281230001582,0.2657341900000931,13.401884810009214,0.0002,60670.17
12.915411900001345,60670.17,3.24,2.2833200230002286,0.2658541190000135,13.413757781001332,0.0002,60670.17
12.927546099992469,60630.3,3.24,2.285420567498682,0.2664659574994352,13.426072482992243,0.0002,60630.3
12.939888499997323,60690.1,3.24,2.2875804874995316,0.26739163749979933,13.438785154997245,0.0002,60630.3
12.948389600001976,60540.73,3.24,2.2891520760003656,0.2672322079999605,13.447918820002124,0.0002,60630.3
12.96085430000676,60560.62,3.24,2.2914580455012508,0.2670640725005071,13.461339730007436,0.0002,60630.3
12.972977299999911,60620.33,3.24,2.2937008004999835,0.2679732974999934,13.474675029999903,0.0002,60630.3
12.986207300011301,60620.33,3.24,2.296179387002147,0.268437926999887,13.489259066512489,0.0002,60620.33
12.998561500018695,60640.26,3.24,2.298526685003552,0.268314384999813,13.502910457520658,0.0002,60620.33
13.009778300009204,60630.3,3.24,2.300511202501611,0.2685933490002761,13.514571649009481,0.0002,60620.33
13.02206760001718,60670.17,3.24,2.302620478002663,0.26903439400111673,13.527012530015893,0.0002,60620.33
13.034513099992182,60600.43,3.24,2.304549530498788,0.2698433514994919,13.538524617492769,0.0002,60620.33
13.046967600006612,60620.33,3.24,2.306410302000959,0.2700954859999008,13.549626974005719,0.0002,60620.33
13.058771400013939,60620.33,3.24,2.308121853002021,0.2699184289997909,13.559837261012056,0.0002,60620.33
13.071080499998061,60610.38,3.24,2.309906672499719,0.2708972449998254,13.570263022498361,0.0002,60620.33
13.083238299994264,60600.43,3.24,2.311669553499168,0.27168380850002866,13.580584937995066,0.0002,60620.33
13.095701100013683,60600.43,3.24,2.313476659501984,0.2716214944999316,13.591302946011767,0.0002,60610.38
13.10399210001924,60600.43,3.24,2.3147187755029823,0.27169980250048104,13.59863281101751,0.0002,60620.33
13.116470000008121,60839.98,3.24,2.316652850001259,0.27201175000020306,13.609987700007391,0.0002,60610.38
13.12872890001745,60670.17,3.24,2.3186402685028793,0.272623734001047,13.62162338851684,0.0002,60600.43
13.141212200018343,60680.14,3.24,2.3207060740031182,0.2733242440003668,13.633724322018526,0.0002,60600.43
13.15389420001884,60590.47,3.24,2.322862014003203,0.2735778840003768,13.646533142019027,0.0002,60630.3
13.1665084999986,60670.17,3.24,2.325104072499741,0.2742206799998879,13.6596640949985,0.0002,60630.3
13.178778000001332,60580.52,3.24,2.3273739300002463,0.27520224000010657,13.672792460001425,0.0002,60630.3
13.189977600006387,60560.62,3.24,2.3294957440012136,0.27520022399993616,13.68522502400712,0.0002,60610.38
13.202372900006596,60630.3,3.24,2.33183898650122,0.27517118700019794,13.69902205450729,0.0002,60610.38
13.214525599993067,60680.14,3.24,2.3340872359987177,0.275535767999792,13.71245078799234,0.0002,60610.38
13.226992400013842,60590.47,3.24,2.336358632002492,0.2760146580006229,13.725737134014327,0.0002,60630.3
13.239281399990432,60610.38,3.24,2.3385706519982774,0.2765676629995694,13.738456248990097,0.0002,60630.3
13.251144600013504,60590.47,3.24,2.340538859002228,0.2769343380004051,13.750065985013165,0.0002,60630.3
13.263574400014477,60660.2,3.24,2.3425719040023165,0.2774144640008686,13.762059936013609,0.0002,60630.3
13.27220639999723,60630.3,3.24,2.343953023999557,0.27793238399983383,13.770174015997396,0.0002,60630.3
13.284387899999276,60680.14,3.24,2.345880124499888,0.27835612100000723,13.781492988999341,0.0002,60620.33
13.296689000009792,60710.06,3.24,2.347786795001518,0.2782331099999021,13.792686990008912,0.0002,60630.3
13.308674700005211,60680.14,3.24,2.349601205000782,0.2787638555003388,13.803463856504663,0.0002,60630.3
13.321166200010339,60620.33,3.24,2.3514807610016026,0.27955247900046526,13.814661242009407,0.0002,60630.3
13.33342619999894,60590.47,3.24,2.3533810609998356,0.28010417899995227,13.825817841999035,0.0002,60630.3
13.345861000008881,60570.56,3.24,2.355337760001421,0.2805758300002664,13.837426560008526,0.0002,60630.3
13.358262699999614,60630.3,3.24,2.3573220319999386,0.28094788099998846,13.84933219199963,0.0002,60630.3
13.370895300002303,60560.62,3.24,2.359452201000392,0.28143581200009216,13.861840823502293,0.0002,60620.33
13.383349200012164,60580.52,3.24,2.361586110002129,0.28183349200012164,13.87431618401241,0.0002,60620.33
13.39484620001167,60650.23,3.24,2.3635980850020424,0.2819484620001167,13.886043124011904,0.0002,60630.3
13.406758700002683,60650.23,3.24,2.365648979000456,0.28216896750006704,13.898160080502723,0.0002,60630.3
13.41915410000365,60630.3,3.24,2.3677561970006207,0.28247885250009125,13.910741411503706,0.0002,60630.3
13.42742660001386,60580.52,3.24,2.3691996550024257,0.2829827290009009,13.919100866013999,0.0002,60630.3
13.439988900005119,60760.0,3.24,2.3713980575008957,0.28379927850033276,13.931788789005171,0.0002,60650.23
13.452389300015055,60730.03,3.24,2.3735061810025595,0.2835522139996989,13.944189300015056,0.0002,60650.23
13.464458500006003,60740.02,3.24,2.3755356525009907,0.28380126500054037,13.956124745005823,0.0002,60640.26
13.47675800000434,60610.38,3.24,2.377565070000716,0.28490822000039057,13.96805526000421,0.0002,60640.26
13.48924620001344,60481.1,3.23,2.3795793920021504,0.2853386930002016,13.980030121012835,0.0002,60640.26
13.50133620001725,60730.03,3.24,2.38151379200276,0.2855467670006037,13.991569390016386,0.0002,60640.26
13.513813500001561,60640.26,3.24,2.3835101600002497,0.2859834725000546,14.003422825001483,0.0002,60640.26
13.526287599990612,60620.33,3.24,2.385506015998498,0.28629431399985916,14.015178905991222,0.0002,60640.26
13.5380395000102,60660.2,3.24,2.387386320001632,0.286470592500153,14.026166932509538,0.0002,60640.26
13.550210100016555,60640.26,3.24,2.3892825655025662,0.28685735350057945,14.037342241515148,0.0002,60640.26
13.56312050000997,60610.38,3.24,2.391314882501645,0.2873716275005484,14.049280077509522,0.0002,60640.26
13.575174099998547,60660.2,3.24,2.3933037264997603,0.28803457549992006,14.060791265498612,0.0002,60640.26
13.58409049999318,60630.3,3.24,2.3947953849988406,0.28842271499979544,14.069551857493078,0.0002,60660.2
13.596356399997603,60680.14,3.24,2.3968805879995925,0.2887906919999281,14.082001745997568,0.0002,60660.2
13.607757399993716,60680.14,3.24,2.398896331998869,0.2893266569996544,14.093767695993465,0.0002,60640.26
13.620158600009745,60610.38,3.24,2.4011277550017054,0.2900039650002436,14.106664151010087,0.0002,60660.2
13.632757400016999,60670.17,3.24,2.4033325450029746,0.29031893500042494,14.119703909017595,0.0002,60660.2
13.645082100003492,60660.2,3.24,2.405438546500576,0.2907032840001397,14.132180458003422,0.0002,60630.3
13.65780950000044,60620.33,3.24,2.4075385675000724,0.2912123800000176,14.14465331000043,0.0002,60660.2
13.669476800016128,60620.33,3.24,2.4094162880025802,0.291821224000887,14.15566080801508,0.0002,60630.3
13.682320699997943,60670.17,3.24,2.4114829154996604,0.2924232069999794,14.167751078998005,0.0002,60620.33
13.694824000005612,60630.3,3.24,2.413545960000926,0.29254824000005614,14.179879280005444,0.0002,60630.3
13.706680400006007,60620.33,3.24,2.4155022660009915,0.29280041200018025,14.19148019400592,0.0002,60630.3
13.718145799997727,60680.14,3.24,2.417394056999625,0.2931443739999319,14.202773612997762,0.0002,60630.3
13.730486699991161,60620.33,3.24,2.4194827389984974,0.29340973399982323,14.215034266491205,0.0002,60630.3
13.742936399998143,60520.85,3.24,2.421613869999675,0.2937615019998979,14.227509809998097,0.0002,60640.26
13.751562399993418,60650.23,3.24,2.423123419998848,0.294235931999638,14.236351459993253,0.0002,60640.26
13.763692900014576,60710.06,3.24,2.4252647220026233,0.2947553935002187,14.248859080515231,0.0002,60640.26
13.776589699991748,60680.14,3.24,2.4275861459985144,0.2949488454998762,14.262336236491377,0.0002,60640.26
13.789002000004983,60630.3,3.24,2.429730340000847,0.29549511000027406,14.275037030005057,0.0002,60640.26
13.801286100002471,60640.26,3.24,2.4318122065004077,0.2961,14.287441086502385,0.0002,60650.23
13.813699599995743,60660.2,3.24,2.4338604339992975,0.2961,14.299420113995893,0.0002,60660.2
13.825894400011748,60620.33,3.24,2.4358431040018798,0.29651260800082235,14.311011264010984,0.0002,60660.2
13.837217099993723,60630.3,3.24,2.4376547359989957,0.29730519699956054,14.32159798849413,0.0002,60650.23
13.8503897000046,60680.14,3.24,2.439710403500713,0.2975,14.333758524004232,0.0002,60640.26
13.862769500003195,60779.97,3.24,2.4416292725004953,0.29755539000006387,14.345161787502954,0.0002,60650.23
13.873858100007055,60720.05,3.24,2.4433480055010937,0.2977771620001411,14.355418742506528,0.0002,60660.2
13.886075999995228,60630.3,3.24,2.4452721599992366,0.2981430399998091,14.366689919995611,0.0002,60660.2
13.898520000017015,60650.23,3.24,2.4472632000027223,0.2986408000006806,14.378138400015654,0.0002,60680.14
13.906979099992895,60630.3,3.24,2.448616655998863,0.29894426849975136,14.386060353993322,0.0002,60680.14
13.919086600013543,60730.03,3.24,2.4505538560021667,0.299368031000474,14.397441404012731,0.0002,60680.14
13.9322625999921,60710.06,3.24,2.4527233289986965,0.2998291909997235,14.410194721992339,0.0002,60660.2
13.944848100014495,60660.2,3.24,2.454824177002464,0.30046360750108714,14.422620821514712,0.0002,60660.2
13.955912100005662,60710.06,3.24,2.4567050570009625,0.3012934075004247,14.433850781505749,0.0002,60660.2
13.968423300015274,60660.2,3.24,2.4589161940027493,0.3017684660003055,14.446886581516114,0.0002,60660.2
13.980562300013844,60680.14,3.24,2.461104025502561,0.30202530350062295,14.459704472514881,0.0002,60670.17
13.992884200008119,60650.23,3.24,2.463383577001502,0.3025797890003653,14.472950515008728,0.0002,60660.2
14.005184600013306,60660.2,3.24,2.465633228002395,0.3030036920002661,14.486173445014305,0.0002,60660.2
14.018219099991255,60660.2,3.24,2.467979437998426,0.30326438199982514,14.5001855324906,0.0002,60670.17
14.030297499994049,60680.14,3.24,2.4701020624989587,0.303711899999762,14.51260344999393,0.0002,60670.17
14.042444199993044,60670.17,3.24,2.472178850998922,0.30423443099961744,14.524773105993532,0.0002,60680.14
14.054508900007932,60650.23,3.24,2.4740488795012294,0.30489798950043623,14.535993277007377,0.0002,60680.14
14.063360600004671,60740.02,3.24,2.4754040900007004,0.3053176210001635,14.54405732800411,0.0002,60690.1
14.074626000015995,60740.02,3.24,2.4770939000023993,0.3057119100005598,14.553970880014075,0.0002,60710.06
14.087105300015537,60779.97,3.24,2.479001321502408,0.3062552650007769,14.565023717013828,0.0002,60720.05
14.099157599994216,60710.06,3.24,2.4808694279991035,0.3068578799997108,14.575750263994852,0.0002,60720.05
14.111598399991635,60690.1,3.24,2.4827977519987035,0.30718995999979093,14.587170527992305,0.0002,60720.05
14.124142699991353,60760.0,3.24,2.4847628319986166,0.30744142699991356,14.598794137991872,0.0002,60730.03
14.13619099999778,60720.05,3.24,2.4866905599996447,0.3075619099999778,14.610119539997912,0.0002,60720.05
14.14864640001906,60740.02,3.24,2.488726656003145,0.3082484800014295,14.622216704018774,0.0002,60710.06
14.161162900010824,60710.06,3.24,2.4908093220019483,0.3090767419997835,14.634603601511202,0.0002,60710.06
14.172926600003848,60690.1,3.24,2.492926788000693,0.308841467999923,14.646779031003982,0.0002,60720.05
14.18518739999854,60730.03,3.24,2.49515966899973,0.309218739999854,14.659806139998395,0.0002,60720.05
14.198018499999307,60710.06,3.24,2.4975334224998718,0.31050184999993075,14.67392034999924,0.0002,60720.05
14.209961300017312,60710.06,3.24,2.4997926470032894,0.31050077399965376,14.687356269019563,0.0002,60730.03
14.222065800015116,60779.97,3.24,2.5020821730027967,0.31043427700098264,14.700941393016402,0.0002,60710.06
14.230544999998527,60740.02,3.24,2.5036508249997276,0.3109854249999043,14.710141324998402,0.0002,60730.03
14.242933300003644,60690.1,3.24,2.5059133275006378,0.311731998500164,14.723377299503698,0.0002,60730.03
14.255112000013467,60779.97,3.24,2.5080446000023566,0.312280040000606,14.73573868001367,0.0002,60740.02
14.267153699998744,60779.97,3.24,2.5100088234998053,0.3125,14.747281403998844,0.0002,60740.02
14.280515299993567,60710.06,3.24,2.5120721419990995,0.31255410649932464,14.759532851994598,0.0002,60750.0
14.29173689999152,60750.0,3.24,2.513643165998813,0.3137323744991097,14.768958995992877,0.0002,60750.0
14.3041019999946,60670.17,3.24,2.5153947899992173,0.314579490000027,14.779284149995545,0.0002,60750.0
14.316246500005946,60740.02,3.24,2.5171557425008624,0.31451876749997026,14.789303362504906,0.0002,60750.0
14.3289461999957,60769.98,3.24,2.5189971989993767,0.31458946199995697,14.800272655996217,0.0002,60750.0
14.341149000014411,60839.98,3.24,2.5207838400023057,0.31478617500108086,14.811068570013402,0.0002,60740.02
14.353304699994624,60769.98,3.24,2.5227287519991397,0.3156978524995968,14.822373370995,0.0002,60750.0
14.365411800012225,60730.03,3.24,2.524692947002017,0.31614588199987775,14.833903564011981,0.0002,60740.02
14.377716399991188,60750.0,3.24,2.5267232059985463,0.3160228360000881,14.845962071991366,0.0002,60750.0
14.386255299992627,60690.1,3.24,2.528225953998673,0.31671935949915214,14.854705511992332,0.0002,60769.98
14.398481300013371,60690.1,3.24,2.530426634002407,0.31812534950153765,14.867420552013906,0.0002,60750.0
14.410510899993824,60809.97,3.24,2.532591961998888,0.31819489100006176,14.880351771993329,0.0002,60750.0
14.423857499990845,60730.03,3.24,2.5350329249982604,0.31852432499899297,14.894843249989929,0.0002,60750.0
14.436028500000248,60769.98,3.24,2.537345415000047,0.3198631350000273,14.908231350000273,0.0002,60750.0
14.448617200017907,60829.98,3.24,2.5396510960032233,0.32004148399946275,14.92182040401916,0.0002,60740.02
14.460763600014616,60740.02,3.24,2.5418298120024847,0.3197419980008039,14.934767418014689,0.0002,60769.98
14.47311940000509,60789.97,3.24,2.5439302980008653,0.3204215670002799,14.947184997005115,0.0002,60769.98
14.484399600012694,60769.98,3.24,2.545803936002031,0.3211079720008885,14.958235624011932,0.0002,60769.98
14.496552700002212,60680.14,3.24,2.5477484320003536,0.32195868900015484,14.969659538002078,0.0002,60769.98
14.50865510001313,60730.03,3.24,2.5496848160021006,0.3221567244999343,14.98094924301221,0.0002,60769.98
14.52111950001563,60799.96,3.24,2.5516735225024227,0.32216157250085964,14.99252994001438,0.0002,60769.98
14.533159899991006,60760.0,3.24,2.553539784498606,0.3228237944995053,15.003607107991726,0.0002,60769.98
14.541834800009383,60769.98,3.24,2.5548935680015017,0.3232642180003284,15.011597190008679,0.0002,60769.98
14.554229100001976,60849.98,3.24,2.556876656000316,0.3236980185000692,15.023061917501828,0.0002,60779.97
14.566691200016066,60849.98,3.24,2.5588705920025703,0.3241676480006426,15.034823552015423,0.0002,60779.97
14.57938650000142,60839.98,3.24,2.560901840000227,0.32467546000005676,15.047011040001362,0.0002,60779.97
14.591734100016765,60750.0,3.24,2.56299479700285,0.32546271650108977,15.059275429516681,0.0002,60779.97
14.604071900015697,60779.97,3.24,2.565112582502747,0.3259796404999215,15.071653338016011,0.0002,60789.97
14.616322799993213,60809.97,3.24,2.567256489998812,0.325918386000034,15.084149255993077,0.0002,60789.97
14.628729000018211,60760.0,3.24,2.5693839300030956,0.3260745800003642,15.096803580018575,0.0002,60779.97
14.641023500007577,60690.1,3.24,2.5714791125013257,0.32624882499962116,15.109333735007652,0.0002,60779.97
14.653138599998783,60829.98,3.24,2.5735992549997873,0.3256430700000608,15.121569985998772,0.0002,60779.97
14.66517220000969,60789.97,3.24,2.575653413001599,0.3255586100004845,15.133594617009546,0.0002,60789.97
14.676945100014564,60769.98,3.24,2.5775959415024032,0.32614725500072816,15.145190923514345,0.0002,60809.97
14.688690900016809,60760.0,3.24,2.5794905440026894,0.3263869090001681,15.156456355015969,0.0002,60789.97
14.697260000015376,60819.96,3.24,2.5808616000024602,0.32647260000015377,15.164597000014608,0.0002,60819.96
14.70951720001176,60839.98,3.24,2.5828703380019404,0.3272137900008821,15.176193754011113,0.0002,60819.96
14.721885900013147,60819.96,3.24,2.584901744002104,0.3280565770003945,15.18789160501249,0.0002,60819.96
14.73423980001826,60839.98,3.24,2.586878368002922,0.3284271940005478,15.199627810017347,0.0002,60819.96
14.746596200013299,60769.98,3.24,2.5888883730021943,0.32876490500033245,15.2114983140129,0.0002,60819.96
14.759701900009532,60839.98,3.24,2.591050813501573,0.3290925475002383,15.224210843009246,0.0002,60819.96
14.771856900013518,60750.0,3.24,2.593115673002298,0.3296928450006759,15.23629761551345,0.0002,60819.96
14.783225399994992,60829.98,3.24,2.5950483179991486,0.3302290159997997,15.247657653994942,0.0002,60819.96
14.795577300013976,60819.96,3.24,2.5971481410023762,0.3307230920005591,15.260133073014117,0.0002,60829.98
14.808166300004816,60839.98,3.24,2.599329102500843,0.33138997800028897,15.272888794504889,0.0002,60829.98
14.820365999999922,60680.14,3.24,2.6014622199999864,0.3321164699999965,15.285269659999921,0.0002,60829.98
14.832743000006303,60760.0,3.24,2.6035663100010713,0.3326734350002837,15.297770430006366,0.0002,60829.98
14.844934599997941,60829.98,3.24,2.60563888199965,0.33319738399991766,15.310009926997951,0.0002,60839.98
14.853961899993012,60900.06,3.24,2.607173522998812,0.3335584759997205,15.318992090493046,0.0002,60839.98
14.866318300017156,60860.0,3.24,2.6092109280027453,0.3342738725012867,15.33106556801647,0.0002,60839.98
14.878580099990359,60860.0,3.24,2.6111728159984575,0.33519350749927695,15.342836895990747,0.0002,60829.98
14.889742900006238,60910.07,3.24,2.612958864000998,0.3352025709999376,15.353260897005802,0.0002,60829.98
14.902070400014056,60860.0,3.24,2.6149209120021784,0.335286336001265,15.364704768012931,0.0002,60829.98
14.914506200002508,60819.96,3.24,2.6168484610003886,0.3364055580002257,15.376145704002306,0.0002,60829.98
14.92694209999172,60809.97,3.24,2.618810735998675,0.3369,15.387760284492176,0.0002,60829.98
14.938886699994328,60829.98,3.24,2.620721871999092,0.3369,15.399047931494641,0.0002,60829.98
14.95120880001923,60829.98,3.24,2.6227494520031733,0.337964836001827,15.410972536018654,0.0002,60819.96
14.963502700004028,60799.96,3.24,2.624795459000685,0.33890508100012084,15.42302021350405,0.0002,60819.96
14.975910500012105,60809.97,3.24,2.626904785002058,0.3392773150003631,15.435490052512167,0.0002,60819.96
14.988160100008827,60809.97,3.24,2.629068818001589,0.3398080050004413,15.448127304509224,0.0002,60829.98
15.000106999999844,60860.0,3.24,2.6312197949999714,0.3404069549999898,15.460615024999832,0.0002,60829.98
15.008898100000808,60819.96,3.24,2.6328461485001498,0.3409783765000525,15.470065457500867,0.0002,60819.96
15.021121600002516,60900.06,3.24,2.635101888000453,0.3417112160000252,15.483200112002692,0.0002,60819.96
15.034214799990878,60890.03,3.24,2.637458663998358,0.34184214799990875,15.497209835990239,0.0002,60819.96
15.04645470000105,60839.98,3.24,2.6395972990001786,0.3422227350000525,15.50985470000105,0.0002,60819.96
15.058771100011656,60819.96,3.24,2.6416910870019814,0.34283855500058275,15.522171100011656,0.0002,60819.96
15.069986999995308,60680.14,3.24,2.643497919999249,0.3433494149997888,15.532787779995589,0.0002,60819.96
15.082171499991091,60789.97,3.24,2.6454257249986632,0.34388685999964363,15.544121777492116,0.0002,60819.96
15.09461800000281,60789.97,3.24,2.6472927000004214,0.34438472000011244,15.555136930002488,0.0002,60819.96
15.106752799998503,60799.96,3.24,2.6491129199997756,0.34507269599989526,15.56590999199867,0.0002,60819.96
15.119188900018344,60930.12,3.24,2.6509783350027516,0.3459432230012841,15.576978121016326,0.0002,60819.96
15.13225630001398,60809.97,3.24,2.6529997265021668,0.346,15.588914514512792,0.0002,60839.98
15.143875000008848,60849.98,3.24,2.6548200000014153,0.34634875000079623,15.59966187500836,0.0002,60849.98
15.155982299998866,60839.98,3.24,2.6567571679998188,0.347438406999898,15.611103273498928,0.0002,60849.98
15.168012600013753,60870.0,3.24,2.658762142002338,0.3480403780004126,15.622792411013547,0.0002,60870.0
15.176371500012465,60870.0,3.24,2.660183155002119,0.34829114500037395,15.63102592751228,0.0002,60870.0
15.189675100002205,60849.98,3.24,2.662493142500386,0.3493191345002095,15.64451697750226,0.0002,60870.0
15.202094800013583,60960.21,3.24,2.664677064002445,0.3503314220002038,15.657330962014466,0.0002,60870.0
15.214387899992289,60880.02,3.24,2.666889821998612,0.3505158184998844,15.670423113491788,0.0002,60870.0
15.226524199999403,60870.0,3.24,2.6691069769998896,0.3510240729999613,15.683446135999356,0.0002,60880.02
15.2391246999905,60910.07,3.24,2.671438069498243,0.3518431054993826,15.697054675989742,0.0002,60880.02
15.251279699994484,60870.0,3.24,2.6736303459990074,0.35223839099983456,15.709956481994155,0.0002,60900.06
15.26352500001667,60900.06,3.24,2.675799250002834,0.35265862500075024,15.722742625016757,0.0002,60910.07
15.27582700000494,60920.09,3.24,2.6778905900008394,0.35321221500022226,15.735106135004964,0.0002,60900.06
15.287039399991043,60880.02,3.24,2.679726303998567,0.3537871669995073,15.745881838991624,0.0002,60910.07
15.29970740000135,60910.07,3.24,2.681753184000216,0.35448390700007426,15.757726419001262,0.0002,60910.07
15.311928100010846,60950.18,3.24,2.6835892150016267,0.35539460750081336,15.768556368509598,0.0002,60910.07
15.324056700017536,60960.21,3.24,2.6854085050026306,0.3561014175004384,15.77929017951552,0.0002,60920.09
15.333089399995515,60849.98,3.24,2.6867634099993274,0.3563272349998879,15.78728411899603,0.0002,60950.18
15.345502500014845,60960.21,3.24,2.688625375002227,0.35677512500074227,15.79835225001336,0.0002,60960.21
15.35781250000582,61020.44,3.25,2.690471875000873,0.35739062500029106,15.80943125000524,0.0002,60960.21
15.369938499992713,60900.06,3.24,2.6923901599988342,0.35774846249981784,15.820642804993225,0.0002,60960.21
15.381313499994576,60970.25,3.24,2.6942167274991053,0.35809851249959324,15.831280662494713,0.0002,60960.21
15.394451800006209,61010.39,3.24,2.6963845470010246,0.35908388500046573,15.844090505006056,0.0002,60970.25
15.406930099998135,60980.28,3.24,2.6985127674996736,0.35977720399992547,15.856672653498071,0.0002,60970.25
15.419117300014477,60930.12,3.24,2.700645527502534,0.36026469200057915,15.869286405514986,0.0002,60970.25
15.430494200001704,60950.18,3.24,2.702741427000315,0.3611920070001448,15.881586207001849,0.0002,60970.25
15.443528600007996,60970.25,3.24,2.705170434001519,0.3620705720001599,15.895799103008834,0.0002,60980.28
15.45560340001248,60990.31,3.24,2.707464646002371,0.36231206800024957,15.909141757013789,0.0002,60990.31
15.467670300015016,60990.31,3.24,2.7096806540027027,0.3629752725011261,15.922207221016066,0.0002,60990.31
15.4793331999972,60940.14,3.24,2.711779975999496,0.36384998999978996,15.934686523997003,0.0002,60990.31
15.48771940000006,60990.31,3.24,2.71321229800001,0.3642473730000027,15.94308080300006,0.0002,60990.31
15.500083999999333,61060.64,3.25,2.7153134399998935,0.36480545999995667,15.955378119999379,0.0002,60990.31
15.513137500005541,61050.58,3.25,2.7174020000008867,0.3656539375003602,15.967517875005154,0.0002,60990.31
15.525557400018444,61121.0,3.25,2.719361397002859,0.3662667220005533,15.979068382017154,0.0002,61010.39
15.537835700000869,61020.44,3.25,2.721264533500135,0.3666350710000261,15.990487201000809,0.0002,61010.39
15.550118200015275,60940.14,3.24,2.7232189120024444,0.3669023640003055,16.001808744014053,0.0002,61010.39
15.562487399991369,61010.39,3.24,2.7251855469986626,0.3672989919993096,16.013163533992145,0.0002,61020.44
15.573891200008802,60950.18,3.24,2.726953136001365,0.3682112960007043,16.023540992008012,0.0002,61010.39
15.586125300003916,61040.54,3.25,2.728849421500607,0.36900626500019584,16.034765902503622,0.0002,61010.39
15.598656300018776,61010.39,3.24,2.73079172650291,0.3696328150009387,16.046357077517367,0.0002,61010.39
15.6104023999942,60970.25,3.24,2.732664383999072,0.36990804799988397,16.05753429199446,0.0002,61000.36
15.62289550001151,61070.69,3.25,2.7346922350019565,0.3703895500011508,16.06958102251145,0.0002,61010.39
15.635170800000195,60940.14,3.24,2.736779036000033,0.37161708000001936,16.081794946000194,0.0002,61010.39
15.647311900014754,61000.36,3.24,2.738879582502582,0.3723193570004426,16.094021578514976,0.0002,61010.39
15.656256499991287,61040.54,3.25,2.740444887498475,0.3725876949997386,16.103100347491157,0.0002,61010.39
15.668862199992871,61000.36,3.24,2.7426508849987523,0.373453286999394,16.115983754992694,0.0002,61000.36
15.681140100001357,61080.75,3.25,2.744793817000231,0.37443420300004077,16.12855720150138,0.0002,61000.36
15.693653800000904,61090.82,3.25,2.746921146000154,0.37480961400002716,16.141258607000918,0.0002,61000.36
15.705935700010741,60970.25,3.24,2.7489793905017725,0.37538582050069824,16.153457629010422,0.0002,61000.36
15.718200300005263,61030.49,3.25,2.7510030495008686,0.37618301950034216,16.16535429100511,0.0002,61030.49
15.730422399996316,60839.98,3.24,2.752967583999411,0.37692534399977906,16.177053391996484,0.0002,61000.36
15.742758300009882,61000.36,3.24,2.754955119501631,0.3775551660001977,16.188834176509438,0.0002,61000.36
15.753968700009864,61050.58,3.25,2.7568048355016277,0.37777937400019734,16.19954010850942,0.0002,61000.36
15.76650240001618,60990.31,3.24,2.7588728960026696,0.37829014400097083,16.211639840015778,0.0002,61000.36
15.778784900001483,61030.49,3.25,2.7608995085002443,0.37902709400008894,16.223615277501445,0.0002,61000.36
15.790964799991343,60990.31,3.24,2.7629091919985713,0.37948376799969696,16.235490679991557,0.0002,61000.36
15.802742700005183,60990.31,3.24,2.7648525455008555,0.37997827550033686,16.246960419005028,0.0002,61020.44
15.811425699997928,61020.44,3.25,2.7662852404996583,0.3805426704998653,16.25538292899799,0.0002,61030.49
15.823845200007781,61090.82,3.25,2.768353684001323,0.3814076160006225,16.267487522007663,0.0002,61020.44
15.836214900016783,61000.36,3.24,2.770456533002853,0.38239719200134265,16.279671676516532,0.0002,61020.44
15.848621900018772,61080.75,3.25,2.7725657230031913,0.3827431095000938,16.292065009518865,0.0002,61020.44
15.8613020000048,61030.49,3.25,2.7747213400008164,0.38293671000050405,16.3048020000048,0.0002,61020.44
15.873886999994284,61040.54,3.25,2.776860789999028,0.38425813499939987,16.317386999994284,0.0002,61020.44
15.886263199994573,60960.21,3.24,2.778933427999105,0.3850252639998915,16.329637935994683,0.0002,61010.39
15.898439400014468,61010.39,3.24,2.7809425010023876,0.38526878800028935,16.34157061201418,0.0002,61010.39
15.909596900019094,61110.94,3.25,2.782783488503151,0.3859717830013367,16.352265039518237,0.0002,61010.39
15.921875,61010.39,3.24,2.7848,0.38681250000000006,16.363990625000003,0.0002,61010.39
15.934085999993838,60990.31,3.24,2.786753759999014,0.3875451599996303,16.375652129994116,0.0002,61010.39
15.946535800001584,61010.39,3.24,2.7887784070002613,0.3881287530000554,16.387607047001527,0.0002,61010.39
15.958754499995848,60890.03,3.24,2.7907944924993147,0.38855640749985465,16.399398092495993,0.0002,61010.39
15.970845600008033,61010.39,3.24,2.7927895240013254,0.3895218760006828,16.41117446000783,0.0002,61010.39
15.980185299995355,61020.44,3.25,2.7943315009992102,0.39030555899986064,16.42028437349538,0.0002,61010.39
15.992545000015525,61050.58,3.25,2.796432650002639,0.39067635000046574,16.43258227501545,0.0002,61010.39
16.00384469999699,61010.39,3.24,2.798353598999488,0.39114990549980433,16.44384469999699,0.0002,61010.39
16.01715860000695,61040.54,3.25,2.8006169620011816,0.39201530900045184,16.457158600006952,0.0002,61010.39
16.029024499992374,60860.0,3.24,2.802634164998704,0.39296708249935186,16.469159867492262,0.0002,61010.39
16.041607999999542,61010.39,3.24,2.80478139999992,0.3939321599999908,16.481924079999537,0.0002,61010.39
16.053994000016246,61000.36,3.24,2.8069489500028433,0.39417988000032494,16.49443394001641,0.0002,61010.39
16.066275499993935,61040.54,3.25,2.809066834998969,0.394896172499424,16.506744122493966,0.0002,61010.39
16.078511600004276,61010.39,3.24,2.811146972000727,0.3960586020004064,16.518919042004256,0.0002,61010.39
16.089709199994104,61000.36,3.24,2.813002017999027,0.3962,16.52986646999425,0.0002,61010.39
16.101855400018394,61030.49,3.25,2.814987587002851,0.3963669860016553,16.541634799017196,0.00020927700009196307,61010.39
16.11426180001581,60970.25,3.24,2.8169105790024505,0.3974835620014229,16.55323478301478,0.0002713090000790488,61010.39
16.126373100007186,60990.31,3.24,2.8188196960011496,0.3982549240002874,16.564495117506645,0.0003,61010.39
16.1347558000125,61010.39,3.24,2.8201609280019997,0.3985902320004999,16.572249115011562,0.0003,61010.39
16.14804980001645,61121.0,3.25,2.82224771900255,0.3992427390009048,16.584546065015218,0.0003,61010.39
16.15944610000588,61000.36,3.24,2.8240141455009113,0.3998695355003234,16.59508764250544,0.0003,61010.39
16.171774799993727,61030.49,3.25,2.826042841998965,0.40090085799946684,16.60672718599407,0.0003,61010.39
16.18406500000856,61070.69,3.25,2.828070725001412,0.4017829250003852,16.61856500000856,0.0003,61020.44
16.19641460001003,61000.36,3.24,2.8301084090016553,0.4023386570004514,16.63091460001003,0.0003,61020.44
16.20860330000869,61030.49,3.25,2.8322485940015643,0.40314524750065184,16.643533465009124,0.0003,61020.44
16.220875600003637,60900.06,3.24,2.8344663640006913,0.4040569140002365,16.656463160004,0.0003,61020.44
16.23420810000971,61020.44,3.25,2.836999539001845,0.40492352650063124,16.67112891001068,0.0003,61020.44
16.246262300002854,61040.54,3.25,2.8392585255005285,0.40548786900008565,16.684419841503153,0.0003,61020.44
16.257725400006166,61000.36,3.24,2.841379199001141,0.405831762000185,16.697086567006814,0.0003,61020.44
16.269862100016326,61020.44,3.25,2.843575178002939,0.4065410365010612,16.709955205017142,0.0003,61020.44
16.281949500000337,61020.44,3.25,2.845711920000054,0.4072779800000134,16.72246177250032,0.0003,61020.44
16.290672000002814,61020.44,3.25,2.84710752000045,0.40762688000011255,16.73079176000269,0.0003,61020.44
16.303074800001923,61080.75,3.25,2.849061220000288,0.4082921060001826,16.74240582400169,0.0003,61040.54
16.31503250001697,61090.82,3.25,2.850854875002545,0.40942808750161197,16.752928600014933,0.0003,61020.44
16.32726220000768,61060.64,3.25,2.8526530190011137,0.410263110000384,16.763545492006607,0.0003,61020.44
16.34053469999344,61060.64,3.25,2.854580204999016,0.410926734999672,16.77496786249426,0.0003,61020.44
16.35272170000826,61020.44,3.25,2.856408255001239,0.411536085000413,16.785631487507228,0.0003,61020.44
16.364151899993885,61040.54,3.25,2.858143544499052,0.41212835449966373,16.795798988494408,0.0003,61020.44
16.3767402000085,61010.39,3.24,2.8600947310013174,0.41282071100046747,16.80731728300778,0.0003,61020.44
16.389188000001013,61000.36,3.24,2.862070080000162,0.413643160000071,16.819028600000966,0.0003,61020.44
16.40117789999931,60849.98,3.24,2.864000242999883,0.41447067399995874,16.830460231499323,0.0003,61020.44
16.41357689999859,60950.18,3.24,2.86610807299976,0.41521461399991544,16.842673246498613,0.0003,61020.44
16.425880800001323,61020.44,3.25,2.8682291400002318,0.4158646360000596,16.855057224001364,0.0003,61020.44
16.437673600012204,61020.44,3.25,2.8702928800021352,0.41639531200054913,16.86720380801257,0.0003,61020.44
16.44983689999208,61090.82,3.25,2.872519826498534,0.4172377674994058,16.880322220991363,0.0003,61050.58
16.459333600010723,61050.58,3.25,2.8742767160019835,0.4179500200008041,16.890673624011686,0.0003,61070.69
16.471750700002303,61141.14,3.25,2.8766326330004377,0.4184700280000921,16.904384523502543,0.0003,61070.69
16.484198199992534,61100.87,3.25,2.878955675998656,0.4191358559994027,16.917971082992047,0.0003,61070.69
16.496431500010658,61070.69,3.25,2.8811576700019184,0.42011452000085264,16.930999547511348,0.0003,61070.69
16.508755599992583,61191.52,3.25,2.883288451998739,0.42092533599955495,16.94355559999258,0.0003,61070.69
16.5209439000173,61070.69,3.25,2.885346304502682,0.42166607300121106,16.955658949015742,0.0003,61070.69
16.53324389999034,61050.58,3.25,2.8872528044985026,0.42252707299932374,16.96685194899121,0.0003,61070.69
16.545602500002133,61050.58,3.25,2.8891403750003204,0.42333615000012803,16.97795821250189,0.0003,61070.69
16.55789550000918,61060.64,3.25,2.8909843250013774,0.42407373000055093,16.988837517508127,0.0003,61060.64
16.56999300001189,61030.49,3.25,2.8928489150018435,0.4243998600002378,16.999843595010883,0.0003,61060.64
16.582008800003678,61080.75,3.25,2.89471136400057,0.4248109240003863,17.010858140003403,0.0003,61060.64
16.59341659999336,61030.49,3.25,2.8964795729989707,0.4260087429993029,17.021410354993858,0.0003,61060.64
16.605599500006065,61070.69,3.25,2.8984239175010003,0.42692398000024256,17.03281952500576,0.0003,61070.69
16.614874399994733,61060.64,3.25,2.899954275999131,0.4272949759997893,17.041630679994995,0.0003,61070.69
16.627294400008395,61110.94,3.25,2.902003576001385,0.42793766400050365,17.05372145600831,0.0003,61070.69
16.638620900019305,61121.0,3.25,2.9038724485031855,0.4286172540011583,17.06493469101911,0.0003,61070.69
16.650849700003164,61090.82,3.25,2.9060529460005697,0.4295137275002373,17.077529439503273,0.0003,61070.69
16.663156900001923,61090.82,3.25,2.908268242000346,0.43034206050008655,17.090409452002078,0.0003,61090.82
16.675463699997636,61010.39,3.24,2.9104834659995746,0.4308958664998936,17.103700795997447,0.0003,61090.82
16.688545500015607,61040.54,3.25,2.9128809175028874,0.43208273250179485,17.117871867516932,0.0003,61090.82
16.70086780001293,61060.64,3.25,2.9151562040023276,0.43341301700019397,17.13120685101351,0.0003,61090.82
16.71337179999682,61090.82,3.25,2.9174069239994282,0.4336005769999523,17.144273530996678,0.0003,61090.82
16.724857399996836,61110.94,3.25,2.919401470999478,0.4341128789997311,17.155911677996933,0.0003,61090.82
16.736919100017985,61060.64,3.25,2.921391651502968,0.43513812350152886,17.167611527017446,0.0003,61110.94
16.74929800000973,61121.0,3.25,2.9233411900015085,0.4356324500002433,17.179154160008952,0.0003,61121.0
16.76136510001379,61151.21,3.25,2.9252047650020687,0.43596825500068964,17.190221764512344,0.0003,61121.0
16.770139900007052,61121.0,3.25,2.9265209850010576,0.4364069950003526,17.198075210506314,0.0003,61121.0
16.78205040001194,61151.21,3.25,2.9283178120018505,0.4371152920012536,17.208735108010686,0.0003,61121.0
16.794353000004776,61151.21,3.25,2.93022471500074,0.43840706500050136,17.219745935004273,0.0003,61121.0
16.807528300007107,61181.45,3.25,2.9322668865011012,0.4393387735003198,17.231763677506574,0.0003,61141.14
16.81897029999527,61080.75,3.25,2.934040396499267,0.4398536634997872,17.242347527495628,0.0003,61151.21
16.831067999999505,61171.36,3.25,2.9360262199999183,0.4407300999999629,17.253925279999525,0.0003,61141.14
16.843682600010652,61090.82,3.25,2.938126042001811,0.44167619500079897,17.266201013010704,0.0003,61151.21
16.855981800006703,61080.75,3.25,2.9402169060011394,0.4425986350005027,17.278561709006734,0.0003,61151.21
16.868232700013323,61141.14,3.25,2.9423818860023983,0.44331163500066617,17.29124433501399,0.0003,61151.21
16.880269000015687,61171.36,3.25,2.944548420002824,0.44392152000125507,17.30388379501655,0.0003,61141.14
16.89264330000151,61121.0,3.25,2.946775794000272,0.4449114640001209,17.316938681501593,0.0003,61151.21
16.905005100008566,61161.29,3.25,2.9489508670014564,0.44560010200017136,17.329780176508695,0.0003,61151.21
16.917185700003756,61151.21,3.25,2.9510215690006385,0.44584371400007516,17.342143485503815,0.0003,61161.29
16.929344800009858,61191.52,3.25,2.952995168001577,0.4469746520011337,17.353924284009413,0.0003,61161.29
16.938021200010553,61070.69,3.25,2.954383392001688,0.44797243800121345,17.36221024601008,0.0003,61171.36
16.94990720000351,61221.77,3.25,2.9563346880005787,0.4487448960001929,17.373462304003315,0.0003,61191.52
16.962265500013018,61221.77,3.25,2.958373807502148,0.4494699125009763,17.385197535012626,0.0003,61191.52
16.97472930001095,61161.29,3.25,2.960430334501807,0.4504046975008211,17.39728742101062,0.0003,61221.77
16.987143700011075,61262.15,3.25,2.962478710501827,0.4513000590007752,17.409400826010852,0.0003,61221.77
16.999314799992135,61231.87,3.25,2.964486941998702,0.4521520359994494,17.421328503992292,0.0003,61221.77
17.01140230000601,61231.87,3.25,2.966481379500992,0.45277011500030057,17.43317425400589,0.0003,61231.87
17.024830600013956,61090.82,3.25,2.9686970490023032,0.45341737700062806,17.446309835013608,0.0003,61231.87
17.037056300003314,61221.77,3.25,2.970714289500547,0.4539675335001492,17.45822989250323,0.0003,61231.87
17.049167799996212,61231.87,3.25,2.972712686999375,0.4548792629996781,17.469992765996327,0.0003,61231.87
17.061251800012542,61231.87,3.25,2.9747128060021324,0.4558625900006271,17.481733023012353,0.0003,61231.87
17.073218400008045,61252.06,3.25,2.9767471280013678,0.45646092000040234,17.493520124007926,0.0003,61231.87
17.084749700006796,61282.35,3.25,2.9787074490011554,0.4572512215006457,17.504949700006797,0.0003,61252.06
17.09322959999554,61292.45,3.25,2.9801490319992414,0.4580568119995761,17.513429599995536,0.0003,61252.06
17.105641700007254,61292.45,3.25,2.982259089001233,0.45912312750054396,17.52586990850729,0.0003,61252.06
17.117731700011063,61221.77,3.25,2.984314389001881,0.4600298775008297,17.538020358511115,0.0003,61252.06
17.130206100002397,61353.11,3.25,2.9863840065003955,0.4609654575001797,17.55035300850236,0.0003,61252.06
17.142481499991845,61252.06,3.25,2.9884094474986544,0.461923334999266,17.56235742499225,0.0003,61252.06
17.154979200015077,61110.94,3.25,2.9904715680024876,0.463048128001357,17.574230240014323,0.0003,61252.06
17.16722150001442,61121.0,3.25,2.992419332502235,0.46389718250079315,17.585715995013413,0.0003,61252.06
17.1792248999991,61161.29,3.25,2.9942798594998603,0.46455736949995047,17.59687915699916,0.0003,61221.77
17.192480099998647,61252.06,3.25,2.996459216499777,0.46516160449993915,17.60939369449872,0.0003,61221.77
17.204810900002485,61181.45,3.25,2.998469744000398,0.4660131626669318,17.62118260933575,0.0003,61221.77
17.216165899997577,61272.25,3.25,3.0003331799995157,0.4672,17.632265899997577,0.0003,61211.69
17.22847780000302,61272.25,3.25,3.0023938370004988,0.46639655399978847,17.64423346600293,0.0003,61211.69
17.240766800008714,61121.0,3.25,3.0041390120007843,0.4660071740004793,17.654571740004794,0.0003,61221.77
17.252877699997043,61221.77,3.25,3.005228992999734,0.46667327349983734,17.66123273499837,0.0003,61221.77
17.261603999999352,61262.15,3.25,3.0056,0.46683094000000974,17.663453960000005,0.0003,61211.69
17.27398009999888,61211.69,3.25,3.0056,0.46664529850001685,17.66333019900001,0.0003,61221.77
17.28567519999342,61191.52,3.25,3.005209616000296,0.46633974400019745,17.66104444800171,0.0003,61221.77
17.298853400017833,61413.85,3.25,3.004579528998841,0.46583319399839507,17.657377173993048,0.0003,61221.77
17.31140000000596,61201.61,3.25,3.0037639999996126,0.4647039999994636,17.652483999997678,0.0003,61221.77
17.322694500006037,61181.45,3.25,3.0028590224994267,0.46343124249918505,17.64716802499668,0.0003,61221.77
17.33494570001494,61231.87,3.25,3.0016951584985807,0.4617773304979829,17.64042986499178,0.0003,61221.77
17.347181599994656,61252.06,3.25,3.0004309320005613,0.4615509079999733,17.633038316003287,0.0003,61221.77
17.359510000009323,61221.77,3.25,2.9992870499995803,0.461436849999394,17.62628464999734,0.0003,61231.87
17.37195739999879,61211.69,3.25,2.998726917000054,0.46062776900007846,17.622737141000346,0.0003,61231.87
17.38411499999347,61231.87,3.25,2.998322125000163,0.459517350000718,17.62023275000098,0.0003,61231.87
17.396401100006187,61231.87,3.25,2.9980149724998455,0.4581658789993192,17.618389834999075,0.0003,61231.87
17.408256700000493,61191.52,3.25,2.997437164999975,0.45686176299994563,17.615035556999857,0.0003,61252.06
17.41674950000015,61292.45,3.25,2.997012524999992,0.4559275549999832,17.612572644999958,0.0003,61282.35
17.429226800013566,61322.77,3.25,2.9954105159982363,0.4538214439976937,17.60320763198969,0.0003,61292.45
17.4416893000016,61353.11,3.25,2.9933918004996567,0.45193728399980826,17.591438374998003,0.0003,61292.45
17.454075499990722,61363.22,3.25,2.990728767501995,0.45045094000111346,17.5759556250116,0.0003,61322.77
17.466098000004422,61282.35,3.25,2.9877345199988503,0.44828039999911573,17.55828907999319,0.0003,61343.0
17.479291499999817,61494.95,3.25,2.9842812950000495,0.44566461500003474,17.537879430000288,0.0003,61343.0
17.490671200008364,61343.0,3.25,2.9812087759977417,0.4435024719984108,17.51989950398678,0.0003,61353.11
17.5029174000083,61292.45,3.25,2.9780502369979662,0.44147156399883797,17.501231008987837,0.0003,61353.11
17.51523079999606,61343.0,3.25,2.975033454000965,0.43974768800055136,17.48319187800577,0.0003,61353.11
17.527480399992783,61353.11,3.25,2.9722419100016237,0.4371419100016237,17.46697548000938,0.0003,61353.11
17.539981700014323,61383.46,3.25,2.969518568497207,0.43464219599828113,17.451156136483455,0.0003,61383.46
17.552118899999186,61566.03,3.26,2.9671518145001583,0.43318573200009747,17.437137670500938,0.0003,61383.46
17.564146199991228,61393.6,3.25,2.9649136840015786,0.4313494150015348,17.42396075900925,0.0003,61393.6
17.572441099997377,61353.11,3.25,2.963420602000472,0.4298978075004587,17.415209639502766,0.0003,61393.6
17.58570970001165,61464.53,3.25,2.9611193509980196,0.4279241904984274,17.40169029998835,0.0003,61403.72
17.59802140001557,61474.66,3.25,2.9590314689974315,0.4263029669985211,17.3894092419849,0.0003,61413.85
17.61036160000367,61454.38,3.25,2.9569953359993946,0.42513064799965133,17.37743924799644,0.0003,61413.85
17.62268200001563,61413.85,3.25,2.9549908799974998,0.423704519997812,17.365545279984996,0.0003,61413.85
17.63504500000272,61393.6,3.25,2.953012799999565,0.42197369999961937,17.35367679999739,0.0003,61413.85
17.64734990001307,61403.72,3.25,2.9509922664978436,0.4205615109985625,17.341864095987454,0.0003,61413.85
17.659643799997866,61413.85,3.25,2.9489637730003517,0.4191695250002667,17.33002229500208,0.0003,61413.85
17.671861000009812,61403.72,3.25,2.9469479349983807,0.4176423749987734,17.31811052499043,0.0003,61413.85
17.683076000015717,61535.56,3.25,2.9450974599974065,0.41633163999827105,17.307206279984754,0.0003,61413.85
17.69522130000405,61464.53,3.25,2.9430934854993316,0.4149956569995544,17.295425338996072,0.0003,61413.85
17.708246499998495,61413.85,3.25,2.940888095000256,0.4132254900002105,17.28256596500149,0.0003,61464.53
17.719679200003156,61383.46,3.25,2.9389445359994633,0.4117454759997,17.271180611996797,0.0003,61464.53
17.728986100002658,61464.53,3.25,2.937362362999548,0.4108613204997474,17.2617341084973,0.0003,61464.53
17.741491900000256,61616.87,3.26,2.9352363769999563,0.4095160529999667,17.249130559499743,0.0003,61464.53
17.753937100002076,61484.82,3.25,2.933120692999647,0.4078981769997302,17.236747585497934,0.0003,61464.53
17.765045500011183,61474.66,3.25,2.931272492498155,0.40665522249882585,17.225895864989152,0.0003,61464.53
17.77748079999583,61505.09,3.25,2.9292206680006885,0.4053423040005007,17.213836028004028,0.0003,61464.53
17.789870600012364,61423.98,3.25,2.9271763509979603,0.40385552799851643,17.20187987098807,0.0003,61464.53
17.802244299993617,61454.38,3.25,2.925134690501053,0.4023969055007341,17.189834364506286,0.0003,61464.53
17.814828600006877,61403.72,3.25,2.923058280998865,0.40094971099920923,17.17743882899323,0.0003,61454.38
17.82757260001381,61464.53,3.25,2.9208497949975833,0.3993255619982048,17.16462167398605,0.0003,61454.38
17.838731700001517,61393.6,3.25,2.9188969524997344,0.39791817149984066,17.15330769049843,0.000291341499992412,61454.38
17.850944400008302,61423.98,3.25,2.9167597299985473,0.3966358379991282,17.140667545991406,0.00023027799995848633,61454.38
17.863173499994446,61464.53,3.25,2.914619637500972,0.3953209150006109,17.127948692505804,0.0002,61464.53
17.87559370000963,61413.85,3.25,2.9124461024983144,0.3939546929989405,17.114969583489934,0.0002,61464.53
17.887546200014185,61505.09,3.25,2.9103544149975176,0.39248172499822664,17.10284833798567,0.0002,61464.53
17.89668870001333,61464.53,3.25,2.9087544774976672,0.39133891249833375,17.093614412986536,0.0002,61464.53
17.909460399998352,61515.25,3.25,2.906644034000272,0.3899293560001811,17.081151110001603,0.0002,61484.82
17.92179320001742,61484.82,3.25,2.904609121997126,0.38850084999782253,17.06917456198319,0.0002,61494.95
17.93412510000053,61454.38,3.25,2.902574358499913,0.386959362499934,17.05727427849949,0.0002,61494.95
17.945392199995695,61535.56,3.25,2.900757248000689,0.38580274100040907,17.046569371004068,0.0002,61494.95
17.95741360000102,61505.09,3.25,2.898833823999837,0.38465243599988297,17.03521328399905,0.0002,61494.95
17.96971120001399,61494.95,3.25,2.896866207997762,0.38323821199839125,17.02371502798692,0.0002,61494.95
17.982355699990876,61515.25,3.25,2.8948698665014145,0.38183765150095805,17.011919199008485,0.0002,61494.95
17.994433000014396,61454.38,3.25,2.892997884997768,0.3805695349984884,17.000687309986613,0.0002,61494.95
18.006809300015448,61494.95,3.25,2.891030511997528,0.3794662094986869,16.9890302114854,0.0002,61505.09
18.019116400013445,61616.87,3.26,2.8890402119977145,0.378367195998521,16.977315345986757,0.0002,61505.09
18.03092740001739,61484.82,3.25,2.8870323419970436,0.377067985998087,16.965681510982872,0.0002,61505.09
18.04317930000252,61494.95,3.25,2.8849495189995715,0.3756275874996848,16.95339711399743,0.0002,61505.09
18.051607300003525,61505.09,3.25,2.8835167589994004,0.3745740874995592,16.9448005539964,0.0002,61494.95
18.063935100013623,61535.56,3.25,2.8813516819975478,0.37317181449856945,16.932122171485897,0.0002,61494.95
18.07621709999512,61515.25,3.25,2.8791409220008783,0.3718822045005123,16.91941030150505,0.0002,61494.95
18.08853189999354,61525.4,3.25,2.877039577001098,0.37070446950061364,16.906952781006524,0.0002,61484.82
18.100788100011414,61403.72,3.25,2.87495602299806,0.36940754699851636,16.894611899988586,0.0002,61403.72
18.113051099993754,61353.11,3.25,2.872871313001062,0.3678133570008121,16.882348900006246,0.0002,61373.35
18.12537570000859,61373.35,3.25,2.87077613099854,0.36650430849918403,16.87002429999141,0.0002,61373.35
18.13767840000219,61373.35,3.25,2.8686880639996386,0.36532198399974813,16.857748735997898,0.0002,61373.35
18.149951300001703,61141.14,3.25,2.8666630354997187,0.3639106004998041,16.845966751998365,0.0002,61373.35
18.162188200018136,61312.66,3.25,2.864695828997189,0.3626849439985491,16.8344787379835,0.0002,61373.35
18.174400100018833,61322.77,3.25,2.862802984497081,0.36170799199849335,16.823365908982865,0.0002,61373.35
18.186561100010294,61373.35,3.25,2.860965834998456,0.36063950099907344,16.812299398990632,0.0002,61373.35
18.198801999998974,61353.11,3.25,2.859111680000164,0.35948376000012305,16.80113315000095,0.0002,61373.35
18.207222199998796,61525.4,3.25,2.8577644480001925,0.35847333600014436,16.793344465001113,0.0002,61373.35
18.219546200009063,61444.25,3.25,2.855779876998504,0.3570453799990936,16.781842916991256,0.0002,61373.35
18.231789600016782,61383.46,3.25,2.8537597159972306,0.35582103999832165,16.770028035983806,0.0002,61373.35
18.24413450001157,61413.85,3.25,2.8516514624979754,0.35458654999884304,16.75768713748814,0.0002,61373.35
18.25655970000662,61332.88,3.25,2.849477052498842,0.3533440299993382,16.744951307493217,0.0002,61363.22
18.26869820000138,61373.35,3.25,2.8472943239997517,0.3523056529998827,16.732099907998535,0.0002,61363.22
18.28093159999116,61322.77,3.25,2.8451119700015473,0.3511478660010168,16.719191478009236,0.0002,61332.88
18.29324329999508,61363.22,3.25,2.842957422500861,0.3497320205005659,16.706325751505144,0.0002,61332.88
18.3055532000144,61322.77,3.25,2.8408459559975516,0.3482308499981999,16.69380403398553,0.0002,61332.88
18.317809700005455,61302.56,3.25,2.8387583024990457,0.34673522399956364,16.68148625149452,0.0002,61332.88
18.33007429999998,61272.25,3.25,2.836611997500004,0.3457540560000017,16.66916032850002,0.0002,61332.88
18.342229300003964,61332.88,3.25,2.8345110189993257,0.3446509234995837,16.656918406995995,0.0002,61322.77
18.354627900000196,61292.45,3.25,2.8324032569999664,0.34334907049997937,16.6443958209998,0.0002,61322.77
18.36664860000019,61343.0,3.25,2.8304079809999685,0.3424245979999867,16.63249612899981,0.0002,61302.56
18.37516930000856,61353.11,3.25,2.829002065498587,0.3418281489994006,16.624103239491564,0.0002,61302.56
18.387451799993872,61353.11,3.25,2.82702771200098,0.3408115970005207,16.612423049005788,0.0002,61302.56
18.399766399990767,61231.87,3.25,2.8250573760014768,0.3396127040012924,16.600854912008494,0.0002,61332.88
18.412017900001956,61302.56,3.25,2.8230971359996864,0.3378974939997259,16.589583531998198,0.0002,61302.56
18.424328699999023,61302.56,3.25,2.8211640515001513,0.33694349550003416,16.578294239500895,0.0002,61332.88
18.436622000008356,61373.35,3.25,2.819258589998705,0.3365132299997076,16.567045869992356,0.0002,61302.56
18.448898700007703,61100.87,3.25,2.8172962079987673,0.3348341819989217,16.55551522199276,0.0002,61302.56
18.46119460000773,61332.88,3.25,2.815307890998725,0.3334273509994976,16.543831237992503,0.0002,61302.56
18.47346340000513,61292.45,3.25,2.8132835389991535,0.33262987899966656,16.531930501995024,0.0002,61312.66
18.485686400003033,61353.11,3.25,2.8112233119994845,0.3314444959996664,16.519857031996985,0.0002,61332.88
18.497879600006854,61282.35,3.25,2.809154865998869,0.3301164379993488,16.507729195993214,0.0002,61343.0
18.510101199994097,61312.66,3.25,2.807138302000974,0.3289553860005608,16.495629812005845,0.0002,61343.0
18.522312599990983,61343.0,3.25,2.8050968580015327,0.32790155500067625,16.483460837009062,0.0002,61343.0
18.530805799993683,61343.0,3.25,2.803653014001074,0.3272645650004737,16.474925171006348,0.0002,61343.0
18.543157400010386,61484.82,3.25,2.80149166799813,0.3263381949992209,16.46232709098925,0.0002,61343.0
18.55535080001573,61393.6,3.25,2.7992968559971683,0.32542368999882004,16.44970692198372,0.0002,61343.0
18.56773010001052,61373.35,3.25,2.7971758829982107,0.3240660384987898,16.43716259898937,0.0002,61373.35
18.58002100000158,61373.35,3.25,2.795101534999739,0.32272810999985774,16.424884734998475,0.0002,61373.35
18.592325500008883,61332.88,3.25,2.7930712924985346,0.3216207049992006,16.413010892491428,0.0002,61373.35
18.6045732999919,61312.66,3.25,2.7910882720012964,0.32059413600064823,16.401305365007698,0.0002,61373.35
18.616848900011977,61373.35,3.25,2.789124175998084,0.3196120879990419,16.389643544988623,0.0002,61373.35
18.629128100001257,61434.11,3.25,2.787098863499793,0.3189935949999372,16.377857023998796,0.0002,61363.22
18.641418100014562,61332.88,3.25,2.7850710134975976,0.3179814659979614,16.365926080985584,0.0002,61363.22
18.653637500014156,61373.35,3.25,2.7830548124976646,0.3162707499980182,16.353828874985986,0.0002,61363.22
18.665844700008165,61363.22,3.25,2.780996400998612,0.31487130649914263,16.341699523491876,0.0002,61373.35
18.67803239999921,61353.11,3.25,2.7789244920001344,0.313607084000071,16.32957792400078,0.0002,61373.35
18.68652889999794,61252.06,3.25,2.7774800870003507,0.31284239900018546,16.32116638900204,0.0002,61373.35
18.698781999992203,61373.35,3.25,2.7754059700012865,0.31187327000011694,16.30905364000764,0.0002,61373.35
18.711059599998407,61373.35,3.25,2.773380166000263,0.31168910600002386,16.29702159200156,0.0002,61373.35
18.72339520000969,61393.6,3.25,2.771344791998401,0.31118431199937,16.284932703990503,0.0002,61373.35
18.735654199990677,61464.53,3.25,2.769322057001538,0.3103874770006059,16.272918884009133,0.0002,61383.46
18.747903500014214,61454.38,3.25,2.7672464049975836,0.3092641674986497,16.260805534985927,0.0002,61383.46
18.76022339999327,61423.98,3.25,2.7651681390011107,0.30823883000033664,16.2486410680066,0.0002,61393.6
18.77249770000344,61393.6,3.25,2.763142879499432,0.307625114999828,16.23661225399663,0.0002,61393.6
18.784852400014643,61363.22,3.25,2.761104353997584,0.306457711998243,16.224661695985944,0.0002,61393.6
18.797029400011525,61383.46,3.25,2.7590951489980986,0.3049963249985595,16.212971628988882,0.0002,61393.6
18.80929579999065,61383.46,3.25,2.7570711930015426,0.30346302500116873,16.201134553009023,0.0002,61393.6
18.821517400006996,61393.6,3.25,2.7550546289988453,0.3023644779997901,16.189250360993107,0.0002,61393.6
18.83372490000329,61423.98,3.25,2.7530403914994572,0.3019982529999013,16.17722597349676,0.0002,61393.6
18.84588770000846,61322.77,3.25,2.7509890909985613,0.30158893049970387,16.165112299991538,0.0002,61393.6
18.854439799994,61484.82,3.25,2.7495352340010197,0.30128960700020996,16.156560200006,0.0002,61413.85
18.86671890001162,61413.85,3.25,2.747399192497966,0.3005682714992447,16.144183910988264,0.0002,61413.85
18.87898380000843,61201.61,3.25,2.7452627539985666,0.2997512149993676,16.13181619999157,0.0002,61423.98
18.891283500008285,61484.82,3.25,2.743171804998591,0.2988287374993785,16.119516499991715,0.0002,61423.98
18.9035908000078,61444.25,3.25,2.7411454719987516,0.2977738739992587,16.107505785992547,0.0002,61444.25
18.91585389999091,61413.85,3.25,2.739183376001454,0.2966088795008633,16.09579452550868,0.0002,61444.25
18.928158599999737,61444.25,3.25,2.737214624000042,0.29560731200002105,16.084266709000246,0.0002,61444.25
18.9404443000094,61505.09,3.25,2.735231690498449,0.2946072344992011,16.072641807490836,0.0002,61444.25
18.95270990001154,61423.98,3.25,2.7332078664980957,0.2935646584990191,16.06068284748875,0.0002,61454.38
18.964924800005974,61454.38,3.25,2.731192407999014,0.29252639199949226,16.048733695994144,0.0002,61454.38
18.97713119999389,61474.66,3.25,2.729178352001008,0.29149278400033596,16.036774048005864,0.0002,61454.38
18.98932510000304,61474.66,3.25,2.7271663584994985,0.29082211949983283,16.025067903997083,0.0002,61454.38
19.001586600003066,61332.88,3.25,2.72516614399951,0.28987254099964743,16.01334272999709,0.0002,61454.38
19.01007550000213,61454.38,3.25,2.723807919999659,0.2888963174997549,16.005278274997977,0.0002,61454.38
19.02247900000657,61494.95,3.25,2.721795964998916,0.28774386499957294,15.993357974993593,0.0002,61454.38
19.03474040000583,61322.77,3.25,2.7197728339990377,0.286946873999621,15.981403109994314,0.0002,61464.520000000004
