Time (s),Resistance (Ohm),Voltage (V),Displacement,Force (N),Strain,Stress (MPa),Resistance Smoothed (Ohm)
0.0,67357.33,3.36,0.1229,0.0115,0.7169,0.0,67385.955
0.00033070001518350003,67380.24,3.36,0.12295456550250528,0.011496692999848165,0.7172224325148039,0.0,67391.67
0.0006010000070091001,67391.67,3.36,0.1229991650011565,0.01149398999992991,0.7174859750068339,0.0,67403.13
0.0008588999917265,67277.28,3.35,0.12304171849863486,0.011491411000082734,0.7177374274919334,0.0,67391.67
0.001115299994126,67483.39,3.36,0.12308402449903079,0.01148884700005874,0.7179874174942729,0.0,67403.13
0.0013698000111616998,67426.06,3.36,0.12312601700184168,0.011486301999888383,0.7182355550108827,0.0,67391.67
0.0016293000080623,67414.59,3.36,0.12316883450133027,0.011483706999919376,0.7184885675078607,0.0,67403.14
0.0018836999952326998,67460.45,3.36,0.1232108104992134,0.011481163000047673,0.7187366074953518,0.0,67403.14
0.0021396999945864003,67323.02,3.36,0.12325305049910676,0.011478603000054136,0.7189862074947218,0.0,67403.14
0.0023928000009619003,67414.59,3.36,0.12329481200015871,0.011476071999990381,0.7192329800009378,0.0,67403.14
0.0026471000164747004,67311.57,3.36,0.12333677150271832,0.011473528999835253,0.7194809225160629,0.0,67380.24
0.0028991000144742004,67403.14,3.36,0.12337835150238824,0.011471008999855257,0.7197266225141123,0.0,67380.24
0.0031540000054519996,67380.24,3.36,0.12342041000089958,0.01146845999994548,0.7199751500053158,0.0,67380.24
0.0034054999996442,67380.24,3.36,0.12346190749994129,0.011465945000003558,0.7202203624996532,0.0,67380.24
0.0036597000143955994,67380.24,3.36,0.12350385050237528,0.011463402999856043,0.7204682075140357,0.0,67403.14
0.012227800005348401,67323.02,3.36,0.1249175870008825,0.011377721999946515,0.7288221050052148,0.0,67380.24
0.012699300015810901,67403.14,3.36,0.12499538450260882,0.01137300699984189,0.7292818175154158,0.0,67403.14
0.0131515999964904,67506.35,3.36,0.12507001399942094,0.011368484000035095,0.7297228099965782,0.0,67380.24
0.0135844000033103,67494.86,3.36,0.1251414260005462,0.011364155999966897,0.7301447900032276,0.0,67380.24
0.014014599990332501,67471.92,3.36,0.12521240899840488,0.011359854000096673,0.7305642349905743,0.0,67391.67
0.0144419000134803,67345.9,3.36,0.12528291350222426,0.011355580999865196,0.7309808525131434,0.0,67403.14
0.0148664000153076,67403.14,3.36,0.12535295600252577,0.011351335999846923,0.731394740014925,0.0,67403.14
0.0152958999969996,67345.9,3.36,0.12542382349950496,0.011347041000030002,0.7318135024970747,0.0,67391.67
0.0157231999910436,67265.86,3.35,0.1254943279985222,0.011342768000089563,0.7322301199912676,0.0,67368.78
0.016149400005815502,67391.67,3.36,0.12556465100095957,0.011338505999941843,0.7326456650056702,0.0,67368.78
0.0165759999945294,67403.14,3.36,0.12563503999909736,0.011334240000054705,0.7330615999946662,0.0,67368.78
0.0171069999923929,67357.33,3.36,0.12572265499874485,0.01132893000007607,0.7335793249925832,0.0,67380.24
0.0175637000065762,67345.9,3.36,0.12579801050108508,0.011324362999934237,0.734024607506412,0.0,67380.24
0.018020099989371402,67368.78,3.36,0.1258733164982463,0.011319799000106285,0.7344695974896372,0.0,67380.24
0.0184551000129431,67380.24,3.36,0.12594509150213562,0.011315448999870567,0.7348937225126196,0.0,67380.24
0.0188877999898978,67414.59,3.36,0.12601648699833315,0.01131112200010102,0.7353156049901505,0.0,67368.78
0.019319799990626,67414.59,3.36,0.1260877669984533,0.011306802000093739,0.7357368049908605,0.0,67368.78
0.019752399995923,67414.59,3.36,0.12615914599932732,0.011302476000040768,0.736158589996025,0.0,67380.24
0.020184399996651302,67368.78,3.36,0.12623042599944748,0.011308297999849313,0.7365797899967351,0.0,67403.14
0.0206153999897651,67323.02,3.36,0.12630154099831126,0.011327692999539432,0.7370000149900211,0.0,67403.14
0.0210479999950621,67345.9,3.36,0.12637291999918526,0.011347159999777798,0.7374217999951856,0.0,67414.59
0.0214702000084799,67403.14,3.36,0.1264425830013992,0.011366159000381598,0.7378334450082681,0.0,67403.14
0.0219022000092082,67426.06,3.36,0.12651386300151937,0.011385599000414373,0.7382546450089781,0.0,67403.14
0.0223324999969918,67552.28,3.36,0.12658486249950368,0.011404962499864635,0.7386741874970671,0.0,67380.24
0.022679599991533902,67357.33,3.36,0.1266421339986031,0.011420581999619029,0.7390126099917457,0.0,67403.14
0.0229278999904636,67426.06,3.36,0.1266831034984265,0.011431755499570866,0.7392547024907021,0.0,67403.14
0.023174600006314,67357.33,3.36,0.12672380900104183,0.011442857000284133,0.7394952350061563,0.0,67403.14
0.0234230000060052,67414.59,3.36,0.1267647950009909,0.011454035000270238,0.7397374250058552,0.0,67391.67
0.0236697999935131,67380.24,3.36,0.1268055169989297,0.011465140999708093,0.7399780549936754,0.0,67391.67
0.0239182999939658,67552.28,3.36,0.12684651949900438,0.011476323499728465,0.7402203424941168,0.0,67391.67
0.0241658000159077,67391.67,3.36,0.1268873570026248,0.01148746100071585,0.7404616550155101,0.0,67403.14
0.0244139000133146,67357.33,3.36,0.12692829350219692,0.011498625500599161,0.7407035525129819,0.0,67391.67
0.0246612000046298,67391.67,3.36,0.12696909800076395,0.011509754000208344,0.7409446700045141,0.0,67391.67
0.024908499995945,67632.76,3.36,0.12700990249933095,0.011520882499817529,0.7411857874960465,0.0,67391.67
0.0251558999880217,67403.14,3.36,0.1270507234980236,0.011532015499460981,0.7414270024883213,0.0,67391.67
0.0254175000009127,67414.59,3.36,0.1270938875001506,0.011543787500041074,0.74168206250089,0.0,67391.67
0.0256650999945123,67334.45,3.36,0.12713474149909454,0.011554929499753057,0.7419234724946496,0.0,67391.67
0.0259128999896347,67368.78,3.36,0.12717562849828976,0.011566080499533565,0.7421650774898939,0.0,67403.14
0.026160100009292402,67357.33,3.36,0.12721641650153326,0.011577204500418162,0.7424060975090602,0.0,67414.59
0.0264089000120293,67563.77,3.36,0.12725746850198486,0.011588400500541322,0.7426486775117287,0.0,67414.59
0.0266560000018217,67323.02,3.36,0.1272982400003006,0.01159952000008198,0.7428896000017763,0.0,67426.06
0.026903099991614,67426.06,3.36,0.12733901149861632,0.011610639499622634,0.7431305224918238,0.0,67426.06
0.0271510000166017,67517.82,3.36,0.1273799150027393,0.01162179500074708,0.7433722250161868,0.0,67426.06
0.027399400016292902,67724.92,3.36,0.12742090100268835,0.011632973000733184,0.7436144150158857,0.0,67426.06
0.0276476000144612,67471.92,3.36,0.1274618540023861,0.011644142000650757,0.7438564100140997,0.0,67426.06
0.0278967999911401,67437.52,3.36,0.12750297199853813,0.011655355999601309,0.7440993799913618,0.0,67426.06
0.0281442000123206,67414.59,3.36,0.12754379300203292,0.01166648900055443,0.7443405950120127,0.0,67426.06
0.0283939999935683,67391.67,3.36,0.1275850099989388,0.011677729999710578,0.7445841499937292,0.0,67414.59
0.0286435000016354,67391.67,3.36,0.12762617750026986,0.011688957500073597,0.7448274125015947,0.0,67414.59
0.028894399991259,67265.86,3.35,0.12766757599855774,0.011700247999606658,0.7450720399914776,0.0,67414.59
0.0292030000127852,67506.35,3.36,0.12771849500210958,0.011714135000575337,0.7453729250124657,0.0,67414.59
0.0294591000129003,67345.9,3.36,0.12776075150212857,0.011725659500580517,0.7456226225125779,0.0,67414.59
0.0297100000025239,67380.24,3.36,0.12780215000041648,0.011736950000113579,0.7458672500024609,0.0,67414.59
0.0299593000090681,67437.52,3.36,0.12784328450149626,0.011748168500408069,0.7461103175088415,0.0,67437.52
0.030275500001153,67414.59,3.36,0.12789545750019027,0.01176239750005189,0.7464186125011243,0.0,67448.99
0.0305289000098128,67506.35,3.36,0.12793726850161913,0.01177380050044158,0.7466656775095676,0.0,67448.99
0.0307783999887761,67494.86,3.36,0.12797843599814807,0.011785027999494928,0.7469089399890568,0.0,67437.52
0.031025300006149302,67483.39,3.36,0.12801917450101466,0.011796138500276722,0.7471496675059957,0.0,67437.52
0.0312754999904428,67448.99,3.36,0.12806045749842307,0.01180739749956993,0.7473936124906818,0.0,67437.52
0.0315365999995265,67460.45,3.36,0.12810353899992188,0.011819146999978696,0.7476481849995384,0.0,67448.99
0.0317782000056468,67345.9,3.36,0.12814340300093174,0.01183001900025411,0.7478837450055057,0.0,67448.99
0.0320195000094827,67345.9,3.36,0.12818321750156467,0.011840877500426726,0.7481190125092457,0.0,67426.06
0.0322619999933522,67368.78,3.36,0.12822322999890312,0.011851789999700853,0.7483554499935186,0.0,67380.24
0.032517799991183004,67380.24,3.36,0.1282654369985452,0.011863300999603239,0.7486048549914035,0.0,67380.24
0.0327669999969657,67586.77,3.36,0.12830655499949936,0.01187451499986346,0.7488478249970417,0.0,67380.24
0.033015199995134,67357.33,3.36,0.12834750799919714,0.011885683999781033,0.7490898199952558,0.0,67380.24
0.0332641999993939,67426.06,3.36,0.12838859299990002,0.01189688899997273,0.7493325949994092,0.0,67380.24
0.0335110000160057,67380.24,3.36,0.12842931500264096,0.01190799500072026,0.7495732250156056,0.0,67391.67
0.0337591000134125,67391.67,3.36,0.12847025150221308,0.011919159500603566,0.7498151225130772,0.0,67391.67
0.0340064000047278,67220.19,3.35,0.1285110560007801,0.011930288000212754,0.7500562400046097,0.0,67414.59
0.0342539999983273,67414.59,3.36,0.12855190999972402,0.011941429999924733,0.7502976499983692,0.0,67414.59
0.0345126999891363,67563.77,3.36,0.1285945954982075,0.011953071499511138,0.750549882489408,0.0,67426.06
0.0347551000013482,67448.99,3.36,0.12863459150022247,0.011963979500060673,0.7507862225013145,0.0,67414.59
0.0349965000059456,67380.24,3.36,0.12867442250098104,0.011974842500267556,0.7510215875057971,0.0,67414.59
0.0352378000097815,67494.86,3.36,0.12871423700161397,0.011985701000440172,0.7512568550095371,0.0,67414.59
0.0354810999997426,67483.39,3.36,0.12875438149995755,0.01199664949998842,0.7514940724997491,0.0,67426.06
0.0357221000012942,67426.06,3.36,0.12879414650021356,0.012007494500058244,0.7517290475012619,0.0,67426.06
0.0359649999882095,67391.67,3.36,0.12883422499805458,0.01201842499946943,0.7519658749885043,0.0,67426.06
0.0362074000004213,67345.9,3.36,0.12887422100006954,0.012029333000018962,0.7522022150004108,0.0,67426.06
0.0364494000095874,67117.57,3.35,0.12891415100158193,0.012040223000431437,0.7524381650093478,0.0,67426.06
0.0366902000096161,67460.45,3.36,0.12895388300158667,0.012051059000432728,0.7526729450093758,0.0,67403.14
0.0369325999927241,67403.14,3.36,0.1289938789987995,0.012061966999672588,0.7529092849929061,0.0,67403.14
0.0371749000041746,67471.92,3.36,0.12903385850068883,0.012072870500187861,0.7531455275040704,0.0,67391.67
0.037482699990505304,67483.39,3.36,0.1290846454984334,0.012086721499572742,0.7534456324907428,0.0,67380.24
0.0377308999886736,67368.78,3.36,0.12912559849813116,0.012097890499490315,0.7536876274889569,0.0,67380.24
0.0379762999946251,67345.9,3.36,0.12916608949911315,0.012108933499758133,0.7539268924947595,0.0,67380.24
0.0382224000059068,67494.86,3.36,0.12920669600097465,0.01212000800026581,0.7541668400057592,0.0,67368.78
0.038462199998321,67380.24,3.36,0.12924626299972297,0.012130798999924449,0.7544006449983631,0.0,67368.78
0.038705300015863,67323.02,3.36,0.1292863745026174,0.01214173850071384,0.7546376675154666,0.0,67368.78
0.0389500000164844,67300.14,3.35,0.12932675000271995,0.012152750000741803,0.7548762500160724,0.0,67368.78
0.0391944000148214,67368.78,3.36,0.12936707600244554,0.012163748000666967,0.755114540014451,0.0,67380.24
0.0394388000131585,67334.45,3.36,0.12940740200217116,0.012174746000592136,0.7553528300128296,0.0,67403.14
0.039682200003881,67414.59,3.36,0.1294475630006404,0.01218569900017465,0.7555901450037841,0.0,67403.14
0.0399268000037409,67403.14,3.36,0.12948792200061726,0.012196706000168344,0.7558286300036474,0.0,67403.14
0.0401707999990322,67471.92,3.36,0.12952903599983548,0.0122,0.7560699459990371,0.0,67414.59
0.0404148999950848,67414.59,3.36,0.12957053299916443,0.0122,0.7563128254951095,0.0,67414.59
0.0406586999888532,67426.06,3.36,0.12961197899810506,0.0122,0.7565554064889091,0.0,67414.59
0.0409029000147711,67483.39,3.36,0.1296534930025111,0.0122,0.7567983855146974,0.0,67414.59
0.0411475000146311,67391.67,3.36,0.1296950750024873,0.0122,0.757041762514558,0.0,67403.14
0.0413923000160139,67426.06,3.36,0.12973669100272237,0.0122,0.7572853385159339,0.0,67391.67
0.0416801999963354,67357.33,3.36,0.12978563399937704,0.0122,0.7575717989963539,0.0,67391.67
0.0419300000066869,67311.57,3.36,0.1298281000011368,0.0122,0.7578203500066536,0.0,67391.67
0.042176399991149104,67391.67,3.36,0.12986998799849536,0.0122,0.7580655179911935,0.0,67391.67
0.042423000006238,67391.67,3.36,0.12991191000106048,0.0122,0.7583108850062069,0.0,67380.24
0.042667400004575,67185.96,3.35,0.12995345800077776,0.0122,0.7585540630045522,0.0,67380.24
0.0429136000166181,67208.77,3.35,0.1299953120028251,0.0122,0.7587990320165351,0.0,67380.24
0.0431582000164781,67391.67,3.36,0.1300368940028013,0.0122,0.7590424090163957,0.0,67380.24
0.0434027000155766,67380.24,3.36,0.13007845900264803,0.0122,0.7592856865154988,0.0,67380.24
0.0436470000131521,67380.24,3.36,0.13011999000223587,0.0122,0.7595287650130864,0.0,67380.24
0.0438926999922842,67368.78,3.36,0.13016175899868832,0.0122,0.7597732364923229,0.0,67380.24
0.0441367000166792,67380.24,3.36,0.13020323900283548,0.0122,0.7600160165165959,0.0,67380.24
0.0443810000142548,67483.39,3.36,0.13024477000242332,0.0122,0.7602590950141837,0.0,67380.24
0.044624300004215904,67380.24,3.36,0.1302861310007167,0.0122,0.760501178504195,0.0,67380.24
0.0448688000033144,67391.67,3.36,0.13032769600056346,0.0122,0.7607444560032979,0.0,67380.24
0.0451132000016514,67368.78,3.36,0.13036924400028074,0.0122,0.7609876340016433,0.0,67380.24
0.0453571999969426,67403.14,3.36,0.13041072399948025,0.0122,0.761230413996958,0.0,67380.24
0.0456112000101712,67391.67,3.36,0.13045390400172913,0.0122,0.7614831440101204,0.0,67391.67
0.0458861000079196,67185.96,3.35,0.13050063700134634,0.0122,0.7617566695078801,0.0,67380.24
0.0461288999940734,67243.03,3.35,0.13054191299899248,0.0122,0.7619982554941032,0.0,67391.67
0.0463688999880105,67334.45,3.36,0.1305827129979618,0.0122,0.7622370554880705,0.0,67391.67
0.0466083000064827,67471.92,3.36,0.13062341100110206,0.0122,0.7624752585064504,0.0,67403.14
0.0468575000122655,67437.52,3.36,0.13066577500208515,0.0122,0.7627232125122043,0.0,67437.52
0.0471455999941099,67368.78,3.36,0.1307147519989987,0.0122,0.7630098719941395,0.0,67437.52
0.047389000013936304,67448.99,3.36,0.1307561300023692,0.0122,0.7632520550138667,0.0,67437.52
0.0476285000040661,67494.86,3.36,0.13079684500069125,0.0122,0.7634903575040458,0.0,67437.52
0.0478697000071406,67517.82,3.36,0.13083784900121392,0.0122,0.763730351507105,0.0,67437.52
0.0481087999942247,67437.52,3.36,0.1308784959990182,0.0122,0.7639682559942537,0.0,67426.06
0.0483487999881618,67323.02,3.36,0.13091929599798752,0.0122,0.7642070559882211,0.0,67403.14
0.0485867999959737,67380.24,3.36,0.13095975599931553,0.0122,0.7644438659959939,0.0,67414.59
0.0488265000167303,67323.02,3.36,0.13100050500284416,0.0122,0.7646823675166468,0.0,67403.14
0.0490681999945082,67426.06,3.36,0.1310415939990664,0.0122,0.7649228589945357,0.0,67380.24
0.0493081000167876,67345.9,3.36,0.1310823770028539,0.0122,0.7651615595167037,0.0,67380.24
0.0495459999947343,67403.14,3.36,0.13112281999910483,0.0122,0.7653982699947607,0.0,67380.24
0.0497860999894328,67414.59,3.36,0.13116363699820358,0.0122,0.7656371694894857,0.0,67403.14
0.0500243999995291,67163.16,3.35,0.13120414799991995,0.0122,0.7658742779995316,0.0,67403.14
0.0502645999949891,67334.45,3.36,0.13124498199914816,0.0122,0.7661132769950143,0.0,67403.14
0.0505020999989938,67483.39,3.36,0.13128535699982896,0.0122,0.7663495894989989,0.0,67391.67
0.0507414000167046,67448.99,3.36,0.1313260380028398,0.0122,0.7665876930166212,0.0,67403.14
0.0509793999954127,67448.99,3.36,0.13136649799922018,0.0122,0.7668245029954357,0.0,67403.14
0.0512181000085548,67391.67,3.36,0.13140707700145432,0.0122,0.7670620095085121,0.0,67403.14
0.0514553000102751,67311.57,3.36,0.1314474010017468,0.0122,0.7672980235102238,0.0,67403.14
0.0516944999981206,67380.24,3.36,0.13148806499968052,0.0122,0.7675360274981301,0.0,67403.14
0.0519320000021253,67414.59,3.36,0.13152844000036132,0.0122,0.7677723400021148,0.0,67391.67
0.0521703000122216,67403.14,3.36,0.1315689510020777,0.0122,0.7680094485121606,0.0,67391.67
0.0524076000147033,67426.06,3.36,0.13160929200249957,0.0122,0.7682455620146299,0.0,67380.24
0.0526477000094019,67357.33,3.36,0.13165010900159832,0.0122,0.768484461509355,0.0,67380.24
0.0528862999926787,67345.9,3.36,0.1316906709987554,0.0122,0.7687218684927154,0.0,67391.67
0.0531247000035364,67334.45,3.36,0.1317311990006012,0.0122,0.7689590765035188,0.0,67403.14
0.0533625000098254,67391.67,3.36,0.13177162500167033,0.0122,0.7691956875097764,0.0,67391.67
0.0536007999908179,67345.9,3.36,0.13181213599843905,0.0122,0.7694327959908639,0.0,67368.78
0.0538386999978684,67448.99,3.36,0.13185257899963762,0.0122,0.7696695064978791,0.0,67368.78
0.0540766000049189,67426.06,3.36,0.13189302200083622,0.0122,0.7699062170048944,0.0,67368.78
0.0543146000127308,67426.06,3.36,0.13193348200216423,0.0122,0.7701430270126672,0.0,67380.24
0.054552399989916,67368.78,3.36,0.13197390799828573,0.0122,0.7703796379899666,0.0,67380.24
0.0547915000061039,67368.78,3.36,0.13201455500103768,0.0122,0.7706175425060735,0.0,67368.78
0.0550241000019014,67713.39,3.36,0.13205409700032325,0.0122,0.770848979501892,0.0,67380.24
0.0553344000072684,67334.45,3.36,0.13210684800123562,0.0122,0.7711577280072321,0.0,67368.78
0.0555739999981597,67380.24,3.36,0.13214757999968715,0.0122,0.771396129998169,0.0,67368.78
0.055813999992096804,67357.33,3.36,0.13218837999865646,0.0122,0.7716349299921365,0.0,67368.78
0.0560523000021931,67345.9,3.36,0.13222889100037283,0.0122,0.7718720385021822,0.0,67380.24
0.0562904000107665,67494.86,3.36,0.1322693680018303,0.0122,0.7721089480107127,0.0,67391.67
0.0565271000086795,67311.57,3.36,0.1323096070014755,0.0122,0.7723444645086363,0.0,67380.24
0.0567671000026166,67391.67,3.36,0.13235040700044481,0.0122,0.7725832645026036,0.0,67380.24
0.0570046000066213,67506.35,3.36,0.1323907820011256,0.0122,0.7728195770065883,0.0,67368.78
0.0573057000001427,67426.06,3.36,0.13244196900002425,0.0122,0.7731191715001421,0.0,67380.24
0.057624000008218,67517.82,3.36,0.13249608000139707,0.0122,0.773435880008177,0.0,67380.24
0.0579072000109591,67140.35,3.35,0.13254422400186305,0.0122,0.7737176640109044,0.0,67368.78
0.0583086000115145,67368.78,3.36,0.13261246200195748,0.0122,0.774117057011457,0.0,67368.78
0.058548600005451604,67311.57,3.36,0.13265326200092678,0.0122,0.7743558570054244,0.0,67368.78
0.0587866000132635,67380.24,3.36,0.1326937220022548,0.0122,0.7745926670131973,0.0,67368.78
0.0590247999934945,67368.78,3.36,0.13273421599889407,0.0122,0.7748296759935271,0.0,67368.78
0.0592619999952149,67368.78,3.36,0.13277453999918654,0.0122,0.775065689995239,0.0,67368.78
0.0594992999976966,67368.78,3.36,0.13281488099960842,0.0122,0.7753018034977082,0.0,67368.78
0.0597393999923952,67357.33,3.36,0.1328556979987072,0.0122,0.7755407029924333,0.0,67368.78
0.0599769999971613,67311.57,3.36,0.1328960899995174,0.0122,0.7757771149971756,0.0,67380.24
0.0602146000019275,67471.92,3.36,0.13293648200032768,0.012196780999971088,0.7760124540019083,0.0,67403.14
0.060452300007455,67517.82,3.36,0.13297689100126736,0.012193215499888175,0.7762477770073806,0.0,67414.59
0.060691599996062,67437.52,3.36,0.13301757199933054,0.01218962600005907,0.7764846839961015,0.0,67414.59
0.060930500010727,67403.14,3.36,0.1330581850018236,0.012186042499839095,0.7767211950106199,0.0,67414.59
0.0611685999901965,67448.99,3.36,0.1330986619983334,0.012182471000147053,0.7769569139902947,0.0,67414.59
0.0614060999942012,67414.59,3.36,0.1331390369990142,0.012178908500086983,0.7771920389942593,0.0,67414.59
0.0616440000012517,67529.32,3.36,0.1331794800002128,0.012175339999981225,0.7774275600012392,0.0,67414.59
0.0618816000060178,67380.24,3.36,0.13321987200102303,0.012171775999909732,0.7776627840059577,0.0,67414.59
0.062120899994624806,67368.78,3.36,0.1332605529990862,0.012168186500080627,0.7778996909946787,0.0,67403.14
0.06235970000852831,67414.59,3.36,0.13330114900144982,0.012164604499872075,0.7781361030084432,0.0,67380.24
0.0626666999887675,67380.24,3.36,0.1333533389980905,0.012159999500168488,0.7784400329888799,0.0,67380.24
0.0629076999903191,67380.24,3.36,0.13339430899835425,0.012156384500145213,0.778678622990416,0.0,67380.24
0.06318369999644351,67426.06,3.36,0.1334412289993954,0.012152244500053347,0.7789518629964791,0.0,67380.24
0.0634174000006169,67243.03,3.35,0.13348095800010487,0.012148738999990747,0.7791832260006109,0.0,67380.24
0.0636571999930311,67368.78,3.36,0.1335217239988153,0.012145142000104534,0.7794206279931009,0.0,67380.24
0.0638957000046503,67448.99,3.36,0.13356226900079055,0.012141564499930245,0.7796567430046039,0.0,67368.78
0.0641356999985874,67300.14,3.35,0.13360306899975985,0.012137964500021189,0.7798943429986016,0.0,67368.78
0.0643745000124909,67414.59,3.36,0.13364366500212346,0.012134382499812637,0.7801307550123661,0.0,67357.33
0.0646142000041436,67357.33,3.36,0.1336844140007044,0.012130786999937845,0.7803680580041022,0.0,67357.33
0.0648561000125483,67368.78,3.36,0.13372553700213322,0.012127158499811776,0.7806075390124229,0.0,67368.78
0.0650992000009865,67288.71,3.35,0.1337668640001677,0.012123511999985202,0.7808482080009768,0.0,67368.78
0.0653404000040609,67300.14,3.35,0.13380786800069036,0.012119893999939086,0.7810869960040203,0.0,67357.33
0.0655818000086583,67334.45,3.36,0.13384890600147192,0.012116272999870125,0.7813259820085718,0.0,67368.78
0.0658196000149474,67368.78,3.36,0.13388933200254105,0.01211270599977579,0.781561404014798,0.0,67368.78
0.0660599000111688,67380.24,3.36,0.1339301830018987,0.012109101499832468,0.7817993010110572,0.0,67368.78
0.0663740999880247,67368.78,3.36,0.1339835969979642,0.01210438850017963,0.7821103589881445,0.0,67368.78
0.0666193999932148,67357.33,3.36,0.13402529799884652,0.012100709000101777,0.7823532059932827,0.0,67368.78
0.066857700003311,67380.24,3.36,0.13406580900056286,0.012097134499950335,0.782589123003278,0.0,67368.78
0.06714239998837,67414.59,3.36,0.1341142079980229,0.01209286400017445,0.7828709759884864,0.0,67368.78
0.0673820000083651,67368.78,3.36,0.13415494000142206,0.012089269999874523,0.7831081800082815,0.0,67357.33
0.0676223000045866,67334.45,3.36,0.13419579100077972,0.012085665499931201,0.7833460770045408,0.0,67345.9
0.0678961999947205,67265.86,3.35,0.1342423539991025,0.012081557000079193,0.7836172379947733,0.0,67345.9
0.0681381000031251,67345.9,3.36,0.13428347700053128,0.012077928499953124,0.783856719003094,0.0,67334.45
0.0683764000132214,67323.02,3.36,0.13432398800224765,0.012074353999801678,0.7840926360130892,0.0,67334.45
0.0686155000003055,67334.45,3.36,0.13436463500005194,0.012070767499995418,0.7843293450003025,0.0,67334.45
0.0688540000119247,67311.57,3.36,0.1344051800020272,0.01206718999982113,0.7845654600118055,0.0,67323.02
0.06909249999444,67357.33,3.36,0.1344457249990548,0.0120636125000834,0.7848015749944957,0.0,67323.02
0.0693304000014905,67323.02,3.36,0.1344861680002534,0.012060043999977642,0.7850370960014756,0.0,67334.45
0.0695693000161555,67311.57,3.36,0.13452678100274643,0.012056460499757667,0.785273607015994,0.0,67334.45
0.0698081000009552,67380.24,3.36,0.13456737700016239,0.012052878499985672,0.7855100190009457,0.0,67334.45
0.0700488000002224,67311.57,3.36,0.13460829600003782,0.012049267999996664,0.7857483120002202,0.0,67357.33
0.07028660000651141,67334.45,3.36,0.13464872200110695,0.012045700999902329,0.7859837340064464,0.0,67357.33
0.070568800001638,67437.52,3.36,0.13469669600027848,0.01204146799997543,0.7862631120016217,0.0,67380.24
0.0708115999877918,67414.59,3.36,0.13473797199792462,0.012037826000183122,0.7865034839879139,0.0,67380.24
0.0710518000123557,67357.33,3.36,0.1347788060021005,0.012034222999814664,0.7867412820122321,0.0,67380.24
0.0712901999941096,67403.14,3.36,0.13481933399899865,0.012030647000088357,0.7869772979941686,0.0,67391.67
0.0715269999927841,67483.39,3.36,0.13485958999877332,0.012027095000108238,0.7872117299928563,0.0,67391.67
0.07176550000440331,67391.67,3.36,0.13490013500074857,0.012023517499933951,0.7874478450043593,0.0,67391.67
0.0720048999937717,67345.9,3.36,0.1349408329989412,0.012019926500093425,0.787684850993834,0.0,67391.67
0.0722445000137668,67345.9,3.36,0.13498156500234038,0.012016332499793498,0.7879220550136292,0.0,67391.67
0.0724841000046581,67391.67,3.36,0.13502229700079188,0.012012738499930129,0.7881592590046116,0.0,67391.67
0.07272319999174211,67437.52,3.36,0.13506294399859617,0.012009152000123868,0.7883959679918248,0.0,67391.67
0.0729620000056457,67380.24,3.36,0.13510354000095978,0.012005569999915314,0.7886323800055893,0.0,67391.67
0.073200300015742,67414.59,3.36,0.13514405100267615,0.01200199549976387,0.7888682970155846,0.0,67391.67
0.073440300009679,67380.24,3.36,0.13518485100164543,0.011998395499854816,0.7891058970095822,0.0,67414.59
0.0736790999944787,67414.59,3.36,0.1352254469990614,0.011994813500082819,0.789342308994534,0.0,67414.59
0.0739191999891773,67483.39,3.36,0.13526626399816014,0.01199121200016234,0.7895800079892855,0.0,67414.59
0.07415920001221821,67323.02,3.36,0.1353070640020771,0.011987611999816726,0.7898176080120961,0.0,67414.59
0.0743986000015866,67517.82,3.36,0.13534776200026974,0.0119840209999762,0.7900546140015707,0.0,67414.59
0.0746365000086371,67437.52,3.36,0.1353882050014683,0.011980452499870444,0.7902901350085507,0.0,67391.67
0.074874500016449,67426.06,3.36,0.13542866500279635,0.011976882499753264,0.7905257550162845,0.0,67403.14
0.0751149000134319,67391.67,3.36,0.13546953300228343,0.011973276499798522,0.7907637510132977,0.0,67391.67
0.0753533999959473,67357.33,3.36,0.13551007799931106,0.01196969900006079,0.7909998659959878,0.0,67391.67
0.0755932999891229,67345.9,3.36,0.1355508609981509,0.011966100500163156,0.7912373669892317,0.0,67391.67
0.0758309999946505,67391.67,3.36,0.1355912699990906,0.011962535000080243,0.791472689994704,0.0,67391.67
0.0760705000138842,67403.14,3.36,0.13563198500236032,0.011958942499791738,0.7917097950137454,0.0,67391.67
0.0763301000115462,67140.35,3.35,0.13567611700196286,0.011955048499826808,0.7919667990114307,0.0,67391.67
0.0765921999991406,67288.71,3.35,0.1357206739998539,0.011951117000012891,0.7922262779991492,0.0,67380.24
0.0768340000067838,67506.35,3.36,0.13576178000115324,0.011947489999898243,0.792465660006716,0.0,67380.24
0.0771344999957364,67426.06,3.36,0.1358128649992752,0.011942982500063953,0.7927631549957791,0.0,67380.24
0.0773762000026181,67403.14,3.36,0.1358539540004451,0.011939356999960729,0.793002438002592,0.0,67357.33
0.0776159999950323,67300.14,3.35,0.1358947199991555,0.011935760000074515,0.793239839995082,0.0,67357.33
0.0778557000157889,67380.24,3.36,0.13593546900268413,0.011932164499763167,0.793477143015631,0.0,67380.24
0.0780965000158176,67357.33,3.36,0.135976405002689,0.011928552499762737,0.7937155350156594,0.0,67380.24
0.0783481000107713,67334.45,3.36,0.13601917700183114,0.011924778499838432,0.7939646190106636,0.0,67380.24
0.0786010000156239,67357.33,3.36,0.13606217000265608,0.011920984999765643,0.7942149900154677,0.0,67380.24
0.07883980000042361,67380.24,3.36,0.136102766000072,0.011917402999993646,0.7944514020004194,0.0,67368.78
0.0790789000166114,67391.67,3.36,0.13614341300282395,0.01191381649975083,0.7946881110164453,0.0,67368.78
0.0793744999973569,67414.59,3.36,0.13619366499955068,0.011909382500039646,0.7949807549973833,0.0,67357.33
0.079645799996797,67254.44,3.35,0.1362397859994555,0.011905313000048046,0.7952493419968291,0.0,67368.78
0.0798842000076547,67380.24,3.36,0.1362803140013013,0.01190173699988518,0.7954853580075781,0.0,67380.24
0.0801213000086136,67368.78,3.36,0.13632001450142125,0.011904245500301478,0.7957188740084413,0.0,67380.24
0.0803601999941748,67345.9,3.36,0.13635943299903885,0.01191260699979612,0.7959529959942914,0.0,67380.24
0.080598500004271,67300.14,3.35,0.13639875250070474,0.011920947500149487,0.7961865300041856,0.0,67380.24
0.0808360000082757,67460.45,3.36,0.1364379400013655,0.011929260000289653,0.7964192800081102,0.0,67380.24
0.0811005000141449,67380.24,3.36,0.13648158250233391,0.011938517500495073,0.796678490013862,0.0,67380.24
0.0813423999934457,67563.77,3.36,0.13652149599891855,0.011946983999770601,0.7969155519935768,0.0,67391.67
0.0815815000096336,67414.59,3.36,0.13656094750158956,0.011955352500337179,0.7971498700094409,0.0,67391.67
0.0818206999974791,67311.57,3.36,0.13660041549958407,0.01196372449991177,0.7973842859975295,0.0,67391.67
0.0820597000129055,67391.67,3.36,0.13663985050212943,0.011972089500451694,0.7976185060126474,0.0,67391.67
0.0822982999961823,67426.06,3.36,0.1366792194993701,0.011980440499866383,0.7978523339962587,0.0,67380.24
0.082537800015416,67437.52,3.36,0.13671873700254364,0.011988823000539562,0.7980870440151077,0.0,67391.67
0.0827768000017386,67380.24,3.36,0.1367581720002869,0.011997188000060853,0.7983212640017039,0.0,67391.67
0.0830163999926299,67334.45,3.36,0.13679770599878394,0.012005573999742048,0.7985560719927773,0.0,67380.24
0.0832545000012033,67334.45,3.36,0.13683699250019857,0.012013907500042118,0.7987894100011792,0.0,67380.24
0.083508100011386,67357.33,3.36,0.1368788365018787,0.012022783500398513,0.7990379380111583,0.0,67368.78
0.0837413000117522,67403.14,3.36,0.1369173145019391,0.012030945500411328,0.7992664740115172,0.0,67357.33
0.0839753999898676,67506.35,3.36,0.13695594099832817,0.012039138999645368,0.7994958919900703,0.0,67357.33
0.0842097999993712,67357.33,3.36,0.13699461699989626,0.012047342999977994,0.7997256039993837,0.0,67357.33
0.0844440000073519,67368.78,3.36,0.13703326000121308,0.012055540000257318,0.7999551200072049,0.0,67368.78
0.0846770000061952,67323.02,3.36,0.13707170500102223,0.012063695000216835,0.8001834600060713,0.0,67368.78
0.084912299993448,67185.96,3.35,0.13711052949891894,0.012071930499770681,0.800414053993579,0.0,67380.24
0.0851460999983828,67426.06,3.36,0.13714910649973316,0.0120801134999434,0.8006431779984151,0.0,67368.78
0.0853940999950282,67471.92,3.36,0.13719002649917966,0.012088793499825988,0.8008862179951277,0.0,67368.78
0.0856285000045318,67380.24,3.36,0.13722870250074776,0.012096997500158614,0.8011159300044411,0.0,67380.24
0.0858636999910232,67323.02,3.36,0.13726751049851885,0.012105229499685814,0.8013464259912028,0.0,67380.24
0.0860963000159245,67391.67,3.36,0.13730588950262756,0.01211337050055736,0.801574374015606,0.0,67380.24
0.0863309999986086,67243.03,3.35,0.13734461499977044,0.012121584999951304,0.8018043799986364,0.0,67380.24
0.0865644000004977,67426.06,3.36,0.13738312600008212,0.012129754000017421,0.8020331120004878,0.0,67345.9
0.08679940001457,67540.8,3.36,0.13742190100240406,0.012137979000509952,0.8022634120142786,0.0,67345.9
0.0870982999913394,67345.9,3.36,0.13747121949857102,0.012148440499696881,0.8025563339915126,0.0,67345.9
0.0873328000016045,67323.02,3.36,0.13750991200026474,0.012156648000056159,0.8027861440015724,0.0,67345.9
0.0875620000006165,67345.9,3.36,0.13754773000010173,0.012164670000021579,0.8030107600006042,0.0,67345.9
0.0877972000162117,67345.9,3.36,0.13758653800267495,0.012172902000567412,0.8032412560158875,0.0,67345.9
0.0880315999966115,67334.45,3.36,0.13762521399944092,0.012181105999881404,0.8034709679966793,0.0,67345.9
0.0882649999985006,67300.14,3.35,0.1376637249997526,0.012189274999947522,0.8036996999985306,0.0,67345.9
0.0884989000041969,67368.78,3.36,0.1377023185006925,0.012197461500146892,0.803928922004113,0.0,67345.9
0.0887320000038017,67391.67,3.36,0.13774078000062728,0.01220562000013306,0.8041573600037257,0.0,67345.9
0.0889661000110209,67288.71,3.35,0.13777940650181847,0.012213813500385733,0.8043867780108005,0.0,67368.78
0.0891988000075798,67403.14,3.36,0.13781780200125068,0.012221958000265295,0.8046148240074282,0.0,67380.24
0.0894329000147991,67334.45,3.36,0.13785642850244187,0.01223015150051797,0.8048442420145031,0.0,67380.24
0.0896663999883458,67437.52,3.36,0.13789495599807708,0.012238323999592104,0.8050730719885789,0.0,67380.24
0.0899003999948036,67517.82,3.36,0.1379335659991426,0.012246513999818128,0.8053023919949076,0.0,67380.24
0.0901339999982156,67380.24,3.36,0.13797210999970558,0.012254689999937547,0.8055313199982513,0.0,67334.45
0.0903687000100035,67460.45,3.36,0.13801083550165058,0.012262904500350124,0.8057613260098034,0.0,67380.24
0.0906019000103697,67334.45,3.36,0.138049313501711,0.012271066500362941,0.8059898620101623,0.0,67380.24
0.0908354000130203,67334.45,3.36,0.13808784100214835,0.012279239000455713,0.80621869201276,0.0,67380.24
0.09106870001414791,67151.75,3.35,0.1381263355023344,0.012287404500495178,0.806447326013865,0.0,67345.9
0.0913028999930248,67323.02,3.36,0.1381649784988491,0.01229560149975587,0.8066768419931644,0.0,67345.9
0.0915365999971982,67448.99,3.36,0.13820353899953772,0.012303780999901938,0.8069058679972543,0.0,67345.9
0.0917720000143163,67380.24,3.36,0.1382423800023622,0.012312020000501071,0.80713656001403,0.0,67345.9
0.0920049000123981,67345.9,3.36,0.1382808085020457,0.012320171500433935,0.8073648020121502,0.0,67357.33
0.0922377000097185,67300.14,3.35,0.13831922050160356,0.012328319500340149,0.8075929460095241,0.0,67380.24
0.0924720999901183,67380.24,3.36,0.13835789649836952,0.012336523499654141,0.8078226579903159,0.0,67380.24
0.0927052999904845,67357.33,3.36,0.13839637449842995,0.01234468549966696,0.8080511939906748,0.0,67380.24
0.0929401000030339,67494.86,3.36,0.1384351165005006,0.012352903500106188,0.8082812980029732,0.0,67368.78
0.093173500004923,67655.79,3.36,0.1384736275008123,0.012361072500172307,0.8085100300048246,0.0,67357.33
0.093431999994209,67426.06,3.36,0.13851627999904448,0.012370119999797317,0.8087633599943248,0.0,67357.33
0.0936666000052355,67357.33,3.36,0.13855498900086385,0.012378331000183243,0.8089932680051308,0.0,67368.78
0.0939014999894425,67323.02,3.36,0.138593747498258,0.012386552499630488,0.8092234699896537,0.0,67357.33
0.0941347999905702,67368.78,3.36,0.1386322419984441,0.012394717999669957,0.8094521039907588,0.0,67357.33
0.0943707000114955,67357.33,3.36,0.13867116550189676,0.012402974500402343,0.8096832860112656,0.0,67357.33
0.0946028000034858,67288.71,3.35,0.13870946200057516,0.012411098000122004,0.8099107440034161,0.0,67357.33
0.0948377000167966,67368.78,3.36,0.13874822050277144,0.012419319500587882,0.8101409460164607,0.0,67357.33
0.0950703000125941,67334.45,3.36,0.13878659950207803,0.012427460500440794,0.8103688940123422,0.0,67357.33
0.0952990000077989,67357.33,3.36,0.13882433500128682,0.012435465000272962,0.810593020007643,0.0,67357.33
0.09553310001501811,67311.57,3.36,0.13886296150247798,0.012443658500525635,0.8108224380147178,0.0,67357.33
0.095767299993895,67357.33,3.36,0.1389016044989927,0.012451855499786326,0.8110519539940172,0.0,67357.33
0.0961301999923307,67448.99,3.36,0.13896148299873456,0.012464556999731575,0.8114075959924841,0.0,67357.33
0.0963670999917667,67437.52,3.36,0.1390005714986415,0.012472848499711836,0.8116397579919314,0.0,67357.33
0.0966009999974631,67414.59,3.36,0.1390391649995814,0.01248103499991121,0.8118689799975138,0.0,67357.33
0.0969134999904782,67426.06,3.36,0.1390907274984289,0.012491972499666739,0.8121752299906687,0.0,67345.9
0.0971468999923673,67243.03,3.35,0.13912923849874062,0.012500141499732857,0.81240396199252,0.0,67357.33
0.0973812000011094,67265.86,3.35,0.13916789800018306,0.01250834200003883,0.8126335760010873,0.0,67357.33
0.0976140999991912,67345.9,3.36,0.13920632649986656,0.012516493499971693,0.8128618179992074,0.0,67357.33
0.097848100005649,67345.9,3.36,0.1392449365009321,0.012524683500197717,0.8130911380055361,0.0,67357.33
0.0980811000044923,67334.45,3.36,0.13928338150074124,0.012532838500157231,0.8133194780044025,0.0,67357.33
0.0983155000139959,67357.33,3.36,0.13932205750230933,0.012541042500489858,0.8135491900137161,0.0,67357.33
0.0985490000166465,67380.24,3.36,0.13936058500274667,0.012549215000582628,0.8137780200163136,0.0,67357.33
0.098783800000092,67357.33,3.36,0.1393993270000152,0.012557433000003221,0.8140081240000903,0.0,67380.24
0.0990182000095956,67380.24,3.36,0.1394380030015833,0.012565637000335847,0.8142378360094037,0.0,67380.24
0.0992518000130076,67426.06,3.36,0.13947654700214626,0.012573813000455267,0.8144667640127475,0.0,67380.24
0.0994855999888387,67483.39,3.36,0.13951512399815838,0.012581995999609356,0.814695887989062,0.0,67380.24
0.0997190999914892,67426.06,3.36,0.13955365149859572,0.012590168499702122,0.8149247179916594,0.0,67380.24
0.0999522999918554,67380.24,3.36,0.13959212949865615,0.01259833049971494,0.8151532539920183,0.0,67380.24
0.1001846000144724,67403.14,3.36,0.13963045900238796,0.012597230999782914,0.8153781390139659,0.0,67380.24
0.1004178000148386,67380.24,3.36,0.13966893700244837,0.01259373299977742,0.8156031770143193,0.0,67380.24
0.1006505000113975,67437.52,3.36,0.13970733250188058,0.012590242499829037,0.8158277325109986,0.0,67380.24
0.1008856999978889,67288.71,3.35,0.13974614049965167,0.012586714500031666,0.8160547004979628,0.0,67380.24
0.1011182999936864,67380.24,3.36,0.13978451949895826,0.012583225500094703,0.8162791594939074,0.0,67368.78
0.1013529000047129,67300.14,3.35,0.13982322850077764,0.012579706499929306,0.816505548504548,0.0,67368.78
0.101603699993575,67357.33,3.36,0.1398646104989399,0.012575944500096374,0.8167475704938,0.0,67368.78
0.1018446999951266,67334.45,3.36,0.1399043754991959,0.012572329500073101,0.8169801354952972,0.0,67368.78
0.1020834000082687,67254.44,3.35,0.13994376100136435,0.01256874899987597,0.8172104810079793,0.0,67357.33
0.1023233000014443,67368.78,3.36,0.1399833445002383,0.012565150499978335,0.8174419845013938,0.0,67357.33
0.1025737000163645,67448.99,3.36,0.14002466050270015,0.012561394499754533,0.8176836205157918,0.0,67357.33
0.102807599992957,67471.92,3.36,0.1400632539988379,0.012557886000105645,0.8179093339932035,0.0,67357.33
0.1030403999902774,67609.77,3.36,0.14010166599839577,0.012554394000145838,0.8181339859906177,0.0,67357.33
0.1032717000052799,67220.19,3.35,0.1401398305008712,0.0125509244999208,0.8183571905050951,0.0,67368.78
0.1035055000102147,67357.33,3.36,0.14017840750168542,0.012547417499846778,0.8185828075098572,0.0,67368.78
0.10374059999594461,67391.67,3.36,0.14021719899933086,0.012543891000060831,0.8188096789960866,0.0,67391.67
0.1039740999985952,67334.45,3.36,0.14025572649976822,0.012540388500021071,0.8190350064986445,0.0,67357.33
0.1042086000088602,67345.9,3.36,0.14029441900146195,0.012536870999867097,0.8192612990085502,0.0,67357.33
0.1044423000130337,67506.35,3.36,0.14033297950215057,0.012533365499804494,0.8194868195125776,0.0,67357.33
0.1046781000040937,67323.02,3.36,0.14037188650067547,0.012529828499938594,0.8197143665039505,0.0,67391.67
0.1049120000097901,67391.67,3.36,0.14041048000161538,0.012526319999853147,0.8199400800094475,0.0,67391.67
0.1051463999901898,67345.9,3.36,0.14044915599838131,0.012522804000147153,0.8201662759905333,0.0,67391.67
0.1053809000004549,67437.52,3.36,0.14048784850007506,0.012519286499993176,0.8203925685004391,0.0,67391.67
0.1056363999960013,67391.67,3.36,0.1405300059993402,0.01251545400005998,0.8206391259961413,0.0,67414.59
0.1058720000146423,67414.59,3.36,0.140568880002416,0.012511919999780366,0.8208664800141299,0.0,67391.67
0.1061046000104398,67460.45,3.36,0.14060725900172258,0.012508430999843403,0.8210909390100745,0.0,67391.67
0.1063387999893166,67414.59,3.36,0.14064590199823723,0.01250491800016025,0.8213169419896905,0.0,67391.67
0.1065707000088878,67323.02,3.36,0.14068416550146648,0.012501439499866682,0.8215407255085768,0.0,67391.67
0.106876400008332,67517.82,3.36,0.14073460600137477,0.01249685399987502,0.8218357260080404,0.0,67380.24
0.1071094000071753,67323.02,3.36,0.14077305100118392,0.01249335899989237,0.8220605710069242,0.0,67368.78
0.1073424000060186,67368.78,3.36,0.14081149600099307,0.012489863999909721,0.822285416005808,0.0,67368.78
0.1075734999903943,67380.24,3.36,0.14084962749841506,0.012486397500144086,0.8225084274907305,0.0,67357.33
0.1078056000114884,67288.71,3.35,0.1408879240018956,0.012482915999827674,0.8227324040110864,0.0,67357.33
0.1080366999958642,67334.45,3.36,0.1409260554993176,0.012479449500062037,0.822955415496009,0.0,67368.78
0.1082709000038449,67300.14,3.35,0.14096469850063442,0.012475936499942327,0.8231814185037104,0.0,67368.78
0.1085032999981195,67403.14,3.36,0.14100304449968973,0.012472450500028208,0.8234056844981854,0.0,67368.78
0.1087375000061002,67357.33,3.36,0.14104168750100654,0.012468937499908498,0.8236316875058868,0.0,67357.33
0.1089700000011362,67483.39,3.36,0.14108005000018747,0.012465449999982958,0.8238560500010965,0.0,67357.33
0.1092029999999795,67403.14,3.36,0.14111849499999662,0.012461955000000307,0.8240808949999803,0.0,67357.33
0.1094351999927312,67460.45,3.36,0.14115680799880065,0.012458472000109033,0.8243049679929857,0.0,67403.14
0.1096695000014734,67277.28,3.35,0.14119546750024312,0.012454957499977898,0.8245310675014219,0.0,67403.14
0.1099022999987937,67265.86,3.35,0.14123387949980096,0.012451465500018095,0.824755719498836,0.0,67380.24
0.1101363000052515,67414.59,3.36,0.1412724895008665,0.012447955499921228,0.8249815295050678,0.0,67380.24
0.1103683999972418,67311.57,3.36,0.14131078599954489,0.012444474000041374,0.8252055059973383,0.0,67311.57
0.1106014999968465,67426.06,3.36,0.14134924749947966,0.012440977500047303,0.8254304474969569,0.0,67311.57
0.1108341999934055,67380.24,3.36,0.1413876429989119,0.012437487000098918,0.8256550029936364,0.0,67311.57
0.1110624000139069,67311.57,3.36,0.14142529600229464,0.012434063999791396,0.8258752160134202,0.0,67311.57
0.1112962999904994,67288.71,3.35,0.14146388949843242,0.012430555500142508,0.8261009294908319,0.0,67380.24
0.111528300010832,67311.57,3.36,0.1415021695017873,0.01242707549983752,0.826324809510453,0.0,67345.9
0.1117691000108607,67300.14,3.35,0.14154190150179202,0.01242346349983709,0.8265571815104806,0.0,67345.9
0.1120030999882147,67426.06,3.36,0.14158051149805542,0.01241995350017678,0.8267829914886272,0.0,67323.02
0.1122364999901038,67380.24,3.36,0.14161902249836714,0.012416452500148443,0.8270082224904503,0.0,67323.02
0.1124691000150051,67380.24,3.36,0.14165740150247585,0.012412963499774924,0.8272326815144799,0.0,67345.9
0.1128282000136096,67345.9,3.36,0.1417166530022456,0.012407576999795856,0.8275792130131333,0.0,67345.9
0.1130619999894407,67265.86,3.35,0.1417552299982577,0.012404070000158389,0.8278048299898103,0.0,67345.9
0.1132960999966599,67323.02,3.36,0.1417938564994489,0.012400558500050101,0.8280307364967768,0.0,67345.9
0.113529499998549,67345.9,3.36,0.14183236749976058,0.012397057500021765,0.8282559674985999,0.0,67345.9
0.113763100001961,67345.9,3.36,0.14187091150032358,0.012393553499970586,0.8284813915018924,0.0,67345.9
0.11399479999090541,67288.71,3.35,0.14190914199849938,0.01239007800013642,0.8287049819912238,0.0,67345.9
0.1142283999943174,67231.6,3.35,0.14194768599906238,0.012386574000085238,0.8289304059945163,0.0,67345.9
0.114460600016173,67391.67,3.36,0.14198599900266853,0.012383090999757405,0.829154479015607,0.0,67345.9
0.1146978999895509,67357.33,3.36,0.1420251534982759,0.012379531500156736,0.8293834734899167,0.0,67357.33
0.1149309999891557,67357.33,3.36,0.14206361499821069,0.012376035000162664,0.8296084149895353,0.0,67357.33
0.1151752000150736,67334.45,3.36,0.14210390800248715,0.012372371999773896,0.829844068014546,0.0,67357.33
0.1154083000146784,67575.26,3.36,0.14214236950242193,0.012368875499779825,0.8300690095141647,0.0,67357.33
0.115641600015806,67426.06,3.36,0.142180864002608,0.01236537599976291,0.8302941440152528,0.0,67391.67
0.1158749999885913,67471.92,3.36,0.14221937499811757,0.01236187500017113,0.8305193749889906,0.0,67357.33
0.1161088999942876,67357.33,3.36,0.14225796849905745,0.012358366500085686,0.8307450884944876,0.0,67357.33
0.1163411000161432,67185.96,3.35,0.14229628150266363,0.012354883499757852,0.8309691615155782,0.0,67368.78
0.1165736000111792,67391.67,3.36,0.14233464400184456,0.012351395999832312,0.8311935240107879,0.0,67368.78
0.1168906000093557,67403.14,3.36,0.1423869490015437,0.012346640999859665,0.8314994290090283,0.0,67357.33
0.117124899988994,67277.28,3.35,0.142425608498184,0.01234312650016509,0.8317255284893792,0.0,67357.33
0.1173595000000205,67334.45,3.36,0.14246431750000338,0.012339607499999693,0.8319519175000198,0.0,67357.33
0.1175937000080012,67368.78,3.36,0.1425029605013202,0.012336094499879982,0.8321779205077212,0.0,67368.78
0.1178399999917019,67334.45,3.36,0.1425435999986308,0.012332400000124472,0.8324155999919923,0.0,67368.78
0.1180874000128824,67345.9,3.36,0.1425844210021256,0.012328688999806764,0.8326543410124315,0.0,67368.78
0.1183210000162944,67380.24,3.36,0.1426229650026886,0.012325184999755583,0.8328797650157241,0.0,67345.9
0.1185549999936484,67460.45,3.36,0.142661574998952,0.012321675000095273,0.8331055749938707,0.0,67368.78
0.118787000013981,67586.77,3.36,0.14269985500230686,0.012318194999790285,0.8333294550134916,0.0,67368.78
0.1190155000076629,67254.44,3.35,0.14273755750126438,0.012314767499885056,0.8335499575073947,0.0,67380.24
0.1192495000141207,67391.67,3.36,0.1427761675023299,0.012311257499788189,0.8337757675136265,0.0,67380.24
0.1194832999899518,67323.02,3.36,0.14281474449834206,0.012307750500150724,0.8340013844903035,0.0,67380.24
0.119718500005547,67368.78,3.36,0.14285355250091525,0.012304222499916796,0.8342283525053529,0.0,67380.24
0.1199507999990601,67380.24,3.36,0.14289188199984493,0.012300738000014098,0.834452521999093,0.0,67380.24
0.120184600003995,67483.39,3.36,0.1429295360006392,0.0123073840001598,0.8346753700037953,0.0,67368.78
0.1204171999997925,67552.28,3.36,0.1429667519999668,0.0123166879999917,0.834896339999803,0.0,67380.24
0.1206513000070117,67197.36,3.35,0.14300420800112187,0.012326052000280469,0.8351187350066611,0.0,67380.24
0.1208832999982405,67311.57,3.36,0.14304132799971847,0.012335331999929621,0.8353391349983285,0.0,67391.67
0.121117900009267,67529.32,3.36,0.14307886400148273,0.012344716000370681,0.8355620050088037,0.0,67391.67
0.1213499000004958,67345.9,3.36,0.14311598400007933,0.012353996000019832,0.8357824050004711,0.0,67391.67
0.1215830000001006,67414.59,3.36,0.1431532800000161,0.012363320000004025,0.8360038500000956,0.0,67357.33
0.1218158999981824,67460.45,3.36,0.14319054399970918,0.012372635999927297,0.8362251049982733,0.0,67345.9
0.1220509000122547,67391.67,3.36,0.14322814400196077,0.012382036000490189,0.836448355011642,0.0,67357.33
0.1222845000156667,67277.28,3.35,0.14326552000250667,0.01239138000062667,0.8366702750148834,0.0,67357.33
0.1225180999899749,67300.14,3.35,0.143302895998396,0.012400723999598996,0.8368921949904762,0.0,67357.33
0.1227508000156376,67357.33,3.36,0.143340128002502,0.012410032000625505,0.8371132600148558,0.0,67368.78
0.1229841999884229,67243.03,3.35,0.14337747199814765,0.012419367999536917,0.8373349899890018,0.0,67357.33
0.1232192000024952,67368.78,3.36,0.14341507200039924,0.012428768000099809,0.8375582400023704,0.0,67357.33
0.1234528000059072,67151.75,3.35,0.14345244800094517,0.01243811200023629,0.8377801600056118,0.0,67357.33
0.1236875999893527,67403.14,3.36,0.14349001599829644,0.01244750399957411,0.8380032199898851,0.0,67368.78
0.123920400015777,67403.14,3.36,0.14352726400252433,0.012456816000631081,0.8382243800149882,0.0,67368.78
0.1241554000007454,67357.33,3.36,0.14356486400011928,0.012466216000029817,0.8384476300007082,0.0,67368.78
0.1243881999980658,67368.78,3.36,0.14360211199969053,0.012475527999922633,0.8386687899981625,0.0,67368.78
0.1246230000106152,67368.78,3.36,0.14363968000169844,0.01248492000042461,0.8388918500100845,0.0,67368.78
0.12485759999253791,67483.39,3.36,0.14367721599880606,0.012494303999701518,0.8391147199929111,0.0,67391.67
0.12509220000356439,67426.06,3.36,0.1437147520005703,0.012503688000142578,0.8393375900033863,0.0,67368.78
0.1253243999963161,67368.78,3.36,0.14375190399941057,0.012512975999852644,0.8395581799965003,0.0,67368.78
0.1255594000103883,67391.67,3.36,0.14378950400166213,0.012522376000415532,0.8397814300098689,0.0,67380.24
0.12579330001608469,67334.45,3.36,0.14382692800257355,0.012531732000643388,0.8400036350152805,0.0,67380.24
0.12602930000866758,67391.67,3.36,0.14386468800138683,0.012541172000346705,0.8402278350082343,0.0,67391.67
0.1262627000105567,67345.9,3.36,0.14390203200168908,0.01255050800042227,0.8404495650100289,0.0,67380.24
0.12652879999950528,67380.24,3.36,0.14394460799992084,0.012561151999980213,0.84070235999953,0.0,67368.78
0.1268161000043619,67391.67,3.36,0.14399057600069792,0.012572644000174478,0.8409752950041438,0.0,67380.24
0.12705370000912808,67345.9,3.36,0.1440285920014605,0.012582148000365124,0.8412010150086717,0.0,67380.24
0.12728829999105068,67460.45,3.36,0.1440661279985681,0.012591531999642028,0.8414238849914982,0.0,67391.67
0.1275234000058845,67357.33,3.36,0.14410374400094153,0.012600936000235381,0.8416472300055904,0.0,67380.24
0.12775690000853498,67311.57,3.36,0.1441411040013656,0.0126102760003414,0.8418690550081083,0.0,67380.24
0.12799100001575428,67403.14,3.36,0.1441785600025207,0.012619640000630173,0.8420914500149667,0.0,67368.78
0.1282246999908239,67391.67,3.36,0.14421595199853182,0.012628987999632958,0.8423134649912828,0.0,67357.33
0.12845950000337328,67448.99,3.36,0.14425352000053973,0.012638380000134933,0.8425365250032046,0.0,67357.33
0.12869370001135388,67368.78,3.36,0.14429099200181664,0.012647748000454158,0.8427590150107862,0.0,67357.33
0.12892779998946938,67311.57,3.36,0.14432844799831512,0.012657111999578778,0.8429814099899959,0.0,67357.33
0.12916179999592708,67345.9,3.36,0.14436588799934835,0.012666471999837085,0.8432037099961308,0.0,67368.78
0.12948209999012758,67357.33,3.36,0.14441713599842043,0.012679283999605105,0.8435079949906212,0.0,67368.78
0.1297158999950625,67345.9,3.36,0.14445454399921,0.012688635999802503,0.8437301049953094,0.0,67357.33
0.129950500006089,67391.67,3.36,0.14449208000097424,0.012698020000243561,0.8439529750057846,0.0,67357.33
0.1302079999877606,67323.02,3.36,0.14453327999804172,0.012708319999510425,0.8441975999883726,0.0,67357.33
0.13044380000792438,67380.24,3.36,0.1445710080012679,0.012717752000316978,0.8444216100075282,0.0,67380.24
0.13067730001057498,67380.24,3.36,0.14460836800169202,0.012727092000423003,0.8446434350100464,0.0,67380.24
0.1309108000132255,67334.45,3.36,0.1446457280021161,0.012736432000529022,0.8448652600125643,0.0,67380.24
0.13114549999590958,67391.67,3.36,0.14468327999934555,0.012745819999836386,0.8450882249961141,0.0,67380.24
0.1313798000046518,67437.52,3.36,0.1447207680007443,0.012755192000186075,0.8453108100044193,0.0,67380.24
0.13161410001339388,67403.14,3.36,0.14475825600214304,0.012764564000535758,0.8455333950127243,0.0,67380.24
0.13184770001680587,67311.57,3.36,0.14479563200268897,0.012773908000672237,0.8457553150159657,0.0,67357.33
0.13208260000101288,67345.9,3.36,0.14483321600016208,0.012783304000040518,0.8459784700009623,0.0,67357.33
0.1323172000120394,67357.33,3.36,0.1448707520019263,0.012792688000481578,0.8462013400114375,0.0,67357.33
0.1325516999932006,67380.24,3.36,0.1449082719989121,0.012802067999728026,0.8464241149935406,0.0,67357.33
0.1327850999950897,67300.14,3.35,0.14494561599921438,0.012811403999803591,0.8466458449953354,0.0,67357.33
0.1330208000144921,67357.33,3.36,0.14498332800231875,0.012820832000579686,0.8468697600137676,0.0,67357.33
0.1332540000148583,67414.59,3.36,0.14502064000237735,0.012830160000594336,0.8470913000141155,0.0,67357.33
0.1334899000066798,67345.9,3.36,0.14505838400106877,0.012839596000267194,0.847315405006346,0.0,67368.78
0.13372449998860247,67357.33,3.36,0.14509591999817642,0.012848979999544102,0.8475382749891724,0.0,67368.78
0.1339595000026748,67368.78,3.36,0.14513352000042798,0.012858380000106995,0.8477615250025411,0.0,67368.78
0.13419300000532527,67494.86,3.36,0.14517088000085207,0.012867720000213015,0.8479833500050591,0.0,67368.78
0.13442859999486248,67598.25,3.36,0.14520857599917802,0.012877143999794503,0.8482071699951195,0.0,67368.78
0.13465839999844317,67368.78,3.36,0.14524534399975092,0.01288633599993773,0.8484254799985211,0.0,67368.78
0.1348928000079468,67414.59,3.36,0.1452828480012715,0.012895712000317874,0.8486481600075495,0.0,67368.78
0.1351271000166889,67345.9,3.36,0.14532033600267025,0.012905084000667559,0.8488707450158546,0.0,67368.78
0.13536079999175848,67334.45,3.36,0.14535772799868138,0.012914431999670344,0.8490927599921707,0.0,67380.24
0.13559550000354648,67391.67,3.36,0.14539528000056745,0.012923820000141863,0.8493157250033693,0.0,67380.24
0.1358282000001054,67345.9,3.36,0.1454325120000169,0.01293312800000422,0.8495367900001002,0.0,67368.78
0.1360642999934498,67357.33,3.36,0.14547028799895198,0.012942571999737995,0.8497610849937774,0.0,67380.24
0.13629660001606678,67380.24,3.36,0.1455074560025707,0.012951864000642674,0.8499817700152635,0.0,67380.24
0.13661240000510588,67391.67,3.36,0.14555798400081696,0.012964496000204238,0.8502817800048507,0.0,67380.24
0.1368499000091106,67391.67,3.36,0.1455959840014577,0.012973996000364427,0.8505074050086552,0.0,67391.67
0.1370858000009321,67288.71,3.35,0.14563372800014915,0.012983432000037287,0.8507315100008856,0.0,67391.67
0.13732010000967418,67414.59,3.36,0.1456712160015479,0.012992804000386972,0.8509540950091906,0.0,67391.67
0.13755549999768849,67380.24,3.36,0.14570887999963017,0.013002219999907543,0.8511777249978042,0.0,67391.67
0.13778879999881607,67471.92,3.36,0.14574620799981058,0.013011551999952646,0.8513993599988754,0.0,67391.67
0.1380227000045124,67483.39,3.36,0.145783632000722,0.0130209080001805,0.8516215650042869,0.0,67391.67
0.1382564000086859,67494.86,3.36,0.14582102400138977,0.01303025600034744,0.8518435800082517,0.0,67403.14
0.1384912999928929,67311.57,3.36,0.14585860799886288,0.01303965199971572,0.8520667349932484,0.0,67403.14
0.13872529999935068,67403.14,3.36,0.14589604799989614,0.013049011999974032,0.8522890349993832,0.0,67380.24
0.1389599000103772,67345.9,3.36,0.14593358400166037,0.013058396000415091,0.8525119050098584,0.0,67345.9
0.139194099989254,67208.77,3.35,0.14597105599828067,0.013067763999570164,0.8527343949897914,0.0,67345.9
0.1394284999987576,67448.99,3.36,0.14600855999980122,0.013077139999950308,0.8529570749988198,0.0,67345.9
0.13966210000216958,67334.45,3.36,0.14604593600034715,0.013086484000086787,0.8531789950020612,0.0,67345.9
0.139897299988661,67345.9,3.36,0.14608356799818578,0.013095891999546444,0.8534024349892281,0.0,67345.9
0.1401301000150852,67323.02,3.36,0.14612146650248908,0.013100650500075427,0.8536248960144819,0.0,67345.9
0.14036469999700787,67345.9,3.36,0.14616017549950633,0.01310182349998504,0.8538501119971277,0.0,67345.9
0.1405977999966126,67368.78,3.36,0.1461986369994411,0.013102988999983065,0.8540738879967482,0.0,67368.78
0.14083220000611618,67391.67,3.36,0.1462373130010092,0.013104161000030583,0.8542989120058717,0.0,67368.78
0.14106719999108458,67391.67,3.36,0.14627608799852898,0.013105335999955423,0.8545245119914413,0.0,67368.78
0.14130109999678098,67414.59,3.36,0.14631468149946888,0.013106505499983906,0.8547490559969099,0.0,67368.78
0.14153600001009178,67288.71,3.35,0.14635344000166517,0.01310768000005046,0.8549745600096882,0.0,67368.78
0.14176940001198088,67368.78,3.36,0.14639195100197686,0.013108847000059905,0.8551986240115018,0.0,67368.78
0.14200429999618788,67368.78,3.36,0.14643070949937104,0.01311002149998094,0.8554241279963405,0.0,67368.78
0.1422371999942698,67345.9,3.36,0.14646913799905453,0.01311118599997135,0.8556477119944991,0.0,67368.78
0.1424935999966692,67448.99,3.36,0.14651144399945043,0.013112467999983347,0.8558938559968026,0.0,67368.78
0.14273059999686669,67391.67,3.36,0.14655054899948303,0.013113652999984335,0.8561213759969921,0.0,67357.33
0.14296689999173398,67345.9,3.36,0.14658953849863612,0.01311483449995867,0.8563482239920648,0.0,67357.33
0.1432009999989532,67368.78,3.36,0.1466281649998273,0.013116004999994766,0.8565729599989952,0.0,67357.33
0.1434363000153098,67357.33,3.36,0.14666698950252613,0.01311718150007655,0.8567988480146975,0.0,67357.33
0.1436718000040855,67357.33,3.36,0.14670584700067413,0.013118359000020428,0.8570249280039222,0.0,67357.33
0.1439077999966685,67254.44,3.35,0.14674478699945032,0.013119538999983343,0.8572514879968018,0.0,67357.33
0.1441422000061721,67334.45,3.36,0.1467834630010184,0.013120711000030861,0.8574765120059253,0.0,67345.9
0.14437610001186837,67334.45,3.36,0.14682205650195831,0.013121880500059344,0.8577010560113938,0.0,67334.45
0.1446099000168033,67403.14,3.36,0.14686063350277256,0.013123049500084017,0.8579255040161313,0.0,67334.45
0.1448445999994874,67323.02,3.36,0.14689935899991544,0.013124222999997439,0.858150815999508,0.0,67334.45
0.14507930001127528,67368.78,3.36,0.14693808450186044,0.013125396500056377,0.8583761280108244,0.0,67334.45
0.1453134999901522,67300.14,3.35,0.14697672749837515,0.013126567499950762,0.8586009599905462,0.0,67368.78
0.14556920001632528,67334.45,3.36,0.1470189180026937,0.013127846000081628,0.8588464320156723,0.0,67368.78
0.14580329999444078,67437.52,3.36,0.14705754449908276,0.013129016499972205,0.8590711679946633,0.0,67368.78
0.14612320001469928,67368.78,3.36,0.1471103280024254,0.013130616000073498,0.8593782720141114,0.0,67368.78
0.14638879999984059,67368.78,3.36,0.14715415199997373,0.013131943999999203,0.8596332479998471,0.0,67368.78
0.14665700000477958,67448.99,3.36,0.14719840500078865,0.013133285000023899,0.8598907200045885,0.0,67368.78
0.1468913000135217,67323.02,3.36,0.1472370645022311,0.01313445650006761,0.8601156480129809,0.0,67368.78
0.14712489998782988,67368.78,3.36,0.14727560849799196,0.01313562449993915,0.8603399039883168,0.0,67368.78
0.14735959999961779,67437.52,3.36,0.14731433399993696,0.01313679799999809,0.8605652159996332,0.0,67368.78
0.1475947000144515,67598.25,3.36,0.14735312550238452,0.013137973500072259,0.8607909120138736,0.0,67391.67
0.14783100000931879,67529.32,3.36,0.14739211500153762,0.013139155000046594,0.8610177600089461,0.0,67437.52
0.1480639000074007,67368.78,3.36,0.14743054350122115,0.013140319500037004,0.8612413440071048,0.0,67391.67
0.14829750001081268,67368.78,3.36,0.1474690875017841,0.013141487500054064,0.8614656000103803,0.0,67391.67
0.14853090001270178,67391.67,3.36,0.14750759850209583,0.01314265450006351,0.8616896640121938,0.0,67391.67
0.1487634000077378,67471.92,3.36,0.14754596100127676,0.01314381700003869,0.8619128640074284,0.0,67368.78
0.14899819999118338,67529.32,3.36,0.1475847029985453,0.013144990999955917,0.8621382719915361,0.0,67368.78
0.1492316999938339,67345.9,3.36,0.14762323049898263,0.01314615849996917,0.8623624319940807,0.0,67368.78
0.1494649999949615,67345.9,3.36,0.14766172499916866,0.013147324999974808,0.8625863999951632,0.0,67368.78
0.14969739998923617,67345.9,3.36,0.147700070998224,0.013148486999946182,0.8628095039896668,0.0,67368.78
0.1499314999964554,67345.9,3.36,0.14773869749941515,0.013149657499982278,0.8630342399965973,0.0,67345.9
0.15016489999834448,67254.44,3.35,0.14777720849972686,0.013150824499991724,0.8632583039984109,0.0,67345.9
0.15039560000877827,67368.78,3.36,0.14781527400144845,0.013151978000043892,0.8634797760084273,0.0,67345.9
0.1506288000091445,67448.99,3.36,0.14785375200150885,0.013153144000045722,0.8637036480087789,0.0,67345.9
0.15086250001331789,67414.59,3.36,0.14789231250219748,0.01315431250006659,0.8639280000127852,0.0,67357.33
0.1510952000098769,67288.71,3.35,0.14793070800162972,0.013155476000049385,0.8641513920094819,0.0,67368.78
0.1513300999940839,67471.92,3.36,0.14796946649902387,0.01315665049997042,0.8643768959943207,0.0,67368.78
0.15156410000054168,67357.33,3.36,0.1480080765000894,0.013157820500002708,0.8646015360005201,0.0,67391.67
0.1517993999877945,67345.9,3.36,0.14804690099798612,0.013158996999938973,0.8648274239882828,0.0,67391.67
0.15203379999729807,67391.67,3.36,0.1480855769995542,0.013160168999986491,0.8650524479974062,0.0,67368.78
0.1522672999999486,67426.06,3.36,0.14812410449999153,0.013161336499999744,0.8652766079999508,0.0,67357.33
0.15250100000412198,67368.78,3.36,0.14816266500068015,0.01316250500002061,0.8655009600039573,0.0,67368.78
0.1527344000060111,67391.67,3.36,0.14820117600099186,0.013163672000030055,0.8657250240057708,0.0,67368.78
0.1529689000162762,67345.9,3.36,0.14823986850268558,0.013164844500081381,0.8659501440156253,0.0,67368.78
0.1532019000151195,67311.57,3.36,0.14827831350249474,0.013166009500075598,0.8661738240145148,0.0,67368.78
0.1534361999947578,67345.9,3.36,0.14831697299913504,0.01316718099997379,0.8663987519949676,0.0,67345.9
0.1536688999913167,67391.67,3.36,0.14835536849856729,0.013168344499956583,0.8666221439916642,0.0,67345.9
0.15390450000995767,67426.06,3.36,0.14839424250164304,0.01316952250004979,0.8668483200095595,0.0,67345.9
0.15413690000423227,67345.9,3.36,0.14843258850069835,0.013170684500021162,0.8670714240040631,0.0,67345.9
0.15437229999224658,67345.9,3.36,0.14847142949872072,0.013171861499961234,0.8672974079925568,0.0,67345.9
0.15460589999565857,67345.9,3.36,0.1485099734992837,0.013173029499978294,0.8675216639958323,0.0,67345.9
0.15486479998799038,67197.36,3.35,0.14855269199801843,0.013174323999939952,0.8677702079884709,0.0,67345.9
0.15510239999275657,67345.9,3.36,0.14859189599880485,0.013175511999963783,0.8679983039930464,0.0,67345.9
0.1553391999914311,67345.9,3.36,0.14863096799858616,0.013176695999957156,0.8682256319917739,0.0,67345.9
0.15557360000093468,67345.9,3.36,0.14866964400015423,0.013177868000004674,0.8684506560008974,0.0,67345.9
0.1558190000068862,67426.06,3.36,0.14871013500113625,0.01317909500003443,0.8686862400066109,0.0,67345.9
0.1560493000142742,67265.86,3.35,0.14874813450235527,0.013180246500071371,0.8689073280137033,0.0,67345.9
0.15634600000339557,67323.02,3.36,0.1487970900005603,0.013181730000016979,0.8691921600032598,0.0,67345.9
0.1566326000029221,67300.14,3.35,0.14884437900048217,0.013183163000014611,0.8694672960028054,0.0,67345.9
0.1568647999956738,67460.45,3.36,0.1488826919992862,0.013184323999978369,0.869690207995847,0.0,67345.9
0.1570954000053462,67437.52,3.36,0.14892074100088215,0.013185477000026731,0.8699115840051325,0.0,67323.02
0.15732610001577998,67414.59,3.36,0.1489588065026037,0.0131866305000789,0.8701330560151489,0.0,67323.02
0.1575552000140306,67243.03,3.35,0.14899660800231507,0.013187776000070154,0.8703529920134695,0.0,67323.02
0.1577852999907918,67345.9,3.36,0.14903457449848068,0.013188926499953959,0.8705738879911602,0.0,67345.9
0.1580132000090089,67323.02,3.36,0.14907217800148648,0.013190066000045044,0.8707926720086486,0.0,67368.78
0.15823880000971258,67323.02,3.36,0.14910940200160258,0.013191194000048563,0.8710092480093242,0.0,67345.9
0.15846639999654138,67197.36,3.35,0.14914695599942934,0.013192331999982708,0.8712277439966798,0.0,67345.9
0.15869410001323558,67403.14,3.36,0.1491845265021839,0.013193470500066178,0.8714463360127063,0.0,67323.02
0.1589250999968499,67403.14,3.36,0.14922264149948025,0.01319462549998425,0.871668095996976,0.0,67345.9
0.15915349998977038,67368.78,3.36,0.14926032749831214,0.013195767499948852,0.8718873599901796,0.0,67368.78
0.15938259998802098,67277.28,3.35,0.14929812899802347,0.013196912999940105,0.8721072959885002,0.0,67368.78
0.159610500006238,67380.24,3.36,0.1493357325010293,0.01319805250003119,0.8723260800059885,0.0,67380.24
0.159840800013626,67288.71,3.35,0.1493737320022483,0.01319920400006813,0.8725471680130811,0.0,67380.24
0.1600699000118766,67506.35,3.36,0.14941153350195965,0.013201747500296917,0.8727671040114017,0.0,67368.78
0.16029910001088868,67529.32,3.36,0.14944935150179664,0.013207477500272218,0.8729871360104532,0.0,67368.78
0.1605263999954332,67368.78,3.36,0.1494868559992465,0.013213159999885832,0.873205343995616,0.0,67357.33
0.1607554999936838,67414.59,3.36,0.14952465749895785,0.013218887499842097,0.8734252799939366,0.0,67368.78
0.16098320001037789,67288.71,3.35,0.14956222800171237,0.013224580000259448,0.8736438720099629,0.0,67357.33
0.1612125000101514,67357.33,3.36,0.14960006250167499,0.013230312500253787,0.8738640000097454,0.0,67357.33
0.1614408000023104,67323.02,3.36,0.14963773200038125,0.013236020000057762,0.8740831680022181,0.0,67357.33
0.16166929999599228,67345.9,3.36,0.14967543449933873,0.013241732499899808,0.8743025279961527,0.0,67345.9
0.16189839999424288,67426.06,3.36,0.1497132359990501,0.013247459999856074,0.8745224639944733,0.0,67345.9
0.16212670001550578,67345.9,3.36,0.14975090550255848,0.013253167500387646,0.8747416320148856,0.0,67345.9
0.1623566999915056,67334.45,3.36,0.14978885549859844,0.013258917499787642,0.8749624319918454,0.0,67357.33
0.16261920001124958,67380.24,3.36,0.1498321680018562,0.013265480000281242,0.8752144320107997,0.0,67357.33
0.16292299999622628,67334.45,3.36,0.14988229499937736,0.01327307499990566,0.8755060799963773,0.0,67357.33
0.16315159999066958,67357.33,3.36,0.1499200139984605,0.01327878999976674,0.8757255359910429,0.0,67380.24
0.16338209999958048,67437.52,3.36,0.1499580464999308,0.013284552499989513,0.8759468159995973,0.0,67357.33
0.16361059999326238,67426.06,3.36,0.14999574899888832,0.01329026499983156,0.876166175993532,0.0,67380.24
0.16384160000598058,67357.33,3.36,0.1500338640009868,0.013296040000149516,0.8763879360057415,0.0,67380.24
0.16407060000346968,67448.99,3.36,0.15007164900057252,0.013301765000086743,0.876607776003331,0.0,67380.24
0.16430060000857338,67437.52,3.36,0.15010959900141463,0.013307515000214336,0.8768285760082305,0.0,67380.24
0.1645291000022553,67300.14,3.35,0.15014730150037214,0.013313227500056384,0.8770479360021651,0.0,67380.24
0.16475890000583598,67380.24,3.36,0.15018521850096295,0.013318972500145902,0.8772685440056026,0.0,67380.24
0.16498739999951798,67345.9,3.36,0.1502229209999205,0.013324684999987952,0.8774879039995374,0.0,67368.78
0.165218600013759,67448.99,3.36,0.15026106900227024,0.013330465000343976,0.8777098560132087,0.0,67380.24
0.1654477000120096,67334.45,3.36,0.1502988705019816,0.013336192500300242,0.8779297920115293,0.0,67368.78
0.16567730001406739,67380.24,3.36,0.15033675450232115,0.013341932500351686,0.8781502080135047,0.0,67368.78
0.1659011000010651,67334.45,3.36,0.15037368150017574,0.013347527500026629,0.8783650560010225,0.0,67368.78
0.1661299999977928,67368.78,3.36,0.15041144999963582,0.013353249999944822,0.8785847999978812,0.0,67368.78
0.16642819999833589,67414.59,3.36,0.15046065299972544,0.013360704999958398,0.8788710719984025,0.0,67368.78
0.16667510001570918,67357.33,3.36,0.15050139150259204,0.013366877500392732,0.8791080960150809,0.0,67368.78
0.16690360000939108,67437.52,3.36,0.15053909400154955,0.01337259000023478,0.8793274560090155,0.0,67368.78
0.16715630001272078,67357.33,3.36,0.15058078950209894,0.013378907500318022,0.8795700480122121,0.0,67368.78
0.16738580001401718,67403.14,3.36,0.15061865700231286,0.013384645000350432,0.8797903680134566,0.0,67368.78
0.16761470001074488,67323.02,3.36,0.1506564255017729,0.013390367500268624,0.8800101120103152,0.0,67380.24
0.16784310000366529,67483.39,3.36,0.1506941115006048,0.013396077500091634,0.8802293760035188,0.0,67368.78
0.16807089999201708,67368.78,3.36,0.15073169849868284,0.01340177249980043,0.8804480639923364,0.0,67368.78
0.1682995000155643,67368.78,3.36,0.15076941750256811,0.01340748750038911,0.8806675200149419,0.0,67368.78
0.16852669999934727,67380.24,3.36,0.1508069054998923,0.013413167499983683,0.8808856319993735,0.0,67380.24
0.16875559999607498,67380.24,3.36,0.1508446739993524,0.013418889999901876,0.8811053759962321,0.0,67380.24
0.1689836000150535,67128.96,3.35,0.15088229400248385,0.01342459000037634,0.8813242560144514,0.0,67380.24
0.16921210000873538,67231.6,3.35,0.15091999650144136,0.013430302500218386,0.881543616008386,0.0,67368.78
0.16943939999327998,67471.92,3.36,0.15095750099889121,0.013435984999832002,0.8817618239935489,0.0,67380.24
0.16966809998848478,67426.06,3.36,0.1509952364981,0.013441702499712122,0.8819813759889454,0.0,67380.24
0.1698958000051789,67380.24,3.36,0.15103280700085453,0.013447395000129474,0.8821999680049718,0.0,67323.02
0.17012450000038368,67323.02,3.36,0.15107054250006333,0.013453112500009594,0.8824195200003684,0.0,67323.02
0.1703519000147935,67208.77,3.35,0.15110806350244094,0.013458797500369839,0.8826378240142019,0.0,67323.02
0.1705790999985766,67380.24,3.36,0.15114555149976516,0.013464477499964416,0.8828559359986337,0.0,67323.02
0.1708077999937814,67323.02,3.36,0.15118328699897396,0.013470194999844537,0.8830754879940302,0.0,67323.02
0.1710360000142828,67300.14,3.35,0.15122094000235667,0.013475900000357071,0.8832945600137115,0.0,67323.02
0.17126599999028258,67300.14,3.35,0.15125888999839665,0.013481649999757067,0.8835153599906713,0.0,67323.02
0.1714937000069767,67163.16,3.35,0.15129646050115117,0.013487342500174419,0.8837339520066977,0.0,67323.02
0.17172310000751168,67380.24,3.36,0.15133431150123944,0.013493077500187793,0.8839541760072113,0.0,67334.45
0.171950799995102,67334.45,3.36,0.15137188199919185,0.013498769999877551,0.884172767995298,0.0,67334.45
0.17218100000172848,67345.9,3.36,0.15140986500028522,0.013504525000043214,0.8843937600016595,0.0,67334.45
0.1724094999954104,67357.33,3.36,0.15144756749924274,0.013510237499885261,0.8846131199955941,0.0,67345.9
0.1726391999982297,67277.28,3.35,0.1514854679997079,0.013515979999955744,0.8848336319983006,0.0,67345.9
0.17286680001416238,67403.14,3.36,0.1515230220023368,0.013521670000354062,0.885052128013596,0.0,67345.9
0.1730956000101287,67414.59,3.36,0.15156077400167126,0.01352739000025322,0.8852717760097236,0.0,67334.45
0.17332390000228767,67334.45,3.36,0.1515984435003775,0.013533097500057194,0.8854909440021963,0.0,67345.9
0.1735479999915697,67563.77,3.36,0.15163541999860902,0.013538699999789244,0.885706079991907,0.0,67357.33
0.1737772999913432,67334.45,3.36,0.15167325449857164,0.013544432499783581,0.8859262079916895,0.0,67357.33
0.1740049000072759,67277.28,3.35,0.15171080850120053,0.013550122500181899,0.886144704006985,0.0,67357.33
0.1742345000093337,67243.03,3.35,0.15174869250154008,0.013555862500233344,0.8863651200089604,0.0,67357.33
0.17446229999768548,67357.33,3.36,0.15178627949961812,0.013561557499942138,0.8865838079977781,0.0,67357.33
0.17469149999669747,67380.24,3.36,0.1518240974994551,0.013567287499917438,0.8868038399968297,0.0,67357.33
0.17492039999342518,67494.86,3.36,0.15186186599891516,0.013573009999835631,0.8870235839936883,0.0,67357.33
0.17516040001646618,67323.02,3.36,0.15190146600271692,0.013579010000411656,0.8872539840158076,0.0,67357.33
0.17538999998942018,67391.67,3.36,0.15193934999825434,0.013584749999735506,0.8874743999898435,0.0,67368.78
0.1756210000021383,67483.39,3.36,0.15197746500035283,0.01359052500005346,0.8876961600020529,0.0,67368.78
0.1758502000011504,67334.45,3.36,0.15201528300018982,0.013596255000028762,0.8879161920011045,0.0,67368.78
0.17610209999838838,67529.32,3.36,0.1520568464997341,0.013602552499959711,0.8881580159984529,0.0,67334.45
0.1763998999958858,67311.57,3.36,0.15210598349932117,0.013609997499897147,0.8884439039960504,0.0,67334.45
0.17662990000098938,67368.78,3.36,0.15214393350016325,0.013615747500024736,0.8886647040009499,0.0,67334.45
0.1768587999977171,67323.02,3.36,0.15218170199962333,0.01362146999994293,0.8888844479978085,0.0,67334.45
0.17708930000662798,67334.45,3.36,0.15221973450109363,0.013627232500165702,0.889105728006363,0.0,67334.45
0.1773183000041172,67151.75,3.35,0.15225751950067934,0.013632957500102932,0.8893255680039526,0.0,67323.02
0.1775478000054136,67334.45,3.36,0.15229538700089326,0.013638695000135342,0.8895458880051972,0.0,67323.02
0.1777771000051871,67311.57,3.36,0.15233322150085588,0.01364442750012968,0.8897660160049797,0.0,67334.45
0.1780062000034377,67380.24,3.36,0.15237102300056724,0.013650155000085944,0.8899859520033003,0.0,67334.45
0.17823600000701847,67311.57,3.36,0.15240894000115807,0.013655900000175464,0.8902065600067378,0.0,67334.45
0.17846510000526908,66992.42,3.35,0.1524467415008694,0.013661627500131729,0.8904264960050584,0.0,67334.45
0.1786962999904063,67426.06,3.36,0.15248488949841704,0.01366740749976016,0.8906484479907901,0.0,67334.45
0.1789259999932256,67391.67,3.36,0.15252278999888225,0.013673149999830641,0.8908689599934967,0.0,67357.33
0.17915599999832918,67403.14,3.36,0.15256073999972433,0.013678899999958232,0.8910897599983961,0.0,67357.33
0.17951650000759398,67368.78,3.36,0.152620222501253,0.013687912500189851,0.8914358400072903,0.0,67357.33
0.1797483999980614,67323.02,3.36,0.15265848599968015,0.013693709999951537,0.891658463998139,0.0,67357.33
0.179977499996312,67334.45,3.36,0.1526962874993915,0.013699437499907801,0.8918783999964596,0.0,67357.33
0.18020890001207587,67357.33,3.36,0.15273446850199254,0.013705222500301898,0.8921026330117137,0.0,67345.9
0.1804397999949288,67345.9,3.36,0.15277256699916325,0.013710994999873221,0.892326605995081,0.0,67334.45
0.1806716000137385,67380.24,3.36,0.15281081400226687,0.013716790000343464,0.8925514520133264,0.0,67334.45
0.1809015999897383,67174.55,3.35,0.15284876399830682,0.013722539999743459,0.8927745519900462,0.0,67334.45
0.18113260000245648,67300.14,3.35,0.15288687900040535,0.013728315000061414,0.8929986220023829,0.0,67334.45
0.18135910001001318,67334.45,3.36,0.15292425150165218,0.013733977500250332,0.8932183270097128,0.0,67345.9
0.1815894999890588,67334.45,3.36,0.15296226749819472,0.013739737499726472,0.8934418149893871,0.0,67345.9
0.1818190999911167,67345.9,3.36,0.15300015149853427,0.01374547749977792,0.8936645269913833,0.0,67345.9
0.18204859999241307,67471.92,3.36,0.15303801899874817,0.01375121499981033,0.8938871419926407,0.0,67334.45
0.1822765000106301,67334.45,3.36,0.15307562250175397,0.013756912500265754,0.8941082050103113,0.0,67334.45
0.1825053000065964,67391.67,3.36,0.15311337450108842,0.013762632500164912,0.8943301410063986,0.0,67334.45
0.18273440000484698,67426.06,3.36,0.15315117600079975,0.013768360000121176,0.8945523680047016,0.0,67334.45
0.1829649000137579,67345.9,3.36,0.15318920850227005,0.01377412250034395,0.8947759530133452,0.0,67345.9
0.18319549999432638,67254.44,3.35,0.15322725749906385,0.013779887499858161,0.8949996349944966,0.0,67334.45
0.18342429999029258,67334.45,3.36,0.15326500949839827,0.013785607499757317,0.8952215709905839,0.0,67334.45
0.1836533999885432,67254.44,3.35,0.15330281099810963,0.013791334999713582,0.895443797988887,0.0,67345.9
0.18388100000447588,67334.45,3.36,0.15334036500073853,0.0137970250001119,0.8956645700043416,0.0,67345.9
0.18410849999054338,67403.14,3.36,0.15337790249843966,0.013802712499763586,0.8958852449908271,0.0,67345.9
0.1843368000118062,67334.45,3.36,0.15341557200194803,0.013808420000295156,0.8961066960114521,0.0,67334.45
0.18456470000091937,67403.14,3.36,0.1534531755001517,0.013814117500022986,0.8963277590008919,0.0,67357.33
0.1847921000153292,67368.78,3.36,0.15349069650252933,0.013819802500383232,0.8965483370148694,0.0,67368.78
0.18502130001434128,67471.92,3.36,0.15352851450236632,0.013825532500358534,0.8967706610139111,0.0,67368.78
0.18524980000802319,67414.59,3.36,0.15356621700132383,0.013831245000200582,0.8969923060077826,0.0,67368.78
0.1854765999887604,67265.86,3.35,0.15360363899814547,0.013836914999719011,0.8972123019890976,0.0,67368.78
0.18570599998929538,67357.33,3.36,0.15364148999823374,0.013842649999732386,0.8974348199896166,0.0,67368.78
0.18593340000370517,67380.24,3.36,0.15367901100061138,0.01384833500009263,0.8976553980035941,0.0,67368.78
0.18624589999672028,67334.45,3.36,0.15373057349945884,0.013856147499918009,0.8979585229968188,0.0,67368.78
0.18647429998964068,67277.28,3.35,0.15376825949829073,0.01386185749974102,0.8981800709899516,0.0,67368.78
0.1867035999894142,67529.32,3.36,0.15380609399825335,0.013867589999735357,0.8984024919897319,0.0,67357.33
0.18693140000686978,67345.9,3.36,0.15384368100113352,0.013873285000171747,0.8986234580066638,0.0,67368.78
0.18716430000495168,67368.78,3.36,0.15388210950081704,0.013879107500123795,0.8988493710048032,0.0,67368.78
0.1873927999986336,67368.78,3.36,0.15391981199977456,0.013884819999965842,0.8990710159986747,0.0,67368.78
0.1876212999923155,67368.78,3.36,0.15395751449873207,0.01389053249980789,0.8992926609925461,0.0,67368.78
0.1878489000082482,67345.9,3.36,0.15399506850136097,0.013896222500206206,0.8995134330080008,0.0,67368.78
0.1880782000080217,67403.14,3.36,0.15403290300132358,0.013901955000200545,0.8997358540077811,0.0,67368.78
0.18830690000322647,67368.78,3.36,0.15407063850053238,0.013907672500080664,0.8999576930031298,0.0,67368.78
0.18853579999995418,67437.52,3.36,0.15410840699999245,0.013913394999998857,0.9001797259999557,0.0,67368.78
0.18876509999972768,67368.78,3.36,0.15414624149995507,0.013919127499993194,0.9004021469997359,0.0,67368.78
0.1889902999973856,67552.28,3.36,0.15418339949956864,0.013924757499934642,0.900620590997464,0.0,67368.78
0.18921909999335187,67163.16,3.35,0.15422115149890306,0.0139304774998338,0.9008425269935514,0.0,67368.78
0.1894474000146147,67345.9,3.36,0.15425882100241142,0.01393618500036537,0.9010639780141763,0.0,67357.33
0.1896767000143882,67323.02,3.36,0.15429665550237406,0.013941917500359707,0.9012863990139566,0.0,67357.33
0.1899060000141617,67345.9,3.36,0.15433449000233668,0.013947650000354044,0.9015088200137369,0.0,67357.33
0.1901358999894001,67414.59,3.36,0.15437242349825103,0.013953397499735004,0.9017318229897181,0.0,67357.33
0.1903642000106629,67277.28,3.35,0.1544100930017594,0.013959105000266574,0.9019532740103431,0.0,67345.9
0.1905944999889471,67357.33,3.36,0.1544480924981763,0.013964862499723679,0.9021766649892787,0.0,67357.33
0.19082230000640268,67368.78,3.36,0.15448567950105646,0.01397055750016007,0.9023976310062106,0.0,67357.33
0.1910516000061762,67357.33,3.36,0.15452351400101907,0.013976290000154407,0.9026200520059909,0.0,67368.78
0.1912802000006195,67414.59,3.36,0.15456123300010222,0.01398200500001549,0.9028417940006009,0.0,67368.78
0.1915088999958243,67300.14,3.35,0.154598968499311,0.013987722499895609,0.9030636329959496,0.0,67368.78
0.1917605999915395,67414.59,3.36,0.15464049899860402,0.013994014999788489,0.9033077819917934,0.0,67368.78
0.19199180000578048,67414.59,3.36,0.1546786470009538,0.013999795000144514,0.9035320460056071,0.0,67368.78
0.1922193999926094,67391.67,3.36,0.15471620099878056,0.014005484999815236,0.9037528179928311,0.0,67368.78
0.1924495999992359,67345.9,3.36,0.15475418399987392,0.014011239999980898,0.9039761119992589,0.0,67391.67
0.1926791000005323,67448.99,3.36,0.15479205150008785,0.014016977500013308,0.9041987270005164,0.0,67368.78
0.19290729999192988,67345.9,3.36,0.15482970449866845,0.01402268249979825,0.9044200809921721,0.0,67380.24
0.19313619998865758,67345.9,3.36,0.1548674729981285,0.014028404999716441,0.904642113988998,0.0,67380.24
0.19336410000687468,67368.78,3.36,0.15490507650113433,0.014034102500171869,0.9048631770066685,0.0,67380.24
0.19359420001273978,67391.67,3.36,0.15494304300210207,0.014039855000318496,0.9050863740123576,0.0,67380.24
0.19382200000109148,67345.9,3.36,0.15498063000018011,0.01404555000002729,0.9053073400010588,0.0,67391.67
0.19405190000543368,67380.24,3.36,0.15501856350089657,0.014051297500135843,0.9055303430052707,0.0,67380.24
0.1942807000014,67471.92,3.36,0.155056315500231,0.014057017500035001,0.905752279001358,0.0,67380.24
0.1945096999988891,67403.14,3.36,0.1550941004998167,0.01406274249997223,0.9059744089989225,0.0,67380.24
0.19473849999485537,67403.14,3.36,0.15513185249915115,0.014068462499871386,0.9061963449950098,0.0,67380.24
0.19496739999158308,67586.77,3.36,0.15516962099861123,0.01407418499978958,0.9064183779918357,0.0,67345.9
0.1951961000158917,67334.45,3.36,0.15520735650262213,0.014079902500397295,0.906640217015415,0.0,67345.9
0.19542609999189148,67323.02,3.36,0.1552453064986621,0.01408565249979729,0.9068633169921347,0.0,67345.9
0.19565420001163147,67345.9,3.36,0.1552829430019192,0.014091355000290788,0.9070845740112826,0.0,67345.9
0.19588230000226758,67345.9,3.36,0.15532057950037417,0.014097057500056692,0.9073058310021996,0.0,67345.9
0.19631719999597408,67323.02,3.36,0.15539233799933574,0.014107929999899354,0.9077276839960949,0.0,67345.9
0.1965484000102151,67300.14,3.35,0.1554304860016855,0.014113710000255379,0.9079519480099086,0.0,67334.45
0.19677360000787297,67368.78,3.36,0.15546764400129906,0.014119340000196826,0.9081703920076368,0.0,67345.9
0.1970044999907259,67334.45,3.36,0.15550574249846977,0.01412511249976815,0.9083943649910041,0.0,67345.9
0.1972332000150345,67368.78,3.36,0.1555434780024807,0.014130830000375865,0.9086162040145835,0.0,67345.9
0.19746530000702478,67483.39,3.36,0.1555817745011591,0.014136632500175621,0.9088413410068141,0.0,67345.9
0.19769510001060547,67265.86,3.35,0.15561969150174992,0.01414237750026514,0.9090642470102873,0.0,67345.9
0.1979252000164706,67494.86,3.36,0.15565765800271766,0.014148130000411766,0.9092874440159765,0.0,67345.9
0.1981403999961913,67380.24,0.36,0.15569316599937158,0.014153509999904784,0.9094961879963056,0.0,67334.45
0.1983694999944419,67345.9,3.36,0.1557309674990829,0.01415923749986105,0.9097184149946087,0.0,67323.02
0.19860100001096728,67300.14,3.35,0.1557691650018096,0.014165025000274185,0.9099429700106383,0.0,67323.02
0.19883010000921789,67288.71,3.35,0.15580696650152095,0.014170752500230449,0.9101651970089414,0.0,67323.02
0.1990596000105143,67323.02,3.36,0.15584483400173488,0.014176490000262859,0.9103878120101989,0.0,67323.02
0.1992889000102878,67300.14,3.35,0.1558826685016975,0.014182222500257196,0.9106102330099792,0.0,67323.02
0.1995190000161529,67323.02,3.36,0.15592063500266523,0.014187975000403825,0.9108334300156683,0.0,67300.14
0.19976150000002238,67288.71,3.35,0.1559606475000037,0.014194037500000561,0.9110686550000218,0.0,67300.14
0.2000048999907449,67380.24,3.36,0.15600083299842663,0.014200146999722349,0.9113048999907449,0.0,67300.14
0.20023489999584848,67345.9,3.36,0.15603993299929425,0.014207046999875456,0.9115348999958486,0.0,67323.02
0.200466200010851,67300.14,3.35,0.15607925400184466,0.014213986000325533,0.9117662000108511,0.0,67300.14
0.2006961000151932,67288.71,3.35,0.15611833700258285,0.014220883000455799,0.9119961000151933,0.0,67323.02
0.20092730000033038,67323.02,3.36,0.15615764100005616,0.014227819000009913,0.9122273000003305,0.0,67300.14
0.2011582000122871,67300.14,3.35,0.1561968940020888,0.014234746000368614,0.9124582000122872,0.0,67323.02
0.2013882999890484,67323.02,3.36,0.15623601099813822,0.014241648999671454,0.9126882999890484,0.0,67300.14
0.20161710001411848,67288.71,3.35,0.15627490700240015,0.014248513000423556,0.9129171000141185,0.0,67300.14
0.20184570000856178,67380.24,3.36,0.15631376900145552,0.014255371000256855,0.9131457000085619,0.0,67300.14
0.20210940000833938,67277.28,3.35,0.1563585980014177,0.014263282000250184,0.9134094000083395,0.0,67300.14
0.20233850000658998,67403.14,3.36,0.1563975450011203,0.014270155000197701,0.9136385000065901,0.0,67300.14
0.20256880001397798,67277.28,3.35,0.15643669600237625,0.01427706400041934,0.9138688000139781,0.0,67288.71
0.20279750000918279,67265.86,3.35,0.1564755750015611,0.014283925000275486,0.9140975000091829,0.0,67288.71
0.2030269000097178,67380.24,3.36,0.15651457300165203,0.014290807000291535,0.9143269000097178,0.0,67288.71
0.20325530000263828,67288.71,3.35,0.1565534010004485,0.014297659000079151,0.9145553000026383,0.0,67288.71
0.20348500000545758,67334.45,3.36,0.15659245000092778,0.01430455000016373,0.9147850000054576,0.0,67288.71
0.2037132999976166,67288.71,3.35,0.15663126099959482,0.014311398999928499,0.9150132999976166,0.0,67288.71
0.20399569999426598,67243.03,3.35,0.15667926899902523,0.014319870999827981,0.9152956999942661,0.0,67300.14
0.20422580000013107,67506.35,3.36,0.15671838600002228,0.014326774000003935,0.9155258000001312,0.0,67311.57
0.20445600000675768,67300.14,3.35,0.15675752000114881,0.014333680000202732,0.9157560000067577,0.0,67311.57
0.21627949998946858,67208.77,3.35,0.15876751499820965,0.014688384999684058,0.9275794999894686,0.0,67323.02
0.22850530000869188,67506.35,3.36,0.16088842750152108,0.014757473499956542,0.9401029855089961,0.0,67311.57
0.2409551999880932,67311.57,3.36,0.1630671599979163,0.014695224000059534,0.9529981839875573,0.0,67323.02
0.2503581999917515,67323.02,3.36,0.1647126849985565,0.014648209000041242,0.9628243189913803,0.0,67323.02
0.2618896999920253,67368.78,3.36,0.1667212489986443,0.014581103000079747,0.9747896999920254,0.0,67311.57
0.27397330000530934,67391.67,3.36,0.1687754610009026,0.014460266999946906,0.9868733000053094,0.0,67311.57
0.2864094999968074,67311.57,3.36,0.17085756749947323,0.014656379999872295,0.9990531199969351,0.0,67311.57
0.2986576000112109,67345.9,3.36,0.1728785040018498,0.015146304000448434,1.0108112960107625,0.0,67311.57
0.3107719999970868,67311.57,3.36,0.17482351999953388,0.015253859999985433,1.0222256799972615,0.0,67311.57
0.3232725000125356,67254.44,3.35,0.17680723750194302,0.015414537500438745,1.0339270625115953,0.0,67311.57
0.3354646000079811,67300.14,3.35,0.17869701300123708,0.01584126100027934,1.0452047550073826,0.0,67300.14
0.3476617000123952,67277.28,3.35,0.18062587200198327,0.016038308500061976,1.0565253810115278,0.0,67277.28
0.3598596999945585,67243.03,3.35,0.1825775519991294,0.016099298499972794,1.0678695209949396,0.0,67277.28
0.37223860001540743,67323.02,3.36,0.1845581760024652,0.01640596500038519,1.079626670014637,0.0,67277.28
0.3842901999887545,67185.96,3.35,0.1865078829981445,0.016642901999887546,1.0911829449890358,0.0,67277.28
0.3964626000088174,67265.86,3.35,0.18851632900145487,0.016764626000088174,1.1030510350085971,0.0,67277.28
0.4051538000057917,67277.28,3.35,0.19000191500101354,0.016877307000086876,1.1117568760059076,0.0,67277.28
0.41730639999150304,67323.02,3.36,0.19212861999851305,0.017059595999872546,1.1241525279913331,0.0,67265.86
0.4299783000024036,67368.78,3.36,0.19439609400043267,0.01714989150001202,1.1374271065025359,0.0,67265.86
0.4420334000024013,67323.02,3.36,0.19656601200043225,0.017281336000096056,1.1501655710025573,0.0,67254.44
0.4542654000106268,67197.36,3.35,0.19876777200191284,0.017770616000425073,1.1631926510113175,0.0,67254.44
0.4673619999957737,67254.44,3.35,0.20112515999923927,0.017852760000084525,1.1769932899955835,0.0,67254.44
0.4786339999991469,67243.03,3.35,0.20315411999984645,0.01762732000001706,1.1887725299991085,0.0,67243.03
0.4920734000043012,67243.03,3.35,0.2053921110007097,0.017841468000086024,1.2022130330042797,0.0,67243.03
0.5045640000025742,67243.03,3.35,0.20743024000041185,0.018068460000038613,1.2143673400024069,0.0,67243.03
0.5156068000069354,67128.96,3.35,0.20919708800110967,0.01823410200010403,1.2246923580064846,0.0,67243.03
0.5276662000105716,67265.86,3.35,0.2110882610016386,0.018414993000158572,1.2356995800095143,0.0,67243.03
0.5406214999966323,67174.55,3.35,0.21309322499949485,0.018609322499949482,1.2473531349970026,0.0,67243.03
0.5526608999934979,67231.6,3.35,0.21489913499902466,0.01878991349990247,1.258068200994213,0.0,67265.86
0.561851000005845,67311.57,3.36,0.21628690500090597,0.018909255000029226,1.2662844100053188,0.0,67311.57
0.5741672000149265,67345.9,3.36,0.2181959160023136,0.018970836000074633,1.2774921520135831,0.0,67311.57
0.5864893000107259,67414.59,3.36,0.22013828800171614,0.01906489300010726,1.2888674955100288,0.0,67311.57
0.5986861000128556,67311.57,3.36,0.22208977600205693,0.019186861000128556,1.3002715035120203,0.0,67311.57
0.611097199987853,67323.02,3.36,0.22413103799799575,0.01931097199987853,1.3124307419880352,0.0,67311.57
0.6220879000029527,67357.33,3.36,0.22597582200053148,0.019379120999970474,1.3233714160030707,0.0,67311.57
0.6342853000096511,67220.19,3.35,0.22817135400173721,0.019257146999903486,1.3360567120100373,0.0,67243.03
0.6464982999896165,67231.6,3.35,0.23036969399813098,0.019394948999688497,1.349050655488734,0.0,67243.03
0.6587737000081688,67197.36,3.35,0.2325792660014704,0.019763211000245067,1.362369464508863,0.0,67243.03
0.6711246999911964,67243.03,3.35,0.23491369299832734,0.019577506000176072,1.375937169990316,0.0,67231.6
0.6834100999985822,67208.77,3.35,0.2372308684997377,0.019502302999957467,1.3893829079984688,0.0,67231.6
0.6959515000053216,67231.6,3.35,0.2395510275009845,0.019878545000159648,1.4029276200057474,0.0,67231.6
0.7081009999965318,67311.57,3.36,0.2416771699994104,0.019756970000104047,1.4155630199964624,0.0,67231.6
0.7202229000104126,67300.14,3.35,0.24373566400166602,0.019410030500468568,1.4279106405098398,0.0,67231.6
0.7285081000009086,67197.36,3.35,0.2450612960001454,0.019782864500040888,1.4357401545008586,0.0,67243.03
0.7407634000119288,67163.16,3.35,0.24701832700184898,0.020315268000238574,1.447275609010557,0.0,67231.6
0.7531583000090905,67334.45,3.36,0.24893953650140901,0.020563166000181807,1.458245095508045,0.0,67231.6
0.7666638999944553,67220.19,3.35,0.2509995849991683,0.020666680500027724,1.470197551495093,0.0,67243.03
0.7788810000056401,67265.86,3.35,0.252832150000846,0.0206055949999718,1.4810096850049914,0.0,67231.6
0.791251699993154,67243.03,3.35,0.2546877549989731,0.02071251699993154,1.4920702714938727,0.0,67220.19
0.8023383000108879,67231.6,3.35,0.2563624365016876,0.020846766000217756,1.5020512360100169,0.0,67220.19
0.815793699992355,67208.77,3.35,0.258448023498815,0.021115873999847098,1.5144302039929665,0.0,67220.19
0.8280456000065897,67254.44,3.35,0.2604275240010873,0.021079315999901153,1.526104232006392,0.0,67208.77
0.8403126999910455,67185.96,3.35,0.262454722498433,0.020906253999820913,1.5380189539908666,0.0,67208.77
0.8513630999950692,67140.35,3.35,0.2643885424991372,0.021127261999901385,1.5492903619949707,0.0,67208.77
0.863551299989922,67197.36,3.35,0.2665569904981356,0.02126448700010078,1.5619176474891663,0.0,67208.77
0.8759221000073012,67163.16,3.35,0.26884558850135076,0.021140778999926987,1.5752162575078488,0.0,67197.36
0.8841857000079472,67174.55,3.35,0.27037435450147024,0.02122557100023842,1.5841624130086625,0.0,67185.96
0.8964093000104185,67311.57,3.36,0.2726357205019274,0.021592279000312558,1.5974861370113562,0.0,67185.96
0.9089955000090414,67243.03,3.35,0.27491919000162746,0.0217,1.6109802075096291,0.0,67185.96
0.9213962999929209,67220.19,3.35,0.27713737099879654,0.021693018500035396,1.624096299992921,0.0,67185.96
0.9336699999985285,67140.35,3.35,0.27922389999974984,0.021631650000007357,1.6363699999985286,0.0,67185.96
0.9456581000122242,67185.96,3.35,0.2812052960019559,0.021713162000244486,1.6480186140114907,0.0,67185.96
0.9580782999983057,67231.6,3.35,0.2831925279997289,0.021961565999966116,1.6596936019984074,0.0,67185.96
0.9704758000152651,67106.18,3.35,0.28507137000228977,0.02231427400045795,1.670823462013586,0.0,67185.96
0.982803299993975,67117.57,3.35,0.2869204949990962,0.022585983500030125,1.681766903994698,0.0,67185.96
0.9948325000004842,67220.19,3.35,0.2887248750000726,0.022525837499997578,1.692352600000426,0.0,67185.96
1.0069262000033632,67140.35,3.35,0.2905735610005213,0.022811679000151342,1.7031682110030437,0.0,67185.96
1.0194352999969851,67185.96,3.35,0.29251247149953274,0.02337458849986433,1.7144889464972717,0.0,67197.36
1.0315156000142451,67311.57,3.36,0.29444249600227923,0.023227265999786324,1.725939820013533,0.0,67197.36
1.0436016999883577,67185.96,3.35,0.2964122889980208,0.023244067999534306,1.7375476744885323,0.0,67197.36
1.0532802999950945,67243.03,3.35,0.2980576509991661,0.02363121199980378,1.747081095495168,0.0,67197.36
1.0654196999967098,67254.44,3.35,0.30014844749942426,0.023845803000032903,1.7593093894965948,0.0,67197.36
1.0766560999909416,67197.36,3.35,0.30211481749841484,0.023733439000090582,1.7709390634906246,0.0,67197.36
1.0889612000028137,67197.36,3.35,0.30431301600050653,0.02374480600001407,1.783988484003011,0.0,67197.36
1.1015335000120103,67220.19,3.35,0.3065760300021619,0.023776997499819843,1.797417842512671,0.0,67197.36
1.1138728999940213,67197.36,3.35,0.30879712199892384,0.02359190650008968,1.8104359094936926,0.0,67197.36
1.1267634000105318,67094.79,3.35,0.31104977800179046,0.023838170000526595,1.8236634000105318,0.0,67151.75
1.1392007000104059,67151.75,3.35,0.31316411900176905,0.024460035000520297,1.836100700010406,0.0,67140.35
1.1514818000141531,67128.96,3.35,0.31519449700233526,0.02438518199985847,1.8479799370136578,0.0,67128.96
1.1636519000167027,67037.9,3.35,0.31720256350275594,0.024409557000501084,1.8597606025162852,0.0,67128.96
1.1755607000086457,67140.35,3.35,0.3191675155014266,0.02476682100025937,1.8713716825084294,0.0,67128.96
1.1875863999885041,67094.79,3.35,0.3211517559981032,0.02493793199994252,1.883134671988734,0.0,67128.96
1.199314500001492,67037.9,3.35,0.3230868925002462,0.02499657250000746,1.8946282100014622,0.0,67128.96
1.208910699991975,67037.9,3.35,0.32471481899863575,0.025133660499879626,1.9040770394920954,0.0,67094.79
1.2210989000159316,67231.6,3.35,0.3267813185026287,0.0253,1.916076922015613,0.0,67094.79
1.2334476000105496,67163.16,3.35,0.3288188540017407,0.0253,1.9281786480103387,0.0,67094.79
1.2449221000133548,67174.55,3.35,0.33071214650220354,0.02542305250033387,1.9393252160128207,0.0,67094.79
1.2578193999943323,67094.79,3.35,0.33284020099906486,0.02574548499985831,1.951706623994559,0.0,67106.18
1.2701184999896213,67037.9,3.35,0.33486955249828754,0.025547037500259467,1.963716129989829,0.0,67106.18
1.2827529000060167,67106.18,3.35,0.33696799300102287,0.02541011600024067,1.976180429006077,0.0,67106.18
1.2946450999879744,67037.9,3.35,0.33898966699795563,0.025885803999518973,1.988191550987854,0.0,67106.18
1.305930200003786,67106.18,3.35,0.34090813400064357,0.02592209399988642,1.9995005490037672,0.0,67094.79
1.3180940999882296,67106.18,3.35,0.342975996997999,0.025557177000353114,2.0116036294882886,0.0,67094.79
1.3303325999877416,67106.18,3.35,0.3450048789979773,0.02606829299932578,2.0234709589881708,0.0,67106.18
1.3429449000104798,67049.26,3.35,0.3470711840016768,0.026555826499842804,2.035568206009851,0.0,67106.18
1.3551098000025377,67049.26,3.35,0.349017568000406,0.026373352999961935,2.0470032120023856,0.0,67106.18
1.3638420999923255,67037.9,3.35,0.3503955254988104,0.026357631499884883,2.055115521492978,0.0,67106.18
1.3760582999966573,67254.44,3.35,0.35228903649948184,0.02654087449994986,2.0662933444969416,0.0,67106.18
1.3879511000122873,67277.28,3.35,0.35417217600196593,0.02695779950055292,2.077294523011427,0.0,67094.79
1.4000767999968957,67117.57,3.35,0.35611228799950334,0.027500383999984477,2.088574111997004,0.0,67094.79
1.412842699995963,67106.18,3.35,0.35815483199935405,0.027564213499979815,2.1008932054961043,0.0,67094.79
1.4248175999964587,67072.03,3.35,0.3601430799993803,0.0276,2.112641687996441,0.0,67094.79
1.437350199994398,67083.41,3.35,0.36233628499901965,0.0276,2.1252369509943696,0.0,67094.79
1.4492406999925151,67094.79,3.35,0.3644171224986902,0.02773861049988773,2.1375565314921783,0.0,67094.79
1.4627467000100296,67094.79,3.35,0.36680813950185553,0.027817598999699107,2.151766436010832,0.0,67094.79
1.474885000003269,67003.79,3.35,0.3690537250006048,0.027453449999901926,2.164875800003531,0.0,67083.41
1.4870687999937218,67311.57,3.36,0.37123703999890134,0.02775947199959193,2.1777515519934707,0.0,67083.41
1.4992529000155628,67049.26,3.35,0.37336925750272354,0.028551438501011595,2.1904230160161853,0.0,67094.79
1.5112235000124201,67128.96,3.35,0.37535187750204935,0.02820717749956529,2.2021990300121717,0.0,67094.79
1.5231701000011526,67026.53,3.35,0.37730721600018446,0.028026804000046115,2.2137323425010664,0.0,67106.18
1.5314975999935996,67037.9,3.35,0.378639615998976,0.02835990399974399,2.2214352799940795,0.0,67106.18
1.5437514999939594,67174.55,3.35,0.38056272499909394,0.028624970000120806,2.2326575924945935,0.0,67117.57
1.5562112999905366,67106.18,3.35,0.38243169499858054,0.02837577400018926,2.24380911349153,0.0,67106.18
1.5689350999891758,67151.75,3.35,0.3843849404983223,0.028746754999458796,2.255286265490204,0.0,67106.18
1.5815406999900006,67243.03,3.35,0.3863465119984001,0.029261482500249982,2.2667251474907504,0.0,67094.79
1.5939247999922375,67083.41,3.35,0.388327967998758,0.02895188000019406,2.27818043999282,0.0,67094.79
1.606063399987761,67117.57,3.35,0.3902701439980418,0.02907285299944925,2.289560229988373,0.0,67094.79
1.617343499994604,67037.9,3.35,0.39207495999913666,0.02958045749975718,2.300276324994874,0.0,67094.79
1.6295806000125594,67094.79,3.35,0.3940807990020723,0.02989161200025119,2.3121889880123083,0.0,67083.41
1.6417209999926854,67072.03,3.35,0.39610117499871994,0.0301,2.3241812349924293,0.0,67083.41
1.6539622000127565,67049.26,3.35,0.3982433850022324,0.0301,2.336850877013203,0.0,67083.41
1.666185000009136,67060.64,3.35,0.40047515000173584,0.03022370000018272,2.3499035000100497,0.0,67094.79
1.6785323999938553,67163.16,3.35,0.4028211559988325,0.030470647999877105,2.363485639993241,0.0,67094.79
1.6869409999926575,66981.07,3.35,0.4044187899986049,0.030465295000036714,2.3729086249917395,0.0,67094.79
1.6994306000124197,67106.18,3.35,0.40679181400235975,0.0304028469999379,2.386959425013972,0.0,67094.79
1.711696899990784,67163.16,3.35,0.40906392649829504,0.03016606200018432,2.400349620989955,0.0,67094.79
1.7242265999957453,67174.55,3.35,0.4113185219992767,0.0303169949996809,2.4135632009958092,0.0,67094.79
1.7366925000096671,67094.79,3.35,0.4134377250016434,0.03125193750072504,2.425842112509522,0.0,67094.79
1.7494305000000168,67117.57,3.35,0.4154145750000025,0.031075627499999245,2.437540297500015,0.0,67083.41
1.761806099995738,66901.62,3.35,0.41726188449938195,0.03070836599974427,2.448544215496356,0.0,67094.79
1.7741190000087954,66947.01,3.35,0.4190472550012753,0.03144714000052772,2.4590717450075203,0.0,67094.79
1.7863713999977335,67083.41,3.35,0.42082385299967134,0.03164071500005666,2.4695156899980737,0.0,67083.41
1.798544099990977,67026.53,3.35,0.42258889449869164,0.03133639750022558,2.4798624849923305,0.0,67083.41
1.8106139000155965,67083.41,3.35,0.4243920850023395,0.03161841700046789,2.490440232013725,0.0,67072.03
1.821970599994529,67094.79,3.35,0.4261152959991246,0.031919705999945286,2.5005523639948573,0.0,67072.03
1.8341038000071417,67197.36,3.35,0.42805660800114265,0.032041038000071416,2.5119575720067133,0.0,67072.03
1.846371799998451,66992.42,3.35,0.43008320599973665,0.032163717999984506,2.5238717999984512,0.0,67072.03
1.8547809000010607,67037.9,3.35,0.4315127530001803,0.032247809000010605,2.5322809000010604,0.0,67072.03
1.8671991000010169,67072.03,3.35,0.433695838000183,0.032335995500005085,2.5451310460010776,0.0,67072.03
1.8803281000000422,67220.19,3.35,0.4360606985000078,0.03240492150000063,2.559057629000046,0.0,67037.9
1.891691400000127,67015.16,3.35,0.43816290900002347,0.0325753710000019,2.5714436260001383,0.0,67026.53
1.9040576000115834,67072.03,3.35,0.4404506560021429,0.03278115200023166,2.5849024960125675,0.0,67026.53
1.916455500002485,67026.53,3.35,0.4427442675004597,0.0330291100000497,2.598354217502696,0.0,67037.9
1.928676700015785,67015.16,3.35,0.4449618060028413,0.03327353400031569,2.6113539185166528,0.0,67026.53
1.9411035999946762,67026.53,3.35,0.44718761199909496,0.033494482000026624,2.624398081994703,0.0,67026.53
1.9531713000033049,66958.35,3.35,0.44923912100056185,0.03343414349998348,2.6364054435032886,0.0,67026.53
1.966203299991321,67049.26,3.35,0.45136151149865483,0.03364813199965285,2.6489690689919287,0.0,67026.53
1.9783836000133306,67072.03,3.35,0.4532494580020663,0.03413534400053323,2.6602967480123976,0.0,67026.53
1.990261200000532,66992.42,3.35,0.45503918000007987,0.033943469999986695,2.6709324680004736,0.0,67026.53
2.002417300012894,66833.61,3.35,0.4568746815019986,0.03380877850058024,2.6817393105114116,0.0,67049.26
2.0115650999941863,67106.18,3.35,0.45829259049909893,0.0342204294997384,2.6898351134948553,0.0,67049.26
2.0239567999960855,67060.64,3.35,0.4601935199994129,0.03444172800015657,2.700861119996477,0.0,67049.26
2.0361773000040557,67117.57,3.35,0.4620265950006084,0.033952907999837766,2.71185957000365,0.0,67026.53
2.04848420000053,67003.79,3.35,0.46395747200008486,0.03422421000002651,2.723317569000501,0.0,67026.53
2.059750000014901,67049.26,3.35,0.46576000000238427,0.03478750000074508,2.733963750014082,0.0,67049.26
2.071990900003584,67003.79,3.35,0.46783845300060933,0.03468009099996416,2.7461309455035665,0.0,67049.26
2.0844550000038,67026.53,3.35,0.469979625000665,0.034733650000114,2.758688650003914,0.0,67049.26
2.09679270000197,66958.35,3.35,0.4721387225003448,0.035103781000059106,2.7713964810020295,0.0,67026.53
2.1089873000164516,67060.64,3.35,0.4743177140029613,0.03515506349991774,2.784091728517192,0.0,67026.53
2.1216795000073034,67072.03,3.35,0.4765939125012781,0.0351503850002191,2.7973298850075223,0.0,67026.53
2.133961699990323,66969.71,3.35,0.4787432974983065,0.035518850999709695,2.8099805509900326,0.0,67003.79
2.146197699999902,67106.18,3.35,0.48085360899998336,0.03573098849999951,2.8224906654999007,0.0,67026.53
2.157670200016582,66935.65,3.35,0.48280393400281896,0.03578835100008291,2.8341352530168304,0.0,67003.79
2.1698249999899417,67037.9,3.35,0.4848702499982901,0.0358,2.846275874989992,0.0,67026.53
2.179394400009187,66912.96,3.35,0.4864970480015618,0.0358,2.855797428009141,0.0,67026.53
2.1919330999953672,66878.94,3.35,0.48850929599925874,0.03585966549997684,2.8677961104955756,0.0,67026.53
2.204225299996324,67037.9,3.35,0.4904760479994118,0.03596337949994486,2.879450655496563,0.0,67026.53
2.216483900003368,67003.79,3.35,0.4924374240005389,0.03614725850005052,2.8909124465031493,0.0,67003.79
2.2288240999914706,67026.53,3.35,0.4944118559986353,0.03615587950004265,2.90236229249211,0.0,67003.79
2.240013100003125,67049.26,3.35,0.49620203050048434,0.0361007860001875,2.9127119865028592,0.0,67003.79
2.253308100014692,67151.75,3.35,0.4982627555022773,0.03689848600088153,2.9248769115134436,0.0,67003.79
2.264461400016444,67003.79,3.35,0.5000138240026311,0.0371884649995889,2.935171409015375,0.0,67003.79
2.276765399990836,66969.71,3.35,0.5019824639985337,0.0368808650002291,2.9466756489914316,0.0,67003.79
2.2890139000082854,67003.79,3.35,0.5039872935013671,0.03720562550037284,2.958668830508244,0.0,67003.79
2.301205299998401,66935.65,3.35,0.5060169539997122,0.037645761500071935,2.970853511998337,0.0,67003.79
2.3139830000000075,66856.28,3.35,0.5083169400000013,0.03707076499999967,2.9841423200000077,0.0,67003.79
2.3256908000039407,66947.01,3.35,0.5103958900006895,0.03699917800013792,2.996346886004118,0.0,66969.71
2.334155499993358,66856.28,3.35,0.5118772124988377,0.037295442499767524,3.005192497493059,0.0,66969.71
2.347244900010992,67083.41,3.35,0.5141678575019236,0.03768112250027479,3.0186173490111017,0.0,67003.79
2.3587623999919742,67049.26,3.35,0.5161834199985954,0.03796905999979935,3.0302500239918935,0.0,67049.26
2.371202300011646,67072.03,3.35,0.5181923680018633,0.038,3.042310219511238,0.0,67049.26
2.383453799993731,66912.96,3.35,0.5201698769989656,0.03806907599987462,3.0540983789940133,0.0,67049.26
2.3958217999897897,67117.57,3.35,0.5222105969983153,0.038316435999795784,3.065909818990249,0.0,67049.26
2.4085749000078067,67060.64,3.35,0.5242719840012491,0.03831425099992193,3.0780890295074554,0.0,67049.26
2.4201132000016514,67151.75,3.35,0.5261186780002725,0.03820283000004129,3.0891092380015936,0.0,67015.16
2.432714700000361,67015.16,3.35,0.5281979255000595,0.03851786750000902,3.101269685500348,0.0,67015.16
2.444855900015682,67015.16,3.35,0.5302255030026659,0.03884567700047045,3.1131559000156814,0.0,67015.16
2.4569037999899592,66981.07,3.35,0.5322736459982931,0.03920711399969878,3.125203799989959,0.0,67060.64
2.469111200014595,66992.42,3.35,0.5343944600025542,0.03925444399992702,3.137684536015033,0.0,67037.9
2.481527800002368,66981.07,3.35,0.5365673650004145,0.039253473000082896,3.1504736340024393,0.0,67015.16
2.4907091000059154,67117.57,3.35,0.5381740925010352,0.03957481850020705,3.1599303730060933,0.0,67015.16
2.5029165000014473,67072.03,3.35,0.5403103875002533,0.039739592499920394,3.1724748300014767,0.0,67015.16
2.5155858999933116,67083.41,3.35,0.5425275324988296,0.039042775500367846,3.1853976179931784,0.0,67037.9
2.526568800007226,67037.9,3.35,0.5443838520011923,0.03929266000054197,3.1963374240070817,0.0,67037.9
2.539666500000749,66958.35,3.35,0.5465449725001236,0.04027498750005616,3.2091731700007338,0.0,67037.9
2.5521040000021458,66947.01,3.35,0.5485971600003541,0.04005791999995708,3.2210593200020496,0.0,67037.9
2.5645826999971177,67072.03,3.35,0.5506103184995533,0.04008330799988472,3.232838997497334,0.0,67026.53
2.576755599991884,67049.26,3.35,0.5524971179987421,0.040570223999675366,3.244098929992493,0.0,67026.53
2.5891959000146016,67026.53,3.35,0.5544253645022633,0.04074597950007301,3.2554222895132146,0.0,67026.53
2.601382900000317,67026.53,3.35,0.5563143495000492,0.04080691450000159,3.2664653535002905,0.0,67003.79
2.613496200006921,66947.01,3.35,0.5581919110010728,0.0408674810000346,3.277549023006333,0.0,67003.79
2.625516800006153,66992.42,3.35,0.5600826880009845,0.041093088000215355,3.2886857920057837,0.0,67026.53
2.637341199995717,66969.71,3.35,0.5619745919993148,0.041506941999850104,3.299800727995974,0.0,67003.79
2.64904970000498,67060.64,3.35,0.5639384490008466,0.0415547514999751,3.31125920300493,0.0,67003.79
2.657526599999983,67003.79,3.35,0.5653795219999971,0.041512367000000085,3.3196513339999827,0.0,66992.42
2.6698476999881677,66969.71,3.35,0.5675233474979293,0.04164771549982252,3.3323908464876353,0.0,66981.07
2.682186499994714,67072.03,3.35,0.5697045024990222,0.04182186499994714,3.3453723524942647,0.0,66992.42
2.694551799999317,66935.65,3.35,0.5719920829998736,0.04194551799999317,3.358788702999259,0.0,66992.42
2.707036700012395,67026.53,3.35,0.574301789502293,0.041964816499938024,3.372370003013511,0.0,67003.79
2.719337699993048,66981.07,3.35,0.5765774744987139,0.04190331150003476,3.3857780929924224,0.0,66992.42
2.7315273999993224,66731.78,3.35,0.5787172949998814,0.042015273999993226,3.3984308589992986,0.0,66992.42
2.7440956000064034,66992.42,3.35,0.5808757740010566,0.042059043999935965,3.411090820006083,0.0,66992.42
2.7568317000113893,67026.53,3.35,0.5829772305018793,0.0419316829998861,3.42319011501082,0.0,66992.42
2.769257200008724,67003.79,3.35,0.5848885800013086,0.04245543200052343,3.434438908007764,0.0,67003.79
2.7810938000038727,66958.35,3.35,0.5866640700005809,0.04310546900001936,3.4449570750033884,0.0,67003.79
2.793151999998372,67117.57,3.35,0.5884727999997559,0.043165759999991865,3.4555079999985754,0.0,67003.79
2.805145099991933,66981.07,3.35,0.59027176499879,0.04330290199983866,3.4661563154926993,0.0,67003.79
2.8144796999986283,67026.53,3.35,0.5916719549997943,0.04348959399997256,3.4746041284987585,0.0,67003.79
2.826632799988147,67049.26,3.35,0.5935612479981035,0.043732655999762934,3.4857685039889765,0.0,66992.42
2.837912599992706,67003.79,3.35,0.595366015998833,0.04395825199985412,3.496258717993217,0.0,66992.42
2.850011200003791,66935.65,3.35,0.5973518480006255,0.043899887999962084,3.5078608080036586,0.0,66992.42
2.862458899995545,66992.42,3.35,0.5994180129992426,0.04388606149984406,3.519946605495567,0.0,66992.42
2.8746977999981027,66924.31,3.35,0.6014986259996775,0.04431442299993359,3.532124310998112,0.0,66992.42
2.8870610000158194,66992.42,3.35,0.6036709800028475,0.0445,3.5448493550166895,0.0,66969.71
2.9003873000037856,67003.79,3.35,0.6060716505007002,0.044496126999962145,3.5589299030042016,0.0,66947.01
2.911692399997264,66924.31,3.35,0.6081630939994939,0.04438307600002736,3.5714785639969633,0.0,66947.01
2.923918699991191,66890.27,3.35,0.6104445529983262,0.04437837399982381,3.585030163490266,0.0,66958.35
2.9361516000062693,66924.31,3.35,0.6127688040011912,0.04462303200012538,3.598547518006927,0.0,66958.35
2.948285999998916,66969.71,3.35,0.6149914799998049,0.04465857000000542,3.611541729998856,0.0,66958.35
2.960561999992933,66947.01,3.35,0.6171899199988693,0.044616859999788,3.6244423299931805,0.0,66958.35
2.972684100008337,66992.42,3.35,0.619129456001334,0.044980523000250114,3.6361401565080453,0.0,66947.01
2.981740399991395,66958.35,3.35,0.6205610599987093,0.045226105999870925,3.6447141479925143,0.0,66958.35
2.994653300003847,67026.53,3.35,0.622497995000577,0.04541979950005771,3.655948371003347,0.0,66958.35
3.0069293999986257,66901.62,3.35,0.6243047629998008,0.04560394099997939,3.666455342998839,0.0,66958.35
3.0191130000166595,66969.71,3.35,0.6260713850024157,0.0457866950002499,3.676750485014078,0.0,66958.35
3.0314881000085734,66890.27,3.35,0.627923215001286,0.0459723215001286,3.687609528007545,0.0,66958.35
3.043708899989724,66958.35,3.35,0.6297934239983558,0.04615563349984587,3.698586365990341,0.0,66947.01
3.056233899988001,66867.6,3.35,0.6317974239980803,0.04634350849982002,3.7103598659887216,0.0,66901.62
3.0683718000072986,66947.01,3.35,0.6337813470012043,0.046693013000255454,3.7221462230071896,0.0,66901.62
3.080782300006831,66958.35,3.35,0.6358369025011955,0.0471,3.734397946006968,0.0,66901.62
3.092774399992777,66890.27,3.35,0.637935519998736,0.0471,3.7466298879926327,0.0,66901.62
3.104013100004522,66867.6,3.35,0.6399022925007914,0.04714013100004523,3.7582137550047485,0.0,66947.01
3.1166541000129655,66901.62,3.35,0.642114467502269,0.047266541000129655,3.771486805013614,0.0,66947.01
3.1287381000001915,66822.29,3.35,0.6443165485000355,0.04721261899999809,3.784393457500206,0.0,66947.01
3.137688899994828,66958.35,3.35,0.6459724464990432,0.047123111000051725,3.7940155674944402,0.0,66947.01
3.1491927999886684,67060.64,3.35,0.6480547039979603,0.04700807200011332,3.806336295987875,0.0,66947.01
3.1613662999880034,67106.18,3.35,0.6502391024979006,0.04695465199952013,3.8193004574877034,0.0,66958.35
3.173672800010536,66947.01,3.35,0.6523927400018438,0.04744691200042144,3.8319146200107994,0.0,66958.35
3.1869290999893565,66947.01,3.35,0.6546433014982438,0.0477,3.845121226989676,0.0,66958.35
3.1993657000130047,66958.35,3.35,0.6566953405021458,0.0477,3.8571847290126144,0.0,66958.35
3.2117614000162575,67243.03,3.35,0.6587406310026825,0.04793522800032515,3.8689733300154447,0.0,66958.35
3.2240221000101887,66958.35,3.35,0.6607234255015793,0.04812011050005094,3.8805405530094754,0.0,66958.35
3.2362890999938827,66992.42,3.35,0.6626248104990519,0.04818144549996941,3.891948862994311,0.0,66958.35
3.248629000008805,66890.27,3.35,0.6645374950013648,0.0482,3.9031661000079247,0.0,66958.35
3.2604430000064895,66935.65,3.35,0.6663664500009735,0.04821329000019469,3.9137987000058407,0.0,66958.35
3.2725259000144433,66844.95,3.35,0.6681788850021665,0.0485757770004333,3.924673310012999,0.0,66958.35
3.2845323999936227,67083.41,3.35,0.6700251839989796,0.04891330999984057,3.9356831179939733,0.0,66935.65
3.2965703000081703,66958.35,3.35,0.6719512480013072,0.04921425750020426,3.947058933507721,0.0,66935.65
3.306081599992467,66878.94,3.35,0.6735338719987194,0.049452039999811674,3.9563511919925047,0.0,66935.65
3.3170530000061262,67026.53,3.35,0.6753990100010414,0.04972632500015315,3.9672677350060956,0.0,66935.65
3.329453799990006,66901.62,3.35,0.677601683998201,0.049563655000249854,3.979984682989656,0.0,66958.35
3.342526699998416,66890.27,3.35,0.6799421724997228,0.04937580099995248,3.9935404014983447,0.0,66981.07
3.354879599995911,67015.16,3.35,0.6821039299992845,0.04974638799987733,4.006449181995727,0.0,66981.07
3.3673168999957848,66981.07,3.35,0.6842804574992624,0.049863415500021074,4.019226653495721,0.0,66981.07
3.3796664999972568,66878.94,3.35,0.6864416374995199,0.04980166750001371,4.031761497497215,0.0,66981.07
3.3918446000025138,67003.79,3.35,0.6884543590004147,0.0499776690000377,4.043589262002438,0.0,66981.07
3.404241100011859,67003.79,3.35,0.6904785760018973,0.050248438500415056,4.055529045011266,0.0,66981.07
3.4152915000158828,67015.16,3.35,0.6922466400025412,0.05063520250055589,4.0660269250150884,0.0,66981.07
3.4282733000000007,66981.07,3.35,0.6943237280000001,0.050841366500000006,4.078442368,0.0,66981.07
3.4397610000160057,66935.65,3.35,0.6961617600025609,0.050898805000080025,4.089470560015365,0.0,66935.65
3.4519412000081497,66935.65,3.35,0.6982300040013855,0.05119853000020374,4.101402376007987,0.0,66969.71
3.4605612000159454,66720.49,3.35,0.6996954040027107,0.05139158199976082,4.109861200015946,0.0,66935.65
3.473145399999339,66992.42,3.35,0.7018347179998876,0.05120281900000992,4.1224453999993385,0.0,66935.65
3.485722200013697,66912.96,3.35,0.7039727740023285,0.051128611000068484,4.135050811013765,0.0,66935.65
3.4983637999976054,66935.65,3.35,0.7061218459995929,0.05119181899998803,4.147755618997594,0.0,66935.65
3.509602400008589,66969.71,3.35,0.7080324080014601,0.051584096000343554,4.1589063760085025,0.0,66935.65
3.521967200009385,66935.65,3.35,0.7101245880015484,0.052,4.171137692009244,0.0,66935.65
3.534333499992499,66935.65,3.35,0.7121650274987623,0.052,4.183318497492611,0.0,66935.65
3.546819500013953,66890.27,3.35,0.7142593150023719,0.05220458500041859,4.1956172075137435,0.0,66924.31
3.559204299992416,66890.27,3.35,0.7163647309987107,0.052576128999772466,4.207816235492529,0.0,66924.31
3.572009099996649,66924.31,3.35,0.7184815014994471,0.052359818000067025,4.220368917996716,0.0,66924.31
3.583194700011518,67015.16,3.35,0.7203271255019004,0.0523437615005183,4.2312669120110575,0.0,66924.31
3.595364900014829,66844.95,3.35,0.7223352085024467,0.05289142050066728,4.242950304014236,0.0,66924.31
3.607855200010818,66822.29,3.35,0.7243175560016767,0.05321782800016227,4.25470533601006,0.0,66890.27
3.616376799996942,66878.94,3.35,0.725638403999526,0.05334565199995413,4.262630423997155,0.0,66890.27
3.629032700002426,66947.01,3.35,0.7276452320003881,0.05335483649998787,4.274581065002304,0.0,66878.94
3.640621400001691,66981.07,3.35,0.7295056380002874,0.05332485600006762,4.285615186001674,0.0,66878.94
3.6528191000106744,66947.01,3.35,0.7315792470018146,0.05381276400042697,4.2976909090105675,0.0,66878.94
3.6650667999929283,66878.94,3.35,0.7336866899987624,0.05404933200007072,4.309942801992822,0.0,66878.94
3.6774978000030387,66833.61,3.35,0.7358621150005317,0.053925021999969625,4.322560267003084,0.0,66878.94
3.689802200009581,66641.45,3.34,0.7380153850016766,0.05424307700033533,4.335245277009916,0.0,66890.27
3.702261800004635,66890.27,3.35,0.7402071240008343,0.0546,4.348186199004889,0.0,66878.94
3.715372800012119,66981.07,3.35,0.7425671040021814,0.0546,4.362018304012786,0.0,66878.94
3.727731799997855,66777.02,3.35,0.7447530649996246,0.05440670500005362,4.375018389997748,0.0,66867.6
3.739560599991819,66833.61,3.35,0.7468231049985683,0.05411098500020454,4.38743862999141,0.0,66867.6
3.751738299994031,66901.62,3.35,0.7488955109989852,0.054804297999641864,4.399462225494121,0.0,66890.27
3.763271200004965,66686.6,3.34,0.7508070360007696,0.05526728799995035,4.410625860004593,0.0,66890.27
3.7757797999947798,66924.31,3.35,0.7527458689991908,0.05514220200005221,4.422196314995171,0.0,66867.6
3.7849486999912187,66867.6,3.35,0.7541670484986388,0.05532269149960484,4.430504342992185,0.0,66856.28
3.7962830000033136,66947.01,3.35,0.7559238650005136,0.05583273500014912,4.440591870002949,0.0,66856.28
3.8085126999940258,66947.01,3.35,0.7577343414991337,0.05591487300005975,4.451391175994742,0.0,66856.28
3.8207534000102896,66833.61,3.35,0.7595167770015948,0.05580376700005145,4.462185594009363,0.0,66833.61
3.8330723000108264,66822.29,3.35,0.761426206501678,0.05586536150005413,4.4733957930098525,0.0,66833.61
3.846208800008753,66856.28,3.35,0.7634934080014004,0.056086264000262585,4.485567316008272,0.0,66833.61
3.8578278000059067,66686.6,3.34,0.765352448000945,0.056434834000177195,4.496547271005581,0.0,66833.61
3.8698954000137746,66720.49,3.35,0.7673822180023417,0.0565,4.50824801501343,0.0,66833.61
3.8832204999926034,66810.96,3.35,0.7696474849987426,0.056596614999778104,4.521384909992455,0.0,66833.61
3.895515100011835,66788.32,3.35,0.7717375670020119,0.056965453000355035,4.533925402012072,0.0,66833.61
3.9075739000109024,66867.6,3.35,0.7738633020019624,0.05717573900010902,4.5465283340115565,0.0,66856.28
3.9195799000153784,66833.61,3.35,0.7760243820027681,0.05729579900015378,4.5592546940163015,0.0,66856.28
3.9315679999999698,66856.28,3.35,0.7782400799999944,0.05758919999999924,4.572309119999967,0.0,66867.6
3.939728900004411,67060.64,3.35,0.779749846500816,0.057793222500110264,4.581204501004808,0.0,66867.6
3.951935699995374,66890.27,3.35,0.782067782999121,0.057561286000092526,4.594509912994957,0.0,66878.94
3.9651182999950825,66901.62,3.35,0.7844957024991394,0.057323225500073766,4.608725397994787,0.0,66890.27
3.977632299996913,66901.62,3.35,0.7866856524994598,0.05713551550004631,4.6219902379967275,0.0,66890.27
3.9897686000040267,66935.65,3.35,0.7887118190006643,0.057393058000120796,4.633926699003886,0.0,66890.27
4.002191200008383,66833.61,3.35,0.7907286800012574,0.057743824000167664,4.645728256007377,0.0,66901.62
4.014593800005969,66878.94,3.35,0.7925890700008953,0.05799187600011937,4.656642544005252,0.0,66890.27
4.026791899988893,66912.96,3.35,0.794418784998334,0.05833771649961126,4.667274993490393,0.0,66890.27
4.039050999999745,66856.28,3.35,0.7962576499999617,0.058766784999991065,4.677879114999779,0.0,66878.94
4.051385900005698,66833.61,3.35,0.7981078850008547,0.05874307049997151,4.6887765215050425,0.0,66856.28
4.063329199998407,66981.07,3.35,0.799916025999753,0.058783229999960156,4.699462863998534,0.0,66856.28
4.075322299991967,66822.29,3.35,0.8017749564987549,0.059083057499799176,4.7104965159926095,0.0,66878.94
4.0872958000109065,66890.27,3.35,0.8037038070017996,0.0592,4.721767489010416,0.0,66890.27
4.098985599994194,66799.65,3.35,0.8056326239990419,0.0592,4.732931247994455,0.0,66856.28
4.108359600009862,66743.1,3.35,0.8072211320016766,0.05949258600034517,4.742343196009961,0.0,66833.61
4.120702699990943,66890.27,3.35,0.8093264859983698,0.0599,4.754844861990399,0.0,66822.29
4.13205640000524,66958.35,3.35,0.8113701520009431,0.0599,4.766879784005554,0.0,66810.96
4.144312299991725,66935.65,3.35,0.813597775498469,0.05996468449987587,4.78000040699098,0.0,66810.96
4.157685200014385,66810.96,3.35,0.8160717620026613,0.060165278000215774,4.79457686801568,0.0,66799.65
4.168991799990181,66777.02,3.35,0.8181634829981834,0.0601550410000491,4.806856102989347,0.0,66810.96
4.181276699993759,66765.71,3.35,0.8204234224989079,0.06011915049990638,4.820102233993635,0.0,66810.96
4.193486400006805,66754.39,3.35,0.8225601200011907,0.06030229600010207,4.8325561280069405,0.0,66777.02
4.206887400010601,66810.96,3.35,0.8248019840016961,0.06053774800021201,4.845674156009965,0.0,66777.02
4.218969900015509,66697.89,3.35,0.8267351840024814,0.06077939800031018,4.8570317060145785,0.0,66777.02
4.230680500011658,66856.28,3.35,0.8285020750017487,0.06112041500034975,4.867559047510434,0.0,66777.02
4.242540400009602,66641.45,3.34,0.8302810600014403,0.06138729799995199,4.8781609560085455,0.0,66777.02
4.254649999988033,66777.02,3.35,0.832097499998205,0.06132675000005983,4.88893849998935,0.0,66777.02
4.26325389998965,66731.78,3.35,0.8334043544983957,0.06144642549953424,4.896612240490737,0.0,66777.02
4.276533399999607,66856.28,3.35,0.835462676999939,0.06204400299998232,4.9084973929996485,0.0,66777.02
4.288621799991233,66822.29,3.35,0.8373363789986411,0.062113782000087665,4.9194889469919785,0.0,66777.02
4.300030300015351,66777.02,3.35,0.8391048480024561,0.06200121200061404,4.929929239514814,0.0,66777.02
4.312682299991138,66517.5,3.34,0.8411291679985822,0.06250729199964553,4.942138419491449,0.0,66777.02
4.324690200010082,66799.65,3.35,0.8431207850017644,0.06270619599979836,4.954007455010334,0.0,66788.32
4.3379590999975335,66788.32,3.35,0.8454428424995684,0.062440818000049324,4.967608077497472,0.0,66788.32
4.350169899989851,66743.1,3.35,0.8476814314981224,0.06265424749974627,4.980530943489191,0.0,66777.02
4.362567300006049,66765.71,3.35,0.8499621140010888,0.0629,4.993721338006411,0.0,66765.71
4.3738090000115335,66788.32,3.35,0.851985620002076,0.0629,5.005637540012225,0.0,66765.71
4.386591299989959,66788.32,3.35,0.8542534774982429,0.06299886949984938,5.018989038989658,0.0,66788.32
4.39895269999397,66731.78,3.35,0.8564167224989447,0.06318429049990955,5.031721280993788,0.0,66788.32
4.41049040001235,66686.6,3.34,0.8583309160020377,0.06356716400043223,5.043080592012102,0.0,66788.32
4.418882600002689,66697.89,3.35,0.8597156290004437,0.06386089100009412,5.0513049480026355,0.0,66788.32
4.431288499996299,66799.65,3.35,0.8617061599994078,0.06395644249998149,5.063124074996484,0.0,66788.32
4.443835400015814,66788.32,3.35,0.8637328410026093,0.06405753100023721,5.075062807015102,0.0,66731.78
4.455820700008189,66788.32,3.35,0.8657104155013512,0.06423731050012284,5.08650876850782,0.0,66720.49
4.4680749000108335,66810.96,3.35,0.8677323585017875,0.06446149800021667,5.098373027510562,0.0,66697.89
4.480401500011794,66720.49,3.35,0.869766247501946,0.06468795499964618,5.110387447511381,0.0,66697.89
4.492631800007075,66540.01,3.34,0.8717842470011674,0.06432104599978775,5.122189687006827,0.0,66697.89
4.504873400001088,66675.31,3.34,0.8737797440001741,0.06444113800007617,5.1338809960010225,0.0,66675.31
4.517078800010495,66630.16,3.34,0.8757326080016791,0.06529551600073462,5.145354072009865,0.0,66664.03
4.529622000001837,66697.89,3.35,0.8777395200002938,0.06521133999994491,5.157289010001754,0.0,66664.03
4.54173389999778,66618.89,3.34,0.8796947629996226,0.0649953644998779,5.16893389999778,0.0,66664.03
4.553724199999124,66641.45,3.34,0.881733113999851,0.06565483099995179,5.180924199999123,0.0,66664.03
4.566097200004151,66664.03,3.34,0.8838670100007264,0.06581708399987549,5.193480116004275,0.0,66675.31
4.578571799997008,66664.03,3.34,0.8860500649994765,0.06544284600008975,5.206328953996918,0.0,66664.03
4.587102599994978,66697.89,3.35,0.8875074419991462,0.06554205199989956,5.2149736259949275,0.0,66686.6
4.599291699996684,66754.39,3.35,0.8895795889994362,0.06578583399993367,5.22728461699665,0.0,66664.03
4.611966399999801,66697.89,3.35,0.8916744559999672,0.0658,5.239607407999807,0.0,66664.03
4.623671500012279,66697.89,3.35,0.8935874400019646,0.06594686000049113,5.25083285251148,0.0,66664.03
4.635979300015606,66630.16,3.34,0.8955566880024969,0.06643917200062423,5.262340645514591,0.0,66686.6
4.648125300009269,66686.6,3.34,0.897500048001483,0.06672187950013904,5.273737782008713,0.0,66686.6
4.6603580999944825,66573.79,3.34,0.8994590864990896,0.0669,5.28524914749462,0.0,66686.6
4.67275040000095,66630.16,3.34,0.9015038160001567,0.0669,5.297331640000927,0.0,66641.45
4.6850663000077475,66517.5,3.34,0.903561271001317,0.06695066300007747,5.309491631507786,0.0,66630.16
4.697358800010989,66788.32,3.35,0.9056509960018682,0.0670735880001099,5.321845594011044,0.0,66630.16
4.709590100013884,66585.07,3.34,0.9077782675024296,0.06738770300041652,5.334233951514092,0.0,66641.45
4.722317800013116,66856.28,3.35,0.9100056150022953,0.06767682199986884,5.347152567013313,0.0,66641.45
4.734317299997201,66641.45,3.34,0.9121055274995102,0.06755682700002799,5.359332059497159,0.0,66652.72
4.743345399998361,66630.16,3.34,0.9136687179997214,0.06766726999991805,5.368462126998353,0.0,66652.72
4.75579279998783,66697.89,3.35,0.9157847759979312,0.06828963999939153,5.38097176398777,0.0,66652.72
4.768113900005119,66697.89,3.35,0.9178387935008446,0.06825658299984644,5.393151622005017,0.0,66641.45
4.779369099996984,66675.31,3.34,0.9196959014995023,0.06791892700009049,5.4041817179970435,0.0,66641.45
4.791804400010733,66652.72,3.34,0.9217477260017709,0.06860826400064397,5.416191246010357,0.0,66641.45
4.803938700002618,66641.45,3.34,0.923730192000419,0.06894245199989527,5.427822071502474,0.0,66641.45
4.816408000013325,66641.45,3.34,0.9257252800021321,0.06844367999946699,5.439605560012592,0.0,66641.45
4.828934599994682,66607.62,3.34,0.9276848629991756,0.0687914029997075,5.451219831995107,0.0,66641.45
4.841475699999137,66585.07,3.34,0.929636111999862,0.0694,5.462765022499202,0.0,66618.89
4.853959000000032,66596.34,3.34,0.931633440000005,0.0694,5.474312075000029,0.0,66607.62
4.8663038999948185,66483.75,3.34,0.9336086239991709,0.06958911699984455,5.4858887049950775,0.0,66607.62
4.878197799989721,66528.76,3.34,0.9355116479983553,0.06994593399969164,5.4971879099902345,0.0,66607.62
4.890095900016604,66641.45,3.34,0.9374658235027397,0.07,5.508793982016272,0.0,66596.34
4.9022305000107735,66618.89,3.34,0.9394903375018854,0.07,5.520763957510935,0.0,66596.34
4.91050830000313,66506.25,3.34,0.9409389525005477,0.07,5.529165924503177,0.0,66618.89
4.922669499996118,66641.45,3.34,0.9430671624993207,0.0700133474999806,5.541589627495944,0.0,66618.89
4.935143200011225,66754.39,3.35,0.9452500600019644,0.07007571600005612,5.554624644011731,0.0,66618.89
4.94824980001431,66596.34,3.34,0.9476262130026473,0.07022374700021464,5.568568535015383,0.0,66618.89
4.960586100001819,66652.72,3.34,0.9499054980003275,0.07041465250004549,5.581830057501956,0.0,66596.34
4.971781400003238,66810.96,3.35,0.9519206520005827,0.07069453500008094,5.5938650050034795,0.0,66596.34
4.984204300009878,66573.79,3.34,0.9541357525017287,0.07115225800059269,5.606925321509927,0.0,66596.34
4.997387000010349,66573.79,3.34,0.956442725001811,0.07194322000062092,5.6201739350104,0.0,66596.34
5.009870400012005,66562.53,3.34,0.9584299120018607,0.07160647999939976,5.632028824011225,0.0,66573.79
5.021903399989242,66517.5,3.34,0.9602950269983324,0.07120468699940827,5.643222576990263,0.0,66573.79
5.03380860001198,66641.45,3.34,0.9621403330018569,0.0718594730006589,5.653996783010842,0.0,66573.79
5.045995099993888,66562.53,3.34,0.9639992649990832,0.07193022050027503,5.66493563899456,0.0,66573.79
5.057833400001982,66607.62,3.34,0.9657750100002972,0.07139749699991083,5.6754717260017635,0.0,66585.07
5.067073300015181,66562.53,3.34,0.9671609950022771,0.07158293200060724,5.683659870513435,0.0,66585.07
5.0793535000120755,66607.62,3.34,0.9690030250018112,0.07207414000048301,5.694527847510686,0.0,66585.07
5.091806300013559,66720.49,3.35,0.9709299765021016,0.07198193699986441,5.70578470151227,0.0,66585.07
5.102822499989998,66585.07,3.34,0.9726657124983495,0.07198467499969992,5.715881374990497,0.0,66585.07
5.115066700003808,66585.07,3.34,0.9746860055006283,0.07235200100011424,5.727513365003618,0.0,66585.07
5.128464700013865,66630.16,3.34,0.9768966755022876,0.07296555850076254,5.740580053013725,0.0,66573.79
5.140861599997152,66506.25,3.34,0.9789550879994872,0.07361292399995727,5.752908987996994,0.0,66573.79
5.153095799993025,66461.25,3.34,0.9811572439987445,0.07379643699989537,5.765816068992641,0.0,66517.5
5.164298199990299,66517.5,3.34,0.9832166579981567,0.0739,5.777956965989038,0.0,66517.5
5.177604800002882,66573.79,3.34,0.9857449120005475,0.0739,5.792993424003257,0.0,66506.25
5.1887905999901704,66506.25,3.34,0.9879141669980831,0.07403185899985255,5.805589424988941,0.0,66506.25
5.201044899993576,66494.99,3.34,0.9902880819988437,0.07415297950028908,5.819307593993191,0.0,66506.25
5.213547299994389,66393.85,3.34,0.99253851399899,0.07359037150025251,5.832560137994053,0.0,66506.25
5.225567699992098,66641.45,3.34,0.9945908319987357,0.07346703099976294,5.844605799492612,0.0,66506.25
5.234021500014933,66461.25,3.34,0.9959434400023892,0.07372064500044798,5.852510102513962,0.0,66494.99
5.246637400006875,66551.26,3.34,0.9978624230009969,0.07396637400006875,5.863940912006051,0.0,66461.25
5.258575000014389,66517.5,3.34,0.9995933750020864,0.07408575000014389,5.874446000012663,0.0,66461.25
5.27070019999519,66461.25,3.34,1.0014585309992543,0.07490251499963924,5.885223177995719,0.0,66461.25
5.28328989999136,66450.01,3.34,1.0034099344986607,0.0755671010000864,5.896526707992051,0.0,66461.25
5.295371299987892,66450.01,3.34,1.0052825514981232,0.07544628700012108,5.907641595988861,0.0,66461.25
5.308047800004715,66461.25,3.34,1.0072876480007544,0.07548047800004715,5.9195454100044795,0.0,66461.25
5.320358600001782,66438.78,3.34,1.009260962000303,0.07561255100006237,5.931260393001791,0.0,66461.25
5.333273700001882,66641.45,3.34,1.01145652900032,0.07606457950006588,5.944240068501892,0.0,66450.01
5.345380499988096,66506.25,3.34,1.0135684899978572,0.07611168250041665,5.95662262248756,0.0,66450.01
5.35669849999249,66427.55,3.34,1.015605729998648,0.07571555250026286,5.968449932492152,0.0,66461.25
5.368930199998431,66472.5,3.34,1.0178074359997176,0.0756893019999843,5.981366011998337,0.0,66472.5
5.381435099989176,66416.31,3.34,1.0200511424981058,0.07586457949951292,5.994592503988743,0.0,66472.5
5.390655700000934,66337.75,3.34,1.0216647475001635,0.07627950650004205,6.004181928000971,0.0,66472.5
5.401853299990762,66528.76,3.34,1.0236243274983834,0.07674633249976905,6.0157903659905765,0.0,66472.5
5.415221600007499,66483.75,3.34,1.0259637800013122,0.07708054000018746,6.029426032007648,0.0,66472.5
5.427448000002187,66483.75,3.34,1.0280661600003718,0.07757240000010934,6.041636280002154,0.0,66472.5
5.439726400014479,66472.5,3.34,1.0301534880024614,0.07818632000072392,6.053730504014261,0.0,66416.31
5.452077699999791,66393.85,3.34,1.0321324319999665,0.07783766900000628,6.065473814999802,0.0,66416.31
5.464401100005489,66551.26,3.34,1.0340601650008234,0.07773203300016467,6.07696099000494,0.0,66416.31
5.47566180001013,66405.09,3.34,1.0357492700015194,0.07806985400030389,6.087095620009117,0.0,66405.09
5.487855999992462,66416.31,3.34,1.0376176799988315,0.0781607200000377,6.097952559993328,0.0,66393.85
5.500061099999584,66393.85,3.34,1.0395094704999357,0.07810122199999169,6.10875590649962,0.0,66393.85
5.512600000016391,66382.63,3.34,1.0414530000025406,0.07835200000032783,6.120229000014998,0.0,66393.85
5.524862599995686,66371.39,3.34,1.0433780159993096,0.07847568700002157,6.131643782995879,0.0,66393.85
5.536953500006348,66337.75,3.34,1.0453125600010158,0.07841523249996826,6.143190592506062,0.0,66393.85
5.54566750000231,66270.52,3.34,1.0467634750003927,0.07857002500006928,6.151682487502274,0.0,66382.63
5.558332100015832,66427.55,3.34,1.0489164570026912,0.07894996300047495,6.164157118515594,0.0,66382.63
5.5697338999889325,66393.85,3.34,1.0508547629981184,0.07909733899988933,6.175679908488766,0.0,66382.63
5.582040800014511,66540.01,3.34,1.052967344002612,0.07926122400043532,6.188222432015091,1.0204000072553164e-05,66371.39
5.594273099995917,66382.63,3.34,1.055169157999265,0.07962819299987749,6.200944023995753,7.136549997958155e-05,66360.18
5.606627900007879,66360.18,3.34,1.0573598825013788,0.07986627900007878,6.213793016008194,0.0001,66371.39
5.618904400005704,66337.75,3.34,1.0595082700009981,0.07998904400005703,6.226560576005931,0.0001,66371.39
5.632227199996123,66393.85,3.34,1.0617786239993408,0.08012227199996122,6.239804927996161,0.0001,66360.18
5.644445599988103,66337.75,3.34,1.0638335239980368,0.08026668399982154,6.2518344599884,0.0001,66337.75
5.655779499997152,66326.54,3.34,1.06570361749953,0.08043669249995727,6.2628850124972235,0.0001,66337.75
5.667828900011955,66371.39,3.34,1.0677309130020323,0.08061743350017932,6.274789755511895,0.0001,66337.75
5.680089300003601,66304.13,3.34,1.0698151810006122,0.080799553499982,6.286991086003673,0.0001,66337.75
5.692436200013617,66337.75,3.34,1.071914154002315,0.08073781899993192,6.299584924013889,0.0001,66337.75
5.70454159998917,66337.75,3.34,1.0739947799981047,0.08083624799967509,6.311909723989007,0.0001,66337.75
5.713117200008128,66326.54,3.34,1.0754955100014223,0.08109351600024384,6.32061395800825,0.0001,66337.75
5.726249200000893,66461.25,3.34,1.077762364000152,0.08136249200000893,6.333849200000894,0.0001,66337.75
5.738812199997483,66326.54,3.34,1.079898073999572,0.08148812199997484,6.3464121999974825,0.0001,66326.54
5.750099199998658,66450.01,3.34,1.0817663679997787,0.08190396799994633,6.357547711998678,0.0001,66326.54
5.762483500002418,66506.25,3.34,1.083809777500399,0.08232483500002417,6.3697089950023456,0.0001,66326.54
5.775502100004815,66248.13,3.34,1.0859578465007944,0.08245502100004815,6.38233703700467,0.0001,66304.13
5.787790200003656,66259.32,3.34,1.0879853830006032,0.08253895100001828,6.3943343960035826,0.0001,66292.92
5.800286799989408,66304.13,3.34,1.0900487559981995,0.08260286799989408,6.406582497989567,0.0001,66292.92
5.812711000005947,66091.67,3.33,1.092160870001011,0.08272711000005947,6.418820335005858,0.0001,66281.72
5.824821499991231,66192.2,3.34,1.094195547498553,0.08284821499991231,6.430652747491537,0.0001,66281.72
5.8358227999997325,66292.92,3.34,1.096010761999956,0.08295822799999733,6.441269001999742,0.0001,66281.72
5.84812109998893,66292.92,3.34,1.0979587704982843,0.08316242199977861,6.452852622989704,0.0001,66281.72
5.860380900005112,66281.72,3.34,1.0998590395007926,0.0834095225001278,6.464242810004601,0.0001,66281.72
5.872713099990506,66203.37,3.34,1.1017705304985284,0.08371782749976264,6.475341789991456,0.0001,66281.72
5.88152289998834,66405.09,3.34,1.1031360494981928,0.0839076144999417,6.483301067989274,0.0001,66281.72
5.894544300012058,66326.54,3.34,1.105154366501869,0.08397272150006029,6.495280756011093,0.0001,66281.72
5.906884299998637,66281.72,3.34,1.1071359094997753,0.08430979349993867,6.506874506498699,0.0001,66281.72
5.918996399996104,66281.72,3.34,1.109134405999357,0.08485483799982467,6.518441561996279,0.0001,66281.72
5.930741499993019,66147.49,3.34,1.1111260549988131,0.08463146250017453,6.530248914992949,0.0001,66203.37
5.942721400002483,66405.09,3.34,1.113189852000447,0.08449524900008691,6.542457470002607,0.0001,66236.92
5.955779500014614,66192.2,3.34,1.1155403100026307,0.0849522825005115,6.556168475015345,0.0001,66192.2
5.968215900007635,66125.15,3.34,1.1177377825013362,0.08522323850011453,6.569185615507979,0.0001,66147.49
5.980651699996088,66147.49,3.34,1.1199140474993152,0.08540977549994132,6.5821679924959895,0.0001,66147.49
5.99237200000789,66091.67,3.33,1.1219651000013806,0.08558558000011834,6.5941813000080876,0.0001,66147.49
6.004294999991544,66236.92,3.34,1.1240301499985623,0.08572147499995772,6.606316474991502,0.0001,66136.32
6.016348700009985,66102.82,3.34,1.1260792790016974,0.08578174350004993,6.618430443510034,0.0001,66125.15
6.028354400012177,66080.5,3.33,1.1280784760020093,0.08592531600018266,6.63012022401169,0.0001,66102.82
6.037493700016057,66203.37,3.34,1.1295864605026493,0.08606240550024086,6.638893952015415,0.0001,66102.82
6.050151600007666,66136.32,3.34,1.1315734980011882,0.08630303200015331,6.650537956006977,0.0001,66102.82
6.062391499988735,65913.46,3.33,1.133470682498254,0.08652391499988733,6.661676264989748,0.0001,66102.82
6.074721799988765,66047.05,3.33,1.1353818789982586,0.08664721799988764,6.672896837989776,0.0001,66091.67
6.0858195000037085,66091.67,3.33,1.1371020225005748,0.08675819500003708,6.683053940003411,0.0001,66080.5
6.0992511000076775,66102.82,3.34,1.13918392050119,0.08689251100007678,6.695411012007063,0.0001,66047.05
6.111519500002032,66102.82,3.34,1.141143120000325,0.08701519500002032,6.70698592750192,0.0001,66013.62
6.122728199989069,66013.62,3.33,1.1429637939981419,0.0871,6.717687276989233,0.0001,65935.71
6.136012200004188,65935.71,3.33,1.145222074000712,0.0871,6.730772017004125,0.0001,65935.71
6.148350500006927,65846.79,3.33,1.1473195850011775,0.08730876250017316,6.7432592625071,0.0001,65935.71
6.160486300010234,65891.23,3.33,1.1493899655018933,0.08761702050035819,6.755722772511001,0.0001,65913.46
6.172312700015027,65846.79,3.33,1.15157784950278,0.08803094450052594,6.768436152516154,0.0001,65913.46
6.184205400000792,65913.46,3.33,1.1537990260001505,0.08840513500001979,6.781452102000895,0.0001,65913.46
6.192372099991189,65935.71,3.33,1.155350698998326,0.08860930249977973,6.790680472990044,0.0001,65913.46
6.204729299992323,65913.46,3.33,1.1576985669985413,0.0888,6.804478583491593,0.0001,65891.23
6.217793299991172,65913.46,3.33,1.1601807269983229,0.0888,6.818783663490334,0.0001,65891.23
6.230189599998994,65835.7,3.33,1.162281283999834,0.08864715600001509,6.831185807999014,0.0001,65846.79
6.2443042999948375,66058.19,3.33,1.1645671664991997,0.08867217199979349,6.844673869995353,0.0001,65835.7
6.2537911999970675,65746.96,3.33,1.1660376359995455,0.0890516479998827,6.853212079997361,0.0001,65824.59
6.266105899994727,65802.39,3.33,1.1678853554992354,0.08939158849992092,6.864142662495386,0.0001,65824.59
6.278411000006599,65824.59,3.33,1.1696695950009568,0.08957616500009899,6.874909625005774,0.0001,65802.39
6.290982100006659,65791.31,3.33,1.1715473150009987,0.08976473150009988,6.8857995165057595,0.0001,65802.39
6.303010000003269,65791.31,3.33,1.1733515000004904,0.08994515000004903,6.896263850002893,0.0001,65791.31
6.3154051000019535,65769.13,3.33,1.175210765000293,0.0901310765000293,6.907233513501729,0.0001,65791.31
6.327539599995362,65891.23,3.33,1.177068637999281,0.09046388599983765,6.918311827995686,0.0001,65791.31
6.339889399998356,65780.22,3.33,1.1789828569997451,0.09089612899994244,6.9297971419984705,0.0001,65791.31
6.351631300000008,65869.0,3.33,1.1809773210000014,0.09072553049999987,6.941240517500008,0.0001,65791.31
6.360155000002123,65791.31,3.33,1.182426350000361,0.09060697500009554,6.949558875002176,0.0001,65780.22
6.372578900016379,65791.31,3.33,1.1845384130027843,0.09116605050073703,6.962293372516788,0.0001,65780.22
6.384856399992714,65758.05,3.33,1.186698433998652,0.0914271540001093,6.975047783992276,0.0001,65780.22
6.397091399994679,65780.22,3.33,1.1889619089990155,0.09124362900007983,6.9880168839943595,0.0001,65780.22
6.40965220000362,65758.05,3.33,1.1912856570006698,0.091682610000181,7.001620898003946,0.0001,65769.13
6.421777899988229,65769.13,3.33,1.1935200219978814,0.09219111050005886,7.014802352987406,0.0001,65769.13
6.434209300001385,65791.31,3.33,1.1957576740002493,0.09212895349999307,7.028103951001482,0.0001,65758.05
6.446373000013409,65735.89,3.33,1.1979152750023465,0.0921,7.04076859501361,0.0001,65758.05
6.459617299988167,65724.8,3.33,1.2002330274979292,0.0921,7.05421155948799,0.0001,65758.05
6.471604599995771,65746.96,3.33,1.2021567359993233,0.09239011499989429,7.065798438995919,0.0001,65758.05
6.483750799990958,65980.21,3.33,1.2040813739985983,0.0926,7.077331981991726,0.0001,65769.13
6.495644000009634,65558.96,3.33,1.2059248200014931,0.0926,7.088214260008815,0.0001,65746.96
6.507646500016563,65702.67,3.33,1.207785207502567,0.09305879000099375,7.099081850014906,0.0001,65735.89
6.516172200004803,65769.13,3.33,1.2091066910007444,0.09357033200028815,7.106754980004323,0.0001,65724.8
6.529196999996202,65769.13,3.33,1.2111255349994112,0.09398393999992403,7.118569269996543,0.0001,65702.67
6.540360400016653,65769.13,3.33,1.2128576640026647,0.09419279199966694,7.128738776015654,0.0001,65702.67
6.553026600013254,65592.07,3.33,1.2148842560021207,0.09393946799973492,7.140645004012459,0.0001,65702.67
6.565317400003551,65691.59,3.33,1.2168773710005858,0.0940658700001775,7.152411052003479,0.0001,65702.67
6.577932299987879,65669.46,3.33,1.218958829498,0.09469661499939393,7.164773653988121,0.0001,65691.59
6.589694099995541,65702.67,3.33,1.2209964674992198,0.09416988350028983,7.176784922995408,0.0001,65669.46
6.601968300004955,65592.07,3.33,1.223154294000892,0.09367714700044594,7.189476556505228,0.0001,65669.46
6.614150300010806,65713.74,3.33,1.225347054001945,0.09477352700097251,7.2023285665114,0.0001,65669.46
6.626493999996455,65647.34,3.33,1.2275364499993795,0.09494283000019496,7.215221289996331,0.0001,65669.46
6.639588499994716,65658.4,3.33,1.2298279874990752,0.09422263250029067,7.228774097494529,0.0001,65669.46
6.651368699996965,65658.4,3.33,1.231832678999484,0.095166339499742,7.24051185649698,0.0001,65680.53
6.66301350001595,65769.13,3.33,1.2337972275026317,0.09591506750007975,7.252008027515392,0.0001,65669.46
6.6714183000149205,65669.46,3.33,1.2351840195024617,0.0959570915000746,7.260118659514398,0.0001,65680.53
6.683745399990585,65680.53,3.33,1.2371992639984934,0.09594381900014123,7.2719394029911015,0.0001,65669.46
6.696047900011763,65702.67,3.33,1.239167664001882,0.09575928149982356,7.283565265511116,0.0001,65680.53
6.708350000000792,65791.31,3.33,1.2411360000001268,0.09607575000003563,7.295190750000748,0.0001,65702.67
6.7208924000151455,65647.34,3.33,1.2431427840024234,0.09655984199931844,7.307043318014312,0.0001,65702.67
6.733199999987846,65724.8,3.33,1.2451119999980553,0.09600600000054692,7.318673999988515,0.0001,65702.67
6.745324899995467,65614.17,3.33,1.2470519839992746,0.09588637149984132,7.330052156995784,0.0001,65702.67
6.757734200014966,65702.67,3.33,1.2490374720023947,0.0963206970005238,7.341592806013918,0.0001,65702.67
6.770263000013074,65702.67,3.33,1.2510420800020918,0.0970670950008498,7.35334722001229,0.0001,65680.53
6.7830608999938695,65569.99,3.33,1.2531050484989883,0.0976693910000613,7.365514986493961,0.0001,65647.34
6.795348599989666,65746.96,3.33,1.255132518998295,0.09754651400010335,7.377618370989821,0.0001,65680.53
6.806549300003098,65680.53,3.33,1.2570461275005422,0.09815493000030984,7.38888028600316,0.0001,65625.24
6.81899150001118,65614.17,3.33,1.2592235125019564,0.09939915000111794,7.401571330011403,0.0001,65625.24
6.831086799997138,65614.17,3.33,1.2613401899994992,0.09855762200024329,7.413853101997095,0.0001,65614.17
6.839964599988889,65625.24,3.33,1.2628938049980556,0.09780300900094442,7.422864068988723,0.0001,65614.17
6.851841800002148,65957.94,3.33,1.264913106000365,0.09862892600015037,7.434801009002159,0.0001,65614.17
6.864053299999796,65614.17,3.33,1.2669485279999673,0.09893653550001329,7.446911434499802,0.0001,65614.17
6.877384599996731,65569.99,3.33,1.269081535999477,0.0980700010002125,7.459776138996845,0.0001,65614.17
6.889847400016151,65614.17,3.33,1.2711248210026649,0.09819542200048453,7.471802741015586,0.0001,65592.07
6.900937900005374,65503.79,3.32,1.2729594430009135,0.09852813700016122,7.48252852100532,0.0001,65569.99
6.914176899997983,65525.85,3.33,1.2752100729996572,0.09892530699993948,7.495635130998004,0.0001,65569.99
6.926545299997088,65558.96,3.33,1.277312700999505,0.09923090599994175,7.507912573497102,0.0001,65558.96
6.938750100001926,65547.92,3.33,1.2793875170003273,0.0994750020000385,7.520056349501916,0.0001,65558.96
6.949921899999026,65592.07,3.33,1.2812867229998344,0.10034336149991721,7.531321118999016,0.0001,65558.96
6.962992499989923,65558.96,3.33,1.2835236874982365,0.1010952625003527,7.544537387489772,0.0001,65558.96
6.974938900006237,65625.24,3.33,1.2856143075010915,0.1006771384997817,7.556662983506331,0.0001,65558.96
6.986874099995475,65558.96,3.33,1.2876685969992308,0.10053437049997738,7.568674099995475,0.0001,65569.99
6.996294899989152,65514.81,3.33,1.289270132998156,0.10058147449994576,7.578094899989153,0.0001,65569.99
7.008412600000156,65636.28,3.33,1.2912880790000256,0.10106269300000857,7.590086411000153,0.0001,65569.99
7.020586099999491,65625.24,3.33,1.293296706499916,0.10167069500002547,7.602065586499508,0.0001,65569.99
7.0320426000107545,65658.4,3.33,1.2951870290017744,0.10109786999946228,7.613121109010378,0.0001,65569.99
7.044450199988205,65569.99,3.33,1.2972342829980539,0.10112276899887945,7.625072191988677,0.0001,65558.96
7.056523700011894,65558.96,3.33,1.2992264105019624,0.1022697515011299,7.636662752011418,0.0001,65558.96
7.069745000015246,65569.99,3.33,1.3013592000024392,0.10191784999893282,7.6492090250144065,0.0001,65558.96
7.082168799999636,65481.74,3.32,1.3033361639999435,0.10134097199997631,7.660906139999663,0.0001,65525.85
7.094426399999065,65503.79,3.32,1.3052360919998551,0.10213771599993922,7.672244419999135,0.0001,65525.85
7.1065421999956015,65525.85,3.33,1.3071140409993183,0.10246728900002199,7.683353401995997,0.0001,65525.85
7.117908100015484,65481.74,3.32,1.3088757555024,0.10241045949992258,7.69369637101409,0.0001,65525.85
7.1299915999989025,65514.81,3.33,1.3107486979998297,0.10269974799996706,7.70479227199899,0.0001,65525.85
7.142258800013224,65481.74,3.32,1.3126727020021818,0.10307905800046281,7.716168448012694,0.0001,65514.81
7.150770600012038,65569.99,3.33,1.3140771490019862,0.10337697100042131,7.724339776011556,0.0001,65525.85
7.163077000004705,65569.99,3.33,1.3161384750008234,0.10366922999995296,7.736353925004822,0.0001,65525.85
7.175344099989161,65525.85,3.33,1.318285217498103,0.1035465590001084,7.748927702488889,0.0001,65514.81
7.188010400015628,65558.96,3.33,1.320581924002891,0.10374031200046882,7.762511440017191,0.0001,65525.85
7.200393400009489,65492.76,3.32,1.3228747460018029,0.1041,7.776140608010627,0.0001,65525.85
7.2131807999976445,65603.13,3.33,1.3253043519995524,0.1041,7.790462495997362,0.0001,65525.85
7.2256863999937195,65349.67,3.32,1.3276235519988695,0.1041284319999686,7.804042287993437,0.0001,65503.79
7.23790320000262,65503.79,3.32,1.3298225760004718,0.10418951600001311,7.816808844002739,0.0001,65492.76
7.2501645000011194,65536.88,3.33,1.3318263200001792,0.10475904750006157,7.828656275001063,0.0001,65492.76
7.262433800002327,65481.74,3.32,1.333765070000349,0.10523915499994184,7.840153913002059,0.0001,65492.76
7.273518100002548,65360.65,3.32,1.3354277150003822,0.10496204749993632,7.849963518502254,0.0001,65503.79
7.286120700009633,65360.65,3.32,1.3373181050014449,0.10544267350101144,7.861116819508525,0.0001,65503.79
7.29839670000365,65492.76,3.32,1.3391595050005474,0.10673165350038326,7.871981079503231,0.0001,65514.81
7.306297800008906,65514.81,3.33,1.3404076480014249,0.10664808799964375,7.879225465008238,0.0001,65514.81
7.3186596000159625,65514.81,3.33,1.342385536002554,0.10615361599936148,7.890660130014766,0.0001,65492.76
7.330892600002699,65603.13,3.33,1.3443428160004318,0.10620892600002699,7.9023568960025905,0.0001,65492.76
7.344316300004721,65525.85,3.33,1.3465121895007788,0.10642948900014161,7.915265229504555,0.0001,65492.76
7.355458900012309,65569.99,3.33,1.348350718502031,0.10676376700036924,7.926017838511878,0.0001,65492.76
7.367872500006342,65404.66,3.32,1.3503989625010464,0.10686063749996828,7.938075687506184,0.0001,65492.76
7.381161500001326,65426.67,3.32,1.3526032625002322,0.1068348450000398,7.951084730001353,0.0001,65448.69
7.393348799989326,65492.76,3.32,1.3547360399981323,0.1072004639996798,7.963515775989113,0.0001,65426.67
7.405945700011216,65382.65,3.32,1.356999954502075,0.10748918550016824,7.97675108451217,0.0001,65426.67
7.418077900016215,65393.64,3.32,1.3592444115029996,0.10767116850024322,7.989914521517592,0.0001,65426.67
7.430223900009878,65382.65,3.32,1.3615425410018767,0.10795559750024694,8.003348529010964,0.0001,65426.67
7.442285700002685,65448.69,3.32,1.3638228545004967,0.10822285700002685,8.016691413002928,0.0001,65426.67
7.453552099992521,65393.64,3.32,1.3659071384986163,0.1083355209999252,8.028971788991848,0.0001,65415.65
7.46597789999214,65470.71,3.32,1.3681162429986637,0.10834022100007859,8.0420077894921,0.0001,65415.65
7.475421000010101,65448.69,3.32,1.3697215700017173,0.10824578999989899,8.051498105010152,0.0001,65426.67
7.487797600013437,65470.71,3.32,1.3717086280020827,0.10874583200094057,8.063156828012161,0.0001,65426.67
7.499100199987879,65415.65,3.32,1.3734605309981212,0.10953701399915147,8.073385680989029,0.0001,65426.67
7.51204410000355,65371.66,3.32,1.375286174000497,0.10941933849994676,8.084317044002981,0.0001,65415.65
7.524607700004708,65426.67,3.32,1.3770681165006826,0.1094843080001883,8.094916545004,0.0001,65415.65
7.536565799993696,65459.7,3.32,1.3788020409990858,0.10996263199974783,8.105080929994642,0.0001,65415.65
7.548858599999221,65338.67,3.32,1.3806730829998792,0.11027717199998442,8.116061325999292,0.0001,65393.64
7.560379800008377,65349.67,3.32,1.3824626670013824,0.11050379800008378,8.126566507008086,0.0001,65371.66
7.573559100012062,65415.65,3.32,1.3846372515019902,0.11063559100012062,8.13928453151164,0.0001,65371.66
7.5858955000003325,65064.7,3.32,1.3867022350000564,0.11081791000000664,8.151454455000335,0.0001,65360.65
7.5978075999883,65393.64,3.32,1.388727291998011,0.111056151999766,8.163485675988182,0.0001,65360.65
7.609705400012899,65305.71,3.32,1.3908469720023218,0.11100294599987101,8.17584214301348,0.0001,65360.65
7.621763300005114,65360.65,3.32,1.3930173940009205,0.11093526600010227,8.188477914505446,0.0001,65360.65
7.63102900001104,65371.66,3.32,1.3946852200019872,0.11112058000022079,8.198345885011758,0.0001,65371.66
7.643312700005481,65152.21,3.32,1.3968962860009866,0.11139938100016443,8.211428025505837,0.0001,65360.65
7.65571250001085,65404.66,3.32,1.3991282500019528,0.11177137500032547,8.224633812511556,0.0001,65360.65
7.666888500010828,65371.66,3.32,1.4011054875018947,0.1117966724998376,8.23636404001126,0.0001,65349.67
7.679072099999757,65349.67,3.32,1.4032376174999572,0.11161391850000367,8.249034983999746,0.0001,65349.67
7.691479200002504,65371.66,3.32,1.4053514640004257,0.11217396000012517,8.261307012002465,0.0001,65349.67
7.703602699999465,65305.71,3.32,1.4073944454999117,0.11263602699999466,8.273176605499483,0.0001,65327.69
7.715893399989,65086.57,3.32,1.409422410998185,0.11275893399989,8.285037130989384,0.0001,65327.69
7.729144600016298,65283.76,3.32,1.411517413002526,0.11302861500040745,8.297504478015158,0.0001,65327.69
7.7413494999927925,65349.67,3.32,1.4134091724988829,0.1133,8.308821297493479,0.0001,65327.69
7.752738400013186,65327.69,3.32,1.4151744520020437,0.1133,8.319128252011932,0.0001,65327.69
7.765490599995246,65305.71,3.32,1.417151042999263,0.11351962399980982,8.330723898995648,0.0001,65327.69
7.777544400014449,65305.71,3.32,1.4190193820022394,0.11400177600057794,8.34175312601322,0.0001,65327.69
7.785799400007818,65349.67,3.32,1.42035690100129,0.11424498500019543,8.349509430007426,0.0001,65327.69
7.798814000008861,65404.66,3.32,1.422504310001462,0.11457035000022152,8.361873300008417,0.0001,65327.69
7.811224000004586,65360.65,3.32,1.4245519600007568,0.11448775999995414,8.374167880004563,0.0001,65316.69
7.823521200014511,65393.64,3.32,1.426633816002612,0.11450563600043534,8.386526836014946,0.0001,65316.69
7.835798699990846,65305.71,3.32,1.4288437659983522,0.11487396099972538,8.39917266099057,0.0001,65316.69
7.848201999993762,65316.69,3.32,1.4310353499989084,0.11508201999993761,8.412030079993512,0.0001,65316.69
7.860375299991574,65283.76,3.32,1.4331656774985255,0.11520750599983147,8.424684682491364,0.0001,65305.71
7.872730100003537,65261.8,3.32,1.435327767500619,0.11545460200007072,8.437348352503626,0.0001,65305.71
7.885044299997389,65360.65,3.32,1.4374323094995693,0.11572610749993473,8.449743413997442,0.0001,65283.76
7.897078200010583,65239.86,3.32,1.4394179030017462,0.11602695500026458,8.461536636010372,0.0001,65283.76
7.909156500012614,65283.76,3.32,1.4413650400020181,0.1161,8.473098675011983,0.0001,65283.76
7.921160300000338,65305.71,3.32,1.4432914495000557,0.11615801500001685,8.484513888000324,0.0001,65283.76
7.932803800009424,65239.86,3.32,1.4452126270015548,0.11674019000047116,8.495691648009046,0.0001,65283.76
7.941137099987827,65206.98,3.32,1.4465876214979914,0.11708862900012172,8.50370867248813,0.0001,65283.76
7.953556799999205,65272.78,3.32,1.4486368719998688,0.11696443200000795,8.515817879999226,0.0001,65283.76
7.965910099999746,65294.74,3.32,1.4506751664999582,0.11692955049999874,8.527862347499752,0.0001,65283.76
7.9784552000055555,65327.69,3.32,1.4527451080009168,0.11699227600002779,8.540093820005417,0.0001,65294.74
7.990633400011575,65338.67,3.32,1.454701344001852,0.11731900200034726,8.551701730010997,0.0001,65272.78
8.0028447000077,65031.93,3.32,1.4566693755012703,0.11767111750019249,8.563302465007315,0.0001,65272.78
8.01522160001332,65327.69,3.32,1.4587115640021977,0.11798054000033299,8.575060520012654,0.0001,65294.74
8.027552100014873,65228.9,3.32,1.4607460965024541,0.11813776050007437,8.587076579014724,0.0001,65294.74
8.039990799996303,65327.69,3.32,1.4627984819993902,0.11819995399998152,8.599390891996341,0.0001,65261.8
8.052014299988514,65261.8,3.32,1.46490250249799,0.11862050049959802,8.611654585988285,0.0001,65261.8
8.064279699989129,65185.06,3.32,1.4670489474980977,0.1189,8.624143895488967,0.0001,65261.8
8.076560599991353,65382.65,3.32,1.4691981049984868,0.1189,8.636609008991224,0.0001,65305.71
8.088766600005329,65228.9,3.32,1.4712464890008792,0.11916299800015986,8.648603602005169,0.0001,65261.8
8.097589100012556,65174.12,3.32,1.4727022015020719,0.11942767300037668,8.657161427012179,0.0001,65261.8
8.110293600009754,65305.71,3.32,1.474695508001512,0.11975734000024386,8.669073048009071,0.0001,65239.86
8.121458500012523,65349.67,3.32,1.4764333600020036,0.12003646250031308,8.679470990011772,0.0001,65228.9
8.134011999994982,65393.64,3.32,1.4784419199991974,0.12035029999987458,8.691271279995284,0.0001,65228.9
8.146303100016667,65185.06,3.32,1.4804715270028335,0.12056303100016667,8.7031400690165,0.0001,65217.94
8.158951899997192,65185.06,3.32,1.4826218229995225,0.12068951899997192,8.71566238099722,0.0001,65206.98
8.171768400003202,65239.86,3.32,1.4848006280005444,0.12099421000008007,8.728527242003219,0.0001,65217.94
8.184107900015078,65075.64,3.32,1.4869188825026387,0.12132323700045237,8.741051676515607,0.0001,65206.98
8.196260600001551,65196.03,3.32,1.4890456050002716,0.12168781800004656,8.753629721001607,0.0001,65196.03
8.20846110000275,65217.94,3.32,1.4912229980004954,0.12171538899997249,8.766468766002918,0.0001,65185.06
8.220360500010429,65206.98,3.32,1.4933630875018253,0.1216108150003129,8.779073117510796,0.0001,65185.06
8.232491700007813,65239.86,3.32,1.4954860475013676,0.12197475100023443,8.791628909508088,0.0001,65196.03
8.24399670001003,65185.06,3.32,1.4974794390017052,0.1222,8.803356733009931,0.0001,65185.06
8.252657800010638,65174.12,3.32,1.4989518260018087,0.1222,8.811931222010532,0.0001,65185.06
8.264662700006738,65185.06,3.32,1.5009460320010781,0.12226994050010108,8.823582938006334,0.0001,65185.06
8.277952000004007,65174.12,3.32,1.5030723200006413,0.1224692800000601,8.836074880003766,0.0001,65174.12
8.290446099999826,65239.86,3.32,1.5050191454999733,0.12265669149999742,8.847505950999842,0.0001,65174.12
8.302767999994103,65152.21,3.32,1.5069151999991155,0.12282767999994104,8.858663519994753,0.0001,65174.12
8.31502979999641,65163.16,3.32,1.5087544699994617,0.12295029799996411,8.869576521996805,0.0001,65174.12
8.327472300006775,65130.32,3.32,1.5106582065010503,0.12329889200027104,8.880725070006099,0.0001,65174.12
8.338491900009103,65152.21,3.32,1.512366244501411,0.12373967600036413,8.890642710008192,0.0001,65174.12
8.35083750000922,65196.03,3.32,1.5142798125014292,0.12412512500027661,8.90202468750853,0.0001,65174.12
8.363333499990404,65174.12,3.32,1.5162500274984168,0.12443333499990404,8.913683492490836,0.0001,65174.12
8.375528300006408,65305.71,3.32,1.5182621695010574,0.12455528300006409,8.925329526506122,0.0001,65174.12
8.387819399998989,65174.12,3.32,1.5202902009998334,0.12487367899996465,8.937341205999001,0.0001,65174.12
8.399843099992722,65174.12,3.32,1.5222741114987994,0.12529450849974533,8.949244668992797,0.0001,65174.12
8.40808319998905,65141.27,3.32,1.5237549759980293,0.12542124799983576,8.957846943988558,0.0001,65174.12
8.420500800013542,65174.12,3.32,1.5259926480025054,0.1256025040000677,8.970848376014828,0.0001,65174.12
8.43354339999496,65053.78,3.32,1.5284055289990677,0.1256677169999748,8.985130022994483,0.0001,65174.12
8.445942299993476,65239.86,3.32,1.5307290369987607,0.12578913449990214,8.998885087492662,0.0001,65174.12
8.458717000001343,65250.84,3.32,1.5331562300002555,0.12598075500002015,9.013256625001512,0.0001,65174.12
8.470819700014545,65174.12,3.32,1.535401644502691,0.12605409850007274,9.026331177515637,0.0001,65196.03
8.4829400999879,65250.84,3.32,1.5375851164980037,0.12620290349957652,9.039022495988384,0.0001,65196.03
8.495265400008066,65294.74,3.32,1.5396187910013308,0.1266342890002823,9.050854784007743,0.0001,65196.03
8.506775699992431,65196.03,3.32,1.5414163549988646,0.12683387849996217,9.06136261599334,0.0001,65196.03
8.519771999999648,65163.16,3.32,1.5433657999999473,0.12689885999999825,9.07279935999969,0.0001,65196.03
8.531858200003626,65196.03,3.32,1.5451194390005258,0.12731503700012692,9.083316634003156,0.0001,65174.12
8.543913400004385,65228.9,3.32,1.546887010000658,0.12769783500010964,9.093882926003904,0.0001,65174.12
8.555660400015768,64901.06,3.31,1.5486490600023652,0.12799151000039422,9.104337756014035,0.0001,65163.16
8.567567599995527,65075.64,3.32,1.5505108159992844,0.12832702799986584,9.115237867995841,0.0001,65130.32
8.576431800000137,65130.32,3.32,1.5519290880000218,0.12859295400000412,9.123481574000127,0.0001,65130.32
8.588834800000768,65174.12,3.32,1.5539577420001267,0.12892087000001923,9.135413930000748,0.0001,65108.44
8.601457899989327,65108.44,3.32,1.5560551324981324,0.1292,9.14779434748906,0.0001,65108.44
8.614010299992515,65075.64,3.32,1.5582518024986902,0.1292,9.160660557492328,0.0001,65086.57
8.626291099993978,65130.32,3.32,1.560432397998916,0.12948309949972905,9.173500021493588,0.0001,65097.51
8.638569300004747,65086.57,3.32,1.5626424740008547,0.13003561850021364,9.186576304505056,0.0001,65097.51
8.64988050001557,65075.64,3.32,1.5647278925028805,0.13000119499984428,9.198721537516738,0.0001,65086.57
8.662102200003574,65152.21,3.32,1.5669783960006431,0.12998408800014294,9.211828332003789,0.0001,65086.57
8.674245100002736,65053.78,3.32,1.5691641180004925,0.13046980400010944,9.224699806002901,0.0001,65086.57
8.686654699995415,65097.51,3.32,1.5713312989992207,0.1307332734999771,9.237554520495348,0.0001,65097.51
8.698776400007773,65064.7,3.32,1.5733919880013216,0.13079388200003886,9.24985804600789,0.0001,65097.51
8.71105539999553,65086.57,3.32,1.5753688639992849,0.13096583099993298,9.261547352995777,0.0001,65097.51
8.723256299999775,65141.27,3.32,1.5773047264999653,0.13113256299999776,9.272946951499797,0.0001,65119.38
8.732553300011205,65119.38,3.32,1.578745761501737,0.13122553300011205,9.281360736510141,0.0001,65119.38
8.744973499997286,65217.94,3.32,1.580646024999593,0.13147407249990506,9.292526414997585,0.0001,65119.38
8.757263800012879,65163.16,3.32,1.582489570001932,0.1319042330004508,9.303464782011462,0.0001,65141.27
8.768592600012198,65086.57,3.32,1.5842318530018908,0.13221481500030496,9.313590377010918,0.0001,65141.27
8.781691799988039,65152.21,3.32,1.5862622289981463,0.1325,9.325356455988997,0.0001,65141.27
8.794077500002459,65163.16,3.32,1.5881820125003812,0.1325,9.336751300002263,0.0001,65119.38
8.806377700006124,64966.46,3.32,1.5901523205010106,0.13269133100018374,9.34832259200588,0.0001,65086.57
8.81869819998974,65152.21,3.32,1.5921852029983072,0.13306094599969223,9.360150271990152,0.0001,65086.57
8.831031500012614,65064.7,3.32,1.5942753550021445,0.13348610250044152,9.372596972512804,0.0001,65075.64
8.84215939999558,65086.57,3.32,1.5961886919992045,0.13381079699997792,9.383978166995337,0.0001,65064.7
8.854387700004736,65075.64,3.32,1.5983897860008525,0.13387193850002369,9.396879023504997,0.0001,65064.7
8.866622100002132,65053.78,3.32,1.6005919780003839,0.13419799450009598,9.40978631550225,0.0001,65064.7
8.878964600007748,65064.7,3.32,1.602813628001395,0.1347534070003487,9.422807653008174,0.0001,65075.64
8.887415900011547,65053.78,3.32,1.6042977825020208,0.13454044349959582,9.43161253601201,0.0001,65064.7
8.900730299996212,65064.7,3.32,1.6066278024993375,0.13412556049986746,9.445433951496193,0.0001,65075.64
8.912984299997333,65130.32,3.32,1.6087722524995336,0.1345544504999067,9.45774922149732,0.0001,65064.7
8.925335400010226,65075.64,3.32,1.6108803410016874,0.1348800310001534,9.470002015009971,0.0001,65064.7
8.937631300010253,65097.51,3.32,1.6129091645016918,0.1350644695001538,9.481990517509995,0.0001,65064.7
8.949983099999372,65042.86,3.32,1.6148972959998997,0.13554923949997177,9.493783944999404,0.0001,65053.78
8.962192500010133,65119.38,3.32,1.6168508000016215,0.13607673750035468,9.505371912509576,0.0001,65053.78
8.974486199993407,65031.93,3.32,1.6188177919989453,0.1365070169997693,9.516989458993772,0.0001,65053.78
8.986730900011025,65053.78,3.32,1.620776944001764,0.1367,9.528459737010255,0.0001,65042.86
8.998862300009932,65010.09,3.32,1.6227179680015893,0.1367,9.539741939009238,0.0001,65042.86
9.010064800007967,65053.78,3.32,1.624510368001275,0.13715291600035853,9.55026091200749,0.0001,65042.86
9.022204400011105,65031.93,3.32,1.6264637260018326,0.13758897799994446,9.561760312010884,0.0001,65053.78
9.034429399995133,65021.02,3.32,1.628480850999197,0.13752785300002435,9.573740811995231,0.0001,65031.93
9.04309610000928,64955.55,3.32,1.6299263370015775,0.13754644150013923,9.582327061009373,0.0001,65053.78
9.055361600010658,65086.57,3.32,1.632011472001812,0.1377304240001599,9.594715216010766,0.0001,65053.78
9.06762180000078,65108.44,3.32,1.6341338150001365,0.1379524360000156,9.607098018000787,0.0001,65053.78
9.079908999992767,65053.78,3.32,1.6362840749987344,0.13819817999985534,9.619508089992696,0.0001,65053.78
9.092380999994928,65010.09,3.32,1.6383428649991632,0.13838571499992391,9.63185718999498,0.0001,65053.78
9.104858800012153,65075.64,3.32,1.6404017020020052,0.13869435200048613,9.644040154011606,0.0001,65053.78
9.117343099991558,65075.64,3.32,1.6424616114986073,0.13919372399966237,9.655962660491939,0.0001,65053.78
9.130206500005443,65086.57,3.32,1.6444820075008437,0.13914690249991835,9.667992045005063,0.0001,65042.86
9.142372200003592,65021.02,3.32,1.6463795520005748,0.13915419300023357,9.679329868003377,0.0001,65031.93
9.154610099998537,65031.93,3.32,1.648337615999766,0.13994965649990496,9.690833493998625,0.0001,65031.93
9.165868200012483,64911.95,3.31,1.650197594002122,0.14032934100006242,9.701650836012233,0.0001,65031.93
9.178050499991514,65042.86,3.32,1.6522685849985574,0.14039025249995757,9.713589489991683,0.0001,65031.93
9.190331699996023,64999.19,3.32,1.6543563889993238,0.14055497549994034,9.725935016995983,0.0001,65021.02
9.198906200006604,65021.02,3.32,1.6558140540011228,0.14068359300009906,9.734595262006671,0.0001,65021.02
9.21176559999003,65031.93,3.32,1.6580589799982555,0.14087648399985048,9.747818567989732,0.0001,64999.19
9.224215599999297,65031.93,3.32,1.6602377299998772,0.14110538999998246,9.760578833999288,0.0001,64999.19
9.235622400010469,64966.46,3.32,1.6622339200018323,0.14139056000026173,9.772156736010627,0.0001,64999.19
9.248843300010776,64977.36,3.32,1.6645033610018323,0.1417210825002694,9.785531733010885,0.0001,64999.19
9.26035039999988,64911.95,3.31,1.6664595679999796,0.14201051199999637,9.797152151999878,0.0001,64977.36
9.272549999994226,64944.65,3.32,1.6685334999990185,0.1423764999998268,9.809412749994197,0.0001,64977.36
9.284664500009967,65097.51,3.32,1.6705696425016447,0.14262332250004983,9.82140124250962,0.0001,64977.36
9.297179899993353,64922.85,3.32,1.6726346834989034,0.14268589949996677,9.833478603493585,0.0001,64977.36
9.309495699999388,65021.02,3.32,1.6746193119999022,0.14312730649997252,9.84507847949943,0.0001,64977.36
9.321286399994278,64977.36,3.32,1.6764993919991134,0.1436064319999714,9.856070623994794,0.0001,64977.36
9.333898899989435,64955.55,3.32,1.6784543294983625,0.14366949449994718,9.867547998990387,0.0001,64988.26
9.34602560001076,65228.9,3.32,1.680333968001668,0.14388076800032282,9.878673680009955,0.0001,64988.26
9.358207600016613,64988.26,3.32,1.6822221780025752,0.1442462280004984,9.889942030015368,0.0001,64988.26
9.36714159999974,64857.51,3.31,1.6836426559999587,0.14419287600000388,9.898348811999757,0.0001,64988.26
9.379691700014519,65042.86,3.32,1.6856506720023232,0.14400462449978219,9.910208656513722,0.0001,64988.26
9.39210210001329,65064.7,3.32,1.687696846502193,0.1449076575009968,9.922239037012892,0.0001,64988.26
9.403451799997129,64879.28,3.31,1.6896040649994977,0.1455,9.933438094997058,0.0001,64988.26
9.416649699996926,64988.26,3.32,1.691913697499462,0.1455,9.946965942496849,0.0001,64988.26
9.428710300009698,65021.02,3.32,1.694111405501794,0.14567420600019396,9.95989422701057,0.0001,64988.26
9.440267700003462,64933.74,3.32,1.6962508630006579,0.1459,9.972497147003844,0.0001,64988.26
9.45259299999452,64966.46,3.32,1.6985926699989589,0.1459,9.98617822999392,0.0001,64966.46
9.46594520000508,64879.28,3.31,1.70109986200094,0.14607835600015245,10.000820816005488,0.0001,64933.74
9.477937999996357,64988.26,3.32,1.7033185299993263,0.14643813999989072,10.013773039996067,0.0001,64955.55
9.48995560000185,65010.09,3.32,1.7053426740003053,0.1465995560000185,10.02590582200184,0.0001,64955.55
9.501385100011248,64922.85,3.32,1.7072146905017436,0.1467484785003937,10.03715351551018,0.0001,64955.55
9.513925000006566,64911.95,3.31,1.7091583750010177,0.14718737500022983,10.048502125005943,0.0001,64955.55
9.522135900013382,64879.28,3.31,1.7104203850020072,0.14745339750033457,10.055858233011643,0.0001,64955.55
9.535536800016416,64955.55,3.32,1.7124305200024625,0.14778842000041043,10.067517016014284,0.0001,64955.55
9.547797600011108,65075.64,3.32,1.7142696400016664,0.14825089200049993,10.078300876009832,0.0001,64955.55
9.560153500002343,64999.19,3.32,1.7161230250003516,0.1488030700000469,10.08923815000211,0.0001,64955.55
9.571358899993356,64955.55,3.32,1.7178038349990035,0.14902717799986714,10.099323009994022,0.0001,64955.55
9.58366579998983,64955.55,3.32,1.719686527998373,0.14925498699984746,10.110545851990441,0.0001,64955.55
9.595874299993739,64955.55,3.32,1.7216398879989983,0.14943811449990607,10.122021841994114,0.0001,64955.55
9.609030299994629,64922.85,3.32,1.723789999499114,0.1493193940001074,10.134704542494763,0.0001,64944.65
9.621428100013873,64901.06,3.31,1.7258499175024278,0.14920710750104052,10.146835240513942,0.0001,64922.85
9.633505200006764,64879.28,3.31,1.727963410001184,0.15011289000050743,10.1589727260068,0.0001,64922.85
9.64558159999433,64944.65,3.32,1.7301046879989794,0.15046046000014174,10.171388587994018,0.0001,64922.85
9.657702399999835,64890.18,3.31,1.7322864319999702,0.15015744000000414,10.184176031999826,0.0001,64922.85
9.669639100000495,64922.85,3.32,1.7344832335000915,0.1507265415000322,10.197251205500548,0.0001,64922.85
9.677802999998677,64879.28,3.31,1.7359935549997554,0.15125719499991405,10.20627231499854,0.0001,64922.85
9.690044199989643,64999.19,3.32,1.7383083979980323,0.15134977900005178,10.219849061988505,0.0001,64922.85
9.70246749999933,64977.36,3.32,1.7406441499998795,0.1513986999999732,10.233490874999296,0.0001,64922.85
9.714886300003855,65152.21,3.32,1.742879534000694,0.15189545200015422,10.246530615004048,0.0001,64901.06
9.727047599997604,64922.85,3.32,1.744927615999617,0.1522409519999521,10.258595219997725,0.0001,64901.06
9.73916910000844,64846.64,3.31,1.7468670560013506,0.1524833820001688,10.270110645008018,0.0001,64879.28
9.751419700012775,64857.51,3.31,1.7487129550019165,0.15261419700012777,10.281006434511307,0.0001,64868.4
9.763811200013151,64901.06,3.31,1.7505716800019728,0.1527952800003288,10.291972912011639,0.0001,64868.4
9.77618610000354,64781.4,3.31,1.752427915000531,0.15310465250008853,10.302924698503134,0.0001,64868.4
9.788732799992431,64792.27,3.31,1.754353583998827,0.15333099199988648,10.31420318399315,0.0001,64868.4
9.800776599993696,64868.4,3.31,1.7562242559989916,0.15351553199987394,10.325126120994108,0.0001,64868.4
9.813141599996015,64868.4,3.31,1.7582026559993627,0.15376283199992033,10.336687395996275,0.0001,64879.28
9.825293800007785,64933.74,3.32,1.7601470080012458,0.15408528300027252,10.348208517007514,0.0001,64879.28
9.834548200014979,64879.28,3.31,1.7616277120023967,0.15440918700052425,10.357139013014454,0.0001,64879.28
9.84685190001619,64879.28,3.31,1.7636648230027525,0.15463425950008095,10.36921764051611,0.0001,64879.28
9.858217900007729,64966.46,3.32,1.765597043001314,0.15469108950003865,10.38052681050769,0.0001,64879.28
9.870384600013494,64911.95,3.31,1.7677173050023618,0.15527115300074223,10.393048061013967,0.0001,64879.28
9.88350490000448,64890.18,3.31,1.7700308820008066,0.15572990199991038,10.40671519400475,0.0001,64879.28
9.89592479998828,64662.04,3.31,1.7722664639978905,0.1554815040002344,10.419880287987578,0.0001,64879.28
9.908238300005905,64814.01,3.31,1.774482894001063,0.15589429800035437,10.432850215006201,0.0001,64879.28
9.920581699989269,64803.13,3.31,1.776701797498122,0.1565883660002146,10.445796242489001,0.0001,64857.51
9.933005300001241,64857.51,3.31,1.7788759275002173,0.15633989399997517,10.458530432501272,0.0001,64857.51
9.94518790001166,64999.19,3.32,1.780956003501924,0.15648533450064137,10.47073226301131,0.0001,64857.51
9.957051600009438,64933.74,3.32,1.7829135140015575,0.15713783800051911,10.482240052009155,0.0001,64857.51
9.969078900001477,64824.88,3.31,1.7848526240002367,0.1573453945000074,10.493679560501397,0.0001,64868.4
9.981091399997242,64814.01,3.31,1.7867691669995727,0.15744365599988974,10.505004087997463,0.0001,64868.4
9.990248399990376,64868.4,3.31,1.7881885019985084,0.15780993599961507,10.513428527991145,0.0001,64868.4
10.00254149999819,64890.18,3.31,1.7901066399997103,0.15816187750002716,10.524738179998334,0.0001,64868.4
10.01481339999009,64988.26,3.32,1.7920701439984144,0.15797779900014866,10.536028327990882,0.0001,64868.4
10.026117800007341,64901.06,3.31,1.7938788480011747,0.15823647900040383,10.546581321006938,0.0001,64835.75
10.038391300011424,64835.75,3.31,1.7958426080018282,0.1589115215006284,10.558179778510796,0.0001,64835.75
10.050465900014387,64868.4,3.31,1.7978268735023741,0.15894767049992806,10.570061241014244,0.0001,64846.64
10.063911500008546,64835.75,3.31,1.8000845125014957,0.1590760175003846,10.58350928750876,0.0001,64846.64
10.075152300007177,64781.4,3.31,1.802051652501256,0.159581853500323,10.595031107507356,0.0001,64846.64
10.08768759999657,64824.88,3.31,1.8042453299994,0.15964624800006857,10.607918227996468,0.0001,64835.75
10.099909600015962,64824.88,3.31,1.8063841800027935,0.15940180799968073,10.620506888016441,0.0001,64835.75
10.112483400007477,64846.64,3.31,1.8085845950013086,0.15977450200022433,10.633145817007515,0.0001,64835.75
10.124759800004542,65064.7,3.32,1.8106615680007268,0.16011899500011356,10.645317006004406,0.0001,64835.75
10.136755200015614,64857.51,3.31,1.8125808320024983,0.16041888000039037,10.656952544015146,0.0001,64824.88
10.148673399991821,64814.01,3.31,1.8145311109986506,0.1609770369995502,10.66842646399215,0.0001,64846.64
10.157189799996559,64868.4,3.31,1.8159363169994323,0.16144543899981073,10.676602207996696,0.0001,64846.64
10.169351399992593,64824.88,3.31,1.8179897379987409,0.16178702799985184,10.68860464299263,0.0001,64846.64
10.181698800006417,64846.64,3.31,1.8200887960010912,0.16204247000016045,10.700898800006417,0.0001,64824.88
10.193812200013781,64748.82,3.31,1.8221480740023428,0.16234530500034455,10.713012200013782,0.0001,64814.01
10.20677320001414,64857.51,3.31,1.824351444002404,0.16260159800021212,10.725939334014072,0.0001,64748.82
10.218393699993612,64662.04,3.31,1.8263269289989144,0.1627759054999042,10.737501731493646,0.0001,64748.82
10.230874100001529,64716.26,3.31,1.8283942265002526,0.16307185250003825,10.749810988501508,0.0001,64748.82
10.243135900003837,64737.97,3.31,1.8304174235006334,0.1633313590000384,10.761841823003724,0.0001,64748.82
10.255484799999977,64748.82,3.31,1.8324549919999962,0.16345484799999976,10.773820255999977,0.0001,64737.97
10.267853199999081,64748.82,3.31,1.8344957779998483,0.1639711919999449,10.785856869999105,0.0001,64737.97
10.280366299994057,64803.13,3.31,1.8365622709989897,0.16468901100017827,10.798058973994177,0.0001,64737.97
10.29243659999338,64737.97,3.31,1.8386142219988748,0.1643269020001986,10.809887867993513,0.0001,64737.97
10.304236700001638,64662.04,3.31,1.8405990555002705,0.16433301850009016,10.821451966001606,0.0001,64737.97
10.31261470000027,64651.19,3.31,1.8419814255000446,0.16479380850001488,10.829662406000265,0.0001,64727.1
10.325224700005492,64716.26,3.31,1.8440359520008789,0.1652,10.841889588505246,0.0001,64716.26
10.337426200014304,64737.97,3.31,1.8459881920022887,0.1652,10.853542021013661,0.0001,64716.26
10.349590199999511,64727.1,3.31,1.8479344319999218,0.1652959019999951,10.864918885999545,0.0001,64705.4
10.361913700005971,64705.4,3.31,1.8498966235009255,0.165466979500209,10.876341467005433,0.0001,64705.4
10.37440760000027,64705.4,3.31,1.8518331780000419,0.16590426600000946,10.887710916000245,0.0001,64716.26
10.386872900009621,64694.56,3.31,1.8537996640015395,0.16623745800019243,10.899191797008948,0.0001,64716.26
10.399525499989977,64824.88,3.31,1.8558240799983967,0.16649050999979959,10.91095871499068,0.0001,64705.4
10.412075000000184,64618.7,3.31,1.8578923750000305,0.16680187500000462,10.923233500000181,0.0001,64705.4
10.424254000012297,64727.1,3.31,1.859944450002152,0.1671914300005534,10.935381620012665,0.0001,64705.4
10.43612920001033,64792.27,3.31,1.8620226100018078,0.16772581400046485,10.947613076010638,0.0001,64705.4
10.447585000016261,64705.4,3.31,1.8641032250030085,0.1679379250000813,10.959791800017562,0.0001,64705.4
10.45993099999032,64694.56,3.31,1.8663872349982094,0.16799965499995162,10.973125479989546,0.0001,64705.4
10.468529300007505,64694.56,3.31,1.8679779205013887,0.16829852550026272,10.982624876508295,0.0001,64705.4
10.480636499996763,64716.26,3.31,1.8702145699994177,0.1686872700000647,10.995968324996603,0.0001,64705.4
10.493130499991821,64662.04,3.31,1.872463489998528,0.16843739000016356,11.009087024991413,0.0001,64705.4
10.505343500000889,64705.4,3.31,1.8745816775001465,0.16862061000005332,11.021509912500866,0.0001,64705.4
10.517637000011746,64705.4,3.31,1.8766101050019381,0.16935822000070477,11.033496075011453,0.0001,64694.56
10.53008540000883,64683.71,3.31,1.8785632370013687,0.16955042700004416,11.04502814100808,0.0001,64694.56
10.542533700005151,64748.82,3.31,1.880480055000773,0.16975202200030914,11.056354993004586,0.0001,64694.56
10.555210199992871,64662.04,3.31,1.8823815299989308,0.17051261199957232,11.067637077993655,0.0001,64683.71
10.567714100005105,64824.88,3.31,1.8842956855007915,0.17060714749987235,11.078842690004596,0.0001,64683.71
10.579889200016623,64618.7,3.31,1.8861828260025768,0.17030276999958444,11.08980028001496,0.0001,64683.71
10.59157089999644,64694.56,3.31,1.8879934894994483,0.17076283599985764,11.10037166449678,0.0001,64672.87
10.60339400000521,64662.04,3.31,1.8898260700008076,0.17130364000031262,11.111156420004846,0.0001,64672.87
10.615626899991184,64672.87,3.31,1.8917221694986337,0.17203761399947112,11.122533016991802,0.0001,64662.04
10.624082499998622,64651.19,3.31,1.8930940249997659,0.1723,11.13060084999865,0.0001,64662.04
10.63662309999927,64716.26,3.31,1.895225926999876,0.1723,11.142890637999285,0.0001,64651.19
10.648919600003865,64629.52,3.31,1.8973609300006764,0.17256758800011596,11.15547638400402,0.0001,64662.04
10.661918700003296,64705.4,3.31,1.8996549595006098,0.17292878050004945,11.169110570003626,0.0001,64662.04
10.673284699994836,64553.76,3.31,1.9017576694990448,0.17309927049992255,11.18161316999432,0.0001,64651.19
10.685319200012602,64651.19,3.31,1.9040372440024576,0.173173403999937,11.194957504014114,0.0001,64651.19
10.697736500005703,64640.36,3.31,1.9064586175011122,0.1731113174999715,11.208864880006388,0.0001,64651.19
10.709865400014676,64683.71,3.31,1.908675772002642,0.17354394300066048,11.222054632015851,0.0001,64651.19
10.722303999995347,64672.87,3.31,1.9108916799992093,0.17398848000002326,11.235303999995349,0.0001,64651.19
10.734588899998926,64607.86,3.31,1.9129801129998176,0.17392705550000537,11.247588899998927,0.0001,64651.19
10.746696799993515,64629.52,3.31,1.914938003998995,0.17443574399948128,11.259127571994068,0.0001,64672.87
10.759338400006527,64748.82,3.31,1.9168974520010118,0.17544707200052218,11.270694636005972,0.0001,64683.71
10.771463000011863,64748.82,3.31,1.9187194500017795,0.17532805499982204,11.281158180010204,0.0001,64694.56
10.779947700008053,64629.52,3.31,1.919992155001208,0.1752007844998792,11.288455022006927,0.0001,64694.56
10.792863200011197,64814.01,3.31,1.9218008480015678,0.17577884400050392,11.299305088009408,0.0001,64737.97
10.805127500003437,64759.67,3.31,1.9235691250005158,0.17630510000013752,11.309786562503009,0.0001,64737.97
10.81758989999071,64737.97,3.31,1.9254384849986066,0.17680359599962844,11.320691162491872,0.0001,64737.97
10.8298846000107,64694.56,3.31,1.9273321130016587,0.1769,11.3319432550099,0.0001,64694.56
10.842164900008356,64575.4,3.31,1.9292680330014207,0.17699742050037603,11.343432426508231,0.0001,64629.52
10.85428480000701,64759.67,3.31,1.9313284160011917,0.17754281600031546,11.355370528006906,0.0001,64629.52
10.866744099999776,64629.52,3.31,1.9334802174999608,0.17776627950000112,11.368047584499767,0.0001,64629.52
10.87805249998928,64597.05,3.31,1.9354591874981242,0.1777097375000536,11.3798648624888,0.0001,64629.52
10.8901862000057,64607.86,3.31,1.9377353780010833,0.17795465500014254,11.393053889006245,0.0001,64629.52
10.903034199989634,64553.76,3.31,1.9401613269980824,0.1782606839997927,11.407167961988495,0.0001,64629.52
10.915244100004202,64445.75,3.31,1.9424201585007774,0.17850488200008405,11.420720951004665,0.0001,64640.36
10.927190399990648,64640.36,3.31,1.94463022399827,0.17870785599985972,11.43365777599004,0.0001,64640.36
10.935336199996527,64694.56,3.31,1.9461371969993577,0.17883004299994792,11.442333052996302,0.0001,64640.36
10.948621099989397,64716.26,3.31,1.9484224814982507,0.1793741604994169,11.455791783489557,0.0001,64640.36
10.960604899999453,64662.04,3.31,1.9503967839999126,0.17999395100000545,11.467574654999481,0.0001,64662.04
10.97300249998807,64640.36,3.31,1.9523803999980913,0.17986997500011928,11.479352374988668,0.0001,64662.04
10.985418399999617,64846.64,3.31,1.954366943999939,0.18007091999998087,11.491039111999644,0.0001,64672.87
10.99796909998986,64683.71,3.31,1.9563750559983777,0.18069845499949297,11.50271126299057,0.0001,64683.71
11.010145300009754,64597.05,3.31,1.958221795001463,0.18085072650004877,11.51368004350873,0.0001,64672.87
11.021395899995698,64672.87,3.31,1.9599093849993547,0.1809767744997634,11.523735371496194,0.0001,64662.04
11.034383999998681,64640.36,3.31,1.9618575999998022,0.18169111999992751,11.535229839998834,0.0001,64651.19
11.046693500014953,64781.4,3.31,1.9637709600023927,0.18206693500014953,11.546424955013908,0.0001,64651.19
11.05826300001354,64694.56,3.31,1.9656220800021664,0.1821826300001354,11.557184590012593,0.0001,64651.19
11.07017540000379,64651.19,3.31,1.9676298180006446,0.18250526200011374,11.568924523003773,0.0001,64651.19
11.082717100012815,64564.59,3.31,1.9697754925022426,0.18285434200025627,11.581525784013326,0.0001,64651.19
11.09183220000705,64564.59,3.31,1.9713706350012337,0.183036644000141,11.591005488007331,0.0001,64651.19
11.10409519998939,64651.19,3.31,1.9735371359980902,0.18317952400005305,11.60379995998886,0.0001,64651.19
11.115384400007315,64705.4,3.31,1.9755691920013168,0.18312307799996344,11.61565362000768,0.0001,64651.19
11.128014399990207,64694.56,3.31,1.9778025199982863,0.18370107999926558,11.62863461599006,0.0001,64597.05
11.140106400009245,64597.05,3.31,1.9799180880015719,0.18459627599967637,11.640906400009246,0.0001,64597.05
11.152448400011053,64597.05,3.31,1.9820162280018792,0.18416430599961311,11.653248400011053,0.0001,64597.05
11.16504019999411,64532.14,3.31,1.9841316329990282,0.18410160799976438,11.665714194994257,0.0001,64651.19
11.176999699993758,64683.71,3.31,1.98610495049897,0.1845799879997503,11.677374707493914,0.0001,64597.05
11.189350700005889,64564.59,3.31,1.9880961120009422,0.18484026050008834,11.689136411505565,0.0001,64597.05
11.202523699990707,64553.76,3.31,1.9902037919985132,0.18510094799962828,11.701559659491311,0.0001,64597.05
11.214619700011099,64651.19,3.31,1.992139152001776,0.18558478800044398,11.712869419510378,0.0001,64607.86
11.226495300012175,64662.04,3.31,1.9940392480019482,0.18599485900036528,11.724005582011445,0.0001,64618.7
11.23852449998958,64553.76,3.31,1.995963919998333,0.18635573499968747,11.735313029990207,0.0001,64618.7
11.250419099989813,64618.7,3.31,1.9978670559983702,0.18650419099989812,11.746650240490272,0.0001,64607.86
11.259899500000756,64618.7,3.31,1.999383920000121,0.18659899500000754,11.755704022500723,0.0001,64607.86
11.27215510001406,64607.86,3.31,2.00140559150232,0.18726853050077336,11.76752967151357,0.0001,64607.86
11.28445569999167,64662.04,3.31,2.003457468998584,0.1876554430000833,11.779511142991753,0.0001,64597.05
11.295716299995547,64597.05,3.31,2.0053717709992434,0.1875428370000445,11.790659136995593,0.0001,64564.59
11.30801710000378,64564.59,3.31,2.007462907000643,0.1879008550001891,11.80303735650384,0.0001,64597.05
11.320220399997197,64521.33,3.31,2.00953856999951,0.18850771399990196,11.815423705997157,0.0001,64564.59
11.332604399998672,64542.96,3.31,2.0117057699997676,0.18894115399995356,11.827993465998652,0.0001,64564.59
11.345005000010133,64510.52,3.31,2.013825825001672,0.18907487499974668,11.840505000010133,0.0001,64564.59
11.357318499998655,64564.59,3.31,2.0158575524997784,0.18876703750003362,11.852818499998655,0.0001,64564.59
11.369457399996463,64597.05,3.31,2.0178604709994166,0.18945659199971712,11.864579103996606,0.0001,64564.59
11.381497099995613,64488.92,3.31,2.0198470214992765,0.19023263050019737,11.876144701495768,0.0001,64542.96
11.393790700007228,64532.14,3.31,2.021875465501193,0.18967941849967468,11.888008025506977,0.0001,64564.59
11.406128800008444,64597.05,3.31,2.0239112520013935,0.1897370840004645,11.899944936008191,0.0001,64564.59
11.41472960001556,64564.59,3.31,2.0253303840025674,0.19021012800085585,11.908287712015094,0.0001,64564.59
11.427417400002012,64683.71,3.31,2.027423871000332,0.1905,11.920557791001942,0.0001,64564.59
11.440133700001754,64499.73,3.31,2.0295220605002897,0.1905046795000614,11.93283102600172,0.0001,64542.96
11.452426400006518,64607.86,3.31,2.0315503560010755,0.19093492400022816,11.944877872006387,0.0001,64542.96
11.464781899994705,64618.7,3.31,2.0336129229991,0.19131954749986765,11.95710580949468,0.0001,64542.96
11.477068400010467,64456.53,3.31,2.0357016280017795,0.1916267100002617,11.96945374201052,0.0001,64510.52
11.489402900013372,64542.96,3.31,2.03784550750234,0.19188805800026745,11.982037972513709,0.0001,64499.73
11.501557600015078,64499.73,3.31,2.0399725800026385,0.19213115200030154,11.99450432801553,0.0001,64499.73
11.513896199990995,64510.52,3.31,2.042131834998424,0.1923779239998199,12.007213085990726,0.0001,64499.73
11.525965300010284,64391.82,3.31,2.0442141010017485,0.19282809150056568,12.019495126510337,0.0001,64499.73
11.53720109999995,64370.27,3.31,2.0461241869999918,0.19344606049999724,12.03078710549995,0.0001,64499.73
11.549735300010068,64488.92,3.31,2.0482063245016615,0.19374602950015105,12.042994564509717,0.0001,64510.52
11.561832700012019,64532.14,3.31,2.050184068501863,0.1939366540002404,12.054595247511118,0.0001,64499.73
11.570344400010073,64488.92,3.31,2.0515033820015613,0.19410688800020148,12.062468570009319,0.0001,64488.92
11.582358000014208,64640.36,3.31,2.0533654900022023,0.19427641999985792,12.073522200012787,0.0001,64488.92
11.594756400008919,64748.82,3.31,2.0552872420013824,0.1941524359999108,12.084680760008027,0.0001,64488.92
11.607198599987896,64532.14,3.31,2.0571797899981843,0.19456790899921328,12.095806753989228,0.0001,64532.14
11.61924130000989,64424.17,3.31,2.0589861950014834,0.19535068450064286,12.106524757008803,0.0001,64532.14
11.631521000002977,64478.12,3.31,2.0608857550004616,0.1953423949999851,12.117626505002695,0.0001,64488.92
11.643859900010286,64456.53,3.31,2.062836883501697,0.1954736955004629,12.12906340251003,0.0001,64478.12
11.656203099992124,64607.86,3.31,2.0648735114987007,0.19602913949964562,12.141098022492322,0.0001,64478.12
11.669590400008019,64542.96,3.31,2.0672262720014434,0.19610409599991982,12.15477401600834,0.0001,64478.12
11.68153150001308,64478.12,3.31,2.06938332750242,0.1960995475008502,12.167284650014388,0.0001,64478.12
11.692811599990819,64445.75,3.31,2.0714701459983016,0.19683275399940325,12.179692759989901,0.0001,64488.92
11.704952600004617,64478.12,3.31,2.0737409940008775,0.19734952600004618,12.193122149005148,0.0001,64510.52
11.717375400010496,64510.52,3.31,2.0761013260019947,0.19747375400010497,12.206973571011703,0.0001,64510.52
11.725655799993547,64510.52,3.31,2.0776180439988385,0.19766967399980645,12.215951705993096,0.0001,64510.52
11.738001599995187,64488.92,3.31,2.079840287999134,0.19804004799985564,12.22916171199485,0.0001,64510.52
11.751465800014557,64575.4,3.31,2.082149186002475,0.19827198700021836,12.242536484014266,0.0001,64510.52
11.763706400000958,64597.05,3.31,2.0841744920001486,0.1985482560000383,12.254272824000871,0.0001,64521.33
11.77608800001326,64521.33,3.31,2.0860936400020553,0.1990435200005304,12.265540080012068,0.0001,64521.33
11.788214000000153,64532.14,3.31,2.0879321000000233,0.19928214000000152,12.276410460000136,0.0001,64521.33
11.800679900014075,64564.59,3.31,2.089805384502182,0.19942719600056302,12.287515309512738,0.0001,64532.14
11.812935399997514,64510.52,3.31,2.091704986999615,0.1999174159999006,12.29860653699775,0.0001,64532.14
11.824064399988856,64532.14,3.31,2.093429981998273,0.20026096599983284,12.308739247989749,0.0001,64532.14
11.836249000014504,64521.33,3.31,2.095318595002248,0.2004437350002176,12.319949080013345,0.0001,64532.14
11.848498500010464,64521.33,3.31,2.0972597600016742,0.20079744750036627,12.331388590009837,0.0001,64532.14
11.860625800007258,64564.59,3.31,2.0992032570011974,0.20120938700010887,12.34281641300715,0.0001,64564.59
11.873019399994519,64532.14,3.31,2.1012482009990956,0.2013952909999178,12.355024108994602,0.0001,64564.59
11.881671000010101,64618.7,3.31,2.1027007800018183,0.20160861500065666,12.363637840010506,0.0001,64618.7
11.893974700011313,64683.71,3.31,2.1049154460020363,0.20240835550073544,12.376433688011767,0.0001,64683.71
11.906345099996543,64716.26,3.31,2.1071738434993605,0.20267309800006914,12.389647884496215,0.0001,64716.26
11.918864900013434,64846.64,3.31,2.1094900065024853,0.2024227019997313,12.40335706551471,0.0001,64792.27
11.93144340001163,64792.27,3.31,2.1118170290021516,0.2029149530005234,12.417073306012677,0.0001,64803.13
11.9439040000143,64803.13,3.31,2.1140832000025025,0.203260959999857,12.43046016001487,0.0001,64803.13
11.956242799991742,64944.65,3.32,2.116242489998555,0.2031375720000826,12.443292511991412,0.0001,64803.13
11.967827399988893,64803.13,3.31,2.1181915209981677,0.20325654799977788,12.454753440989283,0.0001,64835.75
11.979963299992962,64835.75,3.31,2.120193944498839,0.20349926599985924,12.46646458449321,0.0001,64835.75
11.992249400005678,64835.75,3.31,2.1220374100008517,0.20392872900019873,12.477401966005052,0.0001,64835.75
12.004376500000944,64781.4,3.31,2.123834592500137,0.20448447250006138,12.487998142500798,0.0001,64835.75
12.01702229998773,64879.28,3.31,2.125668233498221,0.20530644949920243,12.498683843489632,0.0001,64879.28
12.029080000007525,64944.65,3.32,2.127462000001129,0.20563620000011287,12.50905420000651,0.0001,64835.75
12.040872100013075,64879.28,3.31,2.129235175502027,0.20580872100013078,12.519306692512096,0.0001,64835.75
12.05030249999254,64792.27,3.31,2.130696887498844,0.2059030249999254,12.5280298124931,0.0001,64846.64
12.062792300013825,64911.95,3.31,2.1326607295022812,0.2060977305004839,12.539722492513482,0.0001,64846.64
12.075056800007587,65053.78,3.32,2.134684372001252,0.20652698800026556,12.551680380007397,0.0001,64846.64
12.087311700015562,64835.75,3.31,2.1367795475027234,0.20695590950054465,12.56399449251595,0.0001,64835.75
12.099724600004265,64781.4,3.31,2.138951805000746,0.2073903610001493,12.576717715004373,0.0001,64814.01
12.111804499989377,64846.64,3.31,2.1411248099980877,0.20722293250015933,12.589630814988634,0.0001,64803.13
12.124165299988817,64770.54,3.31,2.143370580497931,0.20728743849949682,12.602940176987811,0.0001,64814.01
12.135268200014252,64781.4,3.31,2.1454246170026368,0.2077870690006414,12.615042338015536,0.0001,64803.13
12.147724700014805,64814.01,3.31,2.147729069502739,0.20792275299985194,12.628465429015844,0.0001,64803.13
12.159973500005435,64792.27,3.31,2.1499950975010056,0.20780026499994567,12.641571645005817,0.0001,64792.27
12.172558899997965,64803.13,3.31,2.1521978074996437,0.208867506499827,12.654535666997903,0.0001,64792.27
12.184393800009275,64901.06,3.31,2.1542249770015305,0.2095878760001855,12.666483955009044,0.0001,64792.27
12.196422200009692,64748.82,3.31,2.1562096630015994,0.20982844400019388,12.67821164500945,0.0001,64792.27
12.20522160001565,64857.51,3.31,2.1576615640025825,0.21013497200070427,12.686738844015101,0.0001,64792.27
12.21756920000189,64759.67,3.31,2.159698918000312,0.21069061400008507,12.698654278001825,0.0001,64792.27
12.230106500006514,64792.27,3.31,2.1617170400010424,0.21074946749996742,12.710550642506158,0.0001,64759.67
12.242799200001173,64748.82,3.31,2.163733876000182,0.21086795200007044,12.72244727200107,0.0001,64759.67
12.254341899999417,64672.87,3.31,2.1655229944999097,0.2115605139999651,12.73295112899947,0.0001,64759.67
12.266740599996409,64890.18,3.31,2.167444792999443,0.21186629700001797,12.744267648996713,0.0001,64759.67
12.278973500011489,64748.82,3.31,2.169340892501781,0.21180513249994254,12.755460752510512,0.0001,64759.67
12.291001800011145,64705.4,3.31,2.1712602880017835,0.21207504500027863,12.766741692010477,0.0001,64759.67
12.30325840000296,64759.67,3.31,2.1732376360004886,0.21244662800013325,12.778409524002917,0.0001,64748.82
12.316377800016198,64846.64,3.31,2.175402337002673,0.21303700100072898,12.791332133015956,0.0001,64759.67
12.32846759998938,64814.01,3.31,2.177481829998142,0.21345402799968144,12.803579289989116,0.0001,64803.13
12.340435999998588,64814.01,3.31,2.179578479999746,0.2138108999999647,12.815855619998525,0.0001,64803.13
12.35231119999662,64748.82,3.31,2.181716015999392,0.2141077799999155,12.82826520399647,0.0001,64803.13
12.361752600001637,64716.26,3.31,2.1834067050002868,0.21433505200003275,12.838096415001678,0.0001,64803.13
12.372966700000688,64890.18,3.31,2.1853691725001205,0.21455933400001378,12.849590867500707,0.0001,64814.01
12.38516229999368,64803.13,3.31,2.1874517794989576,0.2147,12.861859053993808,0.0001,64803.13
12.397770000010498,64814.01,3.31,2.1895320500017323,0.2147,12.874214600010289,0.0001,64781.4
12.409758599998895,64759.67,3.31,2.191461375999823,0.21523672299993926,12.885621876998957,0.0001,64781.4
12.422054800001204,64759.67,3.31,2.1934287680001927,0.21583082200001805,12.897252060001145,0.0001,64781.4
12.435370499995768,64868.4,3.31,2.1955592799993227,0.21603055749993652,12.90990197499598,0.0001,64781.4
12.447701800003415,64781.4,3.31,2.1975707970005636,0.21640807200013662,12.921732237003297,0.0001,64759.67
12.459863600000974,64781.4,3.31,2.199577494000161,0.216894544000039,12.93346837400094,0.0001,64759.67
12.472149600012925,64716.26,3.31,2.201604684002133,0.21708224400019388,12.945506608012668,0.0001,64727.1
12.48339790001046,64694.56,3.31,2.2034946325018305,0.217369895000523,12.956597900010461,0.0001,64716.26
12.496055099996738,64672.87,3.31,2.2057096424994294,0.21800275499983693,12.969255099996738,0.0001,64716.26
12.508197299990568,64618.7,3.31,2.2077935409983964,0.2181180270000943,12.981602232490333,0.0001,64705.4
12.517163700016681,64727.1,3.31,2.2093178290028357,0.2180283629998332,12.990792792517098,0.0001,64694.56
12.529600900015794,64716.26,3.31,2.211480157502764,0.21843204050071074,13.00344491351603,0.0001,64672.87
12.541988200013293,64705.4,3.31,2.21363799400226,0.21890994100006647,13.01596831801316,0.0001,64662.04
12.554234400013229,64553.76,3.31,2.215719848002249,0.21897117200006616,13.028092056013097,0.0001,64618.7
12.566520799999125,64532.14,3.31,2.21774332799986,0.2193260399999563,13.040027363999165,0.0001,64597.05
12.578847299999325,64662.04,3.31,2.219715567999892,0.21994236499996622,13.051799171499354,0.0001,64597.05
12.591026300011437,64586.21,3.31,2.221609076501773,0.2204961835005147,13.06309932751058,0.0001,64597.05
12.603477199998451,64597.05,3.31,2.2235389659997598,0.22100431599995357,13.074564251998591,0.0001,64586.21
12.614570600009756,64521.33,3.31,2.2252584430015125,0.2213371180002927,13.08465924600888,0.0001,64575.4
12.627085100015393,64510.52,3.31,2.227233616002463,0.22164170200030786,13.09615371751424,0.0001,64586.21
12.638971400010632,64607.86,3.31,2.229135424001701,0.22187942800021265,13.107148545009837,0.0001,64597.05
12.651245299988659,64640.36,3.31,2.2310992479981855,0.2220686794998299,13.118895487989112,0.0001,64586.21
12.663661900005536,64575.4,3.31,2.2331408325009687,0.2222915475001384,13.130980209505564,0.0001,64575.4
12.672346900013508,64532.14,3.31,2.234660707502364,0.2225086725003377,13.139708634513575,0.0001,64542.96
12.684769300016342,64640.36,3.31,2.23683462750286,0.22286692550057197,13.152336225516914,0.0001,64542.96
12.696422800014261,64607.86,3.31,2.238873990002496,0.22327479800049915,13.164397598014762,0.0001,64542.96
12.708607900014613,64542.96,3.31,2.2410494220026305,0.2235291185002192,13.177310453015638,0.0001,64532.14
12.720925800007535,64521.33,3.31,2.2432666440013564,0.22373703200030146,13.190476719007952,0.0001,64521.33
12.733400800003437,64499.73,3.31,2.245512144000619,0.22423603200013756,13.203637844003628,0.0001,64521.33
12.745614599989493,64478.12,3.31,2.2476825549981614,0.2245842189998424,13.216326891989283,0.0001,64521.33
12.758133900002576,64478.12,3.31,2.249873432500451,0.22477200850003864,13.229096578002627,0.0001,64521.33
12.77014110001619,64521.33,3.31,2.251873281502671,0.2253070550008095,13.240836867015705,0.0001,64499.73
12.782374100002926,64521.33,3.31,2.2538679855004533,0.22578812949998536,13.252584172002694,0.0001,64499.73
12.794567600009033,64542.96,3.31,2.2557579780014003,0.22572716199995485,13.263802192008312,0.0001,64478.12
12.807337100006407,64456.53,3.31,2.2577005650009614,0.22606685500032042,13.275330019005704,0.0001,64478.12
12.818976100010333,64434.94,3.31,2.25944641500155,0.22664880500051676,13.285688729009198,0.0001,64478.12
12.828313100006199,64467.33,3.31,2.2608469650009297,0.226907827500155,13.293957093505487,0.0001,64478.12
12.840798699995503,64597.05,3.31,2.262723798499303,0.22723594149979764,13.305030810495884,0.0001,64478.12
12.852352999994764,64467.33,3.31,2.2645147149991884,0.2277558849997644,13.31560299499521,0.0001,64478.12
12.865216400008649,64445.75,3.31,2.2665607060014272,0.22823041000021624,13.32758166200826,0.0001,64467.33
12.877790800004734,64478.12,3.31,2.2686354820007812,0.22854477000011836,13.33959021400452,0.0001,64467.33
12.890160500013735,64499.73,3.31,2.2707272850023354,0.2288540125003434,13.351911302513805,0.0001,64478.12
12.902397400001066,64488.92,3.31,2.2728315320001924,0.22918390900003735,13.364353231001138,0.0001,64478.12
12.914613500004632,64499.73,3.31,2.2750304300008337,0.22961147250016214,13.377363377504935,0.0001,64467.33
12.925925599993207,64391.82,3.31,2.2771258639987093,0.23003702399972828,13.389707043992425,0.0001,64445.75
12.938208000006853,64434.94,3.31,2.2794595200013017,0.23052832000027412,13.403401920007642,0.0001,64478.12
12.951239299989538,64478.12,3.31,2.281935466998012,0.2307123929998954,13.418044212488232,0.0001,64478.12
12.963276700000279,64434.94,3.31,2.284206189500052,0.2308655340000056,13.431406069000298,0.0001,64478.12
12.975109099992551,64381.03,3.31,2.2863951834986223,0.23110218199985103,13.44406673699203,0.0001,64456.53
12.987021200009622,64434.94,3.31,2.2884233920015395,0.2314808480003849,13.456040352009238,0.0001,64434.94
12.995360900007652,64478.12,3.31,2.2897577440012244,0.2318144360003061,13.464046464007346,0.0001,64434.94
13.00875539999106,64499.73,3.31,2.291769532998704,0.232437769999553,13.475942089992401,0.0001,64434.94
13.02099449999514,64510.52,3.31,2.2935442024992954,0.23299502750002432,13.486340352495894,0.0001,64434.94
13.033474099996965,64456.53,3.31,2.29535374449956,0.23293262950001517,13.496885614497437,0.0001,64434.94
13.045824400003767,64251.9,3.3,2.297173660000565,0.23324946400022606,13.507583716003353,0.0001,64456.53
13.056989500008058,64316.43,3.3,2.298848425001209,0.23391937000048355,13.517520655007173,0.0001,64456.53
13.069408700015629,64391.82,3.31,2.3007583485024226,0.23424113050023443,13.528808960514302,0.0001,64402.6
13.081865599990126,64467.33,3.31,2.3027078239983707,0.23442798399985187,13.540300303990472,0.0001,64402.6
13.09423760001664,64402.6,3.31,2.3047492040027455,0.2346135640002496,13.552239284016059,0.0001,64402.6
13.106943299993873,64607.86,3.31,2.3069150774989278,0.23494301549978555,13.564812732993811,0.0001,64402.6
13.118964399996912,64337.96,3.3,2.3090187699994598,0.23536375399989196,13.576954043996881,0.0001,64402.6
13.13100600001053,64348.72,3.31,2.311126050001843,0.2357301800003159,13.58961133001111,0.0001,64424.17
13.142718399991281,64467.33,3.31,2.3132029039983872,0.2361223279996077,13.602035871990585,0.0001,64424.17
13.15122080000583,64434.94,3.31,2.3147758480010787,0.2365049360002624,13.611218464006297,0.0001,64424.17
13.164478299993789,64424.17,3.31,2.317228485498851,0.23701195749984472,13.625558955493261,0.0001,64424.17
13.176725800003625,64251.9,3.3,2.3194942730006707,0.23731814500009063,13.638847493003935,0.0001,64391.82
13.1891217000084,64424.17,3.31,2.32169629750147,0.23744560850004198,13.651840959508695,0.0001,64391.82
13.201292699988699,64467.33,3.31,2.323813295498135,0.23756463499943495,13.664328064989265,0.0001,64391.82
13.213809100008802,64391.82,3.31,2.3258785015014527,0.23819045500044017,13.676218645008364,0.0001,64391.82
13.22597110000788,64262.65,3.3,2.327795665001182,0.2385,13.687473990007094,0.0001,64381.03
13.23716210000566,64381.03,3.31,2.3294743150008492,0.2385,13.697545890005097,0.0001,64381.03
13.249427300004752,64391.82,3.31,2.331314095000713,0.23887709200019014,13.708537433504254,0.00014713650002376683,64391.82
13.26171500000055,64348.72,3.31,2.3331658250000853,0.23937717500002476,13.719560650000501,0.0002,64391.82
13.273935600009281,64348.72,3.31,2.3350600180014385,0.23992710200041767,13.730681396008446,0.0002,64391.82
13.286380400008056,64262.65,3.3,2.337020864001289,0.240423314000282,13.742133772007493,0.0002,64391.82
13.298540599993428,64434.94,3.31,2.3389664959989487,0.24084892099977004,13.75344275799389,0.0002,64391.82
13.306772999989334,64413.39,3.31,2.3402836799982936,0.2410354599997867,13.761234349989868,0.0002,64391.82
13.320005899993703,64456.53,3.31,2.3424010029989297,0.24130017699981113,13.773805899993704,0.0002,64370.27
13.331448400014779,64467.33,3.31,2.3443462280025127,0.24164345200044338,13.785248400014778,0.0002,64370.27
13.343841800000519,64499.73,3.31,2.346472315000091,0.24213050800003114,13.797757054000533,0.0002,64370.27
13.35626550001325,64348.72,3.31,2.348646462502319,0.2428759300007951,13.810553465013648,0.0002,64370.27
13.368183400016276,64370.27,3.31,2.3508548460030925,0.2431,13.823360823017822,0.0002,64370.27
13.380668600002537,64370.27,3.31,2.3532236910004696,0.24312005800007613,13.837025431002752,0.0002,64370.27
13.392871699994428,64337.96,3.3,2.355481264498969,0.2434861509998329,13.850265794493955,0.0002,64359.49
13.405225199996494,64359.49,3.31,2.3576621579994215,0.2439090079998598,13.863199073996514,0.0002,64359.49
13.41777309999452,64370.27,3.31,2.359732561499096,0.2444109239997808,13.875684234494548,0.0002,64348.72
13.429813299997477,64327.19,3.3,2.3616701279995964,0.24474533249993694,13.887075435497641,0.0002,64337.96
13.441817899991293,64327.19,3.3,2.363590863998607,0.24504544749978233,13.898290646991901,0.0002,64337.96
13.453943000000438,64251.9,3.3,2.3655308800000703,0.24534857500001095,13.909566990000409,0.0002,64327.19
13.463332899991657,64359.49,3.31,2.3670332639986653,0.2456833094995412,13.918399583991993,0.0002,64327.19
13.475549800001318,64294.91,3.3,2.368987968000211,0.24635523900007256,13.930127808001266,0.0002,64327.19
13.488030200009232,64294.91,3.3,2.3710249830015235,0.24680075500023083,13.942108992008864,0.0002,64294.91
13.500416099996073,64337.96,3.3,2.373066575999372,0.24711248299988217,13.95399737549625,0.0002,64294.91
13.511571400013054,64327.19,3.3,2.3748514240020886,0.2474471420003916,13.964650687012467,0.0002,64294.91
13.524913700006437,64219.67,3.3,2.377010760501062,0.24777370550009656,13.977441720506212,0.0002,64294.91
13.537252800015267,64123.1,3.3,2.3790467120025194,0.24795879200022902,13.989348952014733,0.0002,64294.91
13.54932479999843,64133.81,3.3,2.3810852159997333,0.24823311999996078,14.001231551998448,0.0002,64262.65
13.561796900001355,64294.91,3.3,2.3832054730002303,0.2486167985000881,14.013605884501361,0.0002,64241.16
13.573084100004053,64241.16,3.3,2.3851242970006887,0.24935046650026346,14.024949520504073,0.0002,64241.16
13.585088699997868,64241.16,3.3,2.3871650789996375,0.24985088699997868,14.036988699997869,0.0002,64241.16
13.597595200000796,64359.49,3.31,2.389291184000135,0.24997595200000797,14.049495200000797,0.0002,64241.16
13.609743700013498,64262.65,3.3,2.391307710502227,0.25019487400026996,14.061448826013228,0.0002,64241.16
13.621931000001497,64166.0,3.3,2.393318615000247,0.2504965500000749,14.073324795001417,0.0002,64241.16
13.631353300006595,64133.81,3.3,2.3948732945010884,0.2509676650003298,14.082228868506233,0.0002,64241.16
13.643699900014324,64251.9,3.3,2.3968734845022204,0.2515109970004298,14.093840907013323,0.0002,64230.41
13.65489490001346,64155.26,3.3,2.3986087095020863,0.25184684700040383,14.104252257012519,0.0002,64230.41
13.668148500000825,64251.9,3.3,2.400703760000132,0.2524889100000495,14.116578105000768,0.0002,64230.41
13.68040710000787,64230.41,3.3,2.4026651360012594,0.25319592899992127,14.127990816007554,0.0002,64230.41
13.692792000016198,64176.72,3.3,2.404646720002592,0.253072079999838,14.13988032001555,0.0002,64230.41
13.70392329999595,64230.41,3.3,2.4064865774992916,0.25327463099971653,14.15074291649593,0.0002,64230.41
13.716292800003428,64241.16,3.3,2.4086512400006,0.2541404960002401,14.163174264003446,0.0002,64230.41
13.728446099994471,64198.19,3.3,2.4107780674990327,0.2544,14.175599482994306,0.0002,64230.41
13.740735300001688,64251.9,3.3,2.4129286775002954,0.25442941200006763,14.188253682501733,0.0002,64208.92
13.753028600011021,64198.19,3.3,2.4150800050019288,0.25492114400044086,14.200854315011297,0.0002,64208.92
13.765208700002406,64230.41,3.3,2.417185479000409,0.2553041740000481,14.21326078700243,0.0002,64230.41
13.777719400008209,64208.92,3.3,2.4193122980013957,0.25555438800016417,14.225896594008292,0.0002,64230.41
13.786180099996272,64208.92,3.3,2.420719716499385,0.25575450249990683,14.23431829899631,0.0002,64208.92
13.798533499997575,64090.96,3.3,2.4227580274996,0.25606333749993937,14.2465481649976,0.0002,64208.92
13.810459200001787,64284.15,3.3,2.424725768000295,0.2567798480001163,14.2579362400017,0.0002,64208.92
13.82386130001396,64316.43,3.3,2.426898501502164,0.2574579195002094,14.270533089512773,0.0002,64208.92
13.836164400010603,64273.4,3.3,2.428805482001643,0.25764246600015905,14.281790426009701,0.0002,64208.92
13.84833969999454,64133.81,3.3,2.4306926534991535,0.2582420804996451,14.292972523994976,0.0002,64198.19
13.85975360000157,64176.72,3.3,2.4324618080002436,0.2589839840001021,14.303473312001444,0.0002,64187.46
13.872919000015827,64187.46,3.3,2.4345670400025328,0.25945216500055396,14.315973050015035,0.0002,64187.46
13.88419139999314,64273.4,3.3,2.436412537998834,0.25972095699996567,14.326807571993278,0.0002,64187.46
13.896384799998485,64144.55,3.3,2.4384854159997427,0.2597819239999924,14.338757103998516,0.0002,64187.46
13.908590500010177,64198.19,3.3,2.440603337501781,0.2602295250005089,14.351105262510433,0.0002,64187.46
13.92089710000437,64187.46,3.3,2.4427614780007865,0.2608224275001092,14.363768868004719,0.0002,64198.19
13.933233899995685,64144.55,3.3,2.4449821019992233,0.2611308474998921,14.377092611995339,0.0002,64198.19
13.942207799991593,64488.92,3.31,2.446619481998403,0.26144350699945357,14.38683961899071,0.0002,64198.19
13.954289199988125,64219.67,3.3,2.448914947997744,0.26222879799922816,14.400189565986878,0.0002,64187.46
13.967076700006144,64208.92,3.3,2.451309189501137,0.26263538350003074,14.414213603006697,0.0002,64198.19
13.979385300015565,64284.15,3.3,2.4535862805028796,0.2626969265000778,14.427629977016968,0.0002,64187.46
13.99163070000941,64187.46,3.3,2.4556772190015996,0.26322338150042346,14.440047007009504,0.0002,64198.19
14.002917700010585,64176.72,3.3,2.4575668320016937,0.2636583540002117,14.451184284009738,0.0002,64198.19
14.016263099998469,64090.96,3.3,2.4597020959997553,0.2639252619999694,14.463462051998592,0.0002,64198.19
14.028536300000269,64198.19,3.3,2.461537763500039,0.26421340750000677,14.474326581000234,0.0002,64187.46
14.040807200013662,64144.55,3.3,2.4633210800020495,0.2645484320008198,14.484998228011817,0.0002,64187.46
14.05297290001181,64198.19,3.3,2.4651459350017717,0.26527837400070864,14.495521558510216,0.0002,64187.46
14.06510390000767,64230.41,3.3,2.4669655850011507,0.26577655850011506,14.506142471006827,0.0002,64198.19
14.077175699989311,64155.26,3.3,2.4687763549983965,0.2659576354998397,14.516886372990486,0.0002,64198.19
14.089140099997167,64187.46,3.3,2.4706167154995606,0.2665027054998442,14.527808891997394,0.0002,64198.19
14.098356400005287,64208.92,3.3,2.4720452420008194,0.2670096020002908,14.536287888004864,0.0002,64187.46
14.110605800000485,64241.16,3.3,2.47404995700008,0.2676302900000243,14.547981568000466,0.0002,64187.46
14.122822600009385,64251.9,3.3,2.476079842001596,0.2681846780002816,14.559836713009433,0.0002,64155.26
14.135395099991001,64133.81,3.3,2.4782171669984705,0.26856185299973007,14.572472075490957,0.0002,64144.55
14.147473499993794,64123.1,3.3,2.4803452299988833,0.26914840999962764,14.585134012493329,0.0002,64133.81
14.159740100003544,64144.55,3.3,2.482553218000638,0.26988440600021263,14.59832060750381,0.0002,64133.81
14.170944500016049,64112.37,3.3,2.4847341775031295,0.2700094450001605,14.610857840017974,0.0002,64123.1
14.184182600001805,64090.96,3.3,2.487273781000334,0.2703300430000993,14.625600860001986,0.0002,64123.1
14.196573799999896,64016.03,3.3,2.489566152999981,0.27101155899999435,14.639231179999888,0.0002,64112.37
14.208892099995865,64123.1,3.3,2.4917561174992766,0.2715112234998553,14.652203323495721,0.0002,64090.96
14.22015119998832,64144.55,3.3,2.4937241919981314,0.27190529199959124,14.66384061598914,0.0002,64090.96
14.23233200001414,64080.24,3.3,2.495673120002263,0.27233162000049493,14.67516876001315,0.0002,64090.96
14.244299599988153,64090.96,3.3,2.4975234419982826,0.2727719839995262,14.686040651989694,0.0002,64090.96
14.256561000016516,64048.12,3.3,2.499301345002395,0.27326244000066063,14.696708070014369,0.0002,64090.96
14.265113400004338,64090.96,3.3,2.5005670100006507,0.2736812370002386,14.704097524003732,0.0002,64112.37
14.277779099997133,64144.55,3.3,2.5024668649995703,0.27437785049984237,14.714990025997535,0.0002,64090.96
14.290046100009931,64144.55,3.3,2.50430691500149,0.27475115250024834,14.72589125950889,0.0002,64090.96
14.302344800002173,64069.53,3.3,2.5061751680003477,0.2750586200000544,14.737027560002065,0.0002,64090.96
14.315018299996153,64112.37,3.3,2.5082029279993847,0.2753754574999039,14.749067384996346,0.0002,64069.53
14.326853400008986,64123.1,3.3,2.5101650780015277,0.2757741360003595,14.760653400008987,0.0002,64069.53
14.339060700003756,64026.72,3.3,2.5122403190006386,0.2762624280001503,14.772860700003756,0.0002,64058.82
14.351725000014993,64026.72,3.3,2.514510500002699,0.2768862500007496,14.785994000015593,0.0002,64058.82
14.363392600003863,64058.82,3.3,2.516610668000695,0.2774017780001159,14.798230082004135,0.0002,64037.41
14.375625999993645,64058.82,3.3,2.5188126799988564,0.27776877999980937,14.811319819993201,0.0002,64026.72
14.387818699993659,64005.33,3.3,2.521046459498827,0.2784864024995245,14.824405102493184,0.0002,64026.72
14.400026399991475,63983.94,3.3,2.523304619998508,0.2794,14.837527851991007,0.0002,64026.72
14.412279200012563,64016.03,3.3,2.5254488600021987,0.2794,14.850454556013254,0.0002,64016.03
14.420957599999383,64037.41,3.3,2.526967579999892,0.2794383039999753,14.859567175999377,0.0002,64005.33
14.43335790000856,63983.94,3.3,2.529137632501498,0.27993431600034235,14.872091479008645,0.0002,63994.64
14.445306800014805,64069.53,3.3,2.531149088002369,0.2804122720005922,14.883814926013992,0.0002,63994.64
14.45866659999592,63994.64,3.3,2.5332866559993477,0.28094666399983687,14.896439936996146,0.0002,63994.64
14.47098270000424,63994.64,3.3,2.5352023185006574,0.2816040485002333,14.907858997503924,0.0002,63994.64
14.48339420001139,63983.94,3.3,2.5371261010017654,0.2821678840002278,14.919271751010308,0.0002,63994.64
14.494861300016055,63983.94,3.3,2.5389035015024883,0.2823972260003211,14.92964947651453,0.0002,63994.64
14.50761989998864,63887.84,3.3,2.5408810844982392,0.282880994999432,14.941157909989776,0.0002,63994.64
14.520169099996565,64069.53,3.3,2.542826210499468,0.2835033819999313,14.952454726496857,0.0002,63983.94
14.53140120001626,64005.33,3.3,2.5445671860025207,0.2837280240003252,14.962732098014879,0.0002,63983.94
14.544212600012543,63994.64,3.3,2.5465950790020697,0.2841527560007526,14.97464409601204,0.0002,63983.94
14.555753299995558,63941.22,3.3,2.5484992944992673,0.28484519799973357,14.985723167995738,0.0002,63983.94
14.567933000013,63823.89,3.3,2.55054861000221,0.28545698500058503,14.997812330013131,0.0002,63983.94
14.57637560000876,63983.94,3.3,2.5519838520014893,0.2858369020003942,15.006339356008848,0.0002,63983.94
14.589798000000883,63973.26,3.3,2.5543146500001543,0.2863919200000353,15.020189920000918,0.0002,63973.26
14.602028299996165,64005.33,3.3,2.5564549524993287,0.2868,15.032899290496031,0.0002,63973.26
14.613792999996805,64133.81,3.3,2.558513774999441,0.2868,15.045075754996695,0.0002,63973.26
14.625897399993844,63738.73,3.29,2.560602557998954,0.28727179199950764,15.057397399993846,0.0002,63973.26
14.638202100002673,63962.57,3.3,2.5626943570004546,0.28825616800021386,15.069702100002674,0.0002,63973.26
14.650520800001685,63973.26,3.3,2.5647885360002864,0.2886104160000337,15.08186298800166,0.0002,63973.26
14.663392399990698,64005.33,3.3,2.5669767079984185,0.2889865819994884,15.094558475990793,0.0002,63962.57
14.676012100011578,63909.18,3.3,2.569122057001968,0.28968066550063676,15.107051979011462,0.0002,63962.57
14.687277299992274,63930.53,3.3,2.5710007544987254,0.2900455459998455,15.118240913492315,0.0002,63930.53
14.699138900003163,64026.72,3.3,2.572957918500522,0.2902827780000633,15.13004320550315,0.0002,63930.53
14.711303799995221,63866.52,3.3,2.575021645999188,0.29086518999976113,15.142147280995246,0.0002,63930.53
14.723694200016325,63962.57,3.3,2.5771280140027755,0.2914108260004898,15.154457258016164,0.0002,63930.53
14.732064200012244,63919.86,3.3,2.5785509140020815,0.2916619260003674,15.162743558012124,0.0002,63930.53
14.744487599993588,63930.53,3.3,2.5806404539989423,0.2921243799996795,15.17497540999375,0.0002,63930.53
14.756892800010974,63845.2,3.3,2.582687312001811,0.2927446400005487,15.1870704800107,0.0002,63919.86
14.768970200006153,63994.64,3.3,2.5846800830010155,0.2931691060001846,15.198801094005969,0.0002,63898.52
14.78151540001272,63951.89,3.3,2.586750041002099,0.29357577000063606,15.21099266901253,0.0002,63919.86
14.794019799999662,63866.52,3.3,2.5888132669999444,0.2942009899999831,15.223309502999667,0.0002,63898.52
14.80679760000203,63728.1,3.29,2.5909555920003453,0.2945679760000203,15.23596361200202,0.0002,63898.52
14.8192868999904,63898.52,3.3,2.593078772998368,0.29469286899990405,15.24839046549045,0.0002,63898.52
14.830412100011017,63823.89,3.3,2.5949179965018176,0.2952206050005509,15.259251797510743,0.0002,63898.52
14.843028900009813,63930.53,3.3,2.59698462400157,0.2957908670002944,15.271432021509174,0.0002,63887.84
14.855253699992318,63855.85,3.3,2.5989405919987707,0.29615761099976956,15.282862209492817,0.0002,63887.84
14.86750409999513,64048.12,3.3,2.600863135499245,0.29701288949953747,15.294053689995618,0.0002,63898.52
14.879331900010586,63941.22,3.3,2.6026964445016407,0.29813653050100575,15.304698710009529,0.0002,63898.52
14.891520100005437,63887.84,3.3,2.604585615500843,0.2983152010000544,15.315898492005003,0.0002,63919.86
14.899866399995517,63813.23,3.3,2.6058792919993055,0.2983986639999552,15.323577087995877,0.0002,63919.86
14.912269299995387,63962.57,3.3,2.607924434499239,0.29913615799972326,15.335478527995573,0.0002,63909.18
14.925499700009823,63919.86,3.3,2.61013494900167,0.2996824955001473,15.348482195509972,0.0002,63919.86
14.93794830000843,63866.52,3.3,2.612251211001433,0.29986922450012643,15.361117524508558,0.0002,63909.18
14.950177999999141,63919.86,3.3,2.6144320399998455,0.3003580099999614,15.37398867999909,0.0002,63909.18
14.962583599990467,63855.85,3.3,2.6166779659982367,0.3009291799995234,15.387216123989608,0.0002,63909.18
14.974897800013423,63909.18,3.3,2.6189560930024833,0.3015448900006712,15.400638602014633,0.0002,63909.18
14.987193300010405,64037.41,3.3,2.621194794001873,0.3020877320004163,15.413860864511083,0.0002,63909.18
14.999352499988163,63909.18,3.3,2.623383449997869,0.3025740999995265,15.426810412487393,0.0002,63887.84
15.01050309999846,63887.84,3.3,2.625285526999738,0.30312515499992293,15.43800309999846,0.0002,63898.52
15.02298899999005,63791.94,3.3,2.627378239998408,0.30379428499935324,15.450249879990846,0.0002,63887.84
15.035141200001817,63855.85,3.3,2.629322592000291,0.30458417800011817,15.461429904001672,0.0002,63898.52
15.047268099995563,63909.18,3.3,2.631190214999335,0.3049363404999778,15.472295927996095,0.0002,63887.84
15.05563990000519,63845.2,3.3,2.632445985000779,0.30497819950002597,15.479663112004568,0.0002,63866.52
15.067877399997087,63898.52,3.3,2.6342816099995634,0.3055514179997961,15.490550272997394,0.0002,63866.52
15.080279899993911,63866.52,3.3,2.6361433844990563,0.3063972010000609,15.50165610849443,0.0002,63855.85
15.092616900015855,63898.52,3.3,2.638055619502458,0.30627383099984146,15.512944463514508,0.0002,63855.85
15.104909299989231,63802.58,3.3,2.639985487998277,0.30669092999892317,15.524314741989878,0.0002,63866.52
15.11809100001119,63855.85,3.3,2.6420945600017904,0.30800910000111914,15.536705540010521,0.0002,63855.85
15.129334099998234,63941.22,3.3,2.6439867969997,0.3082,15.547787429498245,0.0002,63866.52
15.141729499999201,63823.89,3.3,2.6461113099998563,0.3083643024999242,15.560215974999164,0.0002,63855.85
15.154088700015565,63845.2,3.3,2.6483359660028016,0.3095384265014787,15.573193135016345,0.0002,63855.85
15.166854300012345,63898.52,3.3,2.6506680455022837,0.3101685430001234,15.587008273013701,0.0002,63855.85
15.179150700016182,63611.28,3.29,2.6529428795029935,0.31029150700016184,15.600657277017962,0.0002,63887.84
15.190535700006876,63898.52,3.3,2.6551544615013407,0.3106687495002407,15.613452662507736,0.0002,63887.84
15.203024399990682,63834.54,3.3,2.657544391998323,0.3112268299993012,15.627366351989938,0.0002,63887.84
15.212353600014467,63887.84,3.3,2.6592236480026044,0.31192652000108506,15.637441888015625,0.0002,63887.84
15.224471399997128,63887.84,3.3,2.661360137999512,0.31256707099995695,15.6500596149972,0.0002,63898.52
15.236914200009778,63941.22,3.3,2.6634754140016628,0.3127537130001467,15.662191345009536,0.0002,63898.52
15.248212800011968,63887.84,3.3,2.6652319200017955,0.31345702400095765,15.672509392010653,0.0002,63898.52
15.261515899997903,63962.57,3.3,2.667219805499696,0.3144909539998743,15.684311253498187,0.0002,63919.86
15.273942400002852,63919.86,3.3,2.669021648000414,0.31523654400017126,15.69506017600247,0.0002,63941.22
15.2850066999963,63941.22,3.3,2.670651004999445,0.315700133999926,15.70460576199682,0.0002,63941.22
15.298247800004901,64123.1,3.3,2.672637170000735,0.315964956000098,15.715993108004215,0.0002,63941.22
15.310817599995062,63877.18,3.3,2.674522639999259,0.3167572319996543,15.72718175199558,0.0002,63941.22
15.322802300011974,63941.22,3.3,2.6763483680019156,0.3173019194995809,15.738062185011374,0.0002,63941.22
15.334013999992749,63973.26,3.3,2.6781422399988397,0.3169095100002538,15.748713299993112,0.0002,63941.22
15.34634640000877,63941.22,3.3,2.680178888001491,0.3173981040009647,15.760714668008726,0.0002,63941.22
15.358448799990583,63866.52,3.3,2.682236295998399,0.31872936799896423,15.77275655599063,0.0002,63951.89
15.366990000009537,63845.2,3.3,2.6837232500016692,0.31900485000014306,15.78153465000987,0.0002,63941.22
15.380324600002497,63994.64,3.3,2.686060051000462,0.31922596800019987,15.795350568002698,0.0002,63941.22
15.39258549999795,63962.57,3.3,2.688328317499621,0.320206839999836,15.808592339997785,0.0002,63941.22
15.404820199997628,64133.81,3.3,2.690591736999562,0.32092050499994074,15.821829916997428,0.0002,63930.53
15.417286500014598,63951.89,3.3,2.6928980025027007,0.32123216250036496,15.83535585251584,0.0002,63909.18
15.429486700013513,63877.18,3.3,2.695107606002433,0.3218217685007433,15.848308468514258,0.0002,63930.53
15.44069779998972,63909.18,3.3,2.6971151369983044,0.322445356999332,15.860087332989877,0.0002,63951.89
15.454019299999345,63930.53,3.3,2.699313184499892,0.32331125449995746,15.873209010499355,0.0002,63930.53
15.466167900012804,63909.18,3.3,2.7012868640020486,0.3239158765004481,15.884836147011907,0.0002,63909.18
15.478675399994245,63877.18,3.3,2.703288063999079,0.3243536389997986,15.896468121994648,0.0002,63909.18
15.490509600000223,64005.33,3.3,2.7050764400000333,0.3247678360000078,15.907158640000201,0.0002,63909.18
15.502646000008099,63951.89,3.3,2.706896900001215,0.32519261000028343,15.918002020007044,0.0002,63930.53
15.514021400013007,63887.84,3.3,2.708603210001951,0.32559074900045526,15.927898618011316,0.0002,63930.53
15.522531099995831,63887.84,3.3,2.7098796649993746,0.3258506219999166,15.93534002349631,0.0002,63951.89
15.534863800014136,63951.89,3.3,2.7117295700021202,0.3260972760002827,15.94625446301251,0.0002,63951.89
15.547360199998366,63994.64,3.3,2.7136776319997384,0.3269360199998367,15.957608184998488,0.0002,63951.89
15.559622200002195,64048.12,3.3,2.7156395520003516,0.32816222000021966,15.968950535002032,0.0002,63951.89
15.571668799995678,63919.86,3.3,2.717625351999287,0.3282583439999784,15.980852111995723,0.0002,63941.22
15.584167599998182,63951.89,3.3,2.7197501679996727,0.3286750839998365,15.993475979998093,0.0002,63951.89
15.59635810001055,63941.22,3.3,2.721944458001899,0.32977222900094966,16.00627600501108,0.0002,63951.89
15.609443299996201,63887.84,3.3,2.7243470104992973,0.3301,16.0202987639959,0.0002,63941.22
15.620976900012465,63994.64,3.3,2.7264758420022437,0.33015861400074786,16.032740398513276,0.0002,63919.86
15.6341703000071,63919.86,3.3,2.728850654001278,0.3309502180004259,16.04679136950756,0.0002,63919.86
15.646083800005727,63962.57,3.3,2.7309646650010024,0.3314520950001431,16.05920547600584,0.0002,63941.22
15.657632399990689,63898.52,3.3,2.732985669998371,0.3317408099997672,16.0709850479905,0.0002,63941.22
15.670171800011303,63866.52,3.3,2.735078347001865,0.3322068720004521,16.083368364011076,0.0002,63941.22
15.682149600004777,63887.84,3.3,2.7370439360007643,0.3327504720003344,16.095009876004468,0.0002,63962.57
15.691631199995753,63941.22,3.3,2.7385609919993206,0.33341418399970274,16.10387517199603,0.0002,63962.57
15.702766800008249,63994.64,3.3,2.7403288540012785,0.3340968380002887,16.11427312400767,0.0002,63962.57
15.715026499994565,64069.53,3.3,2.7422291074991576,0.3345259274998098,16.125674644994945,0.0002,63962.57
15.727261599997291,63962.57,3.3,2.744161855999567,0.33484523199994587,16.137125903997454,0.0002,63973.26
15.739703700004611,64026.72,3.3,2.746152592000738,0.3350940740000923,16.148821478004336,0.0002,63973.26
15.751972199999727,64005.33,3.3,2.7481155519999567,0.33581833199998373,16.16023414599975,0.0002,63994.64
15.76504100000602,63973.26,3.3,2.7502065600009638,0.3363252050000301,16.17243854000566,0.0002,63994.64
15.777474400005303,63951.89,3.3,2.7521959040008492,0.3363873720000265,16.184125936004985,0.0002,63983.94
15.789698200009298,63994.64,3.3,2.7542002030015342,0.33722434700079035,16.196101218009204,0.0002,63973.26
15.80176920001395,63919.86,3.3,2.756218456002511,0.3381,16.208131122014436,0.0002,63983.94
15.81389940000372,64016.03,3.3,2.7584018920006694,0.3381,16.22068587900385,0.0002,63983.94
15.826057700003728,63973.26,3.3,2.7605600975006523,0.3386451930003355,16.23326971950386,0.0002,63983.94
15.837973499990767,63983.94,3.3,2.762645362498384,0.339717614999169,16.24560257249044,0.0002,63983.94
15.847102100000486,63941.22,3.3,2.7641718465000804,0.34007755250001215,16.25473107900048,0.0002,63994.64
15.85843880000175,64016.03,3.3,2.766042402000289,0.3403609700000437,16.26595441200173,0.0002,63983.94
15.870702100015478,64069.53,3.3,2.7680123360024766,0.3412026575011609,16.27755997401455,0.0002,64005.33
15.883185799990315,64090.96,3.3,2.7700097279984504,0.34201150299966104,16.289278722990947,0.0002,64005.33
15.895558899996105,63877.18,3.3,2.771989423999377,0.34244456149986374,16.30084757149636,0.0002,64016.03
15.908285999990767,64101.66,3.3,2.7740671899984766,0.3430142999995384,16.313078849990998,0.0002,64016.03
15.919839800015325,63951.89,3.3,2.7759735670025285,0.34359199000076635,16.324343805014944,0.0002,64016.03
15.932980500016129,64005.33,3.3,2.778206685002742,0.34424902500080656,16.33741559751605,0.0002,64005.33
15.945469900005264,64037.41,3.3,2.7803572325009216,0.344764097000158,16.34997929800537,0.0002,64005.33
15.95752550000907,64026.72,3.3,2.782466962501587,0.3451257650002721,16.36227601000925,0.0002,64005.33
15.96963100001449,63909.18,3.3,2.7845854250025357,0.34558524000057955,16.374912550015214,0.0002,64005.33
15.981479100009892,64005.33,3.3,2.7866662380017804,0.3460887460005935,16.38733826401029,0.0002,64005.33
15.993665099987993,63973.26,3.3,2.788859717997839,0.3468199059992796,16.400011703987513,0.0002,64005.33
16.002838399988832,64026.72,3.3,2.7904825279981016,0.34725676799977667,16.409452591988778,0.0002,64005.33
16.01525729999412,64005.33,3.3,2.7925937409990005,0.3475051459998824,16.42193358649409,0.0002,64005.33
16.027431599999545,63962.57,3.3,2.794626213999925,0.3482316859999614,16.433834335999563,0.0002,64005.33
16.039719799999148,64155.26,3.3,2.7966537669998597,0.34927618299992763,16.445631007999186,0.0002,64005.33
16.051996700000018,63994.64,3.3,2.798619472000003,0.3493,16.45711691450002,0.0002,64005.33
16.06437159999041,64069.53,3.3,2.8005775979985135,0.34975901799899306,16.46864372999113,0.0002,64005.33
16.076573900005314,64198.19,3.3,2.802468954500824,0.35104025950055817,16.479930857504918,0.0002,64005.33
16.087830900010886,63941.22,3.3,2.8042137895016874,0.3514391545000544,16.4901478100098,0.0002,64048.12
16.100079199997708,64058.82,3.3,2.8061118799996563,0.35150514799985116,16.501170487997964,0.0002,64048.12
16.112520499998936,63983.94,3.3,2.8079780749998404,0.35231383249993087,16.512243244999052,0.0002,64048.12
16.124465300003067,63994.64,3.3,2.8098144480004903,0.3531125710002146,16.523075055502865,0.0002,64048.12
16.137288400001125,64048.12,3.3,2.81186614400018,0.3540101880000788,16.53506465400105,0.0002,64048.12
16.149325100006536,64048.12,3.3,2.813885267001111,0.3546662550003268,16.546925100006536,0.0002,64048.12
16.161309099989012,64069.53,3.3,2.8159290924980773,0.35527200049939567,16.558968009488517,0.0002,64048.12
16.169652500015218,64005.33,3.3,2.817389187502663,0.355730887500837,16.567686862515902,0.0002,64048.12
16.182901699998183,64144.55,3.3,2.819736814499664,0.35648861049988195,16.581633835998037,0.0002,64048.12
16.19521549998899,64069.53,3.3,2.8220148674979635,0.3572890074992844,16.59493273998811,0.0002,64048.12
16.206656399997883,64005.33,3.3,2.8241314339996086,0.3577996919999365,16.607422039997672,0.0002,64048.12
16.219905000005383,64037.41,3.3,2.826582425000996,0.35819715000016156,16.621995500005923,0.0002,64048.12
16.23223809999763,64048.12,3.3,2.8288028579995737,0.3589954764998461,16.635133576497477,0.0002,64048.12
16.244689799990738,64048.12,3.3,2.830997265998426,0.3596875919996296,16.647996003990926,0.0002,64048.12
16.255752199998824,63983.94,3.3,2.8328778739998004,0.36013008799995305,16.65883715599885,0.0002,64048.12
16.26813010001206,64166.0,3.3,2.834819515001809,0.36082845650078393,16.670276439510793,0.0002,64048.12
16.28110530000413,64016.03,3.3,2.8367657950006193,0.3616552650002065,16.681856084503575,0.0002,64048.12
16.292557700013276,64058.82,3.3,2.8384836550019914,0.36222788500066383,16.691762410511483,0.0002,64058.82
16.305083699990064,64112.37,3.3,2.8403625549985096,0.3628796034994535,16.702699074491207,0.0002,64090.96
16.316812700009905,64090.96,3.3,2.842121905001486,0.36352469850054475,16.713079239508765,0.0002,64112.37
16.32527349999873,64048.12,3.3,2.843417392499803,0.36406914499991105,16.72080435499882,0.0002,64112.37
16.33780919999117,64176.72,3.3,2.8453604259986314,0.3649466439993819,16.732462555991788,0.0002,64090.96
16.350089100014884,64133.81,3.3,2.847364701502456,0.36570534600089305,16.74418553601429,0.0002,64112.37
16.36229690001346,64144.55,3.3,2.8493904730022885,0.36643781400080777,16.75599690001346,0.0002,64112.37
16.374863000004552,64187.46,3.3,2.851526710000774,0.3671917800002732,16.768563000004555,0.0002,64112.37
16.387268599995878,64080.24,3.3,2.853708347999258,0.36793611599975273,16.78144105899561,0.0002,64112.37
16.40018090000376,64037.41,3.3,2.8560343710007148,0.3687063315001317,16.795201703504198,0.0002,64112.37
16.412545600003796,64112.37,3.3,2.8583836640007214,0.36913909600013295,16.808988344004234,0.0002,64112.37
16.424901699996553,64112.37,3.3,2.8607313229993454,0.3697186104997761,16.82276539549616,0.0002,64090.96
16.436948899994604,64112.37,3.3,2.8630202909989753,0.3705016784996494,16.83619802349399,0.0002,64090.96
16.448917400004575,64090.96,3.3,2.8652051320008236,0.37105669600018304,16.848963270004806,0.0002,64090.96
16.460932099987986,63994.64,3.3,2.8673537964980174,0.37155126549933915,16.861508797488288,0.0002,64090.96
16.47288970000227,64069.53,3.3,2.8693268005003745,0.3722089335001248,16.873167457502213,0.0002,64090.96
16.481053900002735,64026.72,3.3,2.87065808500041,0.37266323400016405,16.88103270150242,0.0002,64090.96
16.493393500015372,64123.1,3.3,2.8725090250023055,0.37340361000092237,16.891953247513605,0.0002,64069.53
16.505673000006936,64144.55,3.3,2.874294220000971,0.3740269200002775,16.90250859000576,0.0002,64058.82
16.51799990001018,64090.96,3.3,2.8760199860014257,0.37451999600040725,16.91273991700845,0.0002,64058.82
16.5303605000081,64058.82,3.3,2.877802272501175,0.3753770375006076,16.923154622506846,0.0002,64069.53
16.5424098999938,64048.12,3.3,2.87956148499907,0.376196395999752,16.93346890999442,0.0002,64058.82
16.55477630000678,64058.82,3.3,2.881416445001017,0.3766910520002712,16.9445986700061,0.0002,64058.82
16.567998100013938,63994.64,3.3,2.8835196865023,0.3772599145006273,16.95701816651345,0.0002,64058.82
16.57965269999113,64069.53,3.3,2.8854426954985364,0.3777843714996009,16.96826485549144,0.0002,64048.12
16.591818599990802,64080.24,3.3,2.8875682549983903,0.37833183699958617,16.980595878990666,0.0002,64048.12
16.604054700001143,64005.33,3.3,2.889729846000206,0.3789635555000744,16.993197982001213,0.0002,64048.12
16.616137400007574,64005.33,3.3,2.891904732001363,0.3797489310004923,17.00600564400803,0.0002,64048.12
16.628679999994347,64037.41,3.3,2.894205799998954,0.38052079999966076,17.019517799993867,0.0002,64037.41
16.637719699996524,63962.57,3.3,2.8958781444993567,0.3810631819997914,17.029325874496227,0.0002,64037.41
16.649964899988845,64101.66,3.3,2.898093681997992,0.3816982449994422,17.042611916487896,0.0002,64005.33
16.662154399993597,64133.81,3.3,2.9002877919988475,0.3823184919996478,17.055719031993405,0.0002,64005.33
16.67459099998814,64048.12,3.3,2.9025263799978656,0.38300250499934774,17.068528729987786,0.0002,64005.33
16.68671209999593,63919.86,3.3,2.9046074964993287,0.38387052849965403,17.08067785799601,0.0002,64005.33
16.69928619998973,63930.53,3.3,2.9066822229983056,0.384939326999127,17.093000475989932,0.0002,63983.94
16.710421099996893,64005.33,3.3,2.908467375999503,0.38572947699978255,17.103600044997048,0.0002,63983.94
16.722590099991066,64037.41,3.3,2.910414415998571,0.38651655449959804,17.115095842491737,0.0002,63973.26
16.73484270001063,63973.26,3.3,2.912374832001701,0.3870679215004785,17.126429497509836,0.0002,63973.26
16.747401700005867,63951.89,3.3,2.91431025500088,0.3875960680002347,17.13786153000528,0.0002,63973.26
16.759558699995978,63983.94,3.3,2.916133804999397,0.3880823479998392,17.14880282999638,0.0002,63973.26
16.771537599997828,63887.84,3.3,2.9179883279996637,0.3887922559998698,17.15958383999805,0.0002,63983.94
16.78432450001128,63973.26,3.3,2.919991920001805,0.3895162250005641,17.17130827501072,0.0002,63973.26
16.796118600002956,63983.94,3.3,2.921878976000473,0.39010593000014776,17.182512670002808,0.0002,63973.26
16.805733299988788,63951.89,3.3,2.9234746609980937,0.390758663999103,17.191933299988786,0.0002,63973.26
16.817780500015942,64058.82,3.3,2.92552268500271,0.3917224400012754,17.20398050001594,0.0002,63973.26
16.830303099995945,64037.41,3.3,2.92770304249929,0.39262121699971614,17.21681219299582,0.0002,63962.57
16.842586300015682,63962.57,3.3,2.929865534002823,0.39348104100109776,17.22948975201631,0.0002,63962.57
16.854740400012815,63973.26,3.3,2.9320532720023067,0.3943318280008971,17.242130016013327,0.0002,63951.89
16.86694490001537,63919.86,3.3,2.9342153575026897,0.3948388980003074,17.25475324701583,0.0002,63951.89
16.878320199990412,63909.18,3.3,2.9362060349983223,0.39506640399980825,17.266469805990127,0.0002,63919.86
16.89050139999017,63909.18,3.3,2.9382327309983785,0.3958350979993121,17.27859638599027,0.0002,63919.86
16.903103399992688,63919.86,3.3,2.9403120609987936,0.39668620399956134,17.290963746993018,0.00021551699996344559,63919.86
16.91520690001198,63919.86,3.3,2.942309138501977,0.39741241400071897,17.302522589511444,0.00027603450005991327,63919.86
16.92750469999737,63951.89,3.3,2.9443007519995796,0.39818780549982924,17.314342035497464,0.0003,63919.86
16.939806300011696,63898.52,3.3,2.9462690080018716,0.39898740950076045,17.326213079511287,0.0003,63909.18
16.951805999997305,63909.18,3.3,2.948307019999542,0.39976738999982486,17.338028909997345,0.0003,63909.18
16.960075600014534,63845.2,3.3,2.9497128520024707,0.40030340200065395,17.34617522201446,0.0003,63909.18
16.97343300000648,63983.94,3.3,2.9519836100011014,0.4009044850002916,17.359465835006446,0.0003,63898.52
16.98577510000905,63951.89,3.3,2.9540528915014934,0.40157538150058825,17.37171734900896,0.0003,63866.52
16.998015999997733,63823.89,3.3,2.956072639999626,0.4023710399998527,17.383835839997754,0.0003,63866.52
17.01049210000201,63855.85,3.3,2.958131196500332,0.40344428900018103,17.395977337001952,0.0003,63855.85
17.022798299993156,63866.52,3.3,2.9601757109988367,0.4044539064996236,17.407942333993294,0.0003,63845.2
17.034840000007534,63845.2,3.3,2.962222800001281,0.40511620000041443,17.419743200007385,0.0003,63845.2
17.047188199998345,63738.73,3.29,2.9642860529997273,0.40608287899984286,17.431916317998365,0.0003,63834.54
17.058476000005612,63919.86,3.3,2.966148540000926,0.4071552200005333,17.443091240005558,0.0003,63834.54
17.07158009998966,63834.54,3.3,2.9683686169982426,0.4074737014998449,17.45600639848982,0.0003,63834.54
17.08366579998983,63823.89,3.3,2.9703865279983734,0.40789326399918663,17.467800838990293,0.0003,63834.54
17.095752299996093,63802.58,3.3,2.9723203679993753,0.4088601839996876,17.47934344649627,0.0003,63834.54
17.107585899997503,63834.54,3.3,2.9742137439996004,0.4095413654998877,17.490379027997704,0.0003,63834.54
17.116854399995646,63813.23,3.3,2.975696703999303,0.409958447999804,17.49890604799599,0.0003,63834.54
17.129160899989074,63866.52,3.3,2.977665743998252,0.4108328719991259,17.51050285498962,0.0003,63823.89
17.14160339999944,63813.23,3.3,2.9796645609999075,0.4117641359999776,17.52237934899945,0.0003,63813.23
17.153854700009106,63866.52,3.3,2.9816860255015025,0.41225418800036423,17.53444687950897,0.0003,63813.23
17.166076199995587,63834.54,3.3,2.9837633349992276,0.4128949529997131,17.546606580995565,0.0003,63813.23
17.17829320000601,63802.58,3.3,2.985901310001052,0.4136890580003907,17.55888466600604,0.0003,63802.58
17.19059000001289,63728.1,3.29,2.9880532500022556,0.41480605000122456,17.571507700013278,0.0003,63738.73
17.202953900006833,63696.22,3.29,2.990216932501196,0.41583292550030754,17.584301595007176,0.0003,63738.73
17.21543300000485,63738.73,3.29,2.992400775000849,0.41639448500021836,17.597404650005092,0.0003,63728.1
17.227306999993743,63717.46,3.29,2.994515259998874,0.4170384199996247,17.60994541999337,0.0003,63717.46
17.238544299994828,63738.73,3.29,2.9965379739990694,0.41771265799968976,17.62185695799452,0.0003,63696.22
17.25075169999036,63685.59,3.29,2.9986674005246416,0.4185922305256055,17.634264875779735,0.0003,63696.22
17.26307449999149,63621.9,3.29,3.000721547498681,0.4190066475003829,17.646456677492385,0.0003,63685.59
17.272298600000795,63674.97,3.29,3.0021512830001233,0.4185915629999642,17.654712247000713,0.0003,63685.59
17.285435900004813,63621.9,3.29,3.003832692500361,0.4184439745002648,17.66449615500217,0.0003,63674.97
17.296177500014892,63685.59,3.29,3.004638312501117,0.41903476250081917,17.669329875006703,0.0003,63674.97
17.30839720001677,63706.84,3.29,3.004963013999916,0.4192260279998323,17.671352055999666,0.0003,63632.5
17.321403800015105,63674.97,3.29,3.004883847999396,0.41910403800015106,17.67100510699645,0.0003,63632.5
17.333000300015556,63632.5,3.29,3.004419987999378,0.41922000300015555,17.668279929496343,0.0003,63632.5
17.345378199999686,63579.48,3.29,3.0038373080000187,0.41879650700003584,17.664736284000117,0.0003,63632.5
17.357624500000384,63632.5,3.29,3.003102529999977,0.41738818249995585,17.660082689999854,0.0003,63632.5
17.370095799997216,63558.28,3.29,3.0020358990002642,0.4163632940001949,17.653751831001546,0.0003,63611.28
17.382208600000013,63611.28,3.29,3.000891225999999,0.4156181290000002,17.647059441999993,0.0003,63611.28
17.39472690000548,63653.73,3.29,2.999764578999507,0.41580590350008223,17.640424742997094,0.0003,63611.28
17.407015900011174,63611.28,3.29,2.9989593639995533,0.41547888699921776,17.63577650199754,0.0003,63611.28
17.418604900012724,63579.48,3.29,2.998495803999491,0.41466765699910924,17.6332269219972,0.0003,63632.5
17.430939799989574,63547.69,3.29,2.9982012040002086,0.41385391300067764,17.631358127001405,0.0003,63611.28
17.44032240001252,63632.5,3.29,2.9980135519997497,0.4132440439991862,17.63009147599831,0.0003,63611.28
17.452767300012056,63717.46,3.29,2.9972351254992167,0.41172908749849285,17.62576377199566,0.0003,63611.28
17.46507780000684,63664.34,3.29,2.9960883299989742,0.410394164999487,17.61915036899388,0.0003,63611.28
17.477408600010676,63653.73,3.29,2.9942387099983985,0.4094693549991992,17.608114302990444,0.0003,63611.28
17.489723800012143,63611.28,3.29,2.9916499069971456,0.4079786679982996,17.59286115598324,0.0003,63611.28
17.50199670001166,63611.28,3.29,2.9887358744969097,0.40626046199836735,17.57573518098169,0.0003,63611.28
17.51429819999612,63590.07,3.29,2.985475977001028,0.4045382520005433,17.556421826006094,0.0003,63600.69
17.52543219999643,63558.28,3.29,2.98256978900091,0.4029351700005356,17.539340344005282,0.0003,63590.07
17.537692999991123,63600.69,3.29,2.979443285002264,0.4010960500013317,17.52119436001314,0.0003,63590.07
17.549814800004242,63537.09,3.29,2.9766166699990455,0.3990133359992365,17.504664463994402,0.00025592599997879096,63590.07
17.562193599995226,63547.69,3.29,2.9738612800009547,0.3968269280006923,17.488473648005705,0.0002,63590.07
17.574327900016215,63547.69,3.29,2.971434419996757,0.39506745449764885,17.47397315948062,0.0002,63558.28
17.58674600001541,63590.07,3.29,2.968979529996995,0.39323809999768844,17.45950701998259,0.0002,63558.28
17.596051700005773,63760.01,3.29,2.967164918498874,0.3918422449991339,17.448991578993475,0.0002,63558.28
17.608288799994625,63611.28,3.29,2.9648880160009674,0.39018890000067175,17.435528096005804,0.0002,63547.69
17.620718299993314,63505.34,3.29,2.9626507060012033,0.3886352125008356,17.422104236007222,0.0002,63547.69
17.631968700006837,63558.28,3.29,2.960570790498735,0.3871192254990768,17.41000864749265,0.0002,63547.69
17.644235399988247,63558.28,3.29,2.958317628002115,0.38556028300123385,17.396821945012633,0.0002,63515.92
17.656895099993562,63505.34,3.29,2.9560388820011583,0.3842310145006757,17.38321276750692,0.0002,63515.92
17.669347099988954,63515.92,3.29,2.953797522001988,0.3827983480013254,17.370202487011376,0.0002,63515.92
17.682071199989878,63515.92,3.29,2.9515232520016705,0.38126610000126543,17.35714486800997,0.0002,63505.34
17.694425599998794,63515.92,3.29,2.949484776000199,0.37972180000015077,17.34497578400119,0.0002,63505.34
17.70672220000415,63494.75,3.29,2.947455836999315,0.37838500199962644,17.333006687996015,0.0002,63505.34
17.7177803000086,63463.02,3.29,2.945631250498581,0.3773897729992261,17.322390911991743,0.0002,63505.34
17.729954600014025,63452.46,3.29,2.943622490997686,0.37589112899810656,17.310479718986183,0.0002,63494.75
17.7424350999936,63378.51,3.29,2.9415488575011204,0.37423496350073604,17.298143373506498,0.0002,63494.75
17.750648100016406,63494.75,3.29,2.940111582497129,0.37329046849811326,17.289807178483347,0.0002,63494.75
17.762939300009748,63547.69,3.29,2.937970318998343,0.3719157664990739,17.27736069999025,0.0002,63484.17
17.775090700015426,63590.07,3.29,2.935904580997377,0.37076138349853444,17.265209299984573,0.0002,63463.02
17.788578100007726,63484.17,3.29,2.933649613498725,0.3690632849988409,17.25183557149239,0.0002,63452.46
17.79995990000316,63378.51,3.29,2.9317716164994785,0.36735601499952586,17.240624498496885,0.0002,63463.02
17.812100500013912,63494.75,3.29,2.9297129149976344,0.36653396999916515,17.228666007486293,0.0002,63463.02
17.825464299996383,63452.46,3.29,2.9274633905005962,0.36535267650052405,17.21552498600354,0.0002,63463.02
17.83768890000647,63389.06,3.29,2.9254463314989323,0.36358010949906155,17.203544877993657,0.0002,63463.02
17.84993470000336,63399.63,3.29,2.923425774499446,0.36225120349968076,17.191678014496755,0.0002,63452.46
17.861434499995084,63463.02,3.29,2.9215283075008114,0.36115872250046704,17.180580707504745,0.0002,63452.46
17.873813500016695,63431.32,3.29,2.9194857724972456,0.35998271749841404,17.16863497248389,0.0002,63463.02
17.886037799995393,63473.6,3.29,2.9174939520007372,0.3587710310004838,17.156863712004423,0.0002,63463.02
17.89837969999644,63463.02,3.29,2.9155192480005696,0.35747513150037385,17.145015488003416,0.0002,63463.02
17.910376999992877,63441.88,3.29,2.9135527950011753,0.35616853000078347,17.13340431000691,0.0002,63463.02
17.919656899990514,63463.02,3.29,2.912021611501565,0.3551477410010434,17.1244028070092,0.0002,63473.6
17.930977899988648,63547.69,3.29,2.9101037570019295,0.3537028730014757,17.11322187901124,0.0002,63494.75
17.94348170000012,63526.51,3.29,2.9079781109999794,0.3522014639999903,17.10081829999988,0.0002,63526.51
17.955918399995426,63568.87,3.29,2.905863872000777,0.35120652800036584,17.088381600004574,0.0002,63547.69
17.96850409999024,63728.1,3.29,2.9036867825017074,0.3500495900009757,17.07560829751,0.0002,63547.69
17.98004540000693,63600.69,3.29,2.901667054998787,0.3488954599993069,17.063778464992893,0.0002,63547.69
17.99222029998782,63494.75,3.29,2.89959254900207,0.34750966550140033,17.05129919251248,0.0002,63568.87
18.004589899996063,63568.87,3.29,2.897489717000669,0.3462666565002558,17.038763948503878,0.0002,63568.87
18.01761360000819,63568.87,3.29,2.8952756879986077,0.3454201159994677,17.025935603991933,0.0002,63568.87
18.029363600013312,63484.17,3.29,2.8933200059978037,0.3439454599980033,17.01457094398722,0.0002,63590.07
18.041582700010622,63463.02,3.29,2.8913067679983007,0.3421766919995751,17.002843521489854,0.0002,63590.07
18.053870300005656,63590.07,3.29,2.889340751999095,0.34168518799977377,16.9911088634946,0.0002,63590.07
18.06619509999291,63600.69,3.29,2.887368784001134,0.3407506125008862,16.97944258150663,0.0002,63600.69
18.075275400013197,63600.69,3.29,2.8859159359978883,0.33961557499835027,16.97095250098766,0.0002,63600.69
18.087628700013738,63685.59,3.29,2.8839725514978705,0.3384028474989696,16.95950159598736,0.0002,63611.28
18.098953800013987,63664.34,3.29,2.8822171609978318,0.33755346499895084,16.94908250398713,0.0002,63664.34
18.112105600012,63749.37,3.29,2.8801786319981395,0.33640049599891986,16.936982847988958,0.0002,63685.59
18.124569700012216,63728.1,3.29,2.878228847998045,0.33529657549896147,16.925444481988514,0.0002,63728.1
18.1368238000141,63791.94,3.3,2.876268191997744,0.3342549769988014,16.913925627986746,0.0002,63728.1
18.1491137999983,63611.28,3.29,2.8742206540002884,0.3329669130001952,16.902048476001664,0.0002,63728.1
18.161418800009418,63738.73,3.29,2.8721288039983985,0.33156649599924637,16.88997282399039,0.0002,63738.73
18.172583600011418,63738.73,3.29,2.8702307879980586,0.33067331199908656,16.878584727988354,0.0002,63738.73
18.1848689999897,63738.73,3.29,2.868103580001854,0.32945834000144214,16.865937550010816,0.0002,63738.73
18.19792599999346,63728.1,3.29,2.8657533200011778,0.3276303600009159,16.85222770000687,0.0002,63738.73
18.209874099993613,63717.46,3.29,2.8635582915011817,0.3266231835004152,16.83937160150693,0.0002,63738.73
18.22177760000341,63845.2,3.3,2.861360031999386,0.32581446399962494,16.82647185599637,0.0002,63823.89
18.23365370000829,63834.54,3.3,2.859222333998508,0.3245080929990881,16.813823809491172,0.0002,63834.54
18.242068599996855,63823.89,3.3,2.85771299500055,0.32365191300014146,16.804920714003178,0.0002,63834.54
18.25559310000972,63845.2,3.3,2.855346207498299,0.3230433104995626,16.791260968990183,0.0002,63834.54
18.26774030001252,63834.54,3.3,2.853321551997997,0.32202486549856013,16.77932931198798,0.0002,63834.54
18.28006029999233,63898.52,3.3,2.8513503520012273,0.3206080655008821,16.767502112007364,0.0002,63845.2
18.292474699992454,63951.89,3.3,2.8494214215011695,0.3195246505006413,16.756100649506905,0.0002,63845.2
18.303747300000396,63919.86,3.3,2.8476741684999385,0.3186626349999801,16.745841166499645,0.0002,63887.84
18.31613260001177,63834.54,3.3,2.8457544469981757,0.3180433699994114,16.734756322989465,0.0002,63898.52
18.328500500007063,63823.89,3.3,2.843837422498905,0.3171624574993994,16.72357454499357,0.0002,63919.86
18.34121169999707,63919.86,3.3,2.841866128000468,0.31607671300032186,16.711999943502764,0.0002,63919.86
18.353619800007436,63887.84,3.3,2.83988083199881,0.31471182199918196,16.700274288992972,0.0002,63919.86
18.365695100015728,63919.86,3.3,2.8379253084974048,0.313641769499135,16.68869880198459,0.0002,63919.86
18.377576300001238,63951.89,3.3,2.8359649104997957,0.31298830349993195,16.67705522599879,0.0002,63919.86
18.389662000001408,64037.41,3.3,2.8339274599997606,0.31189048999985214,16.665081309998598,0.0002,63951.89
18.3989503000048,63909.18,3.3,2.832348448999184,0.3109152184994961,16.655839451495225,0.0002,63973.26
18.410089500015605,63973.26,3.3,2.8304547849973467,0.3103364199993758,16.644665052484317,0.0002,63973.26
18.422419900016394,63983.94,3.3,2.828351517497131,0.30967991549745894,16.63225170198328,0.0002,63978.600000000006
18.434903299988946,64016.03,3.3,2.826166922501934,0.3077449885017132,16.619518634011275,0.0002,63983.94
18.44698549999157,64005.33,3.3,2.824022610001517,0.3066802900001686,16.606955370008933,0.0002,63994.635
18.459467700013192,64016.03,3.3,2.821775813997625,0.30643064599973613,16.593724237986013,0.0002,63983.94
18.471866200008662,63941.22,3.3,2.8195440839984407,0.3054582626659158,16.580509386657425,0.0002,63994.635
