Time (s),Resistance (Ohm),Voltage (V),Displacement,Force (N),Strain,Stress (MPa),Resistance Smoothed (Ohm)
0.0,79278.32,3.53,0.1052,0.016,0.6025,0.0,79364.34
0.0005284000071697,79464.86,3.53,0.10529511200129055,0.016010568000143395,0.6030601040075999,0.0,79364.34
0.0008236999856308001,79364.34,3.53,0.10534826599741355,0.016016473999712618,0.6033731219847687,0.0,79364.34
0.0011089000036008001,79407.39,3.53,0.10539960200064814,0.016022178000072017,0.6036754340038168,0.0,79364.34
0.0014137999969534,79306.98,3.53,0.10545448399945162,0.016028275999939067,0.6039986279967706,0.0,79364.34
0.0017013000033329999,79364.34,3.53,0.10550623400059994,0.016034026000066662,0.6043033780035331,0.0,79364.34
0.0019894999859389,79479.23,3.53,0.10555810999746901,0.01603978999971878,0.6046088699850953,0.0,79364.34
0.0022747000039089,79349.98,3.53,0.1056094460007036,0.016045494000078177,0.6049111820041435,0.0,79364.34
0.0025841000024229,79321.32,3.53,0.10566513800043613,0.01605168200004846,0.6052391460025683,0.0,79364.34
0.00288049998926,79364.34,3.53,0.10571848999806681,0.0160576099997852,0.6055533299886157,0.0,79364.34
0.0031729000038467,79479.23,3.53,0.10577112200069241,0.016063458000076934,0.6058632740040776,0.0,79364.34
0.0034870999807026003,79249.67,3.53,0.10582767799652647,0.016069741999614053,0.6061963259795448,0.0,79364.34
0.0037720999971498003,79335.64,3.53,0.10587897799948696,0.016075441999942996,0.6064984259969789,0.0,79364.34
0.0040589999989606,79464.86,3.53,0.10593061999981292,0.01608117999997921,0.6068025399988983,0.0,79364.34
0.0043460000015329,79450.48,3.53,0.10598228000027593,0.01608692000003066,0.6071067600016249,0.0,79364.34
0.0046297000080813,79321.32,3.53,0.10603334600145464,0.016092594000161626,0.6074074820085662,0.0,79364.34
0.0129305000009481,79450.48,3.53,0.10752749000017067,0.016258610000018964,0.6162063300010051,0.0,79349.98
0.0134297999902628,79364.34,3.53,0.10761736399824731,0.01626859599980526,0.6167355879896786,0.0,79349.98
0.0138615999894682,79378.68,3.53,0.10769508799810429,0.016277231999789366,0.6171932959888364,0.0,79349.98
0.0142888999835122,79278.32,3.53,0.1077720019970322,0.016285777999670247,0.617646233982523,0.0,79335.64
0.0147113999992143,79235.36,3.53,0.10784805199985859,0.016294227999984288,0.6180940839991672,0.0,79335.64
0.015135399997234301,79349.98,3.53,0.10792437199950218,0.01630270799994469,0.6185435239970685,0.0,79335.64
0.0155601000005845,79192.44,3.53,0.10800081800010522,0.016311202000011692,0.6189937060006196,0.0,79335.64
0.015983699995558702,79335.64,3.53,0.10807706599920057,0.016319673999911178,0.6194427219952924,0.0,79335.64
0.016403599991463097,79335.64,3.53,0.10815264799846337,0.016328071999829264,0.619887815990951,0.0,79335.64
0.0168292000016663,79364.34,3.53,0.10822925600029995,0.01633658400003333,0.6203389520017664,0.0,79349.98
0.0172534000012092,79335.64,3.53,0.10830561200021767,0.016345068000024186,0.6207886040012819,0.0,79364.34
0.017673199996352203,79393.04,3.53,0.10838117599934341,0.016353463999927046,0.6212335919961335,0.0,79364.34
0.018194400006905198,79421.77,3.53,0.10847499200124294,0.01636388800013811,0.6217860640073196,0.0,79364.34
0.018638399982592098,79479.23,3.53,0.1085549119968666,0.016372767999651844,0.6222567039815478,0.0,79364.34
0.0190694000048097,79623.19,3.53,0.10863249200086576,0.016381388000096198,0.6227135640050984,0.0,79364.34
0.019493400002829703,79364.34,3.53,0.10870881200050936,0.016389868000056595,0.6231630040029996,0.0,79393.04
0.019915399985620703,79292.65,3.53,0.10878477199741174,0.016398307999712418,0.6236103239847581,0.0,79393.04
0.020336699992185403,79364.34,3.53,0.10886228949855431,0.016398316500039072,0.6240602689916385,0.0,79364.34
0.0207584000017959,79306.98,3.53,0.10894030400033225,0.01639620799999102,0.6245114880019217,0.0,79364.34
0.021179699979256797,79551.15,3.53,0.10901824449616251,0.016394101500103717,0.6249622789778049,0.0,79364.34
0.021602699998766198,79393.04,3.53,0.10909649949977175,0.01639198650000617,0.6254148889986799,0.0,79364.34
0.0220237000030465,79321.32,3.53,0.10917438450056362,0.016389881499984767,0.6258653590032599,0.0,79349.98
0.022445999988121898,79306.98,3.53,0.10925250999780256,0.01638777000005939,0.6263172199872905,0.0,79364.34
0.0228682000015396,79393.04,3.53,0.10933061700028483,0.0163856589999923,0.6267689740016475,0.0,79349.98
0.023291399993468097,79522.39,3.53,0.1094089089987916,0.01638354300003266,0.627221797993011,0.0,79349.98
0.023727899999357698,79306.98,3.53,0.10948966149988118,0.016381360500003214,0.6276888529993129,0.0,79321.32
0.024148199998308,79349.98,3.53,0.10956741699968699,0.01637925900000846,0.6281385739981897,0.0,79306.98
0.024570299981860402,79407.39,3.53,0.10964550549664419,0.0163771485000907,0.6285902209805907,0.0,79306.98
0.024992099992232397,79278.32,3.53,0.109723538498563,0.016375039500038838,0.6290415469916888,0.0,79306.98
0.0254143000056501,79278.32,3.53,0.10980164550104528,0.01637292849997175,0.6294933010060457,0.0,79306.98
0.025837399996817098,79292.65,3.53,0.10987991899941117,0.016370813000015916,0.6299460179965944,0.0,79306.98
0.026257899997290203,79292.65,3.53,0.1099577114994987,0.01636871050001355,0.6303959529971006,0.0,79292.65
0.0266770999878645,79349.98,3.53,0.11003526349775494,0.01636661450006068,0.6308444969870152,0.0,79292.65
0.027098299993667703,79264.0,3.53,0.11011318549882854,0.016364508500031662,0.6312951809932246,0.0,79292.65
0.0275186999933794,79364.34,3.53,0.1101909594987752,0.0163624065000331,0.6317450089929161,0.0,79292.65
0.027941499982262002,79321.32,3.53,0.11026917749671848,0.01636029250008869,0.6321974049810205,0.0,79306.98
0.028362599987303803,79235.36,3.53,0.11034708099765121,0.01635818700006348,0.6326479819864151,0.0,79306.98
0.0287843999976758,79335.64,3.53,0.11042511399957003,0.016356078000011622,0.6330993079975132,0.0,79321.32
0.029206999985035502,79508.0,3.53,0.11050329499723158,0.016353965000074824,0.6335514899839881,0.0,79321.32
0.0296243999910075,79235.36,3.53,0.1105805139983364,0.01635187800004496,0.6339981079903781,0.0,79335.64
0.0300474999821745,79306.98,3.53,0.1106587874967023,0.016349762500089127,0.6344508249809269,0.0,79321.32
0.0304637999797705,79306.98,3.53,0.11073580299625756,0.016347681000101148,0.6348962659783546,0.0,79321.32
0.0308871000015642,79335.64,3.53,0.11081411350028939,0.01634556449999218,0.6353491970016738,0.0,79321.32
0.0313084999797866,79335.64,3.53,0.11089207249626054,0.016343457500101067,0.6358000949783718,0.0,79321.32
0.0317297999863513,79421.77,3.53,0.110970012997475,0.01634135100006824,0.636250885985396,0.0,79321.32
0.0321504999883473,79321.32,3.53,0.11104784249784426,0.016339247500058263,0.6367010349875317,0.0,79321.32
0.032572099997196305,79321.32,3.53,0.11112583849948134,0.016337139500014017,0.6371521469970002,0.0,79321.32
0.033024999982444604,79306.98,3.53,0.11120962499675227,0.016334875000087776,0.6376367499812158,0.0,79335.64
0.033451099996455,79264.0,3.53,0.11128845349934419,0.016332744500017725,0.638092676996207,0.0,79335.64
0.0339614999829791,79464.86,3.53,0.11138287749685115,0.016330192500085102,0.6386388049817877,0.0,79364.34
0.0343874999962281,79306.98,3.53,0.11146168749930221,0.016328062500018857,0.6390946249959641,0.0,79364.34
0.034811199991963804,79364.34,3.53,0.11154007199851332,0.016325944000040178,0.6395479839914013,0.0,79364.34
0.0352331000030972,79407.39,3.53,0.111618123500573,0.016323834499984514,0.6399994170033141,0.0,79364.34
0.0356548999843653,79378.68,3.53,0.1116961564971076,0.016321725500078172,0.640450742983271,0.0,79364.34
0.036072699993383105,79450.48,3.53,0.11177344949877589,0.016319636500033083,0.64089778899292,0.0,79364.34
0.0365325000020675,79522.39,3.53,0.1118585125003825,0.016317337499989662,0.6413897750022123,0.0,79349.98
0.036959099990781404,79292.65,3.53,0.11193743349829458,0.01631520450004609,0.6418462369901362,0.0,79364.34
0.037394199986010804,79349.98,3.53,0.11201792699741202,0.016313029000069944,0.6423117939850317,0.0,79349.98
0.0376382999820635,79306.98,3.53,0.11206308549668176,0.016311808500089682,0.6425729809808081,0.0,79349.98
0.0378823000064585,79264.0,3.53,0.11210822550119484,0.016310588499967707,0.6428340610069107,0.0,79349.98
0.0381271000078413,79264.0,3.53,0.11215351350145066,0.01630936449996079,0.6430959970083903,0.0,79349.98
0.0383704999985639,79378.68,3.53,0.11219854249973434,0.01630814750000718,0.6433564349984635,0.0,79349.98
0.0386167999822646,79349.98,3.53,0.11224410799671897,0.016306916000088677,0.6436199759810233,0.0,79349.98
0.038860500004375305,79349.98,3.53,0.11228919250080945,0.016305697499978122,0.6438807350046817,0.0,79349.98
0.0391054000065196,79436.12,3.53,0.11233449900120614,0.0163044729999674,0.6441427780069761,0.0,79349.98
0.0393482999934349,79421.77,3.53,0.11237943549878547,0.016303258500032825,0.6444026809929755,0.0,79349.98
0.0395928999932948,79292.65,3.53,0.11242468649875956,0.016302035500033524,0.6446644029928256,0.0,79349.98
0.0398364999855403,79393.04,3.53,0.11246975249732497,0.016300817500072298,0.6449250549845282,0.0,79321.32
0.0400812999869231,79264.0,3.53,0.11251422749771156,0.016300406499934614,0.6451849584863347,0.0,79292.65
0.040324600005988004,79321.32,3.53,0.11255680500104792,0.01630162300002994,0.6454392070062576,0.0,79292.65
0.040569400007370804,79106.67,3.53,0.11259964500128991,0.016302847000036855,0.6456950230077025,0.0,79292.65
0.0408121999935247,79221.05,3.53,0.11264213499886684,0.01630406099996762,0.6459487489932334,0.0,79292.65
0.041057399997953305,79292.65,3.53,0.11268504499964184,0.016305286999989767,0.6462049829978613,0.0,79292.65
0.0413004999863915,79278.32,3.53,0.11272758749761853,0.016306502499931957,0.6464590224857792,0.0,79292.65
0.041538899997249204,79349.98,3.53,0.11276930749951862,0.016307694499986244,0.6467081504971255,0.0,79321.32
0.0417836999986321,79135.25,3.53,0.11281214749976064,0.01630891849999316,0.6469639664985707,0.0,79321.32
0.0420267999870702,79335.64,3.53,0.1128546899977373,0.01631013399993535,0.6472180059864885,0.0,79335.64
0.042270699981600005,79479.23,3.53,0.11289737249678002,0.016311353499907998,0.6474728814807721,0.0,79335.64
0.042514800006756504,79479.23,3.53,0.11294009000118241,0.016312574000033782,0.6477279660070606,0.0,79335.64
0.0427576999936718,79335.64,3.53,0.11298259749889258,0.016313788499968358,0.6479817964933872,0.0,79335.64
0.0430020999920089,79321.32,3.53,0.11302536749860158,0.016315010499960043,0.6482371944916494,0.0,79335.64
0.0432466999918688,79378.68,3.53,0.11306817249857706,0.016316233499959344,0.648492801491503,0.0,79335.64
0.0434901999833528,79335.64,3.53,0.11311078499708675,0.016317450999916765,0.6487472589826038,0.0,79321.32
0.043736199993873,79264.0,3.53,0.1131538349989278,0.016318680999969363,0.6490043289935974,0.0,79292.65
0.0439794999838341,79221.05,3.53,0.11319641249717098,0.01631989749991917,0.6492585774831068,0.0,79278.32
0.0442253999935929,79249.67,3.53,0.11323944499887878,0.016321126999967964,0.6495155429933047,0.0,79278.32
0.0444693999888841,79292.65,3.53,0.11328214499805474,0.01632234699994442,0.649770522988384,0.0,79278.32
0.0447149999963585,79206.73,3.53,0.11332512499936276,0.016323574999981792,0.6500271749961947,0.0,79278.32
0.0449595999962184,79278.32,3.53,0.11336792999933823,0.016324797999981093,0.6502827819960483,0.0,79264.0
0.0452057000075001,79264.0,3.53,0.11341099750131253,0.0163260285000375,0.6505399565078377,0.0,79278.32
0.045459299988579005,79278.32,3.53,0.11345537749800134,0.016327296499942894,0.6508049684880651,0.0,79278.32
0.0456990999809932,79378.68,3.53,0.11349734249667383,0.016328495499904967,0.6510555594801379,0.0,79278.32
0.0459374999918509,79551.15,3.53,0.11353906249857393,0.016329687499959254,0.6513046874914843,0.0,79278.32
0.0461775999865495,79249.67,3.53,0.11358107999764618,0.016330887999932747,0.6515555919859444,0.0,79278.32
0.0464166000019759,79278.32,3.53,0.1136229050003458,0.016332083000009878,0.6518053470020649,0.0,79278.32
0.0466569999989588,79292.65,3.53,0.1136649749998178,0.016333284999994795,0.6520565649989121,0.0,79292.65
0.0468955999822356,79292.65,3.53,0.11370672999689124,0.016334477999911178,0.6523059019814363,0.0,79292.65
0.047135000000707805,79235.36,3.53,0.11374862500012388,0.01633567500000354,0.6525560750007398,0.0,79278.32
0.047374599991599105,79235.36,3.53,0.11379055499852986,0.016336872999957997,0.6528064569912212,0.0,79278.32
0.047649399988586104,79306.98,3.53,0.11383864499800259,0.01633824699994293,0.6530936229880726,0.0,79292.65
0.0478927999793086,79493.62,3.53,0.11388123999637902,0.016339463999896543,0.6533479759783776,0.0,79292.65
0.048134799988474704,79249.67,3.53,0.11392358999798309,0.016340673999942372,0.6536008659879562,0.0,79292.65
0.0483742000069469,79264.0,3.53,0.11396548500121573,0.016341871000034734,0.6538510390072596,0.0,79264.0
0.048615499981679,79321.32,3.53,0.11400771249679384,0.016343077499908393,0.6541031974808547,0.0,79264.0
0.0488561999809462,79321.32,3.53,0.1140498349966656,0.01634428099990473,0.6543547289800888,0.0,79264.0
0.0490981999901123,79221.05,3.53,0.11409218499826967,0.01634549099995056,0.6546076189896675,0.0,79264.0
0.0493375999794807,79335.64,3.53,0.11413407999640914,0.016346687999897403,0.6548577919785574,0.0,79249.67
0.0496012000076007,79264.0,3.53,0.11418021000133013,0.016348006000038003,0.6551332540079429,0.0,79264.0
0.0498404999962076,79192.44,3.53,0.11422208749933635,0.01634920249998104,0.655383322496037,0.0,79264.0
0.0500808999931905,79249.67,3.53,0.11426415749880835,0.016350404499965953,0.6556345404928842,0.0,79264.0
0.050321599992457805,79178.13,3.53,0.11430627999868014,0.01635160799996229,0.6558860719921185,0.0,79264.0
0.050562499993247904,79221.05,3.53,0.1143484374988184,0.01635281249996624,0.6561378124929441,0.0,79264.0
0.0508009000041056,79278.32,3.53,0.1143901575007185,0.016354004500020527,0.6563869405042905,0.0,79264.0
0.0510406999965198,79264.0,3.53,0.11443212249939098,0.0163552034999826,0.6566375314963633,0.0,79264.0
0.0512793999805581,79349.98,3.53,0.11447389499659769,0.01635639699990279,0.6568869729796833,0.0,79278.32
0.0515197000058833,79579.96,3.53,0.1145159475010296,0.016357598500029418,0.6571380865061481,0.0,79278.32
0.0517586999922059,79249.67,3.53,0.11455777249863605,0.01635879349996103,0.6573878414918553,0.0,79306.98
0.0519992999907117,79393.04,3.53,0.11459987749837457,0.01635999649995356,0.6576392684902939,0.0,79306.98
0.052237199997762204,79306.98,3.53,0.1146415099996084,0.01636118599998881,0.6578878739976616,0.0,79306.98
0.0524763999856077,79393.04,3.53,0.11468336999748137,0.01636238199992804,0.6581378379849602,0.0,79306.98
0.0527139999903738,79249.67,3.53,0.11472494999831544,0.01636356999995187,0.6583861299899407,0.0,79278.32
0.0529529000050388,79508.0,3.53,0.1147667575008818,0.016364764500025195,0.6586357805052656,0.0,79249.67
0.053283899993402904,79249.67,3.53,0.11482468249884552,0.016366419499967016,0.6589816754931062,0.0,79249.67
0.0535237999865785,79235.36,3.53,0.11486666499765126,0.016367618999932894,0.6592323709859746,0.0,79249.67
0.0537617999943904,79278.32,3.53,0.11490831499901834,0.016368808999971955,0.659481080994138,0.0,79249.67
0.0540468999824952,79235.36,3.53,0.11495820749693668,0.016370234499912477,0.6597790104817076,0.0,79249.67
0.0543215000070631,79078.12,3.53,0.11500626250123606,0.016371607500035315,0.660065967507381,0.0,79249.67
0.0545620000048075,79235.36,3.53,0.11504835000084133,0.016372810000024038,0.6603172900050239,0.0,79249.67
0.0548069000069518,79221.05,3.53,0.11509120750121658,0.01637403450003476,0.6605732105072647,0.0,79264.0
0.055050900002243004,79264.0,3.53,0.11513390750039254,0.016375254500011215,0.660828190502344,0.0,79264.0
0.0552962000074331,79278.32,3.53,0.11517683500130081,0.016376481000037166,0.6610845290077677,0.0,79249.67
0.0555425999918952,79292.65,3.53,0.11521995499858168,0.016377712999959475,0.6613420169915306,0.0,79249.67
0.0557860999833792,79306.98,3.53,0.11526256749709138,0.016378930499916896,0.6615964744826314,0.0,79249.67
0.0560293000016827,79306.98,3.53,0.1153051275002945,0.016380146500008415,0.6618506185017585,0.0,79264.0
0.056268899992574,79249.67,3.53,0.11534705749870047,0.016381344499962872,0.66210100049224,0.0,79264.0
0.0565194999799132,79221.05,3.53,0.11539091249648482,0.01638259749989957,0.6623628774790093,0.0,79249.67
0.0567542999924626,78964.04,3.53,0.11543200249868098,0.016383771499962313,0.6626082434921235,0.0,79249.67
0.056989899981999805,79192.44,3.53,0.11547323249684999,0.01638494949991,0.6628544454811899,0.0,79235.36
0.0572244999930262,79335.64,3.53,0.1155142874987796,0.01638612249996513,0.6630996024927125,0.0,79235.36
0.0574796999862883,79235.36,3.53,0.11555894749760047,0.016387398499931444,0.6633662864856714,0.0,79235.36
0.057714800001122,79206.73,3.53,0.11560009000019636,0.016388574000005613,0.6636119660011726,0.0,79235.36
0.0579543999920133,79249.67,3.53,0.11564201999860234,0.016389771999960067,0.663862347991654,0.0,79249.67
0.0581938999821432,79135.25,3.53,0.11568393249687507,0.01639096949991072,0.6641126254813398,0.0,79264.0
0.0584326999960467,79264.0,3.53,0.1157257224993082,0.016392163499980236,0.6643621714958688,0.0,79264.0
0.0586705000023357,79364.34,3.53,0.11576733750040877,0.01639335250001168,0.6646106725024409,0.0,79249.67
0.0589102999947499,79292.65,3.53,0.11580930249908125,0.01639455149997375,0.6648612634945137,0.0,79264.0
0.0591503999894485,79436.12,3.53,0.1158513199981535,0.016395751999947243,0.6651121679889738,0.0,79292.65
0.0593891000025906,79393.04,3.53,0.11589309250045338,0.016396945500012954,0.6653616095027073,0.0,79292.65
0.0596275999851059,79249.67,3.53,0.11593482999739355,0.01639813799992553,0.6656108419844358,0.0,79292.65
0.0598649999883491,79178.13,3.53,0.11597637499796111,0.016399324999941747,0.665858924987825,0.0,79292.65
0.060103800002252704,79292.65,3.53,0.11601712700037171,0.01640778500016896,0.6661017240022078,0.0,79264.0
0.0603407000016887,79450.48,3.53,0.11605621550027866,0.01642555250012666,0.666333886001655,0.0,79264.0
0.0605793999857269,79206.73,3.53,0.11609560099764496,0.016443454998929522,0.6665678119860124,0.0,79264.0
0.0608178999973461,79149.53,3.53,0.11613495349956213,0.016461342499800965,0.6668015419973993,0.0,79264.0
0.061057199985953,79264.0,3.53,0.11617443799768226,0.016479289998946482,0.667036055986234,0.0,79278.32
0.0612943999876734,79149.53,3.53,0.11621357599796613,0.01649707999907551,0.66726851198792,0.0,79278.32
0.061533000000053996,79292.65,3.53,0.11625294500000892,0.016514975000004053,0.667502340000053,0.0,79264.0
0.061771099979523604,79378.68,3.53,0.1162922314966214,0.016532832498464274,0.6677356779799333,0.0,79264.0
0.06201170000713321,79321.32,3.53,0.11633193050117699,0.016550877500534997,0.6679714660069906,0.0,79264.0
0.062249399983556906,79278.32,3.53,0.1163711509972869,0.016568704998766774,0.6682044119838858,0.0,79264.0
0.0624888000020292,79249.67,3.53,0.11641065200033483,0.016586660000152194,0.6684390240019887,0.0,79278.32
0.06272580000222659,79206.73,3.53,0.1164497570003674,0.016604435000167,0.6686712840021821,0.0,79278.32
0.062998699984746,79278.32,3.53,0.1164947854974831,0.016624902498855954,0.6689387259850511,0.0,79278.32
0.06326339999213809,79178.13,3.53,0.1165384609987028,0.01664475499941036,0.6691981319922954,0.0,79249.67
0.0637866999895777,79221.05,3.53,0.11662480549828033,0.016684002499218333,0.6697109659897862,0.0,79235.36
0.06402779999189079,79292.65,3.53,0.116664586998662,0.016702084999391815,0.6699472439920531,0.0,79221.05
0.06426600000122559,79078.12,3.53,0.11670389000020223,0.016719950000091924,0.6701806800012011,0.0,79221.05
0.06450589999440129,79349.98,3.53,0.11674347349907623,0.0167379424995801,0.6704157819945133,0.0,79235.36
0.0647446000075433,79221.05,3.53,0.11678285900124466,0.01675584500056575,0.6706497080073925,0.0,79235.36
0.0649852000060491,79235.36,3.53,0.11682255800099811,0.01677389000045369,0.6708854960059282,0.0,79235.36
0.0652237999893259,79192.44,3.53,0.11686192699823879,0.016791784999199446,0.6711193239895394,0.0,79235.36
0.0654730999958701,79335.64,3.53,0.11690306149931858,0.016810482499690263,0.6713636379959528,0.0,79235.36
0.06570639999699779,79292.65,3.53,0.11694155599950465,0.01682797999977484,0.671592271997058,0.0,79235.36
0.0659367000043858,79235.36,3.53,0.11697955550072367,0.01684525250032894,0.6718179660042981,0.0,79221.05
0.0662323999858927,79163.84,3.53,0.11702834599767231,0.016867429998941957,0.6721077519861749,0.0,79235.36
0.066471600002842,79192.44,3.53,0.11706781400046894,0.016885370000213153,0.6723421680027852,0.0,79235.36
0.0667046000016853,79249.67,3.53,0.11710625900027809,0.016902845000126402,0.6725705080016516,0.0,79235.36
0.066940099990461,78992.55,3.53,0.11714511649842607,0.01692050749928458,0.6728012979906518,0.0,79221.05
0.067176999989897,79178.13,3.53,0.11718420499833301,0.01693827499924228,0.6730334599900991,0.0,79221.05
0.06742119998671109,79249.67,3.53,0.11722449799780735,0.016956589999003336,0.673272775986977,0.0,79221.05
0.06769799999892709,79235.36,3.53,0.11727016999982298,0.016977349999919535,0.6735440399989486,0.0,79235.36
0.0679349999991245,79221.05,3.53,0.11730927499985555,0.01699512499993434,0.6737762999991421,0.0,79249.67
0.0681677999964449,79206.73,3.53,0.11734768699941342,0.017012584999733373,0.674004443996516,0.0,79235.36
0.0684017000021413,79249.67,3.53,0.11738628050035332,0.017030127500160603,0.6742336660020986,0.0,79249.67
0.0686347000009846,79335.64,3.53,0.11742472550016247,0.01704760250007385,0.674462006000965,0.0,79249.67
0.06887029999052169,79306.98,3.53,0.11746359949843609,0.01706527249928913,0.6746928939907113,0.0,79249.67
0.06910289998631919,79249.67,3.53,0.11750197849774267,0.017082717498973943,0.6749208419865929,0.0,79249.67
0.0693353999813553,79078.12,3.53,0.11754034099692363,0.017100154998601652,0.6751486919817282,0.0,79264.0
0.0695697999908589,79278.32,3.53,0.11757901699849173,0.017117734999314422,0.6753784039910418,0.0,79264.0
0.0698027999897022,79221.05,3.53,0.11761746199830088,0.017135209999227668,0.6756067439899082,0.0,79264.0
0.0700393999868538,79264.0,3.53,0.11765650099783088,0.01715295499901404,0.6758386119871168,0.0,79264.0
0.0702719999826513,79278.32,3.53,0.11769487999713747,0.017170399998698852,0.6760665599829984,0.0,79249.67
0.0705063999921549,79264.0,3.53,0.11773355599870557,0.017187979999411622,0.6762962719923119,0.0,79235.36
0.0707395999925211,79235.36,3.53,0.117772033998766,0.017205469999439085,0.6765248079926707,0.0,79264.0
0.0709748999797739,79278.32,3.53,0.1178108584966627,0.017223117498483046,0.6767554019801785,0.0,79235.36
0.0712086999847088,79221.05,3.53,0.11784943549747696,0.017240652498853162,0.6769845259850147,0.0,79235.36
0.071444800007157,79163.84,3.53,0.11788839200118091,0.01725836000053678,0.6772159040070139,0.0,79221.05
0.0716791999875568,79178.13,3.53,0.11792706799794689,0.017275939999066764,0.6774456159878057,0.0,79221.05
0.0719152999809012,79292.65,3.53,0.1179660244968487,0.017293647498567592,0.6776769939812832,0.0,79221.05
0.07215019999421199,79221.05,3.53,0.11800478299904499,0.017311264999565902,0.6779071959943278,0.0,79221.05
0.0723855999822263,79221.05,3.53,0.11804362399706735,0.017328919998666977,0.6781378879825818,0.0,79192.44
0.07261959998868399,79149.53,3.53,0.11808223399813288,0.017346469999151303,0.6783672079889104,0.0,79192.44
0.0728546000027563,79178.13,3.53,0.1181210090004548,0.017364095000206727,0.6785975080027012,0.0,79221.05
0.0730887999816332,79049.57,3.53,0.11815965199696948,0.017381659998622494,0.6788270239820006,0.0,79221.05
0.0733246000017971,79221.05,3.53,0.11819855900029654,0.017399345000134785,0.6790581080017613,0.0,79221.05
0.07355780000216329,79192.44,3.53,0.11823703700035695,0.01741683500016225,0.67928664400212,0.0,79192.44
0.0737880999804474,79249.67,3.53,0.11827503649677383,0.01743410749853356,0.6795123379808385,0.0,79192.44
0.0740216999838594,79278.32,3.53,0.11831358049733681,0.01745162749878946,0.6797412659841823,0.0,79221.05
0.07425449998117979,79221.05,3.53,0.11835199249689468,0.017469087498588488,0.6799694099815562,0.0,79221.05
0.0744888999906834,79178.13,3.53,0.11839066849846278,0.017486667499301257,0.6801991219908697,0.0,79221.05
0.074721299984958,79192.44,3.53,0.11842901449751808,0.017504097498871853,0.6804268739852589,0.0,79249.67
0.07495559999370019,79306.98,3.53,0.11846767399896055,0.017521669999527516,0.6806564879938263,0.0,79249.67
0.07518799998797479,79335.64,3.53,0.11850601999801585,0.017539099999098112,0.6808842399882153,0.0,79264.0
0.07542039998224939,79421.77,3.53,0.11854436599707116,0.017556529998668708,0.6811119919826044,0.0,79221.05
0.0756872000056319,79206.73,3.53,0.11858838800092927,0.017576540000422396,0.6813734560055194,0.0,79235.36
0.0759211999829858,79264.0,3.53,0.11862699799719267,0.017594089998723937,0.6816027759833261,0.0,79235.36
0.0761949000007007,79149.53,3.53,0.11867215850011563,0.017614617500052554,0.6818710020006867,0.0,79235.36
0.07643379998626189,79278.32,3.53,0.11871157699773323,0.017632534998969645,0.6821051239865367,0.0,79235.36
0.0766675999911968,79120.96,3.53,0.11875015399854748,0.01765006999933976,0.6823342479913729,0.0,79206.73
0.0769020000007003,79235.36,3.53,0.11878883000011556,0.017667650000052524,0.6825639600006863,0.0,79206.73
0.0771349999995436,79206.73,3.53,0.11882727499992471,0.017685124999965773,0.6827922999995527,0.0,79235.36
0.07736949998070479,79135.25,3.53,0.1188659674968163,0.01770271249855286,0.6830221099810907,0.0,79235.36
0.07760279998183249,79321.32,3.53,0.11890446199700237,0.01772020999863744,0.6832507439821959,0.0,79235.36
0.07783649998600589,79192.44,3.53,0.11894302249769098,0.017737737498950443,0.6834797699862858,0.0,79206.73
0.078069899987895,79278.32,3.53,0.11898153349800268,0.017755242499092126,0.6837085019881372,0.0,79206.73
0.0783037999935914,79306.98,3.53,0.11902012699894259,0.017772784999519356,0.6839377239937195,0.0,79192.44
0.07853739999700339,79450.48,3.53,0.11905867099950557,0.017790304999775255,0.6841666519970634,0.0,79192.44
0.0787705999973696,79106.67,3.53,0.119097148999566,0.01780779499980272,0.6843951879974223,0.0,79235.36
0.0790045000030659,79092.41,3.53,0.11913574250050589,0.017825337500229944,0.6846244100030046,0.0,79192.44
0.07923780000419349,79192.44,3.53,0.11917423700069193,0.017842835000314514,0.6848530440041096,0.0,79192.44
0.07947179998154749,79178.13,3.53,0.11921284699695535,0.017860384998616065,0.6850823639819166,0.0,79192.44
0.0797053999849595,79264.0,3.53,0.11925139099751833,0.017877904998871964,0.6853112919852603,0.0,79192.44
0.079939999995986,79235.36,3.53,0.1192900999993377,0.01789549999969895,0.6855411999960663,0.0,79192.44
0.08017400000244379,79120.96,3.53,0.11932784000039101,0.017893039999902247,0.6857618200022727,0.0,79192.44
0.0804078000073787,79163.84,3.53,0.1193652480011806,0.01788368799970485,0.6859792540068622,0.0,79192.44
0.0806417999847326,79221.05,3.53,0.11940268799755722,0.017874328000610694,0.6861968739858013,0.0,79221.05
0.080875699990429,79192.44,3.53,0.11944011199846864,0.01786497200038284,0.686414400991099,0.0,79221.05
0.0811079999839421,79436.12,3.53,0.11947727999743074,0.017855680000642315,0.6866304399850661,0.0,79221.05
0.0813419999903999,79178.13,3.53,0.119514719998464,0.017846320000384,0.6868480599910719,0.0,79192.44
0.0815701999817975,79292.65,3.53,0.11955123199708761,0.017837192000728096,0.6870602859830717,0.0,79192.44
0.0818237999919802,79235.36,3.53,0.11959180799871684,0.01782704800032079,0.6872961339925416,0.0,79192.44
0.0820790999860037,79192.44,3.53,0.1196326559977606,0.01781683600055985,0.6875335629869834,0.0,79192.44
0.0823285999940708,79221.05,3.53,0.11967257599905133,0.017806856000237167,0.6877655979944859,0.0,79178.13
0.0825631000043359,79163.84,3.53,0.11971009600069375,0.017797475999826562,0.6879836830040325,0.0,79178.13
0.0828818999871146,79178.13,3.53,0.11976110399793834,0.017784724000515416,0.6882801669880166,0.0,79163.84
0.0831178999796975,79163.84,3.53,0.1197988639967516,0.0177752840008121,0.6884996469811187,0.0,79163.84
0.0833948999934364,79163.84,3.53,0.11984318399894983,0.017764204000262542,0.6887572569938959,0.0,79163.84
0.0836292000021785,79106.67,3.53,0.11988067200034856,0.01775483199991286,0.6889751560020261,0.0,79163.84
0.0838665000046603,79021.04,3.53,0.11991864000074566,0.017745339999813585,0.6891958450043341,0.0,79163.84
0.08412519999546929,79120.96,3.53,0.11996003199927509,0.017734992000181228,0.6894364359957865,0.0,79163.84
0.0843621999956667,79135.25,3.53,0.11999795199930668,0.01772551200017333,0.6896568459959701,0.0,79149.53
0.08461950000491919,79249.67,3.53,0.12003912000078708,0.01771521999980323,0.6898961350045749,0.0,79149.53
0.08485680000740099,79306.98,3.53,0.12007708800118416,0.01770572799970396,0.690116824006883,0.0,79149.53
0.08509269999922249,79235.36,3.53,0.1201148319998756,0.0176962920000311,0.690336210999277,0.0,79149.53
0.0853295999986585,79149.53,3.53,0.12015273599978536,0.01768681600005366,0.6905565279987524,0.0,79149.53
0.0855634000035934,79149.53,3.53,0.12019014400057496,0.01767746399985626,0.6907739620033418,0.0,79149.53
0.0858010999800172,79206.73,3.53,0.12022817599680276,0.01766795600079931,0.690995022981416,0.0,79206.73
0.08603509998647499,79206.73,3.53,0.120265615997836,0.017658596000541,0.6912126429874218,0.0,79149.53
0.0862704000028316,78907.09,3.53,0.12030326400045306,0.017649183999886735,0.6914314720026334,0.0,79149.53
0.0865045999817084,79120.96,3.53,0.12034073599707334,0.017639816000731664,0.6916492779829888,0.0,79149.53
0.0868249000050127,79092.41,3.53,0.12039198400080203,0.017627003999799492,0.6919471570046618,0.0,79163.84
0.0870633999875281,79235.36,3.53,0.1204301439980045,0.017617464000498875,0.6921689619884012,0.0,79192.44
0.08729910000693049,78949.79,3.53,0.12046785600110889,0.017608035999722778,0.6923881630064453,0.0,79163.84
0.0875338999903761,79163.84,3.53,0.12050542399846018,0.017598644000384956,0.6926065269910499,0.0,79149.53
0.0877702999860048,79192.44,3.53,0.12054324799776077,0.017589188000559808,0.6928263789869845,0.0,79149.53
0.088004599994747,79321.32,3.53,0.12058073599915953,0.017579816000210118,0.6930442779951147,0.0,79149.53
0.0882398999819998,79235.36,3.53,0.12061838399711998,0.017570404000720005,0.6932631069832599,0.0,79149.53
0.0884733999846503,79092.41,3.53,0.12065574399754406,0.017561064000613986,0.6934802619857248,0.0,79149.53
0.0887381999928038,79149.53,3.53,0.12069811199884861,0.017550472000287847,0.6937265259933075,0.0,79149.53
0.08897509999223979,79149.53,3.53,0.12073601599875837,0.017540996000310408,0.6939468429927831,0.0,79149.53
0.0892098000040278,79149.53,3.53,0.12077356800064445,0.017531607999838886,0.6941651140037459,0.0,79149.53
0.08944340000743979,79135.25,3.53,0.12081094400119037,0.017522263999702407,0.694382362006919,0.0,79149.53
0.08967419998953119,79178.13,3.53,0.120847871998325,0.01751303200041875,0.6945970059902641,0.0,79149.53
0.0899073999898974,78907.09,3.53,0.12088518399838359,0.017503704000404102,0.6948138819906047,0.0,79149.53
0.0901414999971166,79206.73,3.53,0.12092263999953866,0.017494340000115335,0.6950315949973185,0.0,79149.53
0.09037639998132359,79106.67,3.53,0.12096022399701178,0.017484944000747054,0.695250051982631,0.0,79178.13
0.0906104999885429,79149.53,3.53,0.12099767999816687,0.017475580000458284,0.6954677649893449,0.0,79178.13
0.0908450999995693,79192.44,3.53,0.1210352159999311,0.017466196000017226,0.6956859429995995,0.0,79178.13
0.0910788000037428,79292.65,3.53,0.12107260800059885,0.017456847999850287,0.6959032840034809,0.0,79192.44
0.0913137999887112,79178.13,3.53,0.1211102079981938,0.01744744800045155,0.6961218339895014,0.0,79192.44
0.0915474999928847,79249.67,3.53,0.12114759999886156,0.01743810000028461,0.6963391749933828,0.0,79192.44
0.0917819000023883,79249.67,3.53,0.12118510400038213,0.01742872399990447,0.6965571670022211,0.0,79192.44
0.0920168999873567,79120.96,3.53,0.12122270399797708,0.01741932400050573,0.6967757169882418,0.0,79192.44
0.0922512999968603,79235.36,3.53,0.12126020799949765,0.01740994800012559,0.6969937089970801,0.0,79192.44
0.0924857000063639,79163.84,3.53,0.12129771200101823,0.017400571999745443,0.6972117010059184,0.0,79192.44
0.0927985000016633,79192.44,3.53,0.12134776000026613,0.017388059999933467,0.6975026050015469,0.0,79192.44
0.09303379998891609,79163.84,3.53,0.12138540799822659,0.017378648000443357,0.697721433989692,0.0,79192.44
0.09326930000679569,79206.73,3.53,0.12142308800108731,0.017369227999728173,0.69794044900632,0.0,79192.44
0.09350279998034239,78935.56,3.53,0.12146044799685479,0.017359888000786302,0.6981576039817184,0.0,79206.73
0.0937372999906074,79221.05,3.53,0.12149796799849719,0.017350508000375704,0.6983756889912649,0.0,79192.44
0.0939704999909736,79120.96,3.53,0.12153527999855578,0.017341180000361056,0.6985925649916055,0.0,79192.44
0.0942060999805108,79306.98,3.53,0.12157297599688173,0.017331756000779568,0.6988116729818751,0.0,79192.44
0.09443939998163839,79464.86,3.53,0.12161030399706214,0.017322424000734464,0.6990286419829238,0.0,79192.44
0.0946750000002794,79407.39,3.53,0.1216480000000447,0.017312999999988823,0.6992477500002598,0.0,79192.44
0.0949087000044528,79192.44,3.53,0.12168539200071245,0.017303651999821888,0.6994650910041411,0.0,79192.44
0.09514339998713689,79192.44,3.53,0.12172294399794191,0.017294264000514523,0.6996833619880374,0.0,79178.13
0.0953905000060331,79178.13,3.53,0.1217624800009653,0.017284379999758674,0.6999131650056108,0.0,79192.44
0.0956204999820329,79078.12,3.53,0.12179927999712527,0.017275180000718683,0.7001270649832907,0.0,79178.13
0.0958494999795221,79135.25,3.53,0.12183591999672354,0.017266020000819116,0.7003400349809557,0.0,79135.25
0.0960773999977391,79135.25,3.53,0.12187238399963826,0.017256904000090435,0.7005519819978974,0.0,79135.25
0.09632109999074599,79135.25,3.53,0.12191137599851937,0.01724715600037016,0.7007786229913938,0.0,79135.25
0.0965518000011798,79192.44,3.53,0.12194828800018877,0.017237927999952808,0.7009931740010973,0.0,79135.25
0.0967827999847941,79135.25,3.53,0.12198524799756706,0.017228688000608235,0.7012080039858586,0.0,79135.25
0.09703549998812379,79078.12,3.53,0.12202567999809981,0.017218580000475048,0.7014430149889552,0.0,79149.53
0.0972650999901816,79149.53,3.53,0.12206241599842906,0.017209396000392736,0.701656542990869,0.0,79149.53
0.09748979998403229,79278.32,3.53,0.12209836799744517,0.017200408000638708,0.7018655139851501,0.0,79149.53
0.0977189999830443,79264.0,3.53,0.12213503999728709,0.01719124000067823,0.7020786699842313,0.0,79192.44
0.09794680000049989,79221.05,3.53,0.12217148800007999,0.017182127999980003,0.702290524000465,0.0,79149.53
0.0981754999957047,79192.44,3.53,0.12220807999931275,0.01717298000017181,0.7025032149960054,0.0,79192.44
0.0984036999871023,79120.96,3.53,0.12224459199793637,0.017163852000515907,0.7027154409880052,0.0,79192.44
0.0986321999807842,79092.41,3.53,0.12228115199692548,0.01715471200076863,0.7029279459821294,0.0,79192.44
0.0988596999959554,79235.36,3.53,0.12231755199935286,0.017145612000161785,0.7031395209962386,0.0,79192.44
0.0990891999972518,79078.12,3.53,0.12235427199956028,0.017136432000109926,0.7033529559974443,0.0,79178.13
0.09931699998560359,79192.44,3.53,0.12239071999769657,0.017127320000575857,0.7035648099866114,0.0,79178.13
0.09966380000696519,79192.44,3.53,0.12244620800111443,0.017113447999721393,0.7038873340064777,0.0,79178.13
0.09996550000505519,79135.25,3.53,0.12249448000080883,0.017101379999797793,0.7041679150047014,0.0,79178.13
0.10019500000635159,79120.96,3.53,0.1225302250009845,0.017102925000095276,0.7043764750057483,0.0,79192.44
0.10042469998006709,79178.13,3.53,0.1225658284969104,0.01710637049970101,0.7045843534819608,0.0,79178.13
0.10065529998973939,79421.77,3.53,0.12260157149840961,0.01710982949984609,0.7047930464907142,0.0,79192.44
0.100883100007195,79221.05,3.53,0.12263688050111522,0.017113246500107926,0.7049992055065115,0.0,79178.13
0.1011127999809105,79135.25,3.53,0.12267248399704113,0.01711669199971366,0.705207083982724,0.0,79135.25
0.10134110000217329,79192.44,3.53,0.12270787050033687,0.0171201165000326,0.7054136955019669,0.0,79135.25
0.1015717999835033,79135.25,3.53,0.12274362899744301,0.01712357699975255,0.7056224789850706,0.0,79135.25
0.1018001000047661,79264.0,3.53,0.12277901550073875,0.01712700150007149,0.7058290905043134,0.0,79135.25
0.1020269999862648,79092.41,3.53,0.12281418499787104,0.01713040499979397,0.7060344349875697,0.0,79135.25
0.10225609998451539,79049.57,3.53,0.12284969549759989,0.01713384149976773,0.7062417704859865,0.0,79135.25
0.1024841000034939,79135.25,3.53,0.12288503550054156,0.01713726150005241,0.706448110503162,0.0,79120.96
0.1028413999883924,79120.96,3.53,0.12294041699820082,0.017142620999825886,0.7067714669894952,0.0,79120.96
0.103085499984445,79306.98,3.53,0.12297825249758898,0.017146282499766675,0.7069923774859228,0.0,79120.96
0.1033133000019006,78807.56,3.52,0.12301356150029459,0.01714969950002851,0.7071985365017202,0.0,79120.96
0.10354219999862829,79092.41,3.53,0.12304904099978739,0.017153132999979424,0.7074056909987587,0.0,79135.25
0.103770199988503,79021.04,3.53,0.12308438099821796,0.017156552999827546,0.7076120309895952,0.0,79149.53
0.10399740000138989,79163.84,3.53,0.12311959700021544,0.01715996100002085,0.7078176470012579,0.0,79149.53
0.1042274000064935,79149.53,3.53,0.1231552470010065,0.017163411000097405,0.7080257970058766,0.0,79149.53
0.10446010000305249,79235.36,3.53,0.12319131550047313,0.017166901500045788,0.7082363905027625,0.0,79135.25
0.10469249999732709,79178.13,3.53,0.1232273374995857,0.017170387499959906,0.7084467124975811,0.0,79149.53
0.1049216999963391,79178.13,3.53,0.12326286349943257,0.017173825499945086,0.7086541384966869,0.0,79149.53
0.1051506999938283,79078.12,3.53,0.12329835849904339,0.017177260499907424,0.7088613834944146,0.0,79149.53
0.1053765999968164,79135.25,3.53,0.12333337299950654,0.017180648999952246,0.709065822997119,0.0,79149.53
0.1056055999943055,79092.41,3.53,0.12336886799911735,0.017184083999914584,0.7092730679948466,0.0,79149.53
0.10583389998646449,79163.84,3.53,0.12340425449790199,0.01718750849979697,0.7094796794877505,0.0,79149.53
0.10606299998471509,79135.25,3.53,0.12343976499763083,0.017190944999770728,0.7096870149861673,0.0,79149.53
0.1062914000067394,79149.53,3.53,0.1234751670010446,0.017194371000101093,0.7098937170060993,0.0,79149.53
0.1065200000011828,79078.12,3.53,0.12351060000018332,0.017197800000017742,0.7101006000010704,0.0,79163.84
0.10675010000704789,79221.05,3.53,0.12354626550109242,0.017201251500105718,0.7103088405063784,0.0,79178.13
0.106978199997684,79221.05,3.53,0.12358162099964101,0.01720467299996526,0.7105152709979041,0.0,79178.13
0.1072080000012647,79221.05,3.53,0.12361724000019603,0.01720812000001897,0.7107232400011446,0.0,79178.13
0.10743679999723099,79235.36,3.53,0.1236527039995708,0.017211551999958465,0.7109303039974941,0.0,79178.13
0.10766690000309609,79178.13,3.53,0.12368836950047989,0.01721500350004644,0.711138544502802,0.0,79221.05
0.1078969999798573,79278.32,3.53,0.12372403499687788,0.01721845499969786,0.711346784981771,0.0,79221.05
0.10812659998191519,79135.25,3.53,0.12375962299719685,0.017221898999728726,0.7115545729836333,0.0,79206.73
0.1083546000008937,79049.57,3.53,0.12379496300013852,0.017225319000013405,0.7117609130008089,0.0,79178.13
0.1085841000021901,79078.12,3.53,0.12383053550033946,0.01722876150003285,0.7119686105019821,0.0,79135.25
0.10881209999206469,79292.65,3.53,0.12386587549877003,0.01723218149988097,0.7121749504928186,0.0,79135.25
0.10904229999869129,79206.73,3.53,0.12390155649979714,0.01723563449998037,0.7123832814988157,0.0,79135.25
0.1093053999939002,79135.25,3.53,0.12394233699905452,0.017239580999908504,0.7126213869944797,0.0,79135.25
0.10953789998893629,79106.67,3.53,0.12397837449828512,0.017243068499834046,0.7128317994899874,0.0,79135.25
0.10976759999175549,79106.67,3.53,0.1240139779987221,0.017246513999876333,0.7130396779925388,0.0,79163.84
0.1099994999822229,79206.73,3.53,0.12404992249724454,0.017249992499733344,0.7132495474839118,0.0,79178.13
0.11022899998351929,79178.13,3.53,0.12408549499744549,0.01725343499975279,0.713457244985085,0.0,79163.84
0.110459899995476,79192.44,3.53,0.12412128449929877,0.01725689849993214,0.7136662094959059,0.0,79135.25
0.1106908000074327,79120.96,3.53,0.12415707400115206,0.017260362000111492,0.7138751740067266,0.0,79120.96
0.1109202999796253,79163.84,3.53,0.12419264649684192,0.01726380449969438,0.7140828714815609,0.0,79120.96
0.1111505999870133,79306.98,3.53,0.12422834299798706,0.017267258999805198,0.7142912929882471,0.0,79120.96
0.1113792999822181,78807.56,3.52,0.1242637914972438,0.01727068949973327,0.7144982664839075,0.0,79120.96
0.1116102999949362,79035.32,3.53,0.12429959649921511,0.017274154499924043,0.7147073214954173,0.0,79120.96
0.1118394999939483,79092.41,3.53,0.12433512249906198,0.017277592499909223,0.7149147474945232,0.0,79120.96
0.1120701000036206,79120.96,3.53,0.12437086550056119,0.01728105150005431,0.7151234405032767,0.0,79120.96
0.11229859999730249,79120.96,3.53,0.12440628299958188,0.017284478999959538,0.7153302329975588,0.0,79120.96
0.1126067999866791,79063.85,3.53,0.12445405399793526,0.017289101999800185,0.7156091539879447,0.0,79120.96
0.1128371999948285,79063.85,3.53,0.1244897659991984,0.017292557999922426,0.7158176659953198,0.0,79120.96
0.1130634000001009,79120.96,3.53,0.12452482700001563,0.017295951000001513,0.7160223770000914,0.0,79120.96
0.11329249999835149,79192.44,3.53,0.12456033749974448,0.017299387499975272,0.7162297124985082,0.0,79120.96
0.11352290000650099,79192.44,3.53,0.12459604950100765,0.017302843500097514,0.7164382245058835,0.0,79106.67
0.1137516000017058,79135.25,3.53,0.12463149800026439,0.017306274000025587,0.7166451980015438,0.0,79106.67
0.113981500006048,78949.79,3.53,0.12466713250093743,0.01730972250009072,0.7168532575054735,0.0,79106.67
0.11421119997976349,79106.67,3.53,0.12470273599686334,0.01731316799969645,0.717061135981686,0.0,79106.67
0.11444020000635649,79078.12,3.53,0.12473823100098524,0.017316603000095347,0.7172683810057526,0.0,79106.67
0.1146711999899708,79049.57,3.53,0.12477403599844547,0.017320067999849562,0.7174774359909236,0.0,79078.12
0.11489979998441409,79120.96,3.53,0.12480946899758417,0.01732349699976621,0.7176843189858948,0.0,79078.12
0.1151295999879949,78992.55,3.53,0.1248450879981392,0.017326943999819922,0.7178922879891354,0.0,79078.12
0.1153588999877684,79078.12,3.53,0.12488062949810409,0.017330383499816526,0.7180998044889304,0.0,79078.12
0.1155928999942262,79120.96,3.53,0.12491689949910506,0.01733389349991339,0.7183115744947748,0.0,79078.12
0.11582179999095389,79063.85,3.53,0.12495237899859785,0.017337326999864306,0.7185187289918133,0.0,79078.12
0.11605189999681899,79035.32,3.53,0.12498804449950693,0.017340778499952286,0.7187269694971212,0.0,79092.41
0.11641269997926429,79206.73,3.53,0.12504396849678595,0.017346190499688965,0.7190534934812343,0.0,79092.41
0.1166451000026427,79178.13,3.53,0.1250799905004096,0.01734967650003964,0.7192638155023917,0.0,79092.41
0.1168734999955632,79221.05,3.53,0.12511539249931228,0.017353102499933448,0.7194705174959848,0.0,79092.41
0.11710309999762099,78935.56,3.53,0.12515098049963125,0.017356546499964313,0.7196783054978471,0.0,79092.41
0.1173309999867342,79092.41,3.53,0.12518630499794378,0.01735996499980101,0.7198845549879945,0.0,79092.41
0.1175615999964066,79149.53,3.53,0.125222047999443,0.017363423999946098,0.720093247996748,0.0,79092.41
0.11779049999313429,79092.41,3.53,0.12525752749893582,0.017366857499897012,0.7203004024937866,0.0,79092.41
0.1180206999997608,79092.41,3.53,0.12529320849996292,0.017370310499996412,0.7205087334997836,0.0,79092.41
0.1182482999865897,79035.32,3.53,0.1253284864979214,0.017373724499798845,0.7207147114878637,0.0,79092.41
0.1184781999909319,79407.39,3.53,0.12536412099859442,0.017377172999863976,0.7209227709917935,0.0,79092.41
0.11870639998232939,78850.19,3.52,0.12539949199726105,0.01738059599973494,0.7211292919840081,0.0,79092.41
0.1189366999897174,79078.12,3.53,0.12543518849840618,0.01738405049984576,0.7213377134906943,0.0,79092.41
0.11916579998796799,79092.41,3.53,0.12547069899813504,0.01738748699981952,0.7215450489891111,0.0,79092.41
0.1193940999801271,79078.12,3.53,0.1255060854969197,0.017390911499701907,0.7217516604820151,0.0,79092.41
0.11962300000595859,79235.36,3.53,0.12554156500092356,0.01739434500008938,0.7219588150053926,0.0,79135.25
0.1198522000049706,79221.05,3.53,0.12557709100077044,0.01739778300007456,0.7221662410044984,0.0,79135.25
0.1200821999809705,79163.84,3.53,0.12561232999714556,0.01740534299876308,0.7223735689829687,0.0,79135.25
0.1203120999853127,79135.25,3.53,0.1256468149977969,0.017420286499045326,0.7225793294868549,0.0,79135.25
0.1205419999896549,79092.41,3.53,0.12568129999844824,0.01743522999932757,0.7227850899907412,0.0,79135.25
0.12076669998350549,79249.67,3.53,0.1257150049975258,0.017449835498927858,0.7229861964852374,0.0,79135.25
0.12099639998632479,79135.25,3.53,0.1257494599979487,0.01746476599911111,0.7231917779877608,0.0,79092.41
0.1212252999830525,79049.57,3.53,0.12578379499745787,0.01747964449889841,0.723396643484832,0.0,79092.41
0.1214808999793604,79049.57,3.53,0.12582213499690406,0.017496258498658424,0.7236254054815277,0.0,79063.85
0.121710899984464,79092.41,3.53,0.12585663499766958,0.01751120849899016,0.7238312554860953,0.0,79063.85
0.12194139999337489,78907.09,3.53,0.12589120999900622,0.01752619099956937,0.7240375529940706,0.0,79063.85
0.12217109999619419,78992.55,3.53,0.12592566499942912,0.01754112149975262,0.7242431344965938,0.0,79063.85
0.1224241000018082,79063.85,3.53,0.12596361500027123,0.017557566500117534,0.7244695695016184,0.0,79063.85
0.1227239999861922,79063.85,3.53,0.12600859999792882,0.017577059999102494,0.7247379799876421,0.0,79063.85
0.12295580000500189,79163.84,3.53,0.12604337000075028,0.017592127000325124,0.7249454410044768,0.0,79063.85
0.1231855999794789,79120.96,3.53,0.12607783999692182,0.017607063998666128,0.7251511119816336,0.0,79049.57
0.1234159999876283,79221.05,3.53,0.12611239999814425,0.01762203999919584,0.7253573199889274,0.0,79063.85
0.1236447999835946,79049.57,3.53,0.12614671999753918,0.01763691199893365,0.7255620959853172,0.0,79063.85
0.1238729000033345,79021.04,3.53,0.12618093500050018,0.017651738500216743,0.7257662455029844,0.0,79063.85
0.1241037999861874,79049.57,3.53,0.1262155699979281,0.01766674699910218,0.7259729009876378,0.0,79078.12
0.12433150000288148,78949.79,3.53,0.12624972500043222,0.017681547500187297,0.726176692502579,0.0,79063.85
0.12456019999808629,79078.12,3.53,0.12628402999971294,0.01769641299987561,0.7263813789982873,0.0,79063.85
0.1247884999902453,79092.41,3.53,0.1263182749985368,0.017711252499365945,0.7265857074912696,0.0,79063.85
0.125018499995349,79063.85,3.53,0.12635277499930234,0.017726202499697686,0.7267915574958375,0.0,79063.85
0.1252478999958839,79092.41,3.53,0.1263871849993826,0.017741113499732456,0.7269968704963161,0.0,79063.85
0.1254782000032719,79063.85,3.53,0.12642173000049078,0.017756083000212676,0.7272029890029285,0.0,79078.12
0.1257064999954309,79063.85,3.53,0.12645597499931463,0.01777092249970301,0.7274073174959107,0.0,79092.41
0.1259365000005346,79135.25,3.53,0.12649047500008018,0.01778587250003475,0.7276131675004786,0.0,79092.41
0.12616559999878518,79163.84,3.53,0.12652483999981778,0.01780076399992104,0.7278182119989128,0.0,79063.85
0.1264066000003368,79049.57,3.53,0.12656099000005053,0.017816429000021894,0.7280339070003015,0.0,79078.12
0.1266373999824282,79292.65,3.53,0.12659560999736422,0.017831430998857836,0.7282404729842733,0.0,79063.85
0.1268670999852475,79135.25,3.53,0.12663006499778712,0.01784636149904109,0.7284460544867966,0.0,79063.85
0.1270950000034645,78978.28,3.53,0.12666425000051967,0.017861175000225195,0.7286500250031008,0.0,79078.12
0.1273228999925777,79021.04,3.53,0.12669843499888664,0.017875988499517555,0.728853995493357,0.0,79078.12
0.127551699988544,79078.12,3.53,0.1267327549982816,0.01789086049925536,0.729058771489747,0.0,79049.57
0.127779999980703,79049.57,3.53,0.12676699999710545,0.017905699998745698,0.7292630999827292,0.0,79078.12
0.1280082000012044,78821.76,3.52,0.12680123000018065,0.017920533000078287,0.729467339001078,0.0,79078.12
0.1282350999827031,79078.12,3.53,0.12683526499740547,0.017935281498875705,0.7296704144845193,0.0,79063.85
0.1284596000041347,79078.12,3.53,0.1268689400006202,0.01794987400026876,0.7298713420037006,0.0,79078.12
0.12868729999172498,79021.04,3.53,0.12690309499875874,0.017964674499462128,0.7300751334925939,0.0,79078.12
0.12891719999606718,79306.98,3.53,0.12693757999941008,0.01797961799974437,0.7302808939964802,0.0,79078.12
0.1291443999798503,79106.67,3.53,0.12697165999697754,0.017994385998690274,0.730484237981966,0.0,79078.12
0.12937330000568179,79063.85,3.53,0.12700599500085227,0.01800926450036932,0.7306891035050852,0.0,79078.12
0.1296007999917492,79078.12,3.53,0.12704011999876239,0.018024051999463702,0.7308927159926156,0.0,79078.12
0.1298289999831468,79092.41,3.53,0.12707434999747202,0.018038884998904544,0.7310969549849164,0.0,79063.85
0.1300573000044096,79049.57,3.53,0.12710859500066143,0.018053724500286628,0.7313012835039466,0.0,79078.12
0.1302867000049446,79407.39,3.53,0.1271430050007417,0.018068635500321402,0.7315065965044255,0.0,79078.12
0.1305149999971036,79021.04,3.53,0.12717724999956553,0.018083474999811736,0.7317109249974078,0.0,79063.85
0.1307418000069447,78964.04,3.53,0.1272112700010417,0.01809821700045141,0.7319139110062155,0.0,79063.85
0.1309703000006266,79035.32,3.53,0.127245545000094,0.018113069500040734,0.7321184185005608,0.0,79063.85
0.13119849999202418,79120.96,3.53,0.12727977499880364,0.018127902499481575,0.7323226574928617,0.0,79063.85
0.1314282999956049,79178.13,3.53,0.12731424499934074,0.018142839499714323,0.7325283284960664,0.0,79120.96
0.1316901999816764,79049.57,3.53,0.12735352999725147,0.01815986299880897,0.7327627289836004,0.0,79120.96
0.1319223000027705,79063.85,3.53,0.12738834500041557,0.018174949500180088,0.7329704585024797,0.0,79120.96
0.1321500999911223,79135.25,3.53,0.12742251499866836,0.018189756499422952,0.7331743394920545,0.0,79120.96
0.1324403999897186,79135.25,3.53,0.12746605999845778,0.018208625999331714,0.7334341579907983,0.0,79120.96
0.1326685999811161,79120.96,3.53,0.12750028999716742,0.018223458998772552,0.733638396983099,0.0,79092.41
0.1330060999898706,79135.25,3.53,0.1275509149984806,0.018245396499341593,0.7339404594909342,0.0,79078.12
0.133249699982116,79092.41,3.53,0.1275874549973174,0.018261230498837544,0.7341584814839939,0.0,79078.12
0.133479999989504,79063.85,3.53,0.1276219999984256,0.018276199999317764,0.7343645999906061,0.0,79078.12
0.1337237999832723,79063.85,3.53,0.12765856999749084,0.018292046998912705,0.7345828009850288,0.0,79063.85
0.13396789997932498,78964.04,3.53,0.12769518499689875,0.01830791349865613,0.7348012704814959,0.0,79063.85
0.1341989999928046,79078.12,3.53,0.1277298499989207,0.018322934999532303,0.7350081049935602,0.0,79063.85
0.1344299000047613,79049.57,3.53,0.1277644850007142,0.01833794350030949,0.7352147605042614,0.0,79063.85
0.1346584999992046,79021.04,3.53,0.12779877499988068,0.018352802499948303,0.7354193574992882,0.0,79049.57
0.1348889000073541,79049.57,3.53,0.1278333350011031,0.01836777850047802,0.735625565506582,0.0,79049.57
0.1351167999964673,78835.98,3.52,0.1278675199994701,0.01838259199977038,0.7358295359968383,0.0,79049.57
0.1353469000023324,79120.96,3.53,0.12790203500034986,0.01839754850015161,0.7360354755020876,0.0,79049.57
0.1355754999967758,79092.41,3.53,0.12793632499951638,0.018412407499790433,0.7362400724971144,0.0,79049.57
0.135806300007971,79049.57,3.53,0.12797094500119566,0.018427409500518122,0.7364466385071341,0.0,79063.85
0.1360344999993686,79063.85,3.53,0.1280051749999053,0.018442242499958964,0.7366508774994349,0.0,79063.85
0.1362593999947421,79364.34,3.53,0.12803890999921133,0.018456860999658244,0.7368521629952942,0.0,79063.85
0.1364892999990843,78935.56,3.53,0.12807339499986264,0.018471804499940486,0.7370579234991805,0.0,79063.85
0.13671749999048188,79135.25,3.53,0.12810762499857228,0.018486637499381328,0.7372621624914814,0.0,79063.85
0.136947599996347,79063.85,3.53,0.12814213999945206,0.01850159399976256,0.7374681019967306,0.0,79049.57
0.1371762999915518,79035.32,3.53,0.12817644499873276,0.018516459499450872,0.7376727884924389,0.0,79063.85
0.1374064999981783,79149.53,3.53,0.12821097499972675,0.018531422499881597,0.7378788174983696,0.0,79035.32
0.1376346999895759,78992.55,3.53,0.1282452049984364,0.01854625549932244,0.7380830564906705,0.0,79035.32
0.13786489999620238,78992.55,3.53,0.12827973499943035,0.018561218499753163,0.7382890854966012,0.0,79063.85
0.1380938999936916,79035.32,3.53,0.12831408499905375,0.01857610349958996,0.7384940404943541,0.0,79063.85
0.1383239999995567,79063.85,3.53,0.1283485999999335,0.018591059999971193,0.7386999799996032,0.0,79063.85
0.1385528999962844,78964.04,3.53,0.12838293499944267,0.018605938499758494,0.7389048454966746,0.0,79078.12
0.1387828000006266,79120.96,3.53,0.12841742000009398,0.018620882000040737,0.7391106060005609,0.0,79063.85
0.1390131000080146,79078.12,3.53,0.1284519650012022,0.018635851500520956,0.7393167245071731,0.0,79063.85
0.1392422000062652,79092.41,3.53,0.12848633000093979,0.018650743000407245,0.7395217690056074,0.0,79063.85
0.13947309998911808,79106.67,3.53,0.1285209649983677,0.01866575149929268,0.7397284244902608,0.0,79063.85
0.13970219998736869,79149.53,3.53,0.12855532999810532,0.018680642999178973,0.739933468988695,0.0,79063.85
0.1399335000023711,79063.85,3.53,0.12859002500035566,0.018695677500154127,0.7401404825021222,0.0,79078.12
0.140163100004429,79021.04,3.53,0.1286252805006865,0.01870407750011073,0.7403467900039862,0.0,79063.85
0.14039369998499748,79035.32,3.53,0.1286610234976746,0.01870984249962494,0.7405543299864978,0.0,79063.85
0.1406227999832481,79006.8,3.53,0.12869653399740347,0.018715569999581207,0.7407605199849233,0.0,79063.85
0.14085339999292049,78978.28,3.53,0.1287322769989027,0.018721334999823015,0.7409680599936285,0.0,79063.85
0.1410828999942169,79120.96,3.53,0.12876784949910364,0.018727072499855425,0.7411746099947952,0.0,79035.32
0.1413131000008434,79006.8,3.53,0.12880353050013074,0.018732827500021088,0.7413817900007591,0.0,79035.32
0.1415439999836963,79206.73,3.53,0.12883931999747295,0.01873859999959241,0.7415895999853267,0.0,79035.32
0.141773799987277,79120.96,3.53,0.12887493899802793,0.018744344999681927,0.7417964199885494,0.0,79035.32
0.14200170000549409,79163.84,3.53,0.12891026350085158,0.018750042500137357,0.7420015300049447,0.0,79063.85
0.14223070000298318,78935.56,3.53,0.12894575850046242,0.018755767500074582,0.742207630002685,0.0,79120.96
0.1424975999980234,79035.32,3.53,0.12898712799969364,0.018762439999950586,0.7424478399982211,0.0,79063.85
0.142727600003127,79135.25,3.53,0.1290227780004847,0.018768190000078178,0.7426548400028143,0.0,79063.85
0.1429562999983318,78992.55,3.53,0.12905822649974144,0.018773907499958296,0.7428606699984986,0.0,79035.32
0.1431865000049584,79063.85,3.53,0.12909390750076857,0.018779662500123962,0.7430678500044626,0.0,79035.32
0.1434154000016861,79264.0,3.53,0.12912938700026136,0.018785385000042155,0.7432738600015175,0.0,79006.8
0.1436437999946065,79006.8,3.53,0.129164788999164,0.018791094999865164,0.7434794199951459,0.0,79006.8
0.1438698999991175,79006.8,3.53,0.12919983449986322,0.01879674749997794,0.7436829099992058,0.0,79006.8
0.14409829999203788,79006.8,3.53,0.1292352364987659,0.01880245749980095,0.7438884699928342,0.0,79006.8
0.14432749999105,79049.57,3.53,0.12927076249861275,0.018808187499776252,0.744094749991945,0.0,79006.8
0.144556699990062,78864.42,3.53,0.12930628849845963,0.018813917499751552,0.7443010299910559,0.0,79006.8
0.1447856999875512,78892.87,3.53,0.12934178349807043,0.018819642499688784,0.7445071299887961,0.0,79006.8
0.14501380000729108,79163.84,3.53,0.12937713900113013,0.01882534500018228,0.744712420006562,0.0,79006.8
0.1452438999840524,78978.28,3.53,0.12941280449752812,0.018831097499601313,0.7449195099856473,0.0,79021.04
0.1454722000053152,79163.84,3.53,0.12944819100082386,0.01883680500013288,0.7451249800047838,0.0,79021.04
0.1457010000012815,79264.0,3.53,0.12948365500019865,0.01884252500003204,0.7453309000011534,0.0,79021.04
0.14592959999572488,79021.04,3.53,0.12951908799933737,0.018848239999893126,0.7455366399961525,0.0,79021.04
0.14618019998306409,78907.09,3.53,0.12955793099737495,0.018854504999576603,0.7457621799847577,0.0,79021.04
0.1464110999950208,79035.32,3.53,0.12959372049922824,0.01886027749987552,0.7459699899955188,0.0,79021.04
0.1466391999856569,78978.28,3.53,0.12962907599777684,0.018865979999641423,0.7461752799870912,0.0,79021.04
0.1468679999816231,79021.04,3.53,0.12966453999715158,0.01887169999954058,0.7463811999834609,0.0,79021.04
0.1470954999967944,78949.79,3.53,0.12969980249950314,0.01887738749991986,0.746585949997115,0.0,78992.55
0.14732540000113659,78935.56,3.53,0.12973543700017617,0.018883135000028417,0.746792860001023,0.0,78992.55
0.1475539999955799,79021.04,3.53,0.1297708699993149,0.0188888499998895,0.7469985999960219,0.0,79021.04
0.1477828999923076,79120.96,3.53,0.12980634949880768,0.018894572499807694,0.7472046099930769,0.0,79021.04
0.1480110999837052,78992.55,3.53,0.12984172049747433,0.01890027749959263,0.7474099899853347,0.0,79021.04
0.1482407999865245,78992.55,3.53,0.12987732399791133,0.018906019999663116,0.7476167199878722,0.0,79006.8
0.1484686000039801,79106.67,3.53,0.12991263300061692,0.018911715000099506,0.7478217400035821,0.0,79006.8
0.1486988999822643,79078.12,3.53,0.129948329497251,0.01891747249955661,0.7480290099840379,0.0,79006.8
0.1489270000020042,79078.12,3.53,0.12998368500031066,0.018923175000050106,0.7482343000018038,0.0,79006.8
0.1491549999918789,79006.8,3.53,0.13001902499874124,0.018928874999796976,0.7484394999926911,0.0,79006.8
0.1493842999916524,78978.28,3.53,0.13005456649870614,0.01893460749979131,0.7486458699924872,0.0,79021.04
0.1496989000006579,79006.8,3.53,0.13010332950010198,0.01894247250001645,0.7489290100005922,0.0,79078.12
0.14992809999966988,78949.79,3.53,0.13013885549994886,0.01894820249999175,0.7491352899997029,0.0,79078.12
0.1501567999948747,79021.04,3.53,0.1301743039992056,0.01895391999987187,0.7493411199953873,0.0,79078.12
0.1503862999961711,79192.44,3.53,0.13020987649940655,0.01895965749990428,0.7495476699965541,0.0,79092.41
0.1506146999890916,79135.25,3.53,0.13024527849830922,0.01896536749972729,0.7497532299901825,0.0,79092.41
0.1508443999919109,79192.44,3.53,0.1302808819987462,0.018971109999797776,0.7499599599927199,0.0,79092.41
0.15107269998406989,79106.67,3.53,0.13031626849753086,0.01897681749960175,0.7501654299856629,0.0,79092.41
0.1513014999800362,79120.96,3.53,0.13035173249690563,0.018982537499500907,0.7503713499820326,0.0,79092.41
0.1515253999968991,79092.41,3.53,0.13038643699951938,0.01898813499992248,0.7505728599972092,0.0,79106.67
0.1517534999875352,79035.32,3.53,0.13042179249806798,0.01899383749968838,0.7507781499887818,0.0,79092.41
0.1519817000080366,78949.79,3.53,0.1304571635012457,0.018999542500200917,0.750983530007233,0.0,79078.12
0.1522571999812499,78964.04,3.53,0.13049986599709376,0.019006429999531248,0.751231479983125,0.0,79063.85
0.1524994999927003,79078.12,3.53,0.13053742249886857,0.01901248749981751,0.7514495499934303,0.0,79049.57
0.1527281999879051,79106.67,3.53,0.1305728709981253,0.01901820499969763,0.7516553799891147,0.0,79049.57
0.15295659998082559,79049.57,3.53,0.13060827299702799,0.019023914999520643,0.7518609399827431,0.0,79049.57
0.1531855000066571,78992.55,3.53,0.13064375250103186,0.019029637500166428,0.7520669500059914,0.0,79049.57
0.1534138999995775,79063.85,3.53,0.13067915449993453,0.01903534749998944,0.7522725099996198,0.0,79049.57
0.15364279999630528,78935.56,3.53,0.13071463399942734,0.019041069999907633,0.7524785199966748,0.0,79049.57
0.1538720999960788,79078.12,3.53,0.13075017549939222,0.019046802499901972,0.752684889996471,0.0,79035.32
0.1541006999905221,79092.41,3.53,0.13078560849853094,0.019052517499763055,0.7528906299914699,0.0,79035.32
0.15433079999638719,79035.32,3.53,0.13082127399944005,0.019058269999909682,0.7530977199967486,0.0,79021.04
0.1545591999893077,79006.8,3.53,0.13085667599834272,0.019063979999732694,0.7533032799903769,0.0,79021.04
0.1547895999974571,79021.04,3.53,0.13089238799960587,0.019069739999936428,0.7535106399977114,0.0,79021.04
0.1550182999926619,79021.04,3.53,0.1309278364988626,0.01907545749981655,0.7537164699933958,0.0,79021.04
0.1552471999893896,79078.12,3.53,0.1309633159983554,0.01908117999973474,0.7539224799904507,0.0,79021.04
0.1554755999823101,78978.28,3.53,0.1309987179972581,0.019086889999557752,0.7541280399840792,0.0,79006.8
0.1557048999820836,78964.04,3.53,0.13103425949722297,0.01909262249955209,0.7543344099838752,0.0,79006.8
0.1559329000010621,78964.04,3.53,0.13106959950016464,0.019098322500026552,0.7545396100009559,0.0,79021.04
0.1561716999858618,78736.58,3.52,0.1311066134978086,0.019104292499646545,0.7547545299872757,0.0,79021.04
0.1564006999833509,79063.85,3.53,0.13114210849741942,0.019110017499583774,0.7549606299850159,0.0,78978.28
0.1566308999899775,78964.04,3.53,0.13117778949844652,0.01911577249974944,0.7551678099909798,0.0,78978.28
0.1568587000074331,79049.57,3.53,0.13121309850115215,0.01912146750018583,0.7553728300066899,0.0,79049.57
0.1570876000041608,79120.96,3.53,0.13124857800064493,0.01912719000010402,0.7555788400037448,0.0,79049.57
0.1573171000054572,79264.0,3.53,0.13128415050084588,0.01913292750013643,0.7557853900049115,0.0,79049.57
0.1575464000052307,78750.76,3.52,0.13131969200081078,0.01913866000013077,0.7559917600047077,0.0,79063.85
0.1577752000011969,79120.96,3.53,0.13135515600018555,0.019144380000029923,0.7561976800010772,0.0,79049.57
0.1580030999903101,79049.57,3.53,0.13139048049849808,0.019150077499757754,0.7564027899912792,0.0,79049.57
0.158232699992368,79049.57,3.53,0.13142606849881705,0.0191558174998092,0.7566094299931313,0.0,79049.57
0.1584839999850374,79092.41,3.53,0.13146501999768082,0.019162099999625936,0.7568355999865337,0.0,79049.57
0.15871600000537,79163.84,3.53,0.13150098000083238,0.019167900000134252,0.7570444000048331,0.0,79049.57
0.158944299997529,78935.56,3.53,0.13153636649961703,0.019173607499938225,0.7572498699977761,0.0,79049.57
0.1591705000028014,78992.55,3.53,0.13157142750043424,0.019179262500070036,0.7574534500025213,0.0,79049.57
0.1594188000017311,79021.04,3.53,0.13160991400026834,0.019185470000043277,0.7576769200015581,0.0,79049.57
0.1596513999975286,79021.04,3.53,0.13164596699961695,0.019191284999938215,0.7578862599977758,0.0,79035.32
0.15988170000491658,79178.13,3.53,0.1316816635007621,0.019197042500122916,0.758093530004425,0.0,79035.32
0.16011149997939358,79120.96,3.53,0.13171728249680603,0.0192,0.7583031374809391,0.0,79035.32
0.1603402000037022,79178.13,3.53,0.13175273100057386,0.0192,0.7585146850034246,0.0,79035.32
0.1605685999966226,79035.32,3.53,0.13178813299947653,0.0192,0.758725954996876,0.0,79035.32
0.1607979999971576,79035.32,3.53,0.13182368999955946,0.0192,0.7589381499973709,0.0,79035.32
0.16102669999236238,79149.53,3.53,0.1318591384988162,0.0192,0.7591496974929353,0.0,79035.32
0.1612572000012733,79021.04,3.53,0.1318948660001974,0.0192,0.7593629100011778,0.0,79035.32
0.1614855999941938,79006.8,3.53,0.13193026799910007,0.0192,0.7595741799946293,0.0,79035.32
0.16171590000158179,79021.04,3.53,0.1319659645002452,0.0192,0.7597872075014632,0.0,79035.32
0.1619434999884106,79035.32,3.53,0.13200124249820366,0.0192,0.7599977374892799,0.0,79035.32
0.16226439998717979,79221.05,3.53,0.13205098199801288,0.0192,0.7602945699881414,0.0,79035.32
0.1626393999904394,79035.32,3.53,0.13210910699851813,0.0192,0.7606414449911565,0.0,79035.32
0.1628687999909744,78978.28,3.53,0.13214466399860106,0.0192,0.7608536399916513,0.0,79035.32
0.1630971999838948,78992.55,3.53,0.1321800659975037,0.0192,0.7610649099851028,0.0,79035.32
0.1633247999998275,79149.53,3.53,0.13221534399997328,0.0192,0.7612754399998405,0.0,79035.32
0.16355199998361059,79192.44,3.53,0.13225055999745966,0.0192,0.7614855999848399,0.0,79035.32
0.1637826999940444,79106.67,3.53,0.1322863184990769,0.0192,0.7616989974944911,0.0,79021.04
0.1640114999900106,79035.32,3.53,0.13232178249845167,0.0192,0.7619106374907598,0.0,79006.8
0.1642424000019673,79021.04,3.53,0.13235757200030496,0.0192,0.7621242200018198,0.0,79006.8
0.1644708999956492,78821.76,3.52,0.13239298949932565,0.0192,0.7623355824959756,0.0,79021.04
0.1647014000045601,78964.04,3.53,0.13242871700070682,0.0192,0.7625487950042181,0.0,79006.8
0.1649303000012878,78992.55,3.53,0.13246419650019964,0.0192,0.7627605275011913,0.0,79006.8
0.1651617999887094,79006.8,3.53,0.13250007899824998,0.0192,0.7629746649895562,0.0,79006.8
0.16539089998696,78921.32,3.53,0.1325355894979788,0.0192,0.763186582487938,0.0,79006.8
0.1656213999958709,79135.25,3.53,0.13257131699936,0.0192,0.7633997949961806,0.0,79006.8
0.1658498999895528,79006.8,3.53,0.1326067344983807,0.0192,0.7636111574903364,0.0,79006.8
0.16608029999770219,78935.56,3.53,0.13264244649964385,0.0192,0.7638242774978745,0.0,79035.32
0.166395799984457,79035.32,3.53,0.13269134899759086,0.0192,0.7641161149856228,0.0,79035.32
0.1666278000047896,79135.25,3.53,0.13272730900074242,0.0192,0.7643307150044304,0.0,79035.32
0.1668561999977101,79120.96,3.53,0.1327627109996451,0.0192,0.7645419849978818,0.0,79035.32
0.1670805999892764,79163.84,3.53,0.13279749299833787,0.0192,0.7647495549900807,0.0,79035.32
0.167308400006732,79035.32,3.53,0.13283280200104347,0.0192,0.7649602700062271,0.0,79035.32
0.167538899986539,79006.8,3.53,0.13286852949791356,0.0192,0.7651734824875486,0.0,79035.32
0.1677672999794595,79035.32,3.53,0.13290393149681623,0.0192,0.765384752481,0.0,79035.32
0.1679966999799944,78949.79,3.53,0.13293948849689916,0.0192,0.7655969474814949,0.0,79035.32
0.1682263999828137,79035.32,3.53,0.13297509199733615,0.0192,0.7658094199841027,0.0,79021.04
0.1684555999818258,78964.04,3.53,0.13301061799718303,0.0192,0.7660214299831889,0.0,79021.04
0.1686853999854065,78921.32,3.53,0.13304623699773802,0.0192,0.766233994986501,0.0,79021.04
0.1689151999889873,79035.32,3.53,0.13308185599829306,0.0192,0.7664465599898133,0.0,79035.32
0.169144999992568,79021.04,3.53,0.13311747499884805,0.0192,0.7666591249931254,0.0,79021.04
0.1693744999938644,78907.09,3.53,0.133153047499049,0.0192,0.7668714124943246,0.0,79021.04
0.1696044999989681,79035.32,3.53,0.13318869749984008,0.0192,0.7670841624990455,0.0,79021.04
0.1698327999911271,79035.32,3.53,0.13322408399862473,0.0192,0.7672953399917926,0.0,79035.32
0.1700638000038452,79120.96,3.53,0.13325988900059602,0.0192,0.7675090150035568,0.0,79035.32
0.1702929000020958,78964.04,3.53,0.13329539950032487,0.0192,0.7677209325019386,0.0,79035.32
0.1705227000056766,78949.79,3.53,0.1333310185008799,0.0192,0.7679334975052509,0.0,79035.32
0.17077530000824478,79135.25,3.53,0.13337017150127797,0.0192,0.7681671525076265,0.0,79035.32
0.171006499993382,79035.32,3.53,0.13340600749897422,0.0192,0.7683810124938784,0.0,79035.32
0.1712355999916326,79078.12,3.53,0.13344151799870307,0.0192,0.7685929299922601,0.0,79035.32
0.17146399998455308,79006.8,3.53,0.13347691999760575,0.0192,0.7688041999857116,0.0,79006.8
0.1716945999942254,79092.41,3.53,0.13351266299910494,0.0192,0.7690175049946585,0.0,79035.32
0.17192289998638438,79006.8,3.53,0.1335480494978896,0.0192,0.7692286824874056,0.0,79035.32
0.17218999998294748,79006.8,3.53,0.1335894499973569,0.0192,0.7694757499842264,0.0,79035.32
0.17241969998576678,79049.57,3.53,0.13362505349779386,0.0192,0.7696882224868343,0.0,79035.32
0.17264959999010898,78964.04,3.53,0.13366068799846692,0.0192,0.7699008799908509,0.0,79035.32
0.1728782999853138,79206.73,3.53,0.13369613649772366,0.0192,0.7701124274864153,0.0,79035.32
0.17310769998584868,79035.32,3.53,0.13373169349780656,0.0192,0.77032462248691,0.0,79021.04
0.1733361999795306,79063.85,3.53,0.13376711099682725,0.0192,0.7705359849810658,0.0,79021.04
0.1735659999831114,79021.04,3.53,0.13380272999738227,0.0192,0.770748549984378,0.0,79021.04
0.1737953999836463,79078.12,3.53,0.1338382869974652,0.0192,0.7709607449848729,0.0,78978.28
0.1740252999879885,78949.79,3.53,0.13387392149813823,0.0192,0.7711734024888893,0.0,78992.55
0.1742542999854777,78978.28,3.53,0.13390941649774907,0.0192,0.7713852274865669,0.0,78978.28
0.1744835999852512,78949.79,3.53,0.13394495799771394,0.0192,0.7715973299863574,0.0,78978.28
0.1747085999813862,78964.04,3.53,0.13397983299711488,0.0192,0.7718054549827822,0.0,78978.28
0.17493849998572839,78921.32,3.53,0.13401546749778792,0.0192,0.7720181124867987,0.0,78978.28
0.1751677999855019,78992.55,3.53,0.1340510089977528,0.0192,0.7722302149865893,0.0,78978.28
0.1753972999867983,78935.56,3.53,0.13408658149795374,0.0192,0.7724425024877885,0.0,78992.55
0.175627299991902,79006.8,3.53,0.13412223149874483,0.0192,0.7726552524925093,0.0,78992.55
0.1758551999810152,79035.32,3.53,0.13415755599705737,0.0192,0.7728660599824391,0.0,78992.55
0.1760853999876417,79021.04,3.53,0.13419323699808447,0.0192,0.7730789949885686,0.0,78992.55
0.1763137999805622,79049.57,3.53,0.13422863899698717,0.0192,0.77329026498202,0.0,79006.8
0.1765429999795742,79063.85,3.53,0.13426416499683402,0.0192,0.7735022749811061,0.0,79006.8
0.1767693999863695,78793.36,3.52,0.13429925699788728,0.0192,0.7737116949873918,0.0,79006.8
0.1769978999800514,78878.63,3.53,0.13433467449690797,0.0192,0.7739230574815475,0.0,79006.8
0.177225699997507,78978.28,3.53,0.1343699834996136,0.0192,0.774133772497694,0.0,79006.8
0.17745519999880338,79006.8,3.53,0.13440555599981455,0.0192,0.7743460599988932,0.0,79006.8
0.1776825999841094,79092.41,3.53,0.13444080299753697,0.0192,0.7745564049853012,0.0,79006.8
0.1779093999939505,78992.55,3.53,0.13447595699906234,0.0192,0.7747661949944042,0.0,79006.8
0.1781384999922011,78992.55,3.53,0.1345114674987912,0.0192,0.774978112492786,0.0,79035.32
0.1783661000081338,79035.32,3.53,0.13454674550126075,0.0192,0.7751886425075237,0.0,79035.32
0.1785959999833722,79192.44,3.53,0.1345823799974227,0.0192,0.7754012999846193,0.0,79035.32
0.178823399997782,79049.57,3.53,0.1346176269996562,0.0192,0.7756116449979483,0.0,79035.32
0.1790531000006013,79135.25,3.53,0.1346532305000932,0.0192,0.7758241175005562,0.0,79035.32
0.1792812999919988,79092.41,3.53,0.13468860149875983,0.0192,0.7760352024925989,0.0,79049.57
0.1795117000001483,79021.04,3.53,0.134724313500023,0.0192,0.7762483225001372,0.0,79049.57
0.1797403999953531,78992.55,3.53,0.13475976199927975,0.0192,0.7764598699957016,0.0,79049.57
0.1799702999996953,78821.76,3.52,0.13479539649995279,0.0192,0.7766725274997182,0.0,79049.57
0.1801986999926157,79063.85,3.53,0.1348327854987816,0.019205960999778473,0.7768927389928373,0.0,79049.57
0.1804287999984808,79049.57,3.53,0.13487075199974935,0.019212863999954425,0.7771159359985264,0.0,79049.57
0.1806567999883555,79049.57,3.53,0.13490837199807867,0.019219703999650666,0.7773370959887048,0.0,79035.32
0.1808851999812759,79078.12,3.53,0.13494605799691053,0.019226555999438278,0.7775586439818376,0.0,79035.32
0.1811159999924712,79106.67,3.53,0.13498413999875775,0.019233479999774136,0.7777825199926971,0.0,79049.57
0.1813441999838687,79035.32,3.53,0.13502179299733835,0.019240325999516063,0.7780038739843527,0.0,79049.57
0.1815735999844037,79035.32,3.53,0.13505964399742662,0.019247207999532112,0.7782263919848716,0.0,79049.57
0.1818016000033822,78964.04,3.53,0.13509726400055808,0.019254048000101467,0.7784475520032808,0.0,79049.57
0.18209699998260478,79021.04,3.53,0.1351460049971298,0.019262909999478144,0.7787340899831267,0.0,79035.32
0.1823214000032749,79049.57,3.53,0.13518303100054038,0.019269642000098248,0.7789517580031766,0.0,79035.32
0.1825503000000026,79078.12,3.53,0.13522079950000043,0.01927650900000008,0.7791737910000025,0.0,79035.32
0.1827781999891158,79149.53,3.53,0.13525840299820413,0.019283345999673473,0.7793948539894423,0.0,79035.32
0.18311819998780268,79035.32,3.53,0.13531450299798745,0.019293545999634083,0.7797246539881686,0.0,79035.32
0.1833490999997593,79021.04,3.53,0.13535260149996028,0.01930047299999278,0.7799486269997665,0.0,79035.32
0.1835781999980099,79021.04,3.53,0.13539040299967164,0.019307345999940297,0.7801708539980696,0.0,79035.32
0.1838060999871232,79035.32,3.53,0.13542800649787534,0.019314182999613697,0.7803919169875095,0.0,79035.32
0.1840345999808051,78949.79,3.53,0.13546570899683286,0.019321037999424154,0.780613561981381,0.0,79035.32
0.18426300000282939,79035.32,3.53,0.13550339500046685,0.019327890000084884,0.7808351100027445,0.0,79035.32
0.1844918999995571,78892.87,3.53,0.13554116349992693,0.019334756999986713,0.7810571429995704,0.0,79021.04
0.1847198999894317,79364.34,3.53,0.13557878349825625,0.01934159699968295,0.7812783029897488,0.0,79021.04
0.1849494999914896,78964.04,3.53,0.1356166674985958,0.01934848499974469,0.781501014991745,0.0,79035.32
0.1851765000028536,79163.84,3.53,0.13565412250047085,0.01935529500008561,0.781721205002768,0.0,79035.32
0.1854046999942511,79235.36,3.53,0.13569177549905145,0.019362140999827533,0.7819425589944236,0.0,79049.57
0.18563339998945588,78992.55,3.53,0.13572951099826022,0.019369001999683676,0.7821643979897722,0.0,79049.57
0.1858617999823764,78964.04,3.53,0.1357671969970921,0.019375853999471292,0.7823859459829051,0.0,79063.85
0.1860913999844342,79178.13,3.53,0.13580508099743166,0.019382741999533028,0.7826086579849012,0.0,79063.85
0.18631940000341268,79063.85,3.53,0.13584270100056312,0.019389582000102382,0.7828298180033103,0.0,79063.85
0.1865697999892291,79049.57,3.53,0.1358840169982228,0.019397093999676873,0.7830727059895523,0.0,79049.57
0.1867992999905255,79035.32,3.53,0.13592188449843673,0.019403978999715767,0.7832953209908098,0.0,79049.57
0.1870569000020623,79078.12,3.53,0.1359643885003403,0.01941170700006187,0.7835451930020004,0.0,79049.57
0.1872900000016671,79135.25,3.53,0.1360028500002751,0.019418700000050013,0.7837713000016171,0.0,79049.57
0.18752020000829359,79049.57,3.53,0.13604083300136846,0.01942560600024881,0.7839945940080448,0.0,79049.57
0.1877495000080671,79021.04,3.53,0.13607866750133107,0.019432485000242014,0.7842170150078251,0.0,79049.57
0.1879789999802597,79021.04,3.53,0.13611653499674287,0.01943936999940779,0.7844396299808519,0.0,79035.32
0.1882078000053298,78992.55,3.53,0.13615428700087942,0.019446234000159896,0.7846615660051699,0.0,79049.57
0.1884377999813296,78992.55,3.53,0.1361922369969194,0.01945313399943989,0.7848846659818898,0.0,79049.57
0.1886671999818645,79192.44,3.53,0.13623008799700764,0.019460015999455935,0.7851071839824086,0.0,79049.57
0.188897599990014,79063.85,3.53,0.13626810399835232,0.01946692799970042,0.7853306719903136,0.0,79021.04
0.1891273999935947,78992.55,3.53,0.13630602099894315,0.019473821999807843,0.7855535779937869,0.0,79049.57
0.18935820000479,79078.12,3.53,0.13634410300079036,0.0194807460001437,0.7857774540046464,0.0,79049.57
0.1895870000007562,79049.57,3.53,0.13638185500012479,0.01948761000002269,0.7859993900007336,0.0,79063.85
0.1898167000035755,79078.12,3.53,0.13641975550058996,0.019494501000107266,0.7862221990034682,0.0,79063.85
0.1900422000035178,79021.04,3.53,0.13645696300058044,0.019501266000105537,0.7864409340034123,0.0,79063.85
0.1902712000010069,79092.41,3.53,0.13649474800016614,0.019508136000030207,0.7866630640009767,0.0,79063.85
0.190501300006872,78992.55,3.53,0.13653271450113388,0.019515039000206163,0.7868862610066659,0.0,79078.12
0.1907306000066455,79092.41,3.53,0.13657054900109653,0.019521918000199368,0.7871086820064461,0.0,79078.12
0.19096179999178278,79063.85,3.53,0.13660869699864417,0.019528853999753484,0.7873329459920293,0.0,79092.41
0.1911899999831803,79021.04,3.53,0.13664634999722475,0.01953569999949541,0.7875542999836849,0.0,79092.41
0.19142009998904538,79135.25,3.53,0.1366843164981925,0.019542602999671362,0.787777496989374,0.0,79092.41
0.191649199987296,79321.32,3.53,0.13672211799790385,0.01954947599961888,0.7879997239876771,0.0,79092.41
0.191944499994861,79106.67,3.53,0.13677084249915208,0.01955833499984583,0.7882861649950152,0.0,79092.41
0.1921875999832991,79092.41,3.53,0.13681095399724436,0.019565627999498975,0.7885219719838001,0.0,79092.41
0.1924189999990631,79049.57,3.53,0.1368491349998454,0.019572569999971895,0.7887464299990913,0.0,79092.41
0.1926480999973137,79021.04,3.53,0.13688693649955677,0.019579442999919414,0.7889686569973944,0.0,79092.41
0.1928779000008944,79092.41,3.53,0.13692485350014758,0.019586337000026835,0.7891915630008676,0.0,79092.41
0.1931059999915305,78807.56,3.52,0.13696248999860255,0.019593179999745917,0.7894128199917846,0.0,79063.85
0.1933349999890197,79163.84,3.53,0.13700027499818826,0.019600049999670594,0.7896349499893491,0.0,79063.85
0.1935650999948848,79092.41,3.53,0.137038241499156,0.019606952999846546,0.7898581469950383,0.0,79049.57
0.1937926999817137,79035.32,3.53,0.13707579549698276,0.01961378099945141,0.7900789189822623,0.0,79063.85
0.1940218999807257,79063.85,3.53,0.13711361349681975,0.01962065699942177,0.790301242981304,0.0,79092.41
0.19425010000122708,78750.76,3.52,0.13715126650020248,0.019627503000036815,0.7905225970011903,0.0,79063.85
0.19448000000556928,79135.25,3.53,0.13718920000091894,0.01963440000016708,0.7907456000054023,0.0,79063.85
0.19470930000534278,79049.57,3.53,0.13722703450088156,0.019641279000160286,0.7909680210051826,0.0,79063.85
0.1949400999874342,79149.53,3.53,0.13726511649792666,0.019648202999623027,0.7911918969878112,0.0,79063.85
0.1951930999930482,79192.44,3.53,0.13730686149885296,0.01965579299979145,0.7914373069932569,0.0,79063.85
0.1954244999797083,78892.87,3.53,0.1373450424966519,0.01966273499939125,0.7916617649803172,0.0,79049.57
0.19565239999792539,79063.85,3.53,0.1373826459996577,0.019669571999937765,0.7918828279979877,0.0,79063.85
0.1958832999807782,79063.85,3.53,0.13742074449682842,0.019676498999423347,0.7921068009813549,0.0,79049.57
0.19611109999823378,79006.8,3.53,0.1374583314997086,0.019683332999947015,0.7923277669982869,0.0,79035.32
0.1963403999980073,78878.63,3.53,0.1374961659996712,0.01969021199994022,0.7925501879980671,0.0,79006.8
0.196568399987882,79006.8,3.53,0.13753378599800054,0.019697051999636464,0.7927713479882456,0.0,79006.8
0.1967982999922242,79078.12,3.53,0.137571719498717,0.01970394899976673,0.7929943509924575,0.0,79035.32
0.1970264999836218,79035.32,3.53,0.1376093724972976,0.019710794999508657,0.7932157049841132,0.0,79035.32
0.197254900005646,79006.8,3.53,0.1376470585009316,0.019717647000169383,0.7934372530054766,0.0,79035.32
0.1974837000016123,78949.79,3.53,0.13768481050026604,0.01972451100004837,0.793659189001564,0.0,79078.12
0.1977077999908943,79163.84,3.53,0.13772178699849758,0.01973123399972683,0.7938765659911675,0.0,79078.12
0.1979367999883834,79221.05,3.53,0.13775957199808328,0.019738103999651504,0.794098695988732,0.0,79106.67
0.1981645000050776,79163.84,3.53,0.1377971425008378,0.01974493500015233,0.7943195650049253,0.0,79106.67
0.1983932000002824,79106.67,3.53,0.1378348780000466,0.019751796000008474,0.794541404000274,0.0,79106.67
0.19862079998711119,79321.32,3.53,0.13787243199787336,0.01975862399961334,0.7947621759874979,0.0,79106.67
0.1988490000076126,79063.85,3.53,0.1379100850012561,0.01976547000022838,0.7949835300073843,0.0,79135.25
0.1990760999906342,79135.25,3.53,0.13794755649845464,0.01977228299971903,0.7952038169909152,0.0,79106.67
0.1993049999873619,79078.12,3.53,0.13798532499791472,0.01977914999962086,0.7954258499877411,0.0,79092.41
0.1995475000003353,79078.12,3.53,0.13802533750005533,0.01978642500001006,0.7956610750003253,0.0,79078.12
0.1998487999953795,78964.04,3.53,0.1380750519992376,0.019795463999861387,0.7959533359955182,0.0,79078.12
0.20007639998220839,79221.05,3.53,0.13811336999688648,0.01980305599928834,0.7961779279818526,0.0,79078.12
0.20030539997969748,79021.04,3.53,0.13815344499644708,0.019812215999187904,0.7964115079792915,0.0,79092.41
0.200533399998676,79092.41,3.53,0.13819334499976832,0.019821335999947044,0.7966440679986496,0.0,79092.41
0.20076189999235788,79078.12,3.53,0.13823333249866263,0.019830475999694317,0.7968771379922052,0.0,79092.41
0.2009908999898471,79206.73,3.53,0.13827340749822326,0.019839635999593888,0.7971107179896441,0.0,79120.96
0.2012187000073027,79306.98,3.53,0.13831327250127798,0.01984874800029211,0.7973430740074489,0.0,79120.96
0.20144819997949528,79120.96,3.53,0.13835343499641167,0.019857927999179816,0.7975771639790853,0.0,79120.96
0.2016766000015195,79120.96,3.53,0.13839340500026592,0.01986706400006078,0.7978101320015499,0.0,79163.84
0.2024428999866359,79078.12,3.53,0.1385275074976613,0.019897715999465437,0.7985917579863687,0.0,79206.73
0.2027035999926738,79163.84,3.53,0.13857312999871793,0.019908143999706956,0.7988576719925273,0.0,79306.98
0.2030584999884013,86230.43,3.62,0.13863523749797024,0.019922339999536055,0.7992196699881694,0.0,86230.43
0.2033168000052683,86505.69,3.62,0.13868044000092197,0.019932672000210736,0.7994831360053737,0.0,86424.6
0.203546999982791,86424.6,3.62,0.13872072499698843,0.019941879999311643,0.7997179399824469,0.0,86424.6
0.2037755000055768,86424.6,3.62,0.13876071250097594,0.019951020000223075,0.7999510100056884,0.0,86424.6
0.2040035999962129,86505.69,3.62,0.13880062999933726,0.01996014399984852,0.8001836719961373,0.0,86424.6
0.2042306999792345,86424.6,3.62,0.13884037249636605,0.019969227999169382,0.8004153139788193,0.0,86424.6
0.2044562000082806,86440.8,3.62,0.13887983500144913,0.01997824800033123,0.8006453240084462,0.0,86424.6
0.2046805999998469,86457.03,3.62,0.1389191049999732,0.019987223999993878,0.8008742119998439,0.0,86424.6
0.2049071000074036,86230.43,3.62,0.13895874250129564,0.019996284000296145,0.8011052420075517,0.0,86424.6
0.2051326000073459,86505.69,3.62,0.13899820500128554,0.02000530400029384,0.8013352520074929,0.0,86440.8
0.2053587999835145,86424.6,3.62,0.13903778999711505,0.020014351999340582,0.8015659759831849,0.0,86440.8
0.2055840999819338,86424.6,3.62,0.13907721749683843,0.020023363999277354,0.8017957819815725,0.0,86440.8
0.20581039998796768,86505.69,3.62,0.13911681999789435,0.02003241599951871,0.8020266079877271,0.0,86440.8
0.20603609998943279,86424.6,3.62,0.13915631749815074,0.020041443999577316,0.8022568219892215,0.0,86440.8
0.2062624999962281,86440.8,3.62,0.13919593749933992,0.020050499999849127,0.8024877499961527,0.0,86440.8
0.20648749999236318,86457.03,3.62,0.13923531249866355,0.02005949999969453,0.8027172499922105,0.0,86440.8
0.2067125999892596,86473.23,3.62,0.13927470499812045,0.020068503999570386,0.8029468519890448,0.0,86440.8
0.2069369999808259,86376.0,3.62,0.13931397499664455,0.02007747999923304,0.8031757399804424,0.0,86440.8
0.2071615000022575,86440.8,3.62,0.13935326250039506,0.020086460000090303,0.8034047300023027,0.0,86440.8
0.2073876000067685,86635.65,3.62,0.1393928300011845,0.020095504000270742,0.803635352006904,0.0,86440.8
0.207639600004768,86408.39,3.62,0.1394369300008344,0.02010558400019072,0.8038923920048634,0.0,86440.8
0.2078680999984499,86473.23,3.62,0.13947691749972874,0.020114723999937998,0.8041254619984189,0.0,86424.6
0.20809450000524518,86408.39,3.62,0.13951653750091791,0.02012378000020981,0.8043563900053501,0.0,86424.6
0.2083218999905512,86424.6,3.62,0.13955633249834648,0.02013287599962205,0.8045883379903623,0.0,86424.6
0.2085476999927778,86570.64,3.62,0.13959584749873613,0.020141907999711113,0.8048186539926334,0.0,86408.39
0.2087757999834139,86343.62,3.62,0.13963576499709743,0.020151031999336558,0.8050513159830822,0.0,86408.39
0.209001499984879,86278.92,3.62,0.13967526249735382,0.02016005999939516,0.8052815299845766,0.0,86408.39
0.22003269998822358,86457.03,3.62,0.14160588599788027,0.020600326999882235,0.8165349889873993,0.0,86408.39
0.2321376999898348,86392.2,3.62,0.14378478599817027,0.020721376999898348,0.8294873389891232,0.0,86424.6
0.2445466000062879,86327.42,3.62,0.1460638540011947,0.020663601999811362,0.8428785270068853,0.0,86457.03
0.2568216999934521,86327.42,3.62,0.1483961229987559,0.020295349000196434,0.8563197614928302,0.0,86457.03
0.2663749000057578,86473.23,3.62,0.15014748200103642,0.02077374100051821,0.8666530175061897,0.0,86457.03
0.277457999996841,86521.91,3.62,0.15214243999943142,0.021771219999715697,0.8785673499966041,0.0,86457.03
0.2900037000072189,86505.69,3.62,0.15430062900122724,0.02189996299992781,0.8913537185072551,0.0,86392.2
0.3020478999824263,86505.69,3.62,0.1563174244972761,0.02184095799964853,0.9032738284839201,0.0,86376.0
0.3142496999935247,86457.03,3.62,0.15820870349899632,0.022084993999870496,0.9144384754940751,0.0,86376.0
0.32651600000099285,86295.07,3.62,0.16007740000014892,0.022297740000014894,0.9254015000008687,0.0,86376.0
0.3389598999929149,86230.43,3.62,0.16194398499893725,0.022484398499893723,0.9362899124938007,0.0,86311.26
0.35233039999729954,86376.0,3.62,0.16394955999959493,0.022993215999891983,0.9481740559975966,0.0,86311.26
0.3646182999946177,86181.97,3.62,0.16581583649916573,0.02332309149997309,0.9592026529951021,0.0,86295.07
0.3758933999924921,86278.92,3.62,0.16756347699883625,0.02337946699996246,0.9694629939931678,0.0,86295.07
0.3881188999803271,86311.26,3.62,0.16953961849675397,0.023602972499508178,0.9809129549813107,0.0,86295.07
0.40017769997939473,86295.07,3.62,0.17153020899649712,0.023904442499484868,0.9923776999793947,0.0,86295.07
0.41243019999819813,86327.42,3.62,0.1736131339996937,0.024210754999954953,1.0046301999981981,0.0,86295.07
0.42106319998856634,86246.58,3.62,0.1750860599979991,0.024410631999885666,1.013305727988109,0.0,86278.92
0.434162199991988,86359.8,3.62,0.1773783849985979,0.02454162199991988,1.0269286879916675,0.0,86295.07
0.4467017999850214,86262.75,3.62,0.17960632399730386,0.02449947300022468,1.0401374169840478,0.0,86295.07
0.4590185999986716,86359.8,3.62,0.1818233479997609,0.024314721000019923,1.0532548089985854,0.0,86295.07
0.4700225999986287,86214.27,3.62,0.18385418099974635,0.0247510169999383,1.0650241819985329,0.0,86262.75
0.4823149000003468,86230.43,3.62,0.1861051075000607,0.025257872500008674,1.078142219500366,0.0,86246.58
0.4948196999903303,86327.42,3.62,0.18829344749830784,0.025570492499758263,1.0913347834897986,0.0,86230.43
0.507031699991785,86198.14,3.62,0.1904305474985624,0.025664841500041075,1.1039371754916618,0.0,86230.43
0.5193724999844562,86311.26,3.62,0.19259018749727985,0.02560313750007772,1.1164630874842232,0.0,86230.43
0.5313090999843553,86053.0,3.61,0.19450945599749686,0.02526072700046934,1.1277870994852157,0.0,86230.43
0.5440997999976389,86181.97,3.62,0.19651496999964585,0.025307484999822924,1.1396488219978986,0.0,86311.26
0.5563757999916561,86053.0,3.61,0.19835636999874842,0.02622818499937421,1.150574461992574,0.0,86311.26
0.56843270000536,86327.42,3.62,0.2002070685008308,0.0265843270000536,1.1613051030047703,0.0,86278.92
0.5778072999964934,86359.8,3.62,0.2016601314994565,0.026678072999964934,1.1696484969968792,0.0,86311.26
0.5900046000024304,86359.8,3.62,0.20355071300037672,0.026850069000036458,1.1808042320022358,0.0,86327.42
0.6022236999997403,86359.8,3.62,0.20545579199995848,0.026988881500001297,1.1921125149997533,0.0,86343.62
0.6133387000008952,86278.92,3.62,0.20723419200014323,0.026933306499995525,1.2026717650008505,0.0,86359.8
0.6256516999856103,86198.14,3.62,0.20926078899755376,0.02723910199913662,1.2145951829857542,0.0,86359.8
0.6378925000026356,86408.39,3.62,0.21134172500044807,0.027973550000158137,1.2267135750026092,0.0,86359.8
0.6501455999969039,86408.39,3.62,0.21347547999945818,0.027795632000092885,1.2393006959967956,0.0,86359.8
0.6624200000078417,86343.62,3.62,0.21564770000145073,0.027596800000313667,1.25210150000843,0.0,86359.8
0.674819000007119,86359.8,3.62,0.21794151500131703,0.02809276000028476,1.265430425007653,0.0,86376.0
0.687030600005528,86392.2,3.62,0.22016550800099505,0.02840545900008292,1.2785227420059149,0.0,86392.2
0.69926470000064,86295.07,3.62,0.22236764600011524,0.0285889705000096,1.291613229000685,0.0,86408.39
0.7114895999839064,86408.39,3.62,0.22451067999718366,0.02900213599943673,1.3041193919835847,0.0,86408.39
0.7236502000014298,86376.0,3.62,0.22658403200022878,0.029409506000042898,1.3163041920013727,0.0,86408.39
0.7323720999993384,86424.6,3.62,0.22797953599989415,0.029671162999980155,1.324677215999365,0.0,86424.6
0.7445613000018056,86505.69,3.62,0.22992980800028892,0.0299,1.3363332350017156,0.0,86424.6
0.7569507999869529,86457.03,3.62,0.23191212799791247,0.0299,1.3481032599876053,0.0,86440.8
0.7697629999893252,86489.47,3.62,0.23396207999829205,0.030095259999786506,1.3601772199899658,0.0,86440.8
0.7821542999881785,86570.64,3.62,0.23594468799810858,0.030343085999763573,1.3718142704889469,0.0,86440.8
0.7935041000018828,86473.23,3.62,0.23776065600030127,0.03057008200003766,1.3824263335017604,0.0,86440.8
0.8059838000044692,86359.8,3.62,0.2397574080007151,0.030400809999776537,1.394035015004134,0.0,86457.03
0.8180517999862786,86440.8,3.62,0.2416882879978046,0.029797410000686066,1.4051979149873077,0.0,86440.8
0.8304202999861445,86392.2,3.62,0.24366724799778314,0.030950435998337345,1.416795081986976,0.0,86408.39
0.8426658999815118,86376.0,3.62,0.24563987349694943,0.03200669350064708,1.4284125819818816,0.0,86392.2
0.8548384000023361,86295.07,3.62,0.24764833600038547,0.03158065599991823,1.4403416320022895,0.0,86392.2
0.8670324999839067,86473.23,3.62,0.24969552499726416,0.0315054874997586,1.452502824983746,0.0,86392.2
0.8792718999902718,86408.39,3.62,0.25177622299834623,0.03168907849985408,1.4648646189901746,0.0,86392.2
0.8914555999799632,86376.0,3.62,0.25390472999649355,0.03198638999949908,1.4773419899794622,0.0,86392.2
0.9000138999836054,86295.07,3.62,0.25540243249713096,0.03220048649942619,1.4861141084833593,0.0,86392.2
0.9122001999930943,86392.2,3.62,0.2575350349987915,0.0326270069997583,1.4984832029929906,0.0,86392.2
0.9245170000067447,86457.03,3.62,0.2596453050011129,0.033012925000168614,1.5108718300066772,0.0,86392.2
0.936778500006767,86440.8,3.62,0.26166845250111653,0.03331946250016917,1.5230107150066992,0.0,86376.0
0.9490650999941863,86392.2,3.62,0.2637410669990117,0.033264023500087204,1.5350837979943026,0.0,86295.07
0.9614314000064041,86278.92,3.62,0.2658361810010567,0.03315009900022415,1.5472099290063084,0.0,86295.07
0.9736656000022775,86246.58,3.62,0.2678548240003758,0.033578296000079715,1.5592606160022435,0.0,86327.42
0.9860998000076507,86295.07,3.62,0.2699369660013006,0.03398299400022952,1.5715693010076126,0.0,86295.07
0.9982210999878588,86214.27,3.62,0.271997586997936,0.034346632999635765,1.5836299944879195,0.0,86295.07
1.010451699985424,86214.27,3.62,0.2740767889975221,0.03419096600029152,1.5959562169852783,0.0,86295.07
1.0226161000027787,86327.42,3.62,0.2761447370004724,0.0341962075002084,1.6082030195027648,0.0,86295.07
1.0348183999885803,86424.6,3.62,0.27821912799805865,0.035111379999143516,1.6203443079886373,0.0,86311.26
1.0470552000042517,86198.14,3.62,0.2802993840007228,0.03518251599980867,1.6324493720041877,0.0,86311.26
1.0555511999991725,86311.26,3.62,0.2817437039998593,0.03480019600003724,1.640817931999185,0.0,86311.26
1.0678566999849863,86440.8,3.62,0.28379635549752275,0.03518925249887397,1.6530174164850613,0.0,86311.26
1.0801475000043865,86489.47,3.62,0.2858250750007457,0.03609336249980261,1.6652460250043426,0.0,86311.26
1.0931579000025522,86327.42,3.62,0.28803684300043386,0.03550789449988516,1.6781263210025266,0.0,86295.07
1.1054388000047766,86165.85,3.62,0.2900974020007881,0.03549913400026271,1.6901212480045855,0.0,86295.07
1.1178082999831531,86295.07,3.62,0.2921383694972202,0.03617945649907341,1.7019959679838268,0.0,86295.07
1.1296926999930292,86165.85,3.62,0.2940023684989195,0.03654231749982573,1.713114210993517,0.0,86295.07
1.1417058999941219,86278.92,3.62,0.29586441449908885,0.03679147050002939,1.72424383949468,0.0,86295.07
1.1539748999930453,86262.75,3.62,0.297766109498922,0.03673012550003478,1.7353472844937057,0.0,86278.92
1.1664090999984185,86295.07,3.62,0.2997254559997469,0.03705250049991301,1.746760462998529,0.0,86278.92
1.1785108000040054,86278.92,3.62,0.30166172800064084,0.03771809400022029,1.758015044003725,0.0,86295.07
1.190838199981954,86311.26,3.62,0.30363411199711265,0.03790838199981954,1.7698046719826759,0.0,86278.92
1.2028959000017494,86311.26,3.62,0.30559230300029744,0.038028959000017494,1.781466941001732,0.0,86278.92
1.2116849999874832,86214.27,3.62,0.3070864499978722,0.03811684999987483,1.7901681499876088,0.0,86278.92
1.2244990000035614,86457.03,3.62,0.3092873250006233,0.03828998000007123,1.8030114750036506,0.0,86278.92
1.23589670000365,86343.62,3.62,0.3112819225006388,0.03851793400007301,1.8146941175037414,0.0,86278.92
1.2484311999869533,86278.92,3.62,0.31351761599765166,0.03843137600026093,1.8278792279861056,0.0,86230.43
1.2605604999989735,86101.33,3.61,0.3157036924998101,0.038242037499923026,1.8408137474988762,0.0,86214.27
1.2730564999801572,86036.88,3.61,0.3180154524963291,0.03917923749851181,1.8544968674782725,0.0,86181.97
1.2850938999908976,86004.71,3.61,0.3202169019983616,0.03941983550050062,1.8675250034903061,0.0,86181.97
1.2974094999954104,86230.43,3.62,0.3224337099991739,0.03874247750025242,1.8806411174951123,0.0,86165.85
1.309649700007867,86069.1,3.61,0.32454044900133744,0.03927547900055071,1.893001451507828,0.0,86149.71
1.3221694999956526,86165.85,3.62,0.3266471199993044,0.03998915250002174,1.9052959399960006,0.0,86149.71
1.3343414999835659,86181.97,3.62,0.3285946399973706,0.03992829250008217,1.9164941799848807,0.0,86165.85
1.3466438000032213,86181.97,3.62,0.3304965700004832,0.04009931400009664,1.9275797630028508,0.0,86181.97
1.3586118999810424,86117.46,3.61,0.3322917849971564,0.040458356999431275,1.9381715314832226,0.0,86181.97
1.370734199997969,86149.71,3.62,0.33411012999969536,0.04087569699992892,1.9489534379981925,0.0,86181.97
1.3795375000045167,86198.14,3.62,0.33543062500067755,0.04118381250015809,1.95678837500402,0.0,86181.97
1.3918578999873716,86327.42,3.62,0.33733797449804265,0.04167431599949487,1.968049978488445,0.0,86198.14
1.4042226999881677,86538.16,3.62,0.33927563199810684,0.04212668099964503,1.9795115649887594,0.0,86214.27
1.416814099997282,86376.0,3.62,0.34129025599956514,0.04250442299991846,1.991473394997418,0.0,86214.27
1.4295432000071742,86278.92,3.62,0.34337462800118373,0.04255228399996413,2.003756904006959,0.0,86214.27
1.4419597999949474,86165.85,3.62,0.3454331659991411,0.04249020100002526,2.015840201994998,0.0,86278.92
1.4542939999955709,86214.27,3.62,0.34752997999924706,0.04242853000002215,2.028051059995615,0.0,86278.92
1.4666233999887481,86214.27,3.62,0.3496590949980309,0.04283052099926863,2.0404889849884666,0.0,86246.58
1.4787368999968749,86311.26,3.62,0.3517789574994531,0.04361789849979687,2.0529053224967964,0.0,86246.58
1.4909106999984945,86149.71,3.62,0.35396392599972903,0.04326357200006022,2.065929002498381,0.0,86246.58
1.502054999989923,86278.92,3.62,0.3559801749981358,0.04299247499954654,2.077909124989167,0.0,86246.58
1.5142708999919703,86246.58,3.62,0.3582401164985145,0.04354219049963866,2.091041217491368,0.0,86246.58
1.5264956000028178,86246.58,3.62,0.36043673000049314,0.043670087999943645,2.1038904680029025,0.0,86278.92
1.5351590999925975,86246.58,3.62,0.3619528424987046,0.043496818000148055,2.1128138729923753,0.0,86278.92
1.5471967000048608,86295.07,3.62,0.3639514720007777,0.043831802000291645,2.1245289145045447,0.0,86278.92
1.5594266999978572,86408.39,3.62,0.36590827199965714,0.04456560199987143,2.1359639644979964,0.0,86278.92
1.5727929999993648,86278.92,3.62,0.36791894999990477,0.04466396499999682,2.1477578399994415,0.0,86295.07
1.585311200004071,86392.2,3.62,0.36977012400059034,0.04483278000010178,2.1587738560035827,0.0,86295.07
1.5976238999865018,86359.8,3.62,0.3715554654980428,0.04514059749966255,2.169609031988122,0.0,86295.07
1.6098914000031073,86181.97,3.62,0.3734331670004817,0.045348371000046614,2.180701174002828,0.0,86295.07
1.622201699996367,86343.62,3.62,0.37536328049940065,0.04553302549994551,2.191991614996549,0.0,86343.62
1.6345398999983443,86376.0,3.62,0.3773990834997269,0.04571809849997517,2.203712904998427,0.0,86343.62
1.646622500004014,86214.27,3.62,0.37942582500068245,0.04593245000008028,2.2155556125040343,0.0,86343.62
1.6586055000079796,86278.92,3.62,0.3814629350013566,0.0461721100001596,2.22759852750802,0.0,86343.62
1.6707425999920815,86165.85,3.62,0.3836336679985747,0.046683416999643686,2.240387155991607,0.0,86343.62
1.6821370999969076,86359.8,3.62,0.38569536349942796,0.04708931450001546,2.2525294389966297,0.0,86359.8
1.6943647000007331,86343.62,3.62,0.3879574695001357,0.047028176499996334,2.265857523000799,0.0,86376.0
1.7032443000061903,86586.89,3.62,0.3896001955011453,0.04717843650034048,2.2754876225066547,0.0,86473.23
1.7151172999874689,86505.69,3.62,0.3917967004976818,0.0478314514993108,2.2882510974865293,0.0,86505.69
1.7274770000076387,86473.23,3.62,0.3940084750013368,0.04791307499980903,2.3012386950079065,0.0,86505.69
1.7397990000026768,86505.69,3.62,0.39616482500046846,0.04760502499993308,2.3139919650027707,0.0,86505.69
1.7531624999828637,86619.4,3.62,0.3983059999972582,0.04852137499880047,2.3268359999835493,0.0,86505.69
1.7655953000066802,86505.69,3.62,0.40026727150103547,0.04911190600013361,2.338547676006146,0.0,86505.69
1.7777595999941695,86521.91,3.62,0.40215273799909634,0.0493551919998834,2.349738831994636,0.0,86505.69
1.7887516999908257,86538.16,3.62,0.40385651349857804,0.0494,2.359632771491789,0.0,86505.69
1.8009657000075094,86554.39,3.62,0.40574485500112645,0.04941448550011265,2.370564301506721,0.0,86521.91
1.8131860999856144,86440.8,3.62,0.4075779149978422,0.049597791499784216,2.381501559487125,0.0,86521.91
1.8256355999910736,86295.07,3.62,0.4094735179986165,0.049925423999642955,2.392728395991877,0.0,86521.91
1.8376416999963112,86457.03,3.62,0.41133446349942826,0.05040566799985246,2.4036539469966436,0.0,86521.91
1.8499522999918554,86538.16,3.62,0.4132923679986969,0.05079856899975567,2.4151551619923444,0.0,86489.47
1.8586881999799516,86603.14,3.62,0.4146901119967923,0.05106064599939855,2.4233669079811544,0.0,86473.23
1.8709443999978248,86327.42,3.62,0.41676054799963025,0.051209443999978246,2.4354349559978465,0.0,86457.03
1.8835095999820624,86538.16,3.62,0.4189141799968609,0.05124735600026906,2.4480324359814345,0.0,86457.03
1.896258599997964,86473.23,3.62,0.4211452549996437,0.051056121000030534,2.461227650997893,0.0,86457.03
1.9087631999864243,86489.47,3.62,0.42337737599755637,0.0516134239990497,2.474432807985542,0.0,86440.8
1.9211904999974652,86376.0,3.62,0.42561428999954376,0.0523761900000507,2.487655977497326,0.0,86376.0
1.9333554999902844,86359.8,3.62,0.4278039899982512,0.05213289000019431,2.50049005248975,0.0,86376.0
1.9457532999804243,86440.8,3.62,0.43000682749657426,0.05234519799882546,2.5133395994801306,0.0,86440.8
1.958027899992885,86262.75,3.62,0.4321548824987549,0.0530816739995731,2.5257983184927784,0.0,86376.0
1.9701263000024483,86343.62,3.62,0.43417083950040397,0.053149368499987755,2.5375718795023627,0.0,86376.0
1.9820215000072494,86295.07,3.62,0.43612344000115993,0.05313032250010874,2.549020425006887,0.0,86376.0
1.9941367999999784,86440.8,3.62,0.43806188799999657,0.05331205199999968,2.5605299599999793,0.0,86359.8
2.0055757999944035,86554.39,3.62,0.43989212799910454,0.053567273999832105,2.5714527679946273,0.0,86343.62
2.014258699986385,86246.58,3.62,0.4412813919978216,0.05382776099959156,2.57978835198693,0.0,86343.62
2.0264444999920666,86505.69,3.62,0.443263342498691,0.053903332500119,2.5915511649923046,0.0,86343.62
2.0396999999939,86440.8,3.62,0.4454504999989935,0.0537045000000915,2.6044089999940825,0.0,86343.62
2.051018900005147,86295.07,3.62,0.44731811850084924,0.05436113400030881,2.615278144004941,0.0,86376.0
2.064268299989635,86343.62,3.62,0.4495042694982898,0.05487865850005182,2.628018909489998,0.0,86376.0
2.0766703999834135,86311.26,3.62,0.45155061599726326,0.05481664800008293,2.6399869359839947,0.0,86343.62
2.0887641999870534,86311.26,3.62,0.45358991399779913,0.05510674699954688,2.6518765579871832,0.0,86343.62
2.1012883999792393,86376.0,3.62,0.45571902799647074,0.05557730399875438,2.664301283979032,0.0,86343.62
2.1134279999823775,86440.8,3.62,0.45778275999700424,0.05630567999894267,2.6765622799822015,0.0,86343.62
2.1257464999798685,86489.47,3.62,0.45984817249667836,0.05649887250070459,2.6888603024801707,0.0,86343.62
2.136831499985419,86343.62,3.62,0.4616771974975942,0.05611089750051032,2.699779027485638,0.0,86343.62
2.148999500001082,86311.26,3.62,0.46368491750017865,0.056314982500037886,2.7115845175010445,0.0,86376.0
2.1615855999989435,86424.6,3.62,0.465753695999831,0.05672378399998416,2.723690463999007,0.0,86408.39
2.1735998999793082,86343.62,3.62,0.46767598399668936,0.05690399849968963,2.7349839059805503,0.0,86408.39
2.182999299984658,86198.14,3.62,0.46917988799754534,0.05710497549946305,2.7438493349854256,0.0,86408.39
2.1945492999802814,86473.23,3.62,0.47102788799684503,0.05750922549930986,2.7548218349812674,0.0,86343.62
2.206862499995623,86408.39,3.62,0.4730323124992778,0.05794018749984681,2.766656624995754,0.0,86343.62
2.2192789999826346,86424.6,3.62,0.4750810349971348,0.05837476499939222,2.7787006299831556,0.0,86343.62
2.2318161999864974,86230.43,3.62,0.4772087539977046,0.05816367600027005,2.7910389569867,0.0,86295.07
2.244532499986235,86538.16,3.62,0.47937052499766003,0.05818129999944941,2.803587174986373,0.0,86278.92
2.2559352999960534,86295.07,3.62,0.4813090009993291,0.05863741199984214,2.8148759469960933,0.0,86278.92
2.2681147999828686,86262.75,3.62,0.48337951599708767,0.05888114799982869,2.827014799982869,0.0,86262.75
2.2808122999849734,86101.33,3.61,0.4855380909974455,0.05903655349932381,2.839732607484598,0.0,86262.75
2.293094900000142,86278.92,3.62,0.48762613300002416,0.0595892705000064,2.8523222725001456,0.0,86262.75
2.3054915999819054,86149.71,3.62,0.4897610299968335,0.05998237399972858,2.864973973981634,0.0,86262.75
2.3175351999816485,86230.43,3.62,0.4918686599967885,0.06016302799972473,2.8771982279813737,0.0,86246.58
2.329705999989528,86262.75,3.62,0.49390148999827216,0.06024852999994764,2.8892604099896855,0.0,86246.58
2.338773900002707,86165.85,3.62,0.49539769350044666,0.06029386950001353,2.8981922915026663,0.0,86246.58
2.351052299985895,86343.62,3.62,0.49742362949767266,0.0607420919994358,2.9100102079864594,0.0,86246.58
2.362637599988375,86149.71,3.62,0.49930882799819815,0.0611,2.921039779989247,0.0,86246.58
2.375710399996024,86246.58,3.62,0.5013351119993837,0.0611,2.9331321199963223,0.0,86262.75
2.3869928999920376,86278.92,3.62,0.5030838994987659,0.061519573999522265,2.9434635389927544,0.0,86262.75
2.399332900007721,86262.75,3.62,0.5049965995011968,0.06225997400046327,2.954692939007026,0.0,86278.92
2.41157349999412,86214.27,3.62,0.5069517599990592,0.0624157349999412,2.966005487494561,0.0,86327.42
2.4235681999998633,86408.39,3.62,0.5088887529999775,0.06253568199999864,2.9772433129998683,0.0,86278.92
2.435993999999482,86359.8,3.62,0.5109390099999146,0.06265993999999482,2.9892342099995006,0.0,86327.42
2.4481271999829914,86424.6,3.62,0.5129816239971086,0.06282190799974488,3.0012678359829064,0.0,86327.42
2.4602747999888375,86327.42,3.62,0.5150480899980465,0.06300686999972094,3.013488539988279,0.0,86327.42
2.472489299980225,86327.42,3.62,0.5171856274965394,0.06331223249950563,3.026313764979236,0.0,86359.8
2.4847324999864213,86181.97,3.62,0.51939917499742,0.06359464999972843,3.039358424985199,0.0,86359.8
2.496924899984151,86457.03,3.62,0.5217157309969886,0.06383849799968302,3.0526481409827246,0.0,86359.8
2.5054188999929465,86278.92,3.62,0.5233024964986951,0.06387290550003527,3.0620420734921354,0.0,86327.42
2.517757699999492,86457.03,3.62,0.525585174499906,0.06381121150000253,3.0757998354994336,0.0,86327.42
2.529998299985891,86392.2,3.62,0.5277996939974604,0.06399996599971781,3.0888482064851153,0.0,86327.42
2.5423368999909144,86278.92,3.62,0.5299739039985463,0.06425842249977286,3.1015966859914594,0.0,86327.42
2.5546487999963574,86521.91,3.62,0.5319438079994172,0.06456621999990893,3.113169871996576,0.0,86392.2
2.566909899993334,86230.43,3.62,0.5338364849990002,0.06497639599973336,3.1242461624941673,0.0,86392.2
2.5792201999865934,86327.42,3.62,0.5356830299979891,0.06546880799946375,3.135017674988269,0.0,86392.2
2.5914593999914364,86230.43,3.62,0.5374616129987583,0.06572918799982874,3.1454404899927213,0.0,86327.42
2.6037960999819916,86521.91,3.62,0.5392694149972987,0.06603286349936972,3.156021587484243,0.0,86327.42
2.6159735999826808,86489.47,3.62,0.5410960399974021,0.06645907599939384,3.166676899984846,0.0,86327.42
2.6282166999881156,86392.2,3.62,0.5429735884981579,0.06672325049982174,3.1777182804891257,0.0,86327.42
2.640370799985248,86327.42,3.62,0.5448593279976397,0.06690556199977873,3.188852259985986,0.0,86327.42
2.6527050999866333,86262.75,3.62,0.5468328159978614,0.0670905764997995,3.2005698449873017,0.0,86327.42
2.6610552000056487,86278.92,3.62,0.5481793840009603,0.06722110400011297,3.2085499240056206,0.0,86327.42
2.673388800001703,86408.39,3.62,0.5502760960002896,0.06746777600003406,3.220821856001695,0.0,86311.26
2.6856272000004537,86311.26,3.62,0.5524128960000817,0.06776881600001361,3.233336696000479,0.0,86295.07
2.697930299997097,86295.07,3.62,0.5546274539994775,0.06813790899991291,3.2463164664969373,0.0,86295.07
2.7102334999945015,86392.2,3.62,0.5569443649989554,0.06840466999989003,3.2599103524938693,0.0,86295.07
2.7224961000028998,86295.07,3.62,0.5592617785005365,0.06861248050001449,3.273570671003219,0.0,86311.26
2.734866399987368,86020.78,3.61,0.561550283997663,0.06867433199993683,3.2873017039859787,0.0,86311.26
2.7471466999850236,86295.07,3.62,0.5638221394972294,0.06884293399970047,3.3006469689839757,0.0,86311.26
2.759405099990545,86392.2,3.62,0.5660899434982509,0.0690881019998109,3.313763456989883,0.0,86376.0
2.7715868999948725,86311.26,3.62,0.568111838499154,0.06944760699984617,3.325697227495001,0.0,86392.2
2.7838509999855887,86376.0,3.62,0.5700776499978384,0.06977701999971178,3.33736589998703,0.0,86376.0
2.7960206999850925,86408.39,3.62,0.5719031049977639,0.07002041399970185,3.3483186299865837,0.0,86376.0
2.8082604999945033,86457.03,3.62,0.5737390749991755,0.0703478149998351,3.359169239995163,0.0,86392.2
2.8167416999931447,86440.8,3.62,0.5750112549989718,0.07060225099979435,3.3666326959939674,0.0,86392.2
2.8290105999913067,86440.8,3.62,0.5768966429986525,0.0708351589998696,3.3776545929921324,0.0,86376.0
2.8413169999839734,86376.0,3.62,0.5788107199974357,0.07102633999967946,3.3888248099850955,0.0,86392.2
2.8535899999842513,86004.71,3.61,0.5807743999974803,0.07127179999968503,3.400238699985354,0.0,86408.39
2.865873600007035,86440.8,3.62,0.5827691440011608,0.07166431200031657,3.411897392006824,0.0,86392.2
2.8781893999839667,86327.42,3.62,0.5848012509973545,0.07221852299927851,3.423843717984448,0.0,86376.0
2.8905001999810334,86295.07,3.62,0.5868850339967757,0.07256250499952584,3.436257702980749,0.0,86327.42
2.9027562999981456,86392.2,3.62,0.5889961339996662,0.07278621850000927,3.4487803334980622,0.0,86311.26
2.915045200003078,86651.92,3.62,0.5912081360005541,0.07272477399998462,3.461622234003217,0.0,86295.07
2.9272763000044506,86311.26,3.62,0.5934097340008011,0.07295467050015578,3.4744764965046953,0.0,86295.07
2.939466199983144,86181.97,3.62,0.5956039159969659,0.07338131699941006,3.4873368409822167,0.0,86295.07
2.9517724000033922,86246.58,3.62,0.5978190320006106,0.0734,3.500319882003579,0.0,86295.07
2.9639425000059414,86230.43,3.62,0.59997022500101,0.07355770000023766,3.51304106250609,0.0,86246.58
2.972406699991552,86101.33,3.61,0.6014091389985639,0.07389626799966209,3.521716867491341,0.0,86230.43
2.9847583999799094,86181.97,3.62,0.6034851359966851,0.07431895999949774,3.5340918559806127,0.0,86181.97
2.996969100000569,86376.0,3.62,0.6054999015000939,0.07462422750001423,3.5458751815005494,0.0,86181.97
3.0092667999851983,86295.07,3.62,0.6074363539977057,0.07479266799985199,3.5572791219864563,0.0,86181.97
3.02152730000671,86181.97,3.62,0.6093290950010065,0.07495345550023484,3.5684440240059048,0.0,86181.97
3.0338437999889725,86133.58,3.62,0.6111765699983458,0.07538453299961403,3.579282543990296,0.0,86149.71
3.0461257999995723,86101.33,3.61,0.6130494989999337,0.07575314499998931,3.5902132199996153,0.0,86181.97
3.058441400004085,86133.58,3.62,0.6149584170006331,0.07606103500010213,3.6012972600036766,0.0,86181.97
3.070699000003515,86181.97,3.62,0.6169118400005623,0.07615349500001757,3.6127035650032866,0.0,86181.97
3.0829507999878842,86149.71,3.62,0.6188868819980009,0.07637704799927308,3.6242770299881872,0.0,86181.97
3.0951648000045684,85988.6,3.61,0.6209021920007538,0.07710988800027413,3.6361856800044543,0.0,86181.97
3.1074064999993425,86376.0,3.62,0.6229591049998883,0.07743703249999671,3.648417597499333,0.0,86246.58
3.119602999999188,86424.6,3.62,0.625032509999862,0.07749801499999594,3.660797044999176,0.0,86295.07
3.1318063999933656,86246.58,3.62,0.6272251519988059,0.07773612799986732,3.673714783992968,0.0,86343.62
3.1403240000072405,86343.62,3.62,0.6287583200013034,0.07788865999974656,3.682741820007639,0.0,86343.62
3.1526029999949974,86359.8,3.62,0.6309685399990996,0.07745889500017508,3.6956961649947226,0.0,86343.62
3.1648630999843586,86457.03,3.62,0.633126726997341,0.07749178599906154,3.708363099984359,0.0,86343.62
3.1771245999843813,86295.07,3.62,0.6352111819973449,0.07822747599906289,3.7206245999843817,0.0,86343.62
3.1895200999861117,86343.62,3.62,0.637223215997778,0.07859040199972224,3.7325440949868067,0.0,86327.42
3.20172419998562,86214.27,3.62,0.6391844929976274,0.0788172419998562,3.744172473986052,0.0,86327.42
3.2140332999988455,86505.69,3.62,0.6412154944998095,0.07894033299998846,3.7561123009988804,0.0,86327.42
3.2262908999982756,86149.71,3.62,0.6432694529997068,0.07918872699994828,3.7680965364983017,3.145449999137903e-05,86311.26
3.2386110999796074,86327.42,3.62,0.6453638869965332,0.07955833299938823,3.7802319334799135,9.305549989803811e-05,86295.07
3.250817099993583,86311.26,3.62,0.6474389069989092,0.07976225649990375,3.792417099993583,0.0001,86295.07
3.263041600002907,86262.75,3.62,0.6495170720004942,0.07999124800008722,3.8046872240029512,0.0001,86262.75
3.275270299986005,86408.39,3.62,0.6515959509976208,0.08035810899958015,3.817099354485795,0.0001,86295.07
3.2874653000035323,86230.43,3.62,0.6537064275006181,0.08083593850015897,3.8294772795035854,0.0001,86262.75
3.295908200001577,86246.58,3.62,0.655183935000276,0.08121586900007097,3.838046823001601,0.0001,86262.75
3.308276700001443,86295.07,3.62,0.6573070390002453,0.08119308249996393,3.850435316501436,0.0001,86262.75
3.3205375999968965,86198.14,3.62,0.6593887039994879,0.08094031999976725,3.862624159996974,0.0001,86262.75
3.3328901999921072,86505.69,3.62,0.6614268829986978,0.08186676499940808,3.874667944992305,0.0001,86246.58
3.3451208999904334,86198.14,3.62,0.6634449484984216,0.08224637300028699,3.8865928774906733,0.0001,86246.58
3.3574282999907155,86246.58,3.62,0.6654756694984681,0.08187715100027852,3.8985925924909477,0.0001,86246.58
3.36970479998854,86311.26,3.62,0.6675012919981091,0.08228523999942701,3.9104651319889414,0.0001,86246.58
3.3819614999811165,86295.07,3.62,0.6695138399969788,0.08281961499981116,3.92224380998225,0.0001,86198.14
3.3942877000081353,86085.21,3.61,0.6714860320013016,0.08294287700008136,3.9338304380076474,0.0001,86198.14
3.406483800004935,86408.39,3.62,0.673404989000765,0.08309725700007403,3.9451002580044907,0.0001,86165.85
3.4187135999964084,86165.85,3.62,0.6753006079994434,0.08328070399994614,3.956229375996732,0.0001,86165.85
3.4309817999892402,86165.85,3.62,0.6772021789983322,0.08379418099951583,3.967448346990155,0.0001,86165.85
3.4431569000007585,86004.71,3.61,0.6791051040001214,0.08423156900000758,3.978714839500724,0.0001,86165.85
3.4553884000051767,86036.88,3.61,0.6810621440008283,0.08435388400005177,3.9903959220049443,0.0001,86149.71
3.463978199986741,86149.71,3.62,0.682476293997746,0.08451934599960224,3.9987781999867416,0.0001,86149.71
3.476263199991081,86020.78,3.61,0.6845647439984838,0.08488789599973244,4.0110631999910815,0.0001,86101.33
3.488528399990173,86230.43,3.62,0.6867351119982312,0.08521320999975433,4.023712177989731,0.0001,86085.21
3.5008111000061035,86165.85,3.62,0.6889419425010681,0.08551622200012209,4.036551655006409,0.0001,86085.21
3.513059199991403,86101.33,3.61,0.6910853599984956,0.08576118399982807,4.049412159990974,0.0001,86085.21
3.5253630999941374,86085.21,3.61,0.6932653579989447,0.0861145239997655,4.062277623993903,0.0001,86085.21
3.5376483000000007,85940.35,3.61,0.6954766940000001,0.08660593200000004,4.075054232000001,0.0001,86069.1
3.5499435999954585,85988.6,3.61,0.697590411999228,0.08635197400015894,4.087493317995436,0.0001,86069.1
3.5622093999991193,86230.43,3.62,0.6996535039998591,0.08622093999991193,4.099709976999159,0.0001,86069.1
3.5745360000000805,85972.52,3.61,0.701625760000013,0.08745360000000807,4.111481880000077,0.0001,86036.88
3.5868034999875817,86020.78,3.61,0.7035885599980132,0.08779589500037253,4.122925202488637,0.0001,86020.78
3.59938939998392,86069.1,3.61,0.7056023039974272,0.0874183180004824,4.134441300985286,0.0001,85988.6
3.61107029998675,86036.88,3.61,0.7074158964979462,0.088064217999205,4.145240027487744,0.0001,85988.6
3.619853499985765,86101.33,3.61,0.7087772924977936,0.08859120999914594,4.153364487486833,0.0001,86004.71
3.6319193999806885,85763.78,3.61,0.7107071039969102,0.08877879099971032,4.164704235981847,0.0001,85972.52
3.6442652999830893,85876.08,3.61,0.7126824479972943,0.0889426529998309,4.176309381984104,0.0001,86004.71
3.6563739999837708,85956.42,3.61,0.7146198399974033,0.08906373999983772,4.187691559984744,0.0001,85972.52
3.6686900999920917,85892.16,3.61,0.7166338664986951,0.08927380199984183,4.199485946492368,0.0001,85972.52
3.6811045999929775,86004.71,3.61,0.7186877819988061,0.08953313799978932,4.211510122992942,0.0001,85972.52
3.693380499986233,85972.52,3.61,0.7207746849976596,0.089901414999587,4.2238474024861645,0.0001,85972.52
3.705916100007016,86053.0,3.61,0.722964898001263,0.09027748300021049,4.236800646507473,0.0001,85988.6
3.718112600006861,85940.35,3.61,0.725160268001235,0.09064337800020583,4.249789919007307,0.0001,86004.71
3.7306277999887243,85988.6,3.61,0.7275192819978576,0.09085941699983087,4.263596857987484,0.0001,86053.0
3.7423686999827623,86069.1,3.61,0.729738209496811,0.09097631300017238,4.276581882981211,0.0001,86069.1
3.7550940999935842,86149.71,3.62,0.7320924084988131,0.09084905900006417,4.290452568993007,0.0001,86117.46
3.7671732000017073,86149.71,3.62,0.7342194440002903,0.0911945260000939,4.302973200001707,0.0001,86133.58
3.7752353999821935,86117.46,3.61,0.735590017996973,0.09163794699902064,4.3110353999821935,0.0001,86133.58
3.788517499982845,86278.92,3.62,0.737720212497341,0.09194258749991423,4.323593512484304,0.0001,86149.71
3.7997307000041474,86133.58,3.62,0.7394582585006428,0.09199865350002073,4.333853590503795,0.0001,86149.71
3.8121586999914143,86198.14,3.62,0.7413238049987122,0.09297269599931314,4.344738862492488,0.0001,86149.71
3.824421400000574,86165.85,3.62,0.7431411030000833,0.09348946499998564,4.3554466180005,0.0001,86165.85
3.836670399992726,86133.58,3.62,0.7449172079989453,0.09318324000018184,4.366103247993672,0.0001,86165.85
3.84921280000708,86181.97,3.62,0.746781920001062,0.09351457600031862,4.377199392006301,0.0001,86165.85
3.861538900004234,86085.21,3.61,0.7486462240006775,0.09399230549997883,4.388223482503917,0.0001,86165.85
3.8738466000068006,86165.85,3.62,0.7506154560010881,0.093930766999966,4.399608105006291,0.0001,86165.85
3.8858217999804765,86278.92,3.62,0.7525605969967787,0.09404554499951193,4.410947145981063,0.0001,86165.85
3.89891279998119,86181.97,3.62,0.7547206119968963,0.09437281999952975,4.423645415981754,0.0001,86133.58
3.9108083999890373,86165.85,3.62,0.7567374279981364,0.09450808399989037,4.435616483988928,0.0001,86085.21
3.922867799992673,86036.88,3.61,0.7588305429986446,0.09472905099967031,4.447954206992197,0.0001,86053.0
3.9350083000026643,85940.35,3.61,0.7610765355004929,0.0952753735001199,4.460883839502837,0.0001,86036.88
3.9443391999811865,85667.71,3.61,0.7628027519965196,0.09554339199981186,4.4709948159792114,0.0001,85940.35
3.9563826999801677,85892.16,3.61,0.7650307994963311,0.09566382699980168,4.484302883478086,0.0001,85940.35
3.9687262999941595,85940.35,3.61,0.7673143654989196,0.09622357799964958,4.497680772493721,0.0001,85940.35
3.9800187000073493,86053.0,3.61,0.7694031790012493,0.0969001870000735,4.509819074007496,0.0001,85924.27
3.993399700004374,85940.35,3.61,0.7716779490007437,0.09703399700004375,4.523467694004462,0.0001,85924.27
4.004644600005122,85763.78,3.61,0.7735663590008451,0.09719289200010245,4.534728485004994,0.0001,85924.27
4.016894400003366,85924.27,3.61,0.7755875760005554,0.09743788800006732,4.546672040003282,0.0001,85924.27
4.029171400004998,85908.21,3.61,0.7775215670007747,0.0975,4.558091831004573,0.0001,85940.35
4.0416779999795835,85924.27,3.61,0.7794516999969375,0.09758389999897918,4.5694766399820335,0.0001,85940.35
4.05373879999388,86165.85,3.62,0.7812608199990819,0.098186939999694,4.580090143994615,0.0001,85924.27
4.06586229999084,86343.62,3.62,0.7831086564985802,0.0985,4.5908174469918475,0.0001,85924.27
4.078218499984359,85908.21,3.61,0.7850238674975757,0.0985,4.60181446498608,0.0001,85924.27
4.090596599999117,85988.6,3.61,0.7869424729998631,0.09913579599994699,4.613254837999178,0.0001,85924.27
4.0991094000055455,85956.42,3.61,0.7882619570008594,0.0996465640003327,4.621171742005156,0.0001,85924.27
4.111597299983259,85924.27,3.61,0.790371540997154,0.0998739594997489,4.633365353983594,0.0001,85924.27
4.124434299999848,85972.52,3.61,0.7925760024999733,0.10013302899999543,4.646211671999842,0.0001,85908.21
4.136630900000455,85635.71,3.61,0.7947104075000795,0.10049892700001363,4.658896136000473,0.0001,85908.21
4.1488970000064,85876.08,3.61,0.7969014600011519,0.10086691000019199,4.671875305006815,0.0001,85924.27
4.160379000008106,85876.08,3.61,0.7989682200014592,0.1012,4.684097950008511,0.0001,85924.27
4.172534199984511,85876.08,3.61,0.801156155997212,0.1012,4.696860909983736,0.0001,85924.27
4.185069800005294,85892.16,3.61,0.8033618660009,0.10137744300018528,4.709795149005321,0.0001,85972.52
4.197138299990911,86053.0,3.61,0.8054135109984548,0.10179984049968188,4.721923991490866,0.0001,86020.78
4.209307299985085,86133.58,3.62,0.8074357044975389,0.10217921899955253,4.733735007985681,0.0001,86020.78
4.221597199997633,86020.78,3.61,0.809447565999633,0.10254791599992896,4.745477409997809,0.0001,86053.0
4.233923499996308,86069.1,3.61,0.8113581424994277,0.10291770499988924,4.756879237496585,0.0001,86069.1
4.245978799997829,86101.33,3.61,0.8132566079996526,0.10315978799997828,4.768060283997981,0.0001,86101.33
4.254480999981752,86020.78,3.61,0.8146169599970802,0.10324480999981751,4.775967329983029,0.0001,86101.33
4.266723699984141,86198.14,3.62,0.8165757919974624,0.10346809249960351,4.787420277985092,0.0001,86101.33
4.279045700008282,86181.97,3.62,0.8185473120013251,0.10377614250020706,4.799002958007785,0.0001,86101.33
4.291195300000254,86198.14,3.62,0.8204352715000393,0.1039679295000038,4.810367605500237,0.0001,86101.33
4.304372199985664,86230.43,3.62,0.8224995519977062,0.10427488799942655,4.822709867986524,0.0001,86101.33
4.316006499982905,86101.33,3.61,0.8243610399972646,0.10474025999931616,4.833646109983929,0.0001,86101.33
4.328173899993999,85956.42,3.61,0.8263895629989798,0.10514521699981996,4.845410421994119,0.0001,86117.46
4.340736399986781,86036.88,3.61,0.8285251879977529,0.10551840999966954,4.857743763986649,0.0001,86117.46
4.352765199990245,86101.33,3.61,0.8305700839983415,0.10581912999975611,4.869892851990147,0.0001,86117.46
4.365102499985369,86004.71,3.61,0.8326929374974396,0.1061785874994879,4.88245557498493,0.0001,86117.46
4.377603600005386,86117.46,3.61,0.8348806300009427,0.10661612600018852,4.895331708005548,0.0001,86117.46
4.3897769000031985,86311.26,3.62,0.8370109575005598,0.10655334649995202,4.907772438003263,0.0001,86133.58
4.401962400006596,86133.58,3.62,0.8391237960010883,0.10650793200036275,4.920103528006398,0.0001,86149.71
4.414005800004816,86198.14,3.62,0.8411109570007945,0.10717031900026486,4.931785626004671,0.0001,86198.14
4.423419099999592,86198.14,3.62,0.8426470559999346,0.10753419099999592,4.94086524049961,0.0001,86198.14
4.4358516999927815,86149.71,3.62,0.8446362719988451,0.10765851699992782,4.952738373493106,0.0001,86198.14
4.44701360000181,86359.8,3.62,0.8464923120003077,0.10794547600006335,4.9635733280017735,0.0001,86246.58
4.4593214000051375,86343.62,3.62,0.8485846380008734,0.10837624900017981,4.975634972005035,0.0001,86246.58
4.471652000007452,86376.0,3.62,0.8506225800012296,0.10851652000007452,4.987952000007452,0.0001,86246.58
4.484182599990163,86246.58,3.62,0.8527319549982785,0.1087673039996065,5.000545338990015,0.0001,86246.58
4.497162399988157,86085.21,3.61,0.8550034199979274,0.10928649599952626,5.013719835987979,0.0001,86278.92
4.509474799997406,86278.92,3.62,0.857158089999546,0.1097316179999092,5.026406417997316,0.0001,86278.92
4.5217068000056315,86295.07,3.62,0.8592986900009855,0.11011706800005631,5.039049470005772,0.0001,86246.58
4.5336836999922525,86069.1,3.61,0.8613946474986441,0.11023683699992252,5.051325792492059,0.0001,86149.71
4.545209200005047,86117.46,3.61,0.863385564000858,0.11032604600002523,5.063009200005047,0.0001,86117.46
4.5578837000066414,86408.39,3.62,0.8655402290011289,0.1103894185000332,5.075683700006641,0.0001,86117.46
4.569803699996555,86085.21,3.61,0.8675176104994315,0.11093920349981053,5.087309588996658,0.0001,86117.46
4.579045199992834,86149.71,3.62,0.8690424579988175,0.11144748599960584,5.096273843993049,0.0001,86117.46
4.591270100005205,86053.0,3.61,0.8710032160008326,0.11138729899994795,5.1078502445049185,0.0001,86085.21
4.603550900006667,86069.1,3.61,0.8729681440010666,0.11154856300046664,5.119420091506234,0.0001,86117.46
4.615005400002701,86230.43,3.62,0.8748008640004322,0.11235037800018907,5.130130049002526,0.0001,86133.58
4.627150599990273,85892.16,3.61,0.8767083429984923,0.11252123500024318,5.141307045991148,0.0001,86133.58
4.639754799980437,86133.58,3.62,0.8786619939969678,0.11220613000048907,5.1527768679821975,0.0001,86149.71
4.651728099997854,85988.6,3.61,0.880459214999678,0.1125518429999356,5.163555289998068,0.0001,86133.58
4.6643012999848,86165.85,3.62,0.8823882079975679,0.11305807799908797,5.174935689486092,0.0001,86133.58
4.676604799984489,86295.07,3.62,0.8843567679975182,0.1137962879990693,5.186193391985807,0.0001,86133.58
4.688607399992179,86149.71,3.62,0.8862771839987486,0.1140860739999218,5.197606140992453,0.0001,86101.33
4.700967099983245,86165.85,3.62,0.8882692424970678,0.1142386839993298,5.20958644198291,0.0001,86101.33
4.713124600006267,86085.21,3.61,0.8903968050010966,0.11472498400025068,5.221987092006392,0.0001,86101.33
4.725367799983361,85988.6,3.61,0.8925662039970048,0.1151073559996672,5.234743545982195,0.0001,86101.33
4.73411279998254,85956.42,3.61,0.8941403039968572,0.1152822559996508,5.2441006959813175,0.0001,86085.21
4.747065899980953,86101.33,3.61,0.896542520996381,0.11550598849971429,5.258278478478762,0.0001,86085.21
4.759279099991545,86053.0,3.61,0.8988630289983934,0.11568918649987317,5.271896196490572,0.0001,86069.1
4.771454800007632,86278.92,3.62,0.9011191380014119,0.11575727400003816,5.285071184008242,0.0001,86069.1
4.783850199979497,86069.1,3.61,0.9033352829966169,0.11589625499948741,5.298053944980009,0.0001,86069.1
4.795112399995561,86069.1,3.61,0.9051935459992674,0.116177809999889,5.309034589995671,0.0001,86069.1
4.8073168999981135,86198.14,3.62,0.9071341194997076,0.11662926049991508,5.320385209998301,0.0001,86069.1
4.8197708999796305,86069.1,3.61,0.9090644894968427,0.11718969049908336,5.331593809981667,0.0001,86069.1
4.831900899996981,86165.85,3.62,0.9108851349995472,0.11755702699990943,5.342272791997344,0.0001,86085.21
4.84428749998915,86085.21,3.61,0.9127431249983725,0.11795006249962026,5.35323731249029,0.0001,86085.21
4.856320199993206,86036.88,3.61,0.9145480299989809,0.11837120699976221,5.364006578993919,0.0001,86165.85
4.869339099997887,86004.71,3.61,0.9165942559996619,0.11878017299993661,5.375985362998035,0.0001,86165.85
4.881164699996589,86278.92,3.62,0.9184863519994542,0.11909417650001705,5.387012288496742,0.0001,86165.85
4.890259000007063,86246.58,3.62,0.9199414400011301,0.11904870499996469,5.395697345006745,0.0001,86198.14
4.902718400000595,86230.43,3.62,0.921962128000101,0.11916310400003566,5.4077184000005944,0.0001,86230.43
4.914935899985721,86198.14,3.62,0.9240391029975726,0.11989615399914327,5.419935899985721,0.0001,86246.58
4.927345400006743,86133.58,3.62,0.9262221720012138,0.12038363500016858,5.432749397007114,0.0001,86278.92
4.939550599985523,86359.8,3.62,0.9284191079973941,0.12068876499963807,5.445625882984727,0.0001,86343.62
4.95177689997945,86359.8,3.62,0.9306787264961982,0.1207,5.459054589977395,0.0001,86359.8
4.963961300003575,86359.8,3.62,0.9329526470006793,0.1209376780002145,5.472457430003932,0.0001,86359.8
4.9753793999843765,86343.62,3.62,0.9351220859970315,0.12162276399906256,5.4850173399828135,0.0001,86359.8
4.987698599987198,86376.0,3.62,0.9373857479976956,0.12182301400012803,5.498299008986365,0.0001,86359.8
5.00073379999958,86440.8,3.62,0.9397247459999285,0.1217110069999937,5.512126461999584,0.0001,86359.8
5.0120739999983925,86440.8,3.62,0.9416525799997266,0.12188110999997588,5.523353259998409,0.0001,86376.0
5.024892799992813,86489.47,3.62,0.9437583839988859,0.12217124799974843,5.53565244799346,0.0001,86376.0
5.036604499997338,86457.03,3.62,0.9455736974995874,0.12258115749990683,5.546310094997578,0.0001,86376.0
5.048955100006425,86069.1,3.61,0.9473537140008994,0.12283432650009637,5.557011835005461,0.0001,86376.0
5.057335099991178,86149.71,3.62,0.9485269139987649,0.12296002649986766,5.564134834992501,0.0001,86424.6
5.069540299999062,86457.03,3.62,0.9502833434998639,0.12371552249992962,5.5745569564991975,0.0001,86424.6
5.082093000004534,86278.92,3.62,0.9521244150007027,0.12445813999990933,5.58538370000408,0.0001,86424.6
5.094489799987059,86278.92,3.62,0.9540459189979941,0.12421020400025883,5.596540819988353,0.0001,86424.6
5.107037099980516,86230.43,3.62,0.9560611214967851,0.12459259699863612,5.608220430481392,0.0001,86424.6
5.119893299997784,86424.6,3.62,0.9581823944996344,0.1254925309998449,5.620498101497883,0.0001,86457.03
5.131996899988735,86521.91,3.62,0.9601794884981413,0.12538003100011266,5.632476930988847,0.0001,86457.03
5.144197499990696,86457.03,3.62,0.9622555499983252,0.1254888874995813,5.644786387490276,0.0001,86489.47
5.156503399979556,86521.91,3.62,0.96447061199632,0.12604265299908002,5.657646052978635,0.0001,86521.91
5.1678254999860656,86554.39,3.62,0.9665085899974917,0.1263565099997213,5.669751539984951,0.0001,86521.91
5.180180099996505,86489.47,3.62,0.9687333184993534,0.12660180099996504,5.683094507996225,0.0001,86554.39
5.1921400999999605,86782.21,3.62,0.9709459184999927,0.1267214009999996,5.6960113079999575,0.0001,86603.14
5.204486200003885,86619.4,3.62,0.9732075160006992,0.12695701700013595,5.709210510004079,0.0001,86603.14
5.212907199980691,86603.14,3.62,0.9747232959965243,0.12725175199932418,5.718052559979726,0.0001,86619.4
5.225242799991975,86961.83,3.62,0.9768650619986757,0.12763106999979937,5.730664157992095,0.0001,86619.4
5.237582200003089,86749.63,3.62,0.9789010630005096,0.12793955500007723,5.742818467003042,0.0001,86635.65
5.250767099991208,86912.8,3.62,0.9810765714985492,0.12821534199982415,5.755536415991559,0.0001,86749.63
5.2629500000039116,86554.39,3.62,0.9830720000006258,0.1285917500002542,5.767158250003657,0.0001,86635.65
5.274270599998999,86798.53,3.62,0.9848832959998398,0.12932758899993493,5.777743010999064,0.0001,86635.65
5.286512399994535,86473.23,3.62,0.9868094219991529,0.12953719000013664,5.789026283995027,0.0001,86635.65
5.29882880000514,86635.65,3.62,0.9887184640007965,0.12922927999987152,5.800234208004677,0.0001,86635.65
5.311130199988838,86765.92,3.62,0.9906251809982699,0.12997911399921866,5.811484132989787,0.0001,86554.39
5.323459699982777,86635.65,3.62,0.9925535519972443,0.1305827015000861,5.822869416483725,0.0001,86473.23
5.3355632000020705,86343.62,3.62,0.9944901120003312,0.13052218399998966,5.8343072240019564,0.0001,86473.23
5.347776299982797,86376.0,3.62,0.9965219709970755,0.13088881499913987,5.846198536982969,0.0001,86473.23
5.360031399992295,86230.43,3.62,0.9986053379986901,0.13150047099988443,5.85833202799214,0.0001,86457.03
5.368456700001843,86149.71,3.62,1.0000376390003134,0.13162685050002765,5.86692583400188,0.0001,86457.03
5.380710199999157,86473.23,3.62,1.0021278359998484,0.13181775499997894,5.879445709999116,0.0001,86376.0
5.393074299994623,86521.91,3.62,1.0043533739990322,0.13212685749986558,5.892428014994355,0.0001,86376.0
5.405344300001161,86262.75,3.62,1.0065352525002031,0.13243360750002903,5.9052046290011955,0.0001,86440.8
5.417575200001011,86457.03,3.62,1.008675660000177,0.13273938000002528,5.917802456001041,0.0001,86457.03
5.42989800000214,86538.16,3.62,1.0107826600003638,0.1330969400000642,5.930099020002118,0.0001,86457.03
5.4421770999906585,86343.62,3.62,1.0128483359985052,0.1334870839996263,5.942179130491079,0.0001,86457.03
5.454443900001934,86440.8,3.62,1.0148110240003094,0.13397775600007736,5.9538939245018465,0.0001,86440.8
5.466697199997725,86765.92,3.62,1.0168050379996245,0.13436742999994314,5.965595825997827,0.0001,86440.8
5.478998799982946,86700.75,3.62,1.018834801997186,0.13467496999957362,5.977343853983713,0.0001,86457.03
5.491163400001825,86392.2,3.62,1.0207861440002919,0.1347,5.989072681001761,0.0001,86489.47
5.503819599980488,86392.2,3.62,1.022849331996683,0.13491007799892685,6.001343207980879,0.0001,86489.47
5.515815799997654,86424.6,3.62,1.0248886859996011,0.13556986899987095,6.0130994839977,0.0001,86521.91
5.528136899985839,86489.47,3.62,1.0269425884976633,0.13567794650021242,6.025092792986263,0.0001,86521.91
5.537393599981442,86521.91,3.62,1.0284699439969378,0.1355390960002784,6.034071791981999,0.0001,86521.91
5.549617799988482,86603.14,3.62,1.030438847998157,0.13617324599919373,6.045881176988885,0.0001,86489.47
5.561886099982075,86521.91,3.62,1.0324206369969529,0.13688113900017923,6.057748377982434,0.0001,86489.47
5.573441199987428,86521.91,3.62,1.0343850039978628,0.1367655880001257,6.0690723759876795,0.0001,86489.47
5.58564999999362,86603.14,3.62,1.0364604999989155,0.136982499999681,6.081121749993652,0.0001,86489.47
5.597803399985423,86489.47,3.62,1.038526577997522,0.13759016999927112,6.0932143829854954,0.0001,86489.47
5.610344999993686,86408.39,3.62,1.040606924998958,0.13785517499990527,6.105693274993717,0.0001,86408.39
5.622434999997495,86376.0,3.62,1.0426017749995866,0.13808522499991233,6.11766194999757,0.0001,86408.39
5.634700199996588,86408.39,3.62,1.044625532999437,0.13851450699988055,6.129559193996689,0.0001,86376.0
5.646850799996173,86359.8,3.62,1.0465961279993876,0.13883701599992346,6.141139751996402,0.0001,86376.0
5.659056100004818,86311.26,3.62,1.048548976000771,0.13908112200009637,6.15261273400453,0.0001,86359.8
5.671358299994608,86230.43,3.62,1.0505741194991103,0.13961112349975738,6.164347176494851,0.0001,86359.8
5.683575400005793,86262.75,3.62,1.0526078180009848,0.14003575400005794,6.176139646005735,0.0001,86311.26
5.6920159999863245,86295.07,3.62,1.054042719997675,0.14012015999986324,6.184495839986461,0.0001,86295.07
5.70431249999092,86424.6,3.62,1.0561115624985016,0.14032937499972759,6.196690937490965,0.0001,86262.75
5.71658059998299,86262.75,3.62,1.0581357989971931,0.14069741799948968,6.208897696983074,0.0001,86262.75
5.728915499988943,86457.03,3.62,1.060260212498065,0.14097830999977887,6.221349232488777,0.0001,86262.75
5.741182600002503,86262.75,3.62,1.0624128680004505,0.14122956500006256,6.233841730002627,0.0001,86262.75
5.7534675000060815,86085.21,3.61,1.0646241500010947,0.14153668750015203,6.246740875006385,0.0001,86117.46
5.765718499984359,86036.88,3.61,1.0668007374972628,0.1417,6.259518647483811,0.0001,86085.21
5.77800930000376,86069.1,3.61,1.0689516275006579,0.1417,6.272239625503891,0.0001,86085.21
5.790380699996604,86036.88,3.61,1.0710128154994394,0.1423228419997962,6.284524989496654,0.0001,86069.1
5.8025555000058375,86117.46,3.61,1.0730088800009339,0.14293833250008756,6.296414947505515,0.0001,86069.1
5.814807599992491,86020.78,3.61,1.0749692159987987,0.14312211399988736,6.307993181992904,0.0001,86069.1
5.826981299993349,85988.6,3.61,1.0769170079989359,0.14337453249983373,6.319392608993815,0.0001,86036.88
5.839176499983296,86133.58,3.62,1.0788682399973273,0.14367941249958238,6.330734144984465,0.0001,86036.88
5.851429700007429,86069.1,3.61,1.0807716035011516,0.1439285940001486,6.341786730006686,0.0001,86020.78
5.859920599992621,86214.27,3.62,1.0820876929988563,0.1440984119998524,6.349428539993358,0.0001,85988.6
5.872243499994511,85876.08,3.61,1.0839977424991492,0.1447733924996981,6.360702802494977,0.0001,85972.52
5.884494600002654,85876.08,3.61,1.0858966630004112,0.1450651619999204,6.371935032002441,0.0001,85892.16
5.896846299991012,85475.96,3.61,1.0878111764986067,0.14469461100026967,6.3832985959917306,0.0001,85876.08
5.909125499980291,85587.73,3.61,1.0897600799968465,0.14519315749871894,6.394869224981276,0.0001,85876.08
5.9213786000036635,85892.16,3.61,1.0917343620006228,0.14592757200007328,6.406564814003627,0.0001,85876.08
5.933668999990914,85972.52,3.61,1.0938237299984552,0.14617337999981828,6.418732309991005,0.0001,85731.73
5.945963899983326,85876.08,3.61,1.095943682497082,0.14662801449908291,6.431202455982659,0.0001,85683.7
5.958257799997227,85731.73,3.61,1.0980951149995148,0.1473041789998475,6.4439881119971165,0.0001,85587.73
5.970391499984544,85683.7,3.61,1.1003743849970633,0.14760782999969085,6.457230649982998,0.0001,85587.73
5.982644400006393,85380.35,3.61,1.1027024360012148,0.14781322200003194,6.470801394007256,0.0001,85683.7
5.994866499997443,83438.06,3.58,1.105024634999514,0.14787433249998722,6.484673477497097,0.0001,85683.7
6.007030599983409,83345.7,3.58,1.1073006609969307,0.14811091799950227,6.498198506981833,0.0001,85603.72
6.015629500005161,83855.53,3.59,1.1088914575009547,0.14836888500015483,6.507614302505652,0.0001,85380.35
6.027919299987843,84026.48,3.59,1.1110462809979333,0.1487771754995745,6.520121317488147,0.0001,85380.35
6.040162699995562,85908.21,3.61,1.1131235914993565,0.14919837300004438,6.532042362496117,0.0001,85380.35
6.052469199988991,85811.88,3.61,1.1149080339984037,0.1490753080001101,6.542810549990367,0.0001,85189.57
6.064693799999077,85603.72,3.61,1.1166806009998662,0.1493755039999261,6.553389729999215,0.0001,85189.57
6.077037599985488,85189.57,3.6,1.1184704519978956,0.15036300799883903,6.563881959987665,0.0001,85189.57
6.089311499992618,85555.79,3.61,1.1202967249988927,0.15032065500022146,6.574454447493615,0.0001,85189.57
6.101594799984014,85571.75,3.61,1.122147193997522,0.15014353199856117,6.585151267985452,0.0001,85189.57
6.113899899995886,84794.04,3.6,1.1240544844993623,0.1512509909996297,6.596348908996256,0.0001,84794.04
6.1260901000059675,84668.03,3.6,1.1259744160009548,0.15170864849991048,6.6077769465057585,0.0001,84731.01
6.138301200000569,84731.01,3.6,1.127928192000091,0.15152548199999147,6.619560658000549,0.0001,84699.51
6.150505900004646,84699.51,3.6,1.1300385325008129,0.1522879425003484,6.631863488504715,0.0001,84668.03
6.162767200003145,82505.78,3.57,1.132198096000566,0.1529446559999371,6.644419396003318,0.0001,82657.59
6.171203499980038,82536.11,3.57,1.1337166299964068,0.15277593000039924,6.65331969247894,0.0001,82536.11
6.18351370000164,82657.59,3.57,1.1359500345003033,0.152687842500041,6.666412364501779,0.0001,82505.78
6.195812799996929,82490.62,3.57,1.1382253679994319,0.15299531999992325,6.6797568879966684,0.0001,82490.62
6.208146699995268,80465.43,3.55,1.1405071394991246,0.15346660149978705,6.693220636494819,0.0001,80465.43
6.220340800005943,79264.0,3.53,1.1427613440010695,0.15400170400002972,6.706559544006269,0.0001,79264.0
6.23265160000301,78964.04,3.53,1.1449772880005418,0.15406325800001502,6.7195474380031746,0.0001,79049.57
6.2452895999886096,79049.57,3.53,1.1471727839981205,0.15425868799965828,6.732430911988951,0.0001,79021.04
6.257217599981232,78623.18,3.52,1.1491409039969032,0.15461652799943693,6.744001071981794,0.0001,79021.04
6.269564899994293,78935.56,3.53,1.1510347349991439,0.15527389399965758,6.7552605854948915,0.0001,78964.04
6.2817465999978594,79021.04,3.53,1.152861989999679,0.15588253400002142,6.766128274998127,0.0001,78935.56
6.29401469998993,78878.63,3.53,1.1547022049984894,0.1557598530001007,6.776862862491188,0.0001,78878.63
6.306273399997735,79021.04,3.53,1.1565410099996603,0.15613913799984144,6.787620591998007,0.0001,78623.18
6.318412399996305,78439.43,3.52,1.1583618599994459,0.15698886799974132,6.798302911996748,0.0001,78495.9
6.330707399989478,78481.78,3.52,1.160259646998369,0.15661816700047348,6.809497270990372,0.0001,78481.78
6.3391704999958165,78495.9,3.52,1.1615714274993516,0.15623732750018826,6.817241007496172,0.0001,78439.43
6.351465599989751,78242.22,3.52,1.1635344959983602,0.15746121599887264,6.828892319990263,0.0001,78242.22
6.363747600000352,78228.14,3.52,1.1655370920000598,0.15834378599999474,6.840691386000346,0.0001,78228.14
6.375971200002823,78115.8,3.52,1.1676151040004799,0.15816043199995766,6.85273163200278,0.0001,78115.8
6.388294599979417,78045.69,3.51,1.169751554996398,0.15851472999897084,6.865367856978491,0.0001,78059.7
6.400568999990355,78059.7,3.51,1.1719024199982637,0.1591085349998553,6.8782088299896795,0.0001,78045.69
6.412892799999099,78031.67,3.51,1.1741207039998378,0.1592933919999865,6.891395295999036,0.0001,78031.67
6.425197999982629,77975.67,3.51,1.1763356399968732,0.15937401000008686,6.904483889981673,0.0001,77975.67
6.437469199998304,77794.03,3.51,1.1785444559996947,0.15931265400000846,6.91743000599821,0.0001,77835.89
6.449691299989354,77835.89,3.51,1.180695977498137,0.1597845649994677,6.929936669489194,0.0001,77794.03
6.461887299985392,77752.21,3.51,1.1828114044975897,0.16035661899956175,6.942230680985831,0.0001,77794.03
6.47402759999386,77794.03,3.51,1.184814553998987,0.1607208279998158,6.954006771994044,0.0001,77794.03
6.48624529998051,77752.21,3.51,1.1867992479968816,0.16118103849912294,6.965670581981679,0.0001,77794.03
6.49471430000267,77752.21,3.51,1.1881542880004272,0.16156214350012013,6.973631442002509,0.0001,77794.03
6.507080199982738,77780.07,3.51,1.1901328319972382,0.16240181699853273,6.985290788983687,0.0001,77780.07
6.5193673000030685,77794.03,3.51,1.1920987680004909,0.16344622050026078,6.996902098502899,0.0001,77752.21
6.531716800003778,77877.78,3.51,1.1940746880006046,0.16279699199977332,7.008455208003532,0.0001,77752.21
6.544050700002117,77821.93,3.51,1.1960278585003281,0.16278608400025404,7.019967151001969,0.0001,77752.21
6.556434800004354,77752.21,3.51,1.1979473940006746,0.1642721760005224,7.031484364004048,0.0001,77752.21
6.568510299985064,77682.54,3.51,1.1999041994975355,0.16440213950052276,7.043012439485587,0.0001,77738.26
6.581816299993079,77738.26,3.51,1.2021087709988234,0.16412714099951553,7.055916299993079,0.0001,77682.54
6.593056199984857,77585.17,3.51,1.2040195539974257,0.16491393399893994,7.067156199984856,0.0001,77682.54
6.605567999999039,77682.54,3.51,1.2061743999998318,0.16528864000001922,7.079779359999019,0.0001,77682.54
6.618189400003757,77585.17,3.51,1.2083831450006577,0.16503621199992485,7.092653188003832,0.0001,77682.54
6.630345999990823,77654.72,3.51,1.2104588199984398,0.16556902999949524,7.1048977299907765,0.0001,77682.54
6.642013200005749,77640.79,3.51,1.2124321780009486,0.1661704620002012,7.116572936005634,0.0001,77682.54
6.650532300001942,77543.51,3.51,1.2138378295003203,0.16646863050006794,7.124921654001903,0.0001,77654.72
6.662943200004521,77807.98,3.51,1.2158709120007234,0.16685886400009042,7.136981324004272,0.0001,77654.72
6.675440499995602,77807.98,3.51,1.2178704799992963,0.16710880999991204,7.148791272495844,0.0001,77640.79
6.687837400007993,77849.85,3.51,1.2198931710013188,0.1673959350001998,7.160623904007673,0.0001,77640.79
6.6996065999846905,77682.54,3.51,1.2218350889974738,0.16769016499961725,7.171922335985303,0.0001,77640.79
6.712047199980589,77515.75,3.51,1.2239480239967,0.1683023599990294,7.184226727980782,0.0001,77640.79
6.725300999998581,77612.98,3.51,1.2262011699997586,0.1687265049999929,7.197480514998559,0.0001,77640.79
6.7376211999799125,77612.98,3.51,1.228295603996585,0.16878810599989957,7.209985517979611,0.0001,77612.98
6.749889200000325,77640.79,3.51,1.2304306100000568,0.16929446000001624,7.222486984000331,0.0001,77612.98
6.761942499986617,77710.39,3.51,1.2325302249977248,0.1698,7.234742499986616,0.0001,77585.17
6.77406989998417,77543.51,3.51,1.2345918829973088,0.1698,7.246869899984169,0.0001,77585.17
6.786043500003871,77585.17,3.51,1.2365971775006386,0.1702230450002709,7.258752847503812,0.0001,77585.17
6.797853700001724,77487.99,3.51,1.2385458605002844,0.17104975900012062,7.270385894501698,0.0001,77557.4
6.806094100000337,77487.99,3.51,1.239935997000057,0.17113905899999662,7.278533159000332,0.0001,77543.51
6.8183657999907155,77557.4,3.51,1.2420221859984215,0.17101634200009286,7.290682141990808,0.0001,77487.99
6.830762400000822,77585.17,3.51,1.2440757960001356,0.17159193200004522,7.302847152000805,0.0001,77487.99
6.843100600002799,77487.99,3.51,1.2461115990004619,0.17223952700012596,7.314876576002687,0.0001,77487.99
6.8553569999930914,77363.3,3.5,1.24813390499886,0.1727910649996891,7.326642719993368,0.0001,77460.27
6.867799400002696,77460.27,3.51,1.2501479040004313,0.1733119760001078,7.33839243900252,0.0001,77377.13
6.880223799991654,77363.3,3.5,1.2521346889987064,0.1738011189999583,7.3500081339922385,0.0001,77363.3
6.892686399980448,77252.67,3.5,1.2540663919969695,0.17386343199990223,7.361598351981817,0.0001,77363.3
6.9050710999872535,77335.62,3.5,1.2560113759979605,0.17407748849955387,7.373090767488209,0.0001,77335.62
6.917743900005007,77266.47,3.5,1.258039024000801,0.17452103650017525,7.384813107504631,0.0001,77294.11
6.928992000001017,77377.13,3.51,1.2597937600001576,0.17451007999998983,7.395262560000946,0.0001,77294.11
6.9411817000072915,77280.3,3.5,1.2617008890012396,0.17450044450061974,7.406658066007146,0.0001,77294.11
6.953357399994275,77266.47,3.5,1.2637707579990267,0.17553537899951333,7.418590251994389,0.0001,77294.11
6.965809299988905,77294.11,3.5,1.2659166274980582,0.17607095350005547,7.4311707184884055,0.0001,77294.11
6.9742890000052284,77294.11,3.5,1.267400575000915,0.17602855499997386,7.440032005005463,0.0001,77294.11
6.986503599997377,77335.62,3.5,1.2696356839995016,0.1763576979998557,7.453186477997101,0.0001,77294.11
6.999139199993806,77390.96,3.51,1.272036447998823,0.17705265599965933,7.467148815993156,0.0001,77280.3
7.011587899993174,77114.71,3.5,1.274401700998703,0.1772738184998976,7.480962568992423,0.0001,77266.47
7.024345899990294,77390.96,3.51,1.2767605324983013,0.17755210649966027,7.494841465489857,0.0001,77238.86
7.036567300005117,77238.86,3.5,1.2788992775008956,0.1779798555001791,7.507612828505347,0.0001,77238.86
7.048813999979757,77183.64,3.5,1.2809102399967611,0.17832034999949392,7.519485159980971,0.0001,77238.86
7.060290699999314,77211.25,3.5,1.282743604999897,0.1786130814999691,7.530260176499386,0.0001,77225.04
7.072633400006453,77197.43,3.5,1.284595010000968,0.17916850300029036,7.541306893005775,0.0001,77211.25
7.085602499981178,77238.86,3.5,1.2865683874970826,0.17952801249990588,7.5528582124833425,0.0001,77225.04
7.0974472999805585,77225.04,3.5,1.2884043314969864,0.1795872364999028,7.563340860482794,0.0001,77225.04
7.109043100004783,77307.96,3.5,1.2901564650007173,0.18018780150031088,7.573648359004256,0.0001,77211.25
7.121586900000693,77128.48,3.5,1.2920459695001074,0.1809238035000104,7.584852013500634,0.0001,77211.25
7.130737700004829,77156.06,3.5,1.2934643435007485,0.18106106550007242,7.593224995504419,0.0001,77197.43
7.142948099994101,77294.11,3.5,1.2953864364990264,0.181317923999764,7.604530175994336,0.0001,77156.06
7.154380499996478,77321.77,3.5,1.2972727824994188,0.1817752199998591,7.6155052799966185,0.0001,77156.06
7.166656499990495,77087.16,3.5,1.2992983224984316,0.18219969499971483,7.627523217490542,0.0001,77156.06
7.179693499987479,77156.06,3.5,1.301449427497934,0.18259080499962438,7.640495032487541,0.0001,77156.06
7.192059900000459,77114.71,3.5,1.3036707820000826,0.18290149750001147,7.653402595500479,0.0001,77156.06
7.20445479999762,77142.28,3.5,1.3059464119995476,0.1831668219999643,7.6666448279973585,0.0001,77156.06
7.2158306000055745,77156.06,3.5,1.308107814001059,0.1833374590000836,7.679271966006187,0.0001,77156.06
7.228279799979646,77156.06,3.5,1.3104731619961325,0.1837311919991858,7.693256173977,0.0001,77156.06
7.24061680000159,77211.25,3.5,1.312814108000294,0.18419691599999205,7.7071692280017245,0.0001,77156.06
7.252692599984584,77169.85,3.5,1.315048130997148,0.1841365370000771,7.720271470983274,0.0001,77156.06
7.2649511999916285,77100.92,3.5,1.3172169479986187,0.1844713399993721,7.733002663991879,0.0001,77156.06
7.277255199995125,77073.39,3.5,1.3192471079991956,0.18539413999963433,7.744937543995271,0.0001,77156.06
7.289024500001688,77377.13,3.51,1.321053675000253,0.1856,7.755541560001485,0.0001,77156.06
7.29756959999213,77073.39,3.5,1.3223354399988194,0.1856,7.763061247993074,0.0001,77156.06
7.310054900008254,77169.85,3.5,1.3241579605011966,0.18630384300057773,7.773847214007098,0.0001,77156.06
7.322398299991619,77266.47,3.5,1.3259597449987426,0.18705995749979046,7.784498512492666,0.0001,77128.48
7.334690299991053,77156.06,3.5,1.3278035449986578,0.1873672574997763,7.795254012492171,0.0001,77128.48
7.346775899990462,77128.48,3.5,1.3296502644985218,0.18766939749976155,7.806133827991225,0.0001,77128.48
7.360029999981634,77114.71,3.5,1.3317049499969698,0.1880016499989899,7.818329249982094,0.0001,77114.71
7.371416899986798,77225.04,3.5,1.3335837884978217,0.18862792949927387,7.829431477487128,0.0001,77114.71
7.3844166999915615,77114.71,3.5,1.335772922498523,0.1891662504998734,7.842305033991392,0.0001,77114.71
7.3970589999808,77073.39,3.5,1.33798532499664,0.189355884999712,7.855200179980415,0.0001,77087.16
7.408957199979341,77087.16,3.5,1.3401122959962812,0.18980307399907032,7.867649845978204,0.0001,77087.16
7.42105000000447,76949.62,3.5,1.3422890000008048,0.1903,7.880413000004738,0.0001,77073.39
7.433125599985942,77004.59,3.5,1.3444626079974695,0.1903,7.893213135985099,0.0001,77073.39
7.445074999995995,77032.1,3.5,1.346588124999299,0.19042687499989988,7.905752624995856,0.0001,77045.86
7.454269199981354,77045.86,3.5,1.348197109996737,0.19065672999953384,7.915268621980701,0.0001,77032.1
7.466588899987983,77169.85,3.5,1.350320112997957,0.19132711199903854,7.927854788987862,0.0001,77032.1
7.478815099981148,76990.84,3.5,1.352398566996795,0.19230520799849177,7.940203250980959,0.0001,77004.59
7.491243800002849,77073.39,3.5,1.3544552270004702,0.19245621900001425,7.952250267002749,0.0001,77004.59
7.502460499992594,76949.62,3.5,1.3562936799988152,0.19262302499962972,7.962988264993113,0.0001,77032.1
7.514793599984841,77004.59,3.5,1.3582669759975747,0.1932396799992421,7.974458047985903,0.0001,77004.59
7.528024400002323,77073.39,3.5,1.36034378200036,0.1935401220000116,7.986682448002138,0.0001,77004.59
7.540351100004045,76894.69,3.5,1.362254420500627,0.19361404400016177,7.9980247675037415,0.0001,77004.59
7.552533799986122,76935.88,3.5,1.3641427389978489,0.19410135199944487,8.009293764987163,0.0001,77004.59
7.564505999995163,77059.62,3.5,1.3660434899992018,0.19455770999983066,8.020458169995427,0.0001,77004.59
7.576099800004158,77004.59,3.5,1.367956467000686,0.19496349300014554,8.03141431100393,0.0001,77004.59
7.588435499987099,76990.84,3.5,1.3699918574978713,0.1951,8.043451144987229,0.0001,77018.35
7.600399399991147,77004.59,3.5,1.3719698949984507,0.19512795799938032,8.055309384990926,0.0001,77018.35
7.6089607999892905,77018.35,3.5,1.3734681399981257,0.1957272559992503,8.064084819989022,0.0001,77045.86
7.621123699995223,77087.16,3.5,1.37560226599914,0.19652247399990447,8.076579884994983,0.0001,77059.62
7.633752800000366,77100.92,3.5,1.3778755040000656,0.1967750560000073,8.089840440000383,0.0001,77059.62
7.646051299991086,77183.64,3.5,1.38005897749844,0.197111795499688,8.102632838990818,0.0001,77059.62
7.658397799998056,77059.62,3.5,1.38221961499966,0.19754392299993195,8.115349733997999,0.0001,77059.62
7.670978899986948,77045.86,3.5,1.3843115184978465,0.19798426149954318,8.12764953298734,0.0001,77059.62
7.683588999992935,77073.39,3.5,1.3863742399988694,0.19833588999992935,8.139791604993324,0.0001,77059.62
7.695039299986092,77059.62,3.5,1.3882062879977746,0.19845039299986092,8.150612138486856,0.0001,77045.86
7.707541199983098,76949.62,3.5,1.390244297997211,0.19906558999873225,8.162614963983604,0.0001,77045.86
7.720064599998295,76880.96,3.5,1.3923109819997102,0.2000003229999915,8.174764276998303,0.0001,77045.86
7.732360599999083,76963.35,3.5,1.394401301999844,0.20006180299999543,8.186998796999086,0.0001,77045.86
7.744309999980032,76977.09,3.5,1.3964326999966055,0.2002077499995008,8.198909999980032,0.0001,77045.86
7.756713499984471,77045.86,3.5,1.3985412949973601,0.20051783749961177,8.211313499984472,0.0001,77045.86
7.768611000006786,77004.59,3.5,1.4005638700011536,0.20128888000054282,8.22325405500682,0.0001,77004.59
7.777718199999072,77211.25,3.5,1.4021120939998422,0.20201745599992565,8.232406790999066,0.0001,77004.59
7.790321099979337,77128.48,3.5,1.4042029814965906,0.2021483945001033,8.244866283479647,0.0001,77045.86
7.801438499998767,77059.62,3.5,1.4060373524997964,0.20218630999992598,8.255802537498797,0.0001,77045.86
7.813628500007326,77059.62,3.5,1.4080487025012087,0.20291771000043954,8.267687787507143,0.0001,77045.86
7.825888599996688,77004.59,3.5,1.410101061999437,0.20318222800006625,8.279670827996753,0.0001,77045.86
7.838211900001625,76826.12,3.5,1.4121960230002764,0.20293576199996752,8.291747662001592,0.0001,77059.62
7.850614599999972,77114.71,3.5,1.4142514089999954,0.20348380299999846,8.303849234999973,0.0001,77059.62
7.862864800001262,77004.59,3.5,1.4162583680002019,0.2040143240000063,8.315735884001207,0.0001,77059.62
7.875074699986726,77004.59,3.5,1.4182119519978762,0.20407537349993363,8.327396338487324,0.0001,77045.86
7.887392799981171,77045.86,3.5,1.4201828479969874,0.20435874799934098,8.339012267982394,0.0001,77045.86
7.899683700001332,77059.62,3.5,1.422149392000213,0.20478892950004662,8.350504259501244,0.0001,77059.62
7.912095399980899,77211.25,3.5,1.4240747869970394,0.20546524699894944,8.361867290982522,0.0001,77073.39
7.924315999989631,77073.39,3.5,1.4259689799983928,0.20594315999989632,8.37307071999046,0.0001,77073.39
7.933540700003505,76977.09,3.5,1.4273988085005431,0.20603540700003506,8.381557444003224,0.0001,77073.39
7.9457733999879565,77169.85,3.5,1.4293526109980128,0.20641753699933763,8.392955862988618,0.0001,77073.39
7.957073600002332,77211.25,3.5,1.4312171440003845,0.2070390480001282,8.403634552002202,0.0001,77114.71
7.969673399988096,77073.39,3.5,1.4333444779979763,0.20734510099982142,8.416121766988036,0.0001,77128.48
7.982011499989312,77114.71,3.5,1.4354620699980762,0.207590517499519,8.42863218998867,0.0001,77114.71
7.9947822999965865,77073.39,3.5,1.4377608139993856,0.20816520349984638,8.442169237996382,0.0001,77114.71
8.007238599995617,77128.48,3.5,1.440039140999189,0.2086533509998466,8.4556262669952,0.0001,77114.71
8.019505999982357,77183.64,3.5,1.442308609996736,0.20908270999938253,8.46905906998068,0.0001,77114.71
8.031724200001918,77169.85,3.5,1.4445689770003547,0.2091,8.482144894002051,0.0001,77114.71
8.044003899995005,77087.16,3.5,1.4467806629991506,0.20938027299965029,8.495043938994954,0.0001,77114.71
8.055358499987051,77004.59,3.5,1.4487109449977986,0.2101750949990935,8.506512084986921,0.0001,77114.71
8.068156499997713,77114.71,3.5,1.450805039999634,0.21054078249998856,8.51886710999785,0.0001,77114.71
8.080159300006926,77156.06,3.5,1.452723895001039,0.2106071685003117,8.530142573506199,0.0001,77087.16
8.09202459998778,76949.62,3.5,1.4545036899981671,0.21114110699945013,8.540762016989063,0.0001,77087.16
8.100712899991777,77018.35,3.5,1.4558104994987255,0.21151425799983553,8.548548738992517,0.0001,77073.39
8.112609500007238,77114.71,3.5,1.457654472501122,0.21175219000014475,8.559374645006587,0.0001,77073.39
8.1249392000027,77059.62,3.5,1.4595655760004185,0.21224574400018895,8.57061936800247,0.0001,77073.39
8.137435799988452,77045.86,3.5,1.46150254899821,0.2131205059991916,8.582053756989433,0.0001,77073.39
8.149883899983251,77114.71,3.5,1.4634814239973202,0.21354709749958126,8.593542607484508,0.0001,77059.62
8.162165599991567,77073.39,3.5,1.4654464959986508,0.21385413999978917,8.604957319991989,0.0001,77073.39
8.174621099984506,77073.39,3.5,1.467439375997521,0.21416552749961265,8.616790044985281,0.0001,77073.39
8.187539799982915,77142.28,3.5,1.4695817659970953,0.214563892999402,8.629515197982743,0.0001,77073.39
8.199782699986827,76757.62,3.5,1.4716630589977604,0.21499239449953889,8.641880526986693,0.0001,77073.39
8.211878700007219,76867.25,3.5,1.4738975595013353,0.21547514800028872,8.654988389507832,0.0001,77087.16
8.223759099986637,77087.16,3.5,1.476114228997461,0.21595036399946546,8.668028987484966,0.0001,77087.16
8.235859499982325,77128.48,3.5,1.478413304996642,0.216434379999293,8.681641937480116,0.0001,77114.71
8.247663999994984,77114.71,3.5,1.480656159999047,0.21686823999982444,8.694807039994432,0.0001,77128.48
8.256275499996264,77018.35,3.5,1.4822923449992902,0.21716964249986923,8.704365804995852,0.0001,77128.48
8.268612399988342,77197.43,3.5,1.4845071699979597,0.2172569380000583,8.71732770998805,0.0001,77128.48
8.280869499983964,77280.3,3.5,1.486639119997434,0.21725216999903782,8.729808634985085,0.0001,77142.28
8.293133900006069,77128.48,3.5,1.4886014240009708,0.2179880340003641,8.741214527005644,0.0001,77156.06
8.30534799999441,77169.85,3.5,1.4904754599991894,0.21842673999997206,8.752252759995137,0.0001,77169.85
8.318056599993724,77197.43,3.5,1.49231820699909,0.21849028299996862,8.763309241994541,0.0001,77169.85
8.330476899980567,77156.06,3.5,1.4941191504971822,0.21923338299863973,8.77385298048358,0.0001,77169.85
8.34212149999803,77142.28,3.5,1.4958076174997144,0.21993182249997045,8.783724489998306,0.0001,77169.85
8.355406299990136,77169.85,3.5,1.4977339134985699,0.22013109449985205,8.795149417991517,0.0001,77156.06
8.36744840000756,77225.04,3.5,1.499554502001172,0.22068414600049147,8.805952528006955,0.0001,77169.85
8.378974699997343,77142.28,3.5,1.5013410784995882,0.22143335549982726,8.816556723997556,0.0001,77169.85
8.390988700004527,77211.25,3.5,1.5033680790007695,0.22160988700004527,8.828323869504459,0.0001,77169.85
8.403292700008024,77142.28,3.5,1.505476222501404,0.22184817150036104,8.840607944508303,0.0001,77211.25
8.411861600005068,77156.06,3.5,1.5069757800008867,0.22223377200022804,8.849476756005245,0.0001,77211.25
8.424236399994697,77211.25,3.5,1.509183733999019,0.2227694559997879,8.862475311994274,0.0001,77225.04
8.436885100003565,77460.27,3.51,1.5115237435006597,0.2232754040001426,8.876135908003851,0.0001,77211.25
8.449583899986465,77377.13,3.51,1.5138251019975637,0.2238791949993232,8.88980269248545,0.0001,77266.47
8.461799299984705,77363.3,3.5,1.5160238739972467,0.22448996499923518,8.902871271984091,0.0001,77266.47
8.47425599998678,77321.77,3.5,1.5182660799976204,0.225112799999339,8.91582623998625,0.0001,77266.47
8.485448699997505,77266.47,3.5,1.5201990354995885,0.2255362174999376,8.927166969497542,0.0001,77266.47
8.497768700006418,77169.85,3.5,1.522231835501059,0.22584421750016043,8.939302169506322,0.0001,77266.47
8.510927399998764,77266.47,3.5,1.524403020999796,0.22611854799997527,8.95193566699882,0.0001,77169.85
8.522293099988019,77156.06,3.5,1.5262668959980832,0.22640318949946087,8.962755513988737,0.0001,77156.06
8.534525299997767,77004.59,3.5,1.5282240479996427,0.22695363849989952,8.9742537819979,0.0001,77032.1
8.546947299997555,77004.59,3.5,1.530176831499621,0.22737368249993886,8.985860988997725,0.0001,77032.1
8.559063900000183,76908.41,3.5,1.5320549045000282,0.22767659750000457,8.99712942700017,0.0001,77004.59
8.571097899985034,76922.15,3.5,1.5339201744976803,0.2282548949992517,9.008210067986232,0.0001,77004.59
8.580064599984325,76880.96,3.5,1.5353106589974137,0.22870064599984324,9.01646136998511,0.0001,76922.15
8.592858999996679,77032.1,3.5,1.5374217349994521,0.22882858999996677,9.028616049996845,0.0001,76922.15
8.604252599994652,77073.39,3.5,1.5393229419990908,0.22917641899965238,9.039631336994677,0.0001,76908.41
8.616575799998827,76867.25,3.5,1.5414178859998005,0.2299774269999237,9.051892920998833,0.0001,76880.96
8.62961129998439,76922.15,3.5,1.5436339209973462,0.23039222599968778,9.065151582483999,0.0001,76867.25
8.641079299995909,76867.25,3.5,1.5455942739992636,0.23067555099971357,9.076917075495764,0.0001,76867.25
8.653648999985307,76867.25,3.5,1.5478568199973552,0.23155542999897152,9.089926714984793,0.0001,76867.25
8.66584159998456,76798.71,3.5,1.5499930719973751,0.2320876239997684,9.102458431984251,0.0001,76826.12
8.67854459999944,76785.0,3.5,1.552152581999905,0.23227816899999162,9.11541549199943,0.0001,76826.12
8.69058120000409,76743.93,3.5,1.554198804000695,0.2329877780002658,9.12753410600411,0.0001,76826.12
8.703154799994081,76826.12,3.5,1.5563363159989938,0.23367886999985202,9.1400917039942,0.0001,76826.12
8.715102899994235,76826.12,3.5,1.5583674929990199,0.23397757249985587,9.15180084199435,0.0001,76826.12
8.72720669998671,76826.12,3.5,1.5603530719978733,0.23424413399973418,9.163338264487573,0.0001,76798.71
8.736384999996517,76798.71,3.5,1.5618215999994427,0.23442769999993032,9.171919974996744,0.0001,76798.71
8.748514000006253,76785.0,3.5,1.5637196700009692,0.2349682700003439,9.183132880005752,0.0001,76826.12
8.76086199999554,76963.35,3.5,1.5656379199992865,0.23563447999982165,9.19450596999583,0.0001,76826.12
8.773263799987035,76949.62,3.5,1.5676222079979254,0.23613055199948138,9.206101652987877,0.0001,76826.12
8.78541939999559,76771.32,3.5,1.5695671039992942,0.2364,9.217629720995744,0.0001,76839.82
8.797785799979465,76785.0,3.5,1.5715457279967144,0.2364,9.229563296980183,0.0001,76839.82
8.809911099990131,76990.84,3.5,1.5735353314983715,0.2368459994995559,9.241313766990427,0.0001,76853.54
8.8212094999908,76839.82,3.5,1.575405614998436,0.23734837999963201,9.252303452490846,0.0001,76880.96
8.833503700006986,76880.96,3.5,1.5774956290011877,0.23784014800027944,9.264536181506951,0.0001,76880.96
8.845803999982309,76880.96,3.5,1.579615699996904,0.23847725999885008,9.276862039982133,0.00012901999991154432,76880.96
8.857962899986887,76771.32,3.5,1.5817435074977055,0.23926758849914773,9.289142528986757,0.0001898144999344394,76880.96
8.870231499982765,76853.54,3.5,1.58383935499707,0.23965578749956912,9.301533814982593,0.0002,76880.96
8.882541600003606,76894.69,3.5,1.5859320720006127,0.24003978800019826,9.313954308003623,0.0002,76880.96
8.890933899994707,76880.96,3.5,1.5873587629991,0.24050136449970883,9.32238856949468,0.0002,76894.69
8.903462099988246,76908.41,3.5,1.5894712464980605,0.24103462099988246,9.334823615988716,0.0002,76908.41
8.915758999995887,76935.88,3.5,1.5915002349993215,0.24115758999995887,9.346628639996052,0.0002,76922.15
8.928695799986599,76935.88,3.5,1.593591327997856,0.24172174799919596,9.359047967987134,0.0002,76935.88
8.941062099998817,76922.15,3.5,1.5955752464998048,0.24242655249997044,9.370930236998852,0.0002,76935.88
8.953334499994526,76935.88,3.5,1.5976001924990966,0.24273336249986313,9.382834464994689,0.0002,76935.88
8.965709199983394,76963.35,3.5,1.59964201799726,0.24309982199941876,9.394837923983891,0.0002,76935.88
8.977899099991191,76949.62,3.5,1.6016533514985465,0.24352646849969167,9.406662126991455,0.0002,76949.62
8.99028569998336,77059.62,3.5,1.603748568997171,0.24437142749875201,9.418728557483776,0.0002,76963.35
9.002667399996426,76977.09,3.5,1.6058534579993924,0.24518002199989278,9.430867399996426,0.0002,76963.35
9.014541299984556,76922.15,3.5,1.6078720209973745,0.2455362389995367,9.442741299984556,0.0002,76977.09
9.026551599992672,77018.35,3.5,1.6099137719987542,0.24589654799978017,9.45491538999249,0.0002,76990.84
9.038556499988772,76990.84,3.5,1.611954604998091,0.24625669499966313,9.46722041248849,0.0002,76990.84
9.050709100003589,77128.48,3.5,1.6140740925006278,0.24688900050019735,9.479730373003695,0.0002,77018.35
9.059870700002648,76908.41,3.5,1.6156773725004632,0.24739288850014562,9.489166821002726,0.0002,76990.84
9.07226489999448,77100.92,3.5,1.6177850329990615,0.2472773510000552,9.501442250994534,0.0002,76990.84
9.084497400006512,77032.1,3.5,1.6198195840010419,0.24755979200052097,9.51339501700622,0.0002,76990.84
9.095687900000485,76990.84,3.5,1.6216100640000777,0.2484550320000388,9.524081944500463,0.0002,76990.84
9.107918199995764,77045.86,3.5,1.6235669119993221,0.2487604090000212,9.535603516996039,0.0002,76990.84
9.12018269998953,76977.09,3.5,1.6255283184983769,0.24871826999895283,9.547067170490418,0.0002,76990.84
9.132542200008174,76990.84,3.5,1.627444041001267,0.24995422000081735,9.55837611300748,0.0002,76990.84
9.145069199992577,76949.62,3.5,1.6293857259988493,0.2507760379998886,9.569736933993356,0.0002,76990.84
9.157217700005276,76990.84,3.5,1.6312687435008177,0.25095826550007916,9.580609841504723,0.0002,76977.09
9.169647999980953,76990.84,3.5,1.6331954399970476,0.2513859199992381,9.591927919982572,0.0002,76977.09
9.181825599982403,76839.82,3.5,1.6351012239970966,0.25191866399885626,9.603152575983108,0.0002,76949.62
9.194094399979804,76935.88,3.5,1.6371255759966674,0.2527161359986872,9.61493062398061,0.0002,76935.88
9.206334399990736,76880.96,3.5,1.6391768479984248,0.253195015999861,9.627092759990504,0.0002,76935.88
9.215597800008254,76880.96,3.5,1.640751626001403,0.2533339670001238,9.636587745008459,0.0002,76908.41
9.227698600006988,77128.48,3.5,1.6429242410012928,0.2536694510002446,9.649375995007512,0.0002,76908.41
9.240074400004232,76908.41,3.5,1.645213764000783,0.2541037200002116,9.662681468004633,0.0002,76908.41
9.252395799994702,76908.41,3.5,1.6474932229990198,0.25471978999973505,9.676173400994198,0.0002,76908.41
9.264513999980409,76963.35,3.5,1.6497350899963756,0.25530312999911836,9.689420259978645,0.0002,76908.41
9.277154599985806,76908.41,3.5,1.652073600997374,0.2558719569993612,9.703198513984528,0.0002,76908.41
9.28927839998505,77032.1,3.5,1.6542237199973837,0.25678866399872924,9.715856751984601,0.0002,76908.41
9.300631399994016,77073.39,3.5,1.6562010239990423,0.2577,9.727493515994375,0.0002,76908.41
9.31272699998226,76894.69,3.5,1.6581363199971615,0.2577,9.738863379983323,0.0002,76908.41
9.325062299991261,76894.69,3.5,1.6600593449986891,0.25807967249934455,9.750180135492265,0.0002,76894.69
9.337253200006673,76867.25,3.5,1.6618879800010011,0.2589939900005005,9.760969082005905,0.0002,76894.69
9.349565299984532,76853.54,3.5,1.66373479499768,0.259343479499768,9.771913116986234,0.0002,76894.69
9.361581899982413,77169.85,3.5,1.6655451944972741,0.2595949139989448,9.782631619484084,0.0002,76894.69
9.373924799991073,76839.82,3.5,1.6674583439986164,0.2603354879994644,9.793801943991921,0.0002,76894.69
9.38278580000042,76812.41,3.5,1.6688457280000673,0.26079750300001464,9.801918652000394,0.0002,76880.96
9.3946900999872,76949.62,3.5,1.6707504159979518,0.26121415349955196,9.813108693987967,0.0002,76867.25
9.40711589998682,76908.41,3.5,1.6727741234978253,0.26168463599947284,9.825073581987084,0.0002,76880.96
9.419596699997783,76880.96,3.5,1.6748334554996342,0.2621838679999113,9.837304765997827,0.0002,76880.96
9.431918099988252,77045.86,3.5,1.6770452579978854,0.26285549549935383,9.85003523348784,0.0002,76880.96
9.443862199987052,76839.82,3.5,1.6792145069976048,0.26345448799948207,9.862590486985951,0.0002,76880.96
9.456460099987453,76839.82,3.5,1.6815451184976786,0.2639584039994981,9.876259208486386,0.0002,76880.96
9.468448700004956,76880.96,3.5,1.6837630095009166,0.26435346100014867,9.8893090830054,0.0002,76867.25
9.480784899991704,77073.39,3.5,1.686037357498548,0.2647274714997096,9.902712371491413,0.0002,76839.82
9.49377539998386,76798.71,3.5,1.6883106949971756,0.2651821389994351,9.916157538983295,0.0002,76839.82
9.50578029997996,76867.25,3.5,1.6903537494966936,0.2654867044996994,9.928206890980562,0.0002,76839.82
9.518057299981592,76798.71,3.5,1.6923794544969628,0.2656708594997239,9.940115580982145,0.0002,76839.82
9.529835199995432,76798.71,3.5,1.6941752799993148,0.26658516799958887,9.950851679995889,0.0002,76839.82
9.539205799985213,76839.82,3.5,1.695580869997782,0.2674285219986691,9.959285219986691,0.0002,76839.82
9.551401899982013,76839.82,3.5,1.697353275497392,0.26755700949991007,9.969691614984711,0.0002,76839.82
9.562746499985224,76880.96,3.5,1.6990119749977837,0.2678471849986701,9.979430652486922,0.0002,76839.82
9.57510159999947,76839.82,3.5,1.7008652399999207,0.2689591439999523,9.990364915999532,0.0002,76812.41
9.587127599981612,76894.69,3.5,1.7027404159970578,0.26947127599981613,10.001328667982898,0.0002,76812.41
9.599607599986484,76743.93,3.5,1.7047372159978376,0.26959607599986485,10.01293506798743,0.0002,76839.82
9.61295819998486,76812.41,3.5,1.7069381029975017,0.27044228299901585,10.025934244985237,0.0002,76839.82
9.62514829999418,76812.41,3.5,1.7090009524989813,0.27120889799965076,10.03799978299412,0.0002,76839.82
9.637336399988273,76785.0,3.5,1.7111338699979477,0.27194018399929637,10.050309763988157,0.0002,76812.41
9.64945539998007,76798.71,3.5,1.7132546949965122,0.27243093899930243,10.062928169979074,0.0002,76812.41
9.660943299997598,77087.16,3.5,1.7152745104995557,0.2728660309998318,10.075014047497417,0.0002,76812.41
9.673038599983556,76839.82,3.5,1.717512140996958,0.27371270199884895,10.088016494982323,0.0002,76839.82
9.685230100003537,76867.25,3.5,1.7197414180006367,0.27427845150005303,10.101096207003783,0.0002,76867.25
9.693719400005648,76785.0,3.5,1.7212694920010165,0.2744057910000847,10.110179758006042,0.0002,76908.41
9.70615889999317,76922.15,3.5,1.7234778074988046,0.27471556149976095,10.123305255992896,0.0002,76908.41
9.718528900004456,76935.88,3.5,1.7256425575007797,0.27514851150015596,10.136170056004634,0.0002,76908.41
9.730840599979274,76908.41,3.5,1.7277429019964765,0.2757420299989637,10.148377990979585,0.0002,76867.25
9.742833199998133,76908.41,3.5,1.7297674779996919,0.27632749399991596,10.1601340379982,0.0002,76867.25
9.75610699999379,76908.41,3.5,1.7319576549989752,0.27692481499972055,10.172943254994008,0.0002,76853.54
9.768440899992129,76853.54,3.5,1.7339505439987406,0.27785968099929154,10.184676650492563,0.0002,76853.54
9.780608300003223,76757.62,3.5,1.7358942865004994,0.27889391699996774,10.196159636002966,0.0002,76812.41
9.792001399997389,76702.89,3.5,1.7376602169995952,0.2787799860000261,10.206641287997597,0.0002,76798.71
9.804539000004297,76771.32,3.5,1.7396262400006874,0.2790631200003437,10.218221270003996,0.0002,76785.0
9.816466299991589,76812.41,3.5,1.7415346079986542,0.2800173039993271,10.229313658992178,0.0002,76785.0
9.828624099987792,76798.71,3.5,1.7434798559980467,0.28064496399951167,10.240836015488341,0.0002,76785.0
9.840892999985952,76757.62,3.5,1.745451809997612,0.2811267899995786,10.252584069986092,0.0002,76785.0
9.853063099988505,76771.32,3.5,1.747520726998046,0.28149189299965516,10.26463246898862,0.0002,76785.0
9.861608100007288,76785.0,3.5,1.748973377001239,0.2818286480005831,10.273116140507325,0.0002,76785.0
9.87398909998592,76812.41,3.5,1.7510781469976062,0.28281912799887354,10.285559045485849,0.0002,76785.0
9.886321400001181,76839.82,3.5,1.7532062450002066,0.2833632140000118,10.298016221001198,0.0002,76785.0
9.898805500008164,76977.09,3.5,1.7553909625014288,0.2834880550000816,10.310687582508287,0.0002,76785.0
9.911229899997124,76785.0,3.5,1.757509082999511,0.28439839199976996,10.323242198997095,0.0002,76785.0
9.9230891999905,76757.62,3.5,1.7595097179984325,0.2851772299997625,10.335142861990644,0.0002,76785.0
9.935366599995177,76771.32,3.5,1.7615354889992043,0.28548416499987944,10.34723610099525,0.0002,76785.0
9.947904700005893,76743.93,3.5,1.7636042755009722,0.28587666450020627,10.359348988505628,0.0002,76785.0
9.95999450000818,76853.54,3.5,1.7655990925013498,0.2862998075002863,10.370894747507812,0.0002,76785.0
9.972498599992832,76702.89,3.5,1.767599775998853,0.28704991599956986,10.382836162993154,0.0002,76785.0
9.984643999981927,76839.82,3.5,1.7695662599970179,0.2875928799996385,10.39448145998256,0.0002,76771.32
9.997058099979768,76757.62,3.5,1.7716145864966617,0.28784116199959536,10.406461066480476,0.0002,76798.71
10.009186999988742,76798.71,3.5,1.7736158549981424,0.2887268299989868,10.418257324989025,0.0002,76839.82
10.01822979998542,76880.96,3.5,1.7751079169975945,0.2895406819986878,10.427074054985786,0.0002,76853.54
10.029712499992456,77032.1,3.5,1.7770511249987175,0.28989424999984914,10.438463937492495,0.0002,76839.82
10.0428680999903,76771.32,3.5,1.779287576998351,0.290300766999321,10.451596780990203,0.0002,76853.54
10.055148799991002,76867.25,3.5,1.7813752959984703,0.2911604159993701,10.464000287990912,0.0002,76853.54
10.067330699996093,76880.96,3.5,1.7834828724993164,0.2916832674999023,10.476377313996014,0.0002,76853.54
10.079711300000781,76880.96,3.5,1.7856494775001368,0.29199278250001953,10.489005526000797,0.0002,76853.54
10.092117899999721,76443.67,3.49,1.7877600429999525,0.292302947499993,10.501357310499722,0.0002,76853.54
10.103628899989417,76853.54,3.5,1.7896987684982537,0.29288103449888875,10.512720032989735,0.0002,76798.71
10.11562709999271,76798.71,3.5,1.7916784714987968,0.29414084549923436,10.524358286992928,0.0002,76798.71
10.128739299980225,76743.93,3.5,1.793798287996836,0.2948621789994067,10.536858638481313,0.0002,76798.71
10.140815199993085,76798.71,3.5,1.7957263559989283,0.2952529879995505,10.548254059993603,0.0002,76798.71
10.153058199997758,76867.25,3.5,1.7976240209996526,0.29604878299985427,10.559578834997927,0.0002,76798.71
10.16476319998037,76798.71,3.5,1.7994621119968592,0.29661907999950926,10.570453591981646,0.0002,76798.71
10.173114599980181,76785.0,3.5,1.800798335996829,0.29682786499950453,10.57826215098147,0.0002,76798.71
10.186254400003236,76853.54,3.5,1.8029319760005338,0.2973127200001618,10.590766768003139,0.0002,76798.71
10.198390799982008,76812.41,3.5,1.804934481997031,0.2979195399991003,10.602539075982547,0.0002,76798.71
10.21078339999076,76757.62,3.5,1.807033177998429,0.2990244229991221,10.614829482990805,0.0002,76798.71
10.222118300007425,76908.41,3.5,1.8089707025012993,0.2999317745001114,10.626171257507611,0.0002,76785.0
10.234399499982828,76757.62,3.5,1.811119912496995,0.3001159924997424,10.6387594874824,0.0002,76785.0
10.24672689998988,76867.25,3.5,1.8133108419981785,0.30060361399939284,10.651563244989376,0.0002,76785.0
10.25899699999718,76785.0,3.5,1.8155194599994926,0.30133981999983084,10.66444684999704,0.0002,76785.0
10.271196099987721,76648.21,3.5,1.817659317497851,0.3023516684989562,10.677143943987229,0.0002,76757.62
10.28359300000011,76757.62,3.5,1.8198108100000185,0.3031538950000016,10.689928930000109,0.0002,76757.62
10.2956520000007,76689.21,3.5,1.8218608400001188,0.3033347800000105,10.702108520000706,0.0002,76757.62
10.308002100005979,76812.41,3.5,1.8239203465009863,0.30396014700041846,10.71422202650577,0.0002,76785.0
10.320214399980614,76812.41,3.5,1.8259343039968983,0.3048042879996123,10.725998319982068,0.0002,76785.0
10.332385699992301,76675.55,3.5,1.8278817119987683,0.30504771399984604,10.737256772492879,0.0002,76812.41
10.341733599983854,76702.89,3.5,1.829360039997578,0.30536469199846616,10.74586890798539,0.0002,76812.41
10.353413699980592,76853.54,3.5,1.831112054997089,0.3064743014981563,10.756439398482437,0.0002,76826.12
10.365536199999042,76826.12,3.5,1.8329581109998516,0.3071,10.767437941999129,0.0002,76826.12
10.377762099989923,76894.69,3.5,1.834853125498438,0.3071,10.778563510990828,0.0002,76826.12
10.39022030000342,76853.54,3.5,1.8368352480005472,0.3080709285003249,10.790155980503197,0.0002,76853.54
10.402577400003793,76908.41,3.5,1.8388252710006259,0.30909020900013273,10.801774304003642,0.0002,76853.54
10.414796099998057,76880.96,3.5,1.8408413564996793,0.309517863499932,10.813504255998135,0.0002,76853.54
10.426750399987212,76716.57,3.5,1.84281381599789,0.3101725279991048,10.825216647987276,0.0002,76826.12
10.439372099994216,76826.12,3.5,1.8448963964990457,0.31105604699959516,10.837775239494245,0.0002,76826.12
10.451584299997192,76922.15,3.5,1.8470851739994945,0.3119109009998034,10.850505593497065,0.0002,76812.41
10.464131699991412,76757.62,3.5,1.8493643644984112,0.31262395099974233,10.863824211490595,0.0002,76812.41
10.476380899985088,76743.93,3.5,1.8516304664972412,0.3129914269995526,10.87723708548367,0.0002,76812.41
10.48848440000438,76785.0,3.5,1.853912036000832,0.3137787520003503,10.890660106004882,0.0002,76812.41
10.49744149998878,76812.41,3.5,1.8556138849978683,0.31449531999910235,10.900647272487488,0.0002,76826.12
10.509703699994132,76798.71,3.5,1.8578951844989144,0.31499111099982396,10.913931477493692,0.0002,76839.82
10.522102199989604,76880.96,3.5,1.8601468629982847,0.31536306599968816,10.927049644989864,0.0002,76839.82
10.534391699999105,76894.69,3.5,1.8621746304998523,0.31573175099997314,10.939031907499126,0.0002,76853.54
10.545578299992485,76839.82,3.5,1.8639088534989101,0.316429938499286,10.949353120993461,0.0002,76853.54
10.557878399995388,76853.54,3.5,1.8656923679993314,0.3175984479995619,10.960054207995988,0.0002,76867.25
10.571144399989862,76880.96,3.5,1.86761593799853,0.3180786099997466,10.971372739991383,0.0002,76867.25
10.583544199995233,76853.54,3.5,1.8694316299992848,0.3186012569995948,10.981983453995852,0.0002,76867.25
10.59561429999303,76908.41,3.5,1.8712421449989545,0.31962721549940765,10.992484440993938,0.0002,76853.54
10.607925799995428,76867.25,3.5,1.8731284989992913,0.3201585159999086,11.003512477995839,0.0002,76853.54
10.619956099981207,76880.96,3.5,1.874993195497087,0.32039912199962417,11.014460050982898,0.0002,76867.25
10.63213509999332,76730.26,3.5,1.8769416159989312,0.32161350999933197,11.026210371493553,0.0002,76880.96
10.644112699985273,76798.71,3.5,1.8789197224974228,0.32254394449948454,11.03797439048505,0.0002,76880.96
10.652629099990008,76798.71,3.5,1.8804100924982514,0.3228420184996503,11.046618536489857,0.0002,76880.96
10.664352099993266,76990.84,3.5,1.8824833779987877,0.3232740839997306,11.058691465492895,0.0002,76867.25
10.676651599991601,76908.41,3.5,1.8846972879984882,0.32376606399966407,11.07166743799114,0.0002,76839.82
10.689036800002212,76880.96,3.5,1.8869266240003981,0.32457776000016586,11.084869376002366,0.0002,76798.71
10.701354599994374,76894.69,3.5,1.8891506009989592,0.32545418399977494,11.09804942199398,0.0002,76839.82
10.713507799984654,76798.71,3.5,1.891398942997161,0.32594031199938617,11.11105334598358,0.0002,76839.82
10.725785199989332,76771.32,3.5,1.893612409998133,0.3266049639992532,11.123987681988957,0.0002,76839.82
10.738015699986136,76839.82,3.5,1.8957527474975735,0.3274610989990295,11.13664624948565,0.0002,76812.41
10.750328099995384,76757.62,3.5,1.8978041364992384,0.3281164049997692,11.148666616495545,0.0002,76812.41
10.763682399992833,76839.82,3.5,1.899970771998889,0.32876570799967747,11.161369395993441,0.0002,76812.41
10.774854499992216,76730.26,3.5,1.9017024474987934,0.3292684524996497,11.171591867492877,0.0002,76812.41
10.787819399993168,76812.41,3.5,1.903672909998975,0.32996916399959003,11.18333745999385,0.0002,76812.41
10.79993939999258,76785.0,3.5,1.9054909099988868,0.3306963639995547,11.19424545999332,0.0002,76812.41
10.811899499996798,76812.41,3.5,1.9073444224995038,0.330878492499952,11.205128544997086,0.0002,76812.41
10.820071299996924,76853.54,3.5,1.9086114079995078,0.3310060604997385,11.212566665497123,0.0002,76812.41
10.832235499983652,76922.15,3.5,1.9105576799973842,0.3320400174986104,11.223940192484713,0.0002,76812.41
10.844507800007705,76839.82,3.5,1.9125212480012328,0.33283523400023113,11.235504949007357,0.0002,76826.12
10.856962699996075,76757.62,3.5,1.914514031999372,0.3332088809998822,11.247399378496251,0.0002,76826.12
10.869275899982313,76935.88,3.5,1.9165769029969932,0.3339029334988503,11.2595295204824,0.0002,76839.82
10.8814991999825,76798.71,3.5,1.9186623599969375,0.3346674639992125,11.271751671981887,0.0002,76853.54
10.893999399995664,76826.12,3.5,1.9208498949992412,0.3352299729998049,11.284689378995512,0.0002,76839.82
10.906154900003456,76867.25,3.5,1.923007882000622,0.33596161750025916,11.297331870503612,0.0002,76826.12
10.918884899991099,76785.0,3.5,1.9252992819983978,0.33691636749933246,11.310634720490699,0.0002,76826.12
10.931131799996365,76880.96,3.5,1.9275037239993458,0.3378348849997274,11.323432730996203,0.0002,76867.25
10.943590499984566,76949.62,3.5,1.9297103849973762,0.3386256674994598,11.336362309984258,0.0002,76867.25
10.955856299988229,76812.41,3.5,1.9317955709979988,0.339054970499588,11.348873425987993,0.0002,76867.25
10.967630099999953,76826.12,3.5,1.9337589664999921,0.3396196554999974,11.360501196999953,0.0002,76867.25
10.976831199979642,76894.69,3.5,1.9352771479966409,0.3401257159988803,11.369426263980253,0.0002,76867.25
10.989160299999641,76977.09,3.5,1.9372656479999426,0.34130763299996053,11.38120228499966,0.0002,76867.25
11.000388899992684,76867.25,3.5,1.9390641684987928,0.3424980555000366,11.391865565993124,0.0002,76867.25
11.012972399999853,76880.96,3.5,1.9411404459999757,0.34243513800000075,11.403694055999862,0.0002,76853.54
11.025196799979312,76867.25,3.5,1.9431574719965865,0.34281574399834497,11.415392863979726,0.0002,76867.25
11.037156300008064,76853.54,3.5,1.9451307895013303,0.3437725040006451,11.427113174007902,0.0002,76867.25
11.049488999997264,76798.71,3.5,1.9471182399995621,0.3440948899999726,11.438961994997387,0.0002,76867.25
11.061635899997782,76853.54,3.5,1.9490617439996452,0.34437176949976706,11.450529566497925,0.0002,76867.25
11.073909500002628,76743.93,3.5,1.9510255200004205,0.34566049750027594,11.462005382502458,0.0002,76853.54
11.08631690000766,76867.25,3.5,1.9530422885012637,0.3466790140004596,11.473827393007431,0.0002,76853.54
11.098532999982126,76880.96,3.5,1.9550579449970509,0.34741197999892753,11.485677009982663,0.0002,76853.54
11.110827900003642,76853.54,3.5,1.9571407430006191,0.34787897650012745,11.49798203950366,0.0002,76853.54
11.123215600004187,76867.25,3.5,1.9592466520007117,0.3483125460001465,11.510447756004227,0.0002,76853.54
11.135328599979402,76839.82,3.5,1.9613058619964983,0.34873650099927905,11.522681885979196,0.0002,76867.25
11.14366119998158,76771.32,3.5,1.9627224039968685,0.34917458999861845,11.531006281981856,0.0002,76867.25
11.1568430000043,76867.25,3.5,1.964963310000731,0.35016322500032254,11.543990355004237,0.0002,76853.54
11.169225299992833,76771.32,3.5,1.9669760479988534,0.35099964449953414,11.555817908493228,0.0002,76853.54
11.181542599981185,76894.69,3.5,1.9689468159969896,0.3518156949985889,11.56745775698222,0.0002,76839.82
11.19279549998464,76867.25,3.5,1.9707472799975423,0.352659662498848,11.578091747485484,0.0002,76839.82
11.205175199982476,76826.12,3.5,1.9727539079971084,0.35338113199938664,11.589894067983087,0.0002,76826.12
11.217820799996844,76771.32,3.5,1.9748404319994792,0.3538237279998895,11.602097071996953,0.0002,76867.25
11.23035689999233,76963.35,3.5,1.9769088884987345,0.35472855199938635,11.614349761992482,0.0002,76867.25
11.2419235999987,76785.0,3.5,1.9788270119997788,0.35556732599995444,11.625713981998706,0.0002,76880.96
11.25451179998345,76894.69,3.5,1.9809670059971864,0.35600791299942075,11.638239240983532,0.0002,76880.96
11.26671929997974,76812.41,3.5,1.9830758774964545,0.35667035099858185,11.650587282479234,0.0002,76894.69
11.27882999999565,76922.15,3.5,1.9851952499992387,0.35751809999969547,11.66300074999554,0.0002,76894.69
11.29107429998112,76880.96,3.5,1.987338002496696,0.3582090864989616,11.67566190048046,0.0002,76894.69
11.299661099998048,77032.1,3.5,1.988840692499658,0.3586813604998926,11.68454923849798,0.0002,76894.69
11.311514700006228,76908.41,3.5,1.9909150725010898,0.3594484555004048,11.69658742050632,0.0002,76894.69
11.32373629999347,76908.41,3.5,1.9930164894989226,0.36020549649964084,11.7088615739936,0.0002,76894.69
11.33635030000005,76867.25,3.5,1.995097799500008,0.3608992665000027,11.721223294000048,0.0002,76894.69
11.348612100002356,76894.69,3.5,1.997077936000377,0.3615736655001296,11.732981495002239,0.0002,76880.96
11.360729799984256,76675.55,3.5,1.9990131189975597,0.36224743699897666,11.744460468985752,0.0002,76894.69
11.373904699983541,76908.41,3.5,2.0010552284974485,0.3631038054989301,11.756383753485105,0.0002,76894.69
11.38630959999864,76771.32,3.5,2.002977987999789,0.3641309599998639,11.767578639998776,0.0002,76894.69
11.398644500004592,76757.62,3.5,2.004889897500712,0.3653644500004591,11.778680050004132,0.0002,76867.25
11.410694799997144,76867.25,3.5,2.0067576939995573,0.36533957800004285,11.789846163997343,0.0002,76894.69
11.422865000000456,77018.35,3.5,2.0086727250000753,0.3654578500000411,11.801264725000442,0.0002,76908.41
11.434934599994449,76908.41,3.5,2.010664208999084,0.36654411399950043,11.812911888994643,0.0002,76908.41
11.446971099998336,76908.41,3.5,2.0127199424997086,0.36703485549999165,11.824910521998303,0.0002,76908.41
11.455910399992716,76853.54,3.5,2.0142843199987253,0.36707955199996356,11.83402860799257,0.0002,76908.41
11.468294499994954,76977.09,3.5,2.016493009999092,0.36714147249997475,11.8470751149946,0.0002,76949.62
11.480507800006308,76949.62,3.5,2.0186939430011672,0.3672126950001577,11.860158580006939,0.0002,76949.62
11.49281830000109,77114.71,3.5,2.020971385500202,0.36752045750002726,11.8737001300012,0.0002,76935.88
11.505193399993004,76853.54,3.5,2.023286745998671,0.3679077359997202,11.887260805992375,0.0002,76935.88
11.517475200002082,76949.62,3.5,2.0256202880003955,0.3683990080000833,11.90064796800227,0.0002,76935.88
11.528580799989868,76949.62,3.5,2.0275587359982774,0.36931517599903746,11.912152415989665,0.0002,76935.88
11.540829100005794,76867.25,3.5,2.0296326560009272,0.3704373095002607,11.924571063005388,0.0002,76935.88
11.553080399986356,76935.88,3.5,2.031592863997817,0.37098861799938604,11.93596477198731,0.0002,76935.88
11.565567799989369,76922.15,3.5,2.0335351699984052,0.37152271199957476,11.947299663990643,0.0002,76922.15
11.5779293999949,76880.96,3.5,2.035389409999235,0.372017175999796,11.958177871995513,0.0002,76935.88
11.590102699992713,76853.54,3.5,2.0372154049989066,0.3730092429993441,11.968839862493624,0.0002,76935.88
11.602330900001107,76935.88,3.5,2.039049635000166,0.3739233090000111,11.97958615550099,0.0002,76935.88
11.614410399983173,76963.35,3.5,2.040861559997476,0.37404410399983173,11.990397307984939,0.0002,76935.88
11.623687899991637,76880.96,3.5,2.042271624498704,0.37452410849903817,11.998811307492263,0.0002,76935.88
11.63610589999007,77018.35,3.5,2.044196414498461,0.37595217849885804,12.010297957490815,0.0002,76949.62
11.648580599983688,77032.1,3.5,2.0462157989973084,0.3765287089997553,12.022180278984258,0.0002,76963.35
11.6608336000063,77211.25,3.5,2.0482458800011023,0.37679169600069307,12.034046104006396,0.0002,76963.35
11.673220399999993,76839.82,3.5,2.0504135699999986,0.37815424399999925,12.046618705999993,0.0002,76963.35
11.685313199996017,76963.35,3.5,2.0525563759992833,0.37905939599988053,12.059131991995777,0.0002,76963.35
11.696673099999316,76949.62,3.5,2.054601157999877,0.37940019299997946,12.071173485999275,0.0002,76963.35
11.709067699994192,77004.59,3.5,2.0568775244989252,0.3801347389995934,12.084719808493581,0.0002,76963.35
11.721231999981683,76963.35,3.5,2.0591340799965194,0.38098007999880934,12.09815519997985,0.0002,76963.35
11.73430240000016,76908.41,3.5,2.06161745600003,0.3818296560000104,12.112532640000177,0.0002,76963.35
11.745680099993479,76963.35,3.5,2.0636940174988587,0.3823136019998696,12.124764104993153,0.0002,76963.35
11.758297599997604,77018.35,3.5,2.0659020799995806,0.3825659519999521,12.138012479997483,0.0002,76963.35
11.77035869998508,76935.88,3.5,2.0678573919976126,0.3834286959988063,12.149537177985973,0.0002,77004.59
11.778828199981945,76949.62,3.5,2.0692125119971108,0.38410625599855547,12.157498507983027,0.0002,76977.09
11.790985100000398,77142.28,3.5,2.0710477650000594,0.3850238825000298,12.168157037000345,0.0002,77018.35
11.803415300004417,77114.71,3.5,2.0729122950006627,0.38583661200017666,12.179005464003886,0.0002,77018.35
11.815837200003445,77087.16,3.5,2.0747755800005168,0.3863334880001378,12.189936736003032,0.0002,77032.1
11.827538599987749,77018.35,3.5,2.076568482998101,0.3871784739988974,12.200460125988851,0.0002,77032.1
11.839757599984296,76977.09,3.5,2.078462427997566,0.3882781839985866,12.211579415985709,0.0002,77059.62
11.852187299984509,77032.1,3.5,2.0804499679975215,0.3886656189995353,12.223195125485516,0.0002,77059.62
11.864356100006262,77087.16,3.5,2.0824187565010335,0.3893138295005949,12.234747197506104,0.0002,77059.62
11.87677750000148,77059.62,3.5,2.0844682875002443,0.3904938625001406,12.246858062501444,0.0002,77059.62
11.889323899988085,77032.1,3.5,2.0866316824979148,0.39107971699964256,12.259556997487786,0.0002,77059.62
11.901575700001558,77059.62,3.5,2.0887757475002724,0.3915260560001247,12.272162363501645,0.0002,77059.62
11.913486200006446,77045.86,3.5,2.090860085001128,0.39247889600051566,12.284727941006802,0.0002,77073.39
11.925734899996314,77073.39,3.5,2.0930609564993183,0.3934301174997236,12.297736342996057,0.0002,77073.39
11.937908799998697,77087.16,3.5,2.0953131279997588,0.3943431599999023,12.310762415998607,0.0002,77059.62
11.946617499983404,77073.39,3.5,2.0968911499970124,0.39499631249875533,12.319981462482492,0.0002,77059.62
11.959642899979372,77073.39,3.5,2.0992357219962865,0.3959732174984528,12.333723259478235,0.0002,77059.62
11.971039600000948,77142.28,3.5,2.101176732000161,0.3967727720000663,12.345360392000966,0.0002,77045.86
11.98331209999742,77032.1,3.5,2.103263056999561,0.39753248399989677,12.357745857997472,0.00021656049998709754,77045.86
11.995777500007534,77045.86,3.5,2.105382175001281,0.39803110000030134,12.369961950007383,0.00027888750003767155,77032.1
12.008734899980482,76990.84,3.5,2.107497583996877,0.39889879199843853,12.382398154981459,0.0003,76990.84
12.02115670000785,76935.88,3.5,2.109479288501217,0.3998983195006673,12.394146813507104,0.0003,76935.88
12.033462499995949,76757.62,3.5,2.111386687499372,0.4009443124996556,12.405283562496333,0.0003,76880.96
12.045742899994366,76880.96,3.5,2.113261434999155,0.4015861434999155,12.416339895494955,0.0003,76826.12
12.05777779998607,76757.62,3.5,2.1150666699979106,0.401766666999791,12.427111130987532,0.0003,76826.12
12.069141699990725,76771.32,3.5,2.1168169634985623,0.40266846149911883,12.437510363991466,0.0003,76798.71
12.081577000004472,76702.89,3.5,2.118760205000738,0.40375519500015655,12.449013920004292,0.0003,76771.32
12.093674600007944,76826.12,3.5,2.120756309001311,0.404178611000278,12.460627616007626,0.0003,76757.62
12.102408599981572,76798.71,3.5,2.122209461996867,0.4046529029980651,12.46912064298148,0.0003,76757.62
12.11440419999417,76894.69,3.5,2.1242487139990085,0.40591244099938767,12.48117622099414,0.0003,76702.89
12.126602400006961,76648.21,3.5,2.126355420001218,0.4067640960002784,12.49360047200717,0.0003,76648.21
12.13878839998506,76484.52,3.49,2.1284879699973853,0.4072515359994024,12.506152051984612,0.0003,76593.59
12.151239800004989,76593.59,3.49,2.130666965000873,0.40814298500037416,12.518920795005114,0.0003,76539.03
12.164467900001908,76470.89,3.49,2.1329595430003243,0.4092021110001717,12.532323221001889,0.0003,76484.52
12.176780899986625,76402.84,3.49,2.1350527529977263,0.41031028099879624,12.54451309098676,0.0003,76470.89
12.189025100000435,76539.03,3.49,2.137089141500072,0.41091587850001526,12.556544598000427,0.0003,76457.28
12.201517999987118,76334.88,3.49,2.1391504699978743,0.4114442099987761,12.568795229987309,0.0003,76457.28
12.212539700005436,76294.14,3.49,2.140969050500897,0.4124912715005164,12.579651604505354,0.0003,76457.28
12.224897699983556,76402.84,3.49,2.143057097497122,0.41349386199901333,12.591897699983555,0.0003,76457.28
12.237112600007094,76457.28,3.49,2.1451947050012414,0.41422675600042563,12.604112600007094,0.0003,76430.06
12.249569199979303,76457.28,3.49,2.1473267639964817,0.41506984399855124,12.616664891979097,0.0003,76457.28
12.258228299993789,76566.29,3.49,2.1487988109989438,0.4156759809995652,12.625410582993727,0.0003,76457.28
12.271005499991588,76730.26,3.5,2.1509709349985697,0.416735467499285,12.638315554991504,0.0003,76457.28
12.283162599982461,76430.06,3.49,2.153037641997018,0.4175790649995615,12.650530973982635,0.0003,76470.89
12.294505700003356,76430.06,3.49,2.1549659690005702,0.41786264250008387,12.661760643003321,0.0003,76511.77
12.306811299989933,76511.77,3.49,2.157023864498339,0.4188173559987919,12.673875073990134,0.0003,76511.77
12.31936429999769,76470.89,3.49,2.1590951094996185,0.4203237159997227,12.686177013997735,0.0003,76539.03
12.33154859999195,76607.25,3.49,2.1611055189986716,0.42074645799975846,12.698059884992151,0.0003,76539.03
12.344620199990459,76634.57,3.5,2.1632623329984257,0.42134651499928444,12.710758492990793,0.0003,76539.03
12.356149500003085,76552.67,3.49,2.165164667500509,0.42221121250023136,12.721884267502977,0.0003,76539.03
12.369120199989993,76470.89,3.49,2.1672592319983988,0.4234120199989993,12.734218588990544,0.0003,76539.03
12.381294399994658,76539.03,3.49,2.1692071039991454,0.42451294399994655,12.745703791995032,0.0003,76552.67
12.393307999998797,76648.21,3.5,2.1711292799998074,0.42463307999998795,12.75687643999888,0.0003,76566.29
12.404982100008056,76634.57,3.5,2.1729722255012485,0.4252480310008861,12.76768353200741,0.0003,76552.67
12.417075599980308,76484.52,3.49,2.1748467179969477,0.42657831599783386,12.778809551981883,0.0003,76552.67
12.425669199990809,76525.39,3.49,2.1762070719985296,0.4270700759997243,12.786744009991498,0.0003,76566.29
12.438804499979597,76566.29,3.49,2.1783087199967355,0.4274641349993879,12.798894162481128,0.0003,76566.29
12.451231199986069,76620.9,3.49,2.1802969919977713,0.4282861839990248,12.810781951986627,0.0003,76566.29
12.462513999984367,76470.89,3.49,2.1821273799973424,0.42908854999882745,12.821726569984287,0.0003,76539.03
12.474909999989904,76593.59,3.49,2.184234699998284,0.4300182499992428,12.834184549989853,0.0003,76525.39
12.487273899983848,76566.29,3.49,2.1864093019970925,0.4307273254992731,12.846901225483121,0.0003,76525.39
12.499456399993504,76539.03,3.49,2.1886021519988303,0.4312755379997077,12.859631937993212,0.0003,76511.77
12.51167819998227,76498.14,3.49,2.19086046699672,0.4324678199982271,12.872870846980764,0.0003,76511.77
12.524183999979869,76375.64,3.49,2.1931531199963765,0.43350919999899346,12.886418719978257,0.0003,76511.77
12.536235799983842,76498.14,3.49,2.1953224439970915,0.4341117899991921,12.899434663982548,0.0003,76525.39
12.548612499987941,76511.77,3.49,2.1975071874978895,0.43524737499867344,12.912284749987698,0.0003,76525.39
12.560691299993776,76443.67,3.49,2.199610607999004,0.4365483909995643,12.924549821994148,0.0003,76511.77
12.572962399979588,76539.03,3.49,2.201573983996734,0.4374073679985711,12.936084655980812,0.0003,76511.77
12.581735899992054,76525.39,3.49,2.2029603849988084,0.43797811549964244,12.944236271492969,0.0003,76511.77
12.594535099982748,76579.96,3.49,2.204880264997412,0.4385540794992237,12.955563563484732,0.0003,76525.39
12.607156899990514,76579.96,3.49,2.206773534998577,0.4395872589989565,12.966769640991558,0.0003,76525.39
12.618339899985584,76430.06,3.49,2.208450984997837,0.4408173889984141,12.976722510987168,0.0003,76539.03
12.630412700003944,76566.29,3.49,2.2103139685006115,0.4407917459999211,12.987675557003588,0.0003,76539.03
12.642563600005815,76498.14,3.49,2.2122101760009305,0.44093326800075583,12.998771330005377,0.0003,76552.67
12.654951999982586,76525.39,3.49,2.2141923199972138,0.44254375999773615,13.010230599983892,0.0003,76566.29
12.668399899994256,76620.9,3.49,2.2163859834990522,0.4436199949997128,13.02304790299443,0.0003,76566.29
12.680570500000613,76552.67,3.49,2.2183998375001073,0.4442484925000521,13.034890467500635,0.0003,76566.29
12.692821100004949,76498.14,3.49,2.220543692500866,0.4452897935004206,13.04756983850512,0.0003,76566.29
12.705202499986626,76593.59,3.49,2.2227624624975255,0.4463942374987294,13.060696737485355,0.0003,76566.29
12.716185800003586,76661.87,3.5,2.2247943730006634,0.4474376510003406,13.072723451003926,0.0003,76593.59
12.729058600001736,76702.89,3.5,2.2272664270003384,0.44807175800005206,13.08713621800196,0.0003,76620.9
12.741000199981501,76566.29,3.49,2.229585036996578,0.4484900179983351,13.10060522097956,0.0003,76661.87
12.750371400004953,76402.84,3.49,2.231318709000916,0.4493334260004458,13.110960397005474,0.0003,76661.87
12.762538099981612,76785.0,3.5,2.2335314769968737,0.4503522859988967,13.12415079048152,0.0003,76661.87
12.774818699981552,76675.55,3.5,2.2356191789968634,0.45108912199889306,13.136492793481459,0.0003,76675.55
12.787228500004856,76661.87,3.5,2.2376204175007524,0.4518337100002913,13.14820565000437,0.0003,76675.55
12.79938260000199,76675.55,3.5,2.239504303000308,0.4525629560001194,13.159144340001792,0.0003,76675.55
12.811720600002444,76634.57,3.5,2.2412994870003544,0.4534790450001832,13.169838319002114,0.0003,76675.55
12.824056199984625,76702.89,3.5,2.2431084299976938,0.45422168599953877,13.180488331986776,0.0003,76675.55
12.835111299995333,76689.21,3.5,2.2447666949992997,0.45455333899986,13.189995717995986,0.0003,76675.55
12.847316500003217,76689.21,3.5,2.2465974750004825,0.4555048150003539,13.20074826750288,0.0003,76689.21
12.859694899991155,76730.26,3.5,2.248454234998673,0.45686643899902707,13.211826935492084,0.0003,76689.21
12.871782800008077,76634.57,3.5,2.2503852480012925,0.45713565600016154,13.223234746007632,0.0003,76689.21
12.884015999996336,76648.21,3.5,2.252382719999377,0.4577216799996152,13.23495575999639,0.0003,76702.89
12.896304900001269,76716.57,3.5,2.2544718330002156,0.4590120145001332,13.24706032650125,0.0003,76716.57
12.90471509998315,76689.21,3.5,2.2559015669971356,0.4596121794992417,13.255485826482898,0.0003,76730.26
12.917072599986568,76730.26,3.5,2.2580023419977167,0.46016826699939556,13.268028688986368,0.0003,76730.26
12.92963639998925,76990.84,3.5,2.260234551998065,0.46107091199913997,13.281214583988605,0.0003,76785.0
12.941709299979264,76880.96,3.5,2.262416220496164,0.4620111044986522,13.294046043977605,0.0003,76785.0
12.954180900007486,76785.0,3.5,2.264723466501385,0.46282175850048657,13.307515372008085,0.0003,76785.0
12.966310499992689,76826.12,3.5,2.266935889998684,0.463483972499671,13.320457577492286,0.0003,76826.12
12.979295600001933,76826.12,3.5,2.269273208000348,0.464068302000087,13.334156858002038,0.0003,76826.12
12.991735899995547,76826.12,3.5,2.2713364234992652,0.46509755149962145,13.346518540995591,0.0003,76826.12
13.004002100002252,76607.25,3.49,2.2733603465003713,0.4661401785001914,13.358501995002138,0.0003,76826.12
13.016243099991696,76702.89,3.5,2.2753801114986296,0.4671806634992942,13.37013094499211,0.0003,76826.12
13.028514699981317,76853.54,3.5,2.277319778497104,0.46792573499906587,13.381490950482904,0.0003,76826.12
13.040348599985009,76894.69,3.5,2.2791522899977514,0.4685261449988756,13.392311996986582,0.0003,76826.12
13.052663999988,76908.41,3.5,2.2809995999982,0.4694497999991,13.40333427998926,0.0003,76853.54
13.064492200006498,76812.41,3.5,2.282796291001007,0.47026953200038984,13.41396544100588,0.0003,76894.69
13.07399410000653,76798.71,3.5,2.284269085501012,0.4708396460003918,13.42256466050591,0.0003,76908.41
13.086197800002992,77045.86,3.5,2.2861916480004787,0.47178879100028426,13.433856921002828,0.0003,76922.15
13.098352200002408,77059.62,3.5,2.2881363520003855,0.47294345900022877,13.445342829002275,0.0003,76963.35
13.110635399993045,76922.15,3.5,2.290208017998818,0.4736317699996523,13.457429045993115,0.0003,77045.86
13.121955699985849,77073.39,3.5,2.292142247497523,0.47432490549837253,13.468704592485494,0.0003,77045.86
13.1343615000078,76963.35,3.5,2.294313262501365,0.475751572500897,13.481420537507995,0.0003,77045.86
13.146571599994786,77045.86,3.5,2.2964500299990878,0.4766628639997914,13.494034463994577,0.0003,77059.62
13.158771599992178,77059.62,3.5,2.2985850299986312,0.47715086399968715,13.506722463991865,0.0003,77059.62
13.172049799992237,77073.39,3.5,2.3009087149986414,0.47828448199930135,13.520531791991926,0.0003,77073.39
13.18402819999028,76963.35,3.5,2.303004934998299,0.4792416919994168,13.532908763990086,0.0003,77073.39
13.196218600001885,77252.67,3.5,2.3051382550003297,0.47997311600011305,13.545342972001922,0.0003,77156.06
13.207910299999641,77156.06,3.5,2.3071447509999388,0.48083282399997124,13.55714985149964,0.0003,77156.06
13.220129699999232,77156.06,3.5,2.3092207519998773,0.4818058364999654,13.56942321499927,0.0003,77211.25
13.22852309999871,77211.25,3.5,2.3105636959997935,0.48218353949994197,13.577396944998775,0.0003,77252.67
13.241606299998239,77668.63,3.51,2.312657007999718,0.4828525984998327,13.589785827498371,0.0003,77294.11
13.254130499990424,77349.44,3.5,2.314660879998468,0.4840423974990903,13.601370712491143,0.0003,77321.77
13.26639449998038,77294.11,3.5,2.316591147496959,0.4850476149986266,13.612714912481852,0.0003,77349.44
13.278722999995809,77404.82,3.51,2.3185020649993504,0.48591060999970653,13.624118774996122,0.0003,77363.3
13.291096300003119,77418.67,3.51,2.320475408000499,0.4870541485002962,13.635508596002868,0.0003,77404.82
13.303229199984344,77321.77,3.5,2.322400525997573,0.4881098979989823,13.646719301985362,0.0003,77404.82
13.315548299986405,77460.27,3.51,2.3243099864978927,0.48891063949911634,13.65823766048729,0.0003,77404.82
13.3266988999967,77404.82,3.51,2.326138812999439,0.48986988999966996,13.669031910996733,0.0003,77404.82
13.339019299979554,77363.3,3.5,2.3282332809965243,0.4911019299979555,13.681229106979758,0.0003,77418.67
13.351053699996557,77432.54,3.51,2.3303896659993804,0.49186322199979343,13.693751116496403,0.0003,77418.67
13.363282300007997,77418.67,3.51,2.3325744025013995,0.4927774645009197,13.706530003508357,0.0003,77432.54
13.37559969999711,77349.44,3.5,2.3347299474994943,0.4941939654996676,13.71940168649698,0.0003,77460.27
13.384115299995756,77543.51,3.51,2.3361996009992785,0.4948440354998514,13.728135876495735,0.0003,77543.51
13.396665499982193,77738.26,3.51,2.338333134996973,0.49528329249937675,13.740748827482102,0.0003,77612.98
13.40847979998216,77612.98,3.51,2.3402567679971455,0.4965023739976808,13.752155809983051,0.0003,77710.39
13.421827999991365,77710.39,3.51,2.3423924799986184,0.4981005399995251,13.764781759992056,0.0003,77738.26
13.434093199990457,77807.98,3.51,2.3443549119984732,0.49877512599947516,13.77606574399122,0.0003,77807.98
13.446461199986516,77807.98,3.51,2.3463337919978424,0.49961689599892123,13.78763813998719,0.0003,77807.98
13.45788739999989,77863.82,3.51,2.3481619839999825,0.5005309919999912,13.798493029999895,0.0003,77863.82
13.469936999987112,77947.68,3.51,2.3501396049978736,0.5015446449989045,13.810238259987369,0.0003,77891.76
13.482377799984532,77891.76,3.51,2.352216114997293,0.5026853359981437,13.822501577984376,0.0003,77947.68
13.494612299982693,78129.82,3.52,2.3543571524969713,0.5041534759979232,13.834858422982519,0.0003,78129.82
13.50674660000368,78185.99,3.52,2.3564806550006443,0.5052722620002577,13.847316464003827,0.0003,78185.99
13.51964539999608,78270.35,3.52,2.358737944999314,0.5061751779997256,13.860731215995923,0.0003,78270.35
13.531216699979268,78354.82,3.52,2.360819005996268,0.5069851689985487,13.872933618478127,0.0003,78354.82
13.543604200007394,78552.44,3.52,2.363030735001294,0.5079243780006654,13.885930347007651,0.0003,78552.44
13.552056599990465,78623.18,3.52,2.3645099049983314,0.5086850939991417,13.89467858099013,0.0003,78623.18
13.564334700000472,78722.39,3.52,2.3666368990000803,0.5098768170000519,13.90721302650047,0.0003,78637.35
13.576819599984447,78665.69,3.52,2.3687593319973557,0.5112501559982892,13.919635501984525,0.0003,78665.69
13.589254699996673,78907.09,3.53,2.370827025499451,0.512109008499817,13.931684511996806,0.0003,78722.39
13.601670799980639,78978.28,3.53,2.372858973996999,0.5128754339979671,13.94354548998209,0.0003,78907.09
13.614444899983937,78637.35,3.52,2.3748389594975103,0.5142167144983133,13.95536153248514,0.0003,78978.28
13.625679199991282,78978.28,3.53,2.376551879998692,0.5151975439993897,13.965582883992196,0.0003,78978.28
13.637930500000948,79006.8,3.53,2.378389575000142,0.5160551350000663,13.976547797500848,0.0003,79006.8
13.650295600004029,79264.0,3.53,2.3802958180006244,0.5175899060005438,13.987511606003565,0.0003,79178.13
13.662491299997782,79306.98,3.53,2.3821861514996563,0.5189498259999556,13.99839199599796,0.0003,79264.0
13.674586799985263,79178.13,3.53,2.384060953997716,0.5191917359997053,14.009519855986442,0.0003,79306.98
13.68737100000726,79536.77,3.53,2.386116215001198,0.5202582300009438,14.021723580007116,0.0003,79493.62
13.699174799985485,79493.62,3.53,2.388063841997605,0.5217927239981129,14.033291303985775,0.0003,79536.77
13.707709699985573,81098.02,3.55,2.389549197497475,0.5225938729987015,14.042079539485067,0.0003,81098.02
13.719851800007744,81662.97,3.56,2.391674065001355,0.5236866620006969,14.054646613008014,0.0003,81633.1
13.732068799989065,81648.02,3.56,2.393932727997977,0.5250879119987425,14.0677136159883,0.0003,81648.02
13.744508999981916,81827.54,3.56,2.3962341649966543,0.5265185349979203,14.081137354980198,0.0003,81662.97
13.757818499987481,81782.6,3.56,2.3986964224976837,0.5280491274985604,14.095711257486293,0.0003,81692.86
13.769942799990533,81692.86,3.56,2.4008897039982955,0.5290457099992899,14.10873879598987,0.0003,81782.6
13.782233899983112,81633.1,3.56,2.4030797629971286,0.5300233899983111,14.12171156098328,0.0003,81827.54
13.794797199981984,82324.14,3.57,2.405215523996937,0.5312797199981983,14.134149227982164,0.0003,82324.14
13.807086699991489,83530.57,3.58,2.4071984384986806,0.5326504039989787,14.145713463492298,0.0003,83299.57
13.81934759998694,83438.06,3.58,2.4090988779979754,0.5341217119984328,14.156809577988183,0.0003,83376.46
13.830316199979281,83376.46,3.58,2.410695848996996,0.534973714998446,14.166323512982078,0.0003,83376.46
13.8425093999831,83299.57,3.58,2.412476409997465,0.5359383929983945,14.17693336598496,0.0003,83391.86
13.85491969998111,83391.86,3.58,2.4143379549971664,0.5371173714982055,14.18797853298319,0.0003,83391.86
13.866975199984152,83515.14,3.58,2.4161811559975437,0.5379836359991284,14.198812555985658,0.0003,83438.06
13.875513100007085,83391.86,3.58,2.4175045305010983,0.5384532205003896,14.206539355506411,0.0003,83391.86
13.888029800000368,83330.31,3.58,2.419484768000059,0.5398643210000532,14.218188161000347,0.0003,83391.86
13.900385399989318,83468.88,3.58,2.4214655179981843,0.5416192699994659,14.229883472989371,0.0003,83391.86
13.912592000007862,83468.88,3.58,2.4235406400013364,0.5422296000003931,14.242029040007823,0.0003,83391.86
13.925128000002589,83453.47,3.58,2.425723040000466,0.5433435600003754,14.254861320002757,0.0003,83330.31
13.937816999998176,82840.28,3.58,2.428007059999672,0.5451834649997357,14.268375104998059,0.0003,83038.86
13.950255200004904,82764.09,3.57,2.4303484880009316,0.5466793480005638,14.282134548005466,0.0003,83038.86
13.962680399999952,82688.0,3.57,2.4327226779999904,0.5480412359999955,14.296042253999945,0.0003,82947.11
13.973817199992482,82475.46,3.57,2.434894353998534,0.5490435479993233,14.308682521991466,0.0003,82886.06
13.986075599998003,82947.11,3.58,2.4371936079996406,0.5502986939997703,14.322231269997852,0.0003,82840.28
13.999056100001324,83038.86,3.58,2.4395300980002386,0.5517914515001522,14.336185307501422,0.0003,82764.09
14.011123400006909,83161.39,3.58,2.4415909780011744,0.5530123400006909,14.34832340000691,0.0003,82688.0
14.023064499982864,82886.06,3.58,2.4435749974973437,0.5541298374987148,14.359927404984749,0.0003,82581.63
14.03227070000139,82581.63,3.57,2.4450019585002156,0.5548203025001043,14.368120923001237,0.0003,82475.46
14.044471700006396,80480.06,3.55,2.4468260380008955,0.5558918870007035,14.378689152505276,0.0003223585000319742,80729.38
14.056914399989182,80450.8,3.55,2.4485680159984855,0.55726058399881,14.388954379991075,0.00038457199994590787,80480.06
14.06914959999267,80729.38,3.55,2.450280943998974,0.5582404719994869,14.399048419993953,0.0004,80450.8
14.081586399988737,80246.4,3.54,2.452030027998367,0.5592220959984232,14.4093801679902,0.0004,80246.4
14.093739400006596,79709.73,3.54,2.4537922130009564,0.5609235160009235,14.419953278005739,0.0004,80057.27
14.104897499986693,79883.22,3.54,2.455483599997871,0.5621183374991351,14.430028137487424,0.0004,79883.22
14.117263599997386,80057.27,3.54,2.4574621759995816,0.56292213399983,14.44171410199753,0.0004,79854.28
14.12976099998923,79810.87,3.54,2.459608174998115,0.5645641499983844,14.45420741498907,0.0004,79810.87
14.141790499998024,79767.51,3.54,2.461722289999644,0.5662611449998222,14.466515834997885,0.0004,79767.51
14.154043699993052,79854.28,3.54,2.463927865998749,0.5673639329993746,14.479626758992566,0.0004,79709.73
14.166303399979368,79652.01,3.54,2.46619764599608,0.5686879249974209,14.492933739977305,0.0004,79767.51
14.178396400006022,79666.45,3.54,2.4684953160011442,0.5701995500007528,14.506236040006623,0.0004,79767.51
14.190594799991233,79565.56,3.53,2.470760037998378,0.5716184019989917,14.519601305990399,0.0004,79666.45
14.199500999995509,79565.56,3.53,2.472407684999169,0.5726426149994834,14.529353594995081,0.0004,79652.01
14.212070499983385,79565.56,3.53,2.4746726899970093,0.5740881074980891,14.542574024982553,0.0004,79652.01
14.224859599984484,79796.42,3.54,2.47690183399744,0.5755345559982932,14.555711003984639,0.0004,79652.01
14.237185999983922,79854.28,3.54,2.478935689997347,0.5768904599982314,14.567914139984083,0.0004,79666.45
14.249178900005063,79479.23,3.53,2.4809145185008354,0.5783473625006329,14.579511744004861,0.0004,79724.17
14.261654899979476,79565.56,3.53,2.482964783996716,0.5798489409981529,14.59144733148081,0.0004,79781.96
14.273892600002,79724.17,3.54,2.48492281600032,0.5809503340001799,14.602889581001868,0.0004,79781.96
14.286120200005824,80071.79,3.54,2.4868180300008733,0.5824180300008734,14.614138781005268,0.0004,79781.96
14.298516199982261,79781.96,3.54,2.488677429997339,0.5842774299973391,14.625357160983945,0.0004,79781.96
14.31048469999223,79781.96,3.54,2.4905251284987955,0.5851290819995338,14.636031382993085,0.0004,79781.96
14.322387199994408,79796.42,3.54,2.4923700159991333,0.5860580799991612,14.646684287994884,0.0004,79781.96
14.333994799992068,79839.81,3.54,2.4941691939987702,0.5877992199988101,14.657305241992743,0.0004,79781.96
14.346294299990404,79767.51,3.54,2.4961385594984167,0.5894867874988006,14.668936942490644,0.0004,79781.96
14.355050199985273,79796.42,3.54,2.4975832829975704,0.5905812749981592,14.67747394498564,0.0004,79781.96
14.367519499995979,79810.87,3.54,2.4997159124992963,0.5921399374994973,14.689932292495918,0.0004,79767.51
14.380562899983488,79680.86,3.54,2.50199850749711,0.5937591044982662,14.703188230482745,0.0004,79695.31
14.391530199995032,79623.19,3.53,2.5039177849991305,0.5949106709994783,14.714649058994807,0.0004,79680.86
14.403882599988721,79695.31,3.54,2.506079454998026,0.5963047379985337,14.727537903988269,0.0004,79623.19
14.416088500001932,79623.19,3.53,2.508215487500338,0.5978915050002511,14.74023204000201,0.0004,79623.19
14.42850599999656,79565.56,3.53,2.510346019999415,0.5992080699996732,14.752848529996543,0.0004,79623.19
14.440989599999739,79594.37,3.53,2.512463283999957,0.6004682319999556,14.765354963999748,0.0004,79623.19
14.45307679998223,79608.77,3.53,2.514457671997068,0.6025230559969789,14.77701911198285,0.0004,79608.77
14.465317499998493,79594.37,3.53,2.516477387499751,0.604098812499887,14.788831387498545,0.0004,79594.37
14.477544199995464,79796.42,3.54,2.518494792999251,0.6050158149996597,14.800630152995623,0.0004,79594.37
14.489786399994044,79623.19,3.53,2.520514755999017,0.6066679599991065,14.812443875994253,0.0004,79594.37
14.501970899989828,79594.37,3.53,2.522525198498322,0.6083773809990846,14.824221627490083,0.0004,79594.37
14.514220199984264,79551.15,3.53,2.524546332997404,0.6094798179985838,14.836164694984657,0.0004,79594.37
14.522923799988348,79522.39,3.53,2.5259824269980777,0.6104385699982522,14.844636085988697,0.0004,79594.37
14.535231399990153,79522.39,3.53,2.528013180998375,0.6122847099985228,14.856574457990448,0.0004,79623.19
14.54728860000614,79508.0,3.53,2.530002619001013,0.6138746320007368,14.868306385005987,0.0004,79623.19
14.559573300008196,79637.6,3.54,2.5320295945013522,0.6153487960009835,14.88028396750799,0.0004,79637.6
14.572779299982356,79767.51,3.54,2.5342724809970005,0.617125205497618,14.893479299982356,0.0004,79680.86
14.58499020000454,79753.07,3.54,2.5363732850007943,0.6188235790006583,14.90576505300461,0.0004,79724.17
14.596510699979262,79680.86,3.54,2.538389372496371,0.6204940514969931,14.917458360478951,0.0004,79724.17
14.608664600003976,79738.61,3.54,2.540472982000676,0.6220830750004971,14.929664600003976,0.0004,79724.17
14.621273700002348,80159.03,3.54,2.5426037920003757,0.623621001500223,14.94221001500223,0.0004,79724.17
14.633679499995196,79970.17,3.54,2.5445887199992314,0.6247995524995436,14.953995524995436,0.0004,79738.61
14.646161699987717,79724.17,3.54,2.546555063498096,0.6264166804979732,14.965637955488761,0.0004,79738.61
14.658088199998021,79579.96,3.53,2.5484036709996936,0.6283845529996734,14.97655070299819,0.0004,79724.17
14.670249699993292,79680.86,3.54,2.550339951998927,0.6298787154992286,14.987780972493796,0.0004,79724.17
14.678670099994632,79608.77,3.53,2.551687215999141,0.6308470614993826,14.995569842495035,0.0004,79680.86
14.69062340000528,79738.61,3.54,2.553652861000871,0.6326466270008184,15.007157815005149,0.0004,79680.86
14.703782800002957,79839.81,3.54,2.5558430760005026,0.6344593660002807,15.020082800002955,0.0004,79623.19
14.715195700002369,79623.19,3.53,2.5577832690004025,0.635543591500225,15.031495700002369,0.0004,79623.19
14.727448799996637,79594.37,3.53,2.5599035399994117,0.6371545639994787,15.044009507996519,0.0004,79680.86
14.74067629998899,79551.15,3.53,2.5622217339980184,0.6391946819984586,15.05772364098822,0.0004,79738.61
14.752932500006864,79839.81,3.54,2.5644278500012354,0.640910550000961,15.070837775007345,0.0004,79839.81
14.764574400003767,79551.15,3.53,2.566546264000697,0.6426090320005838,15.083408968004125,0.0004,79839.81
14.776827499998037,80071.79,3.54,2.5688130874996364,0.6445082624996956,15.09682611249785,0.0004,79984.68
14.788937400007852,80086.31,3.54,2.571008732001413,0.6462959230011384,15.109639583008205,0.0004,79984.68
14.801196599990362,79984.68,3.54,2.5731974389984096,0.6480675239986506,15.122348735990746,0.0004,80013.7
14.813307999982499,80057.27,3.54,2.575195819997112,0.6497631199975498,15.133975679983198,0.0004,80042.74
14.826010199991288,80144.47,3.54,2.577201529998693,0.6513911729989981,15.145749077992246,0.0004,80057.27
14.837698999996064,80013.7,3.54,2.5789548499994095,0.6527353849995474,15.156152109996498,0.0004,80071.79
14.846146800002316,79912.19,3.54,2.5801912860003355,0.6536454140002432,15.16342478000197,0.0004,80071.79
14.858509599987883,80042.74,3.54,2.581983891998243,0.6549435079987278,15.173933159989701,0.0004,80071.79
14.870709299982993,80071.79,3.54,2.583752848497534,0.6560102904985544,15.184517090985205,0.0004,80086.31
14.883134899981089,80319.32,3.54,2.585585909497069,0.6572702349971633,15.19542140998298,0.0004,80086.31
14.89568769998732,80115.39,3.54,2.5875315934980345,0.659153154998098,15.206718929988588,0.0004,80086.31
14.907716999994593,80202.71,3.54,2.5894347199991348,0.660880379999243,15.217892564994889,0.0004,80115.39
14.920284199994056,80086.31,3.54,2.5914483139989897,0.6626426299991083,15.229784199994056,0.0004,80144.47
14.932537199987564,80260.98,3.54,2.5935313239978863,0.6644805799981347,15.242037199987564,0.0004,80202.71
14.945214299979853,80071.79,3.54,2.5957385739963734,0.6663039304972801,15.255001086478744,0.0004,80260.98
14.957743000006303,80421.55,3.55,2.5979937400011344,0.6679953050008508,15.268218865006649,0.0004,80260.98
14.969771899981424,80144.47,3.54,2.6002078014965635,0.6700589419966563,15.281349089979566,0.0004,80260.98
14.981709399988176,80260.98,3.54,2.6024333329976943,0.6721393159983446,15.294523074986698,0.0004,80363.12
14.993919900007313,80392.33,3.54,2.604814380501426,0.6738487860010238,15.308259887508227,0.0004,80392.33
15.002974799979713,80363.12,3.54,2.606550337996247,0.6752057159965511,15.318357405977785,0.0004,80421.55
15.015284399996744,80685.3,3.55,2.6088276139993978,0.6772983479994467,15.331836417996435,0.0004,80421.55
15.027465899998788,80436.18,3.55,2.610969202999794,0.6790332374998485,15.344503229498782,0.0004,80406.93
15.039793400006602,80480.06,3.55,2.6130648780011225,0.6805741750008251,15.356892367006635,0.0004,80406.93
15.05206139999791,80436.18,3.55,2.6149092099996865,0.6828313589996133,15.36783464599814,0.0004,80406.93
15.064420499984408,80480.06,3.55,2.616763074997661,0.6847641524983628,15.378745834986434,0.0004,80406.93
15.07560489999014,80406.93,3.55,2.618440734998521,0.6859385144989646,15.388476262991421,0.0004,80406.93
15.088097900006689,80348.5,3.54,2.6203146850010035,0.6876956640010703,15.39946664150592,0.0004,80406.93
15.100460999994539,80406.93,3.55,2.6221714549991537,0.6896691499991808,15.41041950999503,0.0004,80348.5
15.112970599991968,80304.73,3.54,2.624110442998755,0.6915455899987951,15.42180324599269,0.0004,80333.92
15.12463849998312,80304.73,3.54,2.625942159997299,0.6931102349981432,15.432560189984132,0.0004,80333.92
15.137115099991206,80042.74,3.54,2.627938415998593,0.6944826609990326,15.444288193991733,0.0004,80333.92
15.149399899994023,80333.92,3.54,2.629950983499014,0.6966799799988045,15.456305900994082,0.0004,80333.92
15.161546299990732,80333.92,3.54,2.631978333998332,0.6990860654982854,15.468423614990268,0.0004,80333.92
15.17079589999048,80290.13,3.54,2.6336432619982864,0.7007972414982389,15.478135694990003,0.0004,80333.92
15.183304999984102,80363.12,3.54,2.635911424997059,0.7030453249973769,15.491385924982751,0.0004,80333.92
15.194473899988225,80319.32,3.54,2.637977671497821,0.704888193498057,15.503504181487223,0.0004,80333.92
15.206894700007979,80450.8,3.55,2.6402410460014356,0.7069720990013563,15.516842855508497,0.0004,80363.12
15.219242899998788,80333.92,3.54,2.6424637219997815,0.7090712929997939,15.529993688498708,0.0004,80392.33
15.231643299979625,80406.93,3.55,2.644637577496434,0.7108882784970456,15.542617949479318,0.0004,80406.93
15.244459399982588,80758.78,3.55,2.646813503997214,0.7128358009971271,15.55533642998346,0.0004,80450.8
15.25597359999665,80392.33,3.54,2.6486557759994644,0.7147356439994473,15.566274919996818,0.0004,80465.43
15.268157999991672,80480.06,3.55,2.6505644899987093,0.7165421199988341,15.577646149992296,0.00044078999995835887,80480.06
15.281383800000185,80465.43,3.55,2.6526214080000297,0.7184283270000303,15.589873096000169,0.0005,80480.06
15.293343199999072,80597.26,3.55,2.6545349119998516,0.7204016279998466,15.600875743999145,0.0005,80480.06
15.305390800000168,80611.92,3.55,2.6564355740000263,0.7222008040000218,15.611932582000152,0.0005,80480.06
15.317074099992169,80597.26,3.55,2.658246485498786,0.7237196329989819,15.622622801492835,0.0005,80480.06
15.329399099980947,80611.92,3.55,2.6601568604970467,0.7256508514968562,15.63385318098266,0.0005,80597.26
15.33794100000523,80436.18,3.55,2.6614808550008107,0.7270602650008631,15.641626310004758,0.0005,80597.26
15.350418499991065,80436.18,3.55,2.663414867498615,0.7292753299983917,15.653137112491736,0.0005,80597.26
15.362919899984263,80436.18,3.55,2.6653817834974034,0.7314817834974034,15.664846902484658,0.0005,80436.18
15.374566999991657,80802.92,3.55,2.6673035549986235,0.7334035549986235,15.676202824991867,0.0005,80436.18
15.386987499980023,80597.26,3.55,2.6694228124965043,0.7355926874963045,15.688662187479524,0.0005,80436.18
15.399501699983377,80421.55,3.55,2.671612797497091,0.737907814496925,15.701489242482962,0.0005,80436.18
15.411559600004692,80406.93,3.55,2.6737807280008443,0.7398495360007505,15.714310974004997,0.0005,80421.55
15.424585400003709,80290.13,3.54,2.676148299000686,0.7420941530007229,15.728206378003966,0.0005,80421.55
15.436888900003396,80304.73,3.54,2.6784244465006277,0.744493335500662,15.741371123003633,0.0005,80421.55
15.449223000003256,80567.93,3.55,2.6806140250005694,0.7466679100005533,15.754199690003352,0.0005,80421.55
15.460526399983792,80275.55,3.54,2.6825842239974067,0.7485894879972445,15.76580534398444,0.0005,80421.55
15.47276839998085,80363.12,3.54,2.684542943996936,0.7506706279967446,15.777557663981616,0.0005,80421.55
15.484900799987372,80436.18,3.55,2.6864841279979794,0.7527086319979164,15.789082247988192,0.0005,80436.18
15.493281300005036,80421.55,3.55,2.6878250080008055,0.7540914145008308,15.796918015504708,0.0005,80567.93
15.50589860000764,80773.5,3.55,2.689873269001261,0.7562617480013752,15.808892149007374,0.0005,80773.5
15.518007100006798,81053.66,3.55,2.691871171501122,0.7584412780012237,15.82057685150656,0.0005,81024.1
15.530357499985257,81469.07,3.56,2.6939089874975677,0.760405412497715,15.832546774985701,0.0005,81053.66
15.542447299987545,81409.53,3.56,2.6958915679980073,0.7623282774978206,15.84422493498817,0.0005,81157.24
15.555029299983289,81024.1,3.55,2.6979046879973265,0.7645301274970758,15.856177834984127,0.0005,81157.24
15.567245399986861,81157.24,3.55,2.6998954909978323,0.766812852997438,15.867855583987387,0.0005,81216.5
15.579727100004675,81216.5,3.56,2.701954971500771,0.7692467845009112,15.879838016004486,0.0005,81305.5
15.59223639999982,81603.24,3.56,2.704080187999969,0.7717472799999636,15.892214035999821,0.0005,81335.21
15.605051299993649,81335.21,3.56,2.70625872099892,0.774360772998666,15.905052325993521,0.0005,81335.21
15.6171800000011,80994.56,3.55,2.708320600000187,0.7769078000002309,15.91742360000112,0.0005,81335.21
15.628728199983016,81424.42,3.56,2.7102837939971125,0.7793765629963482,15.92907184098293,0.0005,81424.42
15.640830999996979,81305.5,3.56,2.7123412699994867,0.7819454249994713,15.941218534997024,0.0005,81603.24
15.652995799988277,81662.97,3.56,2.714409285998007,0.7840742649979485,15.953200862988453,0.0005,81662.97
15.661794599989662,81752.67,3.56,2.715887135998346,0.7856948119977256,15.961786923990283,0.0005,81752.67
15.674526299990248,82022.66,3.57,2.7179242079984394,0.7884957859978545,15.973754721990833,0.0005,82022.66
15.686538599984488,82430.03,3.57,2.719846175997518,0.7909096409971302,15.985013590985496,0.0005,82324.14
15.698132299992722,82324.14,3.57,2.7217011679988357,0.7930544754986536,15.995853700493196,0.0005,82430.03
15.710359699995024,83809.0,3.59,2.723657551999204,0.7954201414990298,16.007441714995274,0.0005,83607.78
15.722632099990733,83607.78,3.59,2.725634296498471,0.7977606174983783,16.01915313699101,0.0005,83623.23
15.734970399993472,83700.57,3.59,2.7276701159989227,0.7999198199988573,16.031121287993667,0.0005,83700.57
15.747329899983017,83917.64,3.59,2.7297460829971123,0.8025591759959235,16.0432932504831,0.0005,83762.5
15.759509399998933,83871.04,3.59,2.7318165979998184,0.8054822559997435,16.055411852998937,0.0005,83809.0
15.771770699997433,83623.23,3.59,2.733901018999563,0.8077775794995248,16.067788406997405,0.0005,83855.53
15.783926400006749,83855.53,3.59,2.7359871200011807,0.810203072001552,16.08014419200695,0.0005,83871.04
15.796262199990453,83762.5,3.59,2.738145884998329,0.813040305997804,16.092850065990163,0.0005,83886.58
15.808708900003694,83886.58,3.59,2.740280513000628,0.8159030470008495,16.10549598900373,0.0005,83917.64
15.820761399983894,84010.91,3.59,2.742329437997262,0.8186713149963761,16.117646171984216,0.0005,83917.64
15.82916659998591,83995.36,3.59,2.7437583219976047,0.8205624849968298,16.125883267986193,0.0005,83917.64
15.841431999986524,84057.6,3.59,2.7458291199978437,0.8232863999973048,16.137853239987265,0.0005,83917.64
15.853658499981977,83917.64,3.59,2.7477853599971165,0.8257316999963954,16.14940728248297,0.0005,83917.64
15.865938899980392,83933.17,3.59,2.749720529496961,0.8282768634957844,16.160923176981765,0.0005,83917.64
15.878374199994141,83917.64,3.59,2.7516480009990922,0.8309504529987406,16.172488005994552,0.0005,83917.64
15.890672799985623,83886.58,3.59,2.7536076479977,0.8332211039974123,16.18397906798656,0.0005,83917.64
15.903020600002492,83917.64,3.59,2.7555983990004114,0.8356551500006232,16.195569570002366,0.0005,83917.64
15.915301800007,83855.53,3.59,2.757624797001155,0.8387254500017499,16.20723671000665,0.0005,83917.64
15.927913599996828,83902.1,3.59,2.759705743999476,0.8414827199993652,16.219415759996906,0.0005,83917.64
15.94018030000734,83902.1,3.59,2.761730651001247,0.8439450750018346,16.23138300450745,0.0005,83917.64
15.951934199983953,83995.36,3.59,2.7637288139972718,0.8468835499959879,16.24331321298371,0.0005,83995.36
15.964505999989342,84026.48,3.59,2.7659110799980815,0.8498687899977083,16.256253829988754,0.0005,83995.36
15.976692099997308,84197.9,3.59,2.7681045779995155,0.8524888014994211,16.26911016549716,0.0005,83995.36
15.984970599994995,83995.36,3.59,2.769619560999074,0.8545420619986485,16.27794339499462,0.0005,83995.36
15.997169699985534,84010.91,3.59,2.771876394497324,0.8578358189960942,16.29105742748445,0.0005,83995.36
16.009482699999353,84135.52,3.59,2.7741542994998802,0.8607336074998545,16.304436142999293,0.0005,83995.36
16.022626999998465,84042.03,3.59,2.7765597249997316,0.863743614999624,16.318645214998394,0.0005,83995.36
16.035026300000027,83995.36,3.59,2.778729602500005,0.8667814435000067,16.331602483500028,0.0005,83995.36
16.046323299990036,83917.64,3.59,2.780611727998406,0.8692330434980571,16.342775518490583,0.0005,83964.25
16.058792199997697,83824.5,3.59,2.782606751999632,0.8716644789995511,16.354558628997825,0.0005,83964.25
16.07109889999265,83855.53,3.59,2.7844648349988974,0.8742862634984193,16.36546703199353,0.0005554944999632402,83917.64
16.083689799997956,83964.25,3.59,2.7863350209997035,0.8769379599995908,16.37643632999826,0.0006,83917.64
16.096052199980477,83685.08,3.59,2.7881275689971687,0.879410439996095,16.386944369983404,0.0006,83902.1
16.10849230000167,83964.25,3.59,2.789931383500242,0.8821956905003925,16.397603378001435,0.0006,83902.1
16.119918699987466,83840.0,3.59,2.791588211498182,0.8848808944970542,16.40743008198922,0.0006,83871.04
16.132113900006516,83871.04,3.59,2.79347765450101,0.887322780001303,16.41858421850596,0.0006,83871.04
16.144284999987576,83933.17,3.59,2.7954070249979504,0.8900997999965212,16.429977874987884,0.0006,83902.1
16.153831100004027,83902.1,3.59,2.7969821315006644,0.8927727080011274,16.439285322503924,0.0006,83902.1
16.16617710000719,83964.25,3.59,2.799080992501258,0.8957971910015098,16.451569756507297,0.0006,83933.17
16.178467199992156,83747.01,3.59,2.801231759998627,0.8983781119983528,16.464044207992035,0.0006,83933.17
16.19064799998887,83871.04,3.59,2.8034166399979963,0.9017879199967721,16.476940119988143,0.0006,83933.17
16.20289590000175,83979.8,3.59,2.8056502210003327,0.9051081390003675,16.49012892850195,0.0006,83933.17
16.214261599991005,84010.91,3.59,2.807809703998291,0.9074949359981112,16.502801683989972,0.0006,83933.17
16.22644989998662,83933.17,3.59,2.8100932314975244,0.9106349699959857,16.516230390985413,0.0006,83933.17
16.23891879999428,84010.91,3.59,2.812399977998942,0.9143756399982835,16.52982149199376,0.0006,83917.64
16.251096799998777,83933.17,3.59,2.8145419399997857,0.9174741999996938,16.542485187998732,0.0006,83933.17
16.263354299997445,83886.58,3.59,2.816653459499578,0.9205888894993226,16.554903356497558,0.0006,83933.17
16.27573520000442,83716.04,3.59,2.818696308000729,0.9238698280011708,16.56672711600422,0.0006,83933.17
16.28767429999425,83917.64,3.59,2.8205895164991084,0.9267650889986775,16.577783612994764,0.0006,83917.64
16.300278999988222,83809.0,3.59,2.822541849998233,0.9296655649972321,16.589248309989514,0.0006,83917.64
16.308438499982003,83964.25,3.59,2.8237657749973004,0.9315830474957706,16.59651026498398,0.0006,83917.64
16.320778599998448,83855.53,3.59,2.825620682999759,0.9344673989996662,16.607500739998603,0.0006,83917.64
16.333430800004862,84057.6,3.59,2.8275817740007536,0.9371876220010453,16.618887720004377,0.0006,83964.25
16.34557770000538,83840.0,3.59,2.8294645435008334,0.9399665365013178,16.62990359550492,0.0006,83964.25
16.357758199999807,83964.25,3.59,2.83135252099997,0.942950758999953,16.641048752999826,0.0006,83964.25
16.369964399986202,84073.18,3.59,2.8332943039977927,0.9457419899968956,16.65246653598703,0.0006,83964.25
16.382162299996708,84057.6,3.59,2.835256779499457,0.9486703129989796,16.664051488496725,0.0006,83964.25
16.394568799994886,84088.75,3.59,2.8373038519991565,0.952516327998415,16.676395955994913,0.0006,84057.6
16.40767709998181,83917.64,3.59,2.839581877996726,0.9561192749954528,16.6898609549809,0.0006,84057.6
16.41904819998308,83778.0,3.59,2.8416286759969545,0.9589620499957698,16.701800609982232,0.0006,84073.18
16.431251100002555,83871.04,3.59,2.8439377090004854,0.9629128630008428,16.71517621000281,0.0006,84073.18
16.443355299998075,84073.18,3.59,2.8462207304996436,0.9667059309994799,16.72850760649787,0.0006,84088.75
16.45560580000165,84088.75,3.59,2.848487073000305,0.970013566000445,16.74204440900182,0.0006,84088.75
16.464178299997002,84088.75,3.59,2.85005209399946,0.9724325984991153,16.751266323496868,0.0006,84073.18
16.47632099999464,84213.53,3.59,2.8522377799990353,0.976014694998419,16.7639554449944,0.0006,84088.75
16.488698700006353,84119.92,3.59,2.8542917920010162,0.979274675001588,16.776107258506066,0.0006,84088.75
16.500926199980313,84260.37,3.59,2.8562435609969485,0.9823315499950782,16.787752103981887,0.0006,84088.75
16.513237499981187,84026.48,3.59,2.858151812497084,0.9854093749952969,16.79907849998269,0.0006,84088.75
16.526460399996722,84042.03,3.59,2.860201361999492,0.9886181939992298,16.811082057997066,0.0006,84088.75
16.537937799992505,84229.13,3.59,2.861980358998838,0.991315382998239,16.821354330993294,0.0006,84088.75
16.55000019998988,84057.6,3.59,2.8638000299984823,0.9944500529973188,16.832200179990895,0.0006,84073.18
16.562417599983746,84073.18,3.59,2.8656868159973996,0.9976560479962618,16.843448367984884,0.0006,84057.6
16.574924799992004,84088.75,3.59,2.8676879679987204,1.0005327039981609,16.855080063992563,0.0006,84042.03
16.58709169999929,84104.34,3.59,2.8696701304998826,1.0040402609997656,16.86671440749931,0.0006,84042.03
16.599207499995828,83979.8,3.59,2.871669237499311,1.0080384749986226,16.87852731249593,0.0006,83979.8
16.61152239999501,83840.0,3.59,2.8738164199991267,1.0114110479986524,16.891110459994884,0.0006,83964.25
16.62378429999808,83964.25,3.59,2.875981173999654,1.0149866619993464,16.90375459349799,0.0006,83886.58
16.632028799998807,83886.58,3.59,2.877465183999785,1.017789791999594,16.912370095998753,0.0006,83886.58
16.64426969998749,83809.0,3.59,2.8796258489978728,1.021652818996622,16.925076442487175,0.0006,83886.58
16.657641500001773,83886.58,3.59,2.8818990550003014,1.0252632050004788,16.938782537501815,0.0006,83886.58
16.669098799990024,83762.5,3.59,2.883846795998304,1.028857109996758,16.95011682399022,0.0006,83840.0
16.681214099982753,83824.5,3.59,2.8858942559972407,1.0327217364954298,16.961953394983617,0.0006060704999137685,83840.0
16.693603099993197,83654.15,3.59,2.8878764959989116,1.0360048214981974,16.97372294499354,0.0006680154999659891,83840.0
16.70618569999351,83948.7,3.59,2.8899206404989295,1.0395866384980215,16.985831057493677,0.0007,83840.0
16.7190108000068,84010.91,3.59,2.892036782001122,1.0434982940020743,16.99833553000663,0.0007,83886.58
16.7314827000082,83840.0,3.59,2.894152059001394,1.046957742502255,17.0107827000082,0.0007,83933.17
16.743488299980527,83747.01,3.59,2.896193010996689,1.0503290484942547,17.022788299980526,0.0007,83948.7
16.75535449999734,83933.17,3.59,2.8982102649995474,1.0538295774992141,17.034654499997337,0.0007,84010.91
16.767631700000493,84182.31,3.59,2.9002973890000834,1.0573368760001376,17.046855383000487,0.0007,84119.92
16.779546599980677,84182.31,3.59,2.902322921996715,1.0606730479945892,17.05865113398087,0.0007,84119.92
16.788692300004186,84260.37,3.59,2.9038342295006907,1.0634076900012555,17.067488069504037,0.0007,84119.92
16.79990379998344,84119.92,3.59,2.9056841269972673,1.0667711399950317,17.07830716698402,0.0007,84119.92
16.812348499981454,84213.53,3.59,2.9076757599970326,1.0701958374948997,17.090192817482286,0.0007,84151.1
16.824779499991564,84119.92,3.59,2.909688617498608,1.0739728249970473,17.10213611499182,0.0007,84182.31
16.837410000007367,83995.36,3.59,2.9117726500012155,1.0783935000025784,17.114387700007146,0.0007,84182.31
16.849045899987686,84119.92,3.59,2.9137378029979066,1.0818328519965523,17.12585544098781,0.0007,84213.53
16.861286900006235,84151.1,3.59,2.91581877300106,1.0853311115020887,17.137980465506207,0.0007,84213.53
16.873599099984858,84213.53,3.59,2.917911846997426,1.0894556984949277,17.150231104484934,0.0007,84213.53
16.885863999981666,84463.85,3.6,2.919967559996975,1.0931539599951416,17.162346719982036,0.0007,84151.1
16.898203599994304,84291.64,3.59,2.9220035939990603,1.0964239539984908,17.17443952799442,0.0007,84151.1
16.91069299998344,84260.37,3.59,2.92401087999735,1.1004286899945348,17.186411814984183,0.0007,84213.53
16.92317429999821,84213.53,3.59,2.926007887999713,1.1043729324995069,17.198283841998315,0.0007,84213.53
16.935307499981718,83995.36,3.59,2.927949199997075,1.107709562494972,17.209689049982813,0.0007,84213.53
16.94744869999704,84010.91,3.59,2.9299290354995113,1.1112346099991115,17.221213508497172,0.0007,84213.53
16.956486399983987,84010.91,3.59,2.9314202559973577,1.1139459199951958,17.229844511984705,0.0007,84213.53
16.967879699979676,84213.53,3.59,2.9333001504966463,1.1173639099939026,17.240922105980083,0.0007,84213.53
16.980208399996627,84260.37,3.59,2.9353354279994264,1.1210677299989036,17.253010483996594,0.0007,84135.52
16.99337700000615,83576.89,3.58,2.937574090001045,1.1253475250019982,17.26631077000621,0.0007,84135.52
17.00573119998444,83716.04,3.59,2.9397316159971987,1.1295345759944757,17.27898910398374,0.0007,84213.53
17.018028499995125,84369.85,3.59,2.9419451299991226,1.1339001174982697,17.291839782494907,0.0007,84229.13
17.030500399996527,84432.5,3.59,2.944137569999392,1.1383801439987498,17.304872917996374,0.0007,84229.13
17.04283449999639,84135.52,3.59,2.9462960374993683,1.1426078324989708,17.31763449999639,0.0007,84229.13
17.054880899988348,84229.13,3.59,2.948404157497961,1.1460410564966794,17.32968089998835,0.0007,84229.13
17.067017499997746,84229.13,3.59,2.9503877124996505,1.1498859499992338,17.341396449997884,0.0007,84229.13
17.07827769999858,84463.85,3.6,2.9521330434997797,1.1537144179995167,17.351981037998662,0.0007,84276.01
17.090635000000475,84229.13,3.59,2.954048425000073,1.1571714500001278,17.363118325000425,0.0007,84276.01
17.102858300000662,83995.36,3.59,2.955943036500102,1.1607146965002344,17.374115344500606,0.0007,84276.01
17.11492679998628,84276.01,3.59,2.957813653997873,1.1649990139951285,17.385158021987444,0.0007,84276.01
17.12347379999119,84448.17,3.6,2.9591558079985902,1.1677726639975325,17.39310010999163,0.0007,84276.01
17.13600719999522,84276.01,3.59,2.961161151999235,1.1712820159986614,17.40500683999546,0.0007,84276.01
17.148260699992534,84276.01,3.59,2.9631630154987683,1.1750434239976109,17.41668896849287,0.0007,84276.01
17.160808799992083,84526.6,3.6,2.9652334519986936,1.179054771997506,17.428688579992283,0.0007,84276.01
17.172947499988368,84401.17,3.59,2.967236337498081,1.182878462496336,17.440523812488657,0.0007,84276.01
17.185312599991448,84307.26,3.59,2.9693297049985037,1.187171913996665,17.452818851991278,0.0007265629999572431,84276.01
17.197549200005597,84197.9,3.59,2.9714711100009796,1.191944188002183,17.46530018400571,0.0007877460000279858,84276.01
17.209752499999013,84119.92,3.59,2.9736554499998227,1.1967034749996155,17.47838146249893,0.0008,84291.64
17.222117500001332,84291.64,3.59,2.975902325000253,1.2014834750004932,17.491861012501484,0.0008,84307.26
17.234631300001638,84260.37,3.59,2.9782799470003107,1.2061135810006056,17.505813899501824,0.0008,84307.26
17.246191299986094,84119.92,3.59,2.9804763469973574,1.2103598244949236,17.51857947348477,0.0008,84291.64
17.258862499991665,84495.23,3.6,2.9828838749984157,1.2149848124969571,17.53245443749087,0.0008,84291.64
17.270944999996573,84416.83,3.59,2.984960649999417,1.2192307499988,17.54480917499652,0.0008,84291.64
17.280141700000968,84322.91,3.59,2.9865219635001496,1.2224347165002367,17.554130364000887,0.0008,84322.91
17.292539399990346,84463.85,3.6,2.988443606998503,1.2254721529976347,17.565536247991115,0.0008,84322.91
17.303722799988464,84291.64,3.59,2.990158419998269,1.2286402079958467,17.57563883598996,0.0008,84322.91
17.315947700000834,84432.5,3.59,2.991992155000125,1.2330411720003,17.586274499000726,0.0008,84322.91
17.32931489998009,84197.9,3.59,2.9939040859972126,1.236875299494923,17.597624515983277,0.0008,84322.91
17.34156499998062,84479.53,3.6,2.995634749997093,1.2401242749935075,17.607953724983236,0.0008,84322.91
17.35278039998957,84291.64,3.59,2.997317059998436,1.2438814339965059,17.61765504599098,0.0008,84322.91
17.365226800000528,84244.76,3.59,2.9992077781819,1.2483432036365703,17.62865163636412,0.0008,84322.91
17.377490199985914,84307.26,3.59,3.0010959809978166,1.2519633339976053,17.63983098398704,0.0008,84338.54
17.389954699989175,84385.52,3.59,3.003027978498322,1.2540822989981597,17.65129832399004,0.0008,84338.54
17.40201610000804,84322.91,3.59,3.0043114490007237,1.2562228980014472,17.65878837200418,0.0008,84385.52
17.414465499983635,84589.42,3.6,3.005307327499918,1.2581853450001637,17.66453663749959,0.0008,84385.52
17.426619100006064,84338.54,3.59,3.0053680955000304,1.2580638089999394,17.66484047750015,0.0008,84385.52
17.43552020000061,84385.52,3.59,3.0053117929999784,1.2576975759999267,17.664495959999876,0.0008,84589.42
17.447280899999896,84825.6,3.6,3.004900168500004,1.2562862920000124,17.662143820000022,0.0008,84731.01
17.459357799991267,84920.32,3.6,3.0043503210004805,1.2545191740014845,17.658870137002925,0.0008,84731.01
17.471697300003143,84967.75,3.6,3.003671648499827,1.2524214589994656,17.654736404498948,0.0008,84746.77
17.483950099995127,84731.01,3.6,3.00272399200039,1.249462475001218,17.649208203502265,0.0008,84762.52
17.496447899990017,84904.53,3.6,3.001637970501048,1.2467172940013975,17.64289678100609,0.0008,84778.27
17.50894289999269,84762.52,3.6,3.0003259955007673,1.2449679940010236,17.63527483100446,0.0008,84794.04
17.52116879998357,84463.85,3.6,2.999491560000821,1.2426845520034504,17.630308516005012,0.0008,84778.27
17.533921199996257,84746.77,3.6,2.9988769700000937,1.240084850000468,17.626584850000466,0.0008,84762.52
17.545396500005154,84825.6,3.6,2.9985900874998714,1.2386504374993559,17.625150437499354,0.0008,84762.52
17.557629699993413,84778.27,3.6,2.9982842575001647,1.236936099501087,17.623412951001118,0.0008,84778.27
17.56979300000239,84794.04,3.6,2.9979801749999404,1.2349291549996053,17.62134518999959,0.0008,84762.52
17.58219590000226,84715.26,3.6,2.9970263894997853,1.231411332499265,17.615834213998777,0.0008,84746.77
17.594388600002276,84715.26,3.6,2.995743108999579,1.2272195859988848,17.608458653997474,0.0008,84746.77
17.603313500003424,84825.6,3.6,2.9940920024993667,1.2228463849983222,17.5985520149962,0.0008,84715.26
17.615945400000783,85046.87,3.6,2.9915047419997887,1.2160382199994517,17.583190448998774,0.0008,84715.26
17.62844010000117,84573.71,3.6,2.9881311729996836,1.2072919299991796,17.563636243498166,0.0008,84715.26
17.640656899980968,84620.86,3.6,2.984641214505614,1.1985487475137975,17.54313870953321,0.0007617155000951554,84715.26
17.652985099994112,84526.6,3.6,2.9810043955017367,1.189610802504268,17.52162600051027,0.0007000745000294345,84746.77
17.66414789998089,84636.57,3.6,2.977934327505255,1.181740730513473,17.503484662531054,0.0007,84746.77
17.676414199988358,84746.77,3.6,2.974714734002678,1.1735368350066953,17.48449083001572,0.0007,84699.51
17.68891209998401,84904.53,3.6,2.971840217003678,1.1663505425091958,17.46761866502159,0.0007,84668.03
17.70130909999716,84809.82,3.6,2.9693212710005397,1.1597208135014627,17.45283535350317,0.0007,84699.51
17.713361400004942,84794.04,3.6,2.9670385619991597,1.153540983997826,17.439440406995086,0.0007,84746.77
17.726156199991237,84699.51,3.6,2.9648634460014898,1.1479112720038558,17.42670958100872,0.0007,84794.04
17.737884500005748,84668.03,3.6,2.96291847999908,1.142848509997586,17.415284147494567,0.0007,84809.82
17.75009289997979,84526.6,3.6,2.9609651360032334,1.1377209820084881,17.403747209519096,0.0007,84825.6
17.75864489999367,84825.6,3.6,2.959596816001013,1.1343267135024373,17.395637345006016,0.0007,84825.6
17.771149000007426,84936.13,3.6,2.9575961599988116,1.1295126349971407,17.383758449992946,0.0007,84936.13
17.783834999980172,85031.03,3.6,2.9554580500033705,1.123653375009418,17.37138170001943,0.0007,84983.56
17.79524149998906,85141.95,3.6,2.9535189450018593,1.1184706450040471,17.36015850001094,0.0007,84983.56
17.80776440000045,85062.7,3.6,2.951390051999923,1.1138371719998328,17.34763559999955,0.0007,84983.56
17.820058199984487,84999.37,3.6,2.949300106002637,1.1087943920068257,17.33530650901559,0.0007,84983.56
17.832293599989498,84983.56,3.6,2.9472200880017856,1.1034108160046217,17.323009932010557,0.0007,84983.56
17.844747199997073,84983.56,3.6,2.9450442400005126,1.09816617600123,17.310141648003032,0.0007,84983.56
17.856675199989695,84542.31,3.6,2.942938464001855,1.0931012880044833,17.297685912010976,0.0007,84983.56
17.8687959999952,84920.32,3.6,2.940756720000864,1.0878287400020885,17.284777260005114,0.0007,84983.56
17.881255599990254,85221.31,3.6,2.9385139920017544,1.0829041500036551,17.271631620010233,0.0007,84983.56
17.89324370000395,84857.16,3.6,2.936359789499348,1.0784013014984006,17.25905995549611,0.0007,84983.56
17.905612100003054,84888.72,3.6,2.934319003499496,1.0733920994987631,17.24687708149699,0.0007,84983.56
17.91421950000222,84951.92,3.6,2.9329048799996453,1.0700097599992902,17.238459767497925,0.0007,84999.37
17.926330099988263,85126.1,3.6,2.930967184001878,1.0661343680037558,17.227136356510975,0.0007,84999.37
17.939478299987968,85015.21,3.6,2.928895863501865,1.0614086800048128,17.21497235551101,0.0007,84999.37
17.951847699994687,85205.43,3.6,2.9269786065008234,1.056460920002125,17.20365435450486,0.0007,84951.92
17.96320050000213,84999.37,3.6,2.9251679199996587,1.0521748124992005,17.193164537498028,0.0007,84951.92
17.975684899982298,85078.55,3.6,2.923170416002832,1.0475065870065494,17.181522496016992,0.0007,84999.37
17.98795670000254,84841.36,3.6,2.921206927999593,1.042966020999059,17.16974156799756,0.0007,84999.37
17.999916000000667,84809.82,3.6,2.9192242799998867,1.038437339999743,17.158018579999336,0.000665419999996664,84999.37
18.01322130000335,84809.82,3.6,2.9169612724994134,1.0333147994987104,17.144772060996548,0.0006,84999.37
18.02467059998889,84809.82,3.6,2.914957645001944,1.0289068190042776,17.132979282011444,0.0006,84999.37
18.036986399994934,85062.7,3.6,2.912782448000912,1.0242250320018749,17.120234212005297,0.0006,84999.37
18.049105999991298,84999.37,3.6,2.9106009200015666,1.01974078000322,17.107569230009094,0.0006,84951.92
18.06136449999758,84999.37,3.6,2.9084362125004235,1.0151214900009196,17.09492638750248,0.0006,84951.92
18.073355100001212,84888.72,3.6,2.9063414084998,1.0105668374995456,17.0826484509988,0.0006,84951.92
18.08294140000362,84999.37,3.6,2.904759668999403,1.0069719749986428,17.073158013996416,0.0006,84951.92
18.09531319999951,84999.37,3.6,2.902718322000081,1.0023209840001865,17.060956196000475,0.0006,84951.92
18.107440899999343,84951.92,3.6,2.900717251500108,0.9977124580002495,17.049192327000636,0.0006,84951.92
18.119944599980954,84746.77,3.6,2.8986541410031426,0.9934818970058089,17.037063738018475,0.0006,84936.13
18.132200499996543,84715.26,3.6,2.8966319175005704,0.9897438475010542,17.02517551500335,0.0006,84936.13
18.144364499981748,84778.27,3.6,2.8946248575030116,0.9850110225072092,17.013319612517794,0.0006,84936.13
18.156733699986944,84936.13,3.6,2.8925652710022196,0.9804612215039819,17.001203637012924,0.0006,84920.32
18.169138099998236,84951.92,3.6,2.8904565230003003,0.9766778795005385,16.988923281001746,0.0006,84920.32
18.181395599996904,84920.32,3.6,2.888372748000527,0.9721417600012391,16.976704400003097,0.0006,84920.32
18.19339860000764,85031.03,3.6,2.88633423099874,0.9673684619974792,16.964711364992553,0.0006,84920.32
18.204715900006704,84920.32,3.6,2.884466876498894,0.9636337529977881,16.953676997493464,0.0006,84936.13
18.216825099982092,84699.51,3.6,2.8824879840028657,0.959599466006089,16.941985280516924,0.0006,84951.92
18.22915549998288,84904.53,3.6,2.8805151200027392,0.9554071300058208,16.93033305251618,0.0006,84951.92
18.237656999990577,84951.92,3.6,2.879154880001508,0.9526097600030154,16.922368990008763,0.0006,84951.92
18.249896799999984,84951.92,3.6,2.8771965120000025,0.9486930240000051,16.910985976000017,0.0006,84951.92
18.262047399999574,84999.37,3.6,2.8752524160000683,0.9448500690001342,16.899504970000404,0.0006,84920.32
18.27466389999609,85205.43,3.6,2.873217137000665,0.9408259545013493,16.887461058503852,0.0006,84951.92
18.28684179999982,84888.72,3.6,2.8711468940000304,0.9366245790000619,16.875465827000177,0.0006,84951.92
18.299351699999534,85015.21,3.6,2.869020211000079,0.9321498710001722,16.863048300000465,0.0006,84999.37
18.311728600005154,84888.72,3.6,2.8669161379991235,0.9275704179980928,16.850671399994845,0.0006,85015.21
18.32372419998865,84872.93,3.6,2.8649305070018727,0.9236682560036321,16.838783042011237,0.0006,85015.21
18.335918400000082,85015.21,3.6,2.862903871999986,0.9196201919999702,16.82673996799992,0.0006,85062.7
18.348454999999376,85062.7,3.6,2.860772650000106,0.9149816500002315,16.814454100000614,0.0006,85015.21
18.360838799999332,85284.87,3.61,2.8587065980001105,0.9109875540001975,16.80223958800066,0.0006,85062.7
18.373158600006715,85268.99,3.6,2.8566730379988585,0.9073397319974489,16.790041399993285,0.0006,85062.7
18.38530599998194,85094.39,3.6,2.85460798000307,0.9027237200068626,16.77789400001806,0.0006,85062.7
18.39423569999053,85062.7,3.6,2.8530837525016572,0.8994354685027934,16.768933407509707,0.0006,85062.7
18.406648200005293,84936.13,3.6,2.8509115649990737,0.8957737809984387,16.756210594994574,0.0006,85062.7
18.41885529999854,85062.7,3.6,2.8487753225002557,0.8917628155005328,16.743669041001503,0.0006,84983.56
18.431180599989602,84936.13,3.6,2.8466183950018196,0.8872640810037952,16.73097398201071,0.0006,84983.56
18.442256899987115,84809.82,3.6,2.8447263270021903,0.8839617835036723,16.71979681551295,0.0006,84983.56
18.4547070999979,84967.75,3.6,2.842609793000357,0.8803451925006821,16.707318506502066,0.0005914645000104938,84967.75
18.46700659999624,84983.56,3.6,2.840518878000639,0.876347855001222,16.695203499003703,0.0005299670000188008,84967.75
18.479428399994504,84668.03,3.6,2.8384393140009068,0.8723750540017309,16.683096594005303,0.0005,84983.56
18.491751800000202,84983.56,3.6,2.836405952999966,0.8684931829999359,16.671204512999804,0.0005,84983.56
18.504506800003583,85031.03,3.6,2.834358911999427,0.8642452219987999,16.659126073996614,0.0005,84983.56
18.516023200005293,84936.13,3.6,2.83253140399918,0.8605232719984656,16.64831865599513,0.0005,84983.56
18.52848839998478,84983.56,3.6,2.830599298002359,0.8569083640044141,16.636850672014003,0.0005,84983.56
18.540631599986224,85046.87,3.6,2.8287171020021353,0.85319604600434,16.625717086012607,0.0005,84983.56
18.552500499994494,84983.56,3.6,2.8268774225008535,0.8494573425017347,16.61485704250504,0.0005,85031.03
18.56104579998646,85141.95,3.6,2.8255126720021666,0.8471276340036562,16.606877177012663,0.0005,85046.87
18.5744766999851,85221.31,3.6,2.823356344502458,0.8433831550052145,16.594274984514378,0.0005,85046.87
18.58682399999816,84936.13,3.6,2.821319040000304,0.8390616000006441,16.582359840001775,0.0005,85110.24
18.599019699991914,85046.87,3.6,2.8192766510013745,0.8351843855023046,16.570320103008168,0.0005,85110.24
18.611185599991586,85141.95,3.6,2.81720844800143,0.8317171040023978,16.558032544008498,0.0005,85110.24
18.623504899995172,85284.87,3.61,2.815061642500845,0.8277859075015688,16.54527490400502,0.0005,85110.24
18.63589849998243,85110.24,3.6,2.812892762503074,0.8238159575053581,16.532414545018096,0.0005,85046.87
18.647099299996626,85126.1,3.6,2.8109326225005904,0.8203997135010288,16.520877721003476,0.0005,85046.87
18.66024309999193,85015.21,3.6,2.808632457501412,0.8164270700024208,16.50748446900815,0.0005,85062.7
18.67255550000118,84936.13,3.6,2.8064777874997935,0.8127333499996462,16.495048944998807,0.0005,85110.24
18.684709699999075,85031.03,3.6,2.8044093510001575,0.8096725750002315,16.482773203000935,0.0005,85062.7
18.696065099997213,84951.92,3.6,2.80249425850046,0.8064812385010177,16.471411527502717,0.0005,85031.03
18.708417899993943,85062.7,3.6,2.8004560465009996,0.8019724665022111,16.459367547505906,0.0005,85015.21
18.71775469998829,85126.1,3.6,2.7989392480018735,0.799135098502869,16.45050190251083,0.0005,84951.92
18.729960099997697,85268.99,3.6,2.7969863840003684,0.7961447755005643,16.43921190750213,0.0005,84936.13
18.742282899998823,84920.32,3.6,2.7951075650001767,0.7930792750002943,16.42813821900105,0.0005,84936.13
18.75480379999499,84825.6,3.6,2.793220411000777,0.7899761070011777,16.416949523004586,0.0005,84936.13
18.76700960000744,84936.13,3.6,2.7913285119988465,0.7871077439982513,16.405781215993194,0.0005,84936.13
18.779386499983957,84809.82,3.6,2.789378160002567,0.7836563200051335,16.39423282501524,0.0005,84936.13
18.791541699989466,84936.13,3.6,2.7874333280016854,0.7797666560033707,16.382685385010006,0.0005,84936.13
18.802931199985323,84904.53,3.6,2.785511696002495,0.7759233920049897,16.371418456014602,0.0005,84920.32
18.81527150000329,84904.53,3.6,2.783391129999407,0.7718185499990123,16.359026282496558,0.0005,84920.32
18.827450399985537,85094.39,3.6,2.7811989280026035,0.7681648800043392,16.346299332015114,0.0005,84920.32
18.839665799983777,84983.56,3.6,2.7790001560029203,0.7651001820034071,16.33336759401736,0.0005,84912.425
18.852178200002527,85015.21,3.6,2.7767479239995456,0.7624725779994697,16.3199793259973,0.0005,84920.32
18.863823499996215,84920.32,3.6,2.7747058875006627,0.7582411875014198,16.307789442503957,0.0005,84912.425
18.876110099983638,84872.93,3.6,2.7725401820029454,0.7541157780036,16.294965496017017,0.0005,84920.32
18.884725199983222,84888.72,3.6,2.77098946400302,0.7522204560036914,16.28600579201745,0.0005,84951.94
