Time (s),Resistance (Ohm),Voltage (V),Displacement,Force (N),Strain,Stress (MPa),Resistance Smoothed (Ohm)
0.0,63484.17,3.29,0.1253,0.0144,0.6565,0.0,63861.255000000005
0.0005851000023540001,64348.72,3.31,0.1253877650003531,0.01441755300007062,0.6570265900021186,0.0,63941.22
0.0010681000130717,63994.64,3.3,0.12546021500196075,0.01443204300039215,0.6574612900117645,0.0,63935.875
0.0015270000149031,63781.29,3.3,0.12552905000223546,0.014445810000447092,0.6578743000134127,0.0,63930.53
0.0019742000149563,63941.22,3.3,0.12559613000224343,0.014459226000448688,0.6582767800134607,0.0,63935.875
0.0024105000193231,63431.32,3.29,0.12566157500289846,0.014472315000579692,0.6586694500173907,0.0,63930.53
0.0028577000193764,64370.27,3.31,0.12572865500290645,0.014485731000581292,0.6590719300174387,0.0,63941.22
0.0033016999950633,63930.53,3.3,0.12579525499925948,0.014499050999851899,0.6594715299955569,0.0,63930.53
0.0037437000137288,63728.1,3.29,0.1258615550020593,0.014512311000411863,0.6598693300123559,0.0,63898.52
0.0041889999993146,63994.64,3.3,0.1259283499998972,0.014525669999979438,0.6602700999993831,0.0,63930.53
0.004633600008674001,63706.84,3.29,0.1259950400013011,0.01453900800026022,0.6606702400078066,0.0,63898.52
0.0051826999988407,64348.72,3.31,0.1260774049998261,0.01455548099996522,0.6611644299989566,0.0,63930.53
0.0056743000168354004,63898.52,3.3,0.1261511450025253,0.014570229000505062,0.6616068700151518,0.0,63919.86
0.006140300014522,63696.22,3.29,0.1262210450021783,0.01458420900043566,0.6620262700130698,0.0,63898.52
0.0066057000076399,64026.72,3.3,0.12629085500114598,0.014598171000229197,0.6624451300068759,0.0,63919.86
0.0070703999954276,63728.1,3.29,0.12636055999931414,0.014612111999862827,0.6628633599958849,0.0,63898.52
0.009710100013762699,64337.96,3.3,0.1267565150020644,0.01469130300041288,0.6652390900123863,0.0,63919.86
0.010193399997660899,63919.86,3.3,0.12682900999964913,0.014705801999929826,0.6656740599978948,0.0,63898.52
0.0106491000042297,63674.97,3.29,0.12689736500063445,0.01471947300012689,0.6660841900038067,0.0,63898.52
0.0110948999936227,63941.22,3.3,0.1269642349990434,0.01473284699980868,0.6664854099942604,0.0,63919.86
0.0115348999970593,63621.9,3.29,0.1270302349995589,0.014746046999911779,0.6668814099973533,0.0,63898.52
0.011975900008110399,64241.16,3.3,0.12709638500121656,0.014759277000243312,0.6672783100072993,0.0,63919.86
0.012413499993272199,63898.52,3.3,0.12716202499899082,0.014772404999798166,0.667672149993945,0.0,63919.86
0.0128508000052534,63558.28,3.29,0.127227620000788,0.014785524000157601,0.6680657200047281,0.0,63898.52
0.0132916000147816,63951.89,3.3,0.12729374000221724,0.014798748000443448,0.6684624400133035,0.0,63941.22
0.013726200006203799,63600.69,3.29,0.12735893000093057,0.014811786000186114,0.6688535800055834,0.0,63898.52
0.0141630000143778,64381.03,3.31,0.12742445000215666,0.014824890000431332,0.66924670001294,0.0,63951.89
0.014603599993279199,64026.72,3.3,0.12749053999899188,0.014838107999798376,0.6696432399939513,0.0,63930.53
0.015165199991315598,63770.65,3.29,0.12757477999869735,0.014854955999739468,0.670148679992184,0.0,63930.53
0.0156264000106603,63994.64,3.3,0.12764396000159903,0.014868792000319809,0.6705637600095943,0.0,63951.89
0.016073700011475,63590.07,3.29,0.12771105500172125,0.014882211000344248,0.6709663300103275,0.0,63930.53
0.0165212000138127,64424.17,3.31,0.1277781800020719,0.01489563600041438,0.6713690800124315,0.0,63951.89
0.0169643000117503,63930.53,3.3,0.12784464500176254,0.014908929000352508,0.6717678700105753,0.0,63930.53
0.017410100001143302,63898.52,3.3,0.12791151500017148,0.014922303000034299,0.672169090001029,0.0,63930.53
0.017854300007457,63951.89,3.3,0.12797814500111854,0.014935629000223709,0.6725688700067113,0.0,63930.53
0.018297300004633203,63696.22,3.29,0.12804459500069498,0.014948919000138994,0.6729675700041698,0.0,63919.86
0.018739999999525102,64370.27,3.31,0.12811099999992875,0.014962199999985753,0.6733659999995726,0.0,63930.53
0.0191795999999158,63930.53,3.3,0.12817693999998736,0.014975387999997473,0.6737616399999242,0.0,63930.53
0.019610000017564803,63781.29,3.3,0.1282415000026347,0.014988300000526943,0.6741490000158082,0.0,63919.86
0.0200490000133869,63919.86,3.3,0.12830735000200802,0.01499950999986613,0.6745431200117804,0.0,63930.53
0.020490700000664303,63664.34,3.29,0.12837360500009964,0.014995092999993357,0.6749318160005846,0.0,63919.86
0.0209315000101924,64402.6,3.31,0.12843972500152886,0.014990684999898076,0.6753197200089693,0.0,63930.53
0.0213719000166748,63951.89,3.3,0.1285057850025012,0.014986280999833252,0.6757072720146738,0.0,63919.86
0.0218138000054751,63866.52,3.3,0.12857207000082127,0.014981861999945249,0.6760961440048181,0.0,63866.52
0.022258500015596,63983.94,3.3,0.1286387750023394,0.01497741499984404,0.6764874800137245,0.0,63919.86
0.0227080000040587,63717.46,3.29,0.1287062000006088,0.014972919999959413,0.6768830400035717,0.0,63866.52
0.0231555000063964,64284.15,3.3,0.12877332500095945,0.014968444999936036,0.6772768400056288,0.0,63951.89
0.023606200003996502,63791.94,3.3,0.12884093000059946,0.014963937999960035,0.6776734560035169,0.0,63887.84
0.0241408000001684,63674.97,3.29,0.12892112000002526,0.014958591999998315,0.6781439040001481,0.0,63887.84
0.0245965000067372,63951.89,3.3,0.12898947500101057,0.014954034999932628,0.6785449200059287,0.0,63951.89
0.0250482000119519,63632.5,3.29,0.12905723000179278,0.014949517999880481,0.6789424160105176,0.0,63887.84
0.025604199996451003,64402.6,3.31,0.12914062999946765,0.01494395800003549,0.6794316959968769,0.0,63951.89
0.0260581000184175,63887.84,3.3,0.12920871500276263,0.014939418999815825,0.6798311280162074,0.0,63909.18
0.026505500019993702,63994.64,3.3,0.12927582500299906,0.014934944999800063,0.6802248400175944,0.0,63930.53
0.026951800013193902,64016.03,3.3,0.12934277000197908,0.01493048199986806,0.6806175840116107,0.0,63930.53
0.0274007999978494,63770.65,3.29,0.12941011999967741,0.014925992000021506,0.6810127039981074,0.0,63930.53
0.0278480999986641,64402.6,3.31,0.1294772149997996,0.014921519000013359,0.6814063279988244,0.0,63930.53
0.028291700000409103,63909.18,3.3,0.12954375500006135,0.014917082999995909,0.68179669600036,0.0,63930.53
0.0287397000065539,63930.53,3.3,0.12961095500098307,0.01491260299993446,0.6821909360057674,0.0,63930.53
0.0291871000081301,63930.53,3.3,0.1296780650012195,0.0149081289999187,0.6825846480071545,0.0,63930.53
0.0296343000081834,63696.22,3.29,0.1297451450012275,0.014903656999918167,0.6829781840072013,0.0,63909.18
0.0300816000089981,64424.17,3.31,0.12981224000134972,0.01489918399991002,0.6833718080079183,0.0,63930.53
0.030526799993822403,63909.18,3.3,0.12987901999907336,0.014894732000061776,0.6837635839945637,0.0,63930.53
0.0309847000171431,63909.18,3.3,0.12994770500257147,0.01489015299982857,0.6841665360150859,0.0,63930.53
0.0314337000017986,63994.64,3.3,0.13001505500026977,0.014885662999982015,0.6845616560015828,0.0,63941.22
0.0318818000087049,63653.73,3.29,0.13008227000130573,0.014881181999912951,0.6849559840076603,0.0,63941.22
0.0323285000049509,64327.19,3.3,0.13014927500074264,0.014876714999950491,0.6853490800043568,0.0,63951.89
0.0327751000004355,63983.94,3.3,0.1302162650000653,0.014872248999995645,0.6857420880003833,0.0,63941.22
0.0332294999971055,63951.89,3.3,0.13028442499956583,0.014867705000028946,0.6861419599974529,0.0,63941.22
0.033659000007901396,63941.22,3.3,0.1303488500011852,0.014863409999920987,0.6865199200069533,0.0,63951.89
0.0340875000110828,63685.59,3.29,0.1304131250016624,0.014859124999889173,0.6868970000097528,0.0,63941.22
0.034501499991165495,64402.6,3.31,0.1304752249986748,0.014854985000088345,0.6872613199922256,0.0,63951.89
0.034929400018882,63941.22,3.3,0.13053941000283228,0.01485070599981118,0.6876378720166162,0.0,63941.22
0.0353554000030272,63866.52,3.3,0.13060331000045408,0.014846445999969728,0.688012752002664,0.0,63941.22
0.035784000006970094,63962.57,3.3,0.13066760000104552,0.0148421599999303,0.6883899200061336,0.0,63941.22
0.036211099999491195,63643.11,3.29,0.13073166499992367,0.01483788900000509,0.6887657679995522,0.0,63941.22
0.0366377000173089,64434.94,3.31,0.13079565500259632,0.014833622999826912,0.6891411760152318,0.0,63962.57
0.0370671999990009,63898.52,3.3,0.13086007999985014,0.014829328000009991,0.6895191359991208,0.0,63962.57
0.0374932000122499,64026.72,3.3,0.13092398000183747,0.014825067999877501,0.6898940160107799,0.0,63962.57
0.0379200000024867,63962.57,3.3,0.130988000000373,0.014820799999975133,0.6902696000021883,0.0,63962.57
0.0383495000132826,63653.73,3.29,0.13105242500199238,0.014816504999867175,0.6906475600116887,0.0,63962.57
0.0387799000018277,64478.12,3.31,0.13111698500027416,0.014812200999981723,0.6910263120016084,0.0,63973.26
0.0392078000004404,63962.57,3.3,0.13118117000006604,0.014807921999995597,0.6914028640003875,0.0,63962.57
0.0396372000104748,64016.03,3.3,0.13124558000157122,0.014803627999895253,0.6917807360092179,0.0,63962.57
0.040065600012894796,63973.26,3.3,0.13131016800199868,0.014801968000386844,0.6921583840114763,0.0,63962.57
0.0404906000185293,63643.11,3.29,0.13137604300287203,0.01481471800055588,0.6925366340164911,0.0,63919.86
0.0409668000065722,64402.6,3.31,0.1314498540010187,0.014829004000197165,0.6929604520058492,0.0,63962.57
0.041397299995878795,63877.18,3.3,0.1315165814993612,0.014841918999876363,0.6933435969963322,0.0,63941.22
0.041824700019788,63909.18,3.3,0.13158282850306713,0.01485474100059364,0.6937239830176113,0.0,63930.53
0.0422555000113789,63919.86,3.3,0.13164960250176372,0.014867665000341366,0.6941073950101272,0.0,63930.53
0.042684400017606094,63696.22,3.29,0.13171608200272894,0.014880532000528182,0.6944891160156694,0.0,63919.86
0.043110300000989796,64402.6,3.31,0.1317820965001534,0.014893309000029694,0.6948681670008809,0.0,63930.53
0.0435404000163544,63941.22,3.3,0.13184876200253492,0.014906212000490632,0.6952509560145554,0.0,63919.86
0.043968900019535795,63930.53,3.3,0.13191517950302803,0.014919067000586074,0.6956323210173868,0.0,63930.53
0.0443937999953051,64026.72,3.3,0.13198103899927227,0.014931813999859152,0.6960104819958215,0.0,63930.53
0.0448220999969636,63706.84,3.29,0.13204742549952936,0.014944662999908907,0.6963916689972977,0.0,63930.53
0.0452519000100438,64381.03,3.31,0.13211404450155678,0.014957557000301313,0.696774191008939,0.0,63941.22
0.0456821999978274,63845.2,3.3,0.13218074099966323,0.014970465999934821,0.6971571579980663,0.0,63930.53
0.046125499997287996,64016.03,3.3,0.13224945249957962,0.01498376499991864,0.6975516949975863,0.0,63930.53
0.0465394000057131,63887.84,3.3,0.1323136070008855,0.014996182000171393,0.6979200660050846,0.0,63898.52
0.0469491000112612,63664.34,3.29,0.13237711050174547,0.015008473000337835,0.6982846990100224,0.0,63887.84
0.0473600999976043,64413.39,3.31,0.13244081549962866,0.015020802999928128,0.6986504889978679,0.0,63898.52
0.0477736000029836,63898.52,3.3,0.13250490800046244,0.015033208000089508,0.6990185040026554,0.0,63898.52
0.048183600010816,63994.64,3.3,0.13256845800167646,0.015045508000324479,0.6993834040096262,0.0,63994.64
0.048584200005279896,63877.18,3.3,0.1326305510008184,0.015057526000158396,0.6997399380046991,0.0,63994.64
0.048997400008374895,63621.9,3.29,0.1326945970012981,0.015069922000251246,0.7001076860074537,0.0,63994.64
0.049407700018491596,64424.17,3.31,0.1327581935028662,0.015082231000554747,0.7004728530164575,0.0,64005.33
0.049817199993413,64048.12,3.3,0.13282166599897902,0.01509451599980239,0.7008373079941376,0.0,63994.64
0.0502373999916017,64037.41,3.3,0.13288679699869826,0.01510712199974805,0.7012112859925255,0.0,63994.64
0.050636800006032,64005.33,3.3,0.13294870400093495,0.015119104000180959,0.7015667520053684,0.0,63962.57
0.0510363999928814,63643.11,3.29,0.13301064199889662,0.01513109199978644,0.7019223959936645,0.0,63962.57
0.0514364000118804,64456.53,3.31,0.13307264200184146,0.015143092000356411,0.7022783960105735,0.0,64005.33
0.0518309000181035,63866.52,3.3,0.13313378950280602,0.015154927000543104,0.7026295010161121,0.0,63962.57
0.0522388000099454,63951.89,3.3,0.13319701400154152,0.01516716400029836,0.7029925320088514,0.0,63962.57
0.052640000008978,63962.57,3.3,0.13325920000139158,0.015179200000269339,0.7033496000079904,0.0,63951.89
0.0530393999943044,63621.9,3.29,0.13332110699911717,0.01519118199982913,0.7037050659949309,0.0,63930.53
0.0534379000018817,64434.94,3.31,0.13338287450029165,0.01520313700005645,0.7040597310016746,0.0,63951.89
0.0538942000130192,63898.52,3.3,0.13345360100201797,0.015216826000390576,0.704465838011587,0.0,63930.53
0.0543049999978394,64016.03,3.3,0.1335172749996651,0.01522914999993518,0.704831449998077,0.0,63951.89
0.0547060999961105,63930.53,3.3,0.13357944549939713,0.015241182999883314,0.7051884289965383,0.0,63930.53
0.0551087000058033,63781.29,3.3,0.1336418485008995,0.015253261000174097,0.7055467430051648,0.0,63898.52
0.0555098000040744,64230.41,3.3,0.13370401900063153,0.01526529400012223,0.7059037220036262,0.0,63930.53
0.055905300017911996,63866.52,3.3,0.13376532150277634,0.015277159000537359,0.7062557170159416,0.0,63909.18
0.056300800002645694,64144.55,3.3,0.13382662400041007,0.01528902400007937,0.7066077120023546,0.0,63930.53
0.056698200001847,63866.52,3.3,0.13388822100028627,0.01530094600005541,0.7069613980016438,0.0,63930.53
0.05709200000274,63653.73,3.29,0.13394926000042467,0.0153127600000822,0.7073118800024385,0.0,63909.18
0.0575573999958579,64166.0,3.3,0.13402139699935797,0.015326721999875736,0.7077260859963135,0.0,63941.22
0.057958999997936196,63909.18,3.3,0.1340836449996801,0.015338769999938084,0.7080835099981632,0.0,63909.18
0.058359400019980995,64133.81,3.3,0.13414570700309703,0.015350782000599429,0.708439866017783,0.0,63941.22
0.0587566000176594,63941.22,3.3,0.1342072730027372,0.01536269800052978,0.7087933740157168,0.0,63941.22
0.0591528000077233,63706.84,3.29,0.1342686840011971,0.015374584000231699,0.7091459920068737,0.0,63941.22
0.0595466000086163,64273.4,3.3,0.1343297230013355,0.015386398000258488,0.7094964740076685,0.0,64005.33
0.0599436000047718,63621.9,3.29,0.13439125800073962,0.015398308000143152,0.7098498040042468,0.0,63941.22
0.0603486000036355,64016.03,3.3,0.1344540330005635,0.015398256999981824,0.7102207120033446,0.0,64005.33
0.060744300018996,64005.33,3.3,0.13451536650294438,0.015396278499905021,0.7105847560174763,0.0,63941.22
0.0611413000151515,63685.59,3.29,0.13457690150234847,0.015394293499924242,0.7109499960139393,0.0,63930.53
0.061539300018921494,64381.03,3.31,0.1346385915029328,0.015392303499905393,0.7113161560174077,0.0,63930.53
0.06193830000120219,63611.28,3.29,0.13470043650018632,0.015390308499993989,0.711683236001106,0.0,63930.53
0.0623363000049722,64016.03,3.3,0.13476212650077068,0.01538831849997514,0.7120493960045744,0.0,63930.53
0.0627305000089109,63930.53,3.3,0.13482322750138118,0.015386347499955447,0.712412060008198,0.0,63930.53
0.0631266999989748,63664.34,3.29,0.1348846384998411,0.015384366500005126,0.7127765639990568,0.0,63930.53
0.0635239999974147,63930.53,3.3,0.13494621999959927,0.015382380000012926,0.7131420799976215,0.0,63930.53
0.0639225000049919,63706.84,3.29,0.13500798750077372,0.015380387499975041,0.7135087000045925,0.0,63919.86
0.0643233000009787,64005.33,3.3,0.1350701115001517,0.015378383499995107,0.7138774360009004,0.0,63930.53
0.0647016000002623,63930.53,3.3,0.13512874800004065,0.015376491999998689,0.7142254720002412,0.0,63930.53
0.0650856000138447,63653.73,3.29,0.13518826800214592,0.015374571999930777,0.714578752012737,0.0,63919.86
0.0654676000121981,63919.86,3.3,0.1352474780018907,0.01537266199993901,0.7149301920112222,0.0,63930.53
0.0658496000105516,63781.29,3.3,0.13530668800163548,0.015370751999947242,0.7152816320097074,0.0,63919.86
0.0662296999944374,64187.46,3.3,0.1353656034991378,0.015368851500027814,0.7156313239948824,0.0,63930.53
0.06660950000514279,63930.53,3.3,0.13542447250079712,0.015366952499974286,0.7159807400047313,0.0,63919.86
0.0669907999981661,63664.34,3.29,0.13548357399971575,0.01536504600000917,0.7163315359983128,0.0,63877.18
0.0673740000056569,63994.64,3.3,0.1355429700008768,0.015363129999971716,0.7166840800052043,0.0,63919.86
0.0677546999941115,63781.29,3.3,0.13560197849908728,0.015361226500029442,0.7170343239945826,0.0,63877.18
0.0681349000078626,64230.41,3.3,0.1356609095012187,0.015359325499960687,0.7173841080072335,0.0,63930.53
0.0685183000168764,63877.18,3.3,0.13572033650261583,0.015357408499915619,0.7177368360155262,0.0,63930.53
0.0689000000129454,63664.34,3.29,0.13577950000200653,0.015355499999935273,0.7180880000119098,0.0,63877.18
0.0692883000010625,64016.03,3.3,0.13583968650016467,0.015353558499994688,0.7184452360009774,0.0,63962.57
0.0696580999938306,63410.18,3.29,0.13589700549904374,0.015351709500030846,0.7187854519943241,0.0,63877.18
0.07002849999116739,64155.26,3.3,0.13595441749863094,0.015349857500044164,0.719126219991874,0.0,63962.57
0.0703963999985718,63962.57,3.3,0.13601144199977863,0.015348018000007142,0.719464687998686,0.0,63877.18
0.07076510001206769,63770.65,3.29,0.1360685905018705,0.015346174499939661,0.7198038920111023,0.0,63877.18
0.0711331999918912,64262.65,3.3,0.13612564599874313,0.015344334000040543,0.7201425439925399,0.0,63909.18
0.0714992000139319,63494.75,3.29,0.13618237600215943,0.01534250399993034,0.7204792640128173,0.0,63877.18
0.0718706000188832,64166.0,3.3,0.1362399430029269,0.015340646999905583,0.7208209520173725,0.0,63909.18
0.0722403000108898,63877.18,3.3,0.13629724650168792,0.015338798499945551,0.7211610760100186,0.0,63909.18
0.0726067000068725,63632.5,3.29,0.13635403850106526,0.015336966499965637,0.7214981640063227,0.0,63877.18
0.0729758999950719,63909.18,3.3,0.13641126449923616,0.01533512050002464,0.7218378279954661,0.0,63909.18
0.0733457000169438,63515.92,3.29,0.1364685835026263,0.01533327149991528,0.7221780440155883,0.0,63877.18
0.0737123000144493,64090.96,3.3,0.13652540650223965,0.015331438499927753,0.7225153160132933,0.0,63909.18
0.0741143999912311,63909.18,3.3,0.13658773199864083,0.015329428000043844,0.7228852479919325,0.0,63909.18
0.0744765000126791,63696.22,3.29,0.13664385750196525,0.015327617499936604,0.7232183800116647,0.0,63909.18
0.0748462000046857,63909.18,3.3,0.1367011610007263,0.01532576899997657,0.7235585040043108,0.0,63909.18
0.0752292000106536,63590.07,3.29,0.1367605260016513,0.015323853999946731,0.7239108640098013,0.0,63909.18
0.0756569000077434,64327.19,3.3,0.13682681950120024,0.015321715499961282,0.724304348007124,0.0,63909.18
0.0760335999948439,64016.03,3.3,0.13688520799920081,0.01531983200002578,0.7246509119952563,0.0,63909.18
0.0764051000005566,63674.97,3.29,0.1369427905000863,0.015317974499997217,0.7249926920005121,0.0,63909.18
0.0767771000100766,63919.86,3.3,0.13700045050156187,0.015316114499949617,0.7253349320092705,0.0,63919.86
0.07715409999946139,63749.37,3.29,0.13705888549991652,0.015314229500002692,0.7256817719995045,0.0,63919.86
0.0775084999913816,64219.67,3.3,0.13711381749866416,0.015312457500043092,0.7260078199920711,0.0,63919.86
0.0778660000069067,64016.03,3.3,0.13716923000107056,0.015310669999965465,0.7263367200063542,0.0,63919.86
0.0782227000163403,63632.5,3.29,0.13722451850253276,0.015308886499918298,0.726664884015033,0.0,63919.86
0.0785759999998846,63919.86,3.3,0.13727927999998213,0.015307120000000576,0.7269899199998938,0.0,63919.86
0.0789331000123639,63537.09,3.29,0.1373346305019164,0.01530533449993818,0.7273184520113748,0.0,63919.86
0.0792899999942165,64251.9,3.3,0.13738994999910356,0.015303550000028917,0.7276467999946792,0.0,63930.53
0.0796444000152406,63930.53,3.3,0.13744488200236232,0.015301777999923796,0.7279728480140213,0.0,63930.53
0.0800029000092764,63643.11,3.29,0.13750047850153063,0.015300145000463821,0.7283028130089981,0.0,63919.86
0.08035800000652679,63983.94,3.3,0.13755907000107695,0.01531790000032634,0.728647260006331,0.0,63919.86
0.0807124999992084,63621.9,3.29,0.1376175624998694,0.01533562499996042,0.7289911249992321,0.0,63909.18
0.0810697000124492,64241.16,3.3,0.13767650050205413,0.015353485000622462,0.7293376090120757,0.0,63930.53
0.0814256000157912,63941.22,3.3,0.13773522400260557,0.015371280000789562,0.7296828320153175,0.0,63909.18
0.0817805000115186,63706.84,3.29,0.13779378250190058,0.01538902500057593,0.7300270850111731,0.0,63909.18
0.0821349000034389,63909.18,3.3,0.13785225850056743,0.015406745000171945,0.7303708530033357,0.0,63909.18
0.082492400018964,63473.6,3.29,0.13791124600312907,0.015424620000948202,0.7307176280183951,0.0,63909.18
0.0828488999977708,64294.91,3.3,0.1379700684996322,0.015442444999888541,0.7310634329978377,0.0,63909.18
0.0832063000125345,63909.18,3.3,0.1380290395020682,0.015460315000626727,0.7314101110121585,0.0,63909.18
0.08356230001663789,63632.5,3.29,0.13808777950274526,0.015478115000831896,0.7317554310161387,0.0,63898.52
0.0839177000161726,63930.53,3.3,0.1381464205026685,0.015495885000808632,0.7321001690156874,0.0,63909.18
0.0842762000102085,63389.06,3.29,0.13820557300168443,0.015513810000510426,0.7324479140099023,0.0,63898.52
0.084633299993584,64305.66,3.3,0.13826449449894138,0.015531664999679201,0.7327943009937765,0.0,63909.18
0.0849887999938801,63898.52,3.3,0.13832315199899023,0.015549439999694006,0.7331391359940637,0.0,63909.18
0.08534690001397399,63770.65,3.29,0.13838223850230572,0.015567345000698701,0.7334864930135547,0.0,63898.52
0.08570500000496399,64026.72,3.3,0.13844132500081907,0.015585250000248201,0.733833850004815,0.0,63930.53
0.0860581000160892,63632.5,3.29,0.13849958650265473,0.015602905000804461,0.7341763570156066,0.0,63898.52
0.0864057000144385,64294.91,3.3,0.13855694050238238,0.015620285000721925,0.7345135290140054,0.0,63941.22
0.08676490001380449,63951.89,3.3,0.13861620850227777,0.015638245000690224,0.7348619530133904,0.0,63930.53
0.0871200000110548,63749.37,3.29,0.13867480000182406,0.01565600000055274,0.7352064000107231,0.0,63930.53
0.0874765000189655,63941.22,3.3,0.13873362250312932,0.015673825000948275,0.7355522050183966,0.0,63930.53
0.087834700010717,63632.5,3.29,0.13879272550176833,0.01569173500053585,0.7358996590103954,0.0,63845.2
0.08819000000949019,64273.4,3.3,0.1388513500015659,0.01570950000047451,0.7362443000092055,0.0,63930.53
0.0885455000097864,63930.53,3.3,0.13891000750161478,0.01572727500048932,0.7365891350094929,0.0,63930.53
0.08890380000229929,63781.29,3.3,0.1389691270003794,0.015745190000114966,0.7369366860022303,0.0,63845.2
0.0892596000048798,63845.2,3.3,0.13902783400080518,0.01576298000024399,0.7372818120047334,0.0,63930.53
0.0896120000106749,63653.73,3.29,0.13908598000176137,0.015780600000533745,0.7376236400103546,0.0,63845.2
0.08996929999557329,64381.03,3.31,0.1391449344992696,0.015798464999778664,0.7379702209957061,0.0,63930.53
0.0903410000028089,63941.22,3.3,0.13920626500046349,0.015817050000140446,0.7383307700027246,0.0,63930.53
0.0907284000131768,63653.73,3.29,0.1392701860021742,0.01583642000065884,0.7387065480127815,0.0,63930.53
0.09108780001406559,63973.26,3.3,0.13932948700232084,0.01585439000070328,0.7390551660136436,0.0,63930.53
0.0914442999928724,63685.59,3.29,0.13938830949882397,0.01587221499964362,0.7394009709930862,0.0,63930.53
0.0917994000192266,64359.49,3.31,0.1394469010031724,0.01588997000096133,0.7397454180186498,0.0,63941.22
0.09215860001859259,63930.53,3.3,0.13950616900306778,0.01590793000092963,0.7400938420180349,0.0,63930.53
0.092515900003491,63951.89,3.3,0.13956512350057604,0.01592579500017455,0.7404404230033863,0.0,63930.53
0.0928731000167318,63930.53,3.3,0.13962406150276077,0.01594365500083659,0.7407869070162298,0.0,63930.53
0.0932364000182134,63611.28,3.29,0.13968400600300523,0.01596182000091067,0.741139308017667,0.0,63930.53
0.0935969999991358,64348.72,3.31,0.1397435049998574,0.015979849999956792,0.7414890899991617,0.0,63930.53
0.09395470001618379,63930.53,3.3,0.13980252550267033,0.01599773500080919,0.7418360590156983,0.0,63930.53
0.0943149999948219,63877.18,3.3,0.13986197499914563,0.016015749999741095,0.7421855499949773,0.0,63930.53
0.0947681000106968,64069.53,3.3,0.139936736501765,0.01603840500053484,0.742625057010376,0.0,63930.53
0.09512990000075659,63728.1,3.29,0.13999643350012486,0.01605649500003783,0.742976003000734,0.0,63930.53
0.0954843999934383,64230.41,3.3,0.14005492599891733,0.016074219999671915,0.7433198679936351,0.0,63941.22
0.095842900016578,63973.26,3.3,0.14011407850273538,0.0160921450008289,0.7436676130160806,0.0,63941.22
0.09619959999690769,63866.52,3.3,0.1401729339994898,0.016109979999845384,0.7440136119970004,0.0,63941.22
0.0965551999979653,63941.22,3.3,0.14023160799966428,0.016127759999898263,0.7443585439980264,0.0,63941.22
0.09691089999978429,63706.84,3.29,0.1402902984999644,0.016145544999989214,0.7447035729997908,0.0,63941.22
0.0972660999977962,64316.43,3.3,0.14034890649963638,0.01616330499988981,0.7450481169978623,0.0,63941.22
0.0976232000102755,63941.22,3.3,0.14040782800169546,0.016181160000513773,0.7453945040099673,0.0,63941.22
0.0979779000044801,63781.29,3.3,0.14046635350073922,0.016198895000224006,0.7457385630043457,0.0,63866.52
0.0983222000068054,63973.26,3.3,0.1405231630011229,0.01621611000034027,0.7460725340066013,0.0,63941.22
0.0987319000123535,63643.11,3.29,0.14059076350203834,0.016236595000617676,0.746469943011983,0.0,63855.85
0.09909269999479879,64316.43,3.3,0.14065029549914182,0.01625463499973994,0.7468199189949549,0.0,63941.22
0.0994451000005939,63855.85,3.3,0.140708441500098,0.016272255000029694,0.7471617470005761,0.0,63941.22
0.09979979999479839,63845.2,3.3,0.14076696699914173,0.01628998999973992,0.7475058059949545,0.0,63962.57
0.1001564000034705,63994.64,3.3,0.14082737000060735,0.01630078200001735,0.7478603100035573,0.0,63962.57
0.1005102999915835,63749.37,3.29,0.14088930249852713,0.016302551499957917,0.7482230574913731,0.0,63941.22
0.10086480001336899,64413.39,3.31,0.14095134000233958,0.016304324000066844,0.7485864200137032,0.0,63962.57
0.1012215999944602,63962.57,3.3,0.14101377999903056,0.0163061079999723,0.7489521399943218,0.0,63941.22
0.1015768999932334,63973.26,3.3,0.14107595749881585,0.016307884499966167,0.7493163224930642,0.0,63951.89
0.1019297000020743,63941.22,3.3,0.141137697500363,0.01630964850001037,0.7496779425021262,0.0,63962.57
0.1022875999915414,63643.11,3.29,0.14120032999851975,0.016311437999957705,0.75004478999133,0.0,63951.89
0.1026437999971677,64327.19,3.3,0.14126266499950435,0.016313218999985838,0.750409894997097,0.0,63962.57
0.1029961000022013,63845.2,3.3,0.14132431750038524,0.016314980500011005,0.7507710025022564,0.0,63951.89
0.1033522000070662,63951.89,3.3,0.1413866350012366,0.01631676100003533,0.7511360050072429,0.0,63951.89
0.1037088000157383,63962.57,3.3,0.1414490400027542,0.01631854400007869,0.7515015200161318,0.0,63951.89
0.1040644000167959,63685.59,3.29,0.14151127000293928,0.01632032200008398,0.7518660100172159,0.0,63951.89
0.104419000010239,64478.12,3.31,0.14157332500179184,0.016322095000051193,0.752229475010495,0.0,63962.57
0.10477430000901229,63930.53,3.3,0.14163550250157717,0.01632387150004506,0.7525936575092377,0.0,63951.89
0.105127699993318,64048.12,3.3,0.14169734749883067,0.01632563849996659,0.752955892493151,0.0,63962.57
0.1055449999985286,64005.33,3.3,0.14177037499974252,0.016327724999992643,0.7533836249984919,0.0,63962.57
0.1059266999945976,63674.97,3.29,0.1418371724990546,0.016329633499972986,0.7537748674944625,0.0,63962.57
0.1063203999947291,64348.72,3.31,0.1419060699990776,0.016331601999973647,0.7541784099945974,0.0,63983.94
0.1066814000078012,63887.84,3.3,0.14196924500136524,0.016333407000039005,0.7545484350079963,0.0,63962.57
0.10704080000869,63983.94,3.3,0.14203214000152076,0.01633520400004345,0.7549168200089073,0.0,63962.57
0.10744479999993929,63962.57,3.3,0.14210283999998938,0.016337223999999696,0.7553309199999378,0.0,63962.57
0.10784979999880309,63685.59,3.29,0.14217371499979056,0.016339248999994015,0.7557460449987732,0.0,63909.18
0.1082103000080679,64445.75,3.31,0.1422368025014119,0.016341051500040338,0.7561155575082696,0.0,63962.57
0.10856690001673999,63909.18,3.3,0.14229920750292951,0.0163428345000837,0.7564810725171586,0.0,63909.18
0.1089227000193205,63845.2,3.3,0.1423614725033811,0.016344613500096604,0.7568457675198036,0.0,63962.57
0.1092817000171636,63983.94,3.3,0.14242429750300364,0.016346408500085816,0.7572137425175928,0.0,63909.18
0.10964589999639429,63685.59,3.29,0.142488032499369,0.01634822949998197,0.7575870474963041,0.0,63909.18
0.1100035000126809,64413.39,3.31,0.14255061250221918,0.016350017500063405,0.7579535875129979,0.0,63909.18
0.1103490999958013,63877.18,3.3,0.14261109249926524,0.016351745499979007,0.7583078274956964,0.0,63909.18
0.1107040999922902,63983.94,3.3,0.1426732174986508,0.01635352049996145,0.7586717024920975,0.0,63909.18
0.1110604999994394,63909.18,3.3,0.1427355874999019,0.0163553024999972,0.7590370124994255,0.0,63909.18
0.1114177000126802,63674.97,3.29,0.14279809750221906,0.016357088500063403,0.7594031425129972,0.0,63909.18
0.11181210001814179,64456.53,3.31,0.14286711750317482,0.01635906050009071,0.7598074025185954,0.0,63909.18
0.1121761999966111,63909.18,3.3,0.14293083499940695,0.016360880999983056,0.7601806049965264,0.0,63909.18
0.1125355999975,64005.33,3.3,0.1429937299995625,0.0163626779999875,0.7605489899974375,0.0,63973.26
0.11288960001547829,63877.18,3.3,0.1430556800027087,0.016364448000077393,0.7609118400158653,0.0,63909.18
0.1132487000140828,63706.84,3.29,0.1431185225024645,0.016366243500070415,0.7612799175144349,0.0,63909.18
0.1136068000050728,64445.75,3.31,0.14318119000088775,0.016368034000025365,0.7616469700051997,0.0,63973.26
0.1139661000052002,63973.26,3.3,0.14324406750091004,0.016369830500026,0.7620152525053302,0.0,63909.18
0.1143214000039734,64058.82,3.3,0.14330624500069536,0.016371607000019866,0.7623794350040728,0.0,63919.86
0.11467929999344059,63898.52,3.3,0.1433688774988521,0.016373396499967205,0.7627462824932766,0.0,63898.52
0.11503710001125,63696.22,3.29,0.14343149250196877,0.01637518550005625,0.7631130275115313,0.0,63898.52
0.11539350001839929,64488.92,3.31,0.14349386250321988,0.016376967500092,0.7634783375188593,0.0,63919.86
0.1157530999917072,63781.29,3.3,0.14355679249854877,0.016378765499958536,0.7638469274914998,0.0,63898.52
0.11611060000723229,63919.86,3.3,0.14361935500126566,0.01638055300003616,0.7642133650074131,0.0,63898.52
0.1164679999928922,63834.54,3.3,0.14368189999875614,0.01638233999996446,0.7645796999927145,0.0,63877.18
0.11682660001679329,63621.9,3.29,0.14374465500293884,0.016384133000083966,0.7649472650172131,0.0,63834.54
0.1171861000184436,64219.67,3.3,0.14380756750322765,0.016385930500092218,0.7653157525189047,0.0,63877.18
0.1175431000010577,63813.23,3.3,0.14387004250018512,0.01638771550000529,0.7656816775010842,0.0,63877.18
0.1178997000097298,63973.26,3.3,0.14393244750170273,0.01638949850004865,0.766047192509973,0.0,63919.86
0.11825749999843539,63877.18,3.3,0.1439950624997262,0.016391287499992177,0.7664139374983963,0.0,63877.18
0.11861340000177739,63696.22,3.29,0.14405734500031106,0.01639306700000889,0.7667787350018218,0.0,63877.18
0.1189715999935288,64348.72,3.31,0.14412002999886755,0.016394857999967646,0.767145889993367,0.0,63919.86
0.119327099993825,63919.86,3.3,0.1441822424989194,0.016396635499969125,0.7675102774936706,0.0,63877.18
0.1196837000024971,63973.26,3.3,0.144244647500437,0.016398418500012488,0.7678757925025596,0.0,63919.86
0.1200779000064359,63823.89,3.3,0.14431402200115848,0.01640038950003218,0.7682829635068542,0.0,63877.18
0.1204915000125766,63600.69,3.29,0.1443884700022638,0.016402457500062886,0.768723447513394,0.0,63845.2
0.1208522999950219,64294.91,3.3,0.14445341399910394,0.01640426149997511,0.7691076994946983,0.0,63919.86
0.1212110999913421,63653.73,3.29,0.1445179979984416,0.01640605549995671,0.7694898214907794,0.0,63866.52
0.1215735000150744,63941.22,3.3,0.1445832300027134,0.016407867500075373,0.7698757775160542,0.0,63866.52
0.1219400000118185,63845.2,3.3,0.14464920000212733,0.016409700000059094,0.7702661000125867,0.0,63866.52
0.12228800001321359,63537.09,3.29,0.14471184000237847,0.016411440000066068,0.7706367200140725,0.0,63866.52
0.1226484999933746,64251.9,3.3,0.14477672999880745,0.016413242499966875,0.7710206524929439,0.0,63909.18
0.1230078999942635,63866.52,3.3,0.14484142199896743,0.016415039499971317,0.7714034134938906,0.0,63866.52
0.1233647000044585,63919.86,3.3,0.14490564600080255,0.016416823500022295,0.7717834055047483,0.0,63909.18
0.1237209000100848,63909.18,3.3,0.14496976200181527,0.016418604500050425,0.7721627585107403,0.0,63877.18
0.1241387000191026,63685.59,3.29,0.14504496600343847,0.016420693500095514,0.7726077155203442,0.0,63877.18
0.1245014000160154,64381.03,3.31,0.14511025200288277,0.016422507000080078,0.7729939910170563,0.0,63909.18
0.12486229999922219,63802.58,3.3,0.14517521399986,0.01642431149999611,0.7733783494991716,0.0,63877.18
0.12521860000561,63919.86,3.3,0.14523934800100982,0.01642609300002805,0.7737578090059747,0.0,63909.18
0.1255738000036218,63877.18,3.3,0.14530328400065193,0.01642786900001811,0.7741360970038572,0.0,63877.18
0.1259341000113637,63600.69,3.29,0.14536813800204548,0.01642967050005682,0.7745198165121023,0.0,63866.52
0.1262904000177514,64048.12,3.3,0.14543227200319525,0.016431452000088758,0.7748992760189053,0.0,63877.18
0.1266474000003655,63813.23,3.3,0.1454965320000658,0.016433237000001828,0.7752794810003892,0.0,63877.18
0.12700720000430019,64037.41,3.3,0.14556129600077405,0.016435036000021504,0.7756626680045797,0.0,63909.18
0.1273667000059505,63866.52,3.3,0.1456260060010711,0.016436833500029755,0.7760455355063373,0.0,63909.18
0.127721400000155,63579.48,3.29,0.1456898520000279,0.016438607000000775,0.776423291000165,0.0,63909.18
0.12807949999114498,64026.72,3.3,0.1457543099984061,0.016440397499955725,0.7768046674905694,0.0,63951.89
0.1284381000150461,63909.18,3.3,0.1458188580027083,0.01644219050007523,0.7771865765160241,0.0,63909.18
0.1287950999976602,64016.03,3.3,0.14588311799957884,0.016443975499988304,0.7775667814975081,0.0,63951.89
0.1291543999977876,63951.89,3.3,0.14594779199960178,0.01644577199998894,0.7779494359976438,0.0,63930.53
0.1295115000102669,63611.28,3.29,0.14601207000184804,0.016447557500051335,0.7783297475109342,0.0,63930.53
0.1298685999936425,64101.66,3.3,0.14607634799885566,0.016449342999968215,0.7787100589932292,0.0,63951.89
0.1302252000023146,63547.69,3.29,0.14614053600041663,0.016451126000011574,0.779089838002465,0.0,63930.53
0.1305853000085336,63962.57,3.3,0.14620535400153606,0.01645292650004267,0.7794733445090882,0.0,63951.89
0.1309430999972392,63930.53,3.3,0.14626975799950306,0.016454715499986197,0.7798544014970598,0.0,63930.53
0.13130140001885598,63367.95,3.29,0.1463342520033941,0.01645650700009428,0.7802359910200816,0.0,63909.18
0.1316588000045158,64251.9,3.3,0.14639858400081285,0.01645829400002258,0.7806166220048093,0.0,63909.18
0.1320160000177566,63600.69,3.29,0.14646288000319618,0.016460080000088785,0.7809970400189108,0.0,63855.85
0.1324118000047748,64069.53,3.3,0.14653412400085947,0.016462059000023874,0.7814185670050852,0.0,63909.18
0.1327698999957648,63909.18,3.3,0.14659858199923767,0.016463849499978825,0.7817999434954895,0.0,63898.52
0.1331282000173815,63643.11,3.29,0.14666307600312867,0.01646564100008691,0.7821815330185112,0.0,63855.85
0.1334866000106559,63855.85,3.3,0.14672758800191807,0.01646743300005328,0.7825632290113486,0.0,63898.52
0.1338462000130676,63685.59,3.29,0.14679231600235218,0.016469231000065337,0.7829462030139169,0.0,63855.85
0.1341921999992338,64048.12,3.3,0.1468545959998621,0.01647096099999617,0.783314692999184,0.0,63898.52
0.1345490000094288,63898.52,3.3,0.14691882000169718,0.016472745000047143,0.7836946850100417,0.0,63898.52
0.1349086000118405,63558.28,3.29,0.1469835480021313,0.016474543000059204,0.7840776590126101,0.0,63855.85
0.1352654999936931,63930.53,3.3,0.14704778999886475,0.016476327499968465,0.7844577574932832,0.0,63855.85
0.1356205000192859,63685.59,3.29,0.14711169000347146,0.01647810250009643,0.7848358325205395,0.0,63813.23
0.13597930001560599,64187.46,3.3,0.14717627400280908,0.016479896500078032,0.7852179545166204,0.0,63898.52
0.1363389000180178,63941.22,3.3,0.1472410020032432,0.01648169450009009,0.785600928519189,0.0,63898.52
0.1366939000145067,63590.07,3.29,0.1473049020026112,0.016483469500072536,0.7859790035154496,0.0,63813.23
0.1370528000115883,63813.23,3.3,0.1473695040020859,0.016485264000057943,0.7863612320123415,0.0,63930.53
0.1374116000079085,63760.01,3.29,0.14743408800142355,0.016487058000039544,0.7867433540084225,0.0,63813.23
0.13776919999509118,64123.1,3.3,0.14749845599911643,0.016488845999975455,0.7871241979947721,0.0,63941.22
0.1381265000090935,63962.57,3.3,0.14756277000163684,0.01649063250004547,0.7875047225096845,0.0,63855.85
0.1384831000177656,63600.69,3.29,0.1476269580031978,0.016492415500088828,0.7878845015189203,0.0,63813.23
0.1388397999980953,63973.26,3.3,0.14769116399965715,0.016494198999990477,0.7882643869979714,0.0,63855.85
0.1391983999928926,63410.18,3.29,0.14775571199872067,0.016495991999964463,0.7886462959924306,0.0,63855.85
0.1395568000152708,64069.53,3.3,0.14782022400274875,0.016497784000076354,0.7890279920162634,0.0,63962.57
0.1399134999956005,63855.85,3.3,0.1478844299992081,0.016499567499978003,0.7894078774953145,0.0,63855.85
0.1402737000025809,63579.48,3.29,0.14794926600046457,0.0165,0.7897942275027744,0.0,63855.85
0.1406481000012719,63962.57,3.3,0.14801665800022895,0.0165,0.7901967075013673,0.0,63855.85
0.1410082000074909,63325.76,3.29,0.14808147600134836,0.0165,0.7905838150080526,0.0,63855.85
0.1413674000068568,64080.24,3.3,0.14814613200123422,0.0165,0.790969955007371,0.0,63855.85
0.1417249999940396,63855.85,3.3,0.14821049999892713,0.0165,0.7913543749935925,0.0,63855.85
0.14208610000787308,63621.9,3.29,0.14827549800141715,0.0165,0.7917425575084636,0.0,63855.85
0.1424475999956485,63909.18,3.3,0.14834056799921672,0.0165,0.7921311699953221,0.0,63855.85
0.1428077000018675,63547.69,3.29,0.14840538600033615,0.0165,0.7925182775020075,0.0,63845.2
0.14316199999302628,64155.26,3.3,0.14846915999874474,0.0165,0.7928991499925032,0.0,63855.85
0.1435201000131201,63877.18,3.3,0.14853361800236162,0.0165,0.793284107514104,0.0,63845.2
0.1438790000102018,63696.22,3.29,0.1485982200018363,0.0165,0.7936699250109669,0.0,63823.89
0.1442362999951002,63845.2,3.3,0.14866253399911802,0.0165,0.7940540224947327,0.0,63845.2
0.1446294000197668,63537.09,3.29,0.14873329200355803,0.0165,0.7944766050212493,0.0,63823.89
0.1449926999921445,64187.46,3.3,0.148798685998586,0.0165,0.7948671524915554,0.0,63845.2
0.14535000000614678,63823.89,3.3,0.14886300000110642,0.0165,0.7952512500066078,0.0,63845.2
0.1457075999933295,63664.34,3.29,0.1489273679987993,0.0165,0.7956356699928292,0.0,63823.89
0.1460541000124068,63919.86,3.3,0.14898973800223322,0.0165,0.7960081575133373,0.0,63845.2
0.1464109999942594,63664.34,3.29,0.1490539799989667,0.0165,0.7963918249938289,0.0,63823.89
0.14676689999760129,64208.92,3.3,0.14911804199956824,0.0165,0.7967744174974214,0.0,63855.85
0.1471251000184566,63855.85,3.3,0.1491825180033222,0.0165,0.7971594825198408,0.0,63855.85
0.1474911000113935,63674.97,3.29,0.14924839800205084,0.0165,0.797552932512248,0.0,63855.85
0.1478479999932461,64058.82,3.3,0.1493126399987843,0.0165,0.7979365999927396,0.0,63887.84
0.1482049000042025,63515.92,3.29,0.14937688200075644,0.0165,0.7983202675045177,0.0,63855.85
0.1485594999976457,64208.92,3.3,0.14944070999957623,0.0165,0.7987014624974691,0.0,63887.84
0.14891449999413459,63887.84,3.3,0.14950460999894422,0.0165,0.7990830874936947,0.0,63877.18
0.1492728000157513,63505.34,3.29,0.14956910400283524,0.0165,0.7994682600169326,0.0,63877.18
0.1496314000105486,63941.22,3.3,0.14963365200189874,0.0165,0.7998537550113397,0.0,63887.84
0.14998859999468558,63431.32,3.29,0.1496979479990434,0.0165,0.800237744994287,0.0,63877.18
0.1503661000169814,64187.46,3.3,0.14976589800305665,0.0165,0.800643557518255,0.0,63887.84
0.1507254000171088,63877.18,3.3,0.1498305720030796,0.0165,0.8010298050183919,0.0,63887.84
0.15108090001740498,63558.28,3.29,0.1498945620031329,0.0165,0.8014119675187104,0.0,63877.18
0.1514402000175324,63898.52,3.3,0.14995923600315583,0.0165,0.8017982150188473,0.0,63898.52
0.1517963999940549,63399.63,3.29,0.15002335199892988,0.0165,0.802181129993609,0.0,63877.18
0.152153000002727,64166.0,3.3,0.15008754000049085,0.0165,0.8025644750029315,0.0,63898.52
0.1525107999914326,63930.53,3.3,0.15015194399845785,0.0165,0.80294910999079,0.0,63898.52
0.1528700000199024,63611.28,3.29,0.15021660000358242,0.0165,0.803335250021395,0.0,63898.52
0.15322780000860808,63909.18,3.3,0.15028100400154945,0.0165,0.8037198850092537,0.0,63898.52
0.1535864000034053,63494.75,3.29,0.15034555200061295,0.0165,0.8041053800036607,0.0,63898.52
0.1539445999951568,64230.41,3.3,0.15041002799912823,0.0165,0.8044904449947936,0.0,63909.18
0.1543014000053518,63898.52,3.3,0.15047425200096332,0.0165,0.8048740050057532,0.0,63898.52
0.1546594999963418,63770.65,3.29,0.15053870999934152,0.0165,0.8052589624960674,0.0,63855.85
0.1550155000004452,63930.53,3.3,0.15060279000008012,0.0165,0.8056416625004786,0.0,63898.52
0.1553726000129246,63579.48,3.29,0.15066706800232643,0.0165,0.806025545013894,0.0,63855.85
0.1557314000092447,64262.65,3.3,0.15073165200166405,0.0165,0.806411255009938,0.0,63898.52
0.156088899995666,63855.85,3.3,0.15079600199921986,0.0165,0.806795567495341,0.0,63898.52
0.1564448999997695,63674.97,3.29,0.1508600819999585,0.0165,0.8071782674997522,0.0,63855.85
0.1568375999922865,63919.86,3.3,0.15093076799861155,0.0165,0.807600419991708,0.0,63919.86
0.1572140000062064,63717.46,3.29,0.15099852000111713,0.0165,0.8080050500066719,0.0,63855.85
0.1575903000193649,64381.03,3.31,0.15106625400348567,0.0165,0.8084095725208172,0.0,63919.86
0.1579388999962248,63919.86,3.3,0.15112900199932044,0.0165,0.8087843174959417,0.0,63887.84
0.1582991000032053,63696.22,3.29,0.15119383800057695,0.0165,0.8091715325034458,0.0,63887.84
0.1586567999911495,63951.89,3.3,0.1512582239984069,0.0165,0.8095560599904857,0.0,63919.86
0.1590120000182651,63621.9,3.29,0.15132216000328771,0.0165,0.809937900019635,0.0,63887.84
0.1593721999961418,64294.91,3.3,0.15138699599930552,0.0165,0.8103251149958525,0.0,63919.86
0.159729500010144,63887.84,3.3,0.1514513100018259,0.0165,0.8107092125109048,0.0,63887.84
0.1600873999996111,63664.34,3.29,0.15151573199993,0.016500436999998057,0.8110922069995897,0.0,63855.85
0.1604452000174206,63941.22,3.3,0.1515801360031357,0.016502226000087102,0.8114696860183788,0.0,63887.84
0.1608018999977503,63621.9,3.29,0.15164434199959503,0.016504009499988752,0.8118460044976266,0.0,63855.85
0.1611597000155598,64327.19,3.3,0.15170874600280077,0.0165057985000778,0.8122234835164156,0.0,63887.84
0.1615186000126414,63855.85,3.3,0.15177334800227543,0.016507593000063207,0.8126021230133367,0.0,63887.84
0.1618755999952555,63738.73,3.29,0.15183760799914597,0.016509377999976278,0.8129787579949945,0.0,63855.85
0.1622327000077349,63951.89,3.3,0.15190188600139226,0.016511163500038676,0.8133554985081604,0.0,63855.85
0.1625928000139539,63674.97,3.29,0.1519667040025117,0.01651296400006977,0.8137354040147213,0.0,63855.85
0.1629496999958065,64327.19,3.3,0.15203094599924516,0.016514748499979033,0.8141119334955759,0.0,63855.85
0.16330519999610268,63898.52,3.3,0.15209493599929846,0.016516525999980512,0.8144869859958883,0.0,63855.85
0.163665600004606,63855.85,3.3,0.15215980800082907,0.01651832800002303,0.8148672080048593,0.0,63834.54
0.1640222000132781,63813.23,3.3,0.15222399600239006,0.016520111000066392,0.8152434210140084,0.0,63855.85
0.1643796999996994,63674.97,3.29,0.15228834599994587,0.016521898499998498,0.8156205834996828,0.0,63834.54
0.1647395000036341,64337.96,3.3,0.15235311000065413,0.01652369750001817,0.8160001725038339,0.0,63855.85
0.1650993000075687,63823.89,3.3,0.15241787400136236,0.016525496500037845,0.816379761507985,0.0,63855.85
0.1654541000025347,63834.54,3.3,0.15248173800045622,0.016527270500012674,0.8167540755026741,0.0,63845.2
0.1658125999965705,63887.84,3.3,0.15254626799938267,0.016529062999982854,0.8171322929963819,0.0,63845.2
0.1661707000166644,63664.34,3.29,0.15261072600299957,0.016530853500083324,0.8175100885175809,0.0,63845.2
0.1665272999962327,64251.9,3.3,0.15267491399932187,0.016532636499981164,0.8178863014960255,0.0,63855.85
0.1668829999980517,63887.84,3.3,0.1527389399996493,0.016534414999990258,0.8182615649979446,0.0,63845.2
0.16724219999741768,63845.2,3.3,0.15280359599953516,0.01653621099998709,0.8186405209972757,0.0,63845.2
0.167599300009897,63855.85,3.3,0.15286787400178145,0.016537996500049484,0.8190172615104413,0.0,63855.85
0.1679568999970798,63600.69,3.29,0.15293224199947436,0.0165397844999854,0.8193945294969192,0.0,63845.2
0.1683174000063446,64284.15,3.3,0.152997132001142,0.016541587000031725,0.8197748570066935,0.0,63855.85
0.1686769000079949,63845.2,3.3,0.15306184200143907,0.016543384500039976,0.8201541295084346,0.0,63855.85
0.1690358000050765,63770.65,3.29,0.15312644400091377,0.016545179000025383,0.8205327690053557,0.0,63845.2
0.1694283999968321,63941.22,3.3,0.15319711199942976,0.01654714199998416,0.8209469619966578,0.0,63855.85
0.1697769000020344,63653.73,3.29,0.1532598420003662,0.016548884500010172,0.8213146295021463,0.0,63845.2
0.170132500003092,64337.96,3.3,0.15332385000055654,0.01655066250001546,0.821689787503262,0.0,63855.85
0.1704903999925592,63973.26,3.3,0.15338827199866065,0.016552451999962796,0.8220673719921499,0.0,63855.85
0.1708463999966626,63632.5,3.29,0.15345235199939924,0.016554231999983314,0.822442951996479,0.0,63877.18
0.1712042000144721,63855.85,3.3,0.15351675600260495,0.01655602100007236,0.822820431015268,0.0,63877.18
0.1715638000168838,63706.84,3.29,0.15358148400303906,0.01655781900008442,0.8231998090178123,0.0,63866.52
0.1719189000141342,64391.82,3.31,0.15364540200254415,0.016559594500070673,0.8235744395149115,0.0,63877.18
0.1722747000167147,63887.84,3.3,0.15370944600300862,0.016561373500083573,0.823949808517634,0.0,63866.52
0.17263479999382988,63877.18,3.3,0.15377426399888935,0.01656317399996915,0.8243297139934904,0.0,63855.85
0.1729905999964104,63866.52,3.3,0.15383830799935386,0.016564952999982053,0.8247050829962129,0.0,63866.52
0.1733456999936607,63653.73,3.29,0.15390222599885892,0.016566728499968302,0.825079713493312,0.0,63866.52
0.1737043000175618,64327.19,3.3,0.1539667740031611,0.01656852150008781,0.8254580365185277,0.0,63877.18
0.1740813000069466,63834.54,3.3,0.15403463400125036,0.01657040650003473,0.8258557715073286,0.0,63866.52
0.1744384000194259,63781.29,3.3,0.15409891200349665,0.01657219200009713,0.8262325120204943,0.0,63866.52
0.1747991000011098,63930.53,3.3,0.15416383800019975,0.01657399550000555,0.8266130505011707,0.0,63866.52
0.1751573999936227,63632.5,3.29,0.15422833199885208,0.016575786999968114,0.8269910569932719,0.0,63834.54
0.1755148000083864,64284.15,3.3,0.15429266400150954,0.016577574000041933,0.8273681140088476,0.0,63887.84
0.1758710000140127,63823.89,3.3,0.15435678000252226,0.016579355000070062,0.8277439050147833,0.0,63834.54
0.1762300000118558,63941.22,3.3,0.15442140000213403,0.01658115000005928,0.8281226500125077,0.0,63823.89
0.1765862000174821,63887.84,3.3,0.15448551600314675,0.01658293100008741,0.8284984410184435,0.0,63845.2
0.1769444000092336,63643.11,3.29,0.15454999200166203,0.016584722000046168,0.8288763420097414,0.0,63823.89
0.1773015999933705,64359.49,3.31,0.15461428799880667,0.016586507999966853,0.8292531879930058,0.0,63845.2
0.1776575999974739,63802.58,3.3,0.1546783679995453,0.01658828799998737,0.8296287679973349,0.0,63823.89
0.1780161999922712,63823.89,3.3,0.1547429159986088,0.016590080999961357,0.830007090991846,0.0,63845.2
0.1783737000077963,63845.2,3.3,0.15480726600140332,0.01659186850003898,0.830384253508225,0.0,63845.2
0.1787299000134226,63600.69,3.29,0.15487138200241604,0.01659364950006711,0.8307600445141607,0.0,63823.89
0.1790881000051741,64381.03,3.31,0.15493585800093132,0.01659544050002587,0.8311379455054586,0.0,63845.2
0.1794460999954027,63791.94,3.3,0.15500029799917248,0.016597230499977012,0.8315156354951497,0.0,63845.2
0.17980099999113008,63887.84,3.3,0.15506417999840338,0.01659900499995565,0.8318900549906422,0.0,63855.85
0.1801599000173156,63855.85,3.3,0.15512718300294362,0.016597601499740267,0.832259100517229,0.0,63877.18
0.1805478000023868,63568.87,3.29,0.15519312600040575,0.016591782999964198,0.8326450610023748,0.0,63877.18
0.180905300017912,64434.94,3.31,0.155253901003045,0.01658642049973132,0.8330007735178223,0.0,63887.84
0.1812621999997646,63930.53,3.3,0.15531457399995996,0.016581067000003533,0.8333558889997656,0.0,63877.18
0.1816473999933806,63973.26,3.3,0.1553800579988747,0.016575289000099292,0.8337391629934136,0.0,63887.84
0.182006300019566,63877.18,3.3,0.15544107100332621,0.01656990549970651,0.834096268519468,0.0,63877.18
0.1823625999968499,63653.73,3.29,0.15550164199946445,0.016564561000047252,0.8344507869968656,0.0,63877.18
0.1827199000108522,64348.72,3.31,0.15556238300184486,0.016559201499837216,0.8348063005107978,0.0,63930.53
0.1830764000187628,63866.52,3.3,0.15562298800318966,0.016553853999718558,0.8351610180186689,0.0,63877.18
0.183432299993001,63973.26,3.3,0.15568349099881015,0.016548515500104985,0.8355151384930359,0.0,63877.18
0.1837902000115719,63855.85,3.3,0.15574433400196722,0.01654314699982642,0.835871249011514,0.0,63877.18
0.1841536000138149,63643.11,3.29,0.1558061120023485,0.016537695999792778,0.8362328320137458,0.0,63866.52
0.18451089999871328,64316.43,3.3,0.15586685299978126,0.016532336500019302,0.8365883454987196,0.0,63930.53
0.1848694999935106,63834.54,3.3,0.1559278149988968,0.01652695750009734,0.836945152493543,0.0,63866.52
0.1852251999953297,63930.53,3.3,0.15598828399920603,0.016521622000070055,0.837299073995353,0.0,63930.53
0.185624400008237,63983.94,3.3,0.15605614800140027,0.016515633999876444,0.8376962780081958,0.0,63919.86
0.1859890000196174,63653.73,3.29,0.15611813000333494,0.01651016499970574,0.8380590550195193,0.0,63919.86
0.1863455999991857,64305.66,3.3,0.15617875199986156,0.016504816000012214,0.8384138719991897,0.0,63930.53
0.186704199993983,63866.52,3.3,0.1562397139989771,0.016499437000090256,0.838770678994013,0.0,63919.86
0.1870647000032478,63941.22,3.3,0.1563009990005521,0.016494029499951282,0.8391293765032315,0.0,63930.53
0.1874225999927149,63919.86,3.3,0.15636184199876152,0.016488661000109275,0.8394854869927513,0.0,63941.22
0.18777859999681829,63653.73,3.29,0.1564223619994591,0.016483321000047724,0.8398397069968342,0.0,63919.86
0.1881391000060831,64273.4,3.3,0.15648364700103412,0.016477913499908754,0.8401984045060527,0.0,63941.22
0.1884982000046876,63813.23,3.3,0.15654469400079687,0.016472526999929685,0.8405557090046641,0.0,63919.86
0.1888552000164055,63994.64,3.3,0.15660538400278892,0.016467171999753918,0.8409109240163234,0.0,63941.22
0.1892129000043497,63951.89,3.3,0.15666619300073945,0.016461806499934752,0.8412668355043279,0.0,63919.86
0.1895717000006699,63558.28,3.29,0.15672718900011387,0.01645642449998995,0.8416238415006665,0.0,63898.52
0.1899298999924213,64294.91,3.3,0.1567880829987116,0.01645105150011368,0.8419802504924592,0.0,63951.89
0.1902869000041392,63834.54,3.3,0.15684877300070366,0.01644569649993791,0.8423354655041184,0.0,63898.52
0.1906642999965698,64069.53,3.3,0.15691293099941686,0.016440035500051454,0.8427109784965869,0.0,63909.18
0.1910254000104033,63898.52,3.3,0.15697431800176856,0.01643461899984395,0.8430702730103512,0.0,63898.52
0.1913859000196681,63621.9,3.29,0.15703560300334357,0.016429211499704978,0.8434289705195698,0.0,63866.52
0.19174450001446539,64337.96,3.3,0.1570965650024591,0.01642383249978302,0.843785777514393,0.0,63898.52
0.1921015999978409,63685.59,3.29,0.15715727199963295,0.016418476000032385,0.8441410919978517,0.0,63866.52
0.1924607999972068,63909.18,3.3,0.15721833599952514,0.016413088000041896,0.8444984959972207,0.0,63898.52
0.1928200999973342,63866.52,3.3,0.1572794169995468,0.016407698500039987,0.8448559994973475,0.0,63866.52
0.1931753999961075,63590.07,3.29,0.15733981799933827,0.016402369000058387,0.845209522996127,0.0,63823.89
0.1935260000173003,64402.6,3.31,0.15739942000294105,0.016397109999740495,0.8455583700172138,0.0,63866.52
0.1939213000005112,63760.01,3.29,0.1574666210000869,0.01639118049999233,0.8459516935005086,0.0,63866.52
0.1942792000190821,63941.22,3.3,0.15752746400324397,0.016385811999713767,0.8463078040189866,0.0,63866.52
0.194637500011595,63823.89,3.3,0.15758837500197115,0.016380437499826074,0.8466643125115371,0.0,63866.52
0.1949971000140068,63632.5,3.29,0.15764950700238115,0.016375043499789896,0.8470221145139367,0.0,63866.52
0.195355700008804,64026.72,3.3,0.15771046900149668,0.016369664499867938,0.8473789215087599,0.0,63877.18
0.195712899992941,63866.52,3.3,0.15777119299879996,0.016364306500105882,0.8477343354929763,0.0,63866.52
0.19607180001912639,64112.37,3.3,0.15783220600325149,0.016358922999713102,0.8480914410190308,0.0,63877.18
0.196429800009355,63877.18,3.3,0.15789306600159037,0.016353552999859675,0.8484476510093082,0.0,63877.18
0.19678660001955,63664.34,3.29,0.1579537220033235,0.016348200999706748,0.8488026670194523,0.0,63877.18
0.1971481000073255,64026.72,3.3,0.15801517700124534,0.016342778499890114,0.8491623595072889,0.0,63898.52
0.1975057999952697,63770.65,3.29,0.15807598599919587,0.016337413000070952,0.8495182709952934,0.0,63877.18
0.1978617999993731,64144.55,3.3,0.15813650599989343,0.0163320730000094,0.8498724909993762,0.0,63898.52
0.1982179000042379,63898.52,3.3,0.15819704300072046,0.01632673149993643,0.8502268105042167,0.0,63877.18
0.1985752000182402,63643.11,3.29,0.15825778400310084,0.016321371999726397,0.850582324018149,0.0,63877.18
0.1989310999924783,64187.46,3.3,0.15831828699872133,0.016316033500112823,0.8509364444925159,0.0,63898.52
0.1992898000171409,63770.65,3.29,0.15837926600291397,0.016310652999742884,0.8512933510170552,0.0,63877.18
0.1996463999967091,64090.96,3.3,0.15843988799944056,0.016305304000049363,0.8516481679967256,0.0,63898.52
0.200002500001574,63877.18,3.3,0.15850040000025184,0.0163002500001574,0.8520023625014874,0.0,63877.18
0.20035960001405329,63653.73,3.29,0.15855753600224853,0.01633596000140533,0.8523398220132804,0.0,63834.54
0.2007147000113037,64187.46,3.3,0.1586143520018086,0.016371470001130373,0.8526753915106821,0.0,63877.18
0.2010711000184529,63558.28,3.29,0.15867137600295247,0.016407110001845294,0.8530121895174381,0.0,63834.54
0.2014287000056357,64005.33,3.3,0.15872859200090172,0.016442870000563572,0.8533501215053257,0.0,63877.18
0.2017859000188765,63834.54,3.3,0.15878574400302026,0.016478590001887655,0.8536876755178383,0.0,63855.85
0.2021409000153654,63590.07,3.29,0.15884254400245848,0.01651409000153654,0.8540231505145203,0.0,63834.54
0.2024999000132084,64155.26,3.3,0.15889998400211336,0.016549990001320843,0.854362405512482,0.0,63855.85
0.20285820000572138,63568.87,3.29,0.15895731200091542,0.01658582000057214,0.8547009990054067,0.0,63834.54
0.2032141000090633,64026.72,3.3,0.15901425600145014,0.01662141000090633,0.8550373245085648,0.0,63855.85
0.2035697000101209,63855.85,3.3,0.15907115200161936,0.016656970001012093,0.8553733665095643,0.0,63855.85
0.2039286000072025,63664.34,3.29,0.1591285760011524,0.016692860000720254,0.8557125270068064,0.0,63855.85
0.2042857000196819,63866.52,3.3,0.15918571200314913,0.016728570001968195,0.8560499865185994,0.0,63866.52
0.2046408000169322,63685.59,3.29,0.15924252800270916,0.016764080001693223,0.856385556016001,0.0,63855.85
0.20500109999557029,64251.9,3.3,0.15930017599929125,0.01680010999955703,0.8567260394958139,0.0,63866.52
0.2053476000146475,63973.26,3.3,0.1593556160023436,0.016834760001464753,0.8570534820138419,0.0,63855.85
0.2057037000195124,63611.28,3.29,0.159412592003122,0.016870370001951244,0.8573899965184393,0.0,63855.85
0.2060967000143137,63887.84,3.3,0.1594754720022902,0.016909670001431374,0.8577613815135264,0.0,63866.52
0.206456200015964,63664.34,3.29,0.15953299200255425,0.0169456200015964,0.858101109015086,0.0,63855.85
0.2072423000063282,64198.19,3.3,0.15965876800101253,0.017024230000632825,0.8588439735059802,0.0,63887.84
0.2076837999920827,63855.85,3.3,0.15972940799873325,0.017068379999208273,0.8592611909925182,0.0,63855.85
0.2080488000065089,63568.87,3.29,0.15978780800104145,0.017104880000650895,0.859606116006151,0.0,63834.54
0.2084093000157737,63898.52,3.3,0.1598454880025238,0.017140930001577372,0.8599467885149061,0.0,63855.85
0.2087717000104022,63505.34,3.29,0.15990347200166435,0.017177170001040225,0.8602892565098301,0.0,63834.54
0.20912780001526698,64101.66,3.3,0.15996044800244272,0.017212780001526703,0.8606257710144273,0.0,63855.85
0.2094868000131101,63834.54,3.3,0.16001788800209762,0.017248680001311013,0.8609650260123891,0.0,63855.85
0.2098462000139989,63590.07,3.29,0.16007539200223983,0.01728462000139989,0.861304659013229,0.0,63834.54
0.2102180999936536,63919.86,3.3,0.1601348959989846,0.017321809999365362,0.8616561044940027,0.0,63866.52
0.2105726000154391,63463.02,3.29,0.16019161600247026,0.017357260001543914,0.8619911070145899,0.0,63834.54
0.2109324000193738,64219.67,3.3,0.16024918400309981,0.01739324000193738,0.8623311180183083,0.0,63866.52
0.2112926999980119,63866.52,3.3,0.1603068319996819,0.017429269999801194,0.8626716014981213,0.0,63866.52
0.2116495000082069,63600.69,3.29,0.1603639200013131,0.017464950000820694,0.8630087775077555,0.0,63866.52
0.21200719999615109,63909.18,3.3,0.1604211519993842,0.01750071999961511,0.8633468039963628,0.0,63866.52
0.21236440000939188,63378.51,3.29,0.1604783040015027,0.01753644000093919,0.8636843580088753,0.0,63866.52
0.2127209000173025,64080.24,3.3,0.16053534400276842,0.017572090001730253,0.8640212505163509,0.0,63866.52
0.2130778999999166,63898.52,3.3,0.16059246399998667,0.017607789999991665,0.8643586154999212,0.0,63866.52
0.2134367999969982,63632.5,3.29,0.16064988799951974,0.017643679999699822,0.8646977759971634,0.0,63866.52
0.2137924999988173,63866.52,3.3,0.16070679999981077,0.017679249999881734,0.8650339124988824,0.0,63887.84
0.2141505000181497,63420.74,3.29,0.16076408000290396,0.01771505000181497,0.8653722225171515,0.0,63866.52
0.21450530001311569,64241.16,3.3,0.16082084800209853,0.017750530001311573,0.8657075085123943,0.0,63887.84
0.2148610000149347,63909.18,3.3,0.16087776000238957,0.01778610000149347,0.8660436450141134,0.0,63866.52
0.2152206000173465,63643.11,3.29,0.16093529600277545,0.01782206000173465,0.8663834670163925,0.0,63802.58
0.2155774999991991,63887.84,3.3,0.16099239999987186,0.017857749999919913,0.8667207374992432,0.0,63866.52
0.2159332000010182,63441.88,3.29,0.16104931200016293,0.017893320000101822,0.8670568740009622,0.0,63802.58
0.21628920000512158,64230.41,3.3,0.16110627200081948,0.01792892000051216,0.8673932940048399,0.0,63887.84
0.216646100016078,63802.58,3.3,0.1611633760025725,0.017964610001607803,0.8677305645151937,0.0,63887.84
0.2170022999926005,63611.28,3.29,0.1612203679988161,0.018000229999260053,0.8680671734930075,0.0,63802.58
0.2173577999928967,63983.94,3.3,0.16127724799886348,0.018035779999289674,0.8684031209932874,0.0,63887.84
0.2177162000152749,63558.28,3.29,0.161334592002444,0.018071620001527493,0.8687418090144348,0.0,63802.58
0.2180607000191231,64262.65,3.3,0.1613897120030597,0.018106070001912312,0.8690673615180714,0.0,63887.84
0.2184575000137557,63887.84,3.3,0.16145320000220093,0.018145750001375572,0.8694423375129992,0.0,63813.23
0.2188191000022926,63611.28,3.29,0.16151105600036683,0.018181910000229264,0.8697840495021666,0.0,63813.23
0.2191773999948055,63909.18,3.3,0.1615683839991689,0.018217739999480554,0.8701226429950912,0.0,63887.84
0.21953110001049939,63558.28,3.29,0.1616249760016799,0.01825311000104994,0.870456889509922,0.0,63813.23
0.2198895000037738,64316.43,3.3,0.1616823200006038,0.018288950000377384,0.8707955775035663,0.0,63887.84
0.220248099998571,63813.23,3.3,0.16173969599977137,0.01829503800002858,0.8711332139986567,0.0,63834.54
0.2206051000102889,63621.9,3.29,0.16179681600164625,0.01828789799979422,0.8714687940096716,0.0,63813.23
0.2209606000105851,63941.22,3.3,0.16185369600169364,0.018280787999788297,0.87180296400995,0.0,63823.89
0.2213177999947221,63568.87,3.29,0.16191084799915556,0.018273644000105557,0.8721387319950388,0.0,63813.23
0.2216730999934953,64166.0,3.3,0.16196769599895927,0.018266538000130093,0.8724727139938856,0.0,63823.89
0.22202849999303,63834.54,3.3,0.16202455999888482,0.0182594300001394,0.8728067899934483,0.0,63813.23
0.222386400011601,63526.51,3.29,0.16208182400185617,0.01825227199976798,0.8731432160109049,0.0,63813.23
0.2227453000086826,63823.89,3.3,0.16213924800138924,0.018245093999826347,0.8734805820081617,0.0,63823.89
0.2231032999989111,63452.46,3.29,0.16219652799982578,0.01823793400002178,0.8738171019989764,0.0,63813.23
0.2234577000199352,64241.16,3.3,0.16225323200318964,0.018230845999601297,0.8741502380187391,0.0,63823.89
0.2238122000126169,63802.58,3.3,0.16230995200201873,0.01822375599974766,0.8744834680118599,0.0,63823.89
0.2241901000088547,63813.23,3.3,0.16237041600141677,0.018216197999822905,0.8748386940083235,0.0,63813.23
0.2245490000059363,63930.53,3.3,0.1624278400009498,0.018209019999881275,0.8751760600055801,0.0,63823.89
0.2249042000039481,63473.6,3.29,0.1624846720006317,0.018201915999921037,0.8755099480037113,0.0,63813.23
0.2252620999934152,64273.4,3.3,0.16254193599894645,0.018194758000131695,0.8758463739938104,0.0,63845.2
0.2256205000157934,63845.2,3.3,0.16259928000252696,0.01818758999968413,0.8761832700148459,0.0,63845.2
0.2259764000191354,63728.1,3.29,0.16265622400306168,0.018180471999617292,0.8765178160179873,0.0,63845.2
0.2263343000086025,63845.2,3.3,0.16271348800137642,0.01817331399982795,0.8768542420080864,0.0,63845.2
0.2266930000041612,63579.48,3.29,0.1627708800006658,0.018166139999916776,0.8771914200039116,0.0,63845.2
0.2270507999928669,64284.15,3.3,0.1628281279988587,0.018158984000142663,0.8775277519932949,0.0,63845.2
0.2274055000161753,63866.52,3.3,0.16288488000258805,0.018151889999676495,0.8778611700152048,0.0,63845.2
0.2277643000124954,63717.46,3.29,0.16294228800199928,0.01814471399975009,0.8781984420117457,0.0,63845.2
0.2281212999951095,63845.2,3.3,0.16299940799921753,0.01813757400009781,0.878534021995403,0.0,63845.2
0.2284788000106346,63600.69,3.29,0.16305660800170155,0.018130423999787308,0.8788700720099966,0.0,63845.2
0.2288383000122849,64316.43,3.3,0.1631141280019656,0.018123233999754303,0.8792080020115478,0.0,63845.2
0.2292404000181705,63887.84,3.3,0.16317846400290728,0.018115191999636588,0.8795859760170803,0.0,63845.2
0.22960220000823028,63706.84,3.29,0.16323635200131684,0.018107955999835394,0.8799260680077365,0.0,63834.54
0.2299487999989652,63845.2,3.3,0.16329180799983445,0.018101024000020696,0.8802518719990273,0.0,63845.2
0.2303055000083987,63643.11,3.29,0.1633488800013438,0.018093889999832025,0.8805871700078948,0.0,63834.54
0.2307049999944866,64284.15,3.3,0.16341279999911787,0.018085900000110268,0.8809626999948175,0.0,63845.2
0.2310675000189804,63834.54,3.3,0.16347080000303688,0.018078649999620392,0.8813034500178416,0.0,63834.54
0.231424400000833,63590.07,3.29,0.16352790400013328,0.018071511999983338,0.881638936000783,0.0,63834.54
0.2317811000102666,63898.52,3.3,0.16358497600164265,0.018064377999794667,0.8819742340096507,0.0,63834.54
0.232139300002018,63558.28,3.29,0.16364228800032288,0.01805721399995964,0.882310942001897,0.0,63834.54
0.2324949000030756,64262.65,3.3,0.1636991840004921,0.01805010199993849,0.8826452060028911,0.0,63834.54
0.2328471000073478,63770.65,3.29,0.16375553600117565,0.018043057999853042,0.8829762740069069,0.0,63834.54
0.2332060000044294,63834.54,3.3,0.1638129600007087,0.018035879999911412,0.8833136400041637,0.0,63834.54
0.2335619000077714,63845.2,3.3,0.16386990400124343,0.018028761999844573,0.8836481860073052,0.0,63845.2
0.2339148000173737,63600.69,3.29,0.1639263680027798,0.018021703999652524,0.8839799120163313,0.0,63834.54
0.2342731000098866,64337.96,3.3,0.16398369600158186,0.018014537999802266,0.8843167140092935,0.0,63845.2
0.23462890001246708,63887.84,3.3,0.16404062400199473,0.018007421999750656,0.8846511660117191,0.0,63834.54
0.2349832000036259,63823.89,3.3,0.16409731200058014,0.01800033599992748,0.8849842080034084,0.0,63834.54
0.2353374999947846,63877.18,3.3,0.16415399999916552,0.017993250000104308,0.8853172499950975,0.0,63845.2
0.2356957000156399,63643.11,3.29,0.16421131200250239,0.0179860859996872,0.8856539580147016,0.0,63834.54
0.2360520999936853,64284.15,3.3,0.16426833599898966,0.017978958000126295,0.8859889739940642,0.0,63877.18
0.2364072000200395,63791.94,3.3,0.16432515200320633,0.017971855999599207,0.8863227680188371,0.0,63845.2
0.2367634999973234,63834.54,3.3,0.16438215999957173,0.017964730000053532,0.8866576899974841,0.0,63845.2
0.2371185999945738,63877.18,3.3,0.1644389759991318,0.017957628000108524,0.8869914839948995,0.0,63877.18
0.2374741999956314,63653.73,3.29,0.16449587199930102,0.01795051600008737,0.8873257479958936,0.0,63845.2
0.2378296999959276,64241.16,3.3,0.1645527519993484,0.017943406000081447,0.8876599179961719,0.0,63877.18
0.2381858000007924,63845.2,3.3,0.16460972800012677,0.017936283999984152,0.8879946520007449,0.0,63845.2
0.23854150000261148,63930.53,3.3,0.16466664000041784,0.01792916999994777,0.8883290100024549,0.0,63877.18
0.2389332000166178,63877.18,3.3,0.16472931200265883,0.017921335999667644,0.8886972080156208,0.0,63877.18
0.2392881000123453,63685.59,3.29,0.16478609600197525,0.017914237999753092,0.8890308140116047,0.0,63845.2
0.2396452999964823,64305.66,3.3,0.16484324799943717,0.017907094000070352,0.8893665819966934,0.0,63877.18
0.24000260001048448,63813.23,3.3,0.1649004030016251,0.01790010400041938,0.8897024050096982,0.0,63877.18
0.2403561999963131,63898.52,3.3,0.16495521099942853,0.017914247999852525,0.8900294849965896,0.0,63877.18
0.2407448000158184,63845.2,3.3,0.16501544400245186,0.017929792000632737,0.8903889400146321,0.0,63877.18
0.2411046999914106,63621.9,3.29,0.16507122849866865,0.017944187999656424,0.8907218474920549,0.0,63845.2
0.2414601000200492,64348.72,3.31,0.1651263155031076,0.017958404000801967,0.8910505925185456,0.0,63877.18
0.2418050999986008,63877.18,3.3,0.16517979049978312,0.017972203999944033,0.8913697174987057,0.0,63845.2
0.24216240001260309,63919.86,3.3,0.16523517200195348,0.017986496000504122,0.8917002200116579,0.0,63877.18
0.2425181000144221,63802.58,3.3,0.16529030550223542,0.018000724000576885,0.8920292425133405,0.0,63877.18
0.2429079000139609,63611.28,3.29,0.16535072450216393,0.018016316000558436,0.8923898075129139,0.0,63877.18
0.243264899996575,64316.43,3.3,0.16540605949946913,0.018030595999863,0.892720032496832,0.0,63898.52
0.2436211000022013,63845.2,3.3,0.1654612705003412,0.018044844000088052,0.8930495175020362,0.0,63877.18
0.2439752999925986,64005.33,3.3,0.16551617149885278,0.018059011999703944,0.8933771524931537,0.0,63866.52
0.2443305000197143,63898.52,3.3,0.16557122750305572,0.01807322000078857,0.8937057125182357,0.0,63866.52
0.2446855000162032,63611.28,3.29,0.1656262525025115,0.018087420000648127,0.894034087514988,0.0,63866.52
0.2450397000066005,64219.67,3.3,0.16568115350102308,0.01810158800026402,0.8943617225061055,0.0,63866.52
0.2453959000122268,63738.73,3.29,0.16573636450189516,0.018115836000489074,0.8946912075113098,0.0,63866.52
0.2457489999942482,63866.52,3.3,0.16579109499910846,0.018129959999769928,0.8950178249946796,0.0,63866.52
0.24610300001222649,63866.52,3.3,0.1658459650018951,0.01814412000048906,0.8953452750113096,0.0,63866.52
0.2464599999948405,63526.51,3.29,0.16590129999920028,0.01815839999979362,0.8956754999952276,0.0,63845.2
0.2468135000090115,64241.16,3.3,0.16595609250139678,0.01817254000036046,0.8960024875083357,0.0,63866.52
0.2471670999948401,63802.58,3.3,0.16601090049920023,0.018186683999793604,0.8963295674952271,0.0,63866.52
0.2475246000103653,63909.18,3.3,0.16606631300160662,0.018200984000414613,0.8966602550095879,0.0,63866.52
0.2478790000022855,63845.2,3.3,0.16612124500035425,0.01821516000009142,0.8969880750021141,0.0,63866.52
0.2482307000027504,63653.73,3.29,0.16617575850042632,0.018229228000110016,0.8973133975025441,0.0,63855.85
0.2485866000060924,64359.49,3.31,0.16623092300094433,0.018243464000243695,0.8976426050056355,0.0,63877.18
0.2489429000124801,63877.18,3.3,0.1662861495019344,0.018257716000499205,0.8979721825115441,0.0,63855.85
0.2492973000044004,63941.22,3.3,0.16634108150068205,0.018271892000176017,0.8983000025040704,0.0,63877.18
0.2496524000016507,63855.85,3.3,0.16639612200025586,0.01828609600006603,0.8986284700015269,0.0,63855.85
0.25000770000042405,63653.73,3.29,0.16645119350006574,0.018300308000016963,0.8989571225003923,0.0,63855.85
0.2503619000199252,64316.43,3.3,0.1665060945030884,0.018314476000797008,0.8992847575184308,0.0,63877.18
0.250713999994332,63781.29,3.3,0.16656066999912147,0.018328559999773283,0.8996104499947571,0.0,63855.85
0.25110729999141773,63941.22,3.3,0.16662163149866974,0.01834429199965671,0.8999742524920614,0.0,63855.85
0.25146339999628264,63845.2,3.3,0.16667682699942382,0.018358535999851305,0.9003036449965615,0.0,63855.85
0.25181800001882954,63674.97,3.29,0.16673179000291857,0.01837272000075318,0.9006316500174173,0.0,63845.2
0.2521737999923062,64316.43,3.3,0.16678693899880748,0.018386951999692248,0.9009607649928832,0.0,63887.84
0.2525270000041929,63717.46,3.29,0.16684168500064991,0.018401080000167717,0.9012874750038785,0.0,63845.2
0.25288119999459024,64048.12,3.3,0.1668965859991615,0.01841524799978361,0.901615109994996,0.0,63845.2
0.2532368999964093,63887.84,3.3,0.16695171949944346,0.018429475999856372,0.9019441324966786,0.0,63834.54
0.2535801000194625,63558.28,3.29,0.1670049155030167,0.0184432040007785,0.9022615925180029,0.0,63823.89
0.2539352000167128,64391.82,3.31,0.1670599560025905,0.018457408000668512,0.9025900600154594,0.0,63834.54
0.25428930000634875,63749.37,3.29,0.16711484150098407,0.01847157200025395,0.9029176025058726,0.0,63823.89
0.2546449000074063,63834.54,3.3,0.167169959501148,0.01848579600029625,0.9032465325068508,0.0,63834.54
0.25499849999323493,63823.89,3.3,0.16722476749895143,0.018499939999729396,0.9035736124937424,0.0,63834.54
0.25538940000114974,63590.07,3.29,0.16728535700017821,0.01851557600004599,0.9039351950010636,0.0,63823.89
0.255743599991547,63962.57,3.3,0.1673402579986898,0.018529743999661882,0.904262829992181,0.0,63834.54
0.256098200014094,63770.65,3.29,0.16739522100218457,0.018543928000563762,0.9045908350130369,0.0,63823.89
0.25645300000906,63845.2,3.3,0.1674502150014043,0.018558120000362402,0.9049190250083805,0.0,63834.54
0.25680820000707183,63866.52,3.3,0.16750527100109613,0.018572328000282873,0.9052475850065415,0.0,63834.54
0.25716020000982104,63579.48,3.29,0.16755983100152227,0.01858640800039284,0.9055731850090845,0.0,63834.54
0.2575350000115578,64101.66,3.3,0.16761792500179146,0.018601400000462315,0.905919875010691,0.0,63845.2
0.25788970000576233,63813.23,3.3,0.16767290350089317,0.018615588000230495,0.9062479725053302,0.0,63834.54
0.2582414000062273,64080.24,3.3,0.16772741700096525,0.018629656000249094,0.9065732950057602,0.0,63845.2
0.2585971000080463,63834.54,3.3,0.16778255050124719,0.018643884000321853,0.9069023175074429,0.0,63834.54
0.25895099999615934,63568.87,3.29,0.1678374049994047,0.018658039999846374,0.9072296749964474,0.0,63823.89
0.25930400000652304,64026.72,3.3,0.16789212000101109,0.018672160000260923,0.9075562000060338,0.0,63834.54
0.2596577999938746,63696.22,3.29,0.16794695899905057,0.018686311999754984,0.907883464994334,0.0,63823.89
0.260012500017183,63962.57,3.3,0.16800193750266337,0.018699937499914086,0.9082113125155507,0.0,63834.54
0.26036600000225013,63823.89,3.3,0.1680567300003488,0.018698169999988752,0.9085312300020364,0.0,63834.54
0.2607207999972162,63526.51,3.29,0.16811172399956853,0.01869639600001392,0.9088523239974806,0.0,63823.89
0.2610756999929436,64037.41,3.3,0.16816673349890626,0.018694621500035282,0.909173508493614,0.0,63877.18
0.2614291000063532,63526.51,3.29,0.16822151050098474,0.018692854499968235,0.9094933355057496,0.0,63823.89
0.26178359999903483,63962.57,3.3,0.16827645799985042,0.018691082000004827,0.9098141579991266,0.0,63877.18
0.262138199992478,63877.18,3.3,0.1683314209988341,0.01868930900003761,0.9101350709931926,0.0,63834.54
0.26249320001807075,63600.69,3.29,0.16838644600280098,0.018687533999909647,0.9104563460163541,0.0,63834.54
0.2628488000191283,64219.67,3.3,0.1684415640029649,0.01868575599990436,0.9107781640173112,0.0,63834.54
0.2632026000064798,63515.92,3.29,0.16849640300100438,0.0186839869999676,0.9110983530058643,0.0,63823.89
0.26359149999916565,63973.26,3.3,0.16855668249987069,0.018682042500004173,0.9114503074992449,0.0,63834.54
0.2639468999987003,63834.54,3.3,0.16861176949979856,0.0186802655000065,0.9117719444988238,0.0,63823.89
0.264302299998235,63600.69,3.29,0.16866685649972643,0.018678488500008826,0.9120935814984027,0.0,63802.58
0.2646524000156206,63823.89,3.3,0.1687211220024212,0.018676737999921898,0.9124104220141367,0.0,63823.89
0.26500410001608554,63611.28,3.29,0.16877563550249328,0.018674979499919572,0.9127287105145574,0.0,63802.58
0.2653474000107963,64005.33,3.3,0.16882884700167344,0.018673262999946018,0.9130393970097707,0.0,63823.89
0.2656974999990781,63802.58,3.3,0.1688831124998571,0.01867151250000461,0.9133562374991657,0.0,63823.89
0.2660506000102033,63568.87,3.29,0.16893784300158152,0.018669746999948986,0.913675793009234,0.0,63802.58
0.2664050000021235,63845.2,3.3,0.16899277500032917,0.018667974999989383,0.9139965250019217,0.0,63823.89
0.26675770001020294,63674.97,3.29,0.16904744350158146,0.018666211499948987,0.9143157185092337,0.0,63802.58
0.2671078999992461,64176.72,3.3,0.16910172449988314,0.01866446050000377,0.9146326494993178,0.0,63845.2
0.26749669999117043,63941.22,3.3,0.16916198849863143,0.01866251650004415,0.9149845134920093,0.0,63845.2
0.26785309999831963,63526.51,3.29,0.16921723049973955,0.0186607345000084,0.9153070554984792,0.0,63845.2
0.2682073000178207,63909.18,3.3,0.1692721315027622,0.018658963499910898,0.9156276065161277,0.0,63845.2
0.2685612000059337,63336.3,3.29,0.16932698600091972,0.01865719399997033,0.91594788600537,0.0,63845.2
0.2689155999978539,64058.82,3.3,0.16938191799966737,0.01865542200001073,0.9162686179980578,0.0,63909.18
0.2692694000143093,63845.2,3.3,0.16943675700221794,0.018653652999928452,0.91658880701295,0.0,63845.2
0.2696219999925234,63568.87,3.29,0.16949140999884113,0.018651890000037384,0.9169079099932337,0.0,63845.2
0.2699776999943425,63919.86,3.3,0.1695465434991231,0.018650111500028287,0.91722981849488,0.0,63845.2
0.27034590000403125,63336.3,3.29,0.16960361450062483,0.018648270499979844,0.9175630395036483,0.0,63834.54
0.2707057000079659,64026.72,3.3,0.16965938350123472,0.018646471499960172,0.9178886585072091,0.0,63845.2
0.2710587000183296,63845.2,3.3,0.16971409850284108,0.01864470649990835,0.9182081235165883,0.0,63834.54
0.27141509999637503,63494.75,3.29,0.16976934049943812,0.018642924500018126,0.9185306654967194,0.0,63781.29
0.271777200017823,63834.54,3.3,0.16982546600276258,0.018641113999910884,0.9188583660161298,0.0,63834.54
0.27213739999569964,63346.84,3.29,0.16988129699933344,0.0186393130000215,0.9191843469961082,0.0,63781.29
0.2724989000125789,64048.12,3.3,0.16993732950194973,0.018637505499937104,0.919511504511384,0.0,63834.54
0.27285979999578563,63781.29,3.3,0.16999326899934677,0.01863570100002107,0.919838118996186,0.0,63813.23
0.27322279999498283,63473.6,3.29,0.17004953399922235,0.018633886000025086,0.9201666339954595,0.0,63781.29
0.27357660001143824,63845.2,3.3,0.17010437300177292,0.01863211699994281,0.9204868230103516,0.0,63781.29
0.2739335999940523,63441.88,3.29,0.17015970799907812,0.01863033200002974,0.9208099079946174,0.0,63760.01
0.27434750000247743,64187.46,3.3,0.17022386250038402,0.018628262499987613,0.921184487502242,0.0,63781.29
0.27470529999118304,63813.23,3.3,0.17027932149863337,0.018626473500044084,0.9215082964920206,0.0,63781.29
0.27505930000916134,63611.28,3.29,0.17033419150142,0.018624703499954192,0.921828666508291,0.0,63760.01
0.2754165999940597,63760.01,3.29,0.17038957299907925,0.0186229170000297,0.9221520229946241,0.0,63813.23
0.27582060001441283,63463.02,3.29,0.170452193002234,0.018620896999927933,0.9225176430130436,0.0,63760.01
0.2761783000023571,64155.26,3.3,0.17050763650036535,0.018619108499988213,0.9228413615021331,0.0,63813.23
0.2765336000011303,63877.18,3.3,0.1705627080001752,0.01861733199999435,0.923162908001023,0.0,63802.58
0.27688789999228913,63611.28,3.29,0.17061762449880483,0.018615560500038552,0.9234835494930217,0.0,63760.01
0.27723320000222895,63866.52,3.3,0.1706711460003455,0.018613833999988855,0.9237960460020171,0.0,63802.58
0.27759100002003845,63526.51,3.29,0.17072660500310596,0.018612044999899807,0.9241198550181348,0.0,63802.58
0.2779451000096743,64144.55,3.3,0.17078149050149952,0.01861027449995163,0.9244403155087553,0.0,63866.52
0.2782973000139464,63802.58,3.3,0.1708360815021617,0.018608513499930267,0.9247590565126215,0.0,63802.58
0.2786515000043438,63558.28,3.29,0.17089098250067328,0.01860674249997828,0.9250796075039311,0.0,63781.29
0.2790033000055701,63877.18,3.3,0.17094551150086337,0.01860498349997215,0.9253979865050409,0.0,63781.29
0.279356100014411,63294.13,3.29,0.17100019550223372,0.018603219499927943,0.925717270513042,0.0,63770.65
0.27974779999931354,64198.19,3.3,0.1710609089998936,0.018601261000003432,0.9260717589993788,0.0,63781.29
0.2801021999912337,63781.29,3.3,0.17111584099864122,0.018603576999693176,0.9263935129919788,0.0,63781.29
0.2804552000015975,63484.17,3.29,0.1711705560002476,0.018615932000055912,0.9267165080014617,0.0,63770.65
0.2808096999942791,63770.65,3.29,0.17122550349911325,0.018628339499799768,0.9270408754947654,0.0,63781.29
0.2811646000191104,63441.88,3.29,0.17128051300296213,0.018640761000668863,0.927365609017486,0.0,63770.65
0.2815177000011318,64101.66,3.3,0.17133524350017543,0.01865311950003961,0.9276886955010356,0.0,63781.29
0.2818727999983822,63834.54,3.3,0.17139028399974923,0.018665547999943376,0.9280136119985197,0.0,63781.29
0.2822285000002012,63590.07,3.29,0.1714454175000312,0.01867799750000704,0.9283390775001841,0.0,63770.65
0.282582400017418,63866.52,3.3,0.1715002720026998,0.018690384000609628,0.9286628960159374,0.0,63791.94
0.28293730001314554,63346.84,3.29,0.17155528150203755,0.018702805500460093,0.9289876295120282,0.0,63791.94
0.2832930000149646,64187.46,3.3,0.17161041500231952,0.018715255000523758,0.9293130950136926,0.0,63823.89
0.2836463999992703,63823.89,3.3,0.1716651919998869,0.01872762399997446,0.9296364559993323,0.0,63791.94
0.28399930000887263,63738.73,3.29,0.17171989150137526,0.01873997550031054,0.9299593595081185,0.0,63770.65
0.28435470000840735,63791.94,3.3,0.17177497850130313,0.018752414500294256,0.9302845505076927,0.0,63791.94
0.2847077000187711,63336.3,3.29,0.17182969350290953,0.018764769500656985,0.9306075455171755,0.0,63770.65
0.2850621000106913,64187.46,3.3,0.17188462550165715,0.018777173500374195,0.9309318215097825,0.0,63791.94
0.28541430001496343,63770.65,3.29,0.17193921650231933,0.018789500500523717,0.9312540845136915,0.0,63791.94
0.2857672999962234,63685.59,3.29,0.17199393149941464,0.018801855499867817,0.9315770794965444,0.0,63770.65
0.2861221999919508,63898.52,3.3,0.17204894099875237,0.018814276999718278,0.931901812992635,0.0,63781.29
0.28647429999546153,63547.69,3.29,0.17210351649929653,0.018826600499841153,0.9322239844958473,0.0,63770.65
0.28682670000125665,64219.67,3.3,0.17215813850019476,0.01883893450004398,0.9325464305011498,0.0,63781.29
0.2871825000038371,63802.58,3.3,0.17221328750059475,0.018851387500134296,0.932871987503511,0.0,63770.65
0.2875379000033718,63590.07,3.29,0.17226837450052263,0.018863826500118013,0.9331971785030851,0.0,63717.46
0.28792279999470344,63781.29,3.3,0.17232803399917904,0.018877297999814618,0.9335493619951536,0.0,63781.29
0.28827950000413705,63590.07,3.29,0.17238332250064123,0.018889782500144794,0.9338757425037854,0.0,63717.46
0.28863640001509344,64133.81,3.3,0.17243864200233947,0.01890227400052827,0.9342023060138105,0.0,63717.46
0.2889806000166573,63717.46,3.29,0.1724919930025819,0.018914321000583004,0.9345172490152415,0.0,63590.07
0.28933410000172455,63568.87,3.29,0.1725467855002673,0.01892669350006036,0.9348407015015779,0.0,63590.07
0.2896894000004978,63823.89,3.3,0.17260185700007716,0.018939129000017423,0.9351658010004554,0.0,63568.87
0.2906467000138947,63188.88,3.28,0.17275023850215368,0.018972634500486314,0.9360417305127137,0.0,63547.69
0.2910274000023492,63094.35,3.28,0.17280924700036412,0.018985959000082223,0.9363900710021495,0.0,63241.48
0.2913849000178744,63209.92,3.29,0.17286465950277052,0.018998471500625603,0.936717183516355,0.0,63241.48
0.2917618000064977,63000.0,3.28,0.17292307900100715,0.019011663000227417,0.9370620470059454,0.0,63209.92
0.2921876000182238,63547.69,3.29,0.17298907800282468,0.019026566000637832,0.9374516540166747,0.0,63209.92
0.2925492000067607,63104.83,3.28,0.1730451260010479,0.019039222000236625,0.9377825180061861,0.0,63188.88
0.2929070999962278,63241.48,3.29,0.1731006004994153,0.019051748499867974,0.9381099964965485,0.0,63209.92
0.2932656000193675,63241.48,3.29,0.17315616800300196,0.019064296000677862,0.9384380240177213,0.0,63209.92
0.29362000001128774,62979.06,3.28,0.17321110000174958,0.01907670000039507,0.9387623000103282,0.0,63146.84
0.293973299994832,63621.9,3.29,0.17326586149919895,0.01908906549981912,0.9390855694952712,0.0,63241.48
0.2943279000173789,63094.35,3.28,0.17332082450269373,0.019101476500608262,0.9394100285159017,0.0,63146.84
0.29468220000853773,63252.0,3.29,0.17337574100132333,0.01911387700029882,0.939734213007812,0.0,63157.35
0.29503690000274224,63146.84,3.28,0.17343071950042505,0.01912629150009598,0.9400587635025092,0.0,63146.84
0.2953908999916167,62864.05,3.28,0.17348558949870058,0.019138681499706583,0.9403826734923293,0.0,63136.34
0.2957451000111178,63611.28,3.29,0.17354049050172324,0.01915107850038912,0.9407067665101727,0.0,63146.84
0.29609940000227664,63136.34,3.28,0.17359540700035286,0.01916347900007968,0.9410309510020831,0.0,63136.34
0.2964542999980041,63157.35,3.28,0.17365041649969062,0.01917590049993014,0.9413556844981738,0.0,63146.84
0.2968084000167438,63136.34,3.28,0.1737053020025953,0.019188294000586033,0.9416796860153205,0.0,63146.84
0.2971622000040953,62916.3,3.28,0.17376014100063478,0.019200677000143336,0.9420034130037471,0.0,63136.34
0.3005193000135478,63568.87,3.29,0.1742856845022354,0.019312982500338697,0.9450933350128704,0.0,63157.35
0.3134792000055314,63125.83,3.28,0.17642406800091268,0.019636980000138287,0.9574052400052548,0.0,63136.34
0.325742100016214,63188.88,3.28,0.17847615700275637,0.019627736999513583,0.969399521016376,0.0,63136.34
0.3379795000073501,63167.86,3.28,0.1805565150012495,0.019260614999779498,0.9817592950074235,0.0,63125.83
0.3505771000054666,62853.6,3.28,0.18280387800098397,0.019570198500191326,0.9950646115058219,0.0,63115.34
0.363115200016182,63537.09,3.29,0.18506073600291273,0.01983769599967636,1.0084176880172337,0.0,63125.83
0.3755545000021812,63052.39,3.28,0.18729981000039259,0.01958890999995638,1.0216655425023229,0.0,63115.34
0.3878107000200544,63115.34,3.28,0.1894668725035095,0.019812428000802174,1.0343669140204554,0.0,63104.83
0.3998528000083753,63083.86,3.28,0.1915742400014657,0.020294112000335013,1.0466498560085429,0.0,63104.83
0.41207049999502493,62791.0,3.28,0.19359163249917913,0.02042070499995025,1.0586290899951245,0.0,63083.86
0.423786300001666,63558.28,3.29,0.19552473950027488,0.02048106849999167,1.070015916501591,0.0,63104.83
0.435449200012954,63000.0,3.28,0.1974491180021374,0.02042275399993523,1.0811539860123711,0.0,63083.86
0.44434159999946143,63104.83,3.28,0.19889465599991382,0.020703911999962306,1.0896462279994856,0.0,63104.83
0.4569052000006196,63115.34,3.28,0.20090483200009915,0.021583364000043376,1.1016444660005917,0.0,63083.86
0.46929030001047073,62884.94,3.28,0.20293289950172766,0.021614193999790584,1.1135651395101043,0.0,63073.37
0.4820981000084431,63378.51,3.29,0.2050461865013931,0.021525886000506585,1.1259246665081475,0.0,63104.83
0.49431529999128554,62937.21,3.28,0.20706202449856212,0.022258917999477133,1.1377142644915905,0.0,63073.37
0.5066229999938515,63220.43,3.29,0.20909279499898548,0.022666229999938513,1.1497236549939438,0.0,63104.83
0.5189233999990394,63073.37,3.28,0.21112236099984147,0.022789233999990395,1.1618395489990538,0.0,63073.37
0.5312526999914554,62853.6,3.28,0.21321295899854742,0.022293628500384507,1.174096436491498,0.0,63010.48
0.5434169000072872,63410.18,3.29,0.2152808730012388,0.02208792950040079,1.1861998155072508,0.0,63073.37
0.5557785000128207,63000.0,3.28,0.2173823450021795,0.022767817500705136,1.1984996075127567,0.0,63010.48
0.5676688000094147,63167.86,3.28,0.2193653520015534,0.02261655999952927,1.2102154240092264,0.0,63073.37
0.5797225999995136,63010.48,3.28,0.22135422899991974,0.022013870000024322,1.2220281479995232,0.0,63073.37
0.591771700012032,62864.05,3.28,0.2233423305019853,0.023294887001323514,1.2337774075117312,0.0,63010.48
0.6035603999916931,63420.74,3.29,0.22526966399867088,0.02405758400033228,1.2451823799921082,0.0,63167.86
0.6131745000020602,62728.48,3.28,0.22680792000032962,0.023673019999917597,1.2543157750019571,0.0,63010.48
0.6253177000035067,63294.13,3.29,0.22875083200056107,0.023586119500122734,1.2657188725032436,0.0,63136.34
0.6378961000009441,63178.36,3.28,0.23076337600015107,0.024026363500033045,1.2773538925008734,0.0,63010.48
0.6499634000065272,62832.73,3.28,0.23269414400104438,0.024149817000032638,1.2888150470062336,0.0,62989.53
0.6619796000013595,63558.28,3.29,0.23463653200023113,0.0241901019999932,1.3003499060013393,0.0,63136.34
0.6745272999978625,62958.12,3.28,0.23676964099963665,0.024127363500010688,1.3127093904978948,0.0,62989.53
0.6867774999991526,63136.34,3.28,0.23885217499985595,0.02440498749996187,1.3248774999991526,0.0,63136.34
0.6990537999954541,62989.53,3.28,0.24093914599922722,0.02495742099979544,1.3371537999954541,0.0,63062.88
0.7115484999958427,62770.16,3.28,0.2431209874992725,0.02511548499995843,1.349994954995718,0.0,62989.53
0.7235369000118227,63558.28,3.29,0.24521895750206898,0.0252,1.3623960605123548,0.0,63062.88
0.735486099991249,62843.17,3.28,0.24731006749846857,0.0252,1.3748829744908553,0.0,63000.0
0.7474242000025698,63188.88,3.28,0.2493992350004497,0.02557121000012849,1.387172684002621,0.0,63062.88
0.7593155000067783,63062.88,3.28,0.2514802125011862,0.026165775000338915,1.3993018100069137,0.0,63062.88
0.7687061000033283,62749.32,3.28,0.25303650650054915,0.02585175599986687,1.4085319780032617,0.0,63062.88
0.7811113999923692,63146.84,3.28,0.2550778239987791,0.02548335499942769,1.4206558299927508,0.0,63083.86
0.7932975000003354,63000.0,3.28,0.25702760000005365,0.026397312500025152,1.4322326250003186,0.0,63062.88
0.8056424999958837,63230.96,3.29,0.258974587499362,0.02678715000008233,1.4437346749962543,0.0,63083.86
0.8177879000140821,63083.86,3.28,0.2608571245021827,0.02654424199971836,1.4547869890128147,0.0,63083.86
0.830250500002876,62822.3,3.28,0.26278882750044574,0.027115030000172558,1.4661792075026316,0.0,63083.86
0.8428248999989593,63104.83,3.28,0.26475198399983346,0.027601128500036428,1.4777554059990217,0.0,63104.83
0.8547112999949605,63000.0,3.28,0.2666538079991937,0.027185104500176385,1.4889286219952629,0.0,63083.86
0.8670410999911838,63283.6,3.29,0.2686617814985453,0.02728164399964735,1.5007298669914482,0.0,63104.83
0.879163300007349,63115.34,3.28,0.27066194450121256,0.027766532000293952,1.5124884010071284,0.0,63083.86
0.8912196000164841,62738.89,3.28,0.2727634300028847,0.0278,1.524631796016649,0.0,63052.39
0.9032416999980342,63220.43,3.29,0.274867297499656,0.0279134594999312,1.5369199934979263,0.0,63104.83
0.9152959999919406,62895.39,3.28,0.2769767999985896,0.028335359999717924,1.5496372799914975,0.0,63052.39
0.9269285000045785,63199.39,3.28,0.27908177250084704,0.02863857000009157,1.5620827800049448,0.0,63115.34
0.9365373000036925,63052.39,3.28,0.2808594005006831,0.02883074600007385,1.572460284003988,0.0,63052.39
0.9489161999954377,62770.16,3.28,0.283149496999156,0.02898916199995438,1.5859632389950045,0.0,63031.42
0.9611236999917311,63252.0,3.29,0.2854022659985116,0.029077526000165378,1.5992855034912763,0.0,63052.39
0.9736147999938113,62624.46,3.27,0.28765066399888606,0.028827704000123775,1.612463613993471,0.0,63031.42
0.9858453000197189,63209.92,3.29,0.28976447450325366,0.029109171001380326,1.6248699410191274,0.0,63052.39
0.9981162000040059,63031.42,3.28,0.291789173000661,0.02996813400028041,1.6367727140038857,0.0,63031.42
1.0102898000041025,62791.0,3.28,0.29364347000061536,0.029636958999815388,1.6477579220036513,0.0,62947.67
1.0229178000008687,63378.51,3.29,0.29553767000013026,0.029375068000052122,1.658909308000747,0.0,63031.42
1.0348561000137124,62655.64,3.28,0.2973284150020568,0.030091366000822743,1.6691762460117927,0.0,62947.67
1.045968299993547,63083.86,3.28,0.29896540349906425,0.030310475500096797,1.678762579494418,0.0,63031.42
1.0581269999966023,62947.67,3.28,0.3007284149995073,0.030128095000050963,1.6892798549970611,0.0,62979.06
1.070337200013455,62655.64,3.28,0.3026022660020855,0.03056517400060547,1.7004102240123786,0.0,62947.67
1.082455800002208,63062.88,3.28,0.30450520700036426,0.03102455800002208,1.7117066840021637,0.0,62968.59
1.0911708000057843,62655.64,3.28,0.3059431820009544,0.03111170800005784,1.7202473840056687,0.0,62947.67
1.10372680000728,63325.76,3.29,0.308052190001274,0.031349072000291196,1.7326827020073892,0.0,62968.59
1.1160427000140771,62979.06,3.28,0.3102074725024635,0.03184170800056308,1.7451833405142883,0.0,62947.67
1.1285545999999158,62770.16,3.28,0.3124398279999848,0.03195722700000042,1.7581823299999115,0.0,62926.75
1.141336600005161,62968.59,3.28,0.314740588000929,0.03192673200010322,1.7716502110055998,0.0,62926.75
1.1539642999996431,62707.66,3.28,0.3170135739999358,0.03217928599999287,1.7853512654996129,0.0,62926.75
1.1659838000196032,63252.0,3.29,0.3192070030036266,0.03235983800019603,1.7983924230212696,0.0,62926.75
1.1785269000101835,62926.75,3.28,0.3215274765018839,0.03248526900010184,1.8120016865110493,0.0,62926.75
1.1906836999987718,62645.24,3.27,0.3237230659997789,0.0327670924999693,1.8247644664987166,0.0,62874.5
1.2027558000118006,62926.75,3.28,0.32585470700194713,0.032972441999881995,1.8371731260114466,0.0,62926.75
1.2146934999909715,62572.52,3.27,0.3278244274985103,0.03285306500009029,1.8487526949912425,0.0,62874.5
1.226597100001527,63262.53,3.29,0.3297225505002367,0.03312985500007635,1.8598703755013821,0.0,62926.75
1.2386395999928936,62874.5,3.28,0.3315891379988985,0.03373197999964468,1.870768837993569,0.0,62884.94
1.2480906000128016,62666.04,3.28,0.3329731370018562,0.03347637599948793,1.8790792750112015,0.0,62874.5
1.2601726000139024,63094.35,3.28,0.3347267530021549,0.03300863000069512,1.8896536140123732,0.0,62884.94
1.2721495000005234,62562.16,3.27,0.33658317250008113,0.03360747500002617,1.9003130550004659,0.0,62874.5
1.2846184000081848,63273.06,3.29,0.33851585200126866,0.03404618400008185,1.911572020007571,0.0,62884.94
1.296965999994427,62884.94,3.28,0.3404297299991362,0.03416965999994427,1.922993549994845,0.0,62874.5
1.3096364999946672,62666.04,3.28,0.3424900224991201,0.034537277499813356,1.9350028574949072,0.0,62874.5
1.3217016000126025,62947.67,3.28,0.3444807640020794,0.03489149199993699,1.9466016000126025,0.0,62874.5
1.3340599999937695,62458.5,3.27,0.3465198999989719,0.034829700000031154,1.9589599999937695,0.0,62864.05
1.346341399999801,63031.42,3.28,0.34864145199996416,0.03499024199999403,1.971495055999793,0.0,62874.5
1.3584095000114755,62874.5,3.28,0.35081371000206557,0.03535228500034426,1.9840458800119345,0.0,62864.05
1.3704677000059746,62676.44,3.28,0.35298418600107545,0.0354,1.9969527775064226,0.0,62843.17
1.382333200017456,62864.05,3.28,0.35511997600314205,0.03548166200061095,2.0096848580185904,0.0,62864.05
1.3942761000071187,62551.78,3.27,0.35726969800128133,0.035899663500249146,2.022404046507581,0.0,62843.17
1.4062122000032105,63230.96,3.29,0.3593871350005618,0.03597575599993579,2.034898566003307,0.0,62864.05
1.4159937000076752,62843.17,3.28,0.36109889750134316,0.0357801259998465,2.0449735110079055,0.0,62864.05
1.428111799992621,62666.04,3.28,0.36317900599874553,0.03606503099966794,2.057009004992805,0.0,62843.17
1.4405961000011303,62864.05,3.28,0.36529537600018086,0.03660298050000565,2.0691662950010734,0.0,62843.17
1.4528159000037704,62468.85,3.27,0.36725054400060325,0.036664079500018855,2.080775105003582,0.0,62843.17
1.465054700005567,63178.36,3.28,0.36920875200089065,0.03697800850030617,2.092376691505261,0.0,62843.17
1.4771942000079434,62874.5,3.28,0.3711510720012709,0.03764568100043688,2.1038485190075065,0.0,62843.17
1.4895746000111103,62593.29,3.27,0.37313193600177763,0.03784787300005555,2.115452251010388,0.0,62843.17
1.502019100007601,62843.17,3.28,0.37511296050117815,0.03796057300022803,2.127077763007069,0.0,62843.17
1.5141091000114102,62572.52,3.27,0.37698691050176864,0.03832327300034231,2.1383214630106115,0.0,62780.58
1.5261300000129268,63209.92,3.29,0.3788808000020683,0.038469349999935364,2.1495622000121513,0.0,62843.17
1.5381897000188471,62864.05,3.28,0.38081035200301555,0.03840905149990576,2.1608983180177166,0.0,62791.0
1.5501255000126548,62562.16,3.27,0.3828213350021514,0.038602510000253096,2.172573617512465,0.0,62780.58
1.5620373999990989,62780.58,3.28,0.38484635799984684,0.03884074799998198,2.184378147999081,0.0,62791.0
1.5715958999935535,62531.03,3.27,0.38647130299890414,0.039031917999871074,2.194127817993425,0.0,62780.58
1.5837297000107355,63230.96,3.29,0.38855269750187876,0.03929324250026839,2.206522942511004,0.0,62791.0
1.5960526000126265,62791.0,3.28,0.3907092050022097,0.03960131500031566,2.2191539150129422,0.0,62791.0
1.6084840999974404,62582.91,3.27,0.3928422969995649,0.03957273850003839,2.231768940997415,0.0,62780.58
1.6207625000097323,62801.43,3.28,0.39492581250160586,0.03942668750034063,2.2441358125093918,0.0,62791.0
1.632772400014801,62510.3,3.27,0.39690744600244215,0.03984703400051803,2.255725366014283,0.0,62791.0
1.644946600019466,63041.91,3.28,0.3989161890032119,0.04012473300009733,2.2674982020188823,0.0,62801.43
1.6573559000098612,62843.17,3.28,0.4009637235016271,0.040186779500049306,2.279535223009565,0.0,62791.0
1.6696454999910202,62541.4,3.27,0.40303973499847345,0.04073050249950612,2.291697272491065,0.0,62770.16
1.6818501999950968,62843.17,3.28,0.4051237849991419,0.041262996000098064,2.3038872039949987,0.0,62801.43
1.6936190999986138,62427.43,3.27,0.4071833424997574,0.04102761800002772,2.315891481998586,0.0,62770.16
1.7058001999976111,63157.35,3.28,0.40931503499958194,0.04101600399995222,2.3283452049975515,0.0,62843.17
1.71780569999828,62770.16,3.28,0.41141599749969904,0.04125611399996561,2.340650842498237,0.0,62770.16
1.726882399991155,62749.32,3.28,0.4129700079984963,0.04133441199995578,2.3498856359910225,0.0,62770.16
1.739309399999911,62895.39,3.28,0.41508259799998487,0.041396546999999555,2.36249904099991,0.0,62770.16
1.7513839000021107,62448.14,3.27,0.41713526300035886,0.04185535600008443,2.3745269805021003,0.0,62770.16
1.763880300015444,63136.34,3.28,0.4192402495025483,0.04223880300015444,2.3869220955152124,0.0,62770.16
1.7761456000152975,62770.16,3.28,0.4212640240025241,0.042361456000152974,2.399003416015068,0.0,62770.16
1.788468999991892,62707.66,3.28,0.42329738499866215,0.04252703499987838,2.4110572749920944,0.0,62749.32
1.8007870000146793,62770.16,3.28,0.4253298550024221,0.0427039350000734,2.4230515850140186,0.0,62770.16
1.8130194999976084,62593.29,3.27,0.4273482174996054,0.04276509749998804,2.4347336224977156,0.0,62707.66
1.825412900012452,63115.34,3.28,0.4293660640019923,0.042908258000249035,2.446461061511642,0.0,62770.16
1.8374316999979785,62666.04,3.28,0.43128907199967653,0.04314863399995957,2.45769863949811,0.0,62738.89
1.8494990000035616,62666.04,3.28,0.4331248500005342,0.04334248500005342,2.468696595003223,0.0,62707.66
1.8616632000193931,62791.0,3.28,0.4349577960030059,0.043558212000678755,2.4796885640173567,0.0,62738.89
1.8736360000038985,62489.57,3.27,0.4368135800006043,0.043977260000136444,2.4904042200034895,0.0,62666.04
1.885443100007251,63146.84,3.28,0.4386436805011239,0.04411835349989124,2.5011348675067073,0.0,62738.89
1.8947957000054885,62738.89,3.28,0.4400933335008507,0.043978064499917674,2.509786022505077,0.0,62738.89
1.907312399998773,62645.24,3.27,0.44214310799979134,0.044119371999963186,2.5217661519987975,0.0,62738.89
1.9194413000077473,62791.0,3.28,0.444205021001317,0.04448323900023241,2.533652474007592,0.0,62738.89
1.93183020001743,62520.66,3.27,0.4463702850030502,0.04479575500043575,2.546562559018214,0.0,62738.89
1.9439936999988277,63010.48,3.28,0.44853883449978305,0.04498003150000586,2.559473101498716,0.0,62738.89
1.9563706000044476,62738.89,3.28,0.4508285610008228,0.044918146999977766,2.57302580700487,0.0,62738.89
1.9686247000063304,62510.3,3.27,0.4530955695011711,0.04511561750015826,2.5864009230069,0.0,62686.84
1.980920400004834,62749.32,3.28,0.4553610700008459,0.045413806000072506,2.599748012004979,0.0,62738.89
1.9932084000029135,62468.85,3.27,0.45751147000050985,0.045598126000043704,2.612404652003001,0.0,62686.84
2.005066200013971,63157.35,3.28,0.4595359230023052,0.04564933799986029,2.6242382210133424,0.0,62738.89
2.0171374999918044,62686.84,3.28,0.4615276874986478,0.04552862500008195,2.6357663124921737,0.0,62738.89
2.0291318999952637,62448.14,3.27,0.4633697849992896,0.04613923299966847,2.6466273909957847,0.0,62686.84
2.0408948000113014,62749.32,3.28,0.46513422000169524,0.046904474000056505,2.657091898010002,0.0,62686.84
2.049501700006658,62417.09,3.27,0.4664252550009988,0.04694750850003329,2.6647090045058928,0.0,62686.84
2.061772300017765,63220.43,3.29,0.4682747065027536,0.0470354460003553,2.675621654516255,0.0,62686.84
2.0741181999910623,62780.58,3.28,0.4701883209986147,0.04728236399982125,2.686918152991822,0.0,62686.84
2.086394400015706,62655.64,3.28,0.472123104002513,0.0474,2.698310736014764,0.0,62655.64
2.0987216999928933,62686.84,3.28,0.474095471998863,0.0474,2.70989839799332,0.0,62655.64
2.111311000015121,62406.74,3.27,0.47610976000241934,0.047739330000453634,2.721845450014365,0.0,62562.16
2.123462000017753,62979.06,3.28,0.478088540003018,0.048051930000266294,2.733579310017842,0.0,62655.64
2.136045399995055,62562.16,3.27,0.48022771799915936,0.04824068099992583,2.7462256269950305,0.0,62562.16
2.148722900019493,62562.16,3.27,0.4825137365036062,0.04847445800038986,2.75966434652115,0.0,62562.16
2.161197400011588,62499.92,3.27,0.4848334930022596,0.048723948000231755,2.773259049013152,0.0,62510.3
2.1729419000039343,62355.05,3.27,0.4871236705007672,0.048958838000078685,2.7865890565044658,0.0,62499.92
2.184853999991901,62843.17,3.28,0.4894222599984613,0.04917280999987852,2.8000850199908487,0.0,62510.3
2.1969103000010364,62437.79,3.27,0.4917129570001969,0.04935365450001555,2.813708639001171,0.0,62499.92
2.2061266000091564,62427.43,3.27,0.49340278800164816,0.049338733999908437,2.823694196009706,0.0,62437.79
2.2201857000181917,62510.3,3.27,0.4959297120029107,0.04920835650081864,2.8385754865171915,0.0,62427.43
2.2309293000143953,62272.46,3.27,0.4976486880023032,0.049691818500647786,2.8487281885136033,0.0,62375.72
2.242947799997637,62905.83,3.28,0.4995421699996455,0.05005578300003544,2.859864585997944,0.0,62427.43
2.255151099991054,62375.72,3.27,0.5013726649986581,0.049872733500134186,2.870481456992217,0.0,62375.72
2.267373100010446,62313.75,3.27,0.5031322340014625,0.05016865500052229,2.880856538508722,0.0,62365.39
2.279875500011258,62365.39,3.27,0.5048825700015761,0.050793775000562875,2.8912960425094,0.0,62313.75
2.292518200003542,62035.82,3.26,0.5067151390005136,0.05061222699994687,2.901977879002993,0.0,62272.46
2.3045027000189298,62791.0,3.28,0.5084754050028395,0.050680108000757194,2.9122848895167532,0.0,62313.75
2.3168626000115182,62262.15,3.27,0.5103293900017277,0.05117450400046072,2.9232234010101936,0.0,62262.15
2.328703600011067,62262.15,3.27,0.5121925760017707,0.0513,2.934094348010292,0.0,62262.15
2.3408439999911934,62159.14,3.27,0.5141392599985469,0.051329539999691774,2.9454228999914136,0.0,62231.22
2.352803000016138,61964.03,3.26,0.5161124950026628,0.05174810500056482,2.9570829250157344,0.0,62190.01
2.3645980000146665,62531.03,3.27,0.5181276400026399,0.05206897000021999,2.9689738800155463,0.0,62231.22
2.3740431000187527,62117.99,3.27,0.5198277580033756,0.05221064650028129,2.978985686019878,0.0,62190.01
2.3862800000060815,62190.01,3.27,0.5220618000011251,0.05255120000024326,2.9922708000067506,0.0,62159.14
2.398572800011607,62231.22,3.27,0.5243359680021472,0.053042912000464265,3.005915808012883,0.0,62138.56
2.410895100008929,61871.89,3.26,0.5266700690016964,0.05282762249977677,3.0195935610099114,0.0,62117.99
2.4231914000120014,62489.57,3.27,0.5289744520021602,0.05271169900042005,3.0330350130125416,0.0,62138.56
2.435604099999182,62025.56,3.26,0.5312087379998527,0.053146143499971356,3.046006284499145,0.0,62117.99
2.4478375000180677,62138.56,3.27,0.5332931875029812,0.053417562500271014,3.0582023750175256,0.0,62097.44
2.4601392000040505,62097.44,3.26,0.5353222720006481,0.05360835200024303,3.0701329360038683,0.0,62025.56
2.472437699994771,61861.67,3.26,0.5372900319991633,0.054346261999686236,3.0818780034950057,0.0,62025.56
2.4844779999984894,62406.74,3.27,0.5392164799997582,0.054598490000067994,3.0933093199985797,0.0,62025.56
2.496478100016247,62015.29,3.26,0.5411364960025995,0.054058485499268887,3.104589414015272,0.0,62025.56
2.5086086000083014,62025.56,3.26,0.5430343330012867,0.054502602000581116,3.115690783007513,0.0,62015.29
2.5202994999999646,61830.99,3.26,0.5448464224999945,0.05529700500000035,3.126272544999968,0.0,61861.67
2.529551999992691,61647.41,3.26,0.5462805599988672,0.05520448000007309,3.134692319993349,0.0,61861.67
2.5421345999930054,62355.05,3.27,0.5482415359988809,0.05517471099975519,3.1462278699933552,0.0,61861.67
2.55441620000056,61830.99,3.26,0.5502065920000897,0.05560456700001961,3.157895390000532,0.0,61830.99
2.566562899999554,61790.14,3.26,0.5522156929999242,0.0558,3.1697957144995517,0.0,61830.99
2.578895800019382,61861.67,3.26,0.554312286003295,0.0558,3.182190279019479,0.0,61830.99
2.591148100007558,61505.09,3.25,0.5564509175013227,0.055911481000075584,3.1948940240078603,0.0,61830.99
2.603458400000818,62272.46,3.27,0.5586225120001473,0.056034584000008186,3.207731320000859,0.0,61830.99
2.6158140000188723,61759.51,3.26,0.560846520003397,0.056158140000188726,3.220704700019816,0.0,61830.99
2.6281349000055343,61882.11,3.26,0.5630236075009685,0.05652539600022138,3.2334382725056727,0.0,61830.99
2.6399549999914598,61830.99,3.26,0.5650921249985056,0.056998199999658404,3.2455538749912467,0.0,61830.99
2.6521328999951947,61535.56,3.25,0.5671019284992072,0.05687867100004806,3.257611570995243,0.0,61810.55
2.66415880000568,62406.74,3.27,0.5690654080009088,0.0570703220003692,3.2692676840052823,0.0,61830.99
2.676070899993647,61779.92,3.26,0.5709713439989835,0.05784460849958706,3.2803459369940917,0.0,61810.55
2.6854408000072,61851.44,3.26,0.572443324001116,0.057909571999748,3.288951128006552,0.0,61810.55
2.697700499993516,61810.55,3.26,0.574343577498995,0.05748048250022694,3.3001074549940994,0.0,61779.92
2.710121500014793,61616.87,3.26,0.5763194400023669,0.058108505001035524,3.3116636025138315,0.0,61769.72
2.722273999999743,62159.14,3.27,0.5782752099999576,0.058731780000007706,3.323105779999751,0.0,61779.92
2.7344749000039883,61698.33,3.26,0.5802883585006581,0.05836575299988035,3.3349406530038688,0.0,61769.72
2.746783200011123,61769.72,3.26,0.5823192280018353,0.05870874000083422,3.346981452010956,0.0,61698.33
2.759004399995319,61677.95,3.26,0.5843357259992277,0.05962532999964895,3.3590193339953895,0.0,61698.33
2.771417800016934,61464.53,3.25,0.5864410260028787,0.05935746599949198,3.3713036220167645,0.0,61698.33
2.783727000001818,62128.28,3.27,0.588533590000309,0.059118635000009086,3.383601540001854,0.0,61698.33
2.796068199997535,61586.37,3.26,0.590631593999581,0.059180340999987674,3.3961895639974857,0.0,61698.33
2.808026800019434,61698.33,3.26,0.592704690003401,0.05960134000097171,3.408387336019823,0.0,61698.33
2.8197875000187196,61728.91,3.26,0.5947628125032759,0.06018937500093596,3.4203832500190936,0.0,61698.33
2.8319173000054434,61474.66,3.25,0.5968259410009253,0.059842480999836696,3.4325768865054704,0.0,61698.33
2.840969900018535,61830.99,3.26,0.5983551840029656,0.05964849500092676,3.441611706017423,0.0,61728.91
2.853439700003946,61688.14,3.26,0.6003503520006314,0.0602719850001973,3.4533333180037094,0.0,61698.33
2.865545900014695,61749.31,3.26,0.6022873440023512,0.06071091800029389,3.4646854165137393,0.0,61728.91
2.877851400000509,61739.1,3.26,0.6042562240000815,0.060957028000010176,3.476191059000476,0.0,61728.91
2.8901345999911427,61505.09,3.25,0.6062722089985385,0.060746635000221434,3.4880812349913644,0.0,61688.14
2.902393900003517,61902.58,3.26,0.6083069630005978,0.06071545100031651,3.5000819305034994,0.0,61739.1
2.914760700019542,61576.21,3.26,0.6104093190033221,0.06182846300175879,3.5123868965194442,0.0,61688.14
2.927001600008225,61800.35,3.26,0.6124552640013571,0.06212495999979438,3.5244965760081017,0.0,61739.1
2.939359000010882,61647.41,3.26,0.6144942350017955,0.06181602499972796,3.5366686150107185,0.0,61647.41
2.951545599993551,61413.85,3.25,0.6165627519989036,0.06260819199954858,3.5489033279935187,0.0,61586.37
2.9636195999919437,61912.82,3.26,0.6186334299985902,0.06305521600032225,3.5611100899917423,0.0,61647.41
2.97549149999395,61586.37,3.26,0.6207110124989412,0.06258034000024201,3.573278787493799,0.0,61586.37
2.987704700004542,61769.72,3.26,0.6228483225007948,0.062438523500022707,3.585835841004678,0.0,61647.41
2.999490400019567,61576.21,3.26,0.6249108200034242,0.06249745200009783,3.597975112020154,0.0,61627.05
3.008892800018657,61413.85,3.25,0.6265117760031716,0.062811248000653,3.6073038720184707,0.0,61586.37
3.021382400009315,62005.04,3.26,0.6286211840014905,0.06318617599990685,3.6195994560087565,0.0,61627.05
3.0334803000150714,61353.11,3.25,0.6305568480024115,0.06306519699984929,3.6309714820141674,0.0,61586.37
3.0453287000127602,61698.33,3.26,0.6324259485019779,0.06326643500063801,3.64200240401174,0.0,61627.05
3.057122600002913,61627.05,3.26,0.6342540030004515,0.06385613000014566,3.65285279200268,0.0,61576.21
3.069335700012743,61312.66,3.25,0.6361470335019752,0.06409335700012743,3.66404216551166,0.0,61576.21
3.081683199998224,62015.29,3.26,0.6380608959997248,0.06425049599994671,3.675340127998375,0.0,61606.7
3.09385140001541,61312.66,3.25,0.6399469670023886,0.06461554200046231,3.6864740310141,0.0,61576.21
3.10649380000541,61728.91,3.26,0.6419390080008657,0.06509222100024345,3.6982041720050853,0.0,61606.7
3.1187261000159197,61576.21,3.26,0.6438961760025471,0.06564267450071637,3.7097025340149643,0.0,61576.21
3.131012500001816,61343.0,3.25,0.6459170625002997,0.06536962499994552,3.721582125001762,0.0,61555.88
3.1430457000096794,61606.7,3.26,0.6479177690016455,0.06526751350053238,3.73334570000968,0.0,61576.21
3.1552056999935303,61363.22,3.25,0.6499849689989001,0.06593631349964416,3.7455056999935303,0.0,61555.88
3.164508400019258,61820.78,3.26,0.6516115120034665,0.06617745799990371,3.7550112780201244,0.0,61576.21
3.176887900015572,61555.88,3.26,0.653839822002803,0.06611556049992215,3.767947855516273,0.0,61555.88
3.189123299991479,61373.35,3.25,0.6560878104984237,0.0661456164999574,3.7812812464905843,0.0,61484.82
3.201359800004866,61647.41,3.26,0.6583515630009003,0.0662475930001703,3.794782182005304,0.0,61555.88
3.2136872000119183,61484.82,3.25,0.6606321320022049,0.06667905200041714,3.808219048012991,0.0,61484.82
3.2261692000029143,61800.35,3.26,0.6628796100005101,0.06686915399998543,3.8213617380029583,0.0,61555.88
3.2382475000049458,61474.66,3.25,0.6649933125008655,0.06680876249997528,3.8336212125050197,0.0,61494.95
3.250549799995497,61282.35,3.25,0.666935218999302,0.06738023899975233,3.845211313995812,0.0,61484.82
3.262927400006447,61596.53,3.26,0.6688391100009671,0.06797318500016118,3.856590749005706,0.0,61494.95
3.275013000005856,61484.82,3.25,0.6706519500008785,0.06827532500014642,3.8672865050051835,0.0,61484.82
3.287144600006286,61728.91,3.26,0.6725074130009744,0.06836427699996857,3.8780944170056264,0.0,61494.95
3.2990680999937467,61494.95,3.25,0.6743555554990308,0.06830465950003127,3.888765949494404,0.0,61484.82
3.3110750000050757,61231.87,3.25,0.6762166250007868,0.06846612500007614,3.8996782500046194,0.0,61484.82
3.320277599996188,61677.95,3.26,0.6776430279994092,0.06861387999980943,3.9080595559964366,0.0,61494.95
3.3325610000174493,61080.75,3.25,0.6795469550027047,0.06922805000087247,3.9195445350163154,0.0,61484.82
3.344505699991714,61749.31,3.26,0.6814659689985915,0.0696,3.9309381144918385,0.0,61494.95
3.356774999992922,61484.82,3.25,0.6835517499987969,0.0696,3.943023374993029,0.0,61484.82
3.3692916000145487,61262.15,3.25,0.6857260300025461,0.06983229000036373,3.9557703480149855,0.0,61454.38
3.3814882000151556,61718.72,3.26,0.687867876002728,0.07011488200015155,3.9683998150162925,0.0,61484.82
3.3938654999947175,61110.94,3.25,0.6900957899990493,0.07023865499994718,3.981705412494322,0.0,61454.38
3.406316800013883,61596.53,3.26,0.6924001920026379,0.07045792000034709,3.995280064015341,0.0,61484.82
3.418536100012716,61454.38,3.25,0.694721859002416,0.0707634025003179,4.008782390514051,0.0,61454.38
3.430839200009359,61221.77,3.25,0.6970052520017315,0.07052901999976602,4.022214728010201,0.0,61434.11
3.4429026000143494,61494.95,3.25,0.6992079550025112,0.07037256500035875,4.035146139014564,0.0,61454.38
3.454816700017546,61060.64,3.25,0.7012929225030706,0.07067041750043865,4.0472389505178095,0.0,61434.11
3.46687020000536,61627.05,3.26,0.7032648810008308,0.070971755000134,4.058923637005012,0.0,61454.38
3.4787014000175986,61434.11,3.25,0.7050987170027279,0.07126753500043997,4.069985809016456,0.0,61434.11
3.488242399995215,61090.82,3.25,0.7065363599992823,0.07154727199985646,4.0784120999958136,0.0,61383.46
3.500366299995221,61484.82,3.25,0.7083531134993071,0.07191098899985664,4.089015017995891,0.0,61393.6
3.5127299000159837,61161.29,3.25,0.7101458355023177,0.07228189700047952,4.099647714013746,0.0,61383.46
3.525127100001555,61728.91,3.26,0.7119690650002333,0.07255127100001554,4.110437483501377,0.0,61393.6
3.537349399994127,61383.46,3.25,0.713802409999119,0.07267349399994127,4.121254218994802,0.0,61383.46
3.5495523000136022,61070.69,3.25,0.7157283680021763,0.07260447699986397,4.13248363901265,0.0,61343.0
3.561748100008117,61393.6,3.25,0.7176884365013394,0.07261362650052762,4.143904397507915,0.0,61343.0
3.573889199993573,61131.07,3.25,0.7196917179989396,0.07340279799958226,4.155741969993733,0.0,61322.77
3.586495499999728,61657.58,3.26,0.7218367124999524,0.07370256750000408,4.16839036499972,0.0,61343.0
3.598632900015218,61343.0,3.25,0.7239607575026632,0.07352050649977172,4.180891887015675,0.0,61343.0
3.610550700017484,61080.75,3.25,0.7261518795032346,0.07397478150078678,4.19374750951897,0.0,61322.77
3.6225569999951404,61322.77,3.25,0.7283730449991009,0.07437443000004859,4.206799914994678,0.0,61343.0
3.63455280000926,60990.31,3.24,0.7305922680017132,0.0742544719999074,4.21993531601014,0.0,61322.77
3.643770800001221,61637.22,3.26,0.7322787440002199,0.07423770800001221,4.229934756001307,0.0,61343.0
3.656105700007174,61363.22,3.25,0.7344990260012914,0.07436105700007174,4.243133099007676,0.0,61322.77
3.668341300013708,61191.52,3.25,0.7366180210023303,0.07469194550047978,4.255641300013708,0.0,61252.06
3.680675600015093,61454.38,3.25,0.7387114740024905,0.07511351200030186,4.267945198014414,0.0,61312.66
3.692993300006492,60870.0,3.24,0.7407438945010713,0.07535986600012984,4.2797086015062,0.0,61252.06
3.705351000011433,61576.21,3.26,0.7427561600018292,0.0755802650001715,4.29140318501069,0.0,61312.66
3.717493700009072,61252.06,3.25,0.7446989920014516,0.07576240550013609,4.302756609508483,0.0,61312.66
3.729830199998105,61090.82,3.25,0.7466236809997062,0.07599660399996211,4.314143783998257,0.0,61252.06
3.742135900014546,61312.66,3.25,0.7485310645022546,0.07622135900014547,4.325465028013382,0.0,61282.35
3.754347600013716,60870.0,3.24,0.750423878002126,0.07634347600013716,4.3366997920126185,0.0,61252.06
3.766318100009812,61749.31,3.26,0.75231089600157,0.07671590500049062,4.347870604509272,0.0,61282.35
3.778237499995157,61312.66,3.25,0.7542179999992252,0.07731187499975788,4.359134437495424,0.0,61282.35
3.79050410000491,61030.49,3.25,0.7562856970008347,0.0774,4.371146538504837,0.0,61282.35
3.799587999994401,61282.35,3.25,0.7578299599990482,0.0774,4.380094179994485,0.0,61282.35
3.811703200015472,60870.0,3.24,0.7599480600027076,0.0776925800003868,4.392554296015936,0.0,61272.25
3.8238195000158157,61637.22,3.26,0.7620684125027678,0.07774721999936735,4.405072280016449,0.0,61282.35
3.836215399991488,61332.88,3.25,0.7642376949985105,0.07725138400034047,4.4179640159911475,0.0,61272.25
3.848525800014613,61080.75,3.25,0.7663493860024843,0.07765417700094988,4.430553687014832,0.0,61262.15
3.860873400000855,61272.25,3.25,0.7684484780001454,0.07839563299999572,4.443060299000842,0.0,61262.15
3.873101500008488,61050.58,3.25,0.770527255001443,0.07833449249995755,4.455104977508361,0.0,61252.06
3.885512400011066,61596.53,3.26,0.7725819840017706,0.0785756200005533,4.467081656010402,0.0,61262.15
3.8977631000161637,61262.15,3.25,0.7745420960025863,0.0791881550008082,4.478597314015194,0.0,61252.06
3.9100531000003675,61070.69,3.25,0.776458230500057,0.07945079650000551,4.490049383000342,5.026550000183922e-05,61252.06
3.922123800002737,61252.06,3.25,0.7783504270004517,0.07964247600005475,4.501328229002614,0.0001,61252.06
3.934025900001871,61020.44,3.25,0.7803142735003088,0.07988051800003743,4.512694734501787,0.0001,61252.06
3.9460951999935787,61576.21,3.26,0.7823057079989405,0.08,4.524312343993771,0.0001,61252.06
3.9579544000152955,61252.06,3.25,0.7842624760025237,0.08,4.535815768014837,0.0001,61252.06
3.9674508000025526,60920.09,3.24,0.7858666360004339,0.08033528600011487,4.545250800002552,0.0001,61201.61
3.979585199995199,61413.85,3.25,0.7879294839991839,0.08088133399978399,4.5573851999952,0.0001,61252.06
3.991881299996749,60990.31,3.24,0.7900198209994473,0.0807811870000325,4.569918925996684,0.0001,61201.61
4.004363500018371,61566.03,3.26,0.7921854300033069,0.08083090500055114,4.582716222519014,0.0001,61252.06
4.016589400009252,61201.61,3.25,0.7943860920016654,0.08119768200027758,4.595370029009577,0.0001,61201.61
4.028848300018581,60980.28,3.24,0.7965042110031587,0.08143272450027872,4.6079252660189525,0.0001,61131.07
4.041123600007268,61262.15,3.25,0.7985853940011992,0.08163932600025438,4.62038989200705,0.0001,61151.21
4.0532834000186995,60870.0,3.24,0.8005917610030854,0.08206491900065449,4.632184898018139,0.0001,61131.07
4.064701700001024,61606.7,3.26,0.8024522720001638,0.08220596599997952,4.643096089500958,0.0001,61151.21
4.076835200015921,61131.07,3.25,0.8043936320025473,0.08196329599968158,4.654440912014886,0.0001,61151.21
4.089057700010017,60990.31,3.24,0.8063039435015525,0.08230759650045075,4.665642507009116,0.0001,61151.21
4.101273600012064,61151.21,3.25,0.8082037760019304,0.08280636800006032,4.67679081601128,0.0001,61171.36
4.11356440000236,60829.98,3.24,0.8101703040003777,0.0828678220000118,4.688282714002207,0.0001,61151.21
4.122219800017774,61596.53,3.26,0.8115662670029328,0.08299989100079984,4.69646430501733,0.0001,61171.36
4.134405499993591,61241.96,3.25,0.8135769074989425,0.08354824749971158,4.708345362493751,0.0001,61171.36
4.14702160001616,61171.36,3.25,0.8156936720027472,0.0838,4.72082160001616,0.0001,61171.36
4.1596007000189275,61221.77,3.25,0.8178321190032176,0.0838,4.733400700018927,0.0001,61181.45
4.172058700001799,60930.12,3.24,0.8199499790003058,0.08440293500008994,4.745918993501808,0.0001,61181.45
4.184317500010366,61545.71,3.25,0.822055562501814,0.08467047499968902,4.758347025010677,0.0001,61221.77
4.196455400000559,61231.87,3.25,0.8241796950000978,0.08430633799998323,4.7708490620005755,0.0001,61181.45
4.208749900019029,61050.58,3.25,0.8263312325033301,0.08454999600076117,4.783687395019981,0.0001,61171.36
4.221010900015244,61181.45,3.25,0.828481962002744,0.08496967299954267,4.796541227015702,0.0001,61181.45
4.233185699995374,60910.07,3.24,0.8306734259991674,0.08460442900013877,4.809081270995235,0.0001,61141.14
4.245280400005868,61535.56,3.25,0.8327712660009682,0.0846112160002347,4.821380400005867,0.0001,61181.45
4.257265599997481,61141.14,3.25,0.8347488239995845,0.08509062399989926,4.833365599997482,0.0001,61141.14
4.26934580001398,61020.44,3.25,0.8367420570023067,0.0854336450003495,4.844978510013282,0.0001,61090.82
4.27804480001214,61231.87,3.25,0.8381773920020031,0.0856511200003035,4.853242560011533,0.0001,61090.82
4.289994099992327,60970.25,3.24,0.8399991149988492,0.08614973449965475,4.864144660493056,0.0001,61070.69
4.302580300020054,61515.25,3.25,0.8418999465031084,0.0866,4.8754964670178484,0.0001,61090.82
4.314620599994669,61090.82,3.25,0.8437661929991738,0.0866,4.886212333995256,0.0001,61070.69
4.326970499998424,60960.21,3.24,0.8456804274997558,0.08680911499995274,4.897343154998566,0.0001,61060.64
4.339455300010741,61070.69,3.25,0.8476155715016649,0.08718365900032223,4.908704323009775,0.0001,61070.69
4.352080600016052,60849.98,3.24,0.8496328960025684,0.08701879099975922,4.92061616701517,0.0001,61060.64
4.364557799999602,61484.82,3.25,0.8516520369999344,0.08721904599997218,4.932612221999606,0.0001,61070.69
4.377079099998809,61060.64,3.25,0.8537180514998035,0.08809553699991668,4.945008308998821,0.0001,61060.64
4.389356900006533,60769.98,3.24,0.855884242001176,0.08811286199986934,4.957631176006794,0.0001,61010.39
4.40117110000574,61070.69,3.25,0.858016653501062,0.08797026600034445,4.969970643506229,0.0001,61060.64
4.413193100015633,60799.96,3.24,0.8602407235028922,0.08869158600093799,4.983014513516962,0.0001,61010.39
4.425372600002447,61484.82,3.25,0.8624939310004528,0.08907313699998776,4.996363586002716,0.0001,61060.64
4.437304299994139,60970.25,3.24,0.8647012954989157,0.0890134785000293,5.009607772993495,0.0001,61040.54
4.446523599995999,61010.39,3.24,0.8664068659992598,0.08922832599985997,5.019580251995719,0.0001,61010.39
4.458806300011929,61121.0,3.25,0.8686791655022069,0.08965822050041752,5.032722741012764,0.0001,61010.39
4.471156999992672,60819.96,3.24,0.8707966899987544,0.0895326450001099,5.045212784992636,0.0001,61010.39
4.483356000011554,61383.46,3.25,0.8728201800017908,0.08951746000040439,5.057153960010514,0.0001,61010.39
4.495675300015137,61040.54,3.25,0.8747296715023462,0.08994863550052978,5.068364523013774,0.0001,61010.39
4.507971400016686,61010.39,3.24,0.876515996002336,0.09025942800033372,5.0790358330141,0.0001,61010.39
4.520338200003607,60930.12,3.24,0.8782507300005411,0.09051014600010823,5.089492543003121,0.0001,61000.36
4.532608200010145,60710.06,3.24,0.8800912300015218,0.09087824600030435,5.100106093008775,0.0001,60970.25
4.544839400012279,61353.11,3.25,0.8819259100018418,0.0910516059998772,5.110831263010989,0.0001,61000.36
4.557077000004938,60900.06,3.24,0.8837615500007407,0.09092922999995061,5.1217839150044195,0.0001,60970.25
4.569082000001799,60970.25,3.24,0.8856531200002878,0.09149033000011697,5.1328916700016824,0.0001,60940.14
4.581057000003057,61000.36,3.24,0.8875744050005043,0.09218414499995416,5.14414114500301,0.0001,60930.12
4.592961000016658,60720.05,3.24,0.8895385650027485,0.09200558499975013,5.155866585016407,0.0001,60930.12
4.602016499993624,61343.0,3.25,0.8910629699988525,0.09198065999974497,5.164907242493338,0.0001,60940.14
4.614434499992058,60880.02,3.24,0.8932982099985703,0.09247737999968231,5.1778840524917005,0.0001,60930.12
4.626774100004695,60940.14,3.24,0.8955532085008686,0.09273387050002348,5.191151510005165,0.0001,60930.12
4.639129499992123,60930.12,3.24,0.8978389574985428,0.09279564749996061,5.204742449991335,0.0001,60930.12
4.651443600014318,60750.0,3.24,0.9001742840027204,0.09297165400021476,5.218402396015893,0.0001,60890.03
4.663717999996152,61373.35,3.25,0.9024692399993074,0.0929698700001347,5.2318596699959015,0.0001,60930.12
4.675901800015708,60890.03,3.24,0.9046623240028275,0.0925434369994502,5.24483541701673,0.0001,60890.03
4.688162300008116,60860.0,3.24,0.9067875910013798,0.09293054950052757,5.257239865507995,0.0001,60930.12
4.700569000007818,61020.44,3.25,0.9088881950012119,0.09368861999984364,5.269417790007115,0.0001,60930.12
4.71280919999117,60700.09,3.24,0.9107854259986314,0.0934438160001766,5.280556371991965,0.0001,60890.03
4.724756600015098,61373.35,3.25,0.9125897070021893,0.09370431100128336,5.291285808013287,0.0001,60950.18
4.736716100014746,60819.96,3.24,0.9143238345021382,0.09472086850125341,5.3018101680129766,0.0001,60890.03
4.748801700014155,60950.18,3.24,0.9161202550021232,0.09491198299985845,5.312445496012457,0.0001,60870.0
4.757863700011512,60980.28,3.24,0.9174795550017268,0.09482136299988488,5.320420056010131,0.0001,60900.06
4.770092699996894,60660.2,3.24,0.9193643684995186,0.09510278099990684,5.33143389349719,0.0001,60870.0
4.782404500001576,61363.22,3.25,0.9212847200002523,0.09542404500001576,5.342648207501473,0.0001,60900.06
4.7946985000162385,60849.98,3.24,0.9232517600025982,0.09554698500016238,5.354143097515183,0.0001,60870.0
4.807066200010013,60870.0,3.24,0.9252659230016522,0.09563533100005006,5.366024876009813,0.0001,60870.0
4.819186000007903,60900.06,3.24,0.9272656900013041,0.09569593000003951,5.377902280007746,0.0001,60849.98
4.831564699998125,60630.3,3.24,0.929423822499672,0.09598911749995313,5.3906116409980696,0.0001,60839.98
4.84393080000882,61201.61,3.25,0.9316271980016317,0.09647515600061744,5.4035452640095265,0.0001,60849.98
4.856296999991173,60829.98,3.24,0.933914944998367,0.09734078999938214,5.416900759990467,0.0001,60839.98
4.86850450001657,60839.98,3.24,0.9361733325030656,0.09721729749925433,5.430169905018062,0.0001,60829.98
4.880404600000475,60829.98,3.24,0.9383708050000831,0.09673034500003559,5.443122807000496,0.0001,60829.98
4.892567100003362,60570.56,3.24,0.9404992425005884,0.09764253250025215,5.455832619503513,0.0001,60829.98
4.904634700011229,61231.87,3.25,0.942587899001909,0.09810730599977541,5.468165179511061,0.0001,60829.98
4.916287200001534,60760.0,3.24,0.9445688240002609,0.09787425599996931,5.479642892001511,0.0001,60829.98
4.925821300013922,60760.0,3.24,0.9461605145022972,0.09814927800083534,5.488917554513435,0.0001,60829.98
4.938122099993052,60839.98,3.24,0.9481901464988537,0.09888732599958315,5.500787826493296,0.0001,60760.0
4.950496400007978,60630.3,3.24,0.9501794240012765,0.09852766199964098,5.512676544007659,0.0001,60760.0
4.962672199995723,61121.0,3.25,0.9521409129992943,0.09831377599965782,5.5243653119958935,0.0001,60760.0
4.974961300002178,60730.03,3.24,0.9541686145003594,0.09929690400017428,5.536162848002092,0.0001,60760.0
4.987342500011437,60829.98,3.24,0.9561748000018299,0.09951643749971407,5.547975375010865,0.0001,60760.0
4.999430600000778,60760.0,3.24,0.9581088960001246,0.09921423499998054,5.559459070000739,0.0001,60760.0
5.011789400014095,60461.26,3.23,0.9600863040022553,0.09955368200042286,5.57119993001339,0.0001,60730.03
5.02412810001988,61141.14,3.25,0.9620811365032802,0.099903202500497,5.583004257019283,0.0001,60760.0
5.03606040001614,60680.14,3.24,0.9640499660026631,0.1002015100004035,5.594578588015656,0.0001,60730.03
5.0482237999967765,60789.97,3.24,0.966098045999452,0.1005467139999033,5.606500442996825,0.0001,60760.0
5.059962700004689,60700.09,3.24,0.9680936590007972,0.1008988810001407,5.61806325950462,0.0001,60700.09
5.071803200000431,60461.26,3.23,0.9700475280000712,0.10084098399999784,5.629726152000425,0.0001,60690.1
5.080417499993928,61080.75,3.25,0.9714688874989981,0.10080417499993928,5.63820706249408,0.0001,60700.09
5.0926650000037625,60610.38,3.24,0.9734897250006209,0.10092665000003763,5.650148375003669,0.0001,60690.1
5.104942700010724,60839.98,3.24,0.9754908320017159,0.10095057299989275,5.661896711009974,0.0001,60700.09
5.117216100014048,60690.1,3.24,0.9774545760022476,0.10082783899985953,5.673310973013065,0.0001,60690.1
5.1296400999999605,60441.41,3.23,0.9794424159999937,0.10166760899999645,5.684865292999963,0.0001,60650.23
5.142075400013709,61121.0,3.25,0.9814320640021935,0.1025792459998629,5.69650276101323,0.0001,60690.1
5.1545799000014085,60600.43,3.24,0.9834327840002253,0.10245420099998592,5.708569603501359,0.0001,60650.23
5.16701770000509,60730.03,3.24,0.9854930090008652,0.1028912390003563,5.720782611505064,0.0001,60690.1
5.179659200017341,60650.23,3.24,0.9876420640029481,0.10377614400121392,5.733360904017255,0.0001,60650.23
5.19172649999382,60431.48,3.23,0.9896935049989494,0.1033309400002472,5.74542649999382,0.0001,60600.43
5.2038009999960195,60750.0,3.24,0.9917651749993034,0.10319004999980097,5.75757701999594,0.0001,60650.23
5.215865400008624,60510.91,3.24,0.9938764450015093,0.10379327000043122,5.769882708008797,0.0001,60600.43
5.22774699999718,60720.05,3.24,0.9959557249995066,0.1037288550000987,5.782079409997095,0.0001,60650.23
5.237010500015458,60580.52,3.24,0.9975768375027051,0.10340463249945897,5.791620815015921,0.0001,60580.52
5.249331900005927,60381.91,3.23,0.9996864230010076,0.10390657350038528,5.804218538006046,0.0001,60580.52
5.261628100008238,60789.97,3.24,1.0017767770014006,0.10456743799983523,5.816719959508197,0.0001,60580.52
5.273939500009874,60580.52,3.24,1.0038697150016787,0.10432120999980252,5.828969802509825,0.0001,60580.52
5.286334400007036,60779.97,3.24,1.0059451760011608,0.10439003200021109,5.841144368006825,0.0001,60580.52
5.298460000019986,60550.67,3.24,1.0079459000032978,0.1047538000005996,5.852906200019387,0.0001,60580.52
5.310658400005195,60352.19,3.23,1.0099053440008314,0.1050664600001299,5.8642590200048055,0.0001,60550.67
5.322760900016874,60779.97,3.24,1.0118279395026157,0.10546565400101247,5.875412419015356,0.0001,60580.52
5.335419100010768,60520.85,3.24,1.013789960501669,0.10622514600064607,5.8869313810097985,0.0001,60550.67
5.347472699999344,60700.09,3.24,1.0156582684998983,0.1065,5.89804961099939,0.0001,60550.67
5.359505800006446,60471.18,3.23,1.0175233990009993,0.1065,5.909240394005995,0.0001,60520.85
5.371490899997298,60322.5,3.23,1.0194959984995542,0.10678727249993245,5.920673809497419,0.0001,60481.1
5.3835447000165,60809.97,3.24,1.0214848755027226,0.1069468294997525,5.932326976516418,0.0001,60520.85
5.392884100001538,60263.15,3.23,1.0230258765002538,0.10680673849997692,5.941619679501531,0.0001,60481.1
5.404907100019045,60710.06,3.24,1.0250832780034282,0.1068717485006666,5.953778848519712,0.0001,60481.1
5.417336100013927,60481.1,3.23,1.0273204980025068,0.10730676350048743,5.966642863514414,0.0001,60471.18
5.42953779999516,60292.81,3.23,1.029516803999129,0.10716155500012099,5.979605445994822,0.0001,60471.18
5.4419520999945235,60860.0,3.24,1.031761138498987,0.10707568899950715,5.992927788994031,0.0001,60471.18
5.454173400008585,60213.76,3.23,1.0340220790015884,0.1081756060007727,6.006249006009358,0.0001,60421.57
5.466462800017325,60510.91,3.24,1.036295618003205,0.1085707439996535,6.019579824018711,0.0001,60471.18
5.478653700003633,60471.18,3.23,1.0385509345006723,0.10832692599992733,6.032745996003925,0.0001,60471.18
5.491030000004685,60233.51,3.23,1.0406199500007731,0.10912725000035142,6.045119700004639,0.0001,60421.57
5.503243999992264,60421.57,3.23,1.0426028199988011,0.1097351200001547,6.056952039992961,0.0001,60431.48
5.515206000010949,60213.76,3.23,1.044456930001697,0.10949587999978101,6.067837460009963,0.0001,60421.57
5.527244099997915,60760.0,3.24,1.0462866149996872,0.10954488199995831,6.078466146498196,0.0001,60431.48
5.539195899997139,60500.97,3.24,1.0480793849995709,0.10978391799994278,6.088804453497525,0.0001,60421.57
5.548385500005679,60194.01,3.23,1.0494158975008234,0.11000963750014198,6.096711530004884,0.0001,60391.83
5.560604900005274,60431.48,3.23,1.0511907350007912,0.11029395099994725,6.107238361004694,0.0001,60391.83
5.572851200005971,60263.15,3.23,1.0530276800008957,0.1101714879999403,6.118137568005315,0.0001,60332.39
5.585218199994415,60660.2,3.24,1.0549349119991065,0.11025654599983245,6.129431198994722,0.0001,60391.83
5.597452100017108,60391.83,3.23,1.0568923360027374,0.11062356300051325,6.140992234516167,0.0001,60332.39
5.609836200019345,60065.88,3.23,1.0589721540032886,0.11099508600058035,6.153236200019345,0.0001,60292.81
5.622012700012419,60332.39,3.23,1.0610622860022354,0.11139057150055887,6.165523398513103,0.0001,60332.39
5.634270800015656,59928.29,3.22,1.0632687440028181,0.11194218600070453,6.178455694016518,0.0001,60292.81
5.646463900018716,60550.67,3.24,1.0655281410035562,0.11226463900018716,6.191642609520682,0.0001,60332.39
5.6589378000062425,60292.81,3.23,1.0678981820011861,0.11238937800006242,6.205426269006898,0.0001,60292.81
5.670871700014686,60046.2,3.23,1.070111264502717,0.11218256599970627,6.2187763040164485,0.0001,60263.15
5.682937500008848,60342.28,3.23,1.072343437501637,0.11216156250048663,6.232128437509423,0.0001,60282.93
5.694887000019662,59849.86,3.22,1.0745540950036374,0.11281878500108142,6.24485465502094,0.0001,60263.15
5.706734100007452,60520.85,3.24,1.0766111265012295,0.1129316474998137,6.256865747507266,0.0001,60282.93
5.7163465000048745,60263.15,3.23,1.0781971725008044,0.11269133749987814,6.266237837504753,0.0001,60263.15
5.728526499995496,60056.05,3.23,1.0800789749993245,0.11306895749975229,6.277388584995991,0.0001,60144.69
5.740901900018798,60282.93,3.23,1.0819307755027259,0.11371803800037596,6.288375634016167,0.0001,60144.69
5.753093700011959,59830.27,3.22,1.0836985865017341,0.11396187400023917,6.298860582010286,0.0001,60134.83
5.7654744000174105,60421.57,3.23,1.0855485320026987,0.11431897600069643,6.309672216015496,0.0001,60144.69
5.777796800015494,60144.69,3.23,1.0874585040024018,0.11481187200061979,6.320639152013791,0.0001,60134.83
5.790017399995122,59908.67,3.22,1.089352696999244,0.11545095699973174,6.331916181995464,0.0001,60056.05
5.802380400011316,60134.83,3.23,1.0912927660018672,0.11590478399954736,6.343473282010807,0.0001,59997.04
5.814593799994327,59693.38,3.22,1.0933079769990641,0.1154162480002269,6.3551370789945825,0.0001,59928.29
5.82660030000261,60352.19,3.23,1.0953220510004438,0.11553001500013053,6.366933301502623,0.0001,59997.04
5.838653000013437,59997.04,3.23,1.0973710100022842,0.11613265000067187,6.379046265013504,0.0001,59967.57
5.850696800014703,59742.22,3.22,1.099471940002573,0.11603954799977946,6.391578156015364,0.0001,59928.29
5.862519999995129,59928.29,3.22,1.1015661999990989,0.11598819999982954,6.4040089999947645,0.0001,59938.12
5.87193710001884,59605.58,3.22,1.1033083635034855,0.11631779850065942,6.414132382520253,0.0001,59928.29
5.884240700019291,60253.26,3.23,1.105584529503569,0.1166,6.4274223630210265,0.0001,59938.12
5.896536799991736,59967.57,3.23,1.1078593079984713,0.1166,6.440825111990993,0.0001,59928.29
5.908797500014771,59732.45,3.22,1.110083550002659,0.11681993750036927,6.453969337515732,0.0001,59898.87
5.921158200013451,59938.12,3.22,1.1122968940022868,0.11714632800053805,6.467046618013317,0.0001,59898.87
5.933546899992507,59644.58,3.22,1.1144029729987261,0.11764187599970029,6.479311430992582,0.0001,59898.87
5.945627700013574,60223.63,3.23,1.116372293502104,0.11812510800054299,6.490933761012624,0.0001,59898.87
5.957939200015971,59898.87,3.22,1.1182805760024757,0.11861756800063886,6.5023834560148535,0.0001,59898.87
5.970253400009824,59683.61,3.22,1.1201892770015227,0.11885380100014736,6.513733128009038,0.0001,59820.47
5.982511800015345,59898.87,3.22,1.1220893290023786,0.119,6.524973179013888,0.0001,59898.87
5.994429999991553,59586.1,3.22,1.1239366499986907,0.119,6.535759149992356,0.0001,59820.47
6.006501500000013,60134.83,3.23,1.125807732500002,0.11903250750000006,6.546716365000012,0.0001,59898.87
6.0183018000097945,59820.47,3.22,1.127636779001518,0.11909150900004897,6.557454638008913,0.0001,59879.26
6.02757720000227,59644.58,3.22,1.1291123520003632,0.11951674600012485,6.566046796002111,0.0001,59820.47
6.039859400014393,59898.87,3.22,1.131077504002303,0.12019226700079162,6.577469242013386,0.0001,59820.47
6.052071800018894,59547.14,3.22,1.1330918470031177,0.1202,6.589370005018423,0.0001,59810.69
6.064301500009606,60085.57,3.23,1.135152762501681,0.12054412000076847,6.601509037509846,0.0001,59820.47
6.075728700001491,59879.26,3.22,1.137152522500261,0.1214582960001193,6.613221917501529,0.0001,59820.47
6.0879447000043,59566.62,3.22,1.1392903225007525,0.121561658999871,6.625822764504451,0.0001,59810.69
6.1002083999919705,59810.69,3.22,1.141435427998635,0.1212114619995584,6.63851152599185,0.0001,59820.47
6.112552300008247,59440.22,3.22,1.143533891001402,0.12189037650045358,6.651040584508371,0.0001,59810.69
6.12494060001336,60134.83,3.23,1.1456151990022045,0.1222011879997328,6.663318273012759,0.0001,59820.47
6.137157699995441,59820.47,3.22,1.1476310204992477,0.12195684600009116,6.674985603495647,0.0001,59820.47
6.1495914999977686,59732.45,3.22,1.1496346399996429,0.1222357024999219,6.686955797497847,0.0001,59810.69
6.16170019999845,59869.46,3.22,1.1515890339997366,0.12259149900000775,6.69870019999845,0.0001,59810.69
6.173929400014458,59420.8,3.21,1.153667998002458,0.1225303529999277,6.710929400014458,0.0001,59771.55
6.183236800017767,60085.57,3.23,1.1552664400031092,0.122597104000533,6.7202691680179445,0.0001,59820.47
6.195359500008635,59869.46,3.22,1.1573879125015112,0.12296078500025906,6.732513095008721,0.0001,59771.55
6.207856599998195,59693.38,3.22,1.159574904999684,0.12345354699991876,6.745253014998149,0.0001,59732.45
6.220009100012248,59771.55,3.22,1.1617015470020822,0.12400009100012249,6.7577092820124935,0.0001,59703.14
6.23237430001609,59517.96,3.22,1.1638036310027353,0.12412374300016091,6.770321786016412,0.0001,59693.38
6.2446805000072345,60046.2,3.23,1.1658956850012299,0.12431701250018086,6.7827805000072345,0.0001,59703.14
6.256916100013768,59664.1,3.22,1.1679757370023407,0.12462290250034422,6.795016100013768,0.0001,59693.38
6.269338500016602,59566.62,3.22,1.1700408525027395,0.12502684750058107,6.807205037516187,0.0001,59664.1
6.281431900017196,59703.14,3.22,1.1720362635028374,0.1253570429994841,6.818981783516595,0.0001,59664.1
6.293518399994355,59508.24,3.22,1.1740305359990686,0.12499444800016934,6.830645255994552,0.0001,59664.1
6.305477100017015,59997.04,3.23,1.1759763360027224,0.12521078250127612,6.842075859516079,0.0001,59664.1
6.317671299999347,59664.1,3.22,1.1779274079998956,0.12612534749995105,6.853599378499384,0.0001,59664.1
6.32966529999976,59488.79,3.22,1.1798464479999615,0.12605836750000599,6.864788728999777,0.0001,59664.1
6.341649800015148,59693.38,3.22,1.181755719002348,0.12591548600106034,6.875901318013784,0.0001,59664.1
6.351064899994526,59469.35,3.22,1.1832150594991517,0.12657454299961685,6.884469058995019,0.0001,59625.08
6.363447100011399,60046.2,3.23,1.185134300501767,0.127217235500057,6.89575409651043,0.0001,59664.1
6.375663000013446,59693.38,3.22,1.1870277650020842,0.12727831500006723,6.906931645012303,0.0001,59625.08
6.387946600007126,59469.35,3.22,1.1889714560011402,0.12757813100024942,6.91844927000677,0.0001,59595.85
6.400310600001831,59625.08,3.22,1.1909528020003113,0.12799844699999086,6.930209047001822,0.0001,59605.58
6.412544099992374,59343.21,3.21,1.1930324969987036,0.12793727950003814,6.942381379492412,0.0001,59595.85
6.424876700009918,59938.12,3.22,1.1951534225017355,0.12804630100029754,6.954871768010315,0.0001,59605.58
6.437080700008664,59556.89,3.22,1.1972891225015163,0.12841242100025996,6.967563928009011,0.0001,59595.85
6.449460000003455,59595.85,3.22,1.199502800000622,0.1283107999999309,6.98067490000368,0.0001,59556.89
6.461586000019452,59605.58,3.22,1.2016934100035985,0.1281713700008753,6.993597020020814,0.0001,59556.89
6.473335799993947,59352.91,3.21,1.2038671229988804,0.12870011099972764,7.006169305993524,0.0001,59527.69
6.485479499999201,59810.69,3.22,1.2060589124998602,0.128972602500004,7.018916487499181,0.0001,59556.89
6.497430699993856,59488.79,3.22,1.2081503724989249,0.1289128465000307,7.031166467493703,0.0001,59527.69
6.506716700008838,59459.63,3.22,1.209674672001414,0.1293365855005745,7.04028161550853,0.0001,59488.79
6.519117799995001,59527.69,3.22,1.2116588479992003,0.13014265699967512,7.052248676995177,0.0001,59459.63
6.531405300018378,59275.42,3.21,1.2135678215028487,0.13008594699981624,7.063535849516815,0.0001,59440.22
6.543664099997841,59800.91,3.22,1.2154679354996654,0.13020152549988126,7.074734330998035,0.0001,59459.63
6.55586900000344,59440.22,3.22,1.2173596950005332,0.13087279500018922,7.085840790003131,0.0001,59440.22
6.568306300003314,59411.09,3.21,1.2193290080005303,0.13105846849998343,7.097324859003082,0.0001,59430.5
6.580518400005531,59430.5,3.21,1.221282944000885,0.13102592000027652,7.108684704005171,0.0001,59411.09
6.592865300015546,59207.75,3.21,1.2232584480024875,0.13164326500077733,7.120229055514536,0.0001,59401.39
6.605094500002451,59820.47,3.22,1.2252151200003922,0.13202547250001226,7.131765247502341,0.0001,59411.09
6.617073400004301,59381.98,3.21,1.2271317440006881,0.1320853670000215,7.143205097004108,0.0001,59411.09
6.629124099999899,59362.59,3.21,1.2291510969999828,0.13251058449999545,7.155215340999898,0.0001,59411.09
6.641105499991681,59401.39,3.21,1.2312045174984612,0.1329944725000416,7.167388412491058,0.0001,59430.5
6.653121600014856,59178.77,3.21,1.2334274960027483,0.1329343919999257,7.18030572001597,0.0001,59401.39
6.662373300001491,59751.99,3.22,1.2351509270002832,0.13303053150008198,7.190369962501678,0.0001,59430.5
6.674611900001764,59430.5,3.21,1.2374762610003351,0.13370365450009705,7.2041383875019855,0.0001,59401.39
6.686790100007784,59469.35,3.22,1.2397901190014788,0.1338302474998054,7.2178049120087175,0.0001,59401.39
6.699195900000632,59440.22,3.22,1.2421472210001199,0.13352010249998422,7.231699408000707,0.0001,59401.39
6.711571599997114,59198.09,3.21,1.2443828879994805,0.13419429599982685,7.24475017999697,0.0001,59381.98
6.723725799995009,59732.45,3.22,1.2464961279992015,0.13456959700017468,7.257083622995333,0.0001,59430.5
6.73628589999862,59381.98,3.21,1.2485057439997793,0.1341299935000483,7.26882731649871,0.0001,59381.98
6.748378699994646,59381.98,3.21,1.2503149114992238,0.13450272199967875,7.279589468995342,0.0001,59381.98
6.760740700003225,59304.47,3.21,1.2521074015004676,0.13519629649998385,7.290322188002709,0.0001,59304.47
6.772806499997387,59159.46,3.21,1.253856942499621,0.13513596750001305,7.300457459997805,0.0001,59304.47
6.784787200012943,59683.61,3.22,1.2555941440018767,0.1353872320007766,7.310593056011066,0.0001,59304.47
6.796347199997399,59285.11,3.21,1.257270343999623,0.13608083199984397,7.320476855997776,0.0001,59304.47
6.808686400006991,59304.47,3.21,1.2591463920010837,0.1363,7.331591488006432,0.0001,59294.78
6.817443300009472,59236.75,3.21,1.2605037115014681,0.1363,7.339647836008715,0.0001,59285.11
6.829715400002897,59149.82,3.21,1.262503041000478,0.1366886160001159,7.351375361002796,0.0001,59285.11
6.842106299998704,59634.83,3.22,1.2645580709997797,0.13708946850000647,7.363395768498711,0.0001,59285.11
6.854792500002077,59294.78,3.21,1.2667147250003532,0.13702603749998962,7.376018537502067,0.0001,59285.11
6.867295400006697,59285.11,3.21,1.268876695001172,0.1375106780004688,7.388823693006998,0.0001,59285.11
6.879445900005521,59236.75,3.21,1.2710030325009662,0.13836121300038648,7.40152096550577,0.0001,59236.75
6.891740099992603,59043.8,3.21,1.2732719184986316,0.13816519800014793,7.414896708991938,0.0001,59236.75
6.904161400016164,59547.14,3.22,1.2755906660030714,0.13822887700088907,7.428477540017781,0.0001,59285.11
6.916343399992911,59217.41,3.21,1.277905245998653,0.13889888699961012,7.4418777399922025,0.0001,59236.75
6.928667000000132,59285.11,3.21,1.2801167250000232,0.13883998999999603,7.454957015000138,0.0001,59236.75
6.940552000014577,59236.75,3.21,1.2821910800024052,0.1385276000007289,7.467338200014213,0.0001,59236.75
6.9526957999914885,58966.83,3.21,1.2841948069985958,0.13913478999957443,7.479178404991702,0.0001,59236.75
6.964631800015923,59556.89,3.22,1.2861410880025477,0.1394536819998408,7.490630733014887,0.0001,59256.08
6.973747700016247,59140.16,3.21,1.2875996320025995,0.13936252299983753,7.4991540995151915,0.0001,59236.75
6.986084700009087,59314.15,3.21,1.289512705001363,0.1395433880003635,7.510476230008178,0.0001,59236.75
6.998300700011896,59256.08,3.21,1.2913451050017846,0.14003202800047584,7.521470630010706,0.0001,59169.12
7.010598499997286,58966.83,3.21,1.2931897749995929,0.1402589774999593,7.532220694997639,0.0001,59159.46
7.022743500012439,59508.24,3.22,1.295025242501928,0.14050974000049757,7.542869150011195,0.0001,59169.12
7.035136499995133,59159.46,3.21,1.2969461574992456,0.14100545999980532,7.5540228499956195,0.0001,59159.46
7.047325899999123,59169.12,3.21,1.2988721439998598,0.14109011150001316,7.565432863999158,0.0001,59159.46
7.059827599994605,59063.05,3.21,1.300872415999137,0.1409025860000809,7.577434495994822,0.0001,59140.16
7.071845200000098,58947.62,3.21,1.3029729100000171,0.1415514860000054,7.5896228780001,0.0001,59063.05
7.083263200009242,59440.22,3.22,1.3049710600016173,0.14196736799990758,7.601310044009658,0.0001,59140.16
7.095386700006202,58966.83,3.21,1.3070926725010854,0.14184613299993798,7.613979101506481,0.0001,59063.05
7.107666700001573,59140.16,3.21,1.3092800060002834,0.14222166850008655,7.626850035001652,0.0001,59063.05
7.119763900001999,59063.05,3.21,1.3114575020003598,0.14288701450010993,7.639552095002099,0.0001,59063.05
7.132123599993065,58861.24,3.2,1.3136216299987864,0.1426575280001387,7.6521660719929265,0.0001,59024.54
7.1406779999961145,59401.39,3.21,1.315111869999359,0.14253389999980573,7.660871219996153,0.0001,59063.05
7.153240300016478,58957.23,3.21,1.3171846495027189,0.14316201500082387,7.673307897016312,0.0001,59024.54
7.16550040000584,59149.82,3.21,1.3192075660009637,0.14341749399991238,7.685225380005548,0.0001,59063.05
7.178395800001454,59024.54,3.21,1.32133530700024,0.1432240629999782,7.697476010001381,0.0001,59034.16
7.190861100010807,58870.82,3.2,1.3232834705016752,0.14385166600064841,7.709209434010159,0.0001,59024.54
7.202984600007767,59159.46,3.21,1.3251924590012816,0.14434030799984465,7.7206502930074175,0.0001,59034.16
7.215060899994569,58938.01,3.21,1.327185048499104,0.14409878200010862,7.732183159494814,0.0001,59024.54
7.227506600000197,59198.09,3.21,1.3292010560000316,0.1441876650000049,7.743993737000187,0.0001,59034.16
7.239934200013522,59034.16,3.21,1.3311894720021635,0.14449835500033803,7.755737819012778,0.0001,59024.54
7.252020100015216,58794.16,3.2,1.3331232160024344,0.1450409045006847,7.767038793514226,0.0001,58957.23
7.263925600011134,59101.6,3.21,1.335047724001837,0.14551776800033403,7.778288204010744,0.0001,59034.16
7.275811500003328,58918.8,3.2,1.337008897500549,0.14587434500009985,7.789758097503212,0.0001,58957.23
7.287739299994428,59082.32,3.21,1.3390156809990528,0.14611608949991642,7.801655389494345,0.0001,59034.16
7.297089700005017,58957.23,3.21,1.340605249000853,0.1462563455000753,7.811146045505093,0.0001,58957.23
7.309445599996252,58765.44,3.2,1.342752979999344,0.14672505199983135,7.823923423996103,0.0001,58918.8
7.32184370001778,59063.05,3.21,1.3449318660032004,0.14714468899946662,7.836808229518402,0.0001,58957.23
7.334229900006903,58612.58,3.2,1.3471613820012427,0.1467731029997929,7.849627946507145,0.0001,58918.8
7.3463534000038635,59063.05,3.21,1.3492483110006375,0.1471082720003091,7.861858099003806,0.0001,58957.23
7.358693499991205,58861.24,3.2,1.3512844274985487,0.1480954799992964,7.874013097491337,0.0001,58880.42
7.371037700009765,58698.5,3.2,1.3533212205016114,0.1482,7.885896192009375,0.0001,58861.24
7.3832365999987815,59140.16,3.21,1.355334038999799,0.14832946399995128,7.897655684998813,0.0001,58880.42
7.395673299994087,58708.07,3.2,1.3573860944990244,0.14882693199976346,7.909781467494234,0.0001,58861.24
7.407574200013187,59024.54,3.21,1.359349743002176,0.14884851599973628,7.921384845012857,0.0001,58880.42
7.419741599995177,58880.42,3.2,1.3613573639992043,0.14860516800009646,7.933248059995298,0.0001,58880.42
7.431810800015228,58708.07,3.2,1.3633487820025127,0.14919054000076143,7.945133638015,0.0001,58880.42
7.443650100001832,59149.82,3.21,1.3653205170003115,0.14970950300005498,7.956850100001832,0.0001,58880.42
7.453051199991023,58603.05,3.2,1.366918703998474,0.14999153599973072,7.966251199991024,0.0001,58832.47
7.465258400014136,58966.83,3.21,1.369020220002474,0.15012112399978794,7.97856356801442,0.0001,58880.42
7.4774859000172,58899.6,3.2,1.37116003250301,0.149937711499742,7.991035618017544,0.0001,58842.06
7.489743700018153,58631.67,3.2,1.3733051475031766,0.1502897480007261,8.003587292518606,0.0001,58832.47
7.502094600000419,58832.47,3.2,1.375445609000069,0.15073141900000628,8.016173654000413,0.0001,58832.47
7.514407500013476,58660.3,3.2,1.3774772375022237,0.15091611250020215,8.02836342501334,0.0001,58822.89
7.526661800016882,59053.42,3.21,1.3794658880027013,0.15106661800016882,8.040195401015954,0.0001,58832.47
7.538941000006162,58842.06,3.2,1.381430560000986,0.1511894100000616,8.051799245005823,0.0001,58822.89
7.551389900007052,58631.67,3.2,1.383365434501093,0.15159864650024685,8.063164809006418,0.0001,58803.73
7.563374499994097,58822.89,3.2,1.385223047499085,0.1519168724999705,8.074020177494717,0.0001,58822.89
7.575408700009575,58612.58,3.2,1.387088348501484,0.15197704350004787,8.08479078650857,0.0001,58803.73
7.5873328000016045,58986.06,3.21,1.3888999200002405,0.1523299760000722,8.095426192001428,0.0001,58822.89
7.5994781000190414,58803.73,3.2,1.3907217150028564,0.15287651450085687,8.106235509016948,0.0001,58803.73
7.60856990001048,58603.05,3.2,1.3921283345016244,0.1531999465003668,8.114627157509695,0.0001,58746.31
7.620860700000776,58890.01,3.2,1.394046319000132,0.1535956964999961,8.126047789500765,0.0001,58803.73
7.633205299993278,58431.73,3.2,1.3961449009988571,0.15353397350003362,8.138207220493378,0.0001,58746.31
7.645440799999051,59014.92,3.21,1.3982521399998338,0.15371763199996202,8.150476819999026,0.0001,58803.73
7.657726800011005,58746.31,3.2,1.400402190001926,0.1542090720004402,8.16306997001128,0.0001,58746.31
7.670037700008834,58536.35,3.2,1.40260678600159,0.15440037700008832,8.176190527509496,0.0001,58746.31
7.682234200008679,58813.32,3.2,1.404824498001649,0.15457819700030379,8.189413475009765,0.0001,58746.31
7.694609600002877,58374.78,3.19,1.4071758240005467,0.15501133600010072,8.203335800003238,0.0001,58746.31
7.706865700019989,58832.47,3.2,1.409504483003798,0.15523432850009994,8.21708958402239,0.0001,58746.31
7.719020299991826,58746.31,3.2,1.4118138569984466,0.15529510149995912,8.230702735990844,0.0001,58746.31
7.730904500000179,58460.25,3.2,1.4139082875000313,0.15573618000000714,8.243031635000184,0.0001,58746.31
7.74309699999867,58765.44,3.2,1.4159800349997937,0.15619290999996008,8.255218269998789,0.0001,58746.31
7.755202700005611,58403.25,3.19,1.4178564185008697,0.15655608100016835,8.266234457005107,0.0001,58698.5
7.766921000002185,58909.21,3.2,1.4196035450003168,0.15673460500001093,8.276517455001867,0.0001,58746.31
7.776374100008979,58746.31,3.2,1.420974244501302,0.15678187050004488,8.284599855507677,0.0001,58698.5
7.788714399997843,58536.35,3.2,1.4228071599996768,0.15710500399992455,8.295194383998146,0.0001,58688.95
7.801400800002739,58698.5,3.2,1.424710120000411,0.1574929959999863,8.306153716002452,0.0001,58698.5
7.812375800014706,58393.76,3.19,1.426356370002206,0.15743812099992646,8.315976341013164,0.0001,58688.95
7.824824600014836,58986.06,3.21,1.4282719360023737,0.15759298400059343,8.327311001013872,0.0001,58698.5
7.837366299994755,58688.95,3.2,1.4302786079991607,0.1580946519997902,8.339037490495096,0.0001,58688.95
7.849822599993786,58469.75,3.2,1.4323207289989748,0.15839645199987573,8.351224373993848,0.0001,58679.4
7.862545700016199,58755.87,3.2,1.4344582260029157,0.15867637100048598,8.363960256516927,0.0001,58688.95
7.874785599997267,58479.25,3.2,1.4366614079995081,0.15904356799991803,8.376750951997144,0.0001,58679.4
7.88667350000469,58957.23,3.21,1.4388345975008678,0.15960041000028144,8.389474115005113,0.0001,58688.95
7.898562100017443,58679.4,3.2,1.441033988503227,0.16031372600104657,8.402432689019014,0.0001,58679.4
7.91064750001533,58545.87,3.2,1.4433230250029125,0.16013381249961675,8.415925200017169,0.0001,58660.3
7.922817800019402,58708.07,3.2,1.4456212930035894,0.15995635600038804,8.429443224020954,0.0001,58679.4
7.932065200002398,58479.25,3.2,1.4473320620004437,0.16014130400004797,8.43943041600259,0.0001,58660.3
7.9444318000169005,58976.45,3.21,1.4495534060028732,0.16036647700025353,8.45247611801707,0.0001,58679.4
7.956722900009481,58660.3,3.2,1.4516428930016119,0.16055084350014223,8.464890129009577,0.0001,58660.3
7.969020699994871,58507.8,3.2,1.4536433119991794,0.16078041399989743,8.476724561495153,0.0001,58593.52
7.981342000013683,58698.5,3.2,1.4556013000020525,0.16106039000061573,8.488294380012178,0.0001,58622.13
7.993484800012084,58393.76,3.19,1.4574227200018124,0.16160681600054375,8.499101472010754,0.0001,58593.52
8.005817500001285,58832.47,3.2,1.4592726250001928,0.1619,8.51001940000113,0.0001,58622.13
8.018150299991248,58593.52,3.2,1.4611225449986873,0.1619,8.520872263992299,0.0001,58612.58
8.030328399996506,58412.74,3.2,1.4630009019994585,0.16231313599986028,8.531743917996874,0.0001,58593.52
8.04246240001521,58622.13,3.2,1.4648816720023576,0.1627246240001521,8.542653096013918,0.0001,58612.58
8.054567400016822,58261.06,3.19,1.4667579470026073,0.16284567400016822,8.553729171015393,0.0001,58593.52
8.066408600017894,58957.23,3.21,1.4686253760028631,0.16322043000089467,8.564788170017,0.0001,58612.58
8.078174900001613,58612.58,3.2,1.4705079840002582,0.16380874500008066,8.575966155001533,0.0001,58612.58
8.086751599999843,58355.8,3.19,1.4719815299999726,0.16383248400000155,8.58458663199984,0.0001,58612.58
8.098986900004093,58660.3,3.2,1.4741227075007162,0.16371013099995907,8.597066638004176,0.0001,58622.13
8.111326900019776,58346.32,3.19,1.4763954765036587,0.16386990350029665,8.610502955521655,0.0001,58612.58
8.123531999997795,58947.62,3.21,1.478653419999592,0.16407063999995591,8.623885199997574,0.0001,58650.75
8.13589750000392,58650.75,3.2,1.4809410375007253,0.1643179500000784,8.637487250004313,0.0001,58650.75
8.148474899993744,58479.25,3.2,1.483225481998874,0.16461187249984358,8.650813895993494,0.0001,58650.75
8.160701699991478,58650.75,3.2,1.4854122719986365,0.16493157649961648,8.663477140491777,0.0001,58650.75
8.173180999991018,58346.32,3.19,1.487408959998563,0.16549314499959583,8.675519664991333,0.0001,58603.05
8.185800700011896,58957.23,3.21,1.4894281120019033,0.1658,8.687523654511123,0.0001,58650.75
8.198224399995524,58660.3,3.2,1.491415903999284,0.1658,8.699139813995815,0.0001,58603.05
8.210208500007866,58488.78,3.2,1.4933333600012586,0.16585104250003932,8.710344947507354,0.0001,58583.98
8.222314899991034,58603.05,3.2,1.4952703839985653,0.1659,8.72167600599157,0.0001,58583.98
8.234352800005581,58384.26,3.19,1.4971964480008928,0.1659,8.732991632005247,0.0001,58488.78
8.243312000005972,58822.89,3.2,1.4986133600009255,0.16594968000008956,8.741380160005553,0.0001,58583.98
8.2554982000147,58583.98,3.2,1.5005022210022785,0.16613247300022047,8.752713326013671,0.0001,58574.46
8.268003800010774,58355.8,3.19,1.502480608001724,0.16656017100048484,8.764423572010129,0.0001,58488.78
8.280229099997086,58460.25,3.2,1.5044378014995192,0.16710572749992716,8.77592337249716,0.0001,58545.87
8.292576700012432,58365.28,3.19,1.5064751555020515,0.16741441750031083,8.787962282512122,0.0001,58460.25
8.30478979999316,58957.23,3.21,1.5085382149988031,0.167719744999829,8.800061646993058,0.0001,58545.87
8.317123100016033,58574.46,3.2,1.5106965425028058,0.16802807750040083,8.812579946516273,0.0001,58545.87
8.329567800014047,58403.25,3.19,1.5128743650024583,0.16829135600028094,8.825354834014469,0.0001,58526.84
8.341733900015242,58545.87,3.2,1.5149947630025913,0.16852600850022864,8.837851239015395,0.0001,58545.87
8.353871300001629,58365.28,3.19,1.517058121000277,0.16870806950002445,8.850110013001645,0.0001,58545.87
8.365668100013863,58880.42,3.2,1.5190635770023568,0.16905506450062388,8.861883078513655,0.0001,58555.41
8.37764980000793,58555.41,3.2,1.5211004660013483,0.1695942410003569,8.873685053007812,0.0001,58555.41
8.389893100014888,58526.84,3.2,1.5230828960023821,0.16945267249962778,8.885497376014293,0.0001,58545.87
8.401864799991017,58564.92,3.2,1.5250076919985178,0.169311887999461,8.896999531991332,0.0001,58545.87
8.411226299998816,58336.84,3.19,1.5265523394998046,0.16987357799992894,8.906033379498858,0.0001,58526.84
8.42354780001915,58899.6,3.2,1.5285853870031598,0.17038226099990425,8.917976844018769,0.0001,58555.41
8.43591590001597,58564.92,3.2,1.5306261235026353,0.17032042049992016,8.930097582015652,0.0001,58526.84
8.448292500019306,58441.24,3.2,1.5327097250032822,0.1706317000007723,8.942268112519018,0.0001,58526.84
8.460609500005376,58526.84,3.2,1.534803615000914,0.17112742750024193,8.95440645250535,0.0001,58517.32
8.472769200016046,58327.37,3.19,1.536870764002728,0.17167461400072206,8.966505354015965,0.0001,58507.8
8.48500200000126,58851.64,3.2,1.538950340000214,0.17184993999996223,8.978702000001258,0.0001,58517.32
8.497256800008472,58507.8,3.2,1.5410336560014404,0.17148229599974585,8.990956800008473,0.0001,58507.8
8.509631599998102,58517.32,3.2,1.5431373719996773,0.17212236999985764,9.003427915998083,0.0001,58498.28
8.521810900012497,58431.73,3.2,1.5452078530021245,0.17288189099987503,9.015729009012622,0.0001,58507.8
8.533705000008922,58327.37,3.19,1.547229850001517,0.17276294999991076,9.027742050009012,0.0001,58498.28
8.545822000014596,58775.01,3.2,1.5492897400024814,0.17275822000014596,9.039892890014524,0.0001,58507.8
8.557523700001184,58498.28,3.2,1.5512790290002012,0.17287523700001184,9.051536081501178,0.0001,58498.28
8.566978100017877,58450.74,3.2,1.5528513865029496,0.1731093430005363,9.060698976017163,0.0001,58450.74
8.579385999997612,58545.87,3.2,1.554898689999606,0.17348157999992836,9.072610559997708,0.0001,58450.74
8.591609700000845,58251.6,3.19,1.556799503500131,0.17315170899997465,9.083764827000769,0.0001,58450.74
8.6038172999979,58851.64,3.2,1.5586916814996745,0.1733389894997585,9.094892829498079,0.0001,58460.25
8.616162299993448,58422.24,3.2,1.5606051564989845,0.1747586644992466,9.106188504494005,0.0001,58450.74
8.628364600008354,58374.78,3.19,1.5625383360013365,0.17486541599966585,9.117646370007936,0.0001,58431.73
8.640782700007549,58460.25,3.2,1.5645291455012453,0.1744587025005661,9.129467046007397,0.0001,58431.73
8.652935199992498,58223.23,3.19,1.5665343079987621,0.17537013999943735,9.141376495992649,0.0001,58422.24
8.665304499998456,58775.01,3.2,1.5686017649997375,0.1759,9.153631022498448,0.0001,58431.73
8.677341400005389,58336.84,3.19,1.5706480380009162,0.1759,9.165728107005416,0.0001,58422.24
8.68933379999362,58431.73,3.2,1.5727800839988515,0.17594666899996808,9.178060482993397,0.0001,58431.73
8.701298500003759,58431.73,3.2,1.5749337300006767,0.17607791000022555,9.190489395004022,0.0001,58431.73
8.71323660001508,58242.14,3.19,1.5770825880027144,0.17679419600090476,9.203263162016135,0.0001,58431.73
8.722644699999364,58746.31,3.2,1.5787760459998854,0.17714710600001274,9.213329828999319,0.0001,58431.73
8.734890499996254,58412.74,3.2,1.5809802899993257,0.17690219000007493,9.226432834995991,0.0001,58431.73
8.74712929999805,58469.75,3.2,1.5831476274996588,0.17719211149989278,9.239171885998012,0.0001,58431.73
8.75952029999462,58469.75,3.2,1.5853160524990584,0.1778736164997041,9.251810705994512,0.0001,58431.73
8.771656199998688,58204.32,3.19,1.58726499199979,0.17784171900000656,9.26331510899876,0.0001,58412.74
8.783932099991944,58698.5,3.2,1.5891898149987917,0.17785898149987917,9.274699568992832,0.0001,58431.73
8.796472799993353,58346.32,3.19,1.591070919999003,0.17804709199990032,9.285860791994084,0.0001,58412.74
8.808476100006374,58384.26,3.19,1.592871415000956,0.17873570750047807,9.296501348505641,0.0001,58384.26
8.820897500001593,58431.73,3.2,1.5947391125002468,0.1795640999999363,9.307521212501456,0.0001,58374.78
8.833147199999075,58213.76,3.19,1.5966378159998567,0.17907411200003698,9.318729687999154,0.0001,58346.32
8.84495309999329,58669.85,3.2,1.598517261498893,0.17917148249949677,9.32975497599356,0.0001,58374.78
8.857019000017317,58346.32,3.19,1.6005081350028574,0.1800764250012988,9.341338240016626,0.0001,58346.32
8.869116400019266,58346.32,3.19,1.6025497880032753,0.17993534399922934,9.35327081801917,0.0001,58374.78
8.87832950000302,58374.78,3.19,1.6041160150005136,0.17956681999987917,9.362437852503005,0.0001,58374.78
8.890584300010232,58242.14,3.19,1.6061993310017395,0.18024090100071627,9.374895986010436,0.0001,58346.32
8.903001400001813,58650.75,3.2,1.6083552590003352,0.18100504900006345,9.38768148400192,0.0001,58374.78
8.91507129999809,58336.84,3.19,1.6105881904996464,0.18142749549993314,9.400475577997975,0.0001,58346.32
8.927438000013353,58422.24,3.2,1.6128388400024036,0.1816,9.413770230014489,0.0001,58374.78
8.939585700019961,58374.78,3.19,1.615025426003593,0.1816,9.426950484521658,0.0001,58374.78
8.95189660001779,58128.75,3.19,1.6172413880032024,0.18207586400071163,9.440010396018858,0.0001,58346.32
8.964165200013667,58669.85,3.2,1.619428910002392,0.182337521999795,9.452827678013874,0.0001,58374.78
8.976472800015472,58298.93,3.19,1.6215827400027076,0.18215290799976794,9.465319892015703,0.0001,58346.32
8.988748600007966,58431.73,3.2,1.6235997760012746,0.18205625699996017,9.477079941007448,0.0001,58374.78
9.000712700013537,58346.32,3.19,1.6255069050020305,0.18206414300121831,9.48823073951198,0.0001,58374.78
9.012894799991045,58157.08,3.19,1.627334219998657,0.18316053199919408,9.499011897992075,0.0001,58346.32
9.024764200003117,58612.58,3.2,1.6290908090004521,0.18360943199987528,9.509468675002728,0.0001,58403.25
9.036721000011312,58270.53,3.19,1.6308245450016403,0.1831311599995475,9.519930875009898,0.0001,58346.32
9.046266999997899,58403.25,3.19,1.6322713849996744,0.18362669999978992,9.52837762999813,0.0001,58346.32
9.058469700015849,58403.25,3.19,1.6341628035024565,0.18484697000158481,9.539238033014104,0.0001,58317.88
9.07070620000013,58242.14,3.19,1.63605946100002,0.1847858759999974,9.550610297000121,0.0001,58279.99
9.08291339999414,58679.4,3.2,1.637995277999004,0.1847748039996484,9.5621842659942,0.0001,58317.88
9.09430950001115,58279.99,3.19,1.6399326150018956,0.18545857000066898,9.57346640501104,0.0001,58279.99
9.106540300010238,58317.88,3.19,1.6420445525017917,0.18583270150005118,9.585869210510596,0.0001,58317.88
9.118914299993776,58251.6,3.19,1.644210002498911,0.18589457149996888,9.598676300493558,0.0001,58279.99
9.131182000011904,58091.03,3.19,1.6464127600021428,0.18617955000029762,9.611652920012618,0.0001,58251.6
9.144252600002803,58622.13,3.2,1.6487654680005044,0.1865701040001121,9.625507756002971,0.0001,58279.99
9.15637969999807,58232.68,3.19,1.6509483459996523,0.18705518799992277,9.638362481997953,0.0001,58279.99
9.168363400007365,58365.28,3.19,1.6530635950012889,0.18728363400007367,9.650856119007624,0.0001,58279.99
9.180559200001882,58194.85,3.19,1.6551950640003201,0.18741398000004708,9.663453608001864,0.0001,58279.99
9.192484900006095,58091.03,3.19,1.6572224330010363,0.1877121225001524,9.675260051006035,0.0001,58279.99
9.201857000007294,58422.24,3.2,1.6587971200011673,0.18799285000036475,9.684454865006893,0.0001,58289.47
9.214043500018306,58279.99,3.19,1.660746960002929,0.1886021750009153,9.695971107517298,0.0001,58279.99
9.226353200006997,58422.24,3.2,1.6627165120011194,0.1887411699998251,9.70760377400661,0.0001,58289.47
9.238681499991799,58289.47,3.19,1.6646890399986878,0.18843296250020505,9.719254017492249,0.0001,58279.99
9.250903700012714,57996.82,3.19,1.666644592002034,0.1891087405008264,9.730640441011824,0.0001,58279.99
9.263193499995396,58289.47,3.19,1.6685949924992862,0.18958822750016116,9.742006084995811,0.0001,58289.47
9.274523000000046,58147.63,3.19,1.6703510650000073,0.18919169499999836,9.752315930000043,0.0001,58279.99
9.28710400001728,58317.88,3.19,1.6723011200026785,0.18956832000138243,9.763835680015898,0.0001,58279.99
9.299336199997924,58251.6,3.19,1.6741971109996783,0.19054689599983402,9.775089303998092,0.0001,58251.6
9.311696899996607,57968.61,3.19,1.67622998849944,0.1902490930001018,9.786929023996743,0.0001,58242.14
9.323953899991466,58355.8,3.19,1.678272162998549,0.19029654249935993,9.79889343899138,0.0001,58251.6
9.335950300010154,57893.44,3.18,1.6803115510017261,0.19119627250076157,9.811009803010256,0.0001,58242.14
9.348027100000762,58279.99,3.19,1.6824448780001373,0.19158027100000763,9.823608726000806,0.0001,58251.6
9.357154500001341,58242.14,3.19,1.6840878100002417,0.19167154500001343,9.833283770001422,0.0001,58242.14
9.369413700012956,57978.02,3.19,1.6862944660023322,0.19212361650058304,9.846372659013863,0.0001,58109.89
9.381798799993701,58374.78,3.19,1.688514789998898,0.192617987999937,9.859552763993513,0.0001,58242.14
9.393990400014445,57874.67,3.18,1.690648320002528,0.19273990400014446,9.872110112014878,0.0001,58109.89
9.406025200005388,58251.6,3.19,1.692694158000889,0.19295063000013468,9.884084192005172,0.0001,58242.14
9.418088800011901,58109.89,3.19,1.6946846520019638,0.19325222000029754,9.895665248011426,0.0001,58128.75
9.430417099996703,57949.8,3.19,1.6966667359994725,0.1933520854999835,9.907239988496917,0.0001,58109.89
9.442719600017883,58393.76,3.19,1.6986351360028613,0.19350878400071533,9.918756424016811,0.0001,58128.75
9.455069200019352,57940.41,3.19,1.7006110720030965,0.19400276800077412,9.930365048018192,0.0001,58109.89
9.467287800012855,58242.14,3.19,1.7025660480020568,0.1942364390000643,9.94199628801234,0.0001,58128.75
9.47955039999215,58128.75,3.19,1.7045280639987437,0.19429775199996074,9.953768383992463,0.0001,58128.75
9.491756000003077,57837.15,3.18,1.7065397400005076,0.19494658000016923,9.965485760002954,0.0001,58128.75
9.504023899993626,58128.75,3.19,1.7085639434989484,0.19544023899993626,9.97728306349385,0.0001,58128.75
9.513184800016463,57940.41,3.19,1.7100754920027164,0.19553184800016463,9.986123332015886,0.0001,58128.75
9.525316600018414,58365.28,3.19,1.7120772390030383,0.1958658300009207,9.997910268018046,0.0001,58128.75
9.537693799997214,58157.08,3.19,1.7141194769995405,0.19648468999986074,10.01003992399727,0.0001,58128.75
9.550053500017384,57959.21,3.19,1.7162090950029554,0.19639892999965233,10.022353500017383,0.0001,58081.59
9.562147799995728,58138.19,3.19,1.7182651259992736,0.19631812899976503,10.034458538995706,0.0001,58128.75
9.574542100017426,58034.48,3.19,1.7203721570029624,0.19699981550095846,10.046914810517514,0.0001,58081.59
9.586817700008396,58270.53,3.19,1.7224590090014273,0.19733408850004197,10.059149523008312,0.0001,58138.19
9.599035099992761,58081.59,3.19,1.7245359669987694,0.1973951754999638,10.071244748992834,0.0001,58081.59
9.611285699997097,57893.44,3.18,1.7265057119995355,0.19796428499985488,10.082977843497229,0.0001,58062.74
9.623595000011846,58147.63,3.19,1.7284752000018955,0.19838202499994076,10.094697275011196,0.0001,58081.59
9.63568910001777,57790.29,3.18,1.7304102560028432,0.19832155449991115,10.106126199516792,0.0001,58062.74
9.647871099994518,58261.06,3.19,1.7323987314990954,0.19865419949975327,10.11779561149471,0.0001,58081.59
9.65978780001751,58062.74,3.19,1.734364987002889,0.19919045100078792,10.129295227016897,0.0001,58062.74
9.671523600001818,57874.67,3.18,1.736359012000309,0.19943047200003636,10.14085074600179,0.0001,57978.02
9.680961400008528,58128.75,3.19,1.7379634380014497,0.1996240350002132,10.150171014008613,0.0001,58015.65
9.693212700018194,57799.65,3.18,1.7400461590030931,0.19993031750045484,10.162544827018376,0.0001,57978.02
9.705319500004405,58270.53,3.19,1.7421309125007711,0.2002063900000881,10.174852487504515,0.0001,58015.65
9.717571799992584,57978.02,3.19,1.744275064998702,0.20045143599985168,10.187411094992397,0.0001,58015.65
9.72987280000234,57837.15,3.18,1.7464277400004093,0.2008949120000936,10.200167712002433,0.0001,57978.02
9.742318400007205,58015.65,3.19,1.748594128001225,0.20133477600010807,10.213041584007277,0.0001,58015.65
9.754555399995297,57715.41,3.18,1.7506744179992006,0.20151833099992947,10.22540095399525,0.0001,57978.02
9.766841200005729,58194.85,3.19,1.7527287980009454,0.20173682400011458,10.237570170005586,0.0001,58015.65
9.77937090001069,58034.48,3.19,1.754796198501764,0.20198741800021383,10.249786627510424,0.0001,58015.65
9.79140119999647,57790.29,3.18,1.7567811979994177,0.20222802399992942,10.261231139996648,0.0001,58015.65
9.803330199996708,58053.32,3.19,1.7587161809994898,0.20244995299995064,10.272447132996987,0.0001,58015.65
9.815175399999134,57696.72,3.18,1.760552186999866,0.202627630999987,10.283285490999207,0.0001,58006.24
9.827464900008636,58317.88,3.19,1.7624197350012953,0.2028492980001727,10.294418410007772,0.0001,58034.48
9.836673300014809,58034.48,3.19,1.7638009950022213,0.20303346600029618,10.302705970013328,0.0001,58015.65
9.84901350000291,57931.01,3.19,1.7657421600004657,0.2035506750001455,10.314037487502691,0.0001,58006.24
9.861195100005716,58006.24,3.19,1.7676912160009148,0.2040940244999714,10.325353271505517,0.0001,58015.65
9.873567700007698,57827.78,3.18,1.7696708320012318,0.2040321614999615,10.33729283050743,0.0001,58006.24
9.885865499993088,58279.99,3.19,1.7717264624987905,0.20443991249948162,10.34942415499302,0.0001,58015.65
9.898038800020004,58015.65,3.19,1.7738567900035005,0.20535291000150024,10.361719188020203,0.0001,58015.65
9.910344000003533,57752.83,3.18,1.776061920000636,0.2055,10.374716360003763,0.0001,58006.24
9.922624700004233,58034.48,3.19,1.7782855695007833,0.20560498800016933,10.387847799504593,0.0001,58006.24
9.934951200004434,57780.92,3.18,1.7805659720008205,0.2060980480001774,10.401222052004812,0.0001,57931.01
9.947212900005978,58242.14,3.19,1.782834386501106,0.20648032250014947,10.414489932006457,0.0001,58015.65
9.959114400000544,58034.48,3.19,1.7850361640001007,0.20677786000001364,10.42734355200059,0.0001,57987.42
9.971271599992178,57818.39,3.18,1.7871725299986312,0.2068,10.44019153799175,0.0001,57931.01
9.983156000002054,57931.01,3.19,1.7892365200003493,0.20697358000011298,10.452492880002014,0.0001,57987.42
9.99234670001897,57696.72,3.18,1.7907989390032248,0.20747906850104336,10.46149976601859,0.0001,57931.01
10.00473270000657,58298.93,3.19,1.7928335685010184,0.2079473270000657,10.473306757005979,0.0001,57987.42
10.016913300001763,57987.42,3.19,1.7947215615002732,0.20806913300001764,10.484391103001604,0.0001,57987.42
10.029099000006681,57846.52,3.18,1.7965193550009688,0.2084639600002673,10.49520712000588,0.0001,57931.01
10.04144540001289,58043.91,3.19,1.7983168100019336,0.2089505890004512,10.506071952011343,0.0001,57978.02
10.05377369999769,57762.2,3.18,1.8001660549996534,0.20938207949991913,10.516920855997967,0.0001,57978.02
10.066150300001025,58204.32,3.19,1.8020532965001588,0.2096,10.527996773000933,0.0001,57987.42
10.0782554000034,57987.42,3.19,1.803929587000527,0.2096,10.539012414003093,0.0001,57987.42
10.08964650001144,57752.83,3.18,1.8057434400018304,0.21013055750062923,10.549715942510812,0.0001,57978.02
10.101853500003926,57978.02,3.19,1.8077150950006675,0.21070926750001964,10.561353500003927,0.0001,57978.02
10.114071399992097,57724.77,3.18,1.8097921379986566,0.21077035699996047,10.573571399992097,0.0001,57978.02
10.126208000001498,58232.68,3.19,1.8119174400002696,0.2113276800001273,10.586018400001572,0.0001,57978.02
10.138676200003829,58015.65,3.19,1.814161716000689,0.2123874770003254,10.59911001000402,0.0001,57978.02
10.15092420001747,57809.03,3.18,1.816420977003232,0.21217227399947589,10.61246199901913,0.0001,57978.02
10.160045500000706,57978.02,3.19,1.8181084175001305,0.21190136500002119,10.62244959500077,0.0001,57978.02
10.172434400010388,57734.12,3.18,1.820400364001922,0.21227303200031164,10.635953496011323,0.0001,57978.02
10.184799400012707,58317.88,3.19,1.8226638920022875,0.21264398200038123,10.649263367013406,0.0001,58015.65
10.197145500016632,58081.59,3.19,1.8248861900029938,0.21301436500049897,10.662288502517548,0.0001,58015.65
10.20936310000252,57940.41,3.19,1.8269449115004157,0.2131468155000126,10.67447583800247,0.0001,57978.02
10.221709300007205,58034.48,3.19,1.8289649415011167,0.21329401150039626,10.686455463006556,0.0001,58034.48
10.233957999997074,57780.92,3.18,1.8308634899995464,0.21396768999983903,10.697601779997337,0.0001,58034.48
10.246255100006238,58308.41,3.19,1.8327382650009356,0.2145189285002183,10.70860448800549,0.0001,58034.48
10.258457999996608,58034.48,3.19,1.8345686999994912,0.2149460299998813,10.719343039997016,0.0001,58034.48
10.270690900011687,57893.44,3.18,1.8364036350017532,0.21521381800023373,10.730214901010402,0.0001,58034.48
10.282795000006447,58062.74,3.19,1.8382472000010317,0.2155118000002579,10.741057425005899,0.0001,58034.48
10.294492699991679,57855.91,3.18,1.8401188319986688,0.2159797079996672,10.751760820492388,0.0001,58025.07
10.306401000008918,58251.6,3.19,1.842024160001427,0.21603997499977703,10.762912955008519,0.0001,58034.48
10.315531300002476,58043.91,3.19,1.8434850080003962,0.2158117174999381,10.771632391502365,0.0001,58025.07
10.327937299996847,57902.83,3.18,1.845549340999464,0.21617623799981084,10.783797613496862,0.0001,58006.24
10.34017360000871,58025.07,3.19,1.8476303800015241,0.2169034720001742,10.795982280009145,0.0001,58025.07
10.352459899993846,57837.15,3.18,1.849780482498923,0.21714919799987692,10.80888289499354,0.0001,58006.24
10.364888400014024,58365.28,3.19,1.8520043540025946,0.2177155140011921,10.822079472015147,0.0001,58025.07
10.37735550000798,58006.24,3.19,1.8543107675014765,0.21877521750067835,10.83554394000862,0.0001,58006.24
10.38954219999141,57837.15,3.18,1.8565653069984112,0.21885686700012885,10.848657864990766,0.0001,57968.61
10.401817700010724,58043.91,3.19,1.8588180975018767,0.21881815050069706,10.861790408011153,0.0001,58006.24
10.41418920000433,57818.39,3.18,1.860983110000758,0.21962229800028144,10.874656768004503,0.0001,57968.61
10.42641499999445,58289.47,3.19,1.8630584749990842,0.22003207499997224,10.88685839999467,0.0001,58006.24
10.438380200008396,57968.61,3.19,1.8650327330013854,0.22009190100004197,10.898344992008061,0.0001,58006.24
10.450355800014222,57874.67,3.18,1.8669051490022046,0.22025533700021335,10.909375557013014,0.0001,58043.91
10.462632700015092,58072.17,3.19,1.868794905002264,0.22046581750037733,10.92058259351366,0.0001,58072.17
10.47438110000803,57799.65,3.18,1.8705571650012045,0.22075952750020075,10.931214895507267,0.0001,58072.17
10.483912700001381,58374.78,3.19,1.8720260320002209,0.22097825400002763,10.939880120501263,0.0001,58091.03
10.49610560000292,58100.45,3.19,1.8739768960004672,0.2212221120000584,10.951036624002672,0.0001,58081.59
10.508347700000742,58091.03,3.19,1.875893893500115,0.2216339080000297,10.962446838000698,0.0001,58081.59
10.520689099997982,58128.75,3.19,1.877817146999657,0.22213100949990922,10.974071872498033,0.0001,58091.03
10.532937400013907,57921.62,3.19,1.8798993580023642,0.22268218300062584,10.98601396501356,0.0001,58091.03
10.545149400015362,58336.84,3.19,1.8819753980026115,0.22307724100023044,10.998100894015517,0.0001,58100.45
10.557459500007099,58081.59,3.19,1.8840681150012069,0.22326189250010647,11.010534095007168,0.0001,58100.45
10.569779700017534,58081.59,3.19,1.8862114475030685,0.22378898500087668,11.023173091018059,0.0001,58091.03
10.582141899998534,58100.45,3.19,1.8883748324997434,0.22426787150002198,11.035916866498482,0.0001,58081.59
10.594232900009956,57884.05,3.18,1.8904907575017422,0.22408650649985065,11.048431051510304,0.0001,58081.59
10.60615730000427,58308.41,3.19,1.892546741000726,0.22430786500021352,11.060649659504334,0.0001,58081.59
10.618210899992846,58100.45,3.19,1.8945958529987839,0.22491054499964233,11.07288406349274,0.0001,58081.59
10.630075699998997,58006.24,3.19,1.8965624904998346,0.22505037849999499,11.084372671999038,0.0001,58072.17
10.639429100003326,58072.17,3.19,1.8981058015005488,0.2250971455000166,11.093351936003192,0.0001,58072.17
10.651648400002157,57912.23,3.19,1.9000637440003452,0.22568242000010785,11.10496598000205,0.0001,58034.48
10.664064400014468,58374.78,3.19,1.9020706260023872,0.2262625760005787,11.116842468014033,0.0001,58072.17
10.676358900003834,58015.65,3.19,1.9040992185006327,0.22675435600015334,11.12876813300372,0.0001,58034.48
10.688585700001568,58034.48,3.19,1.9061166405002588,0.22707171400003134,11.14067105750153,0.0001,58034.48
10.700797500001498,58109.89,3.19,1.9081355750002547,0.22733190000005993,11.152581550001468,0.0001,58072.17
10.713116500002798,57940.41,3.19,1.9102298050004756,0.2278246600001119,11.164654170002741,0.0001,58034.48
10.725418699992588,58412.74,3.2,1.9122940854987769,0.22807290650003706,11.176764512992662,0.0001,58100.45
10.737739900010638,58025.07,3.19,1.9143270835017552,0.2280113004999468,11.188962501010531,0.0001,58100.45
10.749933899991445,58100.45,3.19,1.9163887629985457,0.2281986779998289,11.20103456099153,0.0001,58100.45
10.761789300013334,58100.45,3.19,1.9184041810022667,0.22852525100093335,11.212762460513135,0.0001,58109.89
10.773954000003869,57893.44,3.18,1.9204721800006577,0.22937678000027084,11.224744690003812,0.0001,58100.45
10.786002800014103,58450.74,3.2,1.9225204760023977,0.2298,11.236732814014175,0.0001,58109.89
10.795125800010283,58119.32,3.19,1.9240713860017482,0.2298,11.245901429010335,0.0001,58100.45
10.807273999991594,58147.63,3.19,1.926136579998571,0.23023643999949567,11.258073999991595,0.0001,58109.89
10.819563299999572,58109.89,3.19,1.9282257609999272,0.23097379799997433,11.270363299999572,0.0001,58119.32
10.831733600003647,57912.23,3.19,1.9302360440006017,0.23094133199998176,11.282240260003555,0.0001,58119.32
10.844298700016227,58441.24,3.2,1.9322662985025152,0.23132987000162267,11.294319284515172,0.0001,58147.63
10.856337500008522,58072.17,3.19,1.934132312501321,0.23253375000085222,11.305575562507968,0.0001,58119.32
10.868513099994741,58157.08,3.19,1.9360620959991588,0.23281486900005258,11.31691718299511,0.0001,58138.19
10.880869100015842,58194.85,3.19,1.938043401502614,0.23271303650023764,11.328434336015208,0.0001,58138.19
10.893233600014353,57949.8,3.19,1.9400835440023683,0.2328985040002153,11.340304256013779,0.0001,58138.19
10.905546900001355,58365.28,3.19,1.9421152385002234,0.2331109380000271,11.352263696501334,0.0001,58147.63
10.917556100001095,58072.17,3.19,1.9440967565001805,0.2333511220000219,11.364092758501078,0.0001,58138.19
10.929661900008796,58138.19,3.19,1.9461908325015391,0.23349661900008795,11.376306828508929,0.0001,58147.63
10.941688099992462,58147.63,3.19,1.9482954174986808,0.23372660749943466,11.388572504992084,0.0001,58138.19
10.953414299990982,57931.01,3.19,1.950347502498422,0.2346060724993237,11.400885014990532,0.0001,58128.75
10.962644200015347,58450.74,3.2,1.9519891770028395,0.23517932600046046,11.4106425150165,0.0001,58138.19
10.975203500012867,58109.89,3.19,1.9543126475023804,0.235556105000386,11.424143762513832,0.0001,58128.75
10.987528500001646,58166.52,3.19,1.9565174875002882,0.2358129275000247,11.437129640001713,0.0001,58138.19
10.999794900009874,58128.75,3.19,1.9586641075017281,0.23599692350014811,11.44988669601027,0.0001,58147.63
11.012055600003807,58025.07,3.19,1.9606891740006283,0.2367233360002284,11.461733654003675,0.0001,58128.75
11.024398600013228,58403.25,3.19,1.9626597900019842,0.23711202799973544,11.473358740011905,0.0001,58147.63
11.036799699999392,58091.03,3.19,1.964519954999909,0.23686400600001215,11.484519729999453,0.0001,58138.19
11.049145199998748,58166.52,3.19,1.966417505999806,0.23744016399991236,11.495539227998885,0.0001,58147.63
11.061258200003065,58147.63,3.19,1.968295021000475,0.23821258200003065,11.50635754400282,0.0001,58138.19
11.07321940001566,57978.02,3.19,1.9701490070024272,0.2383321940001566,11.517361848014406,0.0001,58138.19
11.085205500014126,58469.75,3.2,1.9720328800022602,0.2384780825002119,11.52849317001328,0.0001260275000706317,58147.63
11.096867300017038,58138.19,3.19,1.9738987680027262,0.2386530095002556,11.539455262016016,0.00018433650008519326,58138.19
11.10901760001434,58213.76,3.19,1.9758879040023662,0.23937632000107556,11.551056896013767,0.0002,58147.63
11.117611199995736,58138.19,3.19,1.9773058479992964,0.2400208399996802,11.559306751995907,0.0002,58147.63
11.129953399999067,58006.24,3.19,1.9793920779998415,0.240349300999986,11.571603166999063,0.0002,58138.19
11.142137100017862,58498.28,3.2,1.9814846780032151,0.24058548400071447,11.583965326018934,0.0002,58194.85
11.154607300006319,58062.74,3.19,1.9837293140011374,0.24108429200025272,11.597183738006697,0.0002,58138.19
11.167088300018804,58213.76,3.19,1.9860113355034787,0.24176073950122226,11.610732571520778,0.0002,58194.85
11.179344000003766,58194.85,3.19,1.9882786400006967,0.24255736000024483,11.624275120004162,0.0002,58138.19
11.192003700009082,58015.65,3.19,1.99062068450168,0.2425399814999546,11.6380840330099,0.0002,58138.19
11.20455490000313,58526.84,3.2,1.9928971075005477,0.24256832350004695,11.65151432150324,0.0002,58194.85
11.216888199996902,58091.03,3.19,1.9950554349994578,0.2427533229999535,11.664279286996793,0.0002,58138.19
11.22900990000926,58204.32,3.19,1.9970866335015278,0.2429351485001389,11.676104454508843,0.0002,58194.85
11.240998900000704,58138.19,3.19,1.9990498350001056,0.2431449505000317,11.687484026500623,0.0002,58166.52
11.253176300000632,58006.24,3.19,2.000876445000095,0.24369293350002846,11.69826102550056,0.0002,58138.19
11.265067800006364,58469.75,3.2,2.002609492000891,0.24420271200025453,11.708531613005313,0.0002,58166.52
11.274317100003827,58091.03,3.19,2.003904394000536,0.2445726840001531,11.716254778503197,0.0002,58138.19
11.286436800000956,58213.76,3.19,2.005633336000139,0.24505747200003827,11.726471280000814,0.0002,58166.52
11.298831499996593,58166.52,3.19,2.0074305674995063,0.2455532599998638,11.737006774997106,0.0002,58166.52
11.311195300018882,58006.24,3.19,2.009335271502927,0.2459918355006609,11.7480197935169,0.0002,58166.52
11.323292400018547,58327.37,3.19,2.011226784002967,0.2463493860002782,11.759060704017806,0.0002,58213.76
11.335364300000945,58119.32,3.19,2.013158288000151,0.24653046450001417,11.770649728000908,0.0002,58166.52
11.347708500019507,58346.32,3.19,2.015248987503414,0.24690834000078032,11.782962670019899,0.0002,58213.76
11.36020450000069,58223.23,3.19,2.0174378325001276,0.24740920250003104,11.795720860000745,0.0002,58223.23
11.3726280000119,58006.24,3.19,2.0197361800022016,0.24796826000053557,11.809138240012853,0.0002,58223.23
11.384699000016553,58346.32,3.19,2.0219928100031455,0.24832349500008277,11.82236288001854,0.0002,58242.14
11.396607600006973,58138.19,3.19,2.024255444001325,0.24838303800003486,11.83570051200781,0.0002,58223.23
11.408889600017574,58261.06,3.19,2.026544576003251,0.2488444800008787,11.84927856001933,0.0002,58242.14
11.42075950000435,58242.14,3.19,2.0287291150007394,0.24942658250015223,11.862270892504414,0.0002,58242.14
11.432769700011704,58091.03,3.19,2.0307708490019896,0.24984693950040965,11.87446124551188,0.0002,58242.14
11.442366700008279,58412.74,3.2,2.032390505501366,0.2501946680003312,11.884060198507907,0.0002,58242.14
11.45451999999932,58006.24,3.19,2.034395799999888,0.25068079999997284,11.895666599999352,0.0002,58242.14
11.466855400009083,58298.93,3.19,2.0363968640014534,0.2511742160003633,11.907344076008538,0.0002,58242.14
11.47900550000486,58242.14,3.19,2.0383408800007774,0.25166022000019433,11.91876517000457,0.0002,58242.14
11.491498799994588,58043.91,3.19,2.040282313999161,0.2517,11.930278895995022,0.0002,58194.85
11.503590600012101,58469.75,3.2,2.0421565430018758,0.25187953000060503,11.94131358701083,0.0002,58242.14
11.515931300004015,57996.82,3.19,2.0440693515006223,0.25249656500020073,11.952358513503594,0.0002,58194.85
11.528264699998546,58308.41,3.19,2.045981028499775,0.25294794099995643,11.96356220049867,0.0002,58242.14
11.540574100014053,58194.85,3.19,2.047894726502319,0.2533229640005622,11.974856877013632,0.0002,58242.14
11.552648600016253,58081.59,3.19,2.0498870190026817,0.25380594400065015,11.986569142015766,0.0002,58194.85
11.564607100008288,58270.53,3.19,2.051883207001409,0.25419214200016577,11.998376206508413,0.0002,58261.06
11.576568899996346,58100.45,3.19,2.0539167129993787,0.25443137799992693,12.01051743349629,0.0002,58242.14
11.588601700001162,58336.84,3.19,2.0560483060002093,0.25488707650005227,12.02303178500122,0.0002,58261.06
11.597999199992046,58270.53,3.19,2.0577398559985682,0.25530996399964206,12.032899159991649,0.0002,58261.06
11.610286300012376,58128.75,3.19,2.0599001025021657,0.25560572600024756,12.045749183512934,0.0002,58261.06
11.622504900005879,58261.06,3.19,2.062038357501029,0.2558876715002058,12.058442473505966,0.0002,58270.53
11.634552500006976,58242.14,3.19,2.064146687501221,0.25630933750024415,12.07067078750708,0.0002,58270.53
11.646796799992444,58526.84,3.2,2.0662214719987535,0.25656796799992443,12.082894847992558,0.0002,58289.47
11.659114800015232,58346.32,3.19,2.0682539420025132,0.2566911480001523,12.095028078015003,0.0002,58289.47
11.671381499996642,58204.32,3.19,2.070221039999463,0.25732598249981525,12.106655517496828,0.0002,58289.47
11.683617700007744,58536.35,3.2,2.072178832001239,0.257926619500271,12.11820063800728,0.0002,58346.32
11.695886300003622,58289.47,3.19,2.07414180800058,0.2583560205001268,12.129733122003405,0.0002,58346.32
11.708130600018194,58555.41,3.2,2.076141549003002,0.25886587700081876,12.141364723017375,0.0002,58346.32
11.720098000019789,58346.32,3.19,2.078115680003166,0.25940049000009896,12.152792120018601,0.0002,58346.32
11.732101000001421,58175.97,3.19,2.0800361600002275,0.2594605050000071,12.164074940001335,0.0002,58346.32
11.744129600003362,58450.74,3.2,2.081940088000521,0.25964453600011766,12.175299232003093,0.0002,58412.74
11.753253000002587,58034.48,3.19,2.083354215000401,0.25996385500009056,12.18369276000238,0.0002,58346.32
11.76560780001455,58593.52,3.2,2.0853252870024006,0.26039627300050927,12.195283488013969,0.0002,58412.74
11.777739800018026,58412.74,3.2,2.0873270670029744,0.26082089300063094,12.206930208017305,0.0002,58412.74
11.790021099994192,58213.76,3.19,2.089403586999013,0.2613008439997677,12.219371627494047,0.0002,58412.74
11.801567899994552,58545.87,3.2,2.0913822219990195,0.26172351849991826,12.231238455494308,0.0002,58450.74
11.813946500013119,58072.17,3.19,2.093610370002361,0.2619091975001968,12.24417409251371,0.0002,58412.74
11.82622899999842,58564.92,3.2,2.0957900749997234,0.26243602999988946,12.256915869998373,0.0002,58498.28
11.838488100009272,58498.28,3.2,2.0979354175016223,0.26329416700064906,12.26954274300955,0.0002,58498.28
11.850839699996868,58242.14,3.19,2.099934351999499,0.2631832060000626,12.281506111996995,0.0002,58498.28
11.86310250000679,58498.28,3.2,2.101880887501052,0.2631861500004074,12.293138787506214,0.0002,58498.28
11.875243699993007,58175.97,3.19,2.103762773498916,0.2639146219995805,12.304247985493602,0.0002,58498.28
11.88740219999454,58583.98,3.2,2.1056843519991264,0.26416298900002727,12.315521056994895,0.0002,58498.28
11.899583899998106,58498.28,3.2,2.107633423999697,0.2641020805000095,12.326910946498229,0.0002,58498.28
11.911768299993128,58232.68,3.19,2.1096417694988663,0.26462957349969074,12.338715250993333,0.0002,58498.28
11.920426199998474,58526.84,3.2,2.111072453999741,0.2650213099999237,12.34712193799849,0.0002,58498.28
11.932743200013647,58270.53,3.19,2.11316634400232,0.2656371600006824,12.359315768013511,0.0002,58498.28
11.944991900003513,58813.32,3.2,2.115273582500615,0.266174716500123,12.37164165700362,0.0002,58517.32
11.957311700010907,58517.32,3.2,2.1174295475019087,0.26660590950038177,12.384331051011236,0.0002,58517.32
11.969584000005852,58393.76,3.19,2.1196251200010536,0.26713128000026337,12.397259040006205,0.0002,58517.32
11.981876800011378,58545.87,3.2,2.121837824002048,0.2676656880003982,12.410298792012117,0.0002,58526.84
11.994037700002082,58327.37,3.19,2.1240267860003748,0.26809131950007287,12.423250150502218,0.0002,58517.32
12.00635599999805,58765.44,3.2,2.126212299999659,0.2684906799999415,12.436114899998001,0.0002,58545.87
12.018647199991392,58574.46,3.2,2.1283632599984936,0.2688594159997417,12.448713379991178,0.0002,58517.32
12.03084600000875,58431.73,3.2,2.1303353600014003,0.2692796100003063,12.460457930008358,0.0002,58517.32
12.043038300005717,58622.13,3.2,2.1322709365008863,0.26953923399988566,12.471980044505232,0.0002,58517.32
12.05524129999685,58327.37,3.19,2.1341624014995118,0.26929517400006303,12.483145789497117,0.0002,58488.78
12.067470200010574,58736.74,3.2,2.136020530001586,0.269760265000793,12.494073776009305,0.0002,58517.32
12.075982200010912,58517.32,3.2,2.137297330001637,0.27039866500081844,12.501564336009604,0.0002,58488.78
12.088298899994697,58365.28,3.19,2.139144834999205,0.27078298899994696,12.512403031995333,0.0002,58431.73
12.100560899998525,58488.78,3.2,2.140989743999764,0.27094487199988204,12.52322163699863,0.0002,58384.26
12.112817699991867,58157.08,3.19,2.1429508319986987,0.2719254159993494,12.534620460992437,0.0002,58365.28
12.125102000019979,58631.67,3.2,2.1449418300032965,0.2726530600005994,12.54627445001948,0.0002,58384.26
12.137389900017299,58365.28,3.19,2.1469693335028546,0.273021697000519,12.558255152516866,0.0002,58384.26
12.149728399992455,58147.63,3.19,2.1490538279987175,0.2732945679998491,12.570625683992379,0.0002,58365.28
12.16194620000897,58384.26,3.19,2.1511503160016145,0.2736167720005382,12.583062972009508,0.0002,58384.26
12.17427710001357,58100.45,3.19,2.153369878002443,0.2743566260008143,12.596133726014385,0.0002,58365.28
12.186551599996164,58507.8,3.2,2.1556448039992713,0.27463448400003837,12.609472275995742,0.0002,58384.26
12.198718300001929,58384.26,3.19,2.1579564770003663,0.2745128169999807,12.62297731300214,0.0002,58384.26
12.210937600000761,58185.41,3.19,2.160223456000141,0.2749921920000343,12.63648604800084,0.0002,58384.26
12.223087899998061,58441.24,3.2,2.162440382499661,0.2755389554999127,12.649680536998002,0.0002,58431.73
12.231614899996202,58091.03,3.19,2.1639326074993352,0.2759226704998291,12.658463346996088,0.0002,58431.73
12.243904300004942,58727.19,3.2,2.1660246880007907,0.27643665050017296,12.670730999004595,0.0002,58441.24
12.25619590000133,58498.28,3.2,2.167991344000213,0.2768668565000466,12.682162187001238,0.0002,58441.24
12.268473900010576,58431.73,3.2,2.1698710850015868,0.2775508035006875,12.693072293009202,0.0002,58488.78
12.280769100005275,58517.32,3.2,2.1717115195007652,0.27829615449997364,12.703776808004642,0.0002,58498.28
12.29304950000369,58279.99,3.19,2.173492177500535,0.27823475249998153,12.714583560003248,0.0002,58498.28
12.305339700018521,58755.87,3.2,2.175327653502871,0.2784402865008335,12.725532428516763,0.0002,58517.32
12.317678599996727,58574.46,3.2,2.1772401829994927,0.27899553699985274,12.736699132997037,0.0002,58517.32
12.32989880000241,58488.78,3.2,2.1791838080003854,0.27914949400001204,12.748005884002241,0.0002,58574.46
12.34219719999237,58650.75,3.2,2.181162537998741,0.2793098599996185,12.759542269992561,0.0002,58574.46
12.354372000001604,58450.74,3.2,2.183171380000265,0.27991860000008023,12.771412700001564,0.0002,58612.58
12.366623900015838,58890.01,3.2,2.1852260630026925,0.280531195000792,12.783623258516077,0.0002,58650.75
12.378796800010607,58679.4,3.2,2.187295456001803,0.2811398400005304,12.795978752010766,0.0002,58650.75
12.39094060001662,58574.46,3.2,2.1895240110030745,0.2815829210005817,12.808961145017866,0.0002,58669.85
12.399557400000049,58746.31,3.2,2.191118119000009,0.28188450900000167,12.818224205000051,0.0002,58679.4
12.41186480000033,58612.58,3.2,2.193394988000061,0.2823745920000132,12.831810604000365,0.0002,58679.4
12.424144199991135,59053.42,3.21,2.19566667699836,0.28282432599973406,12.845275735990425,0.0002,58746.31
12.436413599993102,58775.01,3.2,2.197936515998724,0.28319240799979306,12.85852668799255,0.0002,58746.31
12.448741200001677,58669.85,3.2,2.2001297100002937,0.28364964800006714,12.871447142001736,0.0002,58765.44
12.460982999997213,58822.89,3.2,2.2022621949995407,0.2841393199998886,12.884058424997285,0.0002,58775.01
12.47330770001281,58669.85,3.2,2.204295770502114,0.2846323080005124,12.89607500751249,0.0002,58784.58
12.485555999999635,59120.87,3.21,2.2062333999999453,0.28498333999999453,12.907517059999677,0.0002,58822.89
12.497850899992047,58861.24,3.2,2.208077634998807,0.2851677634998807,12.91839804649296,0.0002,58822.89
12.510037400003059,58765.44,3.2,2.2099056100004586,0.28570187000015296,12.928881977002614,0.0002,58861.24
12.52223590001813,58947.62,3.21,2.2117353850027195,0.2862223590001813,12.939389951016135,0.0002,58947.62
12.534398200019496,58784.58,3.2,2.2135597300029244,0.28634398200019495,12.950214398017351,0.0002,59120.87
12.546575799991842,59246.41,3.21,2.2154192489987357,0.28676166899955136,12.961249735992494,0.0002,59246.41
12.555182300013257,59420.8,3.21,2.2167532565020545,0.28723502650072913,12.969167716012196,0.0002,59314.15
12.56746310001472,59488.79,3.22,2.2187314115024286,0.28761194650022076,12.980764576014131,0.0002,59420.8
12.579751000012038,59508.24,3.22,2.220758915001986,0.2877962650001806,12.992560960011557,0.0002,59488.79
12.592021299991758,59314.15,3.21,2.2228436209985993,0.2885813844994643,13.004941512991676,0.0002,59488.79
12.604337099997792,59810.69,3.22,2.2249806779996026,0.2890132580000442,13.017619011497649,0.0002,59508.24
12.616641400003575,59556.89,3.22,2.2271954520006436,0.2887671719999285,13.030723091003807,0.0002,59547.14
12.628925400000298,59547.14,3.22,2.229451199000055,0.2891462700000149,13.043984059000323,0.0002,59556.89
12.641186599998036,59586.1,3.22,2.2317135879996464,0.2897118659999804,13.057263728997908,0.0002,59586.1
12.653495800012024,59411.09,3.21,2.2339292440021645,0.2898349580001202,13.070373027012804,0.0002,59586.1
12.665686799999094,59898.87,3.22,2.236066755999846,0.29029807599993657,13.082986799999093,0.0002,59634.83
12.677867199992763,59742.22,3.22,2.23813742399877,0.2911507039994934,13.095167199992764,0.0002,59634.83
12.690066400013166,59634.83,3.22,2.2401609560021725,0.29190398400078993,13.10696374401264,0.0002,59703.14
12.702298000018345,59703.14,3.22,2.2421676800029355,0.29255745000045863,13.11869459001752,0.0002,59712.91
12.710829699994067,59508.24,3.22,2.2435327519990507,0.29277074249985163,13.126842363494333,0.0002,59712.91
12.723131000006106,60036.37,3.23,2.2455009600009768,0.2930782750001526,13.138527485005708,0.0002,59722.67
12.735434600006556,59722.67,3.22,2.247469536001049,0.2933858650001639,13.15003135100613,0.0002,59722.67
12.747790900000838,59712.91,3.22,2.24940758950013,0.29369477250002096,13.161506582500776,0.0002,59722.67
12.760039300017525,59781.33,3.22,2.251306288002804,0.29400078600035046,13.172836745516387,0.0002,59742.22
12.77230499999132,59586.1,3.22,2.2532687999986116,0.2942460999998264,13.184305174991884,0.0002,59742.22
12.784596100013006,60154.55,3.23,2.2552583565021465,0.29474470750097553,13.196004178012746,0.0002,59781.33
12.796865700016498,59742.22,3.22,2.2572828405027225,0.29566492750123746,13.208028386016169,0.0002,59781.33
12.809185899997829,59840.06,3.22,2.25940753249962,0.29585407050001084,13.220561476997764,0.0002,59800.91
12.821409600001061,59800.91,3.22,2.261553728000191,0.2958845760000637,13.233173032001108,0.0002,59840.06
12.833551799994893,59644.58,3.22,2.2637393239990806,0.2966131079996936,13.245861630994662,0.0002,59840.06
12.845760700001845,60223.63,3.23,2.265908122500323,0.29708641050002765,13.2585335210019,0.0002,59879.26
12.857964599999832,59879.26,3.22,2.2680438049999707,0.2972694689999975,13.271103537999826,0.0002,59879.26
12.866528500017012,59879.26,3.22,2.269477202502807,0.29782228000136096,13.279630572516757,0.0002,59879.26
12.878800400008913,59879.26,3.22,2.271502066001471,0.29880403200071315,13.29171839400878,0.0002,59879.26
12.891076700005215,59722.67,3.22,2.2734722720008347,0.2989,13.30320133100485,0.0002,59879.26
12.903358800016576,60273.03,3.23,2.2754374080026523,0.29913511600116033,13.3146404780155,0.0002,59947.93
12.915661700011698,59947.93,3.22,2.2774058720018715,0.2999963190008189,13.326143689510937,0.0002,59947.93
12.92797000001883,59967.57,3.23,2.2793752000030127,0.3003,13.337851200018076,0.0002,59967.57
12.940249000006588,59967.57,3.23,2.2813423300011197,0.30032116500056005,13.349644020006457,0.0002,59967.57
12.952545100008138,59859.66,3.22,2.2834326670013834,0.30136633350069175,13.361694198007974,0.0002,59967.57
12.964824099995894,60302.71,3.23,2.285495976499323,0.30185527700012316,13.373727617995977,0.0002,60006.87
12.977054100017995,60026.54,3.23,2.2875139265029687,0.3014883769994602,13.385713018017634,0.0002,60006.87
12.98919520000345,60006.87,3.23,2.2895172080005692,0.30222756800031053,13.3976572720034,0.0002,60006.87
13.001423200010322,60006.87,3.23,2.291541944001755,0.3032284640002065,13.40971608401027,0.0002,60026.54
13.013608200009912,59859.66,3.22,2.293613394001685,0.3034721640001982,13.421840159009863,0.0002,60026.54
13.0221329999913,60381.91,3.23,2.295062609998521,0.3036319949998695,13.430354329991212,0.0002,60095.43
13.034421499993186,60174.28,3.23,2.2971516549988418,0.3038163224998978,13.442765714993119,0.0002,60095.43
13.046810200001346,60154.55,3.23,2.2992917850002357,0.3040021530000202,13.455244251001353,0.0002,60115.12
13.059039000014309,60095.43,3.23,2.301431825002504,0.30418558500021464,13.46753419501438,0.0002,60154.55
13.071319900016533,59967.57,3.23,2.303467783502728,0.30493579350107464,13.47953690251612,0.0002,60154.55
13.083592100010717,60401.73,3.23,2.305456775501661,0.3055898025002679,13.491340653009967,0.0002,60154.55
13.095835400017679,60115.12,3.23,2.30735448700274,0.30589588500044196,13.502726922016441,0.0002,60154.55
13.108085200015921,60253.26,3.23,2.3092936320025474,0.30652553800103494,13.514119236014807,0.0002,60154.55
13.120381699991412,60154.55,3.23,2.311262980498583,0.3073,13.525566431991757,0.0002,60194.01
13.132736900006423,59987.21,3.23,2.3133015885010595,0.3073,13.537427424006165,0.0002,60194.01
13.144851999997625,60510.91,3.24,2.315300579999608,0.3077609399997744,13.54917921999766,0.0002,60253.26
13.157027700013714,60194.01,3.23,2.3173095705022626,0.3089176315013028,13.561172284513507,0.0002,60243.39
13.169248499994866,60273.03,3.23,2.3193722449991276,0.30924624249997434,13.573394742494841,0.0002,60253.26
13.18143220001366,60253.26,3.23,2.3214506350023907,0.3093286440002732,13.585675166014068,0.0002,60253.26
13.190037099993788,60105.27,3.23,2.322956492498913,0.30950074199987576,13.594538212993601,0.0002,60253.26
13.202296400006162,60560.62,3.24,2.325113352001109,0.3098148200003081,13.607222702006501,0.0002,60273.03
13.214607400004752,60243.39,3.23,2.3273293320008555,0.31043037000023754,13.620210807005012,0.0002,60273.03
13.22685380000621,60282.93,3.23,2.329533684001118,0.3109056140001863,13.633233566006645,0.0002,60282.93
13.239177800016478,60322.5,3.23,2.3317520040029662,0.31127533400049434,13.64642024601763,0.0002,60322.5
13.25144839999848,60154.55,3.23,2.3339607119997265,0.31175793599993923,13.659149093998426,0.0002,60332.39
13.263727200013818,60720.05,3.24,2.336096352002211,0.31219318000034546,13.671540840013128,0.0002,60362.09
13.276034900016384,60362.09,3.23,2.338065584002621,0.3125008725004096,13.683233155015564,0.0002,60362.09
13.288325900008202,60461.26,3.23,2.33994888500123,0.31272488850012303,13.694285162507176,0.0002,60381.91
13.300481500016758,60411.64,3.23,2.34176981750243,0.31294574250159213,13.704914090014412,0.0002,60411.64
13.312719800014747,60332.39,3.23,2.3435443710021384,0.31410838100140104,13.715439028012684,0.0002,60411.64
13.324900800012982,60510.91,3.24,2.345335120001947,0.3147264879998053,13.726086216011618,0.0002,60461.26
13.337065400002759,60381.91,3.23,2.347159810000414,0.3145440189999586,13.73697353300247,0.0002,60461.26
13.345724200014956,60530.8,3.24,2.348515872002393,0.3150151780013461,13.744952127013985,0.0002,60461.26
13.358052299998233,60560.62,3.24,2.3504883679997173,0.3161247069998411,13.75647890049835,0.0002,60510.91
13.370320599991828,60401.73,3.23,2.352502898998652,0.31588717600032684,13.768362584992033,0.0002,60510.91
13.382622400007676,60710.06,3.24,2.3545589200013435,0.31565734400046064,13.780461736007792,0.0002,60530.8
13.394939000019804,60461.26,3.23,2.3567143250034657,0.3163963400011882,13.7929630850201,0.0002,60530.8
13.407292200019581,60630.3,3.24,2.358912596003525,0.31713753200117484,13.805866193020854,0.0002,60540.73
13.419653899996774,60540.73,3.24,2.3611377019994197,0.3178792339998065,13.819031403496565,0.0002,60560.62
13.43200960001559,60342.28,3.23,2.3634217760028844,0.31838038400062363,13.832670608017228,0.0002,60540.73
13.444206899992421,60700.09,3.24,2.365678276498598,0.31886827599969686,13.846106555491701,0.0002,60560.62
13.456339099997422,60481.1,3.23,2.367922733499523,0.3193535639998969,13.859391314497177,0.0002,60540.73
13.468473000015367,60710.06,3.24,2.370125140002766,0.3195423650000768,13.872254285016059,0.0002,60560.62
13.480641700007254,60560.62,3.24,2.3723026720011604,0.31962566800029013,13.884903198006818,0.0002,60560.62
13.492796100006672,60372.01,3.23,2.374247376001067,0.3201118440002669,13.896328334006272,0.0002,60560.62
13.501351899991278,60829.98,3.24,2.3756027849986916,0.3205149114992586,13.90429643149228,0.0002,60650.23
13.513689300016267,60381.91,3.23,2.37745339500244,0.3215635905013827,13.915215030514396,0.0002,60560.62
13.525985300017053,60750.0,3.24,2.3792977950025582,0.3221598530001705,13.926096990515093,0.0002,60650.23
13.538238700013608,60650.23,3.24,2.3811358050020415,0.32228238700013606,13.936941249512042,0.0002,60650.23
13.550825700018322,60451.33,3.23,2.38307798350284,0.3228954135010077,13.94824313001649,0.0002,60650.23
13.563103099993896,60910.07,3.24,2.3849809804990536,0.3234620619998779,13.959385882994322,0.0002,60680.14
13.575528100016527,60491.04,3.24,2.3869068555025614,0.32371056200033055,13.97094113301537,0.0002,60650.23
13.588055300002452,60799.96,3.24,2.3889694010004168,0.3242027650001226,13.983034470502416,0.0002,60680.14
13.600650200009113,60680.14,3.24,2.3911137850015947,0.3248292590004101,13.995469706009386,0.0002,60680.14
13.61280619999161,60550.67,3.24,2.393241084998532,0.32537627899962246,14.00799038599136,0.0002,60680.14
13.624780000012834,60730.03,3.24,2.39536040000231,0.32589120000051336,14.020490700013667,0.0002,60730.03
13.636821699998109,60540.73,3.24,2.3975279059996595,0.3263728679999243,14.033315110497986,0.0002,60700.09
13.648902899993118,60940.14,3.24,2.399702521998761,0.3268561159997247,14.0462706174926,0.0002,60730.03
13.6579369000101,60740.02,3.24,2.401328642001818,0.32721747600040396,14.055982167510857,0.0002,60730.03
13.67022120000911,60640.26,3.24,2.40353981600164,0.32745331800013666,14.068881154009519,0.0002,60730.03
13.682467600010568,60809.97,3.24,2.405707154001744,0.3277480560006341,14.0814812340102,0.0002,60740.02
13.694845399993937,60700.09,3.24,2.4077494909989996,0.32849072399963625,14.09342581099415,0.0002,60740.02
13.707050199998774,60960.21,3.24,2.40969278099981,0.3292582629999203,14.104850932998877,0.0002,60740.02
13.71937470001285,60789.97,3.24,2.411603078501992,0.3300593555008352,14.116127850511758,0.0002,60740.02
13.731758900015848,60590.47,3.24,2.4135226295024563,0.330335178000317,14.127576982514658,0.0002,60740.02
13.743820600007894,60740.02,3.24,2.415411296001263,0.3306719270003552,14.138734055007301,0.0002,60760.0
13.75617730000522,60481.1,3.23,2.4173883680008355,0.3312279785002349,14.150164002504829,0.0002,60740.02
13.768375000014203,61040.54,3.25,2.4192981250022014,0.33165125000042606,14.161405000013067,0.0002,60760.0
13.780533000011928,60760.0,3.24,2.4211852800019087,0.33203198000071577,14.172603685011273,0.0002,60760.0
13.79269070000737,60620.33,3.24,2.4231305120011792,0.3327614420004422,14.184092711506965,0.0002,60740.02
13.804476799996339,60839.98,3.24,2.425061055999378,0.33333430399989017,14.195432031996377,0.0002,60760.0
13.813620100001572,60461.26,3.23,2.426615417000267,0.33360860300004713,14.204483899001557,0.0002,60760.0
13.82578330000979,61100.87,3.25,2.4286831610016644,0.33411808150053846,14.216727882510035,0.0002,60839.98
13.838076999993062,60920.09,3.24,2.4307730899988202,0.33479423499961836,14.229328924992888,0.0002,60839.98
13.850480900000548,60660.2,3.24,2.4329865620000986,0.33521442700001647,14.242304945000575,0.0002,60839.98
13.862756599992283,60900.06,3.24,2.435196187998611,0.335665395999537,14.255208212991858,0.0002,60860.0
13.87502370000584,60491.04,3.24,2.4374042660010513,0.3364014220003505,14.268150003506163,0.0002,60860.0
13.887357500003418,60980.28,3.24,2.439587562500598,0.3367735750000342,14.280941437503504,0.0002,60870.0
13.899546800006647,60860.0,3.24,2.4417206900011634,0.3368954680000664,14.293435470006813,0.0002,60860.0
13.911025700013852,60650.23,3.24,2.4435641120022162,0.33745128500069255,14.30442954351323,0.0002,60860.0
13.92349089999334,60870.0,3.24,2.445558543998934,0.33807454499966694,14.316263991493773,0.0002,60860.0
13.935741399996914,60550.67,3.24,2.4475186239995064,0.3386870699998457,14.327718208997116,0.0002,60860.0
13.948060099995928,61121.0,3.25,2.4494896159993487,0.33930300499979643,14.339316794496153,0.0002,60860.0
13.96006519999355,60860.0,3.24,2.451410757998936,0.3399032599996776,14.350662265993842,0.0002,60860.0
13.972141200007172,60760.0,3.24,2.4534032980011835,0.3405070600003586,14.36219484600685,0.0002,60860.0
13.98147689999314,60920.09,3.24,2.454936303998902,0.340973844999657,14.371110439493448,0.0002,60870.0
13.993688899994593,60779.97,3.24,2.456890223999135,0.3415844449997296,14.382772899494837,0.0002,60860.0
14.006011699995724,61231.87,3.25,2.4588919304992944,0.34223064349976484,14.394631348995853,0.0002,60920.09
14.018425599992042,60950.18,3.24,2.460940223998687,0.3429134079995624,14.406672831992282,0.0002,60920.09
14.030670800013468,60819.96,3.24,2.4630140360022894,0.34342683200053875,14.418977508013603,0.0002,60920.09
14.042867400014075,60950.18,3.24,2.465101795002463,0.3438573480002815,14.431324748014356,0.0002,60950.18
14.05522939999355,60779.97,3.24,2.4672651449988714,0.344104587999871,14.443933987993422,0.0002,60950.18
14.067528400017181,61241.96,3.25,2.469379828002921,0.3446893460011168,14.456366042017267,0.0002,60950.18
14.079654600005599,60990.31,3.24,2.4714412820009515,0.34547754900036387,14.468552873005626,0.0002,60950.18
14.091860200016527,60829.98,3.24,2.4734569330027267,0.34567790300024787,14.480522996016196,0.0002,60950.18
14.10375589999603,60960.21,3.24,2.475400943999365,0.34602535399976175,14.492030545996268,0.0002,60960.21
14.115386899997247,60740.02,3.24,2.47726190399956,0.34672321399983486,14.502963685997413,0.0002,60960.21
14.127538700005971,61252.06,3.25,2.4792061920009556,0.3474146285003284,14.514348684505583,0.0002,60970.25
14.136158600013006,60970.25,3.24,2.480585376002081,0.3478887230007153,14.52240829101216,0.0002,60970.25
14.148442300007446,60900.06,3.24,2.4825929795012285,0.34843769200029784,14.534189031007223,0.0002,60960.21
14.16075740000815,61080.75,3.25,2.4846287580013855,0.3489416570004482,14.546149826008069,0.0002,60970.25
14.173348300013458,60740.02,3.24,2.486769211002288,0.3496341565007402,14.558614817013325,0.0002,60970.25
14.185534899996128,61363.22,3.25,2.488813258499361,0.3502767449998064,14.570707225496148,0.0002,61040.54
14.198278700001538,61040.54,3.25,2.490915985500254,0.3509139350000769,14.583387306501532,0.0002,61040.54
14.21047700001509,60789.97,3.24,2.4929810900025653,0.351471465000679,14.595419845014863,0.0002,61060.64
14.222981300001265,61131.07,3.25,2.495091914500209,0.3520937845000822,14.607721674001239,0.0002,61070.69
14.235473700013246,60769.98,3.24,2.4971531605021857,0.352905790500861,14.61996422601298,0.0002,61060.64
14.247624800016638,61403.72,3.25,2.4991962160028285,0.3532381240000832,14.631986676016554,0.0002,61070.69
14.25961130001815,61070.69,3.25,2.501233921003086,0.3532980565000908,14.643913243518059,0.0002,61070.69
14.271520800015422,61060.64,3.25,2.5032009320025446,0.3539912480009253,14.65564798801519,0.0002,61100.87
14.283595000015339,61100.87,3.25,2.5052111500026077,0.3546617750006903,14.667505125014955,0.0002,61131.07
14.292793400003575,60890.03,3.24,2.506774878000608,0.3550757030001609,14.676473565003487,0.0002,61100.87
14.305121200013675,61474.66,3.25,2.508819392002188,0.3556560600006838,14.688339534012924,0.0002,61131.07
14.317294500011487,61221.77,3.25,2.5107671200018378,0.3562647250005743,14.699843302510855,0.0002,61131.07
14.329667200014228,61131.07,3.25,2.512746752002277,0.3568833600007114,14.711535504013446,0.0002,61131.07
14.342046100005973,61231.87,3.25,2.514727376000956,0.35750230500029867,14.723264256005734,0.0002,61191.52
14.354110600019338,61040.54,3.25,2.516657696003094,0.3581055300009669,14.734846176018564,0.0002,61191.52
14.36648779999814,61494.95,3.25,2.518670486999693,0.35875682899989775,14.746825604998188,0.0002,61221.77
14.378803600004176,61302.56,3.25,2.520702594000689,0.3594341980002297,14.758833510004072,0.0002,61191.52
14.390936500014504,61121.0,3.25,2.5228138875025383,0.3602655550010153,14.770991182514576,0.0002,61181.45
14.403014100011205,61191.52,3.25,2.5249274675019606,0.36105070500056025,14.783264805011765,0.0002,61191.52
14.415056800004095,61040.54,3.25,2.5270349400007164,0.36165284000020476,14.795909640004298,0.0002,61181.45
14.427252299996326,61464.53,3.25,2.5292416754993203,0.3623713994997612,14.808968745496013,0.0002,61191.52
14.439124299999094,61181.45,3.25,2.5314379954998323,0.3631430794999411,14.821849865499019,0.0002,61191.52
14.44824699999299,61060.64,3.25,2.5331256949987035,0.3634061749998248,14.831789229992362,0.0002,61191.52
14.460626799991587,61302.56,3.25,2.535412823998486,0.36373447399953734,14.845251871991252,0.0002,61262.15
14.47281259999727,61161.29,3.25,2.5376062679995086,0.3644046929998499,14.857925103997161,0.0002,61262.15
14.485080600017682,61535.56,3.25,2.539712896002829,0.3650032240007073,14.870201167016708,0.0002,61272.25
14.49739520001458,61262.15,3.25,2.541683232002333,0.3654958080005832,14.881838464013777,0.0002,61272.25
14.509329699998489,61343.0,3.25,2.543452806499781,0.36606648499992445,14.892463487498677,0.0002,61272.25
14.52135840000119,61272.25,3.25,2.5452037600001787,0.3666543360000476,14.90297501600103,0.0002,61302.56
14.533509000000778,61131.07,3.25,2.5470263500001167,0.36714036000003114,14.913485285000673,0.0002,61272.25
14.545955900015542,61637.22,3.26,2.5488933850023314,0.36751911800031084,14.924341192013678,0.0002,61343.0
14.55823260001489,61272.25,3.25,2.5507348900022335,0.3677646520002978,14.935144688013102,0.0002,61343.0
14.570467700017616,61373.35,3.25,2.5526224935027306,0.36863741600140926,14.946277945516119,0.0002,61353.11
14.582614600018132,61353.11,3.25,2.5545183360029013,0.3694653650004533,14.957483870017226,0.0002,61363.22
14.594769300019834,61221.77,3.25,2.5564630880031736,0.36976923250049587,14.969030835018843,0.0002,61363.22
14.607045800017659,61667.76,3.26,2.558462557002914,0.3703227480010595,14.980904884017306,0.0002,61373.35
14.616050100012218,61363.22,3.25,2.5599482665020163,0.37086300600073313,14.989729098011976,0.0002,61363.22
14.628629999991972,61403.72,3.25,2.5621102499985953,0.37157464999955847,15.002488899991732,0.0002,61373.35
14.64111630001571,61505.09,3.25,2.5643065155029063,0.37223907050054983,15.015416767017124,0.0002,61403.72
14.65328270001919,61221.77,3.25,2.56655729950355,0.37266489450067164,15.028678143020917,0.0002,61403.72
14.665466100006599,61657.58,3.26,2.5688385590012537,0.3733919490005939,15.042012710007258,0.0002,61403.72
14.677769300004002,61322.77,3.25,2.5711761670007607,0.37449923700036014,15.055546230004403,0.0002,61403.72
14.690129499998873,61403.72,3.25,2.5734233099997974,0.37505453249996057,15.068838564998794,0.0002,61403.72
14.702366400015308,61403.72,3.25,2.5756022880026026,0.37550648800068887,15.081754568015231,0.0002,61413.85
14.71473020000849,61272.25,3.25,2.577704134001443,0.376062859000382,15.094056549008446,0.0002,61403.72
14.726682700013042,61728.91,3.26,2.5796358185020214,0.3766007215005869,15.105514911012127,0.0002,61413.85
14.738755400001539,61413.85,3.25,2.581507087000239,0.37714399300006923,15.11674252200143,0.0002,61413.85
14.750775900000008,61413.85,3.25,2.5833702645000014,0.3776310360000003,15.127652189500006,0.0002,61413.85
14.762840500014136,61464.53,3.25,2.585240277502191,0.3782272400011309,15.138556450012722,0.0002,61464.53
14.772011199995179,61252.06,3.25,2.5866617359992525,0.3789608959996143,15.14681007999566,0.0002,61464.53
14.78418829999282,61800.35,3.26,2.588549186498887,0.37974659049974874,15.157895118993324,0.0002,61484.82
14.796480999997584,61494.95,3.25,2.5904545549996256,0.3801768349999155,15.169327329997753,0.0002,61464.53
14.80893329999526,61484.82,3.25,2.592473994499218,0.380880664499692,15.181220634495427,0.0002,61484.82
14.821293999993943,61484.82,3.25,2.59452644999894,0.3816517599997577,15.193213409993852,0.0002,61484.82
14.833383000019237,61262.15,3.25,2.5966420250033666,0.3821353200007695,15.205483745019526,0.0002,61484.82
14.845785000012256,61749.31,3.26,2.598812375002145,0.38277602500079666,15.21830317501293,0.0002,61484.82
14.85806379999849,61383.46,3.25,2.600961164999736,0.3835741469999019,15.231257308998407,0.0002,61484.82
14.870341700006975,61494.95,3.25,2.6032132145012907,0.38432050200041856,15.244365619007464,0.0002,61464.53
14.882422299997414,61383.46,3.25,2.6054360139995345,0.38505744949983195,15.257279749497247,0.0002,61454.38
14.894446499994956,61201.61,3.25,2.607600369999092,0.3858390224996721,15.270085522494627,0.0002,61403.72
14.906560000003083,61647.41,3.26,2.6097480000005393,0.38639680000009247,15.28272400000316,0.0002,61454.38
14.918476399994688,61403.72,3.25,2.6118333699990703,0.3867542919998406,15.294938309994555,0.0002,61403.72
14.927624700008892,61464.53,3.25,2.6133199520014228,0.38718123500044455,15.303819712008536,0.0002,61434.11
14.939855100004934,61454.38,3.25,2.6152768160007893,0.3877927550002467,15.315560896004737,0.0002,61403.72
14.952260199992452,61262.15,3.25,2.61720033099883,0.38859691299950944,15.326856781993131,0.0002,61403.72
14.964469099999405,61739.1,3.26,2.619092710499908,0.38927876399997624,15.337944535499462,0.0002,61434.11
14.97675440000603,61241.96,3.25,2.6209969320009345,0.3897701760002412,15.349062732005457,0.0002,61413.85
14.988978000008503,61434.11,3.25,2.622891590001318,0.39039379000046764,15.360169980007738,0.0002,61423.98
15.001356599997962,61312.66,3.25,2.624817055999674,0.3910610469999083,15.371461637998106,0.0002,61423.98
15.013517000013962,61241.96,3.25,2.626762720002234,0.39160826500062834,15.382770810012985,0.0002,61413.85
15.025942500011299,61739.1,3.26,2.628750800001808,0.392256550000678,15.394534512510903,0.0002,61423.98
15.038214600004721,61413.85,3.25,2.6307143360007554,0.3929928760002833,15.406377089004556,0.0002,61413.85
15.050050399993777,61423.98,3.25,2.632758819998911,0.3938537799995333,15.418301155993683,0.0002,61423.98
15.062265000015032,61454.38,3.25,2.6348963750026306,0.3946453000003006,15.430766925015707,0.0002,61423.98
15.074281000008343,61231.87,3.25,2.63699917500146,0.39488562000016686,15.443323645008718,0.0002,61423.98
15.08623849999276,61708.52,3.26,2.6391229299986967,0.3955302724993846,15.455756847492506,0.0002,61444.25
15.09548290001112,61373.35,3.25,2.6407869220020017,0.39631604650094526,15.46532480151151,0.0002,61444.25
15.107016599999042,61505.09,3.25,2.642757738999842,0.39680524899998565,15.477016599999043,0.0002,61444.25
15.11921170001733,61444.25,3.25,2.6447699305028594,0.39698817550025994,15.48921170001733,0.0002,61444.25
15.13150260000839,61302.56,3.25,2.6467979290013846,0.3980927470007971,15.500984983008014,0.0002575130000419538,61444.25
15.143780700018398,61728.91,3.26,2.648823815503036,0.3990512280007359,15.512767279017845,0.0003,61444.25
15.156098600011317,61444.25,3.25,2.650856269001867,0.3995439440004527,15.524715642010976,0.0003,61444.25
15.168789000017568,61535.56,3.25,2.6529941300029867,0.4001833950009663,15.537289000017568,0.0003,61444.25
15.180989000014963,61434.11,3.25,2.655068130002544,0.4008445050006733,15.549484055014888,0.0003,61444.25
15.193377100018552,61231.87,3.25,2.657174107003154,0.40140196950083484,15.56181021451846,0.0003,61444.25
15.205911700002616,61667.76,3.26,2.659275430500432,0.40205470200015697,15.574223024502578,0.0003,61494.95
15.217886700003874,61383.46,3.25,2.661251305500639,0.40277320200023237,15.586018399503816,0.0003,61444.25
15.230109900003297,61535.56,3.25,2.6633186830005604,0.40365824250024723,15.598108801003265,0.0003,61494.95
15.241966300003696,61494.95,3.25,2.6653244395006097,0.4044786520001478,15.60984663700366,0.0003,61494.95
15.251209200010633,61322.77,3.25,2.6668495180017544,0.40484836800042534,15.618997108010527,0.0003,61494.95
15.263434899999995,61841.22,3.26,2.668883932999999,0.4053202214999998,15.631083376499996,0.0003,61525.4
15.275754600006621,61444.25,3.25,2.670978282001126,0.40575141100023177,15.643218281006522,0.0003,61494.95
15.288186699996004,61576.21,3.26,2.6730508054993405,0.4065140024997003,15.655422965996085,0.0003,61494.95
15.3002831999911,61525.4,3.25,2.6750467279985313,0.4074042479998665,15.667274703991367,0.0003,61494.95
15.312622600002214,61373.35,3.25,2.677082729000366,0.40758933900003325,15.679243922002149,0.0003,61494.95
15.32506370000192,61586.37,3.26,2.6791101920003078,0.4080797775001441,15.691235833501835,0.0003,61525.4
15.337276400008705,61413.85,3.25,2.681064224001393,0.408995730000653,15.702898962008316,0.0003,61494.95
15.349495800008299,61494.95,3.25,2.683019328001328,0.4094373950002075,15.714331094007719,0.0003,61525.4
15.361668900004588,61566.03,3.26,2.6849670240007337,0.4098168230003211,15.725643732504242,0.0003,61525.4
15.373468800011324,61343.0,3.25,2.6868550080018117,0.4106428160007926,15.736558640010474,0.0003,61494.95
15.385595100000502,61555.88,3.26,2.6887952160000803,0.4113238040000201,15.747915345000477,0.0003,61555.88
15.397526500019012,61434.11,3.25,2.690704240003042,0.41180106000076044,15.75925017501806,0.0003,61525.4
15.406833899993218,61708.52,3.26,2.692227593498881,0.4123783729995253,15.76833139149332,0.0003,61555.88
15.419033300015144,61576.21,3.26,2.6942404945024987,0.4132323310010601,15.780347800514917,0.0003,61555.88
15.431490100017982,61434.11,3.25,2.696410767503147,0.4139894060010789,15.792962451518251,0.0003,61525.4
15.443654600006994,61769.72,3.26,2.698557828001259,0.4147558220004896,15.805473876007415,0.0003,61555.88
15.456071900000097,61525.4,3.25,2.7007929420000174,0.41562503300000686,15.818636214000104,0.0003,61525.4
15.468207199999599,61647.41,3.26,2.702977295999928,0.416351395999978,15.831663775999568,0.0003,61576.21
15.480633400002262,61525.4,3.25,2.705214012000407,0.41703483700012445,15.845061903002366,0.0003,61576.21
15.492838800011668,61312.66,3.25,2.7074109840021006,0.4177061340006419,15.857816546012195,0.0003,61525.4
15.505287900014082,61830.99,3.26,2.7095725035023235,0.4182850765004929,15.87040282351359,0.0003,61576.21
15.517270600015761,61292.45,3.25,2.7115496490026008,0.41870447100055164,15.88196612901521,0.0003,61525.4
15.529324000002816,61728.91,3.26,2.7133986000004224,0.41963916000025336,15.892898360002507,0.0003,61576.21
15.541232200019294,61576.21,3.26,2.715184830002894,0.42064312700067524,15.903502819017268,0.0003,61555.88
15.553472200001124,61403.72,3.25,2.7170208300001684,0.4210715270000393,15.914457619001006,0.0003,61555.88
15.565524000005098,61820.78,3.26,2.7188838400008155,0.42174192000040783,15.92538208000469,0.0003,61576.21
15.574771400017198,61353.11,3.25,2.720363424002752,0.42248171200137585,15.933889688015823,0.0003,61555.88
15.587124800018502,61718.72,3.26,2.722304344002868,0.42314936800064756,15.9453616880173,0.0003,61576.21
15.599474899994673,61555.88,3.26,2.7242186094991743,0.42358162149981354,15.95690903149502,0.0003,61576.21
15.611553299997468,61434.11,3.25,2.726206294499582,0.4244664974998101,15.968433401497581,0.0003,61555.88
15.623865000001388,61586.37,3.26,2.7282570500002357,0.4252352750000486,15.980384325001395,0.0003,61586.37
15.636224899993978,61413.85,3.25,2.7303582329989764,0.4256678714997893,15.99280602449395,0.0003,61555.88
15.648408400011249,61698.33,3.26,2.7325135120020247,0.42651471400095625,16.005596988012037,0.0003,61586.37
15.660866099991836,61637.22,3.26,2.734764558998449,0.4275562964994694,16.01895704049098,0.0003,61586.37
15.673096100013936,61454.38,3.25,2.7370882590026477,0.42835124650090584,16.0324711905154,0.0003,61586.37
15.685188900009962,61657.58,3.26,2.7393599465018426,0.4290853895005478,16.045729956510808,0.0003,61637.22
15.697260999993887,61474.66,3.25,2.741593284998869,0.4297493549996637,16.058828184993367,0.0003,61637.22
15.709236299997428,61861.67,3.26,2.74371635249955,0.43045417799984564,16.07135957049734,0.0003,61657.58
15.721347500017146,61688.14,3.26,2.745822337502829,0.43115390000068576,16.083800337516546,0.0003,61657.58
15.73046270001214,61484.82,3.25,2.747326345502003,0.4315185080004856,16.092596505511715,0.0003,61657.58
15.742881600017427,61718.72,3.26,2.7493322400026137,0.4320728960010456,16.104393440015684,0.0003,61688.14
15.755077600013466,61586.37,3.26,2.75116164000202,0.432804656000808,16.11536984001212,0.0003,61688.14
15.767225999996297,61892.35,3.26,2.752947769999463,0.4335696899997593,16.12590596999687,0.0003,61718.72
15.77947559999302,61800.35,3.26,2.754723961998988,0.4343659139995464,16.136256881994104,0.0003,61708.52
15.791864200000418,61515.25,3.25,2.7565203090000607,0.43505253100002306,16.146725249000355,0.0003,61708.52
15.804188800015254,61759.51,3.26,2.758328320002288,0.43579321600106785,16.157328032013577,0.0003,61718.72
15.816432099993108,61413.85,3.25,2.760164814998966,0.43665024699951765,16.168224568993868,0.0003,61708.52
15.828642200009199,61892.35,3.26,2.762082752001472,0.436986422000092,16.17961009000874,0.0003,61759.51
15.840896300011082,61708.52,3.26,2.7640523710018843,0.4371941115011637,16.191305263011195,0.0003,61759.51
15.853010399994673,61535.56,3.25,2.7661117679990945,0.43846609199944064,16.20354050399462,0.0003,61708.52
15.86493330000667,61851.44,3.26,2.768212660501234,0.43939733200026676,16.215927964007204,0.0003,61759.51
15.876978799991774,61484.82,3.25,2.770441077998478,0.4398791519996709,16.228937103991115,0.0003,61708.52
15.889061199995922,61923.05,3.26,2.772721627999225,0.4407248959996737,16.24230323799545,0.0003,61830.99
15.898364900000162,61830.99,3.26,2.774489331000031,0.44146919200001294,16.25267686350018,0.0003,61830.99
15.910567700018873,61667.76,3.26,2.7767550245034918,0.4420755465008493,16.26601879302057,0.0003,61830.99
15.923037400003523,62097.44,3.26,2.7790315450006164,0.44266705700019376,16.27941333500361,0.0003,61851.44
15.935415999992982,61494.95,3.25,2.781197799998772,0.443347879999614,16.292101399992806,0.0003,61830.99
15.947577100014314,62046.08,3.26,2.7832123360022902,0.44413039700100204,16.3039982450136,0.0003,61851.44
15.959948800009442,61861.67,3.26,2.7851918080015112,0.44499641600066103,16.31575136000897,0.0003,61851.44
15.972123600018676,61667.76,3.26,2.787139776002989,0.44566679800102726,16.32725680201765,0.0003,61851.44
15.984367199998815,61851.44,3.26,2.789120587999805,0.44623101599996445,16.338848839998878,0.0003,61861.67
15.99669410000206,61576.21,3.26,2.7911545265003403,0.4466008230000618,16.35055939500196,0.0003,61851.44
16.00879019999411,62138.56,3.27,2.793062480999087,0.44744716699949927,16.36178698399458,0.0003,61861.67
16.020728800009238,61871.89,3.26,2.794912964001431,0.4484327960004156,16.37276685200845,0.0003,61861.67
16.032786399999168,61790.14,3.26,2.7967818919998706,0.4489753879999624,16.383799555999236,0.0003,61851.44
16.044828000012785,61933.3,3.26,2.798672480002045,0.4498793600015339,16.395034880012272,0.0003,61871.89
16.05386820001877,61637.22,3.26,2.800118912003003,0.45096418400225197,16.403713472018016,0.0003,61871.89
16.066047800006345,62262.15,3.27,2.80215836500111,0.4517604780000634,16.415708278006406,0.0003,61933.3
16.07848150000791,62035.82,3.26,2.804334262501384,0.4518848150000791,16.42826631500799,0.0003,61933.3
16.090906099998392,61810.55,3.26,2.8065085674997183,0.45288154899985517,16.441087813498335,0.0003,61933.3
16.103091900004074,61953.78,3.26,2.8086410825007126,0.4539009735002647,16.453684657004196,0.0003,61953.78
16.11452130001271,61708.52,3.26,2.810641227502224,0.45464388450082616,16.46545693901309,0.0003,61953.78
16.12673590000486,62210.61,3.27,2.812745103000826,0.4553031155002187,16.47783590000486,0.0003,61964.03
16.139007999998285,61994.78,3.26,2.814831359999708,0.4558553599999228,16.490107999998283,0.0003,61964.03
16.151381700008642,61810.55,3.26,2.8168779805014257,0.45669671900060493,16.502197157508427,0.0003,61953.78
16.163570600008825,61964.03,3.26,2.8188712960014115,0.45753208900057357,16.51397421700834,0.0003,61964.03
16.1759634000191,61708.52,3.26,2.8208541440030555,0.4583376210012413,16.525685413018046,0.0003,61964.03
16.188075400015805,62200.32,3.27,2.8227920640025284,0.45892301600063207,16.537090876014855,0.0003,61984.53
16.20027630002005,61984.53,3.26,2.824745589503308,0.45942901150210497,16.548565248019248,0.0003,61984.53
16.20924950001063,61861.67,3.26,2.826226167501753,0.46037119750111566,16.5571795200102,0.0003,61964.03
16.22187959999428,62076.89,3.26,2.828310133999056,0.461546989999857,16.56931381399448,0.0003,61984.53
16.234142000001157,61790.14,3.26,2.8303334300001906,0.46185355000002887,16.581147030001112,0.0003,61984.53
16.246483099996112,62282.78,3.27,2.832337295999378,0.4626158944996305,16.593023775996265,0.0003,62035.82
16.258738700009417,62035.82,3.26,2.8342981920015062,0.4637801765008944,16.60478915200904,0.0003,62035.82
16.271183900011238,61749.31,3.26,2.836345343501854,0.4645710340006742,16.6168483830109,0.0003,62035.82
16.283521600009408,62097.44,3.26,2.8383986720015995,0.46536412000070554,16.628921600009406,0.0003,62035.82
16.295762800000375,61759.51,3.26,2.8404796760000637,0.46628221000002806,16.641162800000373,0.0003,62035.82
16.307886800001143,62355.05,3.27,2.8425801900002,0.46687603800003996,16.65340510200116,0.0003,62035.82
16.320096400013426,62035.82,3.26,2.8447163880022823,0.46730723000100693,16.66579736401356,0.0003,62035.82
16.33210450000479,62035.82,3.26,2.846757765000814,0.46820783750035916,16.677925545004836,0.0003,62035.82
16.344138699991163,62087.16,3.26,2.848782885498542,0.4690483219994697,16.689893845491472,0.0003,62087.16
16.35601869999664,61769.72,3.26,2.850743085499445,0.4697611219997982,16.701358045496754,0.0003,62035.82
16.36501350000617,62344.72,3.27,2.852202160000987,0.47042614750052425,16.70993775750583,0.0003,62087.16
16.377337900019484,62117.99,3.27,2.854174064003117,0.4714737215016559,16.72158431551841,0.0003,62087.16
16.389838200004306,62015.29,3.26,2.8561741120006885,0.47204433700015064,16.73349548100411,0.0003,62087.16
16.40203540000948,62190.01,3.27,2.8581358410015643,0.47257300900080573,16.74516416100915,0.0003,62117.99
16.41432189999614,61964.03,3.26,2.860163113499363,0.4736173614996717,16.75702063349627,0.0003,62117.99
16.42674910000642,62334.39,3.27,2.862213601501059,0.47436996400025666,16.769080372506256,0.0003,62128.28
16.43904840000323,62128.28,3.27,2.8642429860005327,0.47486193600012916,16.781072190003147,0.0003,62117.99
16.45118070000899,62005.04,3.26,2.866300719001528,0.475962166500854,16.793236603509033,0.0003,62097.44
16.46362520000548,62138.56,3.27,2.8684525360009863,0.4769631340002466,16.805906460005755,0.0003,62128.28
16.475826100009726,61943.53,3.26,2.8706486980017507,0.47751217450043765,16.81871740501021,0.0003,62097.44
16.48802779999096,62344.72,3.27,2.8728450039983726,0.478302084999322,16.83160946799042,0.0003,62128.28
16.499978200008627,62097.44,3.26,2.874996076001553,0.47919836500064705,16.844276892009145,0.0003,62128.28
16.51200859999517,61964.03,3.26,2.8770414619991787,0.4801006449996376,16.85642868599512,0.0003,62097.44
16.523980600002687,62148.85,3.27,2.879056799000443,0.4809786420001879,16.868301473002564,0.0003,62128.28
16.53338179999264,61964.03,3.26,2.8806079969987852,0.48163672599948454,16.87727961899297,0.0003,62097.44
16.545618200005265,62468.85,3.27,2.8825708210008156,0.48229663700018416,16.888796835004868,0.0003,62128.28
16.557771899999352,62138.56,3.27,2.884454644499899,0.48272201649997726,16.900039007499398,0.0003,62128.28
16.57019820000278,62015.29,3.26,2.8863807210004304,0.4839218020003054,16.911329371002513,0.0003,62138.56
16.582327300013276,62128.28,3.27,2.8882490950019912,0.48498836349993363,16.922294570011946,0.0003,62148.85
16.59464100000332,61902.58,3.26,2.890096150000498,0.4849267949999834,16.933376900002987,0.0003,62138.56
16.606845600006636,62448.14,3.27,2.8919952960010615,0.4857214720007962,16.944532180006135,0.0003,62190.01
16.619196500018006,62190.01,3.27,2.893971440002881,0.48720358000216063,16.955956762516657,0.0003,62169.44
16.631545200012624,62200.32,3.27,2.896004958002083,0.48776180800050495,16.96784111801218,0.0003,62190.01
16.643555400019977,62190.01,3.27,2.898004418003396,0.48847331700209756,16.979590954020175,0.0003,62190.01
16.655604500003392,62005.04,3.26,2.9000527650005763,0.4897384725003561,16.991760545003427,0.0003,62190.01
16.66759150000871,62468.85,3.27,2.9021664700015677,0.4908073200006968,17.00420903250919,0.0003,62200.32
16.679689800017513,62169.44,3.27,2.9043441640031515,0.4917751840014008,17.01697273901847,0.0003,62200.32
16.688879900000757,62220.92,3.27,2.9060427815001395,0.49228839450004147,17.027023490500824,0.0003,62200.32
16.701205599994864,62313.75,3.27,2.9083230359990493,0.49300850399953755,17.04052615999435,0.0003,62220.92
16.71365190000506,62066.62,3.26,2.9106256015009357,0.49412867100045527,17.054217090005565,0.0003,62220.92
16.725742400012678,62572.52,3.27,2.9128336320022816,0.4950445440007605,17.067286944013436,0.0003,62262.15
16.737883699999657,62200.32,3.27,2.915019065999938,0.49577302199997925,17.080156721999632,0.0003,62262.15
16.750224200019147,62262.15,3.27,2.917086993003159,0.4962578470006701,17.09221523201838,0.0003,62282.78
16.762580800015712,62282.78,3.27,2.9190871200023563,0.49688388800172817,17.103871104013827,0.0003,62282.78
16.77484570001252,62097.44,3.26,2.920926855001878,0.49823302700137706,17.114664216011015,0.0003,62282.78
16.787169899995206,62572.52,3.27,2.9227396354993047,0.4989433979999041,17.125437812995827,0.0003,62282.78
16.7992588999914,62282.78,3.27,2.9244925404987527,0.499185177999828,17.13595524299252,0.0003,62282.78
16.811352799995802,62293.1,3.27,2.9263596839993493,0.5008461559993913,17.146760755996244,0.0003,62293.1
16.823377900000196,62303.42,3.27,2.9282235745000307,0.5021337790000019,17.15760766800018,0.0003,62303.42
16.835518800013233,62159.14,3.27,2.930105414002051,0.5022551880001324,17.168777296012173,0.0003,62303.42
16.84452899999451,62645.24,3.27,2.931547284999094,0.5028208349993685,17.1772704849947,0.0003,62303.42
16.856724500015844,62437.79,3.27,2.9335595425026137,0.5042233175018218,17.189039142515288,0.0003,62303.42
16.8691947000043,62303.42,3.27,2.935709072500752,0.5051976555002794,17.20157859400438,0.0003,62303.42
16.88149220001651,62365.39,3.27,2.9378685960029713,0.505996993001073,17.214211576017828,0.0003,62324.07
16.893527300009737,62148.85,3.27,2.9400349140017523,0.5067792745006328,17.227209484010512,0.0003,62324.07
16.906158500001766,62666.04,3.28,2.942339322500326,0.507877435000194,17.240943557501932,0.0003,62365.39
16.918235399993137,62303.42,3.27,2.94457354899873,0.5092058939992448,17.254167762992484,0.0003,62365.39
16.9304924000171,62365.39,3.27,2.946788632003078,0.5100820060011115,17.267221944018125,0.0003,62365.39
16.942744500003755,62324.07,3.27,2.948980287500657,0.5109058375002816,17.28009939000383,0.0003,62365.39
16.95530790000339,62251.84,3.27,2.951178882500593,0.5118480925002542,17.292914058003458,0.0003,62365.39
16.967239000019617,62718.06,3.28,2.953194435003237,0.513068680002354,17.30468563501893,0.0003,62365.39
16.979158400004962,62375.72,3.27,2.9551611360008185,0.5144990080005953,17.316187856004788,0.0003,62365.39
16.991152300004615,62365.39,3.27,2.956972845000692,0.5149345690001385,17.327037070004152,0.0003,62375.72
17.003022399992915,62417.09,3.27,2.958753359998937,0.5155929119990789,17.337659711993766,0.0003,62417.09
17.012426900007995,62210.61,3.27,2.960164035001199,0.5168154970010391,17.345935672007034,0.0003,62417.09
17.024750300013693,62749.32,3.28,2.962036296502122,0.5178475030001369,17.35687527001232,0.0003,62427.43
17.036956500000088,62427.43,3.27,2.963928257500013,0.5179695650000009,17.367860850000074,0.0003,62417.09
17.04920140001923,62437.79,3.27,2.965872224003076,0.5193342030027878,17.379203309017974,0.0003,62427.43
17.061736300005578,62458.5,3.27,2.96788648950092,0.5210302225004182,17.390984211005406,0.0003,62427.43
17.07399410000653,62313.75,3.27,2.9699090265010772,0.5219495575004895,17.402874277006333,0.0003,62427.43
17.086312400002498,62770.16,3.28,2.9719731080004244,0.5230312400002496,17.415107086002532,0.0003,62437.79
17.09830489999149,62417.09,3.27,2.9740118329985528,0.5242304899991488,17.42727947349136,0.0003,62427.43
17.11053500001435,62427.43,3.27,2.976196300002583,0.5256642000017221,17.440219775015283,0.0003,62437.79
17.122029599995585,62448.14,3.27,2.978275475999183,0.5269217759997351,17.45250211599521,0.0003,62448.14
17.13415240001632,62272.46,3.27,2.9805181940030185,0.5276491440009792,17.465655354017706,0.0003,62427.43
17.146316300000763,62676.44,3.28,2.982736934000137,0.5286947930000838,17.4786321150008,0.0003,62448.14
17.15847369999392,62417.09,3.27,2.984925265998905,0.5300321069993311,17.491397384993615,0.0003,62448.14
17.167057400016347,62531.03,3.27,2.986364471002697,0.5310468880019614,17.4999515390161,0.0003,62499.92
17.17928720000782,62520.66,3.27,2.98838238800129,0.532514464000938,17.5119978920077,0.0003,62520.66
17.19158569999854,62365.39,3.27,2.990411640499759,0.533353070499905,17.52370641499861,0.0003,62520.66
17.20386919999146,62874.5,3.28,2.992419071998633,0.5344416879988039,17.535375739991885,0.0003,62531.03
17.216165599995293,62499.92,3.27,2.9943864959992466,0.5361631839993406,17.547057319995524,0.0003,62531.03
17.228467900014948,62624.46,3.27,2.9963548640023916,0.5369540370004483,17.558702165514124,0.0003,62593.29
17.240711199992802,62593.29,3.27,2.998312606665527,0.53740667999892,17.570269713326553,0.0003,62603.68
17.25297299999511,62448.14,3.27,3.000294599999022,0.5392945999990217,17.58187299999511,0.0003,62603.68
17.26528250001138,62916.3,3.28,3.002148787501764,0.5398384750003414,17.5930106625103,0.0003,62624.46
17.277543600008357,62603.68,3.27,3.00380120600071,0.5401354360000836,17.602618646004053,0.0003,62603.68
17.289691300014965,62655.64,3.28,3.004833760501272,0.5402569130001497,17.608510280507257,0.0003,62624.46
17.301933200011263,62655.64,3.28,3.0052,0.5406173280004505,17.610639666000058,0.0003,62645.24
17.314062799996464,62458.5,3.27,3.0051974880001415,0.5410962320002122,17.610685556000814,0.0003,62645.24
17.322712199995294,63000.0,3.28,3.0048515120001884,0.5405772680002825,17.608696194001084,0.0003,62655.64
17.334954199992353,62603.68,3.27,3.0043332060005357,0.5398427480004591,17.6057135490031,0.0003,62655.64
17.34721130001708,62738.89,3.28,3.003475208998805,0.5391073219989754,17.600749423493085,0.0003,62655.64
17.359574800007977,62645.24,3.27,3.0024982679992824,0.5381425199992026,17.594961733995653,0.0003,62666.04
17.372045800002525,62551.78,3.27,3.001375877999773,0.5368954199997478,17.588165038998625,0.0003,62666.04
17.384028600004967,63020.95,3.28,3.000096853999454,0.5363489989998262,17.580681695996823,0.0003,62738.89
17.39634500001557,62666.04,3.28,2.998871024999144,0.5358944749992994,17.57353787499494,0.0003,62686.84
17.408731300005456,62843.17,3.28,2.9981897784997,0.5353370914997545,17.569512327498227,0.0003,62738.89
17.420978300011484,62791.0,3.28,2.9977255424997127,0.5344370614989091,17.566823037998393,0.0003,62770.16
17.43326089999755,62582.91,3.27,2.997418477500061,0.5332702145002329,17.565103474000345,0.0003,62770.16
17.445430199994007,62884.94,3.28,2.99694279200024,0.5320569800005994,17.5621424500015,0.0003,62791.0
17.457640200009337,62686.84,3.28,2.9961813769989263,0.5307085729987396,17.55752466399365,0.0003,62791.0
17.4698306999926,62801.43,3.28,2.994779469500851,0.5290628555009992,17.54923512400503,0.0003,62801.43
17.481969400017988,62770.16,3.28,2.9927858139965826,0.5271053549968524,17.537514118979946,0.0003,62801.43
17.49066589999711,62562.16,3.27,2.9911334790005495,0.525583467500506,17.527817521503223,0.0003,62801.43
17.502896399993915,63010.48,3.28,2.9883203820014916,0.5233096840011567,17.5112447020088,0.0003,62822.3
17.515274700010195,62822.3,3.28,2.9852622044972987,0.520862204497299,17.493224214984203,0.0003,62822.3
17.528294100018684,62937.21,3.28,2.9818120634950493,0.5174120634950495,17.473044144971045,0.0003,62822.3
17.54074739999487,62822.3,3.28,2.978613150001283,0.5146854680009237,17.454213848007598,0.0003,62822.3
17.55309629999101,62645.24,3.27,2.9755259250022474,0.5124626660016183,17.435937476013304,0.0003,62822.3
17.565331999998307,63073.37,3.28,2.9726936400003896,0.5091270400004746,17.419415120002274,0.0003,62853.6
17.577705700008664,62853.6,3.28,2.9699588599982674,0.5060515024984841,17.403390216989692,0.0003,62822.3
17.59002210001927,62989.53,3.28,2.967495579996146,0.5038961324966282,17.388733700977074,0.0003,62853.6
17.602105600002687,62811.85,3.28,2.965200463999503,0.501700463999503,17.37528647999711,0.0003,62853.6
17.61402310000267,62738.89,3.28,2.9629959574995333,0.49949595749953307,17.36247643799728,0.0003,62853.6
17.625921099999687,63178.36,3.28,2.960913807500055,0.4974138075000549,17.35034047800032,0.0003,62989.53
17.63803430000553,62718.06,3.28,2.95881416899906,0.49537468349914304,17.33798501399436,0.0003,62853.6
17.647232599993004,63010.48,3.28,2.9572504580011896,0.49394894700108444,17.328602748007135,0.0003,62989.53
17.659626500011655,63000.0,3.28,2.9551153624979607,0.4919153624979606,17.315932837488056,0.0003,62916.3
17.671889699995518,62749.32,3.28,2.952969302500785,0.4897693025007849,17.303363057504598,0.0003,62916.3
17.684511200000998,63283.6,3.29,2.950760539999826,0.4880860999998756,17.290268351998968,0.0003,63000.0
17.69653919999837,62738.89,3.28,2.948642944000294,0.48655720800022045,17.277733840001716,0.0003,62916.3
17.70886340001016,63020.95,3.28,2.946424587998172,0.4848934409986288,17.264793429989336,0.0003,63000.0
17.721260799997253,62916.3,3.28,2.944229360000481,0.48318348800038485,17.251885072002846,0.0003,63000.0
17.73332699999446,62801.43,3.28,2.9421177750009697,0.4814942200007758,17.239396555005737,0.0003,62916.3
17.745698899991112,63010.48,3.28,2.9399526925015556,0.48023011000088894,17.22682561650902,0.0003,63010.48
17.757702200004132,62843.17,3.28,2.9378891369993183,0.47875211499927706,17.21471631099589,0.0003,63010.48
17.76984980000998,63041.91,3.28,2.9358847829983534,0.4766262849982538,17.20262944899007,0.0003,63010.48
17.781821500015212,63010.48,3.28,2.93390945249749,0.4755089249992394,17.191030467485472,0.0003,63010.48
17.793885399994906,62895.39,3.28,2.931918909000841,0.4749057300002547,17.179509443004868,0.0003,63010.48
17.80283570001484,63062.88,3.28,2.9305304664977,0.4734862879976258,17.171315334486422,0.0003,63010.48
17.815213299996685,63010.48,3.28,2.928611938500514,0.47161506900023203,17.159989830503033,0.0003,63031.42
17.827496600017184,63294.13,3.29,2.926708026997337,0.47075523799879726,17.14875061098428,0.0003,63041.91
17.839892499992857,63115.34,3.28,2.9247572000011433,0.4694750500010005,17.137261050006718,0.0003,63062.88
17.852045900013763,62916.3,3.28,2.9228126559977983,0.4677735739980735,17.125836853987064,0.0003,63062.88
17.864357000013115,63136.34,3.28,2.9207910949978366,0.46625715999842654,17.11385013998715,0.0003,63115.34
17.876664200011874,63031.42,3.28,2.9187337649979224,0.4648868639990503,17.10172247898807,0.0003,63115.34
17.889154100004816,63209.92,3.29,2.9165480324991577,0.4638876719996149,17.08917012949516,0.0003,63136.34
17.901299799996195,63178.36,3.28,2.914459034000647,0.46269702200041873,17.076963701003823,0.0003,63115.34
17.91352560001542,62926.75,3.28,2.912380647997379,0.46135218399830413,17.064676771984505,0.0003,63031.42
17.92555159999756,63188.88,3.28,2.9103939860004027,0.4597405340003294,17.052706158002426,0.0003,63136.34
17.937608400010504,62759.73,3.28,2.9083504879981095,0.4582752439990547,17.04051117998897,0.0003,63031.42
17.949620800005505,63157.35,3.28,2.9061882559990093,0.4571941279995046,17.02789815999422,0.0003,63157.35
17.961674199992558,62979.06,3.28,2.90401864400134,0.4559174670008559,17.015165348007887,0.0003,62989.53
17.97104030000628,62811.85,3.28,2.9023327459988697,0.45484036549927787,17.00523728199334,0.0003,62979.06
17.983195800014073,63230.96,3.29,2.9001907349975373,0.45390227299908537,16.992720283985648,0.0003,62989.53
17.99547170000733,62666.04,3.28,2.898064527998828,0.4530160374990843,16.98030188499304,0.0003,62979.06
18.007858099997975,63273.06,3.29,2.8960827040003245,0.4514677375002535,16.968534805001926,0.0003,62989.53
18.020158100000117,62989.53,3.28,2.8941454944999823,0.4504228854999949,16.957096128999897,0.0003,62979.06
18.03240590001224,62832.73,3.28,2.892247085498103,0.4498717344994493,16.945950630988865,0.0003,62947.67
18.044613200007007,63010.48,3.28,2.890408019998949,0.4485794819991945,16.9349481199937,0.0003,62968.59
18.056960899994007,62686.84,3.28,2.8885262560009592,0.44727793250044967,16.923775972005515,0.0003,62947.67
18.069378700020025,63104.83,3.28,2.8865394079967963,0.4463465974984983,16.91235159598158,0.0003,62968.59
18.08133119999548,62947.67,3.28,2.8846270080007237,0.4452302240004749,16.90109870400432,0.0003,62947.67
18.09326970000984,62759.73,3.28,2.8827168479984255,0.4439766814989668,16.889697436490604,0.0003,62947.67
18.10537900001509,62968.59,3.28,2.8806655699974346,0.4431034699989437,16.877564104984835,0.0003,62947.67
18.117235000012442,62603.68,3.27,2.878633874997823,0.44219267499881804,16.865567949987184,0.0003,62947.67
18.12640949999332,63188.88,3.28,2.8770283375011694,0.4413210975006348,16.85611821500688,0.0003,62947.67
18.13787360000424,62947.67,3.28,2.875002751999237,0.4403288479997031,16.84427145599559,0.0003,62947.67
18.150112200004518,62770.16,3.28,2.872799803999187,0.4394721459996837,16.8315433119953,0.0003,62931.985
18.162397800013423,62947.67,3.28,2.8706723739977185,0.4382342529984565,16.818892254986242,0.0003,62947.67
18.17471029999433,62874.5,3.28,2.868575697500993,0.4368751395001985,16.8062861485057,0.0003,62931.985
18.1872982000059,63094.35,3.28,2.8663728149989685,0.43643456299979366,16.793635308994073,0.0003,62947.67
18.19954729999881,62916.3,3.28,2.864288657857339,0.4356452700001193,16.781431947144032,0.0003,62931.985
