Time (s),Resistance (Ohm),Voltage (V),Displacement,Force (N),Strain,Stress (MPa),Resistance Smoothed (Ohm)
0.0,60890.03,3.24,0.288,0.0099,0.9738,0.0,61025.66
0.0005637000140269,61586.37,3.26,0.2880986475024547,0.009894362999859732,0.974386248014588,0.0,61161.29
0.0010346999915783,61161.29,3.25,0.2881810724985262,0.009889653000084217,0.9748760879912415,0.0,61156.25
0.0014918000088074,60860.0,3.24,0.28826106500154125,0.009885081999911926,0.9753514720091597,0.0,61151.21
0.0019357000128365999,61201.61,3.25,0.28833874750224636,0.009880642999871635,0.9758131280133501,0.0,61156.25
0.0023801999923308004,60720.05,3.24,0.2884165349986579,0.009876198000076693,0.9762754079920241,0.0,61151.21
0.0028218000079505,61505.09,3.25,0.2884938150013913,0.009871781999920495,0.9767346720082685,0.0,61161.29
0.00326640001731,61151.21,3.25,0.2885716200030292,0.009867335999826901,0.9771970560180024,0.0,61161.29
0.0037093000137246998,60900.06,3.24,0.2886491275024018,0.009862906999862755,0.9776576720142737,0.0,61151.21
0.0041507999994792,61211.69,3.25,0.28872638999990885,0.00985849200000521,0.9781168319994584,0.0,61201.61
0.0045822999964003,60710.06,3.24,0.28880190249937004,0.009854177000035998,0.9785655919962564,0.0,61151.21
0.0051147000049241,61616.87,3.26,0.2888950725008617,0.00984885299995076,0.979119288005121,0.0,61211.69
0.0055903000175022,61221.77,3.25,0.2889783025030629,0.009844096999824978,0.9796139120182022,0.0,61211.69
0.0060439000080806,60960.21,3.24,0.28905768250141406,0.009839560999919195,0.9800856560084038,0.0,61211.69
0.006494000001112,61221.77,3.25,0.28913645000019456,0.00983505999998888,0.9805537600011565,0.0,61211.69
0.006942200008779801,60740.02,3.24,0.28921488500153647,0.009830577999912203,0.981019888009131,0.0,61211.69
0.0162818999961019,61555.88,3.26,0.2908493324993178,0.009737181000038982,0.990733175995946,0.0,61221.77
0.0167428000131622,61211.69,3.25,0.29092999000230335,0.009732571999868378,0.9912125120136888,0.0,61211.69
0.0171797999937553,61010.39,3.24,0.29100646499890714,0.009728202000062448,0.9916669919935055,0.0,61121.0
0.017612099996768,61221.77,3.25,0.29108211749943436,0.009723879000032321,0.9921165839966387,0.0,61171.36
0.0180679000040982,60910.07,3.24,0.2911618825007172,0.009719320999959018,0.9925906160042621,0.0,61121.0
0.0185118000081275,61545.71,3.25,0.2912395650014223,0.009714881999918726,0.9930522720084526,0.0,61171.36
0.0189561000152026,61121.0,3.25,0.29131731750266043,0.009710438999847975,0.9935143440158107,0.0,61141.14
0.0193906000058633,60990.31,3.24,0.29139335500102603,0.009706093999941368,0.9939662240060978,0.0,61121.0
0.0198309000115842,61171.36,3.25,0.29147040750202724,0.009701690999884159,0.9944241360120476,0.0,61141.14
0.0202718999935314,60809.97,3.24,0.29154894199883563,0.009704078499902971,0.9948950114929815,0.0,61121.0
0.0207093000062742,61576.21,3.26,0.2916276740011293,0.009710639500094114,0.9953695905068075,0.0,61141.14
0.0211434999946505,61141.14,3.25,0.29170582999903705,0.009717152499919758,0.9958406974941958,0.0,61141.14
0.0216767000092659,60930.12,3.24,0.29180180600166783,0.00972515050013899,0.9964192195100535,0.0,61141.14
0.0221292999922298,61181.45,3.25,0.29188327399860137,0.009731939499883447,0.9969102904915693,0.0,61151.21
0.0225628000043799,60880.02,3.24,0.29196130400078835,0.009738442000065699,0.9973806380047522,0.0,61141.14
0.0229958000127226,61525.4,3.25,0.29203924400229003,0.009744937000190839,0.997850443013804,0.0,61151.21
0.0234302000026219,61151.21,3.25,0.2921174360004719,0.009751453000039328,0.9983217670028448,0.0,61141.14
0.0238571999943815,60890.03,3.24,0.29219429599898866,0.009757857999915723,0.9987850619939039,0.0,61141.14
0.0242815999954474,61171.36,3.25,0.2922706879991805,0.009764223999931711,0.9992455359950604,0.0,61151.21
0.0247088999894914,60829.98,3.24,0.29234760199810844,0.009770633499842371,0.9997091564885981,0.0,61141.14
0.0251360000111163,61586.37,3.26,0.2924244800020009,0.009777040000166744,1.0001725600120612,0.0,61151.21
0.025563000002876,61141.14,3.25,0.29250134000051764,0.009783445000043139,1.0006358550031205,0.0,61141.14
0.02599029999692,60760.0,3.24,0.2925782539994456,0.0097898544999538,1.0010994754966582,0.0,61110.94
0.0264157000056003,61201.61,3.25,0.292654826001008,0.009796235500084004,1.0015610345060764,0.0,61131.07
0.0268393000005745,60789.97,3.24,0.2927310740001034,0.009802589500008617,1.0020206405006233,0.0,61110.94
0.0272611000109464,61586.37,3.26,0.29280699800197035,0.009808916500164196,1.0024782935118768,0.0,61131.07
0.0276878000004217,61110.94,3.25,0.29288380400007585,0.009815317000006325,1.0029412630004575,0.0,61131.07
0.0281076999963262,61100.87,3.25,0.2929593859993387,0.009821615499944893,1.003396854496014,0.0,61110.94
0.0285315999935847,61131.07,3.25,0.2930356879988452,0.009827973999903771,1.0038567859930394,0.0,61131.07
0.028954800014617,60870.0,3.24,0.293111864002631,0.009834322000219255,1.0043159580158594,0.0,61110.94
0.0293814000033308,61525.4,3.25,0.2931886520005995,0.009840721000049962,1.004778819003614,0.0,61131.07
0.0298037999891676,61151.21,3.25,0.29326468399805017,0.009847056999837515,1.0052371229882469,0.0,61131.07
0.0302285999932792,61090.82,3.25,0.29334114799879024,0.009853428999899189,1.005698030992708,0.0,61131.07
0.030653099995106497,61151.21,3.25,0.2934175579991191,0.009859796499926597,1.0061586134946905,0.0,61151.21
0.0310768999916036,60860.0,3.24,0.2934938419984886,0.009866153499874054,1.00661843649089,0.0,61151.21
0.0315004000149202,61545.71,3.25,0.2935700720026856,0.009872506000223803,1.0070779340161884,0.0,61151.21
0.031923000002279905,61221.77,3.25,0.29364614000041034,0.009878845000034199,1.0075364550024737,0.0,61151.21
0.032346799998777,61100.87,3.25,0.2937224239997798,0.009885201999981654,1.007996277998673,0.0,61110.94
0.032769899989944,61221.77,3.25,0.29379858199818987,0.00989154849984916,1.008455341489089,0.0,61151.21
0.0331920000026003,60870.0,3.24,0.293874560000468,0.009897880000039005,1.0089133200028213,0.0,61110.94
0.033614499989198604,61545.71,3.25,0.2939506099980557,0.009904217499837978,1.0093717324882805,0.0,61151.21
0.034037900011753705,61110.94,3.25,0.29402682200211566,0.009910568500176305,1.0098311215127527,0.0,61110.94
0.034462300012819504,60940.14,3.24,0.2941032140023075,0.009916934500192293,1.0102915955139091,0.0,61110.94
0.034886000008555205,61151.21,3.25,0.29417948000153993,0.009923290000128327,1.0107513100092824,0.0,61131.07
0.035308999998960706,60910.07,3.24,0.2942556199998129,0.009929634999984411,1.0112102649988723,0.0,61110.94
0.0357314000139013,61596.53,3.26,0.2943316520025022,0.009935971000208519,1.0116685690150828,0.0,61131.07
0.036152699991362204,61100.87,3.25,0.2944074859984452,0.009942290499870433,1.012125679490628,0.0,61131.07
0.036577399994712406,61131.07,3.25,0.2944839319990482,0.009948660999920686,1.012586478994263,0.0,61151.21
0.037001599994255306,61161.29,3.25,0.29456028799896594,0.00995502399991383,1.013046735993767,0.0,61161.29
0.037424100009957405,60849.98,3.24,0.2946363380017923,0.009961361500149361,1.0135051485108038,0.0,61161.29
0.0378482000087388,61688.14,3.26,0.29471267600157297,0.009967723000131082,1.0139652970094815,0.0,61191.52
0.038273500016657705,61191.52,3.25,0.29478923000299834,0.009974102500249864,1.0144267475180735,0.0,61161.29
0.0386991999985185,61221.77,3.25,0.2948658559997333,0.009980487999977777,1.0148886319983925,0.0,61161.29
0.039125000010244604,61211.69,3.25,0.294942500001844,0.009986875000153668,1.0153506250111153,0.0,61161.29
0.039550100016640506,60860.0,3.24,0.29501901800299524,0.009993251500249607,1.0158118585180549,0.0,61151.21
0.0399741000146605,61606.7,3.26,0.2950953380026389,0.009999611500219907,1.0162718985159065,0.0,61191.52
0.040398400014964905,61141.14,3.25,0.2951737040027685,0.01,1.0167322640162368,0.0,61151.21
0.0408880999893882,61121.0,3.25,0.2952642984980368,0.01,1.0172635884884862,0.0,61141.14
0.0413807000149973,61151.21,3.25,0.2953554295027745,0.01,1.0177980595162721,0.0,61141.14
0.04186530000879431,60870.0,3.24,0.29544508050162693,0.01,1.0183238505095418,0.0,61131.07
0.042367100017145304,61545.71,3.25,0.2955379135031719,0.01,1.0188683035186026,0.0,61141.14
0.042931300005875604,61110.94,3.25,0.295642290501087,0.01,1.019480460506375,0.0,61131.07
0.0434915999940131,61131.07,3.25,0.2957459459988924,0.01,1.0200883859935042,0.0,61121.0
0.044054300000425504,61221.77,3.25,0.2958500455000787,0.01,1.0206989155004618,0.0,61131.07
0.0446192999952473,60930.12,3.24,0.2959545704991207,0.01,1.0213119404948434,0.0,61110.94
0.045188599993707605,61606.7,3.26,0.2960598909988359,0.01,1.0219296309931727,0.0,61131.07
0.045754099992336705,61060.64,3.25,0.2961645084985823,0.01,1.0225431984916853,0.0,61110.94
0.046751999994739904,60980.28,3.24,0.29634911999902686,0.01,1.0236259199942928,0.0,61131.07
0.047809700015932405,61151.21,3.25,0.2965447945029475,0.01,1.0247735245172866,0.0,61151.21
0.0487858999986202,60880.02,3.24,0.29672539149974475,0.01,1.025832701498503,0.0,61060.64
0.0494297000113875,61606.7,3.26,0.2968444945021067,0.01,1.0265312245123555,0.0,61151.21
0.050021900009596804,61060.64,3.25,0.2969540515017754,0.01,1.0271737615104126,0.0,61121.0
0.0506380000151694,61211.69,3.25,0.29706803000280635,0.01,1.027842230016459,0.0,61151.21
0.051352400012547206,61161.29,3.25,0.2972001940023212,0.01,1.0286173540136139,0.0,61161.29
0.0520923000003677,60890.03,3.24,0.29733707550006805,0.01,1.029420145500399,0.0,61161.29
0.052629799989517806,61586.37,3.26,0.2974365129980608,0.01,1.030003332988627,0.0,61211.69
0.053047099994728404,61121.0,3.25,0.2975137134990248,0.01,1.0304561034942805,0.0,61161.29
0.053464299999177504,61221.77,3.25,0.29759089549984785,0.01,1.0309087654991078,0.0,61201.61
0.053928400011500406,61221.77,3.25,0.2976767540021276,0.01,1.031412314012478,0.0,61161.29
0.054359100002329803,60890.03,3.24,0.297756433500431,0.01,1.031879623502528,0.0,61141.14
0.0547777000174392,61627.05,3.26,0.2978338745032263,0.01,1.0323338045189216,0.0,61201.61
0.05519459999050021,61080.75,3.25,0.2979110009982426,0.01,1.0327861409896928,0.0,61141.14
0.055639300000621006,61201.61,3.25,0.2979932705001149,0.01,1.033268640500674,0.0,61141.14
0.056096000014804304,61141.14,3.25,0.29807776000273883,0.01,1.0337641600160627,0.0,61141.14
0.056522800005041104,60960.21,3.24,0.29815671800093263,0.01,1.0342272380054698,0.0,61080.75
0.0569375999912154,61555.88,3.26,0.29823345599837486,0.01,1.0346772959904689,0.0,61141.14
0.057357100013177904,61070.69,3.25,0.29831106350243797,0.01,1.0351324535142983,0.0,61141.14
0.0577737000130583,61040.54,3.25,0.2983881345024158,0.01,1.0355844645141685,0.0,61141.14
0.05818389999330981,61141.14,3.25,0.29846402149876233,0.01,1.0360295314927412,0.0,61141.14
0.0585946000064724,60970.25,3.24,0.29854000100119743,0.01,1.0364751410070228,0.0,61141.14
0.05900830001337461,61627.05,3.26,0.29861653550247436,0.01,1.0369240055145117,0.0,61181.45
0.0594293000176549,61181.45,3.25,0.2986944205032662,0.01,1.0373807905191559,0.0,61141.14
0.0598264000145719,61181.45,3.25,0.2987678840026958,0.01,1.0378116440158107,0.0,61181.45
0.060220599989406806,61191.52,3.25,0.29883860499814624,0.010004411999788139,1.0382305269889303,0.0,61181.45
0.060622699995292406,60860.0,3.24,0.2989089724991762,0.010012453999905852,1.0386507214950809,0.0,61181.45
0.0610195999906864,61596.53,3.26,0.29897842999837015,0.010020391999813732,1.0390654819902676,0.0,61181.45
0.0614157000090927,61100.87,3.25,0.29904774750159124,0.010028314000181858,1.039479406509502,0.0,61181.45
0.0618166000058409,61201.61,3.25,0.2991179050010222,0.010036332000116822,1.0398983470061038,0.0,61141.14
0.0622026000055485,61141.14,3.25,0.29918545500097105,0.010044052000110973,1.0403017170057984,0.0,61141.14
0.06266120000509551,60849.98,3.24,0.29926571000089175,0.010053224000101913,1.040780954005325,0.0,61131.07
0.06306600000243641,61647.41,3.26,0.2993365500004264,0.010061320000048732,1.0412039700025462,0.0,61141.14
0.0634628999978304,61100.87,3.25,0.2994060074996204,0.010069257999956612,1.041618730497733,0.0,61131.07
0.06385929998941721,61131.07,3.25,0.29947537749814807,0.010077185999788348,1.0420329684889411,0.0,61141.14
0.064256400015438,61161.29,3.25,0.2995448700027017,0.010085128000308764,1.042447938016133,0.0,61141.14
0.0646541000169237,60900.06,3.24,0.29961446750296167,0.010093082000338477,1.0428635345176855,0.0,61131.07
0.06505360000301161,61606.7,3.26,0.29968438000052705,0.010101072000060236,1.0432810120031473,0.0,61151.21
0.0654624000017066,61050.58,3.25,0.2997559200002987,0.010109248000034135,1.0437082080017837,0.0,61131.07
0.06584399999701421,61201.61,3.25,0.2998226999994775,0.010116879999940287,1.04410697999688,0.0,61131.07
0.0662278000090737,61151.21,3.25,0.29988986500158793,0.010124556000181478,1.0445080510094822,0.0,61151.21
0.0666095000051428,60880.02,3.24,0.29995666250090003,0.01013219000010286,1.0449069275053744,0.0,61100.87
0.0669924000103493,61576.21,3.26,0.3000236700018112,0.010139848000206989,1.0453070580108152,0.0,61151.21
0.0673729999980424,61020.44,3.25,0.30009027499965746,0.010147459999960851,1.0457047849979544,0.0,61110.94
0.0677550999971573,61100.87,3.25,0.3001571424995026,0.010155101999943149,1.0461040794970295,0.0,61151.21
0.0681351000093855,61161.29,3.25,0.3002236425016425,0.010162702000187714,1.046501179509808,0.0,61131.07
0.0685166000039317,60849.98,3.24,0.3002904050006881,0.010170332000078637,1.0468998470041089,0.0,61110.94
0.0688948000024539,61434.11,3.25,0.30035659000042947,0.010177896000049081,1.0472950660025644,0.0,61131.07
0.0693096999893897,61110.94,3.25,0.30042919749814323,0.010186193999787797,1.0477286364889125,0.0,61110.94
0.0696919999900274,61282.35,3.25,0.30049609999825483,0.010193839999800551,1.0481281399895788,0.0,61131.07
0.0700709999946412,61131.07,3.25,0.30056242499906227,0.010201419999892826,1.0485241949944002,0.0,61131.07
0.0704707000113558,60900.06,3.24,0.3006323725019873,0.010209414000227119,1.048941881511867,0.0,61110.94
0.07085250000818641,61555.88,3.26,0.30069918750143265,0.010217050000163732,1.049340862508555,0.0,61131.07
0.0712315000128001,61070.69,3.25,0.30076551250224004,0.010224630000256005,1.0497369175133762,0.0,61110.94
0.07161489999271001,61262.15,3.25,0.3008326074987243,0.010232297999854202,1.050137570492382,0.0,61131.07
0.0719953000079841,61110.94,3.25,0.3008991775013973,0.010239906000159685,1.0505350885083435,0.0,61110.94
0.07237380000879061,60870.0,3.24,0.3009654150015384,0.010247476000175814,1.0509306210091864,0.0,61110.94
0.0727543999964837,61637.22,3.26,0.30103201999938467,0.010255087999929677,1.0513283479963256,0.0,61110.94
0.07313380000414331,60910.07,3.24,0.3010984150007251,0.01026267600008287,1.05172482100433,0.0,61110.94
0.0735143999918364,61201.61,3.25,0.3011650199985714,0.01027028799983673,1.052122547991469,0.0,61110.94
0.0738978000008501,61110.94,3.25,0.3012321150001488,0.010277956000017005,1.0525232010008885,0.0,61110.94
0.0742811000091024,60970.25,3.24,0.301299192501593,0.01028562200018205,1.052923749509512,0.0,61110.94
0.0746686999918893,61769.72,3.26,0.30136702249858066,0.010293373999837789,1.0533287914915244,0.0,61110.94
0.0750554999976885,61080.75,3.25,0.3014347124995955,0.010301109999953774,1.0537329974975846,0.0,61110.94
0.0754423000034877,61241.96,3.25,0.3015024025006104,0.010308846000069757,1.0541372035036447,0.0,61110.94
0.0758237999980338,61110.94,3.25,0.30156916499965597,0.010316475999960679,1.0545358709979455,0.0,61110.94
0.0762158000143245,60900.06,3.24,0.30163776500250683,0.010324316000286493,1.0549455110149693,0.0,61110.94
0.07660070000565611,61231.87,3.25,0.30170512250098985,0.010332014000113125,1.0553477315059108,0.0,61121.0
0.0769803000148386,61030.49,3.25,0.3017715525025968,0.010339606000296774,1.0557444135155065,0.0,61110.94
0.077362300013192,61141.14,3.25,0.30183840250230864,0.010347246000263842,1.0561436035137857,0.0,61121.0
0.0777418999932707,61121.0,3.25,0.30190483249882244,0.010354837999865417,1.056540285492968,0.0,61121.0
0.0781253000022844,60890.03,3.24,0.3019719275003998,0.010362506000045691,1.0569409385023874,0.0,61121.0
0.0785097999905702,61353.11,3.25,0.30203921499834985,0.010370195999811406,1.057342740990146,0.0,61121.0
0.0788923999934923,61030.49,3.25,0.3021061699988612,0.01037784799986985,1.0577425579931996,0.0,61121.0
0.0792702999897302,61383.46,3.25,0.3021723024982028,0.010385405999794607,1.0581374634892682,0.0,61121.0
0.0796507000050042,61121.0,3.25,0.3022388725008758,0.010393014000100086,1.0585349815052294,0.0,61121.0
0.0800303000141867,60839.98,3.24,0.30230499950234085,0.010401515000709342,1.058929542513832,0.0,61110.94
0.0804103999980726,61373.35,3.25,0.30236771599968204,0.010420519999903637,1.0593001399981208,0.0,61121.0
0.0807932000025176,61080.75,3.25,0.30243087800041546,0.010439660000125887,1.0596733700024548,0.0,61110.94
0.0811771000153385,61252.06,3.25,0.3024942215025309,0.010458855000766931,1.0600476725149552,0.0,61121.0
0.0815626000112389,61110.94,3.25,0.30255782900185446,0.010478130000561952,1.060423535010958,0.0,61110.94
0.0819448000111152,60819.96,3.24,0.30262089200183406,0.010497240000555767,1.0607961800108374,0.0,61110.94
0.0823246999934782,61413.85,3.25,0.30268357549892394,0.010516234999673918,1.0611665824936414,0.0,61110.94
0.0827036999980919,60769.98,3.24,0.3027461104996852,0.010535184999904603,1.0615361074981398,0.0,61110.94
0.0830857999972068,61272.25,3.25,0.30280915699953914,0.010554289999860347,1.0619086549972767,0.0,61110.94
0.0834699000115507,61110.94,3.25,0.3028725335019059,0.010573495000577542,1.0622831525112622,0.0,61110.94
0.0838529000175186,60849.98,3.24,0.3029357285028906,0.010592645000875938,1.0626565775170806,0.0,61110.94
0.084234000009019,61525.4,3.25,0.30299861000148814,0.010611700000450957,1.0630281500087937,0.0,61141.14
0.0846143999951892,60900.06,3.24,0.30306137599920624,0.010630719999759466,1.0633990399953095,0.0,61110.94
0.0849980000057258,61302.56,3.25,0.3031246700009448,0.010649900000286297,1.0637730500055829,0.0,61141.14
0.08537740001338541,61141.14,3.25,0.3031872710022086,0.010668870000669278,1.064142965013051,0.0,61110.94
0.0857576999987942,60789.97,3.24,0.3032500204998011,0.010687884999939718,1.0645137574988244,0.0,61110.94
0.08613869998953311,61151.21,3.25,0.303312885498273,0.010706934999476662,1.0648852324897948,0.0,61141.14
0.0865190000040457,60880.02,3.24,0.30337563500066755,0.010725950000202293,1.0652560250039447,0.0,61110.94
0.08689910001703541,61181.45,3.25,0.30343835150281084,0.010744955000851777,1.0656266225166096,0.0,61141.14
0.087278899998637,61110.94,3.25,0.3035010184997751,0.010763944999931857,1.0659969274986711,0.0,61141.14
0.0876577000017278,60839.98,3.24,0.3035635205002851,0.010782885000086397,1.0663662575016848,0.0,61110.94
0.08803610000177291,61211.69,3.25,0.30362595650029256,0.010801805000088652,1.0667351975017287,0.0,61151.21
0.0884065999998711,60940.14,3.24,0.30368708899997876,0.010820329999993562,1.0670964349998744,0.0,61110.94
0.08878230000846091,61373.35,3.25,0.30374907950139607,0.010839115000423052,1.0674627425082495,0.0,61151.21
0.0891594999993686,61151.21,3.25,0.3038113174998958,0.010857974999968437,1.0678305124993845,0.0,61141.14
0.0895370999933221,60839.98,3.24,0.3038736214988982,0.010876854999666112,1.068198672493489,0.0,61141.14
0.0899164000002202,61211.69,3.25,0.30393620600003635,0.010895820000011018,1.0685684900002148,0.0,61151.21
0.0902970999886748,61080.75,3.25,0.30399902149813135,0.010914854999433747,1.0689396724889582,0.0,61141.14
0.090674900013255,61383.46,3.25,0.3040613585021871,0.010933745000662756,1.0693080275129236,0.0,61151.21
0.0910527000087314,61141.14,3.25,0.3041236955014407,0.010952635000436577,1.0696763825085132,0.0,61141.14
0.0914318000141066,60799.96,3.24,0.3041862470023276,0.010971590000705337,1.0700460050137541,0.0,61080.75
0.0918081999989227,61262.15,3.25,0.3042483529998223,0.010990409999946143,1.0704129949989498,0.0,61141.14
0.0921872000035365,60660.2,3.24,0.30431088800058353,0.011009360000176832,1.0707825200034482,0.0,61080.75
0.092566600011196,61272.25,3.25,0.30437348900184735,0.011028330000559807,1.0711524350109163,0.0,61141.14
0.0929453000135254,61080.75,3.25,0.3044359745022317,0.011047265000676277,1.0715216675131873,0.0,61100.87
0.0933266000065487,60829.98,3.24,0.3044988890010806,0.011066330000327442,1.0718934350063851,0.0,61080.75
0.0937054000096396,61332.88,3.25,0.3045613910015906,0.011085270000481987,1.0722627650093988,0.0,61090.82
0.0940852999920026,60690.1,3.24,0.30462407449868045,0.011104264999600138,1.0726331674922027,0.0,61080.75
0.094463999994332,61373.35,3.25,0.3046865599990648,0.011123199999716607,1.0730023999944738,0.0,61090.82
0.0948430999997072,61100.87,3.25,0.3047491114999517,0.011142154999985367,1.0733720224997148,0.0,61090.82
0.0952220000035596,60900.06,3.24,0.30481163000058736,0.011161100000177986,1.0737414500034708,0.0,61090.82
0.0956212000164669,61090.82,3.25,0.3048774980027171,0.011181060000823351,1.0741306700160553,0.0,61100.87
0.0960353999980726,60779.97,3.24,0.30494584099968197,0.011201769999903638,1.074534514998121,0.0,61090.82
0.0964181000017561,61241.96,3.25,0.3050089865002898,0.011220905000087811,1.0749076475017123,0.0,61100.87
0.0967986999894493,61151.21,3.25,0.30507178549825914,0.011239934999472472,1.0752787324897133,0.0,61090.82
0.0971757000079379,60880.02,3.24,0.30513399050130974,0.011258785000396902,1.0756463075077396,0.0,61060.64
0.097555399988778,61121.0,3.25,0.30519664099814836,0.011277769999438907,1.0760165149890586,0.0,61090.82
0.0979366000101436,60760.0,3.24,0.3052595390016737,0.011296830000507187,1.0763881850098902,0.0,61060.64
0.0983170999970753,61444.25,3.25,0.30532232149951744,0.011315854999853773,1.0767591724971486,0.0,61090.82
0.0986986999923829,61060.64,3.25,0.30538528549874316,0.011334934999619153,1.0771312324925735,0.0,61090.82
0.0990809999930207,60779.97,3.24,0.3054483649988484,0.011354049999651042,1.0775039749931954,0.0,61060.64
0.0994616000098177,61090.82,3.25,0.30551116400161993,0.011373080000490893,1.0778750600095723,0.0,61090.82
0.09984360000817111,60930.12,3.24,0.3055741940013482,0.011392180000408562,1.078247510007967,0.0,61060.64
0.100225700007286,61434.11,3.25,0.30563498350112933,0.011389843499672123,1.0786110295068125,0.0,61090.82
0.1006037000042852,61141.14,3.25,0.30569357350066423,0.01137283349980716,1.0789644595040069,0.0,61070.69
0.10099770000670111,60799.96,3.24,0.30575464350103865,0.011355103499698444,1.0793328495062657,0.0,61070.69
0.1013808000134305,61161.29,3.25,0.30581402400208174,0.011337863999395622,1.0796910480125577,0.0,61090.82
0.10176190000493081,60640.26,3.24,0.3058730945007643,0.011320714499778109,1.0800473765046104,0.0,61070.69
0.1021427999949083,61353.11,3.25,0.30593213399921076,0.01130357400022912,1.0804035179952394,0.0,61141.14
0.10252410001703541,61070.69,3.25,0.3059912355026405,0.0112864154992334,1.0807600335159282,0.0,61070.69
0.1029055000108201,60829.98,3.24,0.3060503525016771,0.01126925249951309,1.0811166425101169,0.0,61060.64
0.1032880000129808,61231.87,3.25,0.306109640002012,0.01125203999941586,1.081474280012137,0.0,61070.69
0.10367179999593651,60600.43,3.24,0.30616912899937015,0.011234769000182852,1.0818331329962008,0.0,61060.64
0.104051400005119,61343.0,3.25,0.30622796700079347,0.01121768699976964,1.0821880590047863,0.0,61070.69
0.10443199999281211,61060.64,3.25,0.3062869599988859,0.01120056000032345,1.0825439199932794,0.0,61060.64
0.104814099991927,60880.02,3.24,0.3063461854987487,0.01118336550036328,1.0829011834924518,0.0,61040.54
0.1051931999973022,61141.14,3.25,0.30640494599958185,0.011166306000121395,1.0832556419974777,0.0,61060.64
0.1055724000034389,60580.52,3.24,0.306463722000533,0.011149241999845244,1.0836101940032155,0.0,61040.54
0.105950600001961,61434.11,3.25,0.30652234300030395,0.01113222299991175,1.0839638110018337,0.0,61060.64
0.1063326000003145,61040.54,3.25,0.30658155300004875,0.011115032999985843,1.0843209810002943,0.0,61050.58
0.10671349999029191,60839.98,3.24,0.30664059249849523,0.011097892500436858,1.084677122490923,0.0,61040.54
0.1070923999941443,61090.82,3.25,0.3066993219990924,0.011080842000263501,1.085031393994525,0.0,61050.58
0.10747039999114351,60670.17,3.24,0.30675791199862723,0.011063832000398536,1.0853848239917192,0.0,61040.54
0.1079075000016019,61474.66,3.25,0.3068256625002483,0.01104416249992791,1.085793512501498,0.0,61050.58
0.1082967999973335,61050.58,3.25,0.3068860039995867,0.011026644000119988,1.086157507997507,0.0,61050.58
0.10868090001167731,60769.98,3.24,0.30694553950180997,0.011009359499474515,1.0865166415109184,0.0,61050.58
0.1090585000056308,61060.64,3.25,0.3070040675008728,0.010992367499746608,1.086869697505265,0.0,61060.64
0.1094392999948468,60789.97,3.24,0.30706309149920125,0.010975231500231889,1.087225745495182,0.0,61050.58
0.1098203000146896,61505.09,3.25,0.30712214650227687,0.010958086499338963,1.087581980513735,0.0,61060.64
0.1102001999970526,61161.29,3.25,0.30718103099954314,0.010940991000132627,1.0879371869972443,0.0,61060.64
0.1105805000115652,60789.97,3.24,0.3072399775017926,0.01092387749947956,1.0882927675108136,0.0,61060.64
0.11096310001448731,61131.07,3.25,0.30729928050224553,0.010906660499348067,1.0886504985135457,0.0,61070.69
0.1113508999987971,60640.26,3.24,0.30735938949981356,0.010889209500054125,1.0890130914988754,0.0,61070.69
0.11173400000552651,61353.11,3.25,0.3074187700008566,0.010871969999751301,1.0893712900051673,0.0,61110.94
0.1121157000015956,61110.94,3.25,0.3074779335002473,0.010854793499928194,1.089728179501492,0.0,61070.69
0.1124973999976647,60740.02,3.24,0.30753709699963805,0.010837617000105083,1.0900850689978165,0.0,61070.69
0.1128790999937337,61070.69,3.25,0.3075962604990287,0.010820440500281978,1.0904419584941412,0.0,61070.69
0.1132646999903955,60660.2,3.24,0.3076560284985113,0.010803088500432198,1.09080249449102,0.0,61070.69
0.1136486000032165,61353.11,3.25,0.30771553300049853,0.010785812999855253,1.0911614410030075,0.0,61070.69
0.1140352000074927,61070.69,3.25,0.30777545600116135,0.010768415999662823,1.0915229120070058,0.0,61070.69
0.1144142000121065,60720.05,3.24,0.30783420100187653,0.010751360999455202,1.0918772770113196,0.0,61070.69
0.1147961000096985,61181.45,3.25,0.30789339550150324,0.010734175499563563,1.0922343535090682,0.0,61070.69
0.115174600010505,60550.67,3.24,0.30795206300162825,0.01071714299952727,1.0925882510098224,0.0,61070.69
0.1155542999913451,61484.82,3.25,0.30801091649865847,0.010700056500389465,1.0929432704919078,0.0,61110.94
0.115936199988937,61110.94,3.25,0.30807011099828524,0.01068287100049783,1.0933003469896563,0.0,61070.69
0.11631680000573401,60799.96,3.24,0.3081291040008888,0.010665743999741965,1.0936562080053613,0.0,61060.64
0.1167299000080675,61131.07,3.25,0.30819313450125047,0.010647154499636957,1.0940424565075433,0.0,61110.94
0.11711520000244491,60530.8,3.24,0.30825285600037894,0.010629815999889974,1.0944027120022861,0.0,61060.64
0.1174962999939453,61454.38,3.25,0.30831192649906153,0.010612666500272457,1.094759040494339,0.0,61110.94
0.1178802000067663,61060.64,3.25,0.30837143100104875,0.010595390999695512,1.0951179870063266,0.0,61110.94
0.1182600000174716,60880.02,3.24,0.3084303000027081,0.010578299999213774,1.095473100016336,0.0,61060.64
0.1186427999928128,61110.94,3.25,0.30848963399888596,0.01056107400032342,1.09583101799328,0.0,61110.94
0.1190214999951423,60789.97,3.24,0.30854833249924707,0.010544032500218592,1.096185102495458,0.0,61060.64
0.1194028000172694,61464.53,3.25,0.30860743400267676,0.010526873999222872,1.096541618016147,0.0,61110.94
0.1197840000095312,61121.0,3.25,0.3086665200014773,0.010509719999571092,1.0968980400089117,0.0,61060.64
0.1201668000139762,60920.09,3.24,0.3087266880022362,0.010505838000489171,1.0972567920131377,0.0,61040.54
0.1205492000153754,61191.52,3.25,0.30878787200246005,0.010519222000538144,1.097616248014453,0.0,61070.69
0.1209300000045915,60750.0,3.24,0.3088488000007346,0.010532550000160706,1.097974200004316,0.0,61040.54
0.121309400012251,61474.66,3.25,0.30890950400196016,0.01054582900042879,1.098330836011516,0.0,61070.69
0.121691300009843,61040.54,3.25,0.3089706080015749,0.01055919550034451,1.0986898220092525,0.0,61070.69
0.1220713999937289,60799.96,3.24,0.30903142399899663,0.010572498999780517,1.0990471159941053,0.0,61040.54
0.1224528000166174,61070.69,3.25,0.3090924480026588,0.010585848000581613,1.0994056320156205,0.0,61070.69
0.12283259999821901,60750.0,3.24,0.309153215999715,0.010599140999937669,1.099762643998326,0.0,61040.54
0.1232128000119701,61363.22,3.25,0.3092140480019152,0.010612448000418958,1.1001200320112519,0.0,61070.69
0.12357970001176,61090.82,3.25,0.3092727520018816,0.010625289500411604,1.1004649180110544,0.0,61070.69
0.12391980001120831,60829.98,3.24,0.30932716800179333,0.010637193000392295,1.1007846120105358,0.0,61070.69
0.12426300000515769,61070.69,3.25,0.30938208000082523,0.010649205000180524,1.1011072200048482,0.0,61070.69
0.12460810001357461,60670.17,3.24,0.30943729600217196,0.010661283500475115,1.1014316140127602,0.0,61070.69
0.124951300007524,61525.4,3.25,0.30949220800120386,0.010673295500263344,1.1017542220070726,0.0,61090.82
0.1252945000014734,61100.87,3.25,0.30954712000023576,0.010685307500051573,1.102076830001385,0.0,61090.82
0.12563739999313842,61000.36,3.24,0.30960198399890215,0.010697308999759849,1.1023991559935502,0.0,61070.69
0.1259807999886107,61171.36,3.25,0.30965692799817773,0.010709327999601378,1.1027219519892941,0.0,61100.87
0.1263246000162326,60620.33,3.24,0.3097119360025972,0.010721361000568145,1.1030451240152588,0.0,61100.87
0.12666129998979161,61484.82,3.25,0.30976580799836667,0.01073314549964271,1.103361621990404,0.0,61100.87
0.1270040000090376,61100.87,3.25,0.30982064000144605,0.01074514000031632,1.1036837600084954,0.0,61100.87
0.1273459999938496,60970.25,3.24,0.30987535999901594,0.01075710999978474,1.1040052399942186,0.0,61080.75
0.1276894999900833,61110.94,3.25,0.30993031999841336,0.01076913249965292,1.1043281299906784,0.0,61080.75
0.1280335999908857,60779.97,3.24,0.3099853759985417,0.010781175999681003,1.1046515839914326,0.0,61040.54
0.12837500000023291,61474.66,3.25,0.3100400000000373,0.010793125000008156,1.104972500000219,0.0,61080.75
0.1287174000171945,61080.75,3.25,0.31009478400275114,0.010805109000601812,1.1052943560161628,0.0,61040.54
0.1290611000149511,60900.06,3.24,0.3101497760023922,0.010817138500523293,1.105617434014054,0.0,61000.36
0.129402399994433,61040.54,3.25,0.31020438399910927,0.010829083999805159,1.105938255994767,0.0,61040.54
0.1297445000091102,60880.02,3.24,0.31025912000145767,0.01084105750031886,1.1062598300085635,0.0,61000.36
0.1300885000091512,61505.09,3.25,0.3103141600014642,0.010853097500320296,1.106583190008602,0.0,61040.54
0.1304290000116453,61000.36,3.24,0.31036864000186326,0.01086501500040759,1.1069032600109465,0.0,61010.39
0.1307917000085582,60829.98,3.24,0.3104266720013693,0.01087770950029954,1.1072441980080447,0.0,61000.36
0.1311351000040304,61161.29,3.25,0.3104816160006449,0.010889728500141067,1.1075669940037887,0.0,61010.39
0.1314783999987413,60799.96,3.24,0.31053654399979863,0.01090174399995595,1.107889695998817,0.0,61000.36
0.1318198000080884,61403.72,3.25,0.31059116800129416,0.010913693000283099,1.1082106120076032,0.0,61010.39
0.1321618999936618,61010.39,3.24,0.3106459039989859,0.010925666499778167,1.108532185994042,0.0,61010.39
0.1325030000007246,60799.96,3.24,0.31070048000011596,0.010937605000025365,1.108852820000681,0.0,61050.58
0.1328435000032187,61141.14,3.25,0.310754960000515,0.01094952250011266,1.1091728900030255,0.0,61090.82
0.1331941999960691,60789.97,3.24,0.3108110719993711,0.010961796999862423,1.109502547996305,0.0,61050.58
0.1335398000082933,61494.95,3.25,0.31086636800132694,0.01097389300029027,1.1098274120077958,0.0,61090.82
0.1338810000161175,61050.58,3.25,0.3109209600025788,0.010985835000564116,1.1101481400151505,0.0,61050.58
0.1342254999908619,61090.82,3.25,0.31097607999853794,0.01099789249968017,1.1104719699914103,0.0,61050.58
0.13456800000858501,61181.45,3.25,0.31103088000137363,0.01100988000030048,1.1107939200080699,0.0,61080.75
0.1349084000103176,60799.96,3.24,0.31108534400165083,0.011021794000361119,1.1111138960096985,0.0,61050.58
0.1352511000004597,61494.95,3.25,0.3111401760000736,0.011033788500016094,1.1114360340004321,0.0,61080.75
0.1355951000005007,61010.39,3.24,0.31119521600008015,0.011045828500017528,1.1117593940004706,0.0,61050.58
0.1359378999914043,61050.58,3.25,0.3112500639986247,0.011057826499699153,1.11208162599192,0.0,61050.58
0.1362796000030358,61080.75,3.25,0.31130473600048575,0.011069786000106257,1.1124028240028536,0.0,61050.58
0.1366243000084069,60849.98,3.24,0.3113598880013451,0.011081850500294244,1.1127268420079024,0.0,61020.44
0.1369666999962647,61444.25,3.25,0.31141467199940237,0.011093834499869268,1.1130486979964889,0.0,61050.58
0.1373097999894526,61020.44,3.25,0.31146956799831244,0.011105842999630845,1.1133712119900854,0.0,61050.58
0.13765260000946,61000.36,3.24,0.31152441600151365,0.011117841000331103,1.1136934440088924,0.0,61050.58
0.1379875999991782,61060.64,3.25,0.31157801599986856,0.01112956599997124,1.1140083439992274,0.0,61060.64
0.13833039999008181,60849.98,3.24,0.3116328639984131,0.011141563999652868,1.114330575990677,0.0,61020.44
0.1386713999963832,61525.4,3.25,0.31168742399942134,0.011153498999873415,1.1146511159966002,0.0,61060.64
0.139014699991094,61060.64,3.25,0.3117423519985751,0.011165514499688294,1.1149738179916284,0.0,61050.58
0.1393531000067015,60960.21,3.24,0.3117964960010723,0.011177358500234557,1.1152919140062993,0.0,61050.58
0.1396966000029352,61131.07,3.25,0.31185145600046965,0.011189381000102736,1.1156148040027591,0.0,61050.58
0.1400390999915544,60819.96,3.24,0.31190606049869096,0.011199804500042227,1.115936753992061,0.0,61050.58
0.1403802999993787,61545.71,3.25,0.31195894649990374,0.011198098500003107,1.116257481999416,0.0,61050.58
0.1407231999910437,61050.58,3.25,0.3120120959986118,0.01119638400004478,1.1165798079915812,0.0,61050.58
0.1410680999979377,60920.09,3.24,0.31206555549968035,0.01119465950001031,1.1169040139980615,0.0,61050.58
0.1414117999956944,61050.58,3.25,0.31211882899933263,0.011192941000021528,1.1172270919959528,0.0,61050.58
0.1417516999936197,60870.0,3.24,0.31217151349901107,0.0111912415000319,1.1175465979940025,0.0,61050.58
0.1420935000060127,61494.95,3.25,0.312224492500932,0.011189532499969936,1.117867890005652,0.0,61050.58
0.1424363999976777,61060.64,3.25,0.3122776419996401,0.011187818000011611,1.118190215997817,0.0,61050.58
0.1427788000146393,61050.58,3.25,0.31233071400226914,0.011186105999926803,1.118512072013761,0.0,61060.64
0.1431221000093502,61060.64,3.25,0.3123839255014493,0.011184389499953248,1.1188347740087892,0.0,61060.64
0.14346280001336711,60849.98,3.24,0.31243673400207195,0.011182685999933164,1.1191550320125652,0.0,61060.64
0.1438045999966562,61505.09,3.25,0.31248971299948175,0.01118097700001672,1.1194763239968568,0.0,61080.75
0.1441484999959358,61131.07,3.25,0.3125430174993701,0.01117925750002032,1.1197995899961797,0.0,61080.75
0.1444925999967382,61080.75,3.25,0.31259635299949445,0.01117753700001631,1.1201230439969339,0.0,61080.75
0.1448353000159841,61080.75,3.25,0.31264947150247757,0.011175823499920079,1.120445182015025,0.0,61080.75
0.1451759999908973,60769.98,3.24,0.3127022799985891,0.011174120000045513,1.1207654399914435,0.0,61080.75
0.145518200006336,61454.38,3.25,0.3127553210009821,0.01117240899996832,1.121087108005956,0.0,61080.75
0.1458606999949553,61090.82,3.25,0.3128084084992181,0.011170696500025223,1.121409057995258,0.0,61080.75
0.1462040999904275,61020.44,3.25,0.3128616354985163,0.011168979500047862,1.121731853991002,0.0,61050.58
0.14655920001678172,61030.49,3.25,0.3129166760026012,0.011167203999916091,1.122065648015775,0.0,61050.58
0.1469032000168227,60779.97,3.24,0.31296999600260755,0.011165483999915887,1.1223890080158134,0.0,61030.49
0.1472439999924973,61484.82,3.25,0.3130228199988371,0.011163780000037513,1.1227093599929474,0.0,61050.58
0.1475872000155505,60990.31,3.24,0.31307601600241036,0.011162063999922247,1.1230319680146175,0.0,61030.49
0.1479326999979094,61050.58,3.25,0.313129568499676,0.011160336500010453,1.123356737998035,0.0,61020.44
0.1482745000103023,61080.75,3.25,0.31318254750159685,0.011158627499948488,1.1236780300096842,0.0,61030.49
0.14861659999587581,60740.02,3.24,0.3132355729993608,0.011156917000020621,1.1239996039961233,0.0,61000.36
0.14896069999667821,61474.66,3.25,0.31328890849948515,0.011155196500016609,1.1243230579968775,0.0,61030.49
0.1492932999972254,61000.36,3.24,0.31334046149956996,0.011153533500013873,1.1246357019973918,0.0,61000.36
0.1496347000065726,60940.14,3.24,0.3133933785010188,0.011151826499967137,1.1249566180061783,0.0,61030.49
0.1499831000110135,61030.49,3.25,0.3134473805017071,0.011150084499944932,1.1252841140103527,0.0,61000.36
0.1503274000133388,60720.05,3.24,0.31350074700206754,0.011148362999933306,1.1256077560125386,0.0,60990.31
0.1506693999981508,61525.4,3.25,0.3135537569997134,0.011146653000009245,1.1259292359982618,0.0,61000.36
0.1510131999966689,60980.28,3.24,0.3136070459994837,0.011144934000016656,1.1262524079968688,0.0,61000.36
0.1513550000090618,61040.54,3.25,0.3136600250014046,0.01114322499995469,1.126573700008518,0.0,61030.49
0.1516963999893051,60990.31,3.24,0.3137129419983423,0.011141518000053474,1.126894615989947,0.0,61040.54
0.152040200016927,60760.0,3.24,0.3137662310026237,0.011139798999915365,1.1272177880159115,0.0,61040.54
0.1523846999916714,61555.88,3.26,0.3138196284987091,0.011138076500041642,1.1275416179921711,0.0,61080.75
0.1527248999918811,61121.0,3.25,0.3138723594987416,0.011136375500040594,1.1278614059923684,0.0,61040.54
0.1530660999997054,61161.29,3.25,0.3139252454999544,0.011134669500001472,1.1281821339997231,0.0,61080.75
0.1534080000128597,61080.75,3.25,0.31397824000199326,0.011132959999935702,1.128503520012088,0.0,61100.87
0.1537506000022404,60769.98,3.24,0.3140313430003473,0.011131246999988798,1.128825564002106,0.0,61100.87
0.1540929999900982,61454.38,3.25,0.31408441499846523,0.011129535000049508,1.1291474199906923,0.0,61100.87
0.1544371999916621,61040.54,3.25,0.31413776599870763,0.011127814000041689,1.1294709679921624,0.0,61100.87
0.1547795000078623,61100.87,3.25,0.31419082250121866,0.011126102499960688,1.1297927300073907,0.0,61080.75
0.155120600014925,61100.87,3.25,0.3142436930023134,0.011124396999925375,1.1301133640140295,0.0,61080.75
0.15546380000887441,60799.96,3.24,0.31429688900137553,0.011122680999955628,1.1304359720083421,0.0,61040.54
0.1558058999944479,61494.95,3.25,0.31434991449913946,0.01112097050002776,1.1307575459947812,0.0,61100.87
0.1561455999908504,61010.39,3.24,0.31440256799858185,0.011119272000045748,1.1310768639913995,0.0,61040.54
0.1564888000139036,61000.36,3.24,0.3144557640021551,0.011117555999930482,1.1313994720130696,0.0,61040.54
0.156832000007853,61100.87,3.25,0.31450896000121725,0.011115839999960735,1.131722080007382,0.0,61040.54
0.1571741999941878,60779.97,3.24,0.31456200099909915,0.01111412900002906,1.1320437479945367,0.0,61030.49
0.1575172000157182,61555.88,3.26,0.31461516600243633,0.01111241399992141,1.1323661680147752,0.0,61040.54
0.1578576000174508,61040.54,3.25,0.3146679280027049,0.011110711999912745,1.1326861440164038,0.0,61030.49
0.1581983999931254,61030.49,3.25,0.31472075199893446,0.011109008000034374,1.133006495993538,0.0,61040.54
0.158540800010087,61080.75,3.25,0.3147738240015635,0.011107295999949566,1.133328352009482,0.0,61040.54
0.1588851000124123,60779.97,3.24,0.3148271905019239,0.011105574499937938,1.1336519940116676,0.0,61030.49
0.1592289000109304,61474.66,3.25,0.31488047950169423,0.011103855499945348,1.1339751660102746,0.0,61040.54
0.1595713999995497,61000.36,3.24,0.3149335669999302,0.011102143000002252,1.1342971159995767,0.0,61030.49
0.159915700001875,61151.21,3.25,0.3149869335002906,0.011100421499990624,1.1346207580017627,0.0,61030.49
0.1602607000095305,61020.44,3.25,0.3150417120015249,0.011098696499952347,1.1349450580089588,0.0,61080.75
0.16059509999468,60740.02,3.24,0.3150952159991488,0.0110970245000266,1.1352593939949993,0.0,61020.44
0.1609547999978532,61484.82,3.25,0.3151527679996565,0.011095226000010734,1.1355975119979822,0.0,61090.82
0.1613000000070315,60990.31,3.24,0.31520800000112503,0.011093499999964843,1.1359220000066097,0.0,61020.44
0.1616433000017424,61151.21,3.25,0.3152629280002788,0.011091783499991289,1.136244702001638,0.0,61090.82
0.161985899991123,61090.82,3.25,0.3153177439985797,0.011090070500044385,1.1365667459916557,0.0,61040.54
0.162328600010369,60760.0,3.24,0.3153725760016591,0.011088356999948154,1.1368888840097469,0.0,61040.54
0.1626713000005112,61515.25,3.25,0.3154274080000818,0.011086643499997445,1.1372110220004805,0.0,61090.82
0.1630159000051208,60970.25,3.24,0.3154825440008193,0.011084920499974395,1.1375349460048136,0.0,61040.54
0.1633600000059233,61090.82,3.25,0.3155376000009477,0.011083199999970383,1.137858400005568,0.0,61090.82
0.1637033000006341,61040.54,3.25,0.31559252800010146,0.01108148349999683,1.138181102000596,0.0,61040.54
0.1640452000137885,60799.96,3.24,0.3156472320022062,0.011079773999931057,1.1385024880129613,0.0,61020.44
0.1643895000161138,61505.09,3.25,0.3157023200025782,0.01107805249991943,1.138826130015147,0.0,61040.54
0.1647337999893353,60990.31,3.24,0.31575740799829366,0.011076331000053324,1.1391497719899752,0.0,61040.54
0.1650765000085813,61100.87,3.25,0.31581224000137303,0.011074617499957093,1.1394719100080666,0.0,61070.69
0.165420900011668,61020.44,3.25,0.3158673440018669,0.01107289549994166,1.139795646010968,0.0,61050.58
0.1657631999987644,60720.05,3.24,0.3159221119998023,0.011071184000006179,1.1401174079988385,0.0,61050.58
0.1661029999959283,61363.22,3.25,0.3159764799993485,0.011069485000020357,1.1404368199961727,0.0,61070.69
0.1664453000121285,61070.69,3.25,0.31603124800194055,0.011067773499939357,1.1407585820114008,0.0,61050.58
0.1667885000060779,61080.75,3.25,0.31608616000097245,0.01106605749996961,1.1410811900057134,0.0,61070.69
0.1671294000116177,61050.58,3.25,0.31614070400185884,0.011064352999941912,1.1414016360109207,0.0,61050.58
0.1674734000116587,60819.96,3.24,0.3161957440018654,0.011062632999941707,1.1417249960109592,0.0,61050.58
0.1678164000040852,61393.6,3.25,0.3162506240006536,0.011060917999979573,1.14204741600384,0.0,61070.69
0.1681580000149552,60970.25,3.24,0.31630528000239283,0.011059209999925223,1.1423685200140579,0.0,61050.58
0.168500400002813,61161.29,3.25,0.3163600640004501,0.011057497999985936,1.1426903760026443,0.0,61050.58
0.1688425999891479,61050.58,3.25,0.31641481599826365,0.01105578700005426,1.143012043989799,0.0,61050.58
0.16918699999223472,60760.0,3.24,0.31646991999875757,0.011054065000038827,1.1433357799927006,0.0,61000.36
0.16952820000005892,61525.4,3.25,0.3165245120000094,0.011052358999999705,1.1436565080000554,0.0,61050.58
0.16987209999933842,60980.28,3.24,0.31657953599989413,0.011050639500003307,1.1439797739993782,0.0,61000.36
0.1702160999993794,61110.94,3.25,0.3166345759999007,0.011048919500003102,1.1443031339994167,0.0,61030.49
0.1705580000125338,61000.36,3.24,0.3166892800020054,0.011047209999937331,1.144624520011782,0.0,61030.49
0.1708994999935385,60849.98,3.24,0.3167439199989662,0.011045502500032308,1.1449455299939262,0.0,61000.36
0.1712431999912952,61535.56,3.25,0.3167989119986072,0.011043784000043523,1.1452686079918175,0.0,61030.49
0.1715841999975965,60900.06,3.24,0.31685347199961544,0.011042079000012016,1.1455891479977407,0.0,61000.36
0.1719197999918834,61030.49,3.25,0.31690716799870133,0.011040401000040582,1.1459046119923704,0.0,61030.49
0.1722608999989462,61080.75,3.25,0.3169617439998314,0.01103869550000527,1.1462252459990094,0.0,61010.39
0.1726015000022017,60789.97,3.24,0.3170162400003523,0.01103699249998899,1.1465454100020696,0.0,61010.39
0.1729427000100259,61454.38,3.25,0.31707083200160413,0.01103528649994987,1.1468661380094245,0.0,61030.49
0.17328320001252,60940.14,3.24,0.3171253120020032,0.0110335839999374,1.147186208011769,0.0,61010.39
0.1736262000049465,61080.75,3.25,0.31718019200079145,0.011031868999975268,1.1475086280046498,0.0,61030.49
0.1739671000104864,61010.39,3.24,0.31723473600167784,0.011030164499947568,1.1478290740098573,0.0,61080.75
0.1743089999945369,60690.1,3.24,0.3172894399991259,0.011028455000027314,1.1481504599948646,0.0,61010.39
0.1746531999961008,61191.52,3.25,0.31734451199937613,0.011026734000019495,1.1484740079963347,0.0,61080.75
0.1749947000062094,60930.12,3.24,0.3173991520009935,0.011025026499968952,1.1487950180058368,0.0,61010.39
0.1753365999902599,61141.14,3.25,0.31745385599844156,0.0110233170000487,1.1491164039908444,0.0,61080.75
0.1756789000064601,61110.94,3.25,0.31750862400103363,0.0110216054999677,1.1494381660060726,0.0,61030.49
0.1760201000142843,60839.98,3.24,0.3175632160022855,0.011019899499928577,1.1497588940134273,0.0,61030.49
0.1763618999975734,61221.77,3.25,0.31761790399961176,0.011018190500012133,1.150080185997719,0.0,61110.94
0.176703400007682,60890.03,3.24,0.31767254400122913,0.011016482999961589,1.1504011960072211,0.0,61030.49
0.1770422999979929,61181.45,3.25,0.31772676799967886,0.011014788500010034,1.1507197619981133,0.0,61030.49
0.17738470001495452,61030.49,3.25,0.3177815520023927,0.011013076499925226,1.1510416180140572,0.0,61000.36
0.1777270000020508,60799.96,3.24,0.31783632000032813,0.011011364999989745,1.1513633800019278,0.0,60960.21
0.1780704999982845,61322.77,3.25,0.3178912799997255,0.011009647500008577,1.1516862699983874,0.0,61000.36
0.1784104999969714,60960.21,3.24,0.3179456799995154,0.011007947500015143,1.1520058699971532,0.0,60960.21
0.1787542999954895,61000.36,3.24,0.31800068799927833,0.011006228500022551,1.1523290419957601,0.0,61000.36
0.179095800005598,60920.09,3.24,0.3180553280008957,0.01100452099997201,1.152650052005262,0.0,61000.36
0.1794373000157066,60849.98,3.24,0.31810996800251307,0.011002813499921466,1.1529710620147642,0.0,60960.21
0.1797799000050873,61393.6,3.25,0.31816478400081394,0.011001100499974563,1.1532931060047822,0.0,61000.36
0.1801235000020825,60779.97,3.24,0.3182197600003332,0.011002470000041651,1.1536173250019783,0.0,60960.21
0.1804640000045766,61302.56,3.25,0.31827424000073223,0.011009280000091532,1.1539408000043478,0.0,61000.36
0.1808063999924344,61000.36,3.24,0.3183290239987895,0.011016127999848689,1.1542660799928126,0.0,61000.36
0.1811496000154876,60680.14,3.24,0.318383936002478,0.011022992000309753,1.1545921200147133,0.0,61000.36
0.1814905999926851,61413.85,3.25,0.3184384959988296,0.011029811999853702,1.154916069993051,0.0,61000.36
0.1818320000020322,60710.06,3.24,0.31849312000032515,0.011036640000040645,1.1552404000019307,0.0,61000.36
0.1821732000098564,61060.64,3.25,0.318547712001577,0.011043464000197128,1.1555645400093637,0.0,61000.36
0.1825126000039746,61030.49,3.25,0.3186020160006359,0.011050252000079492,1.155886970003776,0.0,61000.36
0.1828583000169602,60750.0,3.24,0.3186573280027136,0.011057166000339205,1.1562153850161123,0.0,60970.25
0.18319159999373372,61000.36,3.24,0.3187106559989974,0.011063831999874676,1.156532019994047,0.0,61000.36
0.1835342000122183,60930.12,3.24,0.31876547200195493,0.011070684000244366,1.1568574900116073,0.0,60970.25
0.1838743000116665,61080.75,3.25,0.3188198880018666,0.01107748600023333,1.1571805850110832,0.0,61000.36
0.18421659999876291,60970.25,3.24,0.3188746559998021,0.011084331999975258,1.157505769998825,0.0,60990.31
0.18456069999956531,60860.0,3.24,0.3189297119999305,0.011091213999991308,1.1578326649995871,0.0,60970.25
0.1849031000165269,61131.07,3.25,0.3189844960026443,0.011098062000330538,1.1581579450157007,0.0,60990.31
0.1852425000106451,60930.12,3.24,0.3190388000017032,0.011104850000212902,1.158480375010113,0.0,60970.25
0.18558419999317272,61161.29,3.25,0.31909347199890764,0.011111683999863455,1.1588049899935142,0.0,60990.31
0.1859229000110645,60990.31,3.24,0.3191476640017703,0.011118458000221291,1.1591267550105113,0.0,60970.25
0.1862652999989223,60730.03,3.24,0.31920244799982755,0.011125305999978448,1.1594520349989763,0.0,60930.12
0.1866069000097923,61131.07,3.25,0.31925710400156676,0.011132138000195847,1.1597765550093027,0.0,60990.31
0.1869481000176166,60890.03,3.24,0.31931169600281867,0.011138962000352333,1.1601006950167359,0.0,60930.12
0.1872885999910068,61161.29,3.25,0.3193661759985611,0.011145771999820137,1.1604241699914566,0.0,60990.31
0.1876304000033997,60839.98,3.24,0.319420864000544,0.011152608000067996,1.1607488800032297,0.0,60990.31
0.1879686999891419,60700.09,3.24,0.31947499199826274,0.011159373999782838,1.161070264989685,0.0,60890.03
0.1883111000061036,61191.52,3.25,0.3195297760009766,0.011166222000122072,1.1613955450057984,0.0,61020.44
0.1886543000000529,60580.52,3.24,0.3195846880000085,0.011173086000001059,1.1617215850000504,0.0,60890.03
0.1889974999940023,61241.96,3.25,0.3196395999990404,0.011179949999880047,1.1620476249943024,0.0,61020.44
0.18933880000258801,61020.44,3.25,0.3196942080004141,0.011186776000051761,1.1623718600024586,0.0,60990.31
0.18968250000034462,60720.05,3.24,0.31974920000005513,0.011193650000006893,1.1626983750003275,0.0,60990.31
0.1900249000173063,61332.88,3.25,0.319803984002769,0.011200498000346127,1.163023655016441,0.0,60990.31
0.1903664999990724,60680.14,3.24,0.3198586399998516,0.011207329999981449,1.1633481749991188,0.0,60970.25
0.1907673999958206,61141.14,3.25,0.31992278399933133,0.011215347999916412,1.1637290299960297,0.0,60990.31
0.1911145999911242,60990.31,3.24,0.3199783359985799,0.011222291999822486,1.1640588699915682,0.0,60970.25
0.19145770001341592,60720.05,3.24,0.32003323200214656,0.01122915400026832,1.1643848150127452,0.0,60930.12
0.191799499996705,60970.25,3.24,0.32008791999947284,0.0112359899999341,1.1647095249968697,0.0,60970.25
0.1921453000104521,60640.26,3.24,0.3201432480016724,0.011242906000209043,1.1650380350099296,0.0,60930.12
0.1924898000143003,61292.45,3.25,0.32019836800228807,0.011249796000286007,1.1653653100135855,0.0,60970.25
0.1928332000097726,60930.12,3.24,0.32025331200156365,0.011256664000195453,1.165691540009284,0.0,60970.25
0.193175299995346,60789.97,3.24,0.3203080479992554,0.011263505999906921,1.166016534995579,0.0,60930.12
0.1935187999915798,61090.82,3.25,0.3203630079986528,0.011270375999831597,1.166342859992001,0.0,60970.25
0.1938613000093028,60809.97,3.24,0.32041780800148845,0.011277226000186057,1.1666682350088378,0.0,60930.12
0.1942050000070595,61282.35,3.25,0.32047280000112954,0.011284100000141191,1.1669947500067066,0.0,61030.49
0.194557500013616,61030.49,3.25,0.32052920000217855,0.01129115000027232,1.1673296250129352,0.0,61030.49
0.1949042000051123,60700.09,3.24,0.32058467200081797,0.011298084000102248,1.1676589900048568,0.0,61030.49
0.1952460999891628,61060.64,3.25,0.3206393759982661,0.011304921999783257,1.1679837949897047,0.0,61030.49
0.1955889000091702,60799.96,3.24,0.32069422400146724,0.011311778000183405,1.1683094550087119,0.0,61030.49
0.1959327000076883,61241.96,3.25,0.3207492320012301,0.011318654000153767,1.168636065007304,0.0,61030.49
0.19627380001475112,61030.49,3.25,0.3208038080023602,0.011325476000295024,1.1689601100140137,0.0,61030.49
0.1966172000102234,60750.0,3.24,0.32085875200163577,0.01133234400020447,1.1692863400097124,0.0,60970.25
0.1969616000133101,61070.69,3.25,0.3209138560021296,0.011339232000266203,1.1696135200126447,0.0,61030.49
0.1973035999981221,60520.85,3.24,0.3209685759996996,0.011346071999962444,1.1699384199982161,0.0,60970.25
0.1976480000012089,61181.45,3.25,0.32102368000019343,0.011352960000024179,1.1702656000011487,0.0,61030.49
0.1979911999951583,60970.25,3.24,0.32107859199922534,0.011359823999903167,1.1705916399954006,0.0,60970.25
0.1983330000075512,60789.97,3.24,0.3211332800012082,0.011366660000151026,1.1709163500071738,0.0,60960.21
0.19867770001292231,61191.52,3.25,0.3211884320020676,0.011373554000258447,1.1712438150122764,0.0,60960.21
0.1990217000129633,60520.85,3.24,0.32124347200207415,0.011380434000259267,1.1715706150123153,0.0,60950.18
0.199364300002344,61191.52,3.25,0.3212982880003751,0.01138728600004688,1.1718960850022269,0.0,60960.21
0.1997058000124526,60960.21,3.24,0.32135292800199244,0.011394116000249054,1.1722205100118301,0.0,60960.21
0.20004930000868631,60680.14,3.24,0.3214081345014333,0.011400246500043433,1.1725497930087734,0.0,60950.18
0.2003965000039898,60950.18,3.24,0.32146542250065835,0.01140198250001995,1.1729004650040298,0.0,60960.21
0.2007383000163828,60650.23,3.24,0.3215218195027032,0.011403691500081914,1.1732456830165467,0.0,60950.18
0.2010807000042405,61241.96,3.25,0.3215783155006997,0.011405403500021203,1.173591507004283,0.0,60960.21
0.2014251000073273,61000.36,3.24,0.32163514150120903,0.011407125500036638,1.1739393510074008,0.0,60960.21
0.2017660000128672,60720.05,3.24,0.3216913900021231,0.011408830000064337,1.174283660012996,0.0,60950.18
0.202109300007578,61040.54,3.25,0.3217480345012504,0.01141054650003789,1.174630393007654,0.0,60960.21
0.2024528000038118,60620.33,3.24,0.321804712000629,0.01141226400001906,1.17497732800385,0.0,60960.21
0.2027931000047829,61393.6,3.25,0.3218608615007892,0.011413965500023915,1.1753210310048308,0.0,60970.25
0.2031371000048239,60970.25,3.24,0.32191762150079595,0.01141568550002412,1.1756684710048724,0.0,60970.25
0.2034790999896359,60700.09,3.24,0.32197405149828995,0.01141739549994818,1.1760138909895324,0.0,60960.21
0.2038194999913685,60960.21,3.24,0.3220302174985758,0.011419097499956843,1.1763576949912824,0.0,60970.25
0.2041606999991928,60580.52,3.24,0.32208651549986683,0.011420803499995965,1.1767023069991849,0.0,60960.21
0.2049619999888819,61302.56,3.25,0.32221872999816553,0.01142480999994441,1.177511619988771,0.0,60970.25
0.2053289999894333,61060.64,3.25,0.32227928499825653,0.011426644999947166,1.1778822899893278,0.0,60970.25
0.2056818999990356,60700.09,3.24,0.3223375134998409,0.011428409499995178,1.178238718999026,0.0,60960.21
0.2060312000103295,61000.36,3.24,0.3223951480017044,0.011430156000051648,1.1785915120104329,0.0,61000.36
0.2063704000029248,60570.56,3.24,0.3224511160004826,0.011431852000014625,1.1789341040029542,0.0,61000.36
0.2067160000151489,61262.15,3.25,0.3225081400024996,0.011433580000075745,1.1792831600153004,0.0,61010.39
0.2070616999990307,61010.39,3.24,0.32256518049984007,0.011435308499995155,1.179632316999021,0.0,61000.36
0.20741170001565482,60690.1,3.24,0.32262293050258306,0.011437058500078274,1.1799858170158115,0.0,60920.09
0.2077549000096042,61060.64,3.25,0.3226795585015847,0.01143877450004802,1.1803324490097005,0.0,60930.12
0.2081017000018619,60491.04,3.24,0.32273678050030724,0.01144050850000931,1.1806827170018805,0.0,60920.09
0.2084501000063029,61322.77,3.25,0.32279426650104,0.011442250500031515,1.1810346010063661,0.0,60930.12
0.2087930999987293,60920.09,3.24,0.32285086149979036,0.011443965499993648,1.1813810309987167,0.0,60920.09
0.2091415000031703,60750.0,3.24,0.3229083475005231,0.011445707500015851,1.181732915003202,0.0,60920.09
0.2094874999893364,60930.12,3.24,0.3229654374982405,0.011447437499946683,1.18208237498923,0.0,60920.09
0.209832299995469,60481.1,3.23,0.3230223294992524,0.011449161499977345,1.1824306229954238,0.0,60920.09
0.2101744000101462,61302.56,3.25,0.3230787760016741,0.011450872000050731,1.1827761440102478,0.0,60920.09
0.2105209000001196,60920.09,3.24,0.32313594850001975,0.011452604500000598,1.1831261090001208,0.0,60920.09
0.2108663000108209,60680.14,3.24,0.32319293950178546,0.011454331500054106,1.1834749630109291,0.0,60920.09
0.21125630001188261,60980.28,3.24,0.32325728950196064,0.011456281500059413,1.1838688630120016,0.0,60930.12
0.2116296000021976,60471.18,3.23,0.3233188840003626,0.011458148000010989,1.1842458960022197,0.0,60920.09
0.2119793000165374,61231.87,3.25,0.32337658450272866,0.011459896500082688,1.184599093016703,0.0,60970.25
0.2123267000133638,60970.25,3.24,0.323433905502205,0.011461633500066818,1.1849499670134975,0.0,60970.25
0.2126711000164506,60779.97,3.24,0.32349073150271435,0.011463355500082253,1.1852978110166152,0.0,60970.25
0.21301490001496862,60990.31,3.24,0.32354745850246985,0.011465074500074843,1.1856450490151185,0.0,60970.25
0.2133583000104409,60789.97,3.24,0.32360411950172274,0.011466791500052205,1.1859918830105454,0.0,60940.14
0.2137023000104819,61363.22,3.25,0.3236608795017295,0.01146851150005241,1.1863393230105868,0.0,60970.25
0.2140463000105229,60980.28,3.24,0.32371763950173627,0.011470231500052615,1.1866867630106284,0.0,60970.25
0.2143899000075181,60710.06,3.24,0.32377433350124046,0.01147194950003759,1.1870337990075934,0.0,60940.14
0.2147341000090819,60940.14,3.24,0.32383112650149853,0.01147367050004541,1.1873814410091728,0.0,60940.14
0.2150815000059084,60620.33,3.24,0.3238884475009749,0.011475407500029542,1.1877323150059675,0.0,60930.12
0.215428499999689,61302.56,3.25,0.3239457024999487,0.011477142499998445,1.188082784999686,0.0,60940.14
0.2157748000172433,61010.39,3.24,0.3240028420028451,0.011478874000086216,1.1884325480174158,0.0,60930.12
0.2161196999950335,60710.06,3.24,0.3240597504991805,0.011480598499975167,1.188780896994984,0.0,60930.12
0.2164686000032817,60930.12,3.24,0.32411731900054147,0.011482343000016408,1.1891332860033146,0.0,60930.12
0.2168135000101757,60580.52,3.24,0.324174227501679,0.011484067500050878,1.1894816350102775,0.0,60930.12
0.2171571000071709,61241.96,3.25,0.3242309215011832,0.011485785500035855,1.1898286710072428,0.0,60930.12
0.217501800012542,60930.12,3.24,0.32428779700206944,0.01148750900006271,1.1901768180126675,0.0,60930.12
0.2178383000136819,60680.14,3.24,0.32434331950225753,0.01148919150006841,1.1905166830138187,0.0,60910.07
0.2181801999977325,61000.36,3.24,0.3243997329996259,0.011490900999988663,1.1908620019977099,0.0,60930.12
0.2185297000105493,60550.67,3.24,0.32445740050174066,0.011492648500052747,1.191214997010655,0.0,60910.07
0.2188732000067831,61403.72,3.25,0.3245140780011192,0.011494366000033916,1.1915619320068511,0.0,60930.12
0.2192155999946408,60910.07,3.24,0.3245705739991157,0.011496077999973204,1.1919077559945874,0.0,60920.09
0.219557900010841,60640.26,3.24,0.3246270535017888,0.011497789500054204,1.1922534790109496,0.0,60910.07
0.2199009000032675,60970.25,3.24,0.32468364850053916,0.011499504500016338,1.1925999090033004,0.0,60920.09
0.2202465000154917,60580.52,3.24,0.3247443700027885,0.011502465000154918,1.192960057516344,0.0,60910.07
0.22058860000106512,61343.0,3.25,0.3248059480001917,0.011505886000010651,1.1933209730011238,0.0,60920.09
0.2209605000098236,60920.09,3.24,0.3248728900017682,0.011509605000098237,1.193713327510364,0.0,60920.09
0.2213082000089344,60829.98,3.24,0.32493547600160816,0.011513082000089344,1.1940801510094259,0.0,60920.09
0.2216504999960307,60940.14,3.24,0.3249970899992855,0.011516504999960308,1.1944412774958124,0.0,60940.14
0.2219963000097778,60829.98,3.24,0.32505933400176,0.011519963000097779,1.1948060965103158,0.0,60920.09
0.2223386999976356,61332.88,3.25,0.3251209659995744,0.011523386999976357,1.1951673284975057,0.0,60940.14
0.2226801000069827,61020.44,3.25,0.32518241800125686,0.011526801000069828,1.1955275055073669,0.0,60940.14
0.2230250000138768,60760.0,3.24,0.3252445000024978,0.011530250000138768,1.19589137501464,0.0,60940.14
0.2234069000114687,61020.44,3.25,0.32531324200206435,0.011534069000114687,1.1962942795120997,0.0,60940.14
0.2237546000105795,60710.06,3.24,0.3253758280019043,0.011537546000105795,1.1966611030111616,0.0,60940.14
0.2240968999976758,61312.66,3.25,0.32543744199958163,0.011540968999976758,1.197022229497548,0.0,60990.31
0.2244426000106615,60940.14,3.24,0.32549966800191904,0.011544426000106614,1.197386943011248,0.0,60960.21
0.22478640000917952,60700.09,3.24,0.3255615520016523,0.011547864000091796,1.1977496520096844,0.0,60940.14
0.2251267000101507,60990.31,3.24,0.32562280600182714,0.011551267000101508,1.1981086685107092,0.0,60960.21
0.2254702000063844,60710.06,3.24,0.32568463600114916,0.011554702000063845,1.1984710610067357,0.0,60940.14
0.2258156999887433,61332.88,3.25,0.3257468259979738,0.011558156999887433,1.1988355634881243,0.0,60960.21
0.2261598999903072,60960.21,3.24,0.3258087819982553,0.011561598999903073,1.1991986944897741,0.0,60940.14
0.2265033000148833,60769.98,3.24,0.325870594002679,0.011565033000148833,1.199560981515702,0.0,60930.12
0.2268477999896277,60970.25,3.24,0.32593260399813295,0.011568477999896278,1.1999244289890574,0.0,60960.21
0.2271892999997363,60670.17,3.24,0.3259940739999525,0.011571892999997363,1.200284711499722,0.0,60930.12
0.2275329999974929,61343.0,3.25,0.32605593999954874,0.01157532999997493,1.200647314997355,0.0,60960.21
0.22787679999601101,60910.07,3.24,0.32611782399928196,0.01157876799996011,1.2010100239957917,0.0,60960.21
0.2282568000082393,60930.12,3.24,0.32618622400148306,0.011582568000082394,1.2014109240086925,0.0,60930.12
0.22859990000142721,60990.31,3.24,0.3262479820002569,0.011585999000014273,1.2017728945015058,0.0,60950.18
0.2289429999946151,60550.67,3.24,0.3263097399990307,0.011589429999946152,1.202134864994319,0.0,60930.12
0.2292813000094612,61403.72,3.25,0.326370634001703,0.011592813000094612,1.2024917715099817,0.0,60950.18
0.2296215000096709,60990.31,3.24,0.32643187000174073,0.011596215000096709,1.2028506825102028,0.0,60950.18
0.2299651000066661,60860.0,3.24,0.32649371800119986,0.011599651000066661,1.2032131805070327,0.0,60950.18
0.2303084000013769,60950.18,3.24,0.32655551200024785,0.01160308400001377,1.2035753620014527,0.0,60990.31
0.23065060001681562,60690.1,3.24,0.3266171080030268,0.011606506000168156,1.2039363830177405,0.0,60950.18
0.2309928000031505,61373.35,3.25,0.3266787040005671,0.011609928000031505,1.2042974040033239,0.0,60990.31
0.2313367000024301,61020.44,3.25,0.3267406060004374,0.011613367000024301,1.2046602185025639,0.0,60950.18
0.2316794999933336,60880.02,3.24,0.32680230999880006,0.011616794999933336,1.2050218724929669,0.0,60910.07
0.23202530000708071,61070.69,3.25,0.3268645540012745,0.011620253000070807,1.2053866915074702,0.0,60950.18
0.2323707999894396,60730.03,3.24,0.3269267439980991,0.011623707999894397,1.2057511939888588,0.0,60910.07
0.2327155999955722,61393.6,3.25,0.326988807999203,0.011627155999955723,1.2061149579953288,0.0,60960.21
0.2330589999910444,60910.07,3.24,0.32705061999838797,0.011630589999910445,1.2064772449905519,0.0,60940.14
0.2334018000110519,60849.98,3.24,0.3271123240019893,0.011634018000110519,1.2068388990116599,0.0,60910.07
0.2337462000141386,60960.21,3.24,0.32717431600254493,0.011637462000141386,1.2072022410149164,0.0,60940.14
0.2340865000151098,60760.0,3.24,0.32723557000271974,0.011640865000151098,1.207561257515941,0.0,60910.07
0.2344311999913771,61363.22,3.25,0.32729761599844787,0.01164431199991377,1.207924915990903,0.0,60940.14
0.2347765000013169,60940.14,3.24,0.327359770000237,0.01164776500001317,1.2082892075013894,0.0,60930.12
0.2351204000005965,60740.02,3.24,0.32742167200010736,0.011651204000005966,1.2086520220006294,0.0,60940.14
0.2354611000046134,61040.54,3.25,0.3274829980008304,0.011654611000046134,1.2090114605048672,0.0,60960.21
0.235842900001444,60700.09,3.24,0.3275517220002599,0.011658429000014441,1.2094142595015234,0.0,60940.14
0.2361891999898944,61363.22,3.25,0.327614055998181,0.011661891999898944,1.2097796059893386,0.0,60960.21
0.2365330000175164,60930.12,3.24,0.3276759400031529,0.011665330000175163,1.2101423150184798,0.0,60940.14
0.23688979999860751,61000.36,3.24,0.3277401639997493,0.011668897999986076,1.210518738998531,0.0,60950.18
0.23723389999941,60960.21,3.24,0.3278021019998938,0.0116723389999941,1.2108817644993775,0.0,60950.18
0.23757540000951852,60650.23,3.24,0.32786357200171334,0.011675754000095186,1.211242047010042,0.0,60950.18
0.2379188000049908,61312.66,3.25,0.3279253840008983,0.011679188000049908,1.2116043340052653,0.0,60950.18
0.2382636000111234,60890.03,3.24,0.3279874480020022,0.011682636000111234,1.211968098011735,0.0,60950.18
0.2386078000126873,60950.18,3.24,0.3280494040022837,0.011686078000126873,1.2123312290133852,0.0,60960.21
0.2389494999952149,60950.18,3.24,0.32811090999913867,0.011689494999952149,1.2126917224949518,0.0,60960.21
0.2392926999891643,60680.14,3.24,0.32817268599804955,0.011692926999891643,1.2130537984885683,0.0,60950.18
0.239634900004603,61383.46,3.25,0.32823428200082855,0.011696349000046031,1.2134148195048562,0.0,60980.28
0.2399754000070971,60980.28,3.24,0.32829557200127746,0.01169975400007097,1.2137740470074874,0.0,60950.18
0.2403207000170369,61030.49,3.25,0.32835612250298146,0.011696792999829632,1.2141399420180592,0.0,60950.18
0.2406546999991406,61060.64,3.25,0.32841457249984957,0.011693453000008595,1.214493981999089,0.0,60950.18
0.2409951000008733,60680.14,3.24,0.32847414250015283,0.011690048999991267,1.2148548060009257,0.0,60930.12
0.24133690001326621,61363.22,3.25,0.32853395750232156,0.011686630999867338,1.2152171140140622,0.0,60980.28
0.241678199992748,60900.06,3.24,0.3285936849987309,0.01168321800007252,1.215578891992313,0.0,60980.28
0.2420191999990493,60900.06,3.24,0.3286533599998336,0.011679808000009508,1.2159403519989922,0.0,60930.12
0.2423629999975674,60930.12,3.24,0.3287135249995743,0.011676370000024326,1.2163047799974214,0.0,60900.06
0.2427061999915168,60700.09,3.24,0.32877358499851544,0.011672938000084832,1.2166685719910078,0.0,60900.06
0.2430479000031483,61373.35,3.25,0.32883338250055094,0.011669520999968517,1.2170307740033373,0.0,60900.06
0.2433906999940519,61000.36,3.24,0.32889337249895906,0.01166609300005948,1.2173941419936951,0.0,60900.06
0.2437328000087291,60779.97,3.24,0.3289532400015276,0.01166267199991271,1.217756768009253,0.0,60930.12
0.244081400014693,60890.03,3.24,0.32901424500257126,0.01165918599985307,1.2181262840155747,0.0,60940.14
0.2444217000156641,60690.1,3.24,0.3290737975027412,0.011655782999843359,1.2184870020166039,0.0,60940.14
0.2447857999941335,61444.25,3.25,0.32913751499897337,0.011652142000058666,1.2188729479937814,0.0,60950.18
0.2451314000063576,60950.18,3.24,0.3291979950011126,0.011648685999936424,1.219239284006739,0.0,60940.14
0.2454738999949769,60940.14,3.24,0.32925793249912094,0.011645261000050231,1.2196023339946755,0.0,60940.14
0.24581640001269991,61030.49,3.25,0.32931787000222246,0.011641835999873002,1.2199653840134619,0.0,60940.14
0.2461589000013192,60680.14,3.24,0.3293778075002308,0.011638410999986809,1.2203284340013985,0.0,60940.14
0.2465015999914613,61353.11,3.25,0.3294377799985057,0.011634984000085388,1.220691695990949,0.0,60950.18
0.2468435000046157,60920.09,3.24,0.3294976125008077,0.011631564999953842,1.2210541100048926,0.0,60940.14
0.24718490001396282,61000.36,3.24,0.32955735750244347,0.011628150999860372,1.2214159940148006,0.0,60940.14
0.2475269999995362,60940.14,3.24,0.3296172249999188,0.011624730000004638,1.2217786199995084,0.0,60980.28
0.24790600000415,60720.05,3.24,0.32968355000072624,0.0116209399999585,1.222180360004399,0.0,60940.14
0.2482514000148513,61302.56,3.25,0.32974399500259893,0.011617485999851487,1.2225464840157425,0.0,60980.28
0.2485968999972102,60890.03,3.24,0.32980445749951176,0.011614031000027898,1.2229127139970428,0.0,60940.14
0.2489397999888752,60980.28,3.24,0.32986446499805316,0.011610602000111249,1.2232761879882077,0.0,60940.14
0.24928429999272342,61020.44,3.25,0.3299247524987266,0.011607157000072766,1.223641357992287,0.0,60930.12
0.2496287999965717,60760.0,3.24,0.32998503999940004,0.011603712000034284,1.2240065279963661,0.0,60910.07
0.24997219999204398,61363.22,3.25,0.33004513499860766,0.01160027800007956,1.2243705319915668,0.0,60930.12
0.2503160999913235,60910.07,3.24,0.3301053174984816,0.011596839000086765,1.224735065990803,0.0,60910.07
0.250675199989928,60910.07,3.24,0.3301681599982374,0.01159324800010072,1.2251157119893237,0.0,60930.12
0.25102090000291355,60930.12,3.24,0.33022865750050984,0.011589790999970864,1.2254821540030885,0.0,60910.07
0.2513634999922943,60690.1,3.24,0.3302886124986515,0.011586365000077058,1.225845309991832,0.0,60910.07
0.25170799999614246,61423.98,3.25,0.33034889999932493,0.011582920000038575,1.226210479995911,0.0,60910.07
0.2520425000111573,60880.02,3.24,0.3304074375019525,0.011579574999888428,1.2265650500118268,0.0,60910.07
0.2523848999990151,61050.58,3.25,0.33046735749982764,0.01157615100000985,1.2269279939989561,0.0,60910.07
0.25272650000988506,60900.06,3.24,0.33052713750172985,0.01157273499990115,1.2272900900104782,0.0,60930.12
0.2530714000167791,60700.09,3.24,0.3305874950029363,0.011569285999832209,1.227655684017786,0.0,60900.06
0.25341430000844417,61383.46,3.25,0.33064750250147773,0.011565856999915558,1.2280191580089508,0.0,61020.44
0.2537584000092466,60890.03,3.24,0.33070772000161813,0.011562415999907535,1.2283839040098015,0.0,60900.06
0.2541019000054803,61060.64,3.25,0.33076783250095904,0.011558980999945198,1.2287480140058091,0.0,60970.25
0.25444379998953087,61020.44,3.25,0.3308276649981679,0.01155556200010469,1.2291104279889027,0.0,60930.12
0.254787200014107,60730.03,3.24,0.3308877600024687,0.01155212799985893,1.2294744320149535,0.0,60930.12
0.2551317999896128,61353.11,3.25,0.3309480649981822,0.011548682000103873,1.2298397079889896,0.0,60970.25
0.2554756000172347,60809.97,3.24,0.33100823000301605,0.011545243999827653,1.2302041360182687,0.0,60930.12
0.2558177000028082,60970.25,3.24,0.33106809750049143,0.011541822999971918,1.2305667620029768,0.0,60930.12
0.25616079999599606,60930.12,3.24,0.3311281399992993,0.011538392000040039,1.230930447995756,0.0,60890.03
0.256503700016765,60680.14,3.24,0.33118814750293385,0.01153496299983235,1.231293922017771,0.0,60890.03
0.25684580000233836,61312.66,3.25,0.3312480150004092,0.011531541999976616,1.2316565480024788,0.0,60890.03
0.25719239999307325,60890.03,3.24,0.3313086699987878,0.011528076000069267,1.2320239439926577,0.0,60890.03
0.25753780000377446,60890.03,3.24,0.3313691150006605,0.011524621999962256,1.232390068004001,0.0,60890.03
0.25788069999543956,60890.03,3.24,0.3314291224992019,0.011521193000045605,1.232753541995166,0.0,60890.03
0.2582262000069023,60640.26,3.24,0.3314895850012079,0.011517737999930977,1.2331197720073166,0.0,60890.03
0.25857289999839855,61221.77,3.25,0.3315502574997197,0.011514271000016015,1.2334872739983025,0.0,60890.03
0.2589162999938708,60890.03,3.24,0.33161035249892734,0.011510837000061292,1.2338512779935031,0.0,60890.03
0.25925969998934306,60980.28,3.24,0.331670447498135,0.011507403000106569,1.2342152819887038,0.0,60890.03
0.2596034000162036,60910.07,3.24,0.3317305950028356,0.011503965999837964,1.234579604017176,0.0,60910.07
0.2599447999964469,60640.26,3.24,0.3317903399993782,0.011500552000035531,1.2349414879962337,0.0,60910.07
0.2603232999972534,61282.35,3.25,0.3318565774995193,0.011508082499931335,1.2353362319971437,0.0,60950.18
0.26066910001100047,60829.98,3.24,0.3319170925019251,0.011516727500275012,1.2356958640114406,0.0,60910.07
0.2610150999971666,61030.49,3.25,0.3319776424995041,0.011525377499929164,1.2360557039970534,0.0,60950.18
0.2613767000148073,60950.18,3.24,0.33204092250259126,0.011534417500370181,1.2364317680153996,0.0,60950.18
0.26172470001620246,60600.43,3.24,0.33210182250283543,0.011543117500405061,1.2367936880168506,0.0,60950.18
0.2620681000116747,61403.72,3.25,0.33216191750204305,0.011551702500291867,1.2371508240121418,0.0,61010.39
0.2624118000094314,60819.96,3.24,0.33222206500165047,0.011560295000235784,1.2375082720098087,0.0,60950.18
0.26275349999195896,61030.49,3.25,0.3322818624985928,0.011568837499798973,1.2378636399916374,0.0,60990.31
0.2630954000051134,61010.39,3.24,0.33234169500089483,0.011577385000127834,1.238219216005318,0.0,60970.25
0.2634303999948316,60700.09,3.24,0.33240031999909553,0.01158575999987079,1.2385676159946248,0.0,60970.25
0.263770299992757,61343.0,3.25,0.33245980249873247,0.011594257499818924,1.2389211119924672,0.0,60990.31
0.2641244000114967,60789.97,3.24,0.3325217700020119,0.011603110000287416,1.2392893760119565,0.0,60970.25
0.2644726000144147,60990.31,3.24,0.33258270500252257,0.011611815000360367,1.2396515040149914,0.0,60970.25
0.26481900000362657,60970.25,3.24,0.33264332500063465,0.011620475000090663,1.2400117600037717,0.0,60960.21
0.2651674000080675,60730.03,3.24,0.3327042950014118,0.011629185000201686,1.2403740960083902,0.0,60920.09
0.26551600001403136,61403.72,3.25,0.33276530000245547,0.011637900000350783,1.2407366400145927,0.0,60960.21
0.26586439998936845,60819.96,3.24,0.33282626999813947,0.01164660999973421,1.2410989759889433,0.0,60940.14
0.26621259999228647,60960.21,3.24,0.3328872049986501,0.01165531499980716,1.241461103991978,0.0,60960.21
0.2665611999982503,60920.09,3.24,0.33294820999969377,0.011664029999956256,1.2418236479981803,0.0,60960.21
0.26690980000421405,60760.0,3.24,0.33300921500073744,0.011672745000105351,1.2421861920043826,0.0,60940.14
0.2672562999941875,61040.54,3.25,0.3330698524989828,0.011681407499854687,1.2425465519939551,0.0,60960.21
0.26760409999405965,60940.14,3.24,0.3331307174989604,0.011690102499851491,1.242908263993822,0.0,60940.14
0.26795470001525246,61030.49,3.25,0.33319207250266913,0.011698867500381311,1.2432728880158626,0.0,60960.21
0.2683011000044644,60960.21,3.24,0.33325269250078127,0.011707527500111609,1.243633144004643,0.0,60940.14
0.26864920000662096,60670.17,3.24,0.33331361000115867,0.011716230000165523,1.243995168006886,0.0,60940.14
0.2689990999933798,61121.0,3.25,0.3333748424988414,0.011724977499834494,1.244359063993115,0.0,60960.21
0.26934699999401346,60799.96,3.24,0.33343572499895235,0.011733674999850336,1.2447208799937741,0.0,60940.14
0.2696932000108064,61080.75,3.25,0.3334963100018911,0.01174233000027016,1.2450809280112387,0.0,60960.21
0.27004050000687135,60900.06,3.24,0.33355708750120244,0.011751012500171784,1.2454421200071462,0.0,60960.21
0.2703887000097894,60710.06,3.24,0.33361802250171313,0.011759717500244734,1.245804248010181,0.0,60900.06
0.2707332000136376,61201.61,3.25,0.33367831000238657,0.01176833000034094,1.246162528014183,0.0,60960.21
0.2710815999889747,60849.98,3.24,0.33373927999807057,0.011777039999724367,1.2465248639885338,0.0,60900.06
0.27142720000119885,61040.54,3.25,0.3337997600002098,0.01178568000002997,1.246884288001247,0.0,60960.21
0.2717733999888879,60960.21,3.24,0.33386034499805534,0.011794334999722197,1.2472443359884435,0.0,60900.06
0.27212270000018185,60730.03,3.24,0.3339214725000318,0.011803067500004545,1.2476076080001892,0.0,60890.03
0.27250839999760507,61312.66,3.25,0.3339889699995809,0.011812709999940127,1.2480087359975094,0.0,60960.21
0.2728591999912169,60610.38,3.24,0.33405035999846294,0.011821479999780421,1.2483735679908656,0.0,60890.03
0.2732117999985349,61000.36,3.24,0.3341120649997436,0.011830294999963372,1.2487402719984764,0.0,60960.21
0.27356649999273946,60890.03,3.24,0.3341741374987294,0.011839162499818486,1.249109159992449,0.0,60890.03
0.2739179999916815,60670.17,3.24,0.3342356499985442,0.011847949999792037,1.2494747199913487,0.0,60880.02
0.2742670000006911,61312.66,3.25,0.3342967250001209,0.011856675000017277,1.2498376800007187,0.0,60890.03
0.27461880000191746,60740.02,3.24,0.3343582900003355,0.011865470000047937,1.2502035520019943,0.0,60880.02
0.2749592000036501,60970.25,3.24,0.3344178600006387,0.011873980000091253,1.2505575680037961,0.0,60890.03
0.27530800001113676,60880.02,3.24,0.3344789000019489,0.01188270000027842,1.2509203200115822,0.0,60890.03
0.2756544000003487,60640.26,3.24,0.334539520000061,0.011891360000008717,1.2512805760003627,0.0,60880.02
0.27600189999793656,60940.14,3.24,0.3346003324996389,0.011900047499948413,1.251641975997854,0.0,60940.14
0.2763507000054233,60760.0,3.24,0.3346613725009491,0.011908767500135581,1.2520047280056403,0.0,60890.03
0.27669810000224976,60990.31,3.24,0.3347221675003937,0.011917452500056243,1.2523660240023398,0.0,60940.14
0.27704780001658946,61000.36,3.24,0.3347833650029031,0.011926195000414736,1.2527297120172531,0.0,60940.14
0.277395000011893,60680.14,3.24,0.33484412500208127,0.011934875000297324,1.2530908000123686,0.0,60940.14
0.2777438999910374,60990.31,3.24,0.33490518249843154,0.011943597499775934,1.2534536559906788,0.0,60990.31
0.27810960001079366,60890.03,3.24,0.33496918000188886,0.011952740000269841,1.2538339840112254,0.0,60990.31
0.27846150001278147,61131.07,3.25,0.33503076250223673,0.011961537500319537,1.2541999600132927,0.0,60990.31
0.27880930001265375,61000.36,3.24,0.3350916275022144,0.011970232500316343,1.2545616720131598,0.0,60990.31
0.2791565000079573,60670.17,3.24,0.3351523875013925,0.011978912500198932,1.2549227600082755,0.0,60930.12
0.27950309999869205,61090.82,3.25,0.3352130424997711,0.011987577499967301,1.2552832239986398,0.0,60990.31
0.27985250001074746,60779.97,3.24,0.33527418750188076,0.011996312500268686,1.2556466000111774,0.0,60930.12
0.2801973000168801,61070.69,3.25,0.3353335410028696,0.0120029595002532,1.2559982865169645,0.0,61000.36
0.2805764999939129,60930.12,3.24,0.33539800499896516,0.012008647499908693,1.2563793824938825,0.0,60930.12
0.2809276999905706,60650.23,3.24,0.335457708998397,0.012013915499858559,1.2567323384905236,0.0,60890.03
0.28127450001193216,61131.07,3.25,0.3355166650020285,0.012019117500178983,1.2570808725119917,0.0,60930.12
0.2816194999904838,60530.8,3.24,0.3355753149983822,0.012024292499857257,1.2574275974904363,0.0,60890.03
0.28196829999797046,61090.82,3.25,0.33563461099965497,0.012029524499969557,1.2577781414979603,0.0,60930.12
0.2823172000062187,60890.03,3.24,0.3356939240010572,0.01203475800009328,1.2581287860062498,0.0,60890.03
0.28266349999466917,60630.3,3.24,0.3357527949990938,0.012039952499920037,1.2584768174946426,0.0,60849.98
0.2830126000044402,61161.29,3.25,0.3358121420007548,0.012045189000066603,1.2588276630044624,0.0,60890.03
0.2833619000157342,60640.26,3.24,0.3358715230026748,0.012050428500236013,1.259178709515813,0.0,60849.98
0.2837106999941171,61100.87,3.25,0.3359308189989999,0.012055660499911757,1.2595292534940876,0.0,60890.03
0.284059099998558,60849.98,3.24,0.3359900469997549,0.012060886499978371,1.2598793954985508,0.0,60890.03
0.28440900001442065,60640.26,3.24,0.3360495300024515,0.01206613500021631,1.260231045014493,0.0,60849.98
0.2847904000082054,60910.07,3.24,0.33611436800139494,0.012071856000123081,1.2606143520082465,0.0,60910.07
0.28513959998963406,60580.52,3.24,0.3361737319982378,0.012077093999844512,1.2609652979895822,0.0,60849.98
0.28548580000642687,61050.58,3.25,0.33623258600109257,0.012082287000096404,1.261313229006459,0.0,60910.07
0.2858359999954701,60940.14,3.24,0.3362921199992299,0.012087539999932052,1.2616651799954475,0.0,60870.0
0.28618290001759306,60700.09,3.24,0.3363510930029908,0.012092743500263896,1.2620138145176811,0.0,60870.0
0.28652309998869896,60990.31,3.24,0.33640892699807884,0.012097846499830485,1.2623557154886424,0.0,60910.07
0.28687030001310637,60740.02,3.24,0.3364679510022281,0.012103054500196596,1.262704651513172,0.0,60870.0
0.2872199999983423,61121.0,3.25,0.3365273999997182,0.012108299999975135,1.263056099998334,0.0,60920.09
0.28756530000828207,60870.0,3.24,0.33658610100140796,0.012113479500124232,1.2634031265083236,0.0,60880.02
0.2879136000119616,60600.43,3.24,0.33664531200203346,0.012118704000179425,1.2637531680120215,0.0,60870.0
0.2882623999903445,60920.09,3.24,0.33670460799835855,0.012123935999855168,1.2641037119902963,0.0,60880.02
0.288609200011706,60750.0,3.24,0.33676356400199003,0.012129138000175592,1.2644522460117646,0.0,60870.0
0.28895879999618046,61151.21,3.25,0.33682299599935067,0.012134381999942708,1.2648035939961615,0.0,60880.02
0.2893064999952913,60880.02,3.24,0.3368821049991995,0.01213959749992937,1.2651530324952678,0.0,60880.02
0.28965759999118745,60590.47,3.24,0.3369417919985019,0.012144863999867812,1.2655058879911434,0.0,60880.02
0.290009199990891,61010.39,3.24,0.3370015639984515,0.012150137999863366,1.2658592459908455,0.0,60920.09
0.2903643999889028,60421.57,3.23,0.3370619479981135,0.012155465999833543,1.2662162219888473,0.0,60880.02
0.2907155000139028,61100.87,3.25,0.3371216350023635,0.012160732500208543,1.2665690775139724,0.0,60940.14
0.29106789999059407,60940.14,3.24,0.337181542998401,0.012166018499858912,1.2669232394905472,0.0,60880.02
0.29142220001085667,60640.26,3.24,0.33724177400184563,0.012171333000162852,1.267279311010911,0.0,60880.02
0.29178180001326837,61121.0,3.25,0.33730290600225565,0.012176727000199027,1.2676407090133348,0.0,60940.14
0.2921423999941908,60431.48,3.23,0.33736420799901246,0.012182135999912863,1.268003111994162,0.0,60880.02
0.29249089999939315,61030.49,3.25,0.33742345299989684,0.012187363499990899,1.2683533544993904,0.0,60940.14
0.29288860000087885,60880.02,3.24,0.33749106200014944,0.012193329000013185,1.2687530430008833,0.0,60940.14
0.29324050000286667,60530.8,3.24,0.33755088500048736,0.012198607500043002,1.269106702502881,0.0,60880.02
0.2935897000133992,60940.14,3.24,0.3376102490022779,0.01220384550020099,1.2694576485134663,0.0,60880.02
0.29394229999161325,60510.91,3.24,0.33767019099857426,0.012209134499874201,1.2698120114915714,0.0,60880.02
0.2942944999958855,61181.45,3.25,0.3377300649993005,0.012214417499938283,1.2701659724958652,0.0,60880.02
0.2951676000084263,61221.77,3.25,0.3378784920014325,0.012227514000126397,1.2710434380084685,0.0,60880.02
0.29551540000829846,60849.98,3.24,0.33793761800141076,0.012232731000124479,1.27139297700834,0.0,60849.98
0.2958668000064791,60580.52,3.24,0.3379973560011015,0.01223800200009719,1.2717461340065117,0.0,60849.98
0.296219400013797,60920.09,3.24,0.3380572980023455,0.012243291000206958,1.272100497013866,0.0,60849.98
0.29656970000360167,60880.02,3.24,0.3381168490006123,0.012248545500054027,1.2724525485036198,0.0,60849.98
0.29696030000923207,60630.3,3.24,0.3381832510015695,0.012254404500138483,1.2728451015092783,0.0,60849.98
0.2973135999927763,60819.96,3.24,0.338243311998772,0.012259703999891647,1.2732001679927403,0.0,60849.98
0.29766360000940045,60550.67,3.24,0.3383028120015981,0.012264954000141009,1.2735519180094477,0.0,60849.98
0.2980093999940437,61221.77,3.25,0.33836159799898746,0.012270140999910658,1.2738994469940141,0.0,60849.98
0.29835890000686055,60849.98,3.24,0.33842101300116634,0.012275383500102911,1.274250694506895,0.0,60819.96
0.2987093999981881,60580.52,3.24,0.338480597999692,0.012280640999972824,1.2746029469981792,0.0,60819.96
0.2990579000033904,60920.09,3.24,0.3385398430005764,0.012285868500050858,1.2749531895034076,0.0,60819.96
0.29940759998862637,60880.02,3.24,0.3385992919980665,0.0122911139998294,1.2753046379885697,0.0,60849.98
0.2997572000022047,60630.3,3.24,0.33865872400037483,0.012296358000033073,1.2756559860022159,0.0,60849.98
0.30010739999124786,60819.96,3.24,0.3387177209985559,0.0123,1.2760041779915106,0.0,60849.98
0.30045670000254177,60550.67,3.24,0.33877535550041943,0.0123,1.2763429990024657,0.0,60819.96
0.3008064000168816,61221.77,3.25,0.3388330560027855,0.0123,1.2766822080163753,0.0,60849.98
0.30115509999450296,60849.98,3.24,0.338890591499093,0.0123,1.277020446994668,0.0,60839.98
0.301503299997421,60580.52,3.24,0.3389480444995745,0.0123,1.2773582009974986,0.0,60819.96
0.3018524000071921,60920.09,3.24,0.3390056460011867,0.0123,1.2776968280069765,0.0,60819.96
0.30220020000706427,60510.91,3.24,0.33906303300116564,0.0123,1.2780341940068525,0.0,60819.96
0.3025489000137896,61191.52,3.25,0.3391205685022753,0.0123,1.278372433013376,0.0,60839.98
0.30289620000985457,60839.98,3.24,0.33917787300162605,0.0123,1.2787093140095591,0.0,60819.96
0.30323580000549555,60620.33,3.24,0.3392339070009068,0.0123,1.2790387260053309,0.0,60799.96
0.30358510001678957,60819.96,3.24,0.3392915415027703,0.0123,1.279377547016286,0.0,60819.96
0.30393059999914845,60590.47,3.24,0.33934854899985956,0.0123,1.2797126819991742,0.0,60799.96
0.30427650001365697,61191.52,3.25,0.3394056225022534,0.0123,1.2800482050132473,0.0,60819.96
0.304622700001346,60799.96,3.24,0.33946274550022215,0.0123,1.2803840190013058,0.0,60819.96
0.30496840001433156,60590.47,3.24,0.33951978600236477,0.0123,1.2807193480139019,0.0,60799.96
0.30535189999500295,60819.96,3.24,0.3395830634991755,0.0123,1.281091342995153,0.0,60799.96
0.30570120000629686,60550.67,3.24,0.339640698001039,0.0123,1.281430164006108,0.0,60779.97
0.30604719999246305,61241.96,3.25,0.33969778799875644,0.0123,1.2817657839926893,0.0,60799.96
0.30639209999935707,60849.98,3.24,0.3397546964998939,0.0123,1.2821003369993764,0.0,60799.96
0.3067380000138656,60620.33,3.24,0.33981177000228785,0.0123,1.2824358600134498,0.0,60779.97
0.30708560001221485,60779.97,3.24,0.33986912400201547,0.0123,1.2827730320118487,0.0,60819.96
0.30949000001419336,60362.09,3.23,0.34026585000234194,0.0123,1.2851053000137678,0.0,60779.97
0.32176399999298155,61252.06,3.25,0.3422822399988771,0.012317639999929818,1.2969934399932623,0.0,60829.98
0.33035850001033396,60829.98,3.24,0.3436573600016535,0.012403585000103341,1.3052441600099207,0.0,60829.98
0.3428450000064914,60760.0,3.24,0.3456694250010711,0.012528450000064915,1.3172596500062967,0.0,60779.97
0.3551227000134532,60829.98,3.24,0.3476952455022198,0.012651227000134532,1.3291690190130498,0.0,60829.98
0.36754919998929836,60540.73,3.24,0.34970787199828773,0.013001967999571939,1.3412227239896195,0.0,60829.98
0.38000520001514815,61252.06,3.25,0.35170083200242375,0.013499947999848516,1.353304914014315,0.0,60829.98
0.392558099993039,60829.98,3.24,0.35370929599888623,0.01337441900006961,1.3651674044934219,0.0,60829.98
0.4051035000011325,60660.2,3.24,0.3557165600001812,0.013453105000033976,1.377048325001076,0.0,60779.97
0.41715789999580016,60860.0,3.24,0.357645263999328,0.013814736999874006,1.3885000049960103,0.0,60829.98
0.4294007999997121,60580.52,3.24,0.35965113199995247,0.01399400799999712,1.400600799999712,0.0,60779.97
0.4415662999963388,61090.82,3.25,0.3616741024993593,0.014053011000109835,1.4128211204962107,0.0,60829.98
0.4536641000013333,60779.97,3.24,0.36379121750023335,0.013690076999960001,1.42534234350138,0.0,60829.98
0.46563290001358837,60670.17,3.24,0.36588575750237795,0.013387341999728231,1.437758216014132,0.0,60779.97
0.47758559999056166,60829.98,3.24,0.3679774799983483,0.013148288000188767,1.4501890239901842,0.0,60829.98
0.4895642999908887,60580.52,3.24,0.3700259309984511,0.013291285999817774,1.4624555859907065,0.0,60779.97
0.49904739999328745,61161.29,3.25,0.3716380579988589,0.01348094799986575,1.4721283479931533,0.0,60829.98
0.5104181999922731,60860.0,3.24,0.37357109399868643,0.013968818999652289,1.483361926992389,0.0,60779.97
0.5226563999895008,60680.14,3.24,0.3756250239983201,0.014413281999947503,1.4953767079898157,0.0,60769.98
0.5350299999990967,60829.98,3.24,0.37760479999985547,0.014475149999995484,1.5073790999991237,0.0,60829.98
0.5472966000088492,60471.18,3.23,0.3795674560014159,0.014755381000309722,1.5192412190085396,0.0,60769.98
0.5598736999963877,61262.15,3.25,0.38157979199942205,0.015195579499873576,1.5313781204965145,0.0,60829.98
0.572161399992183,60750.0,3.24,0.38360663099871023,0.0152,1.5433573649923786,0.0,60809.97
0.5846404999902007,60769.98,3.24,0.38568888499833415,0.015083987500244977,1.5556172974902498,0.0,60769.98
0.5972160999954214,60829.98,3.24,0.38782673699922166,0.014769597500114463,1.5681300194954444,0.0,60769.98
0.6093076000106522,60500.97,3.24,0.3898822920018109,0.014886152000213046,1.5803472140108121,0.0,60750.0
0.6215718000021299,61282.35,3.25,0.3919672060003621,0.01507642299996805,1.5928189540021938,0.0,60769.98
0.6334530000167434,60809.97,3.24,0.3939870100028464,0.014898204999748848,1.6050565900172458,0.0,60769.98
0.6454380000068342,60750.0,3.24,0.396051650001196,0.014935950000170856,1.617373950007005,0.0,60769.98
0.6550139000173659,60690.1,3.24,0.39772743250303905,0.01517534750043415,1.6271892475178003,0.0,60799.96
0.6672206000075677,60610.38,3.24,0.39979139900124866,0.0153,1.63948449700753,0.0,60750.0
0.6796452999988106,61322.77,3.25,0.40184147449980373,0.0153,1.6518470734988164,0.0,60799.96
0.6918318000098226,60799.96,3.24,0.40385224700162076,0.015536636000196452,1.663736005009577,0.0,60779.97
0.7041514000156895,60720.05,3.24,0.4058642240025103,0.015845299000549134,1.6756230730148267,0.0,60750.0
0.7163431000080892,60839.98,3.24,0.4078148960012943,0.016272008500283125,1.6871442295076444,0.0,60779.97
0.7285975000122563,60570.56,3.24,0.40973261250189974,0.01635701249993872,1.6985956750113984,0.0,60779.97
0.7410024999990129,61201.61,3.25,0.41166039999984205,0.016310024999990128,1.7101473624990673,0.0,60789.97
0.7533108000061476,60779.97,3.24,0.41362972800098363,0.016433108000061477,1.7217787060058094,0.0,60779.97
0.7652468000014779,60650.23,3.24,0.4155657220002439,0.0165,1.7332418640014484,0.0,60740.02
0.7773473999986892,60789.97,3.24,0.4175623209997837,0.0165,1.7451004519987154,0.0,60779.97
0.7891078999964521,60540.73,3.24,0.41954834299939686,0.0165,1.7569900579963813,0.0,60740.02
0.8009964000084439,61221.77,3.25,0.4215743700014777,0.01651494600012666,1.7691462200088663,0.0,60779.97
0.8102134999935516,60740.02,3.24,0.42318736249887157,0.016653202499903277,1.7788241749932294,0.0,60779.97
0.8225698999885936,60650.23,3.24,0.4253625819979469,0.016889946499600784,1.7918369434878523,0.0,60789.97
0.8350683000171558,60849.98,3.24,0.4276122940030881,0.01732739050060046,1.8051477395182711,0.0,60789.97
0.84734850001405,60590.47,3.24,0.429822730002529,0.017573485000140502,1.8183363800151742,0.0,60779.97
0.8597756999952254,61231.87,3.25,0.4320596259991406,0.017697756999952255,1.8317577559948437,0.0,60799.96
0.8721540000115057,60799.96,3.24,0.4342269500020135,0.01751768999982741,1.844761700012081,0.0,60779.97
0.8843230000056793,60849.98,3.24,0.4363132950009371,0.017464845000085192,1.8571933100055091,0.0,60779.97
0.8966722000041046,60779.97,3.24,0.4383509130006773,0.017650083000061573,1.8691720340039817,0.0,60779.97
0.9088356000138448,60491.04,3.24,0.440269518002146,0.018053424000553795,1.8804403960125988,0.0,60769.98
0.9210593999887351,61201.61,3.25,0.44215890999831026,0.018468218000337943,1.8915428659899745,0.0,60779.97
0.9330992999894079,60710.06,3.24,0.4439648949984112,0.01810702100031776,1.9022583769905732,0.0,60779.97
0.9452059000032024,60769.98,3.24,0.44578088500048035,0.018082206500112084,1.9131113395028982,0.0,60779.97
0.9569718000129798,60740.02,3.24,0.44754577000194695,0.018494013000454293,1.923759479011747,0.0,60779.97
0.9661913000163623,60580.52,3.24,0.4489596515025362,0.01863095650008181,1.932257909015217,0.0,60769.98
0.9784917999932079,61272.25,3.25,0.45086622899894724,0.01869245899996604,1.9436973739936834,0.0,60819.96
0.9908316000073684,60819.96,3.24,0.4528872140012158,0.019024948000221052,1.9555524940071105,0.0,60769.98
1.0030792999896223,60829.98,3.24,0.4549080844982877,0.019330792999896224,1.9674946964895703,0.0,60769.98
1.01534929999616,60860.0,3.24,0.4569326344993664,0.0194534929999616,1.9798260464961406,0.0,60779.97
1.0277261000010187,60580.52,3.24,0.4590906980001834,0.019384108499984717,1.9926896660010798,0.0,60779.97
1.0399825999920722,61211.69,3.25,0.461296867998573,0.019200261000118915,2.0056815559915964,0.0,60819.96
1.0520391000027303,60760.0,3.24,0.46358742900051875,0.0192,2.0192439875030717,0.0,60779.97
1.064293400006136,60760.0,3.24,0.46589427900113517,0.01922146700003068,2.033030075006903,0.0,60779.97
1.0766459000005852,60779.97,3.24,0.46817949150010824,0.019283229500002927,2.0469266375006585,0.0,60779.97
1.0886248000024352,60550.67,3.24,0.4703955880004505,0.019170627999963472,2.059971660002618,0.0,60760.0
1.1007946000027005,61302.56,3.25,0.4726311090004455,0.019035757000121518,2.0729866540026736,0.0,60779.97
1.1127136000141036,60690.1,3.24,0.47459774400232707,0.019572112000634658,2.0847864640139626,0.0,60760.0
1.1244846000045072,60950.18,3.24,0.4764951130006986,0.019877576999977466,2.0961482550041692,0.0,60779.97
1.1341743000084534,60839.98,3.24,0.47799701650131027,0.019829128499957736,2.105111227507819,0.0,60789.97
1.146400800003903,60590.47,3.24,0.4798601200005854,0.020184048000234173,2.1162607200035124,0.0,60789.97
1.1587540000036824,61332.88,3.25,0.48171310000055234,0.02092524000022094,2.127378600003314,0.0,60839.98
1.1709594000130892,60740.02,3.24,0.4835439100019634,0.020780811999738216,2.1384182570118457,0.0,60789.97
1.1833718999987468,60860.0,3.24,0.4854395039997995,0.020701156999962413,2.1497358669988347,0.0,60809.97
1.1956444999959785,60789.97,3.24,0.4874031199993566,0.021069334999879365,2.16114938499626,0.0,60809.97
1.2079238000151236,60520.85,3.24,0.4893678080024198,0.021001904999621904,2.1729257050147455,0.0,60789.97
1.2202347000129523,61231.87,3.25,0.4913410725022667,0.020697652999870475,2.184941741013341,0.0,60809.97
1.2326195999921765,60730.03,3.24,0.4935084299986309,0.020573804000078234,2.197698187991942,0.0,60789.97
1.244384599995101,60809.97,3.24,0.49558922799911825,0.02065346099982855,2.2099476759948073,0.0,60809.97
1.256443299993407,60829.98,3.24,0.4977597939988133,0.021075515499769253,2.2227298979930117,0.0,60809.97
1.2683993999962695,60580.52,3.24,0.49991189199932856,0.02145198199988809,2.235487357996009,0.0,60809.97
1.2801897000172175,61181.45,3.25,0.5020341460030991,0.021794308999483467,2.248102979018423,0.0,60829.98
1.2895193000149445,60710.06,3.24,0.5037134740026901,0.02151442099955166,2.258085651015991,0.0,60809.97
1.3018983000074513,60950.18,3.24,0.5059227110012668,0.02128542350033532,2.2712742320077495,0.0,60809.97
1.3144000000029337,60829.98,3.24,0.5080480000004988,0.021848000000132022,2.284276000003051,0.0,60799.96
1.3267331999959424,60530.8,3.24,0.5101109779993305,0.02199900200006086,2.296631203996064,0.0,60799.96
1.3390125000150874,61262.15,3.25,0.5121370625024895,0.021814812499773687,2.3085421250146347,0.0,60799.96
1.3513483999995515,60769.98,3.24,0.5140590019999305,0.02242416199997534,2.319997269999585,0.0,60799.96
1.3636541000159923,60799.96,3.24,0.5159663855024788,0.022699024499120417,2.331306960514473,0.0,60799.96
1.3757845000072848,60799.96,3.24,0.5178465975011292,0.022031852499599328,2.342284972506593,0.0,60799.96
1.3878952999948524,60530.8,3.24,0.5196842949992279,0.0221158119997941,2.353205769995367,0.0,60799.96
1.4000061000115238,61231.87,3.25,0.5215009455017862,0.022600091500172857,2.3641057340108325,0.0,60799.96
1.4120029000041543,60730.03,3.24,0.5233604495006439,0.022780043500062314,2.375382726003905,0.0,60799.96
1.423959300009301,60870.0,3.24,0.5252532845015346,0.022919796500046503,2.3867999105091613,0.0,60799.96
1.4361477000056766,60809.97,3.24,0.5272643705009367,0.022980738500028384,2.3988054845055915,0.0,60809.97
1.4453475000045728,60540.73,3.24,0.5288358125008003,0.023106950000091456,2.408081187504687,0.0,60809.97
1.457610500016017,61332.88,3.25,0.530981837502803,0.023352210000320343,2.4206507625164173,0.0,60829.98
1.469955900014611,60789.97,3.24,0.5331422825025569,0.02349955900014611,2.4336034745154143,0.0,60809.97
1.482248799991794,60849.98,3.24,0.535304783998523,0.02361124399995897,2.4465949719912605,0.0,60819.96
1.4943502999958582,60829.98,3.24,0.5374830539992544,0.02367175149997929,2.459483069495589,0.0,60809.97
1.5057476999936625,60530.8,3.24,0.539505847498891,0.023757476999936626,2.471448869493441,0.0,60789.97
1.5179578000097536,61272.25,3.25,0.5416426150017069,0.023879578000097535,2.484086323010095,0.0,60819.96
1.5302532000059725,60740.02,3.24,0.5436917780009854,0.02384873399997014,2.496350668005913,0.0,60789.97
1.5425801000092179,60819.96,3.24,0.545738617001567,0.023941905500506983,2.5085671995091716,0.0,60809.97
1.5550720000173897,60779.97,3.24,0.5478622400029562,0.024628960000956428,2.5209966400173025,0.0,60779.97
1.5673702000058256,60510.91,3.24,0.5499160830009612,0.024457787999650465,2.5332702000058256,0.0,60779.97
1.579365300014615,61241.96,3.25,0.5518952745024115,0.023738081999123098,2.545265300014615,0.0,60779.97
1.591575099999318,60690.1,3.24,0.5539098914998875,0.02433663049996248,2.5571857224993346,0.0,60779.97
1.6036366999906022,60809.97,3.24,0.5559000554984493,0.02481818349995301,2.56896396599079,0.0,60779.97
1.6132425999967381,60779.97,3.24,0.5574850289994617,0.024866212999983688,2.5783777479968033,0.0,60779.97
1.6255174000107218,60560.62,3.24,0.5594827840017155,0.024982761000160825,2.5903794650104537,0.0,60779.97
1.6378288000123575,61252.06,3.25,0.5614526080019772,0.025167432000185362,2.602383080012048,0.0,60809.97
1.6501200000056997,60670.17,3.24,0.5635204000009689,0.025098799999943005,2.6145188000056425,0.0,60779.97
1.6622783000057098,60809.97,3.24,0.5655873110009707,0.02505695750014274,2.6266352575058525,0.0,60809.97
1.6746135000139475,60819.96,3.24,0.567684295002371,0.02536533750034869,2.639278837514296,0.0,60779.97
1.6869584000087343,60481.1,3.23,0.5698177200015285,0.025360831999825306,2.6520019440090405,0.0,60769.98
1.699139300006209,61100.87,3.25,0.5719493775010867,0.025117213999875817,2.6646091755064267,0.0,60809.97
1.7115538000070956,60710.06,3.24,0.5740641460012064,0.02573545900039027,2.677169338007167,0.0,60769.98
1.723636400012765,60880.02,3.24,0.5760818240020424,0.026163635999872346,2.6892091260123188,0.0,60809.97
1.7356060000020077,60769.98,3.24,0.5779969600003213,0.02604393999997992,2.7007597900019378,0.0,60819.96
1.7476338999986183,60491.04,3.24,0.579921423999779,0.026152677999972368,2.7121376964987083,0.0,60769.98
1.7595135000010487,61201.61,3.25,0.5818221600001678,0.026390270000020977,2.723245122500981,0.0,60819.96
1.7688393999997063,60690.1,3.24,0.5832259099999559,0.026620984999992662,2.7316996569997345,0.0,60769.98
1.7810354999965057,60930.12,3.24,0.5850605024994584,0.02691553249994759,2.742768192496733,0.0,60819.96
1.793445299990708,60819.96,3.24,0.5869840214985598,0.02710167949986062,2.7543713554913123,0.0,60819.96
1.8056323000055274,60520.85,3.24,0.5889574910009396,0.027115515499917083,2.7660759770054724,0.0,60819.96
1.817936000006739,61221.77,3.25,0.5910491200011457,0.02693095999989891,2.778256640006672,0.0,60819.96
1.830457500007469,60580.52,3.24,0.5931777750012698,0.02726601250026142,2.7911235125077307,0.0,60819.96
1.8427316000161227,60880.02,3.24,0.5952916880029021,0.027586341999919387,2.8039228120172517,0.0,60819.96
1.854878500016639,60819.96,3.24,0.5974781300029951,0.027525607499916803,2.816919995017804,0.0,60819.96
1.8670702000090387,60481.1,3.23,0.5997079870016722,0.027747457000316358,2.830106518009852,0.0,60740.02
1.8791994999919555,61161.29,3.25,0.6019519074985118,0.028171982499718445,2.8433274549912313,0.0,60819.96
1.891309099999489,60670.17,3.24,0.6040790924999107,0.027860727000015326,2.8560180094994663,0.0,60740.02
1.9033263000019358,60819.96,3.24,0.6061488395003194,0.027749683500087115,2.8683431425018875,0.0,60819.96
1.9152908000105526,60740.02,3.24,0.6081229820017412,0.028288086000474874,2.8800085300102887,0.0,60769.98
1.9245365000097079,60540.73,3.24,0.6096031575015047,0.02847731749995146,2.8887508975088827,0.0,60740.02
1.936784399993485,61211.69,3.25,0.6115015819989902,0.028416078000032576,2.899957725994039,0.0,60769.98
1.9490534999931697,60650.23,3.24,0.6133580249989754,0.028581069999863394,2.911229219993716,0.0,60740.02
1.9613892000052147,60910.07,3.24,0.6152222720008343,0.028786107999947852,2.922598902004876,0.0,60769.98
1.9737064999935683,60769.98,3.24,0.6171930399989709,0.028662935000064317,2.934115577493986,0.0,60769.98
1.985880799998995,60491.04,3.24,0.6191115239998441,0.0287176159999799,2.94549854799906,0.0,60769.98
1.998150400002487,60900.06,3.24,0.6210133120003855,0.02896300800004974,2.9569706240023255,0.0,60769.98
2.0105613000050653,60670.17,3.24,0.6230426145008358,0.02915841950007598,2.9688916545048882,0.0,60769.98
2.022644999990007,60930.12,3.24,0.6250496499983013,0.029405799999600274,2.980711124989757,0.0,60769.98
2.0348596000112593,60769.98,3.24,0.6271261320019141,0.02989438400045037,2.9932310900115406,0.0,60769.98
2.046767199994065,60500.97,3.24,0.6292519319989021,0.029964656000118703,3.0059439199934714,0.0,60730.03
2.058815600001253,60970.25,3.24,0.6314808860002319,0.02972368799997494,3.0191971600013785,0.0,60769.98
2.07083790001343,60730.03,3.24,0.6338133905026189,0.02986256850020145,3.0329635850154446,0.0,60730.03
2.082765400002245,60829.98,3.24,0.6361254260004265,0.02988938399991021,3.0466249020025367,0.0,60769.98
2.0921502000128385,60730.03,3.24,0.6379085380024393,0.029513991999486466,3.057229726014507,0.0,60750.0
2.104385100014042,60530.8,3.24,0.6401673925024574,0.02937540400056168,3.070682429514674,0.0,60730.03
2.1167041000153404,61151.21,3.25,0.6423232175026846,0.02986816400061361,3.083555784516031,0.0,60750.0
2.1289273000147664,60481.1,3.23,0.6442837315022888,0.030089273000147663,3.0953916620138804,0.0,60730.03
2.140985500009265,60880.02,3.24,0.6461478250013897,0.03022463750023162,3.1066672400081528,0.0,60750.0
2.1530389999970794,60750.0,3.24,0.6479558499995619,0.030525974999926982,3.11727431999743,0.0,60750.0
2.165453800000251,60510.91,3.24,0.6497635320000351,0.030727269000001254,3.128008461000212,0.0,60750.0
2.1776114999956917,61121.0,3.25,0.651465609999397,0.030788057499978462,3.1382817174963598,0.0,60760.0
2.189862600003835,60461.26,3.23,0.6532300770005561,0.031342443000210926,3.1487325230032788,0.0,60750.0
2.2021990999928676,60870.0,3.24,0.6550298649989301,0.03183402700021396,3.159379189993581,0.0,60760.0
2.2144178000162356,60760.0,3.24,0.6568626700024354,0.031467465999512924,3.1703760200146123,0.0,60760.0
2.2266187999921385,60520.85,3.24,0.6587590079987422,0.031531657999724856,3.1816878599925316,0.0,60760.0
2.2385534000059124,60769.98,3.24,0.6606685440009461,0.031949369000206944,3.193025730005617,0.0,60769.98
2.248011999996379,60570.56,3.24,0.6622620399993845,0.03179970000009052,3.2024520599963613,0.0,60760.0
2.2602932000008877,60940.14,3.24,0.6643527760001599,0.03150879600002664,3.2148166560009592,0.0,60769.98
2.272308100014925,60769.98,3.24,0.6665154580026865,0.03186924300044775,3.2277927480161193,0.0,60760.0
2.284804599999916,60570.56,3.24,0.668812873999984,0.031979885000002095,3.2415532209999047,0.0,60750.0
2.297148300014669,60839.98,3.24,0.6711581770027871,0.03167129249963327,3.2555633205166497,0.0,60769.98
2.3095109999994747,60670.17,3.24,0.6735070899999002,0.03193288499998163,3.2694047649994142,0.0,60750.0
2.321818800002802,61010.39,3.24,0.6758182900004904,0.03227271799995797,3.2830188340029562,0.0,60769.98
2.334131800016621,60750.0,3.24,0.6779730650029088,0.03208802299975068,3.2960090490175356,0.0,60760.0
2.346291800000472,60441.41,3.23,0.6800381470000779,0.03244042600003305,3.3084288820004675,0.0,60750.0
2.3583048000000417,60839.98,3.24,0.6820202920000069,0.03328133600000293,3.3203217520000416,0.0,60760.0
2.3704217000049543,60700.09,3.24,0.6840195805008175,0.032878914999752276,3.332109049004806,0.0,60750.0
2.3824339999991935,60980.28,3.24,0.6859894399998709,0.032533869999955646,3.343687959999242,0.0,60760.0
2.3944561000098474,60760.0,3.24,0.6879129760015755,0.033195085500541614,3.3549887340092566,0.0,60750.0
2.403724100004183,60481.1,3.23,0.6893586150006275,0.03342551799991634,3.3635889310038065,0.0,60740.02
2.4159936000069138,61050.58,3.25,0.691199040001037,0.033180127999861725,3.3747541760062916,0.0,60760.0
2.428225800016662,60282.93,3.23,0.6930749990025826,0.033511290000833104,3.3860088650154125,0.0,60740.02
2.440491999994265,60970.25,3.24,0.6949811799990537,0.03408770000014338,3.3973796999944086,0.0,60760.0
2.4528785000147764,60740.02,3.24,0.6970249525024381,0.03377803749963059,3.409456537514407,0.0,60740.02
2.465027900005225,60471.18,3.23,0.6990547430008883,0.033750837000156755,3.4215033185053034,0.0,60700.09
2.477445800002897,61000.36,3.24,0.7011657860004925,0.034123374000086915,3.4341074870029407,0.0,60740.02
2.4897437999898107,60322.5,3.23,0.7033051649982168,0.034541032999643374,3.4469309899893013,0.0,60700.09
2.5018206000095233,60910.07,3.24,0.7054277080017142,0.034881793999904764,3.4596116300099995,0.0,60740.02
2.513156100001652,60700.09,3.24,0.7074680980002973,0.034768438999983484,3.4715139050017343,0.0,60740.02
2.5253363999945577,60491.04,3.24,0.7096071879990747,0.0347,3.4841698099944214,0.0,60700.09
2.537622000003467,60750.0,3.24,0.7116957400005893,0.0347,3.4967625500035537,0.0,60750.0
2.5497431000112556,60431.48,3.23,0.7137076115018571,0.03484614650016884,3.508796953511087,0.0,60700.09
2.559326399990823,61110.94,3.25,0.7152888559984858,0.03498989599986235,3.5182365039909604,0.0,60750.0
2.5714606000110507,60760.0,3.24,0.7172336960017681,0.03482809099983424,3.5296729640103877,0.0,60710.06
2.5839607999951113,60610.38,3.24,0.7192139239992422,0.0350168639996089,3.541363739995478,0.0,60710.06
2.5961474000068847,60779.97,3.24,0.7211028470010671,0.03599179200055077,3.5526363450063685,0.0,60750.0
2.608366800006479,60491.04,3.24,0.7230386880010367,0.035965327999740844,3.5641484600061553,0.0,60710.06
2.6204212000011466,61020.44,3.25,0.7249673920001835,0.03551474200004012,3.5756085640011124,0.0,60750.0
2.6329910999920685,60710.06,3.24,0.726978575998731,0.035954688499722394,3.587801366992306,0.0,60720.05
2.645301200012909,60461.26,3.23,0.7289746980021299,0.036146987999870914,3.599768670012586,0.0,60710.06
2.6576066999987233,60750.0,3.24,0.7310051054997894,0.03602393300001277,3.611766532498755,0.0,60720.05
2.669798399991123,60342.28,3.23,0.7330657279984909,0.03619596799982246,3.623898399991123,0.0,60710.06
2.6818253000092227,60980.28,3.24,0.7351103010015679,0.03639087349995389,3.6359709325094536,0.0,60720.05
2.693866000015987,60720.05,3.24,0.7371572200027179,0.036330669999920066,3.648312650016387,0.0,60720.05
2.7059349000046495,60431.48,3.23,0.7392386075008137,0.03632967450002325,3.6607426215048124,0.0,60720.05
2.7149285000050436,60769.98,3.24,0.7408124875008827,0.03637464250002522,3.6700509975052205,0.0,60720.05
2.726550999999745,60372.01,3.23,0.7428136699999567,0.03646550999999745,3.6820147749997387,0.0,60720.05
2.7391725000052247,61080.75,3.25,0.7449593250008882,0.03659172500005225,3.694951812505356,0.0,60720.05
2.7517354000010528,60740.02,3.24,0.7470363410001737,0.03689338500002633,3.7074180460010426,0.0,60720.05
2.764139100007015,60550.67,3.24,0.7490829515011574,0.037162086500105225,3.719614927006804,0.0,60720.05
2.776479299995117,60720.05,3.24,0.7511190844991943,0.037347189499926756,3.7315849209952634,0.0,60730.03
2.7887078000057954,60273.03,3.23,0.7531367870009563,0.03783539000028978,3.7434465660056215,0.0,60720.05
2.8011051999928895,60960.21,3.24,0.7551768319988623,0.038366844000213306,3.755483095993032,0.0,60730.03
2.8134250000002794,60730.03,3.24,0.7571480000000447,0.037997249999991614,3.767556500000274,0.0,60720.05
2.825577700015856,60481.1,3.23,0.7591482090026955,0.03799521950055496,3.779494034515618,0.0,60710.06
2.8374939000059385,60750.0,3.24,0.7611739630010096,0.03841228650020785,3.7912314915058496,0.0,60720.05
2.8495984000037424,60332.39,3.23,0.7632317280006363,0.03830803199992515,3.803538360003836,0.0,60710.06
2.8614426999993157,61060.64,3.25,0.7652524724998803,0.038150494499976054,3.815693194499292,0.0,60730.03
2.873375700000907,60710.06,3.24,0.7673407475001587,0.03856814950003174,3.828043849500939,0.0,60730.03
2.8829346999991685,60471.18,3.23,0.7689988989998586,0.03882934699999169,3.8379227409991437,0.0,60710.06
2.8952082000032533,60779.97,3.24,0.7710853940005531,0.038952082000032535,3.850564446003351,0.0,60710.06
2.9074208000092767,60441.41,3.23,0.7731615360015771,0.03918552000023192,3.862957904009323,0.0,60690.1
2.9196969000040554,61100.87,3.25,0.7752484730006894,0.03949242250010138,3.8752953845040756,0.0,60710.06
2.932223400013754,60760.0,3.24,0.7773168610022695,0.03937776599986246,3.887640049013548,0.0,60690.1
2.944415800011484,60481.1,3.23,0.7793065280018375,0.03941039500028711,3.899539168011025,0.0,60670.17
2.956576099997619,60690.1,3.24,0.7812521759996192,0.03971440249994048,3.9112130559977145,0.0,60690.1
2.9689166999887675,60332.39,3.23,0.7832266719982028,0.039621666000224647,3.922792530989554,0.0,60670.17
2.9813377000100445,60990.31,3.24,0.7852006550015068,0.03943344250025112,3.93429724150899,0.0,60690.1
2.993425799999386,60670.17,3.24,0.787013869999908,0.03973564499998465,3.9451160909994507,0.0,60690.1
3.0051721000054386,60421.57,3.23,0.7887758150008158,0.040003442000108774,3.9557324715049766,0.0,60670.17
3.0173116000078153,60769.98,3.24,0.7905967400011724,0.04024623200015631,3.966840114007151,0.0,60690.1
3.029247099999339,60332.39,3.23,0.792525771499891,0.04043870649999009,3.978269686999359,0.0,60670.17
3.0385535999957938,60990.31,3.24,0.794061343999306,0.04057830399993691,3.9872969919959202,0.0,60720.05
3.050784199993359,60730.03,3.24,0.7961872349988378,0.040761762999900385,3.99980772599316,0.0,60720.05
3.0631630000134464,60500.97,3.24,0.7983693400024203,0.040979075000336165,4.012747670014657,0.0,60720.05
3.0755406999960546,60720.05,3.24,0.8005973259992898,0.04128851749990137,4.0262393629957,0.0,60720.05
3.087726700003259,60362.09,3.23,0.8028680730006192,0.041438633500016295,4.039715270503634,0.0,60720.05
3.099958600010723,61010.39,3.24,0.8051921340020375,0.04149979300005362,4.053353839011956,0.0,60720.05
3.112206599995261,60720.05,3.24,0.8074582209991233,0.04180516499988153,4.067010358994716,0.0,60720.05
3.124454100005096,60411.64,3.23,0.8097017380009172,0.041866376999847126,4.080465887005452,0.0,60630.3
3.1366342999972403,60730.03,3.24,0.8118941739995033,0.041500971000082786,4.093498700997047,0.0,60680.14
3.1488706000091042,60322.5,3.23,0.8139636490015022,0.04166611800027313,4.105881894009014,0.0,60630.3
3.1609560000069905,61070.69,3.25,0.8159481800010835,0.04200478000003496,4.117765180006327,0.0,60680.14
3.1729442999931052,60630.3,3.24,0.8178063664989313,0.04206472149996553,4.12861459149376,0.0,60680.14
3.1849904000118836,60520.85,3.24,0.8196485600017825,0.042224760000297096,4.139416504010517,0.0,60630.3
3.1941334000148345,60680.14,3.24,0.8210200100022251,0.04245333500037086,4.147508059013129,0.0,60680.14
3.206403099989984,60292.81,3.23,0.8228284494985477,0.042535969000100156,4.158430774491036,0.0,60630.3
3.2186983000137843,61131.07,3.25,0.8246112535019987,0.042413016999862156,4.169434978512338,0.0,60680.14
3.2311602999980096,60710.06,3.24,0.8265298464996914,0.04279061049993033,4.180755872998189,0.0,60650.23
3.243234499997925,60500.97,3.24,0.828417519999668,0.04318086249994812,4.191888947498018,0.0,60650.23
3.255415499996161,60690.1,3.24,0.8303664799993857,0.04348538749990403,4.203521802496335,0.0,60680.14
3.2675483000057284,60441.41,3.23,0.8324209525010025,0.04390193200022914,4.215637007505872,0.0,60650.23
3.280075399990892,61040.54,3.25,0.8346135719983605,0.04439736100031879,4.228482185990072,0.0,60690.1
3.292632600001525,60650.23,3.24,0.8368738680002745,0.04395785899994662,4.242169534001663,0.0,60650.23
3.3045783000125084,60451.33,3.23,0.8390698770023766,0.04376867450018763,4.255304804513948,0.0,60640.26
3.3171613000158686,60690.1,3.24,0.8414606470030149,0.04395741950023802,4.269334849517693,0.0,60650.23
3.3282144000113476,60372.01,3.23,0.8434785920020426,0.04383571199977305,4.281453696012369,0.0,60640.26
3.3404866000055335,61000.36,3.24,0.8456851550009684,0.043621897000249016,4.294796332005644,0.0,60650.23
3.3526683000090998,60640.26,3.24,0.8478169525015924,0.04417007350040948,4.307221666009282,0.0,60640.26
3.361970400001155,60451.33,3.23,0.8494054120001789,0.04449014799999423,4.316552176001085,0.0,60640.26
3.3743224999925587,60740.02,3.24,0.8513199874988465,0.044428387500037206,4.3281631499930056,0.0,60640.26
3.3865798999904655,60391.83,3.23,0.8531869849985698,0.04459739699971396,4.3392903119916095,0.0,60640.26
3.3990144999988843,61100.87,3.25,0.8550521749998325,0.044970434999966516,4.350232759999018,0.0,60640.26
3.4112716999952677,60640.26,3.24,0.8568343964993138,0.04494364150002366,4.360906378995883,0.0,60640.26
3.423654100013664,60441.41,3.23,0.8586481150020496,0.04499135250034161,4.371825231012434,0.0,60640.26
3.435897599993041,60690.1,3.24,0.8604846399989562,0.04529743999982603,4.382966815993668,0.0,60670.17
3.448076000000583,60282.93,3.23,0.8624325400000962,0.0454,4.39445296000056,0.0,60640.26
3.4604621999897067,61070.69,3.25,0.8644762629983016,0.045402310999948535,4.406362199989707,0.0,60670.17
3.4723514000070277,60690.1,3.24,0.8664379810011597,0.04546175700003514,4.418251400007028,0.0,60670.17
3.484463800006779,60590.47,3.24,0.8684811650011864,0.04561159500016948,4.430564671007085,0.0,60670.17
3.496333799994318,60670.17,3.24,0.8705584149990057,0.04590834499985795,4.442968820994062,0.0,60690.1
3.5080219999945257,60401.73,3.23,0.8726840699989873,0.046120329999917886,4.455543979994033,0.0,60670.17
3.5166723000002094,61020.44,3.25,0.8742843755000388,0.04625008450000315,4.464972807000229,0.0,60690.1
3.5289334999979474,60750.0,3.24,0.8765526974996203,0.04638933499997948,4.4784715174977325,0.0,60670.17
3.541218200000003,60630.3,3.24,0.8788192760000005,0.04653654600000009,4.492009565000004,0.0,60640.26
3.5535500000114553,60779.97,3.24,0.881039000002062,0.046906500000343666,4.505266250012315,0.0,60660.2
3.5661110999935772,60441.41,3.23,0.8832388869989082,0.047069444500032115,4.518372210993514,0.0,60640.26
3.5784012000076473,61070.69,3.25,0.8853282040013001,0.047007993999961764,4.530785212007724,0.0,60660.2
3.5910317999951076,60640.26,3.24,0.8874202469991929,0.04744127199980431,4.54315600499523,0.0,60660.2
3.6033795000112154,60491.04,3.24,0.8894407200017945,0.047766204999887846,4.555076730010542,0.0,60640.26
3.6160110000055283,60660.2,3.24,0.8914617600008845,0.04763988999994472,4.566950340005197,0.0,60660.2
3.6279685999907088,60411.64,3.23,0.8933351329985598,0.047719528999860636,4.57811079799136,0.0,60640.26
3.6400367000023834,61100.87,3.25,0.8952056885003695,0.04790073400004767,4.589334314502229,0.0,60660.2
3.651940999989164,60680.14,3.24,0.8970508549983204,0.04813881999978328,4.600464834989868,0.0,60660.2
3.663977599993814,60461.26,3.23,0.8989364159990102,0.04833977599993814,4.611798607994092,0.0,60670.17
3.6733254000137094,60670.17,3.24,0.9004320640021936,0.0484332540001371,4.620725757013092,0.0,60680.14
3.6855930000019725,60491.04,3.24,0.9024508100003353,0.04858389500002959,4.632665035001963,0.0,60680.14
3.6980490999994795,61121.0,3.25,0.9045683469999115,0.048770736499992196,4.645058854499482,0.0,60720.05
3.710293800017098,60760.0,3.24,0.9066499460029067,0.04885146900008549,4.657602614017611,0.0,60680.14
3.7225725000025705,60760.0,3.24,0.9087501875004499,0.048925725000025705,4.670262537502661,0.0,60690.1
3.7347510000108746,60720.05,3.24,0.9108814250019031,0.04904751000010874,4.682867285011255,0.0,60690.1
3.7470586000126787,60461.26,3.23,0.9129999620021554,0.04913529300006339,4.6955350650129954,0.0,60690.1
3.7594848000153434,61100.87,3.25,0.9151124160026084,0.04919742400007672,4.7082719200157275,0.0,60720.05
3.7716990000044466,60670.17,3.24,0.9171888300007559,0.0492,4.720557495004469,0.0,60690.1
3.7838838000025135,60690.1,3.24,0.9192408270004147,0.04933593300008796,4.7326478670024255,0.0,60690.1
3.7957495000155177,60660.2,3.24,0.9211986675025605,0.04975123250054312,4.744098267514975,0.0,60690.1
3.8077922000084072,60471.18,3.23,0.9231077910013031,0.04993896100004204,4.755602590007987,0.0,60670.17
3.8198888000042643,61100.87,3.25,0.9249827640006609,0.04999944400002132,4.767094360004051,0.0,60690.1
3.8289271999965426,60650.23,3.24,0.9264729879994296,0.05040172399984442,4.775770111996681,0.0,60670.17
3.8413688000000548,60779.97,3.24,0.928525852000009,0.05091368800000055,4.787741424000054,0.0,60690.1
3.853635400009807,60789.97,3.24,0.9305498410016182,0.05103635400009807,4.799762692009611,0.0,60700.09
3.8658313000050835,60471.18,3.23,0.9325621645008387,0.0511,4.811802143505058,0.0,60700.09
3.8781861000170466,61131.07,3.25,0.9346007065028127,0.0511,4.824095169516961,0.0,60700.09
3.890500500012422,60660.2,3.24,0.9366850850021117,0.05146751750043476,4.836558007512608,0.0,60700.09
3.9026800999999978,60700.09,3.24,0.9387690174999995,0.051732997500000065,4.848960502999997,0.0,60700.09
3.9150205999903847,60700.09,3.24,0.9409286049983173,0.05142448500024038,4.861671217990096,0.0,60700.09
3.9274293000053144,60510.91,3.24,0.9430629810009035,0.051597172000212584,4.874452179005474,0.0,60680.14
3.9395692000107374,61151.21,3.25,0.9451267640018255,0.05208276800042952,4.886956276011061,0.0,60700.09
3.9514403000066523,60680.14,3.24,0.9472020525011642,0.0521,4.8990691060067855,0.0,60700.09
3.9638701000076257,60640.26,3.24,0.9493385665012583,0.0521,4.9116313990075495,0.0,60700.09
3.975780000007944,60789.97,3.24,0.9513037000013108,0.0521,4.923422200007865,0.0,60789.97
3.9874617000168655,60530.8,3.24,0.9531938720026986,0.0523611595005903,4.9347259235161065,0.0,60789.97
3.9969452999939676,61191.52,3.25,0.9547112479990348,0.05269308549978887,4.943782761494239,0.0,60799.96
4.009141699993052,60819.96,3.24,0.9566626719988883,0.05284570849996526,4.955384614993399,0.0,60789.97
4.021557800006121,60809.97,3.24,0.9586492480009795,0.05293115600012244,4.967211066005938,0.0,60799.96
4.033821799996076,60799.96,3.24,0.9606114879993722,0.05317643599992153,4.979107145996194,0.0,60799.96
4.046101599989925,60590.47,3.24,0.9626067639983376,0.0533,4.991079567990126,0.0,60799.96
4.058406299998751,61221.77,3.25,0.964637039499794,0.0533,5.003138173998776,0.0,60809.97
4.070849600015208,60769.98,3.24,0.9667444320025854,0.05362548800045625,5.015603848015284,0.0,60799.96
4.083004799991613,60809.97,3.24,0.9688258399985323,0.053960095999832265,5.0278799199914035,0.0,60779.97
4.0952058999973815,60720.05,3.24,0.9709610324995418,0.054204117999947635,5.040386047497316,0.0,60779.97
4.107282600016333,60520.85,3.24,0.9730744550028583,0.054372826000163334,5.052983143017232,0.0,60769.98
4.1193919999932405,61131.07,3.25,0.975193599998817,0.0544939199999324,5.065758559992869,0.0,60779.97
4.131465699989349,60710.06,3.24,0.9773638259980828,0.054614656999893485,5.07872562748855,0.0,60769.98
4.143411700002616,60779.97,3.24,0.979514106000471,0.05463176599994767,5.09149934350276,0.0,60779.97
4.152515499998117,60799.96,3.24,0.981152789999661,0.05444969000003766,5.101103852498014,0.0,60769.98
4.164952899998752,60550.67,3.24,0.9832924639998004,0.05452288049994386,5.113853841998777,0.0,60769.98
4.177050099999178,61221.77,3.25,0.9852280159998685,0.055067254499963025,5.125709097999194,0.0,60779.97
4.189139299996896,60769.98,3.24,0.9870708949995344,0.055154303500015524,5.136779673497221,0.0,60769.98
4.20180939999409,60819.96,3.24,0.9889714099991135,0.05514523499985225,5.148074177994858,0.0,60779.97
4.21388970001135,60670.17,3.24,0.9907834550017026,0.05544724250028376,5.158584039009875,0.0,60769.98
4.2267333999916445,60520.85,3.24,0.9927100099987467,0.05573466799983289,5.169892725992564,0.0,60760.0
4.238691500009736,61100.87,3.25,0.9945037250014604,0.05597383000019472,5.180535435008665,0.0,60769.98
4.250937000004342,60710.06,3.24,0.9963952350006731,0.056,5.1920354650041025,0.0,60760.0
4.262990199989872,60860.0,3.24,0.9983083339982783,0.05613455899954425,5.203575248989923,0.0,60740.02
4.275141699996311,60760.0,3.24,1.0003740889993729,0.056681376499834,5.21566599149633,0.0,60740.02
4.286964300001273,60411.64,3.23,1.0024187525002228,0.05669107099996182,5.22777769350133,0.0,60740.02
4.299060699995607,61181.45,3.25,1.0045356224992312,0.05632817900013178,5.240418431495409,0.0,60760.0
4.308243700012099,60670.17,3.24,1.0061838660021778,0.056588529500423465,5.250344414513127,0.0,60750.0
4.320516000007046,60740.02,3.24,1.0083954600013034,0.057010320000140925,5.263670180007786,0.0,60760.0
4.3327358000096865,60779.97,3.24,1.010656123001792,0.05725471600019373,5.277173059010703,0.0,60750.0
4.344981700007339,60550.67,3.24,1.0129216145013578,0.05732527449988992,5.290630053007999,0.0,60740.02
4.357038599991939,61171.36,3.25,1.0151521409985087,0.05714442100012092,5.3037720739912135,0.0,60750.0
4.369634300004691,60750.0,3.24,1.017386002500821,0.05777440100032835,5.316971500504855,0.0,60740.02
4.381752699991921,60870.0,3.24,1.0194804319987074,0.05839483800048474,5.329382591992244,0.0,60740.02
4.3942927999887615,60690.1,3.24,1.0214868479982018,0.05764243200067432,5.341421087989211,0.0,60740.02
4.4065440999984276,60491.04,3.24,1.0234143354997562,0.057790807499882045,5.352855130998568,0.0,60690.1
4.41867819998879,61100.87,3.25,1.0252951209982626,0.05870086499915924,5.363897161989799,0.0,60740.02
4.430713400011882,60690.1,3.24,1.0271070100017823,0.058692865999881175,5.374849194010813,0.0,60690.1
4.442956300015795,60740.02,3.24,1.0289582265024482,0.05867390750039488,5.386019796014532,0.0,60690.1
4.454721100017196,60690.1,3.24,1.0307817705026654,0.05896802750042989,5.39684341201582,0.0,60690.1
4.463883099990198,60481.1,3.23,1.0322018804984807,0.059255323999607944,5.405330698490835,0.0,60690.1
4.476154100004351,61181.45,3.25,1.0341038855006743,0.059746164000174046,5.4168040835040685,0.0,60710.06
4.48840050000581,60690.1,3.24,1.0360860825009586,0.059815994999941904,5.428674492505722,0.0,60690.1
4.500660199992126,60799.96,3.24,1.038115534998622,0.05970990299988189,5.440786607991811,0.0,60690.1
4.512560800008941,60710.06,3.24,1.040198140001565,0.059888412000134124,5.453163232009299,0.0,60690.1
4.524300299992319,60481.1,3.23,1.042295555498579,0.06,5.465544323991705,0.0,60690.1
4.5365554000018165,61030.49,3.25,1.044562749000336,0.06,5.478779832001962,0.0,60690.1
4.548933000012767,60630.3,3.24,1.046807940002298,0.0601339950001915,5.492102975013724,0.0,60690.1
4.5612085000029765,60690.1,3.24,1.049011487500521,0.06037251000017861,5.505250797503081,0.0,60690.1
4.573806700005662,60680.14,3.24,1.0512161725009908,0.061128402000339706,5.51828993450586,0.0,60690.1
4.585953900008462,60491.04,3.24,1.053252624001354,0.06120230499957688,5.530534822008293,0.0,60690.1
4.59812619999866,61141.14,3.25,1.0552001919997858,0.06059369000006698,5.542463675998687,0.0,60690.1
4.610327200003667,60690.1,3.24,1.0571523520005868,0.06132617600029335,5.554007568003447,0.0,60690.1
4.622426000016276,60799.96,3.24,1.059088160002604,0.06201508999943035,5.565392570015381,0.0,60690.1
4.631907800008776,60730.03,3.24,1.060605248001404,0.06168322699969285,5.574352871008293,0.0,60690.1
4.644150500011165,60481.1,3.23,1.0625433275017306,0.06162827750061407,5.5859222225105505,0.0,60690.1
4.656425799999852,61141.14,3.25,1.064445998999977,0.062303418999991846,5.59752238099986,0.0,60730.03
4.667786800011527,60640.26,3.24,1.0662458880018442,0.062344263999769466,5.608063856010605,0.0,60690.1
4.680390399997123,60799.96,3.24,1.0682585599995684,0.06210390399997123,5.619659167997353,0.0,60730.03
4.692839499999536,60680.14,3.24,1.0701259249999304,0.062228394999995364,5.631112339999573,0.0,60710.06
4.705421799997566,60461.26,3.23,1.0720945969995983,0.06254398099989047,5.642932036997651,0.0,60680.14
4.717646600009175,61121.0,3.25,1.0741116890015139,0.0630940970004129,5.654728969008854,0.0,60710.06
4.730050999991363,60580.52,3.24,1.0762086699985318,0.06309949000008637,5.6672520199911895,0.0,60680.14
4.742097300011665,60809.97,3.24,1.0782775140020997,0.06298951349994168,5.679633624512422,0.0,60710.06
4.754237200017087,60710.06,3.24,1.0804626960030757,0.06292881399991457,5.692562618018197,0.0,60710.06
4.7661430000152905,60461.26,3.23,1.0826057400027522,0.06323786500084098,5.705273010016361,0.0,60710.06
4.778109300008509,61090.82,3.25,1.0847596740015315,0.063896011500468,5.718076951009105,0.0,60720.05
4.787412500008941,60630.3,3.24,1.0863971875015646,0.06377762499973179,5.727846062509343,0.0,60710.06
4.799635200004559,60829.98,3.24,1.088536160000798,0.06341094399986322,5.740618784004764,0.0,60720.05
4.812182900001063,60720.05,3.24,1.0906101785001754,0.06437463200008503,5.753061071001052,0.0,60710.06
4.824274799990235,60451.33,3.23,1.0925839679984377,0.06487175600029296,5.764861059990722,0.0,60670.17
4.836693099990953,60910.07,3.24,1.0945708959985525,0.06449920700027141,5.776658444991405,0.0,60720.05
4.848855899996124,60580.52,3.24,1.0965169439993798,0.06470995649986434,5.788213104996318,0.0,60670.17
4.86117750001722,60910.07,3.24,1.0984884000027553,0.0650764499996556,5.799942175016703,0.0,60720.05
4.873402900004294,60670.17,3.24,1.100444464000687,0.06483194199991413,5.811800813004165,0.0,60690.1
4.885642300010659,60461.26,3.23,1.102459191001812,0.06498211500053293,5.823898723010766,0.0,60670.17
4.897918400005437,60890.03,3.24,1.1045461280009243,0.06559592000027185,5.836297584005491,0.0,60690.1
4.909879400016507,60640.26,3.24,1.1066288950028886,0.06550241199966986,5.848526385016919,0.0,60690.1
4.921963500004495,60870.0,3.24,1.1087436125007866,0.06539817500022473,5.860932222504652,0.0,60710.06
4.9339111000008415,60690.1,3.24,1.1108344425001475,0.06599555500004209,5.873297988500871,0.0,60710.06
4.9431285000173375,60441.41,3.23,1.1124318450029476,0.06625307249973993,5.882791070017685,0.0,60710.06
4.955437900003744,61110.94,3.25,1.1145244430006365,0.06606843149994383,5.895346658003819,0.0,60760.0
4.967564599995967,60710.06,3.24,1.1165481589993347,0.06634040699981852,5.907526776995987,0.0,60710.06
4.979826599999797,60809.97,3.24,1.1185713889999664,0.06689219699999087,5.919727466999798,0.0,60710.06
4.99229190000915,60760.0,3.24,1.1206281635015096,0.06665416199981701,5.9318231430088755,0.0,60690.1
5.004444299993338,60431.48,3.23,1.122611087998934,0.06663332899980015,5.943522084993671,0.0,60690.1
5.016883600008442,60990.31,3.24,1.1246013760013507,0.06700650800025328,5.955339420008021,0.0,60690.1
5.029054999991786,60421.57,3.23,1.126503524998727,0.06719054999991786,5.96676642499232,0.0,60690.1
5.041365500015672,60690.1,3.24,1.1284184800025077,0.06734779250054852,5.978290397514811,0.0,60690.1
5.053596600017045,60690.1,3.24,1.1303754560027273,0.06777588100059657,5.989848787016108,0.0,60640.26
5.065541399992071,60411.64,3.23,1.1323143309986918,0.06797229300003965,6.00130286499227,0.0,60630.3
5.077653399988776,60640.26,3.24,1.1343128109981482,0.06791173300005612,6.013112064989056,0.0,60640.26
5.0895988999982364,60451.33,3.23,1.136235823999718,0.06809197799996473,6.02475892749828,0.0,60630.3
5.1014716000063345,60690.1,3.24,1.138150172001077,0.06832207400009502,6.036371600006335,0.0,60640.26
5.1109854000096675,60630.3,3.24,1.1397675180016433,0.06846478100014501,6.045885400009667,0.0,60630.3
5.123486700002104,60520.85,3.24,1.1419276060003787,0.06879176850011572,6.0586133355022405,0.0,60610.38
5.1355283000157215,60730.03,3.24,1.1440950940028298,0.0694540565008647,6.071437639516744,0.0,60630.3
5.147859499993501,60520.85,3.24,1.146354007498798,0.06942491750022746,6.0848454499928515,0.0,60610.38
5.160195000004023,60890.03,3.24,1.1486341250007042,0.06901072500022128,6.098404750004224,0.0,60630.3
5.172615699993912,60610.38,3.24,1.1508077474989347,0.06969386349966518,6.111446484993608,0.0,60630.3
5.184770899999421,60391.83,3.23,1.1528871984999045,0.06993301850002025,6.12389933649943,0.0,60610.38
5.196928699995624,60750.0,3.24,1.1548932354992778,0.06950749550015317,6.135874769495689,0.0,60640.26
5.209258299990324,60500.97,3.24,1.1568350364985003,0.06990920649946783,6.147463927491049,0.0,60610.38
5.221285700012231,60900.06,3.24,1.1586992835018959,0.0705128570001223,6.158576415511192,0.0,60640.26
5.2346982000162825,60640.26,3.24,1.1607782210025237,0.07064698200016283,6.170848853014898,0.0,60640.26
5.245346600015182,60362.09,3.23,1.1624554560024292,0.07080693200030364,6.180752537014347,0.0,60640.26
5.25726990000112,60849.98,3.24,1.1643631840001794,0.0710453980000224,6.192020055501058,0.0,60710.06
5.266661200003,60213.76,3.23,1.16586579200048,0.071133306000015,6.2010946700029255,0.0,60640.26
5.278875099989818,60860.0,3.24,1.167820015998371,0.07119437549994909,6.213003222490073,0.0,60710.06
5.291198199993232,60710.06,3.24,1.1699036939988494,0.0714799549998308,6.225298199993232,0.0,60640.26
5.3037334000109695,60411.64,3.23,1.1720533450019197,0.0717,6.238001403011463,0.0,60620.33
5.315759299992351,60819.96,3.24,1.1741578774986614,0.0717,6.250568468492006,0.0,60650.23
5.327990299992962,60282.93,3.23,1.1763382539987333,0.07193970899978885,6.26346971799254,0.0,60620.33
5.340042600000743,60799.96,3.24,1.1785074550001302,0.07230063900001114,6.276245369000791,0.0,60650.23
5.352464099996723,60620.33,3.24,1.1806812174994266,0.07248696149995085,6.28947426649651,0.0,60620.33
5.365134499996203,60381.91,3.23,1.1828985374993355,0.07275403499988609,6.302865552496032,0.0,60610.38
5.376924600015627,60650.23,3.24,1.1849618050027348,0.07310773800046882,6.31518620701633,0.0,60620.33
5.3890369000146165,60362.09,3.23,1.1870362730024848,0.07292889299956151,6.327482084514689,0.0,60610.38
5.400920599990059,60860.0,3.24,1.1890472959984093,0.07264142699955263,6.3393745699905555,0.0,60620.33
5.413046400004532,60610.38,3.24,1.1909874240007252,0.07318708800020395,6.350894080004306,0.0,60610.38
5.4222621000080835,60391.83,3.23,1.1924506255012528,0.07348868949995958,6.359547200507316,0.0,60520.85
5.434445699997013,60690.1,3.24,1.194339083499537,0.07342777150001494,6.370573358497298,0.0,60610.38
5.446886499994434,60421.57,3.23,1.1962329749991651,0.07374432499972174,6.3817978499949914,0.0,60520.85
5.4591202000156045,60920.09,3.24,1.1980680300023405,0.07435601000078022,6.392808180014044,0.0,60610.38
5.471529200003715,60520.85,3.24,1.1999293800005573,0.07416941599992569,6.404091572003382,0.0,60610.38
5.483743099990534,60332.39,3.23,1.2017988959984856,0.07424330149938471,6.415337229491055,0.0,60520.85
5.49607379999361,60620.33,3.24,1.2037718079989776,0.07504479699958466,6.426989740993961,0.0,60610.38
5.5082483000005595,60362.09,3.23,1.205802211000095,0.0751762754999916,6.438907058500557,0.0,60520.85
5.519604100001743,60849.98,3.24,1.2077326970002964,0.07500593849997385,6.450206079501735,0.0,60610.38
5.531725900014862,60610.38,3.24,1.209852032502601,0.0755276655006688,6.462912195015606,0.0,60610.38
5.543985900003463,60381.91,3.23,1.2120373915006408,0.07582028199993074,6.475984490003809,0.0,60610.38
5.556092799990438,60730.03,3.24,1.2142771679982312,0.07557814400019124,6.489302079989482,0.0,60620.33
5.568560699990485,60223.63,3.23,1.2165837294982398,0.07558560699990485,6.503102376989438,0.0,60610.38
5.576998100004857,60880.02,3.24,1.2181446485008987,0.07566998100004858,6.512467891005391,0.0,60670.17
5.589533699996537,60670.17,3.24,1.2204160659993766,0.07603367949987878,6.525905721996328,0.0,60610.38
5.602045600011479,60401.73,3.23,1.2226272960018367,0.07649205200051656,6.53900468801125,0.0,60590.47
5.614653600001475,60690.1,3.24,1.224644576000236,0.07705941200006636,6.551360528001446,0.0,60590.47
5.627098199998727,60203.88,3.23,1.2266002209998026,0.0773,6.5631303439988296,0.0,60570.56
5.639320799993584,60870.0,3.24,1.2284947239990054,0.0773,6.574375135994098,0.0,60590.47
5.651934399997117,60590.47,3.24,1.2305095039995386,0.0780757359998126,6.586158663997304,0.0,60570.56
5.663870899996255,60322.5,3.23,1.2324193439994007,0.0784645185001311,6.597377354996442,0.0,60550.67
5.676236900006188,60570.56,3.24,1.2343979040009903,0.07803170849978341,6.609125055005879,0.0,60550.67
5.688433500006795,60124.98,3.23,1.2363493600010873,0.07849034500047565,6.620753992506489,0.0,60510.91
5.700482100015507,60920.09,3.24,1.2382795465025587,0.07928071599937972,6.632272458015197,0.0,60550.67
5.712423199991463,60550.67,3.24,1.2402498279985914,0.07880307200034148,6.643974735991634,0.0,60550.67
5.724614400009159,60352.19,3.23,1.2422844480015571,0.07873072000045796,6.656129760009388,0.0,60510.91
5.733512600010727,60510.91,3.24,1.2437971420018235,0.07917563000053633,6.665250415010995,0.0,60550.67
5.745856900000945,60233.51,3.23,1.24595424200017,0.07944143099999056,6.678166883001011,0.0,60510.91
5.758030099997995,60920.09,3.24,1.2481454179996392,0.07931969900002005,6.691192206997855,0.0,60550.67
5.77056140001514,60590.47,3.24,1.250401052002725,0.0793528070000757,6.7046006980162,0.0,60510.91
5.782677999988664,60352.19,3.23,1.2525686499980162,0.07949372999960323,6.71748511998821,1.3389999943318751e-05,60491.04
5.795041100005619,60550.67,3.24,1.2547321925009833,0.07992643850019668,6.730342744005844,7.52055000280965e-05,60510.91
5.807250100013334,60322.5,3.23,1.2568325170022667,0.08020875150020002,6.7427501000133345,0.0001,60491.04
5.8197932000039145,60880.02,3.24,1.2589648440006653,0.08039689800005871,6.755293200003914,0.0001,60550.67
5.832101700012572,60491.04,3.24,1.2609362720020114,0.08064203400025144,6.767178140512132,0.0001,60510.91
5.844000200013397,60352.19,3.23,1.2628200310020765,0.08098000900060287,6.778540187012527,0.0001,60491.04
5.856289899995318,60580.52,3.24,1.2647249344992744,0.08153304549978928,6.790031056495621,0.0001,60510.91
5.86806149999029,60243.39,3.23,1.266549532498495,0.08141784750033985,6.800956887491018,0.0001,60491.04
5.8801213999977335,60839.98,3.24,1.2684194239996374,0.08101213999977337,6.812112901997892,0.0001,60510.91
5.892085600004066,60510.91,3.24,1.2703336960006506,0.08220856000040656,6.823239608003781,0.0001,60500.97
5.90156329999445,60302.71,3.23,1.2718423114991397,0.08290620200033302,6.832077318494755,0.0001,60500.97
5.913731500011636,60570.56,3.24,1.2737283825018035,0.08217610999930185,6.843576267510996,0.0001,60510.91
5.926067799999146,60243.39,3.23,1.2757011869998591,0.08207305099996157,6.855355426999176,0.0001,60500.97
5.938394900003914,60860.0,3.24,1.2777351585006458,0.08262777050017614,6.867251078503777,0.0001,60510.91
5.95075530000031,60500.97,3.24,1.2798284010000527,0.08286132950000466,6.87955530000031,0.0001,60510.91
5.963016499998048,60233.51,3.23,1.2819278874996585,0.08309049499994145,6.8919673249979505,0.0001,60500.97
5.9752850999939255,60600.43,3.24,1.284074892498937,0.08345855299981778,6.904849354993622,0.0001,60530.8
5.9875677000090946,60223.63,3.23,1.2862243475015915,0.08367567700009095,6.91782176200964,0.0001,60500.97
5.999714900011895,60890.03,3.24,1.2883501075020816,0.08379714900011895,6.930697794012609,0.0001,60530.8
6.0118373000004794,60550.67,3.24,1.290471527500084,0.0839183730000048,6.943310792000499,0.0001,60530.8
6.02401930000633,60243.39,3.23,1.2925832810010762,0.08408038600012661,6.955819300006331,0.0001,60530.8
6.035906600009184,60530.8,3.24,1.2946041220015612,0.08431813200018369,6.967706600009184,0.0001,60550.67
6.047902299993439,60105.27,3.23,1.2966038794989174,0.08475560349970475,6.979623276993505,0.0001,60530.8
6.057083799998509,60930.12,3.24,1.298118826999754,0.0851687709999329,6.988712961998524,0.0001,60550.67
6.06943709999905,60600.43,3.24,1.3001571214998433,0.08525281450000476,7.00094272899906,0.0001,60530.8
6.081879600009415,60500.97,3.24,1.3022101340015535,0.08530337800051783,7.013242008009227,0.0001,60530.8
6.09395239999867,60560.62,3.24,1.3042021459997806,0.08596738199992689,7.025073351998697,0.0001,60530.8
6.106395400012843,60322.5,3.23,1.306255241002119,0.0861081379996147,7.037235515012522,0.0001,60520.85
6.11853120001615,60890.03,3.24,1.3082576480026649,0.0857440639995155,7.049067920015747,0.0001,60530.8
6.13086750000366,60530.8,3.24,1.310293137500604,0.08629771250020131,7.061313162503642,0.0001,60520.85
6.143164800014347,60411.64,3.23,1.3123380160024392,0.0868,7.073533152014204,0.0001,60500.97
6.155479800014291,60520.85,3.24,1.3144315660024295,0.0868,7.085725002014148,0.0001,60520.85
6.167662799998652,60292.81,3.23,1.3164643619997776,0.08706819799995283,7.097862799998652,0.0001,60481.1
6.179598499991698,60930.12,3.24,1.3184337524986303,0.08748594749970943,7.109798499991698,0.0001,60520.85
6.191675700014458,60481.1,3.23,1.320484869002458,0.08732486449978313,7.12193407851453,0.0001,60520.85
6.203695700009121,60312.6,3.23,1.3225097905015049,0.08731087100027361,7.133977221509075,0.0001,60481.1
6.212728200014681,60530.8,3.24,1.3240001530024224,0.08758184600044042,7.142964559014607,0.0001,60500.97
6.225054800015641,60362.09,3.23,1.326034042002581,0.0878,7.155178978015407,0.0001,60481.1
6.2372768000059295,60920.09,3.24,1.3280506720009784,0.0878,7.167217648005841,0.0001,60500.97
6.249519300006796,60520.85,3.24,1.3300706845011214,0.08818077200027183,7.179038528006524,0.0001,60491.04
6.261964800010901,60302.71,3.23,1.3321143680017442,0.08858035199989099,7.190966560010356,0.0001,60500.97
6.274259099998744,60500.97,3.24,1.334081455999799,0.08845740900001256,7.202646144998806,0.0001,60520.85
6.286304100009147,60105.27,3.23,1.3360086560014635,0.08877824600054882,7.214151936008781,0.0001,60500.97
6.2987548999954015,60960.21,3.24,1.3380007839992643,0.0895252939997241,7.226104703995585,0.0001,60520.85
6.310870200017234,60491.04,3.24,1.3399935830028435,0.08965435100008617,7.238115849017148,0.0001,60500.97
6.322955900017405,60540.73,3.24,1.3420172825030456,0.08981823600069619,7.25022979751784,0.0001,60491.04
6.335229499993147,60610.38,3.24,1.3441651624988007,0.09030917999972589,7.2628102374929755,0.0001,60500.97
6.347288999997545,60134.83,3.23,1.3462755749995703,0.09046355500001227,7.275462784997385,0.0001,60491.04
6.359390199999325,60890.03,3.24,1.3483932849998819,0.09040304900000337,7.28835056299928,0.0001,60540.73
6.3714641999977175,60451.33,3.23,1.3506208769995778,0.09051464199997718,7.3013240149975465,0.0001,60491.04
6.380737400002545,60451.33,3.23,1.3523290450004455,0.09061106100003817,7.31127058300266,0.0001,60461.26
6.392932299990207,60540.73,3.24,1.3544631524982862,0.0907939844998531,7.324014253489766,0.0001,60451.33
6.4050922000024,60362.09,3.23,1.3565402130003958,0.09102730500006,7.336441278002376,0.0001,60451.33
6.417300600005547,60839.98,3.24,1.3585545990009151,0.09133251500013866,7.348527594005492,0.0001,60451.33
6.429731300013373,60461.26,3.23,1.360459695002006,0.09149731300013372,7.360006826512103,0.0001,60451.33
6.44201240001712,60451.33,3.23,1.3623018600025683,0.09171068200094162,7.371091036015237,0.0001,60451.33
6.454591399990022,60451.33,3.23,1.3641887099985033,0.09240252699945123,7.38228634599112,0.0001,60461.26
6.4666072000109125,60273.03,3.23,1.3660241160016915,0.09266696399994544,7.3932116600100946,0.0001,60451.33
6.478988999995636,60799.96,3.24,1.3679432949993238,0.09260505500002182,7.4046648249959635,0.0001,60461.26
6.4910681000037584,60461.26,3.23,1.3698708960006014,0.09298738350013155,7.416114695003571,0.0001,60461.26
6.503031300002476,60342.28,3.23,1.3718001645004085,0.09328484349998761,7.427585830502439,0.0001,60451.33
6.514878299989505,60461.26,3.23,1.3737549194982683,0.09322560850005247,7.439255125489662,0.0001,60461.26
6.52676100001554,60263.15,3.23,1.3757831750027196,0.09347044000062162,7.451263830016007,0.0001,60461.26
6.535310900013428,60799.96,3.24,1.37727940750235,0.09381243600053712,7.460070227013831,0.0001,60461.26
6.547617200005334,60461.26,3.23,1.3794710960009602,0.09407617200005335,7.473088490005734,0.0001,60461.26
6.559923399996479,60372.01,3.23,1.3816862119993663,0.0941992339999648,7.486317654996215,0.0001,60461.26
6.572415100003127,60510.91,3.24,1.3839967935005784,0.09457245300009381,7.500118685503455,0.0001,60461.26
6.584594300016761,60253.26,3.23,1.3862499455031008,0.0948229715000838,7.51357670151852,0.0001,60461.26
6.5971981000038795,60880.02,3.24,1.3885816485007179,0.09488599050001939,7.5275039005042865,0.0001,60461.26
6.609528300003149,60441.41,3.23,1.3907674525005511,0.09518584900009447,7.5406047150033055,0.0001,60461.26
6.622401100001298,60481.1,3.23,1.392996181500214,0.0955,7.553905056001246,0.0001,60461.26
6.634546399989631,60461.26,3.23,1.3950001559982892,0.0955,7.565564543990046,0.0001,60461.26
6.646669800014934,60223.63,3.23,1.39690047000224,0.09573344300052268,7.57680282001344,0.0001,60441.41
6.658791599998949,60789.97,3.24,1.3987187399998424,0.0961577059999632,7.587712439999054,0.0001,60461.26
6.670896900002845,60411.64,3.23,1.4004800505004125,0.09630896900002844,7.598171334002447,0.0001,60441.41
6.682666600012453,60510.91,3.24,1.4021866570018058,0.09650666400049814,7.60829327601071,0.0001,60451.33
6.692075500002829,60421.57,3.23,1.4035509475004102,0.09688302000011317,7.616384930002433,0.0001,60451.33
6.704277999990154,60302.71,3.23,1.405363089998474,0.0972,7.627199929990794,0.0001,60421.57
6.7164893000153825,60829.98,3.24,1.4072558415023844,0.0972,7.638617495514382,0.0001,60451.33
6.728891600010684,60263.15,3.23,1.4093115720018161,0.09728891600010683,7.650969432010897,0.0001,60421.57
6.741091500007315,60451.33,3.23,1.4113964700013166,0.09741637250010972,7.66346244750779,0.0001,60421.57
6.753463800007012,60471.18,3.23,1.4136234840012623,0.09760195700010517,7.676638947007468,0.0001,60421.57
6.765890500013484,60184.14,3.23,1.415860290002427,0.0980239775007416,7.689961740014563,0.0001,60362.09
6.7779358999978285,60760.0,3.24,1.4180284619996093,0.09868647449988055,7.702970771997654,0.0001,60421.57
6.790266900003189,60362.09,3.23,1.42029937650059,0.09864599649995216,7.71633958650346,0.0001,60381.91
6.802258200012147,60362.09,3.23,1.4225064760021864,0.09857903700042517,7.729304983012937,0.0001,60421.57
6.814188499993179,60421.57,3.23,1.4246539299987722,0.09899659749976125,7.742010752492735,0.0001,60421.57
6.826340500003425,60223.63,3.23,1.4267461825005652,0.09926340500003425,7.754540500003425,0.0001,60381.91
6.838584200013429,60779.97,3.24,1.4287663930022159,0.0993858420001343,7.766784200013429,0.0001,60421.57
6.847906000009971,60381.91,3.23,1.430304490001645,0.09967671000034897,7.775868820009672,0.0001,60421.57
6.859946300013689,60471.18,3.23,1.4322911395022586,0.10009812050047912,7.787547911013279,0.0001,60451.33
6.872317800007295,60510.91,3.24,1.4342708480011672,0.10065430100032827,7.799425088007003,0.0001,60451.33
6.8845469999942,60203.88,3.23,1.436227519999072,0.100931795000087,7.811096914994518,0.0001,60451.33
6.896748300001491,60839.98,3.24,1.4381797280002386,0.10074877549997764,7.822627143501409,0.0001,60471.18
6.909155900008045,60451.33,3.23,1.4400733850012069,0.10097467700024135,7.834031869007321,0.0001,60451.33
6.921395100012887,60491.04,3.24,1.4419162405019976,0.10132790200025775,7.845176516511792,0.0001,60451.33
6.9335392999928445,60451.33,3.23,1.443798591498891,0.1015707859998569,7.856288459493452,0.0001,60451.33
6.945884999993723,60194.01,3.23,1.4457415999989958,0.10184712499984308,7.867849599993974,0.0001,60431.48
6.958113600005163,60750.0,3.24,1.447698176000826,0.1021528400001291,7.879589056004957,0.0001,60451.33
6.970050300005823,60372.01,3.23,1.44970855100099,0.10240100600011647,7.891601054505911,0.0001,60431.48
6.982371799997054,60431.48,3.23,1.4518269239994697,0.1026,7.904237825996847,0.0001,60431.48
6.99422210000921,60372.01,3.23,1.4539599780016579,0.1026,7.916917647009855,0.0001,60411.64
7.003199700004188,60124.98,3.23,1.455591944500775,0.10269599100012565,7.926539677504502,0.0001,60372.01
7.0154052000143565,60870.0,3.24,1.4578499620026562,0.1030621560004307,7.939660590015434,0.0001,60411.64
7.027820199989947,60352.19,3.23,1.460029433998291,0.10323910099994973,7.952654805989646,0.0001,60372.01
7.040084100008244,60471.18,3.23,1.4621138765013604,0.10330210250020612,7.96528241800808,0.0001,60411.64
7.052359399996931,60411.64,3.23,1.4641393009994936,0.10360898499992327,7.977312211996992,0.0001,60372.01
7.064629300002707,60154.55,3.23,1.466140688000433,0.10396202550009474,7.989197835002571,0.0001,60372.01
7.077007200015942,60670.17,3.24,1.4681211520025506,0.10439525200055795,8.000956840015144,0.0001,60411.64
7.0893909000151325,60322.5,3.23,1.4700555895023455,0.10431218199969734,8.01258049151415,0.0001,60372.01
7.101597100001527,60421.57,3.23,1.4719555360002443,0.10421179700010691,8.02401724500145,0.0001,60411.64
7.113967400015099,60372.01,3.23,1.473934784002416,0.10507771800105697,8.035769030014345,0.0001,60372.01
7.125742000003811,60154.55,3.23,1.4758187200006099,0.10538515999992377,8.04695490000362,0.0001,60372.01
7.137705800007097,60710.06,3.24,1.4777329280011355,0.10514588399985805,8.058320510006741,0.0001,60372.01
7.149802800006,60372.01,3.23,1.47966844800096,0.10554112600026999,8.06976364600567,0.0001,60372.01
7.161770100006834,60491.04,3.24,1.4815920665011275,0.1060265515001025,8.08114354850673,0.0001,60372.01
7.1711166000168305,60352.19,3.23,1.483134239002777,0.10616674900025246,8.090349851016578,0.0001,60372.01
7.183154600003036,60174.28,3.23,1.485136282000516,0.1063,8.102333465003111,0.0001,60352.19
7.195464599994011,60769.98,3.24,1.487228981998982,0.1063,8.114951214993862,0.0001,60372.01
7.207777100004023,60352.19,3.23,1.4893998780007243,0.1065333130001207,8.127765955004223,0.0001,60352.19
7.2200262999976985,60441.41,3.23,1.4916046024995973,0.10690039449996547,8.140627483497594,0.0001,60352.19
7.232324999989942,60342.28,3.23,1.4937568749982397,0.10708487499984912,8.153479624989489,0.0001,60342.28
7.244649100000969,60095.43,3.23,1.49586710150016,0.10722324550000485,8.166172345500973,0.0001,60342.28
7.256206199992447,60730.03,3.24,1.4977740229987537,0.10728103099996224,8.17778723099241,0.0001,60342.28
7.2684674999909475,60213.76,3.23,1.4998394749984612,0.10789272499936636,8.189940487491084,0.0001,60342.28
7.280759699991904,60312.6,3.23,1.5019253504986643,0.10869620150004049,8.202052102991985,0.0001,60342.28
7.2928882999985944,60342.28,3.23,1.503926569499768,0.10863555850000703,8.214059416998609,0.0001,60312.6
7.305357800010825,60056.05,3.23,1.505984037001786,0.10884110100048708,8.226377433010661,0.0001,60312.6
7.31736469999305,60690.1,3.24,1.5079651754988532,0.10938141149968722,8.238204229493153,0.0001,60312.6
7.326529100013431,60243.39,3.23,1.509477301502216,0.10933677249966423,8.247165872513095,0.0001,60312.6
7.339025900000706,60441.41,3.23,1.5115392735001165,0.10902435249998234,8.25935025250069,0.0001,60312.6
7.351465699990513,60312.6,3.23,1.5136491689983873,0.10974527049938336,8.271880356990419,0.0001,60312.6
7.363647999998648,60174.28,3.23,1.51572015999977,0.11035471999997971,8.28422095999862,0.0001,60302.71
7.3759710000013,60481.1,3.23,1.5178150700002209,0.11053956500001949,8.296790420001326,0.0001,60312.6
7.38820799998939,60243.39,3.23,1.5198953599981964,0.11080519999973475,8.309354239989071,0.0001,60302.71
7.400490100000751,60431.48,3.23,1.5219833170001278,0.11110245050000375,8.32199010000075,0.0001,60312.6
7.412765899993246,60302.71,3.23,1.524070202998852,0.11116382949996623,8.334265899993246,0.0001,60312.6
7.4251488000154495,60085.57,3.23,1.526123808002472,0.11138020800054073,8.346468592014908,0.0001,60302.71
7.437133600004017,60481.1,3.23,1.5280413760006428,0.11179967600014062,8.358033924003877,0.0001,60312.6
7.44940489999135,60233.51,3.23,1.5300047839986162,0.11171190200017299,8.369640605991869,0.0001,60302.71
7.461264799989294,60401.73,3.23,1.531896043998341,0.1115505919995718,8.380769939990097,0.0001,60312.6
7.473229399998672,60312.6,3.23,1.5337505569997942,0.1120291759999469,8.391837194998772,0.0001,60302.71
7.482575700007146,60075.73,3.23,1.5351992335011075,0.11237727100021437,8.400482522506609,0.0001,60263.15
7.494685899990145,60580.52,3.24,1.5370763144984725,0.11274057699970436,8.411684457490885,0.0001,60312.6
7.507147099997383,60016.7,3.23,1.5390435359995813,0.1131858839998953,8.423389744997515,0.0001,60263.15
7.519237200001953,60342.28,3.23,1.5409779520003124,0.11366948800007814,8.434875340001856,0.0001,60312.6
7.530581600003643,60263.15,3.23,1.5428988720006194,0.11375290800001822,8.446234508003663,0.0001,60263.15
7.542812700005015,60065.88,3.23,1.5449922225008779,0.11382812700005016,8.458667398505293,0.0001,60243.39
7.555143100005807,60520.85,3.24,1.5471500425010163,0.11395143100005807,8.471675970506126,0.0001,60243.39
7.567412100004731,60006.87,3.23,1.549371238500875,0.11414824200009462,8.484953310005203,0.0001,60223.63
7.5799452000064775,60401.73,3.23,1.5516898620011985,0.11439890400012954,8.498739720007125,0.0001,60243.39
7.592305500002112,60243.39,3.23,1.5539765175003908,0.11489222000008449,8.512459105002344,0.0001,60243.39
7.604586700006621,60046.2,3.23,1.5562485395012249,0.1151770664999669,8.525953636007152,0.0001,60223.63
7.616658799990546,60223.63,3.23,1.558481877998251,0.11511670600004727,8.538991503989791,0.0001,60243.39
7.628919100010535,60056.05,3.23,1.5606162470017908,0.11545676400042139,8.551697482010747,0.0001,60223.63
7.638119800016284,60322.5,3.23,1.5621803660027682,0.11582479200065135,8.56108219601661,0.0001,60243.39
7.650373899989063,60312.6,3.23,1.5641079544983048,0.11595186949994532,8.572699596489773,0.0001,60223.63
7.662781199993333,60095.43,3.23,1.5660032739990333,0.1161529659996333,8.584091831994266,0.0001,60213.76
7.675004699995043,60243.39,3.23,1.5677756814992811,0.11682525849972736,8.594604041995737,0.0001,60223.63
7.687219499988714,60144.69,3.23,1.569582924998307,0.11706390250005642,8.605217062490127,0.0001,60213.76
7.699575400009053,60451.33,3.23,1.571436310001358,0.11700212299995474,8.616028475007923,0.0001,60243.39
7.711921900016023,60213.76,3.23,1.5732882850024035,0.11747687600064091,8.62724892901458,0.0001,60243.39
7.72414380000555,59997.04,3.23,1.5751630080008878,0.11788287600011098,8.638495172005216,0.0001,60213.76
7.736325700010639,60263.15,3.23,1.5771121120017022,0.11812651400021276,8.64994615801,0.0001,60243.39
7.748627799999667,60164.42,3.23,1.5791235869999452,0.1182,8.661898382999672,0.0001,60213.76
7.760583700001007,60411.64,3.23,1.5811021475001763,0.11821751100003021,8.673715803501063,0.0001,60263.15
7.7726696000027005,60263.15,3.23,1.5832171800004726,0.11858008800008103,8.68646642800285,0.0001,60213.76
7.784508000011556,59957.75,3.23,1.5853565200021957,0.11895778000040447,8.699226420012886,0.0001,60174.28
7.793814200005727,60312.6,3.23,1.587124698001088,0.11928349700020043,8.709602833006386,0.0001,60263.15
7.806156600010581,59820.47,3.22,1.5894389710019574,0.1195307830000529,8.72339539201185,0.0001,60174.28
7.818437700014329,60421.57,3.23,1.5917109745026508,0.11959218850007164,8.737150224016046,0.0001,60263.15
7.830669399991166,60174.28,3.23,1.5939738389983658,0.11981338799982331,8.750422951990458,0.0001,60174.28
7.842812299990328,59997.04,3.23,1.5961780909983556,0.12004218449985492,8.763368545990135,0.0001,60174.28
7.8549977999937255,60401.73,3.23,1.5982496259989334,0.1202249669999059,8.775797755993601,0.0001,60174.28
7.8673875000094995,59859.66,3.22,1.6002820000015199,0.12081712500066498,8.788028937509168,0.0001,60174.28
7.87969490000978,60352.19,3.23,1.6022511840015647,0.12167864300068457,8.799905578509437,0.0001,60174.28
7.891844400000991,60174.28,3.23,1.6041358820001534,0.12122622399996037,8.810978404000902,0.0001,60174.28
7.904016499989666,59977.39,3.23,1.6060024749984498,0.12120123749922493,8.821974684990803,0.0001,60174.28
7.916020100004971,60184.14,3.23,1.6078030150007456,0.12210150750037282,8.832657889004425,0.0001,60184.14
7.928066899999975,59898.87,3.22,1.6096503694999962,0.12260167249999938,8.843581213499977,0.0001,60174.28
7.94026259999373,60312.6,3.23,1.611540702999028,0.12290656499984326,8.854748156994075,0.0001,60184.14
7.95226890000049,60213.76,3.23,1.613401679500076,0.12320672250001227,8.866094110500464,0.0001,60174.28
7.9616415000054985,59918.49,3.22,1.6148708475009075,0.12344103750013748,8.87500867000539,0.0001,60065.88
7.973901199991815,60233.51,3.23,1.6168936979986495,0.12374752999979537,8.88702317599198,0.0001,60105.27
7.9863336000125855,59938.12,3.22,1.6190083800022024,0.12412167600044048,8.8994919400129,0.0001,60065.88
7.998527699994156,60362.09,3.23,1.6211423474989772,0.12454846949979546,8.91199089249401,0.0001,60105.27
8.010876499989536,60065.88,3.23,1.6233577699981165,0.12449123500010464,8.925301002488647,0.0001,60105.27
8.023250199999893,59947.93,3.22,1.6256012869999803,0.12438374900000053,8.938758968999883,0.0001,60065.88
8.035420300002443,60105.27,3.23,1.627852755500452,0.12432289849998777,8.952085228502677,0.0001,60075.73
8.047773900005268,59977.39,3.23,1.630060432500922,0.12441660850007902,8.965340334005585,0.0001,60065.88
8.060005900013493,60421.57,3.23,1.632201003002294,0.1246004130009445,8.978305870513426,0.0001,60075.73
8.072082600003341,60115.12,3.23,1.634254042000568,0.12544578200023387,8.990322187003326,0.0001,60075.73
8.084000700007891,59889.06,3.22,1.6362401120012626,0.12589998249980272,9.002040672007576,0.0001,60075.73
8.096081499999855,60075.73,3.23,1.6381730399999768,0.12559796250000363,9.013638239999862,0.0001,60105.27
8.107900200004224,59722.67,3.22,1.6400640320006759,0.1258555090001901,9.024984192004055,0.0001,60075.73
8.117291100003058,60352.19,3.23,1.6415665760004894,0.12627809950013766,9.033999456002936,0.0001,60115.12
8.129521399998339,60164.42,3.23,1.6435234239997343,0.12668564199995017,9.045645329998422,0.0001,60115.12
8.141923999995925,59987.21,3.23,1.645507839999348,0.12706733999985734,9.05740855999617,0.0001,60075.73
8.154117600002792,60223.63,3.23,1.6474588160004466,0.12749411600009772,9.068870544002625,0.0001,60144.69
8.166672799998196,59771.55,3.22,1.6494676479997115,0.12763327200001806,9.080772523998277,0.0001,60144.69
8.17881420001504,60411.64,3.23,1.6514102720024064,0.1275118579998496,9.092367561014363,0.0001,60164.42
8.191119499999331,60144.69,3.23,1.6534347174998898,0.12794477999997328,9.104452707499343,0.0001,60144.69
8.203437999996822,59938.12,3.22,1.65548445999946,0.12833437999996822,9.116723949996745,0.0001,60095.43
8.215663300012238,60273.03,3.23,1.6575627610020804,0.1284566330001224,9.129254882512544,0.0001,60124.98
8.227624899998773,59781.33,3.22,1.6596343574997852,0.12884312049994476,9.14159177149873,0.0001,60095.43
8.23977620000369,60421.57,3.23,1.6617608350006454,0.129389929000166,9.15416836700382,0.0001,60124.98
8.252860200009309,60095.43,3.23,1.664050535001629,0.1294,9.167517404009494,0.0001,60095.43
8.263539400009904,59898.87,3.22,1.6658840010016343,0.12959466700054473,9.178374794010002,0.0001,60095.43
8.272798499994678,60124.98,3.23,1.667411752499122,0.13010391749970734,9.187726484994625,0.0001,60095.43
8.285225300001912,59761.77,3.22,1.6694621745003155,0.13057837950002868,9.200016288001835,0.0001,60085.57
8.297440199996345,60441.41,3.23,1.6714776329993968,0.13076160299994516,9.21174259199649,0.0001,60095.43
8.30969210001058,60095.43,3.23,1.6734507360016926,0.1308484605000529,9.223455955510103,0.0001,60095.43
8.322100799996406,59879.26,3.22,1.675436127999425,0.13092100799996403,9.235316767996549,0.0001,60085.57
8.334388699993724,60085.57,3.23,1.6774021919989959,0.13104388699993724,9.247113151993975,0.0001,60095.43
8.346730399993248,59859.66,3.22,1.679410515998886,0.13147017199962868,9.25912944399335,0.0001,60085.57
8.358868500014069,60411.64,3.23,1.6814133025023215,0.1321377675007738,9.271085472513859,0.0001,60095.43
8.371068200009177,60124.98,3.23,1.68348159400156,0.13225534100004588,9.28332354100922,0.0001,60095.43
8.383226500009187,59889.06,3.22,1.6855485050015617,0.1324613250004593,9.295542632509232,0.0001,60085.57
8.395372900005896,60223.63,3.23,1.6876133930010022,0.13306864500029475,9.307749764505925,0.0001,60105.27
8.40767380001489,59791.12,3.22,1.6896661770024568,0.13341510700022335,9.320112169014966,0.0001,60105.27
8.419563400006155,60282.93,3.23,1.6916279610010154,0.13359345100009232,9.332061217006185,0.0001,60115.12
8.428593999997247,60115.12,3.23,1.6932039499995182,0.1339437599998899,9.341265879997191,0.0001,60105.27
8.441045699990354,59938.12,3.22,1.6953777689983605,0.1343738575002411,9.353971842490115,0.0001,60006.87
8.453191100008553,60105.27,3.23,1.6974424870014542,0.13407022249978615,9.366420877508768,0.0001,60056.05
8.465365700016264,59761.77,3.22,1.699512169002765,0.1341414565007319,9.378765700016265,0.0001,60006.87
8.477826699992875,60312.6,3.23,1.7016305389987887,0.13470220149967935,9.391226699992874,0.0001,60056.05
8.490120300004492,60006.87,3.23,1.7036192480007186,0.1350024060000898,9.40306488650429,0.0001,60006.87
8.502292799996212,59810.69,3.22,1.705566847999394,0.13531463999981058,9.4146781599964,0.0001,59997.04
8.514543800003594,60056.05,3.23,1.707527008000575,0.1359271900001797,9.426316610003415,0.0001,59997.04
8.526856200012844,59683.61,3.22,1.709496992002055,0.13613143799987154,9.438184795012523,0.0001,59977.39
8.538217299996177,60273.03,3.23,1.7113147679993883,0.13601782700003823,9.449261867496274,0.0001,59997.04
8.550305600016145,59997.04,3.23,1.713300424002664,0.13646375200072652,9.461099488015822,0.0001,59997.04
8.562491599994246,59918.49,3.22,1.7153111139990507,0.1369,9.473066683994302,0.0001,59977.39
8.574686100007966,59977.39,3.23,1.7173232065013144,0.1369,9.485139239007886,0.0001,59997.04
8.583309600013308,59644.58,3.22,1.7187791800023289,0.13704893200059887,9.493808888013707,0.0001,59977.39
8.59577210000134,60362.09,3.23,1.7209601175002347,0.13760974450006036,9.506645263001381,0.0001,59997.04
8.608040299994173,60036.37,3.23,1.7231472539989512,0.1380412089998252,9.519683523993706,0.0001,59977.39
8.620772700000089,59898.87,3.22,1.7254429495000165,0.13841545400000177,9.533438379500097,0.0001,59957.75
8.633323499991093,59997.04,3.23,1.7277648474983522,0.13866646999982185,9.547055997490336,0.0001,59977.39
8.645720700005768,59742.22,3.22,1.7300011225010092,0.1388,9.560278131506028,0.0001,59957.75
8.657875300006708,60292.81,3.23,1.7321281775011739,0.1388,9.57297968850701,0.0001,59987.21
8.670243800006574,59957.75,3.23,1.734139008001052,0.1391585330002301,9.585136486006377,0.0001,59967.57
8.682505200005835,59869.46,3.22,1.7360883060009045,0.13961273400026258,9.59686720600528,0.0001,59957.75
8.694867400015937,59987.21,3.23,1.7380044470024703,0.1401690330007172,9.608054997014424,0.0001,59957.75
8.706676600006176,59781.33,3.22,1.7398014900009264,0.14066706400024706,9.618675557005528,0.0001,59947.93
8.718649599992204,60292.81,3.23,1.7415974399988305,0.14114598399968814,9.629391391993021,0.0001,59957.75
8.730669100012165,59967.57,3.23,1.7434537105018855,0.14077323599951344,9.64030888101107,0.0001,59957.75
8.742591799993534,59751.99,3.22,1.7453017289989976,0.1406073439994827,9.651236291993921,0.0001,59947.93
8.751902299991343,59947.93,3.22,1.746744856498658,0.14135218399930743,9.659988161991862,0.0001,59967.57
8.764309199992567,59800.91,3.22,1.7487110179987737,0.14193536200011148,9.671801469992753,0.0001,59947.93
8.776570899994113,60342.28,3.23,1.7507341984990288,0.14175143650008828,9.68375662749426,0.0001,59967.57
8.788888400013093,59967.57,3.23,1.7528110280022258,0.14218886200072012,9.696077284013223,0.0001,59957.75
8.801146200014045,59840.06,3.22,1.7549005850024577,0.14276561399957866,9.708514972014887,0.0001,59957.75
8.813568799989298,59967.57,3.23,1.7570745399981271,0.14239293600032107,9.721682927988656,0.0001,59957.75
8.825749400013592,59722.67,3.22,1.7592636390025145,0.14242997600054366,9.734795593014884,0.0001,59957.75
8.838221500016516,60332.39,3.23,1.7615709775030555,0.14292886000066063,9.748452542518086,0.0001,59967.57
8.850121099996613,59957.75,3.23,1.7637724034993736,0.1433036329998984,9.761583815496259,0.0001,59957.75
8.86179510000511,59957.75,3.23,1.7659141425008944,0.14367180400020446,9.774384855005367,0.0001,59957.75
8.873834500001976,59997.04,3.23,1.7680210375003458,0.14415338000007905,9.787026225002075,0.0001,59967.57
8.886200900014956,59771.55,3.22,1.7700921440023927,0.1445240180002991,9.799328846014058,0.0001,59957.75
8.898195599991595,60263.15,3.23,1.7720112959986551,0.1447639119998319,9.8106038639921,0.0001,59977.39
8.907073800015496,59938.12,3.22,1.7733610700023243,0.14504758300054235,9.81848957501356,0.0001,59957.75
8.919542699994054,59977.39,3.23,1.7752314049991083,0.14548399449979188,9.829399862494798,0.0001,59957.75
8.931899799994426,60065.88,3.23,1.777025470999192,0.14538100200005574,9.840271823995096,0.0001,59938.12
8.944648500008043,59761.77,3.22,1.7789205175012468,0.14548594000032175,9.85165337750736,0.0001,59938.12
8.956996199995046,60332.39,3.23,1.7808344109992325,0.1459798479998019,9.862951522995468,0.0001,59938.12
8.969317900016904,59830.27,3.22,1.7827908640027048,0.1461,9.87455200501606,0.0001,59938.12
8.981522399990354,59849.86,3.22,1.7847511959984084,0.14620656799932474,9.886214787990403,0.0001,59849.86
8.993773800000781,59938.12,3.22,1.7867726770001289,0.14706416600005467,9.898404931000778,0.0001,59849.86
9.006058200000552,59683.61,3.22,1.7888601850000967,0.14737883599998894,9.91083994600057,0.0001,59840.06
9.01810459999251,60223.63,3.23,1.7909683049986893,0.1471379080001498,9.923247737992286,0.0001,59849.86
9.030270799994469,59840.06,3.22,1.7931487439990044,0.14771624799966815,9.936292463994027,0.0001,59849.86
9.042184699996143,59820.47,3.22,1.7953041694992866,0.14834369399992287,9.949181322995797,0.0001,59898.87
9.054206500004511,59918.49,3.22,1.7975282025008346,0.14858413000009021,9.962285085004916,0.0001,59918.49
9.06355680001434,59683.61,3.22,1.799240224002581,0.14878892000035848,9.972459128015558,0.0001,59898.87
9.075707800016971,60302.71,3.23,1.801427404003055,0.14909269500042427,9.985642963018414,0.0001,59918.49
9.088103299989598,59898.87,3.22,1.8035775609982316,0.14903793400020804,9.99856536598939,0.0001,59898.87
9.100479200016707,59977.39,3.23,1.8056766720026733,0.14883354400116952,10.011157636015955,0.0001,59918.49
9.112691499991342,59967.57,3.23,1.8076306399986148,0.149688404999394,10.022820382491732,0.0001,59918.49
9.12489559999085,59781.33,3.22,1.809583295998536,0.1501510440000915,10.034352907991492,0.0001,59898.87
9.13714219999383,60292.81,3.23,1.8115427519990128,0.1500285780000617,10.045742245994262,0.0001,59947.93
9.149628599989226,59859.66,3.22,1.81349243299833,0.15043328699951516,10.057306454990034,0.0001,59898.87
9.161776699998883,59947.93,3.22,1.815375388499827,0.15092665049998324,10.068552330998962,0.0001,59869.46
9.174038299999667,59869.46,3.22,1.8172759364999485,0.15111057449999502,10.07995561899969,0.0001,59869.46
9.185838900011731,59654.33,3.22,1.819134224001877,0.15137516700035195,10.091076149511203,0.0001,59859.66
9.197956799995154,60164.42,3.23,1.8210730879992247,0.15173870399985465,10.102648743995372,0.0001,59869.46
9.209954899997683,59810.69,3.22,1.823092332999606,0.15199909799995368,10.114554899997684,0.0001,59859.66
9.219142499990994,59820.47,3.22,1.824654224998469,0.15218284999981987,10.123742499990993,0.0001,59820.47
9.231341300008353,59928.29,3.22,1.8267280210014198,0.15276706500041762,10.136338245508645,0.0001,59820.47
9.243696399993496,59654.33,3.22,1.8288653519988294,0.15318151800003252,10.149218183993106,0.0001,59810.69
9.25600029999623,60213.76,3.23,1.8310800539993217,0.15311999850001887,10.162260317996004,0.0001,59820.47
9.268195000011474,59761.77,3.22,1.8332751000020653,0.1536736500008032,10.175309625012334,0.0001,59810.69
9.280625400017014,59810.69,3.22,1.8355094450029774,0.1544781109994045,10.188659797017952,0.0001,59810.69
9.292893200006803,59859.66,3.22,1.8376563100011905,0.15404873799976188,10.201602326007178,0.0001,59781.33
9.305116500006989,59576.36,3.22,1.839769805001188,0.1541837375005241,10.214139752506883,0.0001,59761.77
9.31764620001195,60095.43,3.23,1.8418998540020315,0.15512346500089622,10.22648150701177,0.0001,59781.33
9.329552600014722,59742.22,3.22,1.8438284160023555,0.15525223699992638,10.23792273301406,0.0001,59781.33
9.341536799998721,59781.33,3.22,1.8457382039998018,0.15527683999993608,10.249352275998792,0.0001,59810.69
9.353484199993547,59761.77,3.22,1.8475900509989998,0.15587420999967738,10.260642568993902,0.0001,59840.06
9.365703499992378,59547.14,3.22,1.8495125599987805,0.15631406999984757,10.272161289992836,0.0001,59781.33
9.374653800012311,60184.14,3.23,1.8509446080019696,0.1564930760002462,10.280574572011572,0.0001,59840.06
9.386838100006571,59840.06,3.22,1.8528940960010511,0.1567367620001314,10.292027814006177,0.0001,59781.33
9.398964499996511,59957.75,3.23,1.8548343199994417,0.15697928999993022,10.30342662999672,0.0001,59840.06
9.411381999991134,59879.26,3.22,1.8568211199985813,0.15728454999977834,10.315269809991532,0.0001,59869.46
9.423740099999122,59644.58,3.22,1.8588171164998553,0.1575187004999956,10.327221399499127,0.0001,59869.46
9.435982599999988,60184.14,3.23,1.860837128999998,0.15757991299999993,10.339402686999989,0.0001,59869.46
9.448424100002738,59781.33,3.22,1.8629320970004655,0.15781060250006845,10.351992582002794,0.0001,59869.46
9.460842800006503,59869.46,3.22,1.8650474900011382,0.1581632100004878,10.364663870006666,0.0001,59869.46
9.473147300013807,59869.46,3.22,1.8672007775024162,0.1590860475010355,10.377275982514151,0.0001,59840.06
9.485245099989697,59683.61,3.22,1.8692654414983,0.15936397050046364,10.389545099989697,0.0001,59810.69
9.497254299989436,60223.63,3.23,1.8712469594982568,0.1588235565004754,10.401554299989435,0.0001,59840.06
9.509292500006266,59742.22,3.22,1.873233262501034,0.15967571250065796,10.413313725006079,0.0001,59840.06
9.521319899999071,59840.06,3.22,1.8752111839998513,0.16076040300002786,10.424967103999109,0.0001,59869.46
9.533123500004876,59810.69,3.22,1.8770997600007804,0.1604062949998537,10.436298560004682,0.0001,59840.06
9.541665199998535,59605.58,3.22,1.8784747579997585,0.16027493399993412,10.444506917998586,0.0001,59810.69
9.553868499991951,60203.88,3.23,1.880488302498672,0.1608240824996378,10.456283102492232,0.0001,59840.06
9.566166300006442,59889.06,3.22,1.8825174395010629,0.1611308315000322,10.468335468506409,0.0001,59810.69
9.578431700007059,59898.87,3.22,1.8845412305011646,0.1611921585000353,10.480539541507024,0.0001,59840.06
9.591025200003058,59771.55,3.22,1.88667428400052,0.1612551260000153,10.493290578003105,0.0001,59810.69
9.603395300015109,59634.83,3.22,1.8887941775026442,0.16152069450098208,10.505897159015563,0.0001,59771.55
9.615814499993576,60105.27,3.23,1.890967537498876,0.16232794249958246,10.518688934993383,0.0001,59889.06
9.628356000001077,59664.1,3.22,1.893120520000183,0.1626417800000054,10.531648460001113,0.0001,59781.33
9.640909400011878,59938.12,3.22,1.8952591450020786,0.16273637600047514,10.544636682012234,0.0001,59781.33
9.652977199992165,59761.77,3.22,1.897371009998629,0.1632190879996866,10.557066515991929,0.0001,59781.33
9.664889200008474,59595.85,3.22,1.8994311640014407,0.16372001400038133,10.56923809200856,0.0001,59781.33
9.676616000011563,60085.57,3.23,1.9014247200019658,0.16424772000052035,10.581082160011679,0.0001,59791.12
9.688929099997038,59781.33,3.22,1.9034733014995113,0.1644,10.593250517997099,0.0001,59791.12
9.69818259999738,59879.26,3.22,1.905000128999568,0.1644,10.602318947997434,0.0001,59800.91
9.710654900001826,59791.12,3.22,1.9069515095002831,0.16493274500009128,10.614062331501707,0.0001,59800.91
9.723076499998571,59595.85,3.22,1.9088768574997785,0.16541538249999285,10.625645762498678,0.0001,59800.91
9.735095999989426,60095.43,3.23,1.910739879998361,0.16547547999994713,10.636763799990218,0.0001,59800.91
9.747586100012995,59800.91,3.22,1.9127137760020791,0.1659930965008447,10.64846886451228,0.0001,59800.91
9.75978930000565,59898.87,3.22,1.9146662880009042,0.16678630450036727,10.660000888505339,0.0001,59800.91
9.772129599994514,59800.91,3.22,1.916701383999095,0.16698194399991773,10.671905063994707,0.0001,59800.91
9.784453600004781,59586.1,3.22,1.918734844000789,0.16716680400007172,10.68399813600483,0.0001,59800.91
9.796734200004721,60134.83,3.23,1.920761143000779,0.1673510130000708,10.696401542004768,0.0001,59800.91
9.808784099994227,59586.1,3.22,1.9228811379989608,0.16775136399976906,10.708923304993938,0.0001,59800.91
9.820783900009701,59869.46,3.22,1.9250411020017462,0.16820391950004848,10.721546612010478,0.0001,59800.91
9.832980900013355,59761.77,3.22,1.9272365620024041,0.1682649045000668,10.734719372014425,0.0001,59761.77
9.844714100006966,59576.36,3.22,1.929348538001254,0.16841785250017416,10.747438369007593,0.0001,59761.77
9.853860700008227,60095.43,3.23,1.930994926001481,0.16864651750020568,10.757408163008966,0.0001,59761.77
9.866313300008187,59693.38,3.22,1.9332363940014736,0.16911566500040937,10.770792098008677,0.0001,59761.77
9.878775799996218,59918.49,3.22,1.9354796439993192,0.16973878999981087,10.78400234799599,0.0001,59761.77
9.890701800002716,59761.77,3.22,1.937465797000448,0.17001403600005432,10.795734255002648,0.0001,59761.77
9.902951800002482,59488.79,3.22,1.9394427700003722,0.17030331300008686,10.807456620002233,0.0001,59703.14
9.915553300001193,59781.33,3.22,1.941332995000179,0.17074436550004174,10.818797970001075,0.0001,59761.77
9.92756919999374,59644.58,3.22,1.9431353799990612,0.17124061399971835,10.829574433994399,0.0001,59703.14
9.94014300001436,59928.29,3.22,1.945022165002226,0.17179928499992822,10.840830130013067,0.0001,59761.77
9.952115099993534,59703.14,3.22,1.946877840498998,0.17173942450003232,10.851724740994117,0.0001,59703.14
9.964804099989122,59508.24,3.22,1.948844635498314,0.17184412299967367,10.86339183348983,0.0001,59703.14
9.976064000016777,59820.47,3.22,1.9505899200026005,0.1721819200005033,10.873919840015686,0.0001,59703.14
9.987968900008127,59615.33,3.22,1.9524750240013002,0.17233984450004064,10.885250144007802,0.0001,59703.14
10.000077700009571,59859.66,3.22,1.9544128205015792,0.17240310800038286,10.896876534509428,0.0001,59703.14
10.008659000013722,59703.14,3.22,1.955828735002264,0.17274636000054888,10.905329115013517,0.0001,59703.14
10.020891499996651,59547.14,3.22,1.957856012499414,0.17325794749978232,10.91741824499655,0.0001,59703.14
10.03320160001749,59928.29,3.22,1.960010280003061,0.1740581040011369,10.930097648018014,0.0001,59820.47
10.04553900001338,59352.91,3.21,1.9622247150024754,0.1745830850002007,10.943192900014717,0.0001,59703.14
10.057755199988607,59889.06,3.22,1.9644847119978923,0.1747663279998291,10.956630719987468,0.0001,59820.47
10.070018700003857,59879.26,3.22,1.9668035530007328,0.1751005610001157,10.97037103750434,0.0001,59742.22
10.082946100010302,59537.42,3.22,1.9692450285019059,0.1754,10.984840710011332,0.0001,59742.22
10.095245200005593,59957.75,3.23,1.9715203620010346,0.1754,10.998369720006153,0.0001,59742.22
10.107557000010274,59440.22,3.22,1.9736846900017466,0.17574006500046238,11.011232570010378,0.0001,59722.67
10.12017090001609,59820.47,3.22,1.9758264895024942,0.17630512700048273,11.023957228014803,0.0001,59742.22
10.132180300017355,59742.22,3.22,1.97768794650269,0.17666540900052066,11.035005876015965,0.0001,59742.22
10.144195000000762,59527.69,3.22,1.9795292500001143,0.17700487500001905,11.045975500000685,0.0001,59722.67
10.156188799999654,59722.67,3.22,1.981328319999948,0.17730471999999137,11.056769919999688,0.0001,59742.22
10.168127100012498,59488.79,3.22,1.9831597005019372,0.17780635500062492,11.067636296511436,0.0001,59722.67
10.177545100013958,59889.06,3.22,1.9846194905021637,0.17827725500069794,11.076253766512773,0.0001,59742.22
10.189753400016343,59771.55,3.22,1.9865117770025333,0.1786438350004086,11.087668196015363,0.0001,59722.67
10.202012399997331,59566.62,3.22,1.9884320459995597,0.17898049599989327,11.099272151997386,0.0001,59712.91
10.214328900008695,59742.22,3.22,1.9904642685014347,0.1794731560003478,11.11134232200852,0.0001,59722.67
10.226710299990373,59566.62,3.22,1.9925407509983633,0.17980065449985558,11.123710954490228,0.0001,59712.91
10.239134700008435,59977.39,3.23,1.9946528990014338,0.17998702050012652,11.136321720508562,0.0001,59742.22
10.25148530001752,59712.91,3.22,1.9968099275030662,0.18040198550061323,11.149259565018397,0.0001,59712.91
10.26345259998925,59556.89,3.22,1.9989387309980113,0.18080357799967753,11.16192880798839,0.0001,59673.85
10.275837499997579,59742.22,3.22,2.001229937499552,0.18117512499992736,11.175304499997386,0.0001,59712.91
10.287937699991742,59625.08,3.22,2.0034287859985134,0.18149844249979355,11.188293338991164,0.0001,59673.85
10.299805499991635,59928.29,3.22,2.005564989998494,0.18179513749979084,11.20099188499105,0.0001,59712.91
10.311883599992143,59673.85,3.22,2.007679629998625,0.18215650799976427,11.213618361991788,0.0001,59703.14
10.323892999993404,59508.24,3.22,2.009742344998912,0.18243892999993405,11.225973534993436,0.0001,59673.85
10.333111499989172,59751.99,3.22,2.0112633974982135,0.18253111499989175,11.235145942489227,0.0001,59703.14
10.345486100006383,59420.8,3.21,2.013277776001021,0.18284687450028725,11.247184364506033,0.0001,59673.85
10.357589199993527,60016.7,3.23,2.0152142719989645,0.1833915139997087,11.258621793993882,0.0001,59703.14
10.369764400005806,59703.14,3.22,2.0170646600008713,0.1836952880001161,11.269785604005284,0.0001,59673.85
10.381977600016398,59556.89,3.22,2.0188966400024597,0.18401865600098385,11.280869952014676,0.0001,59664.1
10.39441269999952,59830.27,3.22,2.020761904999928,0.1847647619999712,11.29199936649957,0.0001,59703.14
10.406676999991758,59323.83,3.21,2.0226349349987225,0.1851333849999588,11.303176224992376,0.0001,59664.1
10.419133799994597,59869.46,3.22,2.0245657389991627,0.185195668999973,11.314698764995002,0.0001,59703.14
10.431393600010779,59664.1,3.22,2.0265799440017784,0.18554180800032338,11.326380888010293,0.0001,59693.38
10.443478300003335,59449.92,3.22,2.0285739195005505,0.1859565235001501,11.33806090850332,0.0001,59664.1
10.45537310000509,59722.67,3.22,2.0305365615008397,0.1864917895002291,11.349896234505065,0.0001,59693.38
10.467515299998922,59304.47,3.21,2.0326151774998116,0.18681272949998384,11.362315911998879,0.0001,59664.1
10.479559100000186,60026.54,3.23,2.0347228425000328,0.18699338650000277,11.374841464000193,0.0001,59693.38
10.488832900009582,59693.38,3.22,2.036389922001725,0.18717665800019165,11.384707038510204,0.0001,59664.1
10.501222399994731,59556.89,3.22,2.038613919999078,0.1874550079997629,11.397865183994545,0.0001,59664.1
10.513160700007575,59742.22,3.22,2.0407031225013257,0.18799223150034086,11.41022132450784,0.0001,59664.1
10.525410800008103,59372.3,3.21,2.042792782001337,0.18848937800028362,11.422737854008144,0.0001,59644.58
10.53747129999101,59977.39,3.23,2.0447827644985166,0.18891149549968536,11.434858656490967,0.0001,59664.1
10.549195400002647,59664.1,3.22,2.04676321800045,0.18927586200007943,11.44664137700266,0.0001,59664.1
10.561542100011138,59469.35,3.22,2.0488621570018934,0.1896,11.459065231511305,0.0001,59644.58
10.573840299999574,59644.58,3.22,2.0509528509999275,0.1896,11.471547904499568,0.0001,59664.1
10.586179300007643,59420.8,3.21,2.0530504810012995,0.1899398615004204,11.484071989507758,0.0001,59644.58
10.59843230000115,59997.04,3.23,2.0551334910001957,0.19061377650006328,11.496508784501168,0.0001,59664.1
10.61065360001521,59703.14,3.22,2.057211112002586,0.1910196080004563,11.508700332015135,0.0001,59654.33
10.623018699989188,59488.79,3.22,2.0592829919982703,0.19133018699989188,11.520928138989515,0.0001,59644.58
10.635207799990894,59673.85,3.22,2.061233247998543,0.19145207799990893,11.532751565991168,0.0001,59654.33
10.644433700013906,59401.39,3.21,2.0627315605022942,0.19178819050090384,11.541678520513418,0.0001,59654.33
10.656769399996847,60036.37,3.23,2.0647669509994797,0.19259001099979503,11.553582470996956,0.0001,59673.85
10.668940200004727,59654.33,3.22,2.06677513300078,0.1930682060001418,11.565506097004656,0.0001,59673.85
10.681320900010178,59498.51,3.22,2.0688179485016795,0.1934660450005089,11.577714295510127,0.0001,59654.33
10.693603699997766,59683.61,3.22,2.0708446104996314,0.19408018499988833,11.589935681497778,0.0001,59673.85
10.705912300007185,59372.3,3.21,2.0728755295011854,0.19425219249982037,11.602123615507077,0.0001,59654.33
10.718181200005347,59928.29,3.22,2.0748998980008824,0.19394546999986634,11.614208482005266,0.0001,59683.61
10.730546900012996,59712.91,3.22,2.0769402385021443,0.19421640700038986,11.626230493012606,0.0001,59654.33
10.742709500016645,59469.35,3.22,2.0789335200026633,0.19456773750041612,11.637987572515897,0.0001,59644.58
10.754999199998565,59703.14,3.22,2.0808998719997707,0.19487497999996414,11.64972423599863,0.0001,59683.61
10.7670955999929,59343.21,3.21,2.0827998179988993,0.195283823999716,11.661169863993326,0.0001,59644.58
10.779008100013016,59938.12,3.22,2.0846462555020175,0.19576032400052065,11.672367614012234,0.0001,59703.14
10.791037199989658,59644.58,3.22,2.0866211379982933,0.1963518599994829,11.684006083989967,0.0001,59703.14
10.800183400016977,59595.85,3.22,2.088131178002886,0.19680550200050928,11.692887068017315,0.0001,59644.58
10.812440400011837,59712.91,3.22,2.090214868002012,0.19717321200035512,11.705389208012074,0.0001,59664.1
10.824609000002967,59411.09,3.21,2.092329620000534,0.19746913500004448,11.717939450003115,0.0001,59644.58
10.836945299990475,60115.12,3.23,2.0945501539982856,0.1976541794998571,11.730892564989999,0.0001,59664.1
10.849179400014691,59703.14,3.22,2.0967522920026442,0.19815897000073457,11.744105546016014,0.0001,59644.58
10.861569600005168,59547.14,3.22,2.0989903760009563,0.19872354400007752,11.757603016005609,0.0001,59625.08
10.873785500007216,59664.1,3.22,2.101250317501335,0.19890678250010824,11.770857267507829,0.0001,59654.33
10.886322000005748,59469.35,3.22,2.103474740000977,0.19937932000034486,11.784048440005861,0.0001,59625.08
10.898428000014974,59938.12,3.22,2.1055327600025455,0.2001056800008984,11.796396560015273,0.0001,59654.33
10.910707500006538,59625.08,3.22,2.107513200001046,0.20014646249996731,11.808225662506244,0.0001,59625.08
10.922698100010166,59527.69,3.22,2.1094047150015247,0.20024839550055915,11.81952829000915,0.0001,59605.58
10.934571899997536,59654.33,3.22,2.1111857849996305,0.2009014544998645,11.830214709997783,0.0001,59625.08
10.946647100005066,59420.8,3.21,2.1130303005007853,0.201399413000152,11.841115625504585,0.0001,59605.58
10.958469500008505,59869.46,3.22,2.1148627725013185,0.20175408500025518,11.851814897507698,0.0001,59625.08
10.968232000013815,59605.58,3.22,2.1163348000020723,0.20208812000048354,11.86077344001271,0.0001,59625.08
10.980125700007193,59537.42,3.22,2.118120112001151,0.2025,11.871717529506725,0.0001,59605.58
10.992553799995223,59703.14,3.22,2.120108607999236,0.2025,11.883337802995534,0.0001,59625.08
11.00488990001031,59430.5,3.21,2.12208238400165,0.20269559600041243,11.89501875350995,0.0001,59605.58
11.017116900009569,59957.75,3.23,2.124038704001531,0.20318467600038279,11.906817808509233,0.0001,59625.08
11.029558900016127,59625.08,3.22,2.1261728075028223,0.20373015050072574,11.91935007801645,0.0001,59625.08
11.04181779999635,59459.63,3.22,2.1283272039993433,0.20428180099983578,11.931990490996004,0.0001,59634.83
11.053995099995518,59664.1,3.22,2.1305191179991936,0.2048297794997983,11.945324634495092,0.0001,59634.83
11.066477699991083,59420.8,3.21,2.132863151498261,0.20500283450013376,11.959349354989746,0.0001,59625.08
11.078239099995699,59908.67,3.22,2.135156624499161,0.20482641350006453,11.972874964995054,0.0001,59634.83
11.090373100014403,59634.83,3.22,2.1374708890027367,0.2054223860008642,11.986621603016276,0.0001,59634.83
11.10237569999299,59664.1,3.22,2.1397157474987734,0.2060237569999299,11.999982606492676,0.0001,59634.83
11.1144612999924,59625.08,3.22,2.14183072749867,0.20614461299992398,12.012612058492058,0.0001,59634.83
11.123604799999157,59333.52,3.21,2.1433587439998694,0.20638023999995786,12.021752463999217,0.0001,59634.83
11.13586840001517,59947.93,3.22,2.1452596020023513,0.20699342000075846,12.033157612014108,0.0001,59634.83
11.148257799999554,59634.83,3.22,2.147097380999935,0.2075716009999799,12.044184285999611,0.0001,59634.83
11.160472199990183,59566.62,3.22,2.1488684689985766,0.20810944399980366,12.054806091991557,0.0001,59625.08
11.172911700006807,59664.1,3.22,2.150672196500987,0.20835823400013614,12.065504062005854,0.0001,59625.08
11.18518070000573,59391.68,3.21,2.1524771050008598,0.20860361400011462,12.076159016005043,0.0001,59566.62
11.197353399998974,59957.75,3.23,2.1543030099998464,0.20884706799997949,12.086870991999097,0.0001,59634.83
11.209729199996218,59537.42,3.22,2.1562080259994136,0.20943510599979198,12.098150863996521,0.0001,59566.62
11.22199580000597,59527.69,3.22,2.158119328000955,0.21,12.10953592600579,0.0001,59566.62
11.2339789000107,59634.83,3.22,2.160036624001712,0.21,12.121159533010378,0.0001,59566.62
11.246112799999537,59372.3,3.21,2.162069739999919,0.2103667679999722,12.133296183999523,0.0001,59537.42
11.258347800001502,59869.46,3.22,2.1642108650002627,0.21110086800009012,12.145898234001548,0.0001,59566.62
11.269973299989942,59566.62,3.22,2.16629519399819,0.21139946599979886,12.15832129748919,0.0001,59566.62
11.279431200004183,59517.96,3.22,2.167997616000753,0.21158862400008369,12.168488540004498,0.0001,59566.62
11.291672299994389,59615.33,3.22,2.170259375498962,0.21235869949963526,12.181997891493799,0.0001,59566.62
11.303819799999475,59411.09,3.21,2.172506662999903,0.21291909899999736,12.19542087899942,0.0001,59566.62
11.316220700013218,59908.67,3.22,2.1748008295024452,0.21298110350006608,12.209123873514606,0.0001,59566.62
11.328413400013233,59566.62,3.22,2.1770144120023818,0.21342067000066162,12.22217613701396,0.0001,59566.62
11.340624500007834,59586.1,3.22,2.179203042501293,0.21401873500023502,12.235024500007835,0.0001,59566.62
11.35272769999574,59556.89,3.22,2.181200070499297,0.2143818309998722,12.24712769999574,0.0001,59576.36
11.364947299996857,59401.39,3.21,2.1832163044994815,0.21477315549988998,12.259174144496967,0.0001,59566.62
11.37744109999039,59918.49,3.22,2.1852777814984146,0.21521043849966365,12.271230661490726,0.0001,59576.36
11.389536500006214,59547.14,3.22,2.1871781575009632,0.2155860950001864,12.282521262505746,0.0001,59566.62
11.401687900011895,59576.36,3.22,2.1890531850017845,0.2159675160004758,12.293719110010704,0.0001,59566.62
11.413853500009283,59576.36,3.22,2.1908780250013926,0.21645414000037133,12.304668150008355,0.0001,59566.62
11.425867699988885,59381.98,3.21,2.192709493498277,0.21690536949961098,12.315598283989774,0.0001,59566.62
11.435051300009947,59889.06,3.22,2.194132951501542,0.21722679550034818,12.324047196009152,0.0001,59576.36
11.44723300001351,59566.62,3.22,2.1960572800021616,0.21772548500060798,12.335616010013105,0.0001,59566.62
11.459458099998301,59556.89,3.22,2.1980132959997283,0.21827561449992358,12.347474356998353,0.0001,59566.62
11.47190890001366,59586.1,3.22,2.2001840575023905,0.2184190890001366,12.360206622514001,0.0001,59556.89
11.484043000004023,59362.59,3.21,2.202307525000704,0.2186617200001609,12.372745150004222,0.0001,59508.24
11.496267700014869,59957.75,3.23,2.204446847502602,0.21915070800059475,12.385581085015613,0.0001,59556.89
11.508479000010995,59508.24,3.22,2.2065838250019243,0.21942718500016492,12.39836055501149,0.0001,59508.24
11.520881300006295,59508.24,3.22,2.2087498210010703,0.21963965850028327,12.411290113006357,0.0001,59508.24
11.533136000012746,59508.24,3.22,2.210833120002167,0.22019112000057361,12.423667360012875,0.0001,59508.24
11.544500499992864,59362.59,3.21,2.212742582498823,0.22065751749975027,12.434987987493043,0.0001,59479.07
11.556602199998451,59830.27,3.22,2.2147393629997447,0.2210810769999458,12.44678714499849,0.0001,59508.24
11.568886599998223,59459.63,3.22,2.2167218559997157,0.22177762899988446,12.458586702998304,0.0001,59508.24
11.581092500011437,59479.07,3.22,2.21867480000183,0.22254370000045748,12.470243337510922,0.0001,59508.24
11.593384700012395,59411.09,3.21,2.2206415520019833,0.2230353880004958,12.481982388511838,0.0001,59488.79
11.602131299994653,59275.42,3.21,2.2220516644991175,0.2233639389998396,12.490367360994814,0.0001,59479.07
11.61449929999071,59889.06,3.22,2.2240923844984675,0.2237349789997213,12.502364320990988,0.0001,59488.79
11.627285099995788,59517.96,3.22,2.226165615999326,0.22397285099995787,12.514766546995915,0.0001,59479.07
11.63958280000952,59527.69,3.22,2.2281332480015235,0.2240958280000952,12.526695316009235,0.0001,59488.79
11.652090899995528,59488.79,3.22,2.2301949984992624,0.22476499949975404,12.538767718495684,0.0001,59488.79
11.664175200014142,59227.07,3.21,2.2321889080023336,0.2252208760000707,12.55051257201393,0.0001,59488.79
11.676680600008694,59810.69,3.22,2.2342522990014344,0.2252834030000435,12.562830391008564,0.0001,59517.96
11.688903500005834,59440.22,3.22,2.2363135950009916,0.22596776250043757,12.57522608750598,0.0001,59488.79
11.701066100009484,59547.14,3.22,2.2383865675016597,0.22680533050004742,12.587703413509818,0.0001,59488.79
11.713340999995127,59469.35,3.22,2.240534674999147,0.22686670499997563,12.600407934994957,0.0001,59488.79
11.725170599995181,59304.47,3.21,2.2425790019991805,0.22723608899968673,12.612574011995084,0.0001,59469.35
11.737143600010313,59830.27,3.22,2.244614412001753,0.2280143340006703,12.62478647201052,0.0001,59488.79
11.748968300002163,59440.22,3.22,2.246579769500357,0.22842420750005407,12.63653377550213,0.0001,59469.35
11.758558700006686,59508.24,3.22,2.2481621855011036,0.22866396750016715,12.645980319506586,0.0001,59488.79
11.77087269999902,59488.79,3.22,2.250139631999843,0.2294067254999363,12.657783428499064,0.0001,59469.35
11.783120300009614,59246.41,3.21,2.252114849501586,0.23003120300009616,12.669542292509373,0.0001,59459.63
11.795345399994403,59859.66,3.22,2.2541319909990767,0.23015345399994402,12.681461764994543,0.0001,59488.79
11.807596700004071,59459.63,3.22,2.256191439000692,0.23069378550026456,12.69355871650405,0.0001,59459.63
11.819900800008327,59527.69,3.22,2.2582831360014155,0.23149355200054123,12.705801296008284,0.0001,59488.79
11.832177400006913,59440.22,3.22,2.2603092710011405,0.23143911299996545,12.718138287006948,0.0001,59459.63
11.844471199990949,59304.47,3.21,2.262382459998416,0.23173533999932117,12.730582979990723,0.0001,59449.92
11.856827600015095,59615.33,3.22,2.2645448300026416,0.23266207000113212,12.743248290015472,0.0001,59459.63
11.868876299995463,59372.3,3.21,2.266653352499206,0.23329943349979584,12.755775733495259,0.0001,59459.63
11.880823000014061,59488.79,3.22,2.2687399100023904,0.23382057500035153,12.768243575014413,0.0001,59469.35
11.892775499989511,59449.92,3.22,2.2707718349982167,0.2341193874997378,12.78049488748925,0.0001,59459.63
11.904903199989349,59246.41,3.21,2.272833543998189,0.23444709599968044,12.792754167989456,0.0001,59459.63
11.91407729999628,59673.85,3.22,2.274393140999367,0.23472231899988838,12.801836526996317,0.0001,59469.35
11.926557700004196,59469.35,3.22,2.276449232000671,0.23509673100012587,12.814093757504091,0.0001,59459.63
11.938752199988812,59586.1,3.22,2.27840035199821,0.23546256599966436,12.825983394989091,0.0001,59469.35
11.951079599995865,59459.63,3.22,2.2804281339993175,0.2357215919999173,12.837891813996011,0.0001,59459.63
11.963364900002489,59285.11,3.21,2.282421559500386,0.23616919200019917,12.849663006002341,0.0001,59459.63
11.975668200000655,59693.38,3.22,2.284328571000102,0.23715345600005236,12.861228108000615,0.0001,59469.35
11.98786839999957,59411.09,3.21,2.2862196019999335,0.23761802599999354,12.872420901999611,0.0001,59459.63
12.000168400001712,59469.35,3.22,2.288125260000257,0.23781684000017123,12.883553244001558,0.00010084200000856075,59459.63
12.012436299992258,59411.09,3.21,2.2899654449988387,0.23904362999922582,12.894717032992954,0.00016218149996129042,59411.09
12.024435100000119,59207.75,3.21,2.29183179150002,0.2398,12.905879871500115,0.0002,59411.09
12.036389999993842,59742.22,3.22,2.293804349998984,0.2398,12.917416349994058,0.0002,59411.09
12.048606900003506,59314.15,3.21,2.2959062075006136,0.24031641400021037,12.929851176003647,0.0002,59411.09
12.060548000008566,59488.79,3.22,2.2979986400015417,0.2410109600001713,12.942297320009338,0.0002,59411.09
12.069696399994427,59362.59,3.21,2.2996453519989966,0.24119392799988854,12.952269075993925,0.0002,59362.59
12.082055100006983,59304.47,3.21,2.3018904690013264,0.24149247950031422,12.96580171200782,0.0002,59343.21
12.094467099988833,59791.12,3.22,2.3042487489978782,0.24205101949949748,12.979703151987493,0.0002,59362.59
12.106580399995437,59343.21,3.21,2.306517373999156,0.2425303139998403,12.993204243994937,0.0002,59343.21
12.118956799997251,59527.69,3.22,2.308807007999492,0.24296348799990383,13.00694204799695,0.0002,59362.59
12.131251799990423,59343.21,3.21,2.3109128059983717,0.24356258999952116,13.019633094990184,0.0002,59343.21
12.143453900003806,59188.42,3.21,2.3129526240006086,0.24410361700011415,13.03179485750352,0.0002,59343.21
12.155801999993855,59479.07,3.22,2.3149283199990167,0.24447405999981567,13.043216849994316,0.0002,59343.21
12.168056099995738,59294.78,3.21,2.316768134499382,0.24516392699970166,13.05418936799625,0.0002,59343.21
12.180213300016476,59547.14,3.22,2.318531995002471,0.24600319950024713,13.064890903514746,0.0002,59343.21
12.192337899992706,59343.21,3.21,2.320350684998906,0.2461850684998906,13.075742420493473,0.0002,59343.21
12.204300700017482,59198.09,3.21,2.3221666085027097,0.24662255250131118,13.086578147516171,0.0002,59333.52
12.21621889999369,59508.24,3.22,2.324013929499022,0.2475164174995267,13.097602482494164,0.0002,59343.21
12.225337000010766,59333.52,3.21,2.325453920001723,0.24785337000010765,13.106170150010229,0.0002,59333.52
12.237764299992705,59595.85,3.22,2.327442287998833,0.24797764299992706,13.11797608499307,0.0002,59343.21
12.249975000013364,59333.52,3.21,2.329445875002205,0.24859850000080186,13.12982562501303,0.0002,59343.21
12.262261900003068,59149.82,3.21,2.3314958325005373,0.24931309500015342,13.14192975700316,0.0002,59333.52
12.27570840000408,59498.51,3.22,2.333848970000714,0.249985420000204,13.155779652004203,0.0002,59381.98
12.286667700012913,59072.68,3.21,2.3358001860023245,0.25070007750096845,13.167534470014203,0.0002,59333.52
12.298851700004889,59479.07,3.22,2.3379933060008797,0.25161387750036657,13.180936870005377,0.0002,59381.98
12.311129900015658,59381.98,3.21,2.340370330503053,0.252089546500548,13.194943735517928,0.0002,59333.52
12.323468999995384,59169.12,3.21,2.3427591099991227,0.25260813999972304,13.209002624994808,0.0002,59246.41
12.33564699999988,59566.62,3.22,2.345072929999977,0.25333881999999286,13.222702874999866,0.0002,59304.47
12.347608999989463,59053.42,3.21,2.347231574998156,0.25371413499984197,13.235551404988989,0.0002,59246.41
12.359700700006215,59420.8,3.21,2.349347622501088,0.25389551050009324,13.248187231506495,0.0002,59304.47
12.371755100000883,59246.41,3.21,2.3512808160001413,0.2543702040000353,13.259667345000839,0.0002,59304.47
12.38051380001707,59188.42,3.21,2.352674501002475,0.2547179830005974,13.26794186801468,0.0002,59246.41
12.392475400003605,59304.47,3.21,2.3544089330005225,0.2551366390001261,13.2782288440031,0.0002,59275.42
12.404587800003355,59149.82,3.21,2.3561422920004698,0.2557211460002349,13.288576691002836,0.0002,59246.41
12.417101300001377,59411.09,3.21,2.3578941820001926,0.25659709100009637,13.299150598501164,0.0002,59275.42
12.42938720001257,59314.15,3.21,2.359661144001823,0.2570816160003771,13.309813800011,0.0002,59265.76
12.441701300005663,59091.95,3.21,2.361463701500878,0.2574510390001699,13.320673702505239,0.0002,59265.76
12.45420519998879,59275.42,3.21,2.363401805998263,0.25782615599966374,13.332239809989632,0.0002,59265.76
12.46666659999755,59091.95,3.21,2.365399988999596,0.2584666619998286,13.344166600997587,0.0002,59256.08
12.479051600006642,59488.79,3.22,2.3674435140010957,0.2593336120004649,13.356365826006542,0.0002,59265.76
12.491647499991815,59265.76,3.21,2.3696965499985265,0.25992413749963167,13.369471637491447,0.0002,59265.76
12.503563300007954,59034.16,3.21,2.3718592105014715,0.26047816500039767,13.382119630008749,0.0002,59256.08
12.515656500007026,59256.08,3.21,2.3740964525012997,0.2610828250003513,13.395422150007729,0.0002,59265.76
12.527643500012347,59140.16,3.21,2.376314047502284,0.26175861000074085,13.408684285013706,0.0002,59256.08
12.539420000015527,59517.96,3.22,2.3784927000028726,0.26246520000093165,13.421756200017235,0.0002,59265.76
12.548064800008433,59323.83,3.21,2.380051664001518,0.2626612960001687,13.43115030800915,0.0002,59256.08
12.560284700011835,59111.23,3.21,2.382248399002012,0.2629256230010651,13.444388970512012,0.0002,59236.75
12.572516599990195,59333.52,3.21,2.3843278219983333,0.2640264939991175,13.456804348990048,0.0002,59256.08
12.584860100003425,58918.8,3.2,2.3864019165005654,0.264894404000137,13.469114297003323,0.0002,59236.75
12.597181599994654,59420.8,3.21,2.388434963999118,0.2653872639997862,13.481066151994815,0.0002,59323.83
12.60968990001129,59236.75,3.21,2.3904503840018063,0.26598449500056454,13.493005405010726,0.0002,59236.75
12.622076800005743,59082.32,3.21,2.3924219040008903,0.2666349920003734,13.50474180800537,0.0002,59217.41
12.634560300008161,59372.3,3.21,2.394356846501265,0.26744641950053044,13.51641388050763,0.0002,59236.75
12.647212400013814,58928.41,3.21,2.396317922002141,0.26812455800062157,13.528207532012846,0.0002,59217.41
12.659301000006963,59401.39,3.21,2.398191655001079,0.2686685450003133,13.539449930006477,0.0002,59236.75
12.671453099988867,59217.41,3.21,2.4001324959982187,0.269215389499499,13.550923179489478,0.0002,59236.75
12.683418500004336,59072.68,3.21,2.4020640525007155,0.2697880175002385,13.562367222504271,0.0002,59217.41
12.695486000011442,59246.41,3.21,2.404055190001888,0.27045173000062933,13.57425371001127,0.0002,59217.41
12.704666200006615,58880.42,3.2,2.4056165850011575,0.2708166550001654,13.583529517006847,0.0002,59207.75
12.716863300011026,59537.42,3.22,2.4077510775019295,0.2711215825002756,13.59615351551141,0.0002,59217.41
12.729186899989145,59304.47,3.21,2.4099077074981,0.27198088649907726,13.609046244988601,0.0002,59217.41
12.741545199998654,59091.95,3.21,2.4120704099997643,0.2729386299999663,13.621991555998614,0.0002,59207.75
12.753827700013062,59207.75,3.21,2.414219847502286,0.27324569250032654,13.634642531013453,0.0002,59217.41
12.766146900015883,58957.23,3.21,2.4163449730027,0.2738917520012707,13.647208369016042,0.0002,59207.75
12.778427799989002,59479.07,3.22,2.41843272599813,0.2748742239991202,13.659612077988891,0.0002,59217.41
12.790649500006111,59217.41,3.21,2.4204571675010085,0.27542598000024443,13.671636510005989,0.0002,59207.75
12.802924099989468,59043.8,3.21,2.422482476498262,0.2759900664993154,13.68365099748973,0.0002,59198.09
12.815004200005207,59236.75,3.21,2.424475693000859,0.27677527300033844,13.695429095005077,0.0002,59207.75
12.827096599998187,58995.68,3.21,2.42643545599971,0.27756127899988214,13.707219184998232,0.0002,59198.09
12.839187900011895,59440.22,3.22,2.4283700640019035,0.2783472135007732,13.719008202511597,0.0002,59217.41
12.851064799993765,59198.09,3.21,2.4303256919989713,0.27873194399981294,13.730643503993889,0.0002,59217.41
12.860214499989524,58995.68,3.21,2.431836464998219,0.27901394249931916,13.739615572489473,0.0002,59198.09
12.872683900000995,59304.47,3.21,2.433956263000169,0.2798244535000647,13.752147319500999,0.0002,59198.09
12.884793200006243,58966.83,3.21,2.436014844001061,0.2805396600003121,13.764293200006241,0.0002,59178.77
12.897078200010583,59459.63,3.22,2.4381032940017993,0.28115391000052914,13.776578200010583,0.0002,59198.09
12.909362000005787,59217.41,3.21,2.440144730000955,0.28195534000040506,13.788862000005787,0.0002,59188.42
12.92177059999085,59005.3,3.21,2.4422010019984444,0.28285050099922227,13.801279452990805,0.0002,59178.77
12.93403080001008,59178.77,3.21,2.4442852360017135,0.2838926180008568,13.81360095401013,0.0002,59188.42
12.946488200017482,58918.8,3.2,2.4463705530028848,0.28446488200017483,13.826055759017395,0.0002,59178.77
12.958638000010978,59401.39,3.21,2.4483752700018115,0.28458638000010983,13.838144810010924,0.0002,59188.42
12.970891500008292,59188.42,3.21,2.4503970975013685,0.28547132000066344,13.850010297508001,0.0002,59188.42
12.982710000011139,59053.42,3.21,2.4523200500017266,0.28628130000033414,13.86134740001047,0.0002,59178.77
12.994866599998202,59188.42,3.21,2.4542043229997215,0.28664599799994606,13.872774603998309,0.0002,59188.42
13.006844399991678,58890.01,3.2,2.4560951039986687,0.2871422199995839,13.883999513992219,0.0002,59188.42
13.015940100012813,59498.51,3.22,2.45755041600205,0.28759700500064067,13.89250399351198,0.0002,59188.42
13.028063600009773,59256.08,3.21,2.4594901760015637,0.2882838160005864,13.90412169200948,0.0002,59188.42
13.040515900007449,59130.52,3.21,2.4614877030012665,0.28902837450040975,13.916213320507412,0.0002,59159.46
13.052802799997153,59207.75,3.21,2.463576475999516,0.2897041539998434,13.928438785997168,0.0002,59188.42
13.064985600009095,58880.42,3.2,2.465647552001546,0.29037420800050023,13.940685312009277,0.0002,59159.46
13.077260399993975,59469.35,3.22,2.4677342679989756,0.2910493219996686,13.953205607993853,0.0002,59188.42
13.089684000005947,59159.46,3.21,2.4698947000010407,0.29202314000050555,13.966216620006275,0.0002,59188.42
13.10197399999015,59101.6,3.21,2.472065189998178,0.2929986999995075,13.979261529989214,0.0002,59159.46
13.114186599996174,59188.42,3.21,2.4743245209992923,0.2936093299998087,13.99263432699581,0.0002,59188.42
13.126533900009235,58986.06,3.21,2.4766087715017084,0.2943573730006465,14.006121951010067,0.0002,59159.46
13.138538900006097,59411.09,3.21,2.4788296965011276,0.29519772300042674,14.019207401006645,0.0002,59188.42
13.150639300001787,59246.41,3.21,2.4809086810003036,0.2955127860000357,14.03170528250183,0.0002,59188.42
13.16249049999169,59014.92,3.21,2.4828984799986706,0.29589923999933526,14.043665974992106,0.0002,59188.42
13.17435459999251,59198.09,3.21,2.4847967359988017,0.29684836799940084,14.054936869992884,0.0002,59198.09
13.183917699992891,58976.45,3.21,2.4862876549989337,0.2975350619995735,14.063806341493638,0.0002,59198.09
13.19617099998868,59449.92,3.22,2.4881256499983024,0.2982702599993209,14.07477304498987,0.0002,59198.09
13.20852059999015,59198.09,3.21,2.4899780899985227,0.298840823999606,14.085825936991185,0.0002,59198.09
13.220694899995578,59005.3,3.21,2.4918077094993145,0.29934864299969044,14.096735833495954,0.0002,59169.12
13.233036799996627,59227.07,3.21,2.493720703999477,0.3002125759997639,14.108028671996914,0.0002,59198.09
13.245212400011951,58928.41,3.21,2.4956079220018523,0.3009345580005378,14.119273594011174,0.0002,59169.12
13.257527300011134,59498.51,3.22,2.497516731501726,0.301488728500501,14.13078802551041,0.0002,59198.09
13.269821699999738,59169.12,3.21,2.4994714719999584,0.30218930199998434,14.14247972349975,0.0002,59169.12
13.283750600006897,58947.62,3.21,2.501737602001173,0.30308129500051734,14.155950600006898,0.0002,59169.12
13.294224100012798,59207.75,3.21,2.5035180970021758,0.30386680750095985,14.166424100012797,0.0002,59169.12
13.30604610001319,58928.41,3.21,2.5055882980023743,0.30472322700092336,14.178608866013981,0.0002,59169.12
13.317922000016551,59508.24,3.22,2.5077259600029795,0.3055545400011586,14.191197320017544,0.0002,59169.12
13.329976800014265,59024.54,3.21,2.5099457080026393,0.30644826000106984,14.204524132015905,0.0002,59169.12
13.339419900003122,59169.12,3.21,2.511692681500578,0.30715649250023414,14.21505318850348,0.0002,59111.23
13.351728900015587,59217.41,3.21,2.5139698465028837,0.3077278005007014,14.228719079017301,0.0002,59159.46
13.36391819998971,58918.8,3.2,2.5162052759981477,0.3083742739992797,14.242072882989042,0.0002,59111.23
13.376446000009311,59469.35,3.22,2.5184602800016758,0.30925122000065175,14.255414990009916,0.0002,59159.46
13.38855189998867,59111.23,3.21,2.5205110634981303,0.3098420759995468,14.267538102488952,0.0002,59111.23
13.400960900005884,59082.32,3.21,2.522544135000883,0.31040089450061786,14.279564810005295,0.0002,59111.23
13.413247899996351,59159.46,3.21,2.5243871849994526,0.3116910294996169,14.290623109996716,0.0002,59111.23
13.42555730001186,58966.83,3.21,2.526233595001779,0.312677865000593,14.301645997010555,0.0002,59111.23
13.437815700017383,59420.8,3.21,2.5280723550026076,0.3132907850008692,14.312555973015472,0.0002,59111.23
13.449935800017556,59111.23,3.21,2.5299400490027213,0.3139464690009656,14.32369061501624,0.0002,59111.23
13.46192709999741,59072.68,3.21,2.5318083359995858,0.31461562599984466,14.334850015997516,0.0002,59111.23
13.47387489999528,59120.87,3.21,2.533719983999245,0.3153324939997168,14.34631990399547,0.0002,59111.23
13.485903799999507,58928.41,3.21,2.535703645999916,0.31608374699996794,14.358044761999512,0.0002,59111.23
13.495125000015832,59391.68,3.21,2.5372712500026915,0.3166831250010291,14.367173750015674,0.0002,59111.23
13.507437199994456,59159.46,3.21,2.5393643239990578,0.31748341799963964,14.37966031599429,0.0002,59111.23
13.51990049998858,59034.16,3.21,2.5414830849980588,0.31829353249925774,14.392497514988237,0.0002,59072.68
13.531963399989763,59111.23,3.21,2.5436534119981578,0.3191972549992323,14.405400837989047,0.0002,59111.23
13.544200700009243,58938.01,3.21,2.54587712950171,0.3201570595007857,14.41855775951003,0.0002,59034.16
13.55559269999503,59430.5,3.21,2.5479846494990803,0.32112537949957753,14.430918079494608,0.0002,59111.23
13.567788300017126,58995.68,3.21,2.5501629525029967,0.32169470750042817,14.444033481018325,0.0002,59034.16
13.580102400010219,58947.62,3.21,2.552317408001737,0.3220076800007664,14.45720291201027,0.0002,59034.16
13.592425500013633,59130.52,3.21,2.5544123350023176,0.3229319125010225,14.4695876275137,0.0002,59072.68
13.60491200000979,58899.6,3.2,2.556510480001615,0.32381928000063637,14.481915520009398,0.0002,59034.16
13.617079099989496,59391.68,3.21,2.5585180514982673,0.3246101414993173,14.493595935989916,0.0002,59072.68
13.629373100004159,59034.16,3.21,2.5604996960006656,0.32517492400016634,14.505445041504014,0.0002,59072.68
13.641566500009503,59120.87,3.21,2.5624506400015203,0.32573315250080775,14.517196007509076,0.0002,59091.95
13.65044540000963,59072.68,3.21,2.563871264001541,0.32648785900081856,14.525675357009197,0.0002,59111.23
13.663139200012667,58957.23,3.21,2.5658865760019633,0.32742556800050665,14.53771945601178,0.0002,59091.95
13.675537000002807,59449.92,3.22,2.567808235000435,0.3279214800001123,14.549249410002611,0.0002,59111.23
13.686917699989863,59120.87,3.21,2.5695722434984285,0.3287225929990877,14.559764283990674,0.0002,59091.95
13.699535499996273,59091.95,3.21,2.5715280024994227,0.3298581949996646,14.571372659996571,0.0002,59091.95
13.71202400000766,59111.23,3.21,2.5735238400012257,0.33074168000053616,14.5831025600072,0.0002,59072.68
13.724431100010406,58909.21,3.2,2.5755311315017173,0.33158802150067634,14.594986789010301,0.0002,59024.54
13.736761200008914,59343.21,3.21,2.577565598001471,0.3323894780005794,14.607193588008824,0.0002,59091.95
13.749075900006575,59024.54,3.21,2.579642903001118,0.3331899335004274,14.619612038506673,0.0002,59024.54
13.761374599998817,59014.92,3.21,2.581740554999793,0.3339412379999645,14.63211583799878,0.0002,59024.54
13.773218599992106,59005.3,3.21,2.583813254998619,0.3342965579997632,14.64431515799187,0.0002,59024.54
13.785305099998366,58832.47,3.2,2.5859018669997225,0.33508356099982034,14.656737727498326,0.0002,59014.92
13.797322600003099,59304.47,3.21,2.587944842000527,0.3364054860003408,14.669055665003176,0.0002,59024.54
13.806333300017286,58986.06,3.21,2.589444994502852,0.3370799980010371,14.678069967017112,0.0002,59014.92
13.81853940000292,59063.05,3.21,2.5914590010004814,0.3378123640001751,14.690154006002889,0.0002,59014.92
13.830947300011758,59111.23,3.21,2.59350630450194,0.3388852570010582,14.702218881011405,0.0002,59005.3
13.843245600000955,58832.47,3.2,2.595535524000158,0.33986228000004776,14.714213144000945,0.0002,58986.06
13.855594299995575,59343.21,3.21,2.59757305949927,0.3404797149997788,14.72643835699562,0.0002,59063.05
13.867885300016496,58928.41,3.21,2.599601074502722,0.34105483850074236,14.738645873516415,0.0002,58986.06
13.880089799989946,59072.68,3.21,2.601614816998341,0.3416085309990448,14.750787554990197,0.0002,59024.54
13.892348099994706,58986.06,3.21,2.6036374364991266,0.34277306949949704,14.762739397494839,0.0002,58986.06
13.904762899997877,58803.73,3.2,2.6056858784996497,0.34373814499989386,14.77484382749793,0.0002,58947.62
13.91685320000397,59304.47,3.21,2.6076807780006552,0.3443426600001985,14.786631870003871,0.0002,58986.06
13.92900639999425,58938.01,3.21,2.6097310879990228,0.34531057599948256,14.798751431994221,0.0002,58947.62
13.940922800014958,59024.54,3.21,2.611756876002543,0.3463830520013462,14.810745870015332,0.0002,58986.06
13.952949700003954,58947.62,3.21,2.6138014490006722,0.3474654730003559,14.823073442504052,0.0002,58986.06
13.964959300006738,58775.01,3.2,2.6158430810011457,0.3484471510004717,14.83533368950684,0.0002,58947.62
13.974416100012604,59304.47,3.21,2.6174507370021427,0.34910912700088226,14.844932341512793,0.0002,59014.92
13.986639800015837,58909.21,3.2,2.6195287660026922,0.35013078100150447,14.857272999015915,0.0002,58947.62
13.998914299998432,59024.54,3.21,2.6216154309997335,0.35129685849985104,14.869608871498423,0.0002,58947.62
14.011145600001326,59014.92,3.21,2.623639024000219,0.35184582400005304,14.881734144001312,0.0002,58928.41
14.023552200000267,58784.58,3.2,2.6256861130000444,0.3525019370000228,14.893981156000262,0.0002,58918.8
14.035854000016114,59246.41,3.21,2.627715910002659,0.35354759000136976,14.906036920015792,0.0002,58928.41
14.048070099990582,58899.6,3.2,2.629691215998493,0.35438420599943493,14.917806945491007,0.0002,58928.41
14.06027419999009,58928.41,3.21,2.6316452429983648,0.35511782299935585,14.929463231990486,0.0002,58928.41
14.072594900004333,58918.8,3.2,2.633678158500715,0.35591866850028164,14.94129110400416,0.0002,58928.41
14.084671799995702,58775.01,3.2,2.635647487999312,0.35672702599969913,14.95293164599583,0.0002,58918.8
14.096611599990867,59130.52,3.21,2.637557855998539,0.35756281199936074,14.964513251991141,0.0002,58928.41
14.10845820000395,58928.41,3.21,2.6395378940006715,0.3584343650002963,14.97634278200399,0.0002,58918.8
14.120755300013114,58947.62,3.21,2.641632177502295,0.35937930650137706,14.988781735513573,0.0002,58928.41
14.129996100004062,58918.8,3.2,2.643249317500711,0.36034959050042653,14.998345963504203,0.0002,58928.41
14.142215800005943,58765.44,3.2,2.6453766860010104,0.36155510600041596,15.01098227400612,0.0002,58928.41
14.154632099991431,59246.41,3.21,2.6474874569985434,0.3624242469994002,15.023771062991173,0.0002,58938.01
14.166804700013017,58918.8,3.2,2.649556799002213,0.36320828200078104,15.036138723513082,0.0002,58928.41
14.178996200003894,59005.3,3.21,2.6516293540006624,0.36393977200023364,15.048391181003915,0.0002,58938.01
14.191545200010296,58938.01,3.21,2.653704958001699,0.3649236160008237,15.060772022010143,0.0002,58918.8
14.203675400000067,58698.5,3.2,2.6556880640000107,0.36582052400000403,15.072610007000065,0.0002,58918.8
14.215955399995437,59207.75,3.21,2.65765286399927,0.3665573239997262,15.084337406995642,0.0002,58938.01
14.228314400010277,58861.24,3.2,2.6596303040016442,0.3677145840011304,15.095932392009557,0.0002,58918.8
14.240291699999943,58986.06,3.21,2.661546671999991,0.369010209499998,15.107077114999946,0.0002,58928.41
14.252309300005436,58842.06,3.2,2.6634694880008696,0.36943082550019024,15.118493835005165,0.0002,58870.82
14.26446659999783,58717.62,3.2,2.6654146559996525,0.37023599199973956,15.130177267997874,0.0002,58861.24
14.276265199994668,59198.09,3.21,2.667302431999147,0.37165182399936025,15.141739895994776,0.0002,58870.82
14.28564539999934,58784.58,3.2,2.6688879449998844,0.37235404299997027,15.151158307999326,0.0002,58861.24
14.297930900007486,58928.41,3.21,2.67103790750131,0.3729068905003369,15.163689518007637,0.0002,58861.24
14.310221799998544,58870.82,3.2,2.673188814999745,0.37417550699983254,15.176635107998456,0.0002,58842.06
14.322647099994356,58679.4,3.2,2.675389713498956,0.3754985324995767,15.189885338993847,0.0002,58832.47
14.334741800004851,58928.41,3.21,2.6776272330008974,0.37640563500036384,15.203068562005287,0.0002,58861.24
14.347077000013087,58784.58,3.2,2.679909245002421,0.37740154500111245,15.216620085014462,0.0002,58832.47
14.35936299999594,58861.24,3.2,2.682182154999249,0.3784458549996549,15.230196114995513,0.0002,58861.24
14.371581400017023,58832.47,3.2,2.684384652003064,0.3794265120013618,15.243234191018129,0.0002,58832.47
14.383953700016718,58641.21,3.2,2.686532592002675,0.3804558330015046,15.256015320516132,0.0002,58794.16
14.395872399996735,58909.21,3.2,2.6884395839994775,0.3815285159997061,15.267516865996848,0.0002,58832.47
14.407725700002631,58727.19,3.2,2.6902588550003945,0.3824794275001973,15.278453130002367,0.0002,58794.16
14.419718399993142,58986.06,3.21,2.6920577599989715,0.38337887999948567,15.289246559993828,0.0002,58832.47
14.432058800011875,58794.16,3.2,2.693908820001781,0.3844852920010688,15.299991156010332,0.0002,58803.73
14.441366200015183,58622.13,3.2,2.6952980990022017,0.38526147900068325,15.308102256013363,0.0002,58794.16
14.453592200006822,59014.92,3.21,2.6970708690009895,0.385811649000307,15.318861136006005,0.0002,58803.73
14.465874200017424,58765.44,3.2,2.698910501002701,0.386804904002091,15.32981615101577,0.0002,58794.16
14.47806419999688,58909.21,3.2,2.700799950999516,0.3882677039996255,15.340848100997174,0.0002,58803.73
14.490445700008422,58803.73,3.2,2.7027713120013472,0.38886559950029476,15.352680100508127,0.0002,58794.16
14.502840400004061,58603.05,3.2,2.7047828680006902,0.3895550500005076,15.364768804004102,0.0002,58765.44
14.514996300014898,58938.01,3.21,2.7068493710025328,0.39107453750186233,15.377046263015048,0.0002,58803.73
14.527219300012803,58517.32,3.2,2.7089633775022404,0.39202486850057616,15.389752458013572,0.0002,58765.44
14.539566099992955,58890.01,3.2,2.7111240674987673,0.39258047449968303,15.402840065992534,0.0002,58803.73
14.551550100004535,58717.62,3.2,2.7133945190008615,0.39410151300058954,15.416178361505056,0.0002,58727.19
14.563015899999298,58507.8,3.2,2.7155730209998663,0.39539603349995434,15.429023046499202,0.0002,58717.62
14.575105800002346,58928.41,3.21,2.7178701020004454,0.3961818770001525,15.442745083002661,0.0002,58727.19
14.587365300016245,58488.78,3.2,2.7201625805030054,0.3972365300016245,15.45643865651795,0.0002368265000812248,58717.62
14.595843399991283,58842.06,3.2,2.7217310289983874,0.39808433999912834,15.465806956990368,0.00027921699995641687,58727.19
14.608208899997406,58727.19,3.2,2.7238955129995595,0.39895148949985737,15.478567855497419,0.0003,58727.19
14.620783099991966,58583.98,3.2,2.726017464998795,0.39967047899927705,15.49100870549273,0.0003,58727.19
14.633167399995727,58775.01,3.2,2.727875109999359,0.40078506599961544,15.502216496996134,0.0003,58727.19
14.645561200013617,58536.35,3.2,2.7297341800020423,0.401733672000817,15.51332166201205,0.0003,58727.19
14.65800940000918,58851.64,3.2,2.731601410001377,0.40248056400055077,15.524338319008123,0.0003,58727.19
14.669718299992383,58727.19,3.2,2.7333577449988575,0.4033774639993906,15.534797878493183,0.0003,58727.19
14.682213399995817,58507.8,3.2,2.735243076999352,0.40429960299981177,15.546036327996152,0.0003,58708.07
14.694663300004322,58755.87,3.2,2.73717281150067,0.4048598485001945,15.557490236003977,0.0003,58727.19
14.707326600007947,58517.32,3.2,2.7391722560012717,0.4059791920009537,15.56943353600763,0.0003,58708.07
14.71919269999489,58909.21,3.2,2.7410708319991826,0.4074031239993867,15.580824991995094,0.0003,58727.19
14.731419099989578,58708.07,3.2,2.743141246998228,0.4082993369992704,15.593133290989474,0.0003,58727.19
14.743498900003033,58574.46,3.2,2.745212307500531,0.40930237350034876,15.605508834003215,0.0003,58708.07
14.755331399996066,58746.31,3.2,2.7472829949993116,0.41066311099954766,15.61805128399583,0.0003,58708.07
14.764839500014205,58564.92,3.2,2.7489953075026277,0.41163555500127846,15.628275055015482,0.0003,58679.4
14.777155399991898,58928.41,3.21,2.751273748998501,0.41274398599927087,15.641699385991169,0.0003,58708.07
14.789367899997158,58736.74,3.2,2.7534862219994882,0.41407730849967317,15.654964171496916,0.0003,58679.4
14.801773100014543,58498.28,3.2,2.7557191580026177,0.41539752050079987,15.668361755015269,0.0003,58574.46
14.813915800012182,58679.4,3.2,2.7579048440021925,0.41606536900067,15.68111159001279,0.0003,58679.4
14.82621110000764,58336.84,3.19,2.7600248315012608,0.4170832210008404,15.693680044507602,0.0003,58564.92
14.838528399995994,58842.06,3.2,2.762057185999339,0.4184381239995594,15.705935757996015,0.0003,58679.4
14.850865699991118,58555.41,3.2,2.764038511998579,0.4193605989993783,15.717613757991652,0.0003,58593.52
14.863193400000455,58460.25,3.2,2.765979010000068,0.42035127400005007,15.729121961000416,0.0003,58555.41
14.874967700015986,58708.07,3.2,2.7677451550023977,0.42164644700175846,15.739895445514627,0.0003,58593.52
14.887096699996619,58336.84,3.19,2.7695999884994755,0.4226967689997633,15.75092251349694,0.0003,58555.41
14.899266899999931,58698.5,3.2,2.771486369499989,0.42354868299999515,15.761936544499939,0.0003,58593.52
14.911262500012526,58593.52,3.2,2.773402000002004,0.42478256250131524,15.773243062511836,0.0003,58593.52
14.920539500017185,58412.74,3.2,2.7748890175028356,0.42573506750111706,15.782031407516927,0.0003,58593.52
14.932756399997743,58631.67,3.2,2.7769048059996275,0.4265291659998533,15.794065053997777,0.0003,58593.52
14.945136499998627,58336.84,3.19,2.7789732049997666,0.4276677449998216,15.8064392299986,0.0003,58564.92
14.957268900005147,58861.24,3.2,2.781035713000875,0.42924495700066917,15.81881427800525,0.0003,58593.52
14.969583500002047,58603.05,3.2,2.7831771125003586,0.4304145975001741,15.83161475750214,0.0003,58564.92
14.981923699990146,58431.73,3.2,2.785336647498276,0.4315308439988177,15.844510266489703,0.0003,58536.35
14.994193399994403,58564.92,3.2,2.787483844999021,0.43300320799932857,15.857332102994153,0.0003,58545.87
15.006417900003727,58270.53,3.19,2.789591043000634,0.43418134250027957,15.869914168503785,0.0003,58536.35
15.018822200014256,58803.73,3.2,2.7916997740024234,0.43511166500106907,15.882504533014467,0.0003,58545.87
15.03088070001104,58536.35,3.2,2.793695315501821,0.43666889450149016,15.894254279010706,0.0003,58545.87
15.043053200002758,58374.78,3.19,2.795688512000441,0.43806792600015165,15.906031072002646,0.0003,58536.35
15.054897800000617,58545.87,3.2,2.797583648000099,0.43871937900003394,15.917401888000592,0.0003,58536.35
15.066893800016258,58327.37,3.19,2.7995374770026826,0.44003407000243866,15.929021455015851,0.0003,58517.32
15.07604159999755,58794.16,3.2,2.801046863999596,0.4414062399996325,15.937940559997612,0.0003,58536.35
15.08847990000504,58574.46,3.2,2.803099183500832,0.4425511935003277,15.950195101004992,0.0003,58517.32
15.100693499989575,58317.88,3.19,2.805117894998228,0.4433728174989054,15.962290032489628,0.0003,58479.25
15.11308330000611,58517.32,3.2,2.807224161001039,0.4446737465006417,15.974617883506081,0.0003,58479.25
15.125322700012475,58308.41,3.19,2.8092782455020586,0.44593227000124763,15.986796086512415,0.0003,58460.25
15.137453100003766,58688.95,3.2,2.8112797615006215,0.4471453100003767,15.998865834503748,0.0003,58479.25
15.149711400008526,58479.25,3.2,2.8133509380014496,0.448468254000938,16.011111400008527,0.0003,58460.25
15.162307499995222,58327.37,3.19,2.815492274999188,0.44976152499966565,16.02375364999513,0.0003,58450.74
15.174290599999951,58460.25,3.2,2.8175294019999915,0.45060034199999655,16.035976411999947,0.0003,58450.74
15.186444599996321,58261.06,3.19,2.819595581999374,0.45190224399948475,16.04843793799621,0.0003,58403.25
15.198630200000478,58698.5,3.2,2.821667134000081,0.4536082280000668,16.06098910600049,0.0003,58450.74
15.210547800001223,58450.74,3.2,2.8236931260002076,0.4545383460000855,16.07310601700124,0.0003,58450.74
15.22267690001172,58279.99,3.19,2.8257416885019335,0.45553461250146493,16.085309977511425,0.0003,58403.25
15.231704800011357,58403.25,3.19,2.8272312920018736,0.45666310000141963,16.094112180011074,0.0003,58431.73
15.244051999994555,58232.68,3.19,2.8292483199991287,0.4580241599995644,16.10598861999491,0.0003,58403.25
15.256424699997297,58775.01,3.2,2.8312279519995673,0.4590139759997837,16.11755709449747,0.0003,58431.73
15.268593899992993,58450.74,3.2,2.833132054498914,0.46046017649905413,16.128892326993483,0.0003,58403.25
15.280984600016383,58355.8,3.19,2.835057536002622,0.46207384500122883,16.14045013901581,0.0003,58355.8
15.294688099995255,58431.73,3.2,2.837250095999241,0.46310160749964424,16.153674016495422,0.0003,58374.78
15.305564000009326,58062.74,3.19,2.8390458800015854,0.46427896000130586,16.16441964000942,0.0003,58355.8
15.31771679999656,58736.74,3.2,2.8411118559994155,0.46598035199951865,16.176693967996528,0.0003,58374.78
15.33006639999803,58355.8,3.19,2.8433119519996453,0.4673569719997931,16.18967038399791,0.0003,58355.8
15.34231290000025,58270.53,3.19,2.845527886500046,0.46871224150003354,16.202755754500274,0.0003,58355.8
15.354146700003184,58374.78,3.19,2.847717139500589,0.4703098045004297,16.215832103503516,0.0003,58355.8
15.36636620000354,58213.76,3.19,2.849945916000637,0.4717684510003716,16.22920732700384,0.0003,58327.37
15.378270699991845,58574.46,3.2,2.8520887259985317,0.4730184234991436,16.24212370949115,0.0003,58355.8
15.39005200000247,58327.37,3.19,2.8541088400004195,0.4743057200002716,16.254152520002492,0.0003,58327.37
15.399331099994015,58166.52,3.19,2.8556862869989823,0.4753264209993416,16.263524410993952,0.0003,58270.53
15.4116165000014,58374.78,3.19,2.857658640000224,0.47650356750013306,16.275003345001302,0.0003,58327.37
15.424033000017516,58157.08,3.19,2.8595847850025398,0.47782429000227716,16.286349040015416,0.0003,58251.6
15.436510700004874,58593.52,3.2,2.8613940515007066,0.47944639100063363,16.29732941600429,0.0003,58327.37
15.448716500017326,58251.6,3.19,2.863207475002599,0.4807716500017327,16.308244850015594,0.0003,58317.88
15.461119400017196,58138.19,3.19,2.8650791040027515,0.4820231340018917,16.319452236016165,0.0003,58251.6
15.47344279999379,58327.37,3.19,2.867050847999007,0.4833787079993171,16.331036231994165,0.0003,58251.6
15.48562170000514,58081.59,3.19,2.868999472000823,0.48463406150048843,16.342596832004936,0.0003,58251.6
15.497956800012616,58498.28,3.2,2.8709730880020192,0.4858058960011987,16.354438528012114,0.0003,58251.6
15.50997020001523,58317.88,3.19,2.872945083002513,0.4872961260019799,16.366220647015002,0.0003,58251.6
15.522162700013723,58081.59,3.19,2.8749784725024012,0.4888703375017152,16.378327581014133,0.0003,58251.6
15.534010800009126,58251.6,3.19,2.8770518900015967,0.4903513500011406,16.3905311240094,0.0003,58261.06
15.545912800007498,58006.24,3.19,2.879193868001387,0.4921051760012745,16.403204080008248,0.0003,58251.6
15.55442570001469,58526.84,3.2,2.8807687545027174,0.49355236900249716,16.41256827001616,0.0003,58261.06
15.566596999997273,58242.14,3.19,2.883053429999482,0.49509372999975454,16.426253564996877,0.0003,58251.6
15.578842699993402,58261.06,3.19,2.8853801129987464,0.49619584299940617,16.440274891492447,0.0003,58242.14
15.591126599989366,58261.06,3.19,2.8877140539979798,0.4981915219981922,16.454117424988038,0.0003,58242.14
15.60350080000353,58100.45,3.19,2.890012640000618,0.5000850880003884,16.467758336003687,0.0003,58185.41
15.615891299996292,58564.92,3.2,2.8921809774993514,0.5014480429995922,16.480706408496125,0.0003,58242.14
15.628311600012239,58072.17,3.19,2.8942298560019584,0.5031051820017748,16.492771346011445,0.0003,58185.41
15.64105120001477,58185.41,3.19,2.896252424002142,0.5048683280009602,16.504625056012998,0.0003,58185.41
15.653323200007435,58175.97,3.19,2.8980318640010783,0.5056660080004833,16.515424416006542,0.0003,58175.97
15.66542480001226,57996.82,3.19,2.899786596001778,0.5066696040012875,16.525911080010424,0.0003,58119.32
15.677579500013962,58460.25,3.2,2.9015490275020244,0.5079458475014659,16.536242575011865,0.0003,58175.97
15.689664500008803,58185.41,3.19,2.903253030001232,0.5093114175010122,16.54661147000757,0.0003,58119.32
15.701343399996402,58091.03,3.19,2.904914943999424,0.51066792499955,16.55674936199665,0.0003,58119.32
15.710290999995777,58119.32,3.19,2.9063465599993243,0.5117863749994721,16.56507062999607,0.0003,58119.32
15.722763900004793,58034.48,3.19,2.908356043500791,0.5134007655006949,16.576836261004747,0.0003,58119.32
15.735347000008915,58469.75,3.2,2.9104322550014707,0.5152253150012926,16.589293530008828,0.0003,58119.32
15.747821800003294,58119.32,3.19,2.91252970600056,0.5170341610004776,16.601917345003375,0.0003,58119.32
15.760041000001367,58081.59,3.19,2.914607380000246,0.5188065600002189,16.614443255001444,0.0003,58119.32
15.7725255000114,58147.63,3.19,2.916854590002052,0.520804080001824,16.627614402512027,0.0003,58119.32
15.784718900016742,57996.82,3.19,2.9190494020030138,0.5228022130028462,16.640572817518,0.0003,58109.89
15.796923499990955,58441.24,3.2,2.9212462299983724,0.5248769949984625,16.653692762490277,0.0003,58119.32
15.80917480000062,58119.32,3.19,2.9234514640001117,0.5263633540000651,16.666908784000668,0.0003,58109.89
15.821397899999283,57968.61,3.19,2.925651621999871,0.5277306534998819,16.68008177399924,0.0003,58109.89
15.833499200001825,58109.89,3.19,2.927829856000328,0.529727368000301,16.692909152001935,0.0003,58109.89
15.845563700015191,57912.23,3.19,2.929945829002582,0.5315789180021265,16.70541933701534,0.0003,58062.74
15.857617600006051,58308.41,3.19,2.9319949920010284,0.533266464000847,16.717593776006108,0.0003,58109.89
15.866590699995866,57912.23,3.19,2.9334545119993383,0.5344567909994624,16.726327071996028,0.0003,58062.74
15.878838500007987,58166.52,3.19,2.9354141600012778,0.5360490050010382,16.73808496000767,0.0003,57996.82
15.891166999994311,58062.74,3.19,2.937330884999118,0.537707544999232,16.749417804994795,0.0003,58015.65
15.903555400000187,57893.44,3.18,2.9392333100000276,0.5392733170000196,16.76069986000017,0.0003,57996.82
15.915688900015082,58327.37,3.19,2.9410533350022625,0.5405473345015837,16.771620010013574,0.0003,58015.65
15.927989499992691,57996.82,3.19,2.942938372498867,0.5421984249989037,16.782850339993278,0.0003,57996.82
15.940358699997887,57968.61,3.19,2.944857391999662,0.5440591854996515,16.79424793899795,0.0003,57996.82
15.952627399994526,58015.65,3.19,2.9468203839991243,0.546083520999097,16.80614857799469,0.0003,57968.61
15.964851299999282,57818.39,3.18,2.9488489774998743,0.5480762079998852,16.81824832599927,0.0003,57959.21
15.977193600003375,58251.6,3.19,2.9510088800005905,0.5500509760005402,16.830837472003445,0.0003,57968.61
15.989258699992206,57912.23,3.19,2.9531202724986363,0.5520739789986753,16.84342163499182,0.0003,57968.61
16.001287399994908,57940.41,3.19,2.955225294999109,0.5540866729992618,16.856051769994657,0.0003064369999745468,57968.61
16.013309200003278,57959.21,3.19,2.957329110000573,0.555829834000475,16.86867466000344,0.0003665460000163801,57978.02
16.025164099992253,57818.39,3.18,2.959403717498644,0.5576262559987601,16.880967381992093,0.0004,57959.21
16.03473449999001,58194.85,3.19,2.961078537498252,0.5591575199984014,16.89072918998981,0.0004,57978.02
16.046830000006594,57978.02,3.19,2.963126950001088,0.561024500000989,16.902895850006562,0.0004,57959.21
16.059180100011872,57996.82,3.19,2.965164716501959,0.5628770150017804,16.91518419951181,0.0004,57959.21
16.07137019999209,57996.82,3.19,2.9671192319987343,0.5647055299988132,16.926801689992484,0.0004,57959.21
16.083755700004986,57724.77,3.18,2.969082133500773,0.5666196905008227,16.938530358004687,0.0004,57959.21
16.095911500015063,58175.97,3.19,2.9709662825023346,0.5686253975024853,16.94995681001416,0.0004,57978.02
16.10829360000207,57893.44,3.18,2.9729684440003417,0.5702537640002382,16.961844792002008,0.0004,57959.21
16.12068520000321,57855.91,3.18,2.97501305800053,0.5717199100005619,16.973874922003162,0.0004,57940.41
16.132837700017262,57959.21,3.19,2.9770182205028486,0.5738465975030209,16.985845134517003,0.0004,57902.83
16.14493810001295,57678.03,3.18,2.979014786502137,0.576013548502396,16.99778871901282,0.0004,57893.44
16.156984700006433,58213.76,3.19,2.981002475501062,0.5782421695011906,17.00971485300637,0.0004,57902.83
16.168900799995754,57865.28,3.18,2.9830131359992786,0.5802241279993209,17.021689807995713,0.0004,57893.44
16.180897300015204,57940.41,3.19,2.985057027502661,0.5821749735029647,17.033828705515738,0.0004,57902.83
16.190062100009527,57902.83,3.18,2.986660867501667,0.5839621095018575,17.04331427350986,0.0004,57902.83
16.202418200002285,57790.29,3.18,2.9888231850003995,0.5863594580004337,17.056102837002364,0.0004,57893.44
16.214754200016614,58223.23,3.19,2.9909819850029074,0.5887032980031567,17.068870597017195,0.0004,57902.83
16.227072500012582,57893.44,3.18,2.993102325002139,0.5910084125023277,17.08147858751277,0.0004,57893.44
16.239465499995276,57931.01,3.19,2.9952091349991967,0.5933011174991258,17.094057482495202,0.0004,57893.44
16.251614700013306,57893.44,3.18,2.997158352002129,0.5954325725023286,17.105808185512842,0.0004,57893.44
16.263895400014007,57696.72,3.18,2.9991232640022414,0.5972895400014008,17.117522722013028,0.0004,57893.44
16.276128600002266,58147.63,3.19,3.00101929000034,0.59840964500017,17.128774454002016,0.0004,57893.44
16.28837680001743,57893.44,3.18,3.0028565200026147,0.5993282600013072,17.139675352015512,0.0004,57893.44
16.300910499994643,57893.44,3.18,3.0041128399995713,0.5997782099998928,17.14717703999743,0.0004,57893.44
16.31268830000772,57855.91,3.18,3.005,0.6000068830000772,17.152506883000076,0.0004,57884.05
16.32474519999232,57706.07,3.18,3.005,0.6001274519999232,17.152627451999923,0.0004,57865.28
16.336817700008396,58157.08,3.19,3.004807291999664,0.5999832034996222,17.151447397997817,0.0004,57884.05
16.348869900015416,57827.78,3.18,3.0043252039993833,0.5994408544993062,17.14831382599599,0.0004,57865.28
16.35816760000307,57865.28,3.18,3.0037991059998004,0.5985290499996159,17.145187149998847,0.0004,57855.91
16.370332799997414,57884.05,3.18,3.003008368000168,0.5970084000003233,17.14062520000097,0.0004,57846.52
16.382364399993094,57696.72,3.18,3.0020190260005872,0.5950898740011398,17.134610512003594,0.0004,57827.78
16.39466680001351,58091.03,3.19,3.0009199859985816,0.5932999899989869,17.127933249991557,0.0004,57846.52
16.407078199990792,57752.83,3.18,2.999616789000967,0.5923691350006905,17.120176125005756,0.0004,57827.78
16.41941850000876,57846.52,3.18,2.998729074999562,0.5909614099987736,17.11494863499746,0.0004,57846.52
16.431814999989,57809.03,3.18,2.99810925000055,0.5892259000015401,17.111353650003192,0.0004,57818.39
16.444151500007138,57650.0,3.18,2.9977962124998214,0.588592424999643,17.109538032498964,0.0004,57809.03
16.456402300012996,58081.59,3.19,2.99742390799948,0.5873415514974655,17.107365459496947,0.0004,57818.39
16.468504499993287,57762.2,3.18,2.9969398200002684,0.5849816225013093,17.10452144250158,0.0004,57809.03
16.480417100014165,57855.91,3.18,2.995832033498371,0.582616579997167,17.097892200990227,0.0004,57818.39
16.49251599999843,57818.39,3.18,2.994394220000321,0.5801219800005403,17.0892730600019,0.0004,57809.03
16.504518600006122,57584.68,3.18,2.991933686998745,0.5759810829978876,17.07468990099256,0.0004,57790.29
16.513685799989616,58053.32,3.19,2.9899616920026997,0.5728774020032189,17.062978581016147,0.0004,57818.39
16.526047199993627,57790.29,3.18,2.986747728001656,0.5690453680019749,17.043756604009907,0.0004,57790.29
16.53825000001234,57855.91,3.18,2.9834812499966055,0.5645437499947544,17.024343749979945,0.0004,57818.39
16.55053870001575,57780.92,3.18,2.9801018574956686,0.5593210524933061,17.004374612474404,0.0004,57790.29
16.562510299991118,57500.83,3.18,2.9771249765021763,0.5550213950031092,16.98639220451319,0.00034744850004441726,57780.92
16.574164499994367,58128.75,3.19,2.97432381000124,0.5509316025020004,16.969475327507354,0.0003,57790.29
16.58639109999058,57668.68,3.18,2.971633958002073,0.5465911595033446,16.953519614512295,0.0003,57780.92
16.59870209998917,57846.52,3.18,2.9690595800021664,0.5425558595033035,16.938258011512836,0.0003,57780.92
16.611105999996653,57734.12,3.18,2.96657880000067,0.5387726700010214,16.92355939000397,0.0003,57743.48
16.6233901999949,57650.0,3.18,2.9642928130009434,0.5355385480013256,16.909913829005635,0.0003,57734.12
16.635748800006695,58043.91,3.19,2.962043959998828,0.5323253119982588,16.896501247993037,0.0003,57743.48
16.648013800004264,57724.77,3.18,2.9598975849992537,0.5291364119988914,16.883745647995564,0.0003,57734.12
16.660193599993363,57837.15,3.18,2.957807088001128,0.526092568001626,16.87124252800677,0.0003,57743.48
16.672333399998024,57743.48,3.18,2.9557433220003353,0.5231166500004932,16.858863266001993,0.0003,57743.48
16.68158050000784,57566.05,3.18,2.954171314998667,0.5208048749980396,16.84952369499208,0.0003,57743.48
16.69387660000939,57818.39,3.18,2.9520809779984036,0.5177402329976998,16.837132782990658,0.0003,57790.29
16.706033099995693,57706.07,3.18,2.9500143730007324,0.5147618905010557,16.825037065504286,0.0003,57743.48
16.718262400012463,57790.29,3.18,2.9479667039979436,0.5119222719972585,16.81299415998785,0.0003,57790.29
16.730746200017165,57790.29,3.18,2.9459068769971677,0.5091758359962235,16.800822454983265,0.0003,57743.48
16.74320080000325,57510.15,3.18,2.94390787199948,0.5059317879991387,16.788791227996864,0.0003,57706.07
16.755290400004014,57846.52,3.18,2.9419735359993577,0.5029090159991574,16.777124763996127,0.0003,57790.29
16.767695899994578,57678.03,3.18,2.939988656000867,0.5003038610011384,16.76515345650523,0.0003,57706.07
16.77991209999891,57818.39,3.18,2.9379945035001795,0.49698680950033236,16.753246142001068,0.0003,57790.29
16.79208449998987,57678.03,3.18,2.935985212501773,0.49328563500172257,16.741312965010437,0.0003,57706.07
16.80423249999876,57566.05,3.18,2.933859312500217,0.49122047500021043,16.728800525001276,0.0003,57678.03
16.816048600012437,57846.52,3.18,2.9317712519977612,0.4889283359970148,16.716488240986752,0.0003,57706.07
16.828060700005153,57631.33,3.18,2.9296090739990723,0.48604543199876327,16.703695354494513,0.0003,57678.03
16.83732739998959,57846.52,3.18,2.9279677050018216,0.4839546090022381,16.693852956011035,0.0003,57706.07
16.849554899992654,57706.07,3.18,2.925827892501285,0.4813256965015788,16.680891806007782,0.0003,57678.03
16.861904299992602,57538.08,3.18,2.923666747501294,0.47872009700155316,16.668049049507655,0.0003,57631.33
16.874122000008356,57959.21,3.19,2.9215392599985797,0.47610132999803645,16.655446169991517,0.0003,57706.07
16.886469599994598,57454.32,3.18,2.9194401680009188,0.47319964400126996,16.642913356005483,0.0003,57631.33
16.898689199995715,57734.12,3.18,2.9173962820007073,0.47049526800090014,16.630677692004245,0.0003,57650.0
16.91160389999277,57603.33,3.18,2.915265356501193,0.4677831810015182,16.617892139007157,0.0003,57640.66
16.923435600008816,57472.92,3.18,2.913313125998546,0.46541287999823705,16.606521823991535,0.0003,57603.33
16.935547100001713,57846.52,3.18,2.9113679349997432,0.4629019024996148,16.59505440349843,0.0003,57631.33
16.947764000011375,57463.63,3.18,2.9095353999982936,0.46015309999744036,16.58387593998959,0.0003,57603.33
16.95973510001204,57650.0,3.18,2.907701059498134,0.45800105949813374,16.572999734489102,0.0003,57631.33
16.971713100007037,57640.66,3.18,2.9058444694989096,0.4561444694989095,16.562159644493633,0.0003,57631.33
16.983722900011344,57463.63,3.18,2.9039829504982415,0.4532865039972772,16.55082185948928,0.0003,57631.33
16.993081799999345,57631.33,3.18,2.9025160940001107,0.45109986700012067,16.541923609000648,0.0003,57640.66
17.005174099991564,57547.4,3.18,2.9004604030014343,0.4488627915015606,16.529891770508392,0.0003,57631.33
17.017571600008523,57752.83,3.18,2.898352827998551,0.44620709999786906,16.517361251991222,0.0003,57640.66
17.029769699991448,57715.41,3.18,2.8962791510014534,0.44315757500213726,16.504797209008807,0.0003,57640.66
17.042172100016614,57575.36,3.18,2.894069021997009,0.44081988249709214,16.49176843448247,0.0003,57631.33
17.05453349999152,57771.56,3.18,2.8918439700015264,0.4385552975018229,16.47870182250903,0.0003,57715.41
17.06658390001394,57594.01,3.18,2.8896748979974913,0.43596446149700363,16.465868146485157,0.0003,57715.41
17.078895300015574,57884.05,3.18,2.887458845997197,0.43331751049665185,16.452722028983338,0.0003,57715.41
17.09114380000392,57715.41,3.18,2.8852541159992944,0.430684082999157,16.439616133995806,0.0003,57715.41
17.103647999989334,57528.77,3.18,2.8830616000018665,0.4283451200019732,16.426353120011306,0.0003,57659.34
17.115498800005298,57771.56,3.18,2.8810052039991,0.42611773399896713,16.413948717994625,0.0003,57715.41
17.127451500011375,57612.67,3.18,2.878973244998066,0.4237869574977816,16.401816727488455,0.0003,57659.34
17.13966780001647,57865.28,3.18,2.8769348129972827,0.42144311799687084,16.38983891198419,0.0003,57715.41
17.15143930001068,57659.34,3.18,2.874992515498238,0.41920653299797106,16.37853827198975,0.0003,57668.68
17.160901499999454,57519.46,3.18,2.8735202675000844,0.4174977300000981,16.369721605000507,0.0003,57659.34
17.17309060000116,57827.78,3.18,2.8716364099998253,0.4152818799997674,16.358407553998944,0.0003,57668.68
17.18540099999518,57426.44,3.18,2.8697898500007226,0.4128198000009635,16.347205090004383,0.0003,57659.34
17.197704899997916,57846.52,3.18,2.867915740500323,0.41084393650023976,16.335980016501907,0.0003,57668.68
17.21003680001013,57668.68,3.18,2.8660042959984304,0.4094257679988354,16.324696327990736,0.0003,57668.68
17.222242299991194,57528.77,3.18,2.8640100205014534,0.4071515400017614,16.313016180508498,0.0003,57668.68
17.234333700005664,57884.05,3.18,2.8620149394990655,0.4048732819992071,16.301266299994335,0.0003,57706.07
17.246860500017647,57472.92,3.18,2.859948017497089,0.4031195299975297,16.288739499982356,0.0003,57668.68
17.259106200013775,57809.03,3.18,2.8578919459976584,0.40080110499690075,16.276458268986158,0.0003,57706.07
17.27118869998958,57706.07,3.18,2.8558379210017715,0.39808254250234426,16.264315356510473,0.0003,57706.07
17.28323120001005,57538.08,3.18,2.8537906959982915,0.396103007998392,16.25215648798985,0.00024384399994975065,57706.07
17.295169199991506,57715.41,3.18,2.851745390001487,0.39412954400152916,16.239956494008965,0.0002,57715.41
17.307282399997348,57519.46,3.18,2.849625580000464,0.39194916800047713,16.227177068002796,0.0002,57706.07
17.316555500001414,57837.15,3.18,2.8479800099997457,0.39046222999980185,16.217348392498494,0.0002,57715.41
17.328787400008878,57752.83,3.18,2.8457782679984023,0.38874976399875716,16.204321418990546,0.0002,57715.41
17.341051099996548,57584.68,3.18,2.8436160575006038,0.38676131300058664,16.191532111503573,0.0002,57715.41
17.35327690001577,57771.56,3.18,2.841489311497397,0.3846829269973184,16.178929484484303,0.0002,57752.83
17.3653314000112,57556.72,3.18,2.8395003189981516,0.38263366199809573,16.166935256988854,0.0002,57752.83
17.377591600001324,58015.65,3.19,2.8375053439997884,0.38049351199976184,16.155015937998748,0.0002,57762.2
17.39000849999138,57762.2,3.18,2.8355186400013794,0.3782584700015518,16.14328196750815,0.0002,57762.2
17.402506699989317,57659.34,3.18,2.833571461501656,0.3762189280017094,16.13157623550999,0.0002,57762.2
17.414673799998127,57780.92,3.18,2.8316721920003,0.3743925130002153,16.120159890001776,0.0002,57771.56
17.42670470001758,57603.33,3.18,2.8297472479971875,0.37300895949797835,16.108730534983298,0.0002,57762.2
17.43874440001673,57921.62,3.19,2.8277871739972396,0.3712534519971559,16.097124209983686,0.0002,57780.92
17.450790300004883,57780.92,3.18,2.8257996004991943,0.3692056489991697,16.085379457495236,0.0002,57780.92
17.462781100010034,57612.67,3.18,2.8237672129982943,0.36749064599859527,16.073418899989967,0.0002,57780.92
17.471815299999435,57827.78,3.18,2.8222313990000965,0.3662258580000794,16.064384700000566,0.0002,57780.92
17.484170800016727,57631.33,3.18,2.820130963997156,0.364678649997909,16.051724929982853,0.0002,57780.92
17.49608499999158,58025.07,3.19,2.818085125001473,0.3630055500014309,16.039451600008753,0.0002,57827.78
17.50818530001561,57874.67,3.18,2.815967572497268,0.36094849899734605,16.026867287983762,0.0002,57780.92
17.520349900005385,57752.83,3.18,2.8138387674990573,0.35867176949894963,16.014299602994452,0.0002,57780.92
17.53276599998935,57827.78,3.18,2.8116736100017565,0.3562965900014371,16.001526340010752,0.0002,57827.78
17.54504110000562,57538.08,3.18,2.8096482184990723,0.3546394514992412,15.989128488994325,0.0002,57780.92
17.557214100001147,57987.42,3.19,2.807613602999805,0.3528657439998166,15.97691197049886,0.0002,57827.78
17.56938880000962,57780.92,3.18,2.805543903998365,0.35091779199846124,15.96479814399043,0.0002,57818.39
17.581684000004316,57659.34,3.18,2.803502139999288,0.3494831799995469,15.952758099995792,0.0002,57780.92
17.593886000016937,57827.78,3.18,2.80149823999729,0.34804165999678177,15.940861149983485,0.0002,57818.39
17.606115600006888,57519.46,3.18,2.7995415039988982,0.34571803599869155,15.928937289993286,0.0002,57780.92
17.618559099995764,58015.65,3.19,2.7975177485006992,0.34423924950023305,15.916739286504173,0.0002,57818.39
17.63051000001724,57818.39,3.18,2.7955458499971555,0.3435819499990518,15.904967649983018,0.0002,57818.39
17.639606999990065,57706.07,3.18,2.794006810001689,0.3422448450016392,15.895969070009834,0.0002,57818.39
17.652388699993026,57912.23,3.19,2.791837808001116,0.3401319775012207,15.883326848006696,0.0002,57827.78
17.66431220000959,57594.01,3.18,2.7899300479984652,0.3380453649983215,15.871880287990791,0.0002,57818.39
17.676907499990193,58119.32,3.19,2.78793933750152,0.33620925000098045,15.859936025009118,0.0002,57884.05
17.689278300007572,57912.23,3.19,2.786021863498826,0.33497216999924273,15.848431180992957,0.0002,57884.05
17.701455400005216,57743.48,3.18,2.7840871359991657,0.3335653519993743,15.836964646995073,0.0002,57884.05
17.71391859999858,57884.05,3.18,2.782073838000242,0.33206017500017804,15.825081400001425,0.0002,57912.23
17.72619059999124,57622.0,3.18,2.779987598001489,0.3305261750010949,15.81280940000876,0.0002,57884.05
17.73864679998951,58100.45,3.19,2.777870044001783,0.3289691500013112,15.800187030010752,0.0002,57912.23
17.75021269998979,57921.62,3.19,2.7759038410017363,0.3275234125012767,15.788331982510469,0.0002,57893.44
17.762351400015177,57734.12,3.18,2.77384026199742,0.32610958899825465,15.776096842984748,0.0002,57884.05
17.7744856000063,57949.8,3.19,2.7717898759989605,0.3247638679994013,15.763939255993762,0.0002,57893.44
17.78658750001341,57762.2,3.18,2.7697930624977873,0.323614187498726,15.751958374986724,0.0002,57893.44
17.79561649999232,58100.45,3.19,2.7683032775012673,0.3223043700016897,15.74298350000768,0.0002,57921.62
17.80800900000031,57893.44,3.18,2.7662585149999486,0.3195780199999312,15.730590999999688,0.0002,57912.23
17.820226100011496,57743.48,3.18,2.7642015629980454,0.3180830424991377,15.718332769488445,0.0002,57893.44
17.832600699999603,57968.61,3.19,2.7620948775000698,0.3171128985000577,15.705884282500408,0.0002,57912.23
17.844783600012306,57715.41,3.18,2.759962869997846,0.31534637799821535,15.693396809987384,0.0002,57893.44
17.857026300014695,58100.45,3.19,2.757820397497428,0.31372197549830977,15.680747516484642,0.0002,57912.23
17.869608700013487,57912.23,3.19,2.7556184774976398,0.312274999498449,15.667598908485907,0.0002,57912.23
17.88169189999462,57743.48,3.18,2.7535039175009417,0.31035237700091467,15.654971964505622,0.0002,57912.23
17.893968399992445,57931.01,3.19,2.7513653720012847,0.3084720540004912,15.642231600007557,0.0002,57931.01
17.906166400003713,57696.72,3.18,2.7492917119993687,0.3076791839997587,15.630033599996288,0.0002,57912.23
17.9181408000004,58128.75,3.19,2.747317471999936,0.3066245119999559,15.618274127999612,0.0002,57931.01
17.93027969999821,57959.21,3.19,2.7453752480002866,0.30528923300019717,15.60656008950173,0.0002,57931.01
17.94231780001428,57771.56,3.18,2.743449151997715,0.3039134529983578,15.595046500986363,0.0002,57931.01
17.954142900009174,58015.65,3.19,2.7415678504985777,0.3024892794986696,15.583785673991375,0.0002,57959.21
17.96365630000946,57706.07,3.18,2.7400932734985335,0.30110983649862816,15.574843077991106,0.0002,57959.21
17.975934599991888,58251.6,3.19,2.738170464001298,0.29976228900028395,15.563321149007585,0.0002,58006.24
17.98834499999066,58015.65,3.19,2.736184800001494,0.2993279250003269,15.551717425008732,0.0002,57982.725
18.000460500014015,57874.67,3.18,2.7342463199977574,0.29771941249754724,15.540304827486755,0.0002,58006.24
18.01268980000168,58006.24,3.19,2.7322861829997227,0.29564826499987396,15.528727444998362,0.0002,58010.945
18.025083000014998,57687.37,3.18,2.730241304997525,0.294718774998875,15.516644074985376,0.0002,58006.24
18.03731929999776,58175.97,3.19,2.7282223155003695,0.29345529800031345,15.504527507002262,0.0002,58010.945
