Time (s),Voltage (V),Resistance (Ohm)
0.001971006393432617,5.07,-2396464.25
0.003478527069091797,5.05,-3252513.5
0.004837989807128906,5.04,-4632323.0
0.006156444549560547,5.05,-3127943.0
0.007468223571777344,5.04,-4538131.0
0.00903940200805664,5.06,-2850490.25
0.010427713394165039,5.05,-3229110.25
0.011770486831665039,5.04,-4447719.0
0.013106107711791992,5.07,-2428650.0
0.014435529708862305,5.04,-4425694.0
0.015741348266601562,5.06,-2982706.5
0.01708698272705078,5.05,-3276231.5
0.0183260440826416,5.04,-4425694.0
0.0195615291595459,5.07,-2334650.0
0.020779848098754883,5.04,-4469965.5
0.021997690200805664,5.05,-3063991.25
0.02321910858154297,5.05,-3206074.25
0.024512290954589844,5.04,-4360864.5
0.02574014663696289,5.07,-2236676.25
0.028970956802368164,5.05,-3413289.5
0.030246734619140625,5.05,-3043266.0
0.03142094612121582,5.05,-3183367.5
0.03259587287902832,5.04,-4197020.5
0.03376317024230957,5.08,-2198706.5
0.034932613372802734,5.05,-3400328.75
0.036103010177612305,5.05,-3063991.25
0.0372774600982666,5.05,-3172107.5
0.038468360900878906,5.04,-4177420.25
0.039637088775634766,5.08,-2220239.75
0.040802001953125,5.05,-3337115.25
0.042189598083496094,5.05,-3649421.75
0.0433802604675293,5.05,-3194680.0
0.04455828666687012,5.04,-4339696.0
0.04572439193725586,5.07,-2310817.5
0.04689645767211914,5.05,-3337115.25
0.04807138442993164,5.04,-3740875.75
0.04923892021179199,5.05,-3160955.5
0.05040431022644043,5.04,-4277361.5
0.05157470703125,5.07,-2415668.0
0.0527193546295166,5.05,-3400328.75
0.05388689041137695,5.04,-3725287.25
0.054982662200927734,5.05,-3160955.5
0.0560605525970459,5.04,-4138768.75
0.057144880294799805,5.07,-2371357.0
0.058286190032958984,5.05,-3149882.75
0.05937671661376953,5.04,-3991022.0
0.06727862358093262,5.05,-3252513.5
0.07950186729431152,5.03,-6215641.5
0.0921173095703125,5.07,-2468425.25
0.10439062118530273,5.05,-3288252.5
0.11668801307678223,5.03,-4781203.5
0.12867212295532227,5.05,-3206074.25
0.14107489585876465,5.03,-5886606.0
0.15329670906066895,5.06,-2713201.5
0.16544723510742188,5.05,-3300332.0
0.17752790451049805,5.04,-4425694.0
0.1895887851715088,5.05,-3194680.0
0.20181965827941895,5.03,-5139400.0
0.21384906768798828,5.06,-2896349.75
0.2257695198059082,5.05,-3276231.5
0.23509502410888672,5.04,-4447719.0
0.2476670742034912,5.07,-2402841.75
0.2597923278808594,5.04,-4447719.0
0.2711656093597412,5.06,-2841503.5
0.2833411693572998,5.05,-3194680.0
0.29561305046081543,5.04,-4297920.5
0.30791306495666504,5.07,-2334650.0
0.32023119926452637,5.04,-4447719.0
0.3328883647918701,5.06,-3002629.0
0.3452267646789551,5.05,-3288252.5
0.35732221603393555,5.04,-4197020.5
0.3698313236236572,5.07,-2281715.5
0.3822305202484131,5.05,-3300332.0
0.3944742679595947,5.06,-3002629.0
0.4067988395690918,5.05,-3206074.25
0.4188528060913086,5.04,-4382242.5
0.4307515621185303,5.07,-2242205.75
0.4430572986602783,5.05,-3452675.0
0.45516419410705566,5.05,-3074461.25
0.4647808074951172,5.05,-3240784.0
0.477036714553833,5.04,-4119663.75
0.4892756938934326,5.08,-2198706.5
0.5017385482788086,5.05,-3288252.5
0.5138521194458008,5.05,-3439444.75
0.5264215469360352,5.05,-3264328.75
0.5383920669555664,5.04,-4339696.0
0.5507657527923584,5.07,-2328649.0
0.563124418258667,5.05,-3374768.5
0.5755753517150879,5.05,-3590930.25
0.5873968601226807,5.05,-3229110.25
0.5999550819396973,5.04,-4360864.5
0.6119108200073242,5.07,-2334650.0
0.6241874694824219,5.05,-3337115.25
0.6362645626068115,5.04,-3756556.25
0.648292064666748,5.05,-3300332.0
0.660283088684082,5.04,-4197020.5
0.6725368499755859,5.07,-2461707.25
0.684730052947998,5.05,-3312502.0
0.6938643455505371,5.04,-3804445.0
0.7064993381500244,5.05,-3053593.25
0.7186310291290283,5.03,-6005832.5
0.7310597896575928,5.07,-2428650.0
0.7430834770202637,5.05,-3117102.0
0.7557461261749268,5.04,-4082077.0
0.7676839828491211,5.05,-3149882.75
0.7801494598388672,5.03,-5323575.5
0.7925198078155518,5.07,-2435185.75
0.8047690391540527,5.05,-3217550.5
0.816932201385498,5.04,-4492437.5
0.8292438983917236,5.05,-3127943.0
0.8415732383728027,5.03,-4995428.0
0.853482723236084,5.06,-2832573.25
0.8656134605407715,5.05,-3264328.75
0.8777062892913818,5.04,-4469965.5
0.8898568153381348,5.07,-2530636.75
0.9020471572875977,5.04,-4584710.0
0.9140880107879639,5.06,-2905691.75
0.9236102104187012,5.05,-3194680.0
0.9358596801757812,5.04,-4158004.0
0.9480080604553223,5.07,-2322679.5
0.9601283073425293,5.04,-4403833.0
0.9726998805999756,5.06,-2943702.0
0.9849298000335693,5.05,-3149882.75
0.9969584941864014,5.04,-4360864.5
1.0092346668243408,5.07,-2304940.0
1.021852970123291,5.05,-3452675.0
1.0341403484344482,5.06,-3022796.5
1.0464394092559814,5.05,-3149882.75
1.0586612224578857,5.04,-4257000.0
1.0707674026489258,5.08,-2220239.75
1.0828144550323486,5.05,-3479480.25
1.09490966796875,5.05,-3033009.5
1.1069271564483643,5.05,-3160955.5
1.1191473007202148,5.04,-4360864.5
1.1313772201538086,5.08,-2225686.75
1.143277645111084,5.05,-3288252.5
1.1529231071472168,5.05,-3479480.25
1.1651737689971924,5.05,-3095646.75
1.1764118671417236,5.04,-4177420.25
1.1885666847229004,5.07,-2258975.25
1.2010149955749512,5.05,-3362133.0
1.2134840488433838,5.05,-3493024.0
1.226346731185913,5.05,-3085030.75
1.2386975288391113,5.04,-4382242.5
1.2512028217315674,5.07,-2334650.0
1.2634003162384033,5.05,-3349593.0
1.2754807472229004,5.04,-3725287.25
1.2868576049804688,5.05,-3276231.5
1.2990310192108154,5.04,-4447719.0
1.3111867904663086,5.07,-2435185.75
1.3235206604003906,5.05,-3324762.5
1.3357477188110352,5.04,-3853539.5
1.3482820987701416,5.05,-3217550.5
1.36051344871521,5.02,-6784938.0
1.3727107048034668,5.07,-2428650.0
1.3849775791168213,5.05,-3240784.0
1.39426589012146,5.04,-4730474.5
1.4068615436553955,5.05,-3095646.75
1.4189534187316895,5.03,-5355557.0
1.4310734272003174,5.07,-2441757.5
1.4434373378753662,5.05,-3240784.0
1.4559645652770996,5.04,-4339696.0
1.4679694175720215,5.05,-3172107.5
1.480447769165039,5.03,-5260751.0
1.492943286895752,5.06,-2877823.25
1.5051112174987793,5.05,-3300332.0
1.5174126625061035,5.04,-4447719.0
1.5295381546020508,5.05,-3172107.5
1.5415034294128418,5.04,-4705546.5
1.553741693496704,5.06,-2896349.75
1.5659916400909424,5.05,-3217550.5
1.5778982639312744,5.04,-4447719.0
1.5900285243988037,5.07,-2390137.25
1.6021978855133057,5.04,-4608362.0
1.6114215850830078,5.06,-2963074.5
1.6238951683044434,5.06,-2896349.75
1.6362648010253906,5.04,-4177420.25
1.6482250690460205,5.07,-2275987.0
1.6605215072631836,5.05,-3229110.25
1.6730270385742188,5.05,-3043266.0
1.685368299484253,5.05,-3127943.0
1.697634220123291,5.04,-4257000.0
1.7099909782409668,5.07,-2258975.25
1.7222609519958496,5.05,-3312502.0
1.7345271110534668,5.05,-3033009.5
1.7467825412750244,5.05,-3206074.25
1.7586314678192139,5.04,-4447719.0
1.7709872722625732,5.07,-2236676.25
1.7831082344055176,5.05,-3349593.0
1.7951040267944336,5.05,-3452675.0
1.8071155548095703,5.05,-3240784.0
1.8193697929382324,5.04,-4360864.5
1.8314692974090576,5.08,-2204046.5
1.8408856391906738,5.05,-3337115.25
1.8533663749694824,5.05,-3374768.5
1.8655362129211426,5.05,-3138887.75
1.877605676651001,5.04,-4158004.0
1.8901193141937256,5.07,-2340698.0
1.9024174213409424,5.05,-3349593.0
1.9146413803100586,5.04,-3756556.25
1.9271259307861328,5.05,-3183367.5
1.939162254333496,5.04,-4360864.5
1.9515032768249512,5.07,-2396464.25
1.963796615600586,5.05,-3312502.0
1.9761979579925537,5.04,-3820669.0
1.98797607421875,5.05,-3183367.5
2.000249147415161,5.04,-4297920.5
2.0124094486236572,5.07,-2461707.25
2.0245554447174072,5.05,-3264328.75
2.0367891788482666,5.04,-4026929.75
2.048877477645874,5.05,-3194680.0
2.0607683658599854,5.03,-5661976.5
2.0703492164611816,5.07,-2428650.0
2.0826456546783447,5.05,-3149882.75
2.0946218967437744,5.04,-4158004.0
2.1073031425476074,5.05,-3117102.0
2.1193175315856934,5.03,-5387928.0
2.1319165229797363,5.07,-2415668.0
2.1438302993774414,5.05,-3240784.0
2.156412363052368,5.04,-4339696.0
2.1683924198150635,5.05,-3217550.5
2.1808598041534424,5.03,-4781203.5
2.1932599544525146,5.06,-2905691.75
2.205517292022705,5.05,-3288252.5
2.218848943710327,5.04,-4318733.0
2.229600191116333,5.07,-2377583.75
2.241713523864746,5.04,-4584710.0
2.253943681716919,5.06,-3012678.5
2.265995502471924,5.05,-3252513.5
2.2778160572052,5.04,-4425694.0
2.289703845977783,5.07,-2275987.0
2.2984561920166016,5.04,-4063542.0
2.3107802867889404,5.06,-2982706.5
2.323119640350342,5.06,-3022796.5
2.3353781700134277,5.04,-4277361.5
2.3479485511779785,5.08,-2188104.75
2.3601181507110596,5.05,-3206074.25
2.3728439807891846,5.05,-3033009.5
2.3855369091033936,5.05,-3229110.25
2.3978593349456787,5.04,-4297920.5
2.4103970527648926,5.07,-2247762.75
2.4225990772247314,5.05,-3413289.5
2.4346489906311035,5.05,-3106337.0
2.446925640106201,5.05,-3172107.5
2.4589922428131104,5.04,-4297920.5
2.4711716175079346,5.07,-2242205.75
2.48325514793396,5.05,-3400328.75
2.4953081607818604,5.05,-3562406.5
2.507351875305176,5.05,-3172107.5
2.5196075439453125,5.04,-4236832.5
2.528778314590454,5.07,-2422133.0
2.54126238822937,5.05,-3183367.5
2.5536534786224365,5.05,-3605402.75
2.5659215450286865,5.06,-3012678.5
2.5779881477355957,5.04,-4197020.5
2.5904293060302734,5.07,-2422133.0
2.6027703285217285,5.05,-3300332.0
2.6151182651519775,5.04,-3870189.5
2.627453088760376,5.05,-3206074.25
2.6395387649536133,5.04,-4339696.0
2.651982307434082,5.07,-2435185.75
2.664151668548584,5.05,-3324762.5
2.67642879486084,5.04,-4045175.5
2.6882519721984863,5.05,-3183367.5
2.7005107402801514,5.03,-6130016.5
2.7125864028930664,5.07,-2468425.25
2.7248356342315674,5.05,-3288252.5
2.7370309829711914,5.04,-4492437.5
2.749135732650757,5.05,-3183367.5
2.758296012878418,5.03,-5109881.5
2.7707228660583496,5.07,-2396464.25
2.783022403717041,5.05,-3085030.75
2.7950379848480225,5.04,-4119663.75
2.807612657546997,5.05,-3229110.25
2.8197555541992188,5.04,-4492437.5
2.8321807384490967,5.06,-2943702.0
2.8442299365997314,5.05,-3337115.25
2.8567590713500977,5.04,-4403833.0
2.869058609008789,5.07,-2402841.75
2.8811445236206055,5.04,-4538131.0
2.8937673568725586,5.06,-2972857.75
2.905939817428589,5.05,-3300332.0
2.9168219566345215,5.04,-4425694.0
2.929044723510742,5.07,-2346762.25
2.9412899017333984,5.04,-4177420.25
2.9535024166107178,5.05,-3095646.75
2.9657459259033203,5.05,-3288252.5
2.9779274463653564,5.04,-4425694.0
2.990262269973755,5.07,-2258975.25
2.999056816101074,5.05,-3413289.5
3.011547327041626,5.06,-2982706.5
3.0241358280181885,5.05,-3149882.75
3.03655743598938,5.04,-4119663.75
3.048858642578125,5.07,-2247762.75
3.061244010925293,5.05,-3337115.25
3.073899507522583,5.05,-3413289.5
3.0860888957977295,5.05,-3217550.5
3.0983927249908447,5.04,-4236832.5
3.1106910705566406,5.07,-2365147.75
3.1229145526885986,5.05,-3349593.0
3.1352970600128174,5.04,-3756556.25
3.1473934650421143,5.05,-3206074.25
3.1595659255981445,5.04,-4339696.0
3.1716110706329346,5.07,-2422133.0
3.183750867843628,5.05,-3337115.25
3.1958279609680176,5.04,-3756556.25
3.2078614234924316,5.05,-3053593.25
3.220126152038574,5.04,-4318733.0
3.2321534156799316,5.07,-2435185.75
3.241626024246216,5.05,-3337115.25
3.25408673286438,5.04,-3740875.75
3.266284465789795,5.05,-3106337.0
3.2784264087677,5.03,-5661976.5
3.289708137512207,5.07,-2468425.25
3.301999807357788,5.05,-3264328.75
3.3142306804656982,5.04,-4561300.5
3.3264970779418945,5.05,-3229110.25
3.3388402462005615,5.03,-5626219.0
3.3515641689300537,5.06,-2780142.5
3.3638834953308105,5.05,-3300332.0
3.376417636871338,5.04,-4656474.5
3.3886542320251465,5.05,-3206074.25
3.4010345935821533,5.03,-5355557.0
3.413191318511963,5.06,-2763085.0
3.4253745079040527,5.05,-3300332.0
3.437103271484375,5.04,-4403833.0
3.4494829177856445,5.07,-2530636.75
3.4616472721099854,5.04,-4608362.0
3.471083402633667,5.06,-2887044.5
3.4834461212158203,5.05,-3172107.5
3.495392322540283,5.04,-4257000.0
3.5079901218414307,5.07,-2287488.0
3.5201597213745117,5.04,-4403833.0
3.532459259033203,5.06,-2963074.5
3.5446183681488037,5.05,-3206074.25
3.5571210384368896,5.04,-4382242.5
3.569180488586426,5.07,-2247762.75
3.5815916061401367,5.05,-3426316.75
3.5941355228424072,5.05,-3053593.25
3.60625958442688,5.05,-3217550.5
3.618542432785034,5.04,-4515196.5
3.6302130222320557,5.07,-2247762.75
3.642533779144287,5.05,-3466042.25
3.6547224521636963,5.05,-3493024.0
3.6668930053710938,5.05,-3160955.5
3.678743600845337,5.04,-4403833.0
3.6911118030548096,5.07,-2242205.75
3.7003707885742188,5.05,-3400328.75
3.712568759918213,5.05,-3276231.5
3.7250452041625977,5.05,-3183367.5
3.737459421157837,5.04,-4197020.5
3.7493298053741455,5.07,-2275987.0
3.7616682052612305,5.05,-3387500.0
3.7742958068847656,5.05,-3694577.75
3.786466121673584,5.05,-3217550.5
3.7987453937530518,5.04,-4403833.0
3.8110885620117188,5.07,-2383843.75
3.8233754634857178,5.05,-3337115.25
3.8356564044952393,5.04,-3837033.25
3.847795009613037,5.05,-3183367.5
3.859889268875122,5.04,-4403833.0
3.872011184692383,5.07,-2495689.75
3.88417387008667,5.05,-3337115.25
3.8962106704711914,5.04,-3938311.0
3.9082257747650146,5.05,-3240784.0
3.9204490184783936,5.03,-6215641.5
3.9325954914093018,5.07,-2435185.75
3.942185401916504,5.05,-3300332.0
3.954461097717285,5.04,-4197020.5
3.9666860103607178,5.05,-3149882.75
3.978752613067627,5.03,-5355557.0
3.9910941123962402,5.07,-2435185.75
4.0036537647247314,5.05,-3229110.25
4.015902280807495,5.04,-4632323.0
4.028218984603882,5.05,-3217550.5
4.040165662765503,5.03,-5260751.0
4.052643060684204,5.06,-2814883.0
4.064909219741821,5.05,-3324762.5
4.077226877212524,5.04,-4425694.0
4.089029550552368,5.07,-2502597.25
4.101425647735596,5.04,-4705546.5
4.113396406173706,5.06,-3002629.0
4.125691652297974,5.05,-3337115.25
4.13768744468689,5.04,-4403833.0
4.149817705154419,5.07,-2435185.75
4.1619062423706055,5.04,-4403833.0
4.171426773071289,5.06,-3012678.5
4.183900594711304,5.05,-3183367.5
4.1957690715789795,5.04,-4339696.0
4.208423137664795,5.08,-2214819.75
4.220515251159668,5.05,-3194680.0
4.232828855514526,5.05,-3053593.25
4.24498987197876,5.05,-3252513.5
4.257531642913818,5.04,-4425694.0
4.270029306411743,5.07,-2258975.25
4.281703948974609,5.05,-3362133.0
4.293192625045776,5.05,-3106337.0
4.3053648471832275,5.05,-3252513.5
4.317563533782959,5.04,-4584710.0
4.329874753952026,5.07,-2264617.25
4.34208083152771,5.05,-3337115.25
4.354371786117554,5.05,-3605402.75
4.36698317527771,5.05,-3252513.5
4.378790378570557,5.04,-4339696.0
4.391214847564697,5.07,-2396464.25
4.4007651805877686,5.05,-3362133.0
4.412988901138306,5.05,-3506674.5
4.425531625747681,5.06,-3022796.5
4.437410831451416,5.04,-4297920.5
4.449980735778809,5.07,-2346762.25
4.462042808532715,5.05,-3312502.0
4.474592208862305,5.04,-3804445.0
4.486970663070679,5.05,-3172107.5
4.498917579650879,5.04,-4339696.0
4.511632442474365,5.07,-2461707.25
4.523716926574707,5.05,-3374768.5
4.536010980606079,5.04,-3973309.25
4.548027276992798,5.05,-3183367.5
4.56002950668335,5.03,-6088087.5
4.572293996810913,5.07,-2475180.25
4.584351301193237,5.05,-3324762.5
4.596417188644409,5.04,-4730474.5
4.608651638031006,5.05,-3194680.0
4.620558261871338,5.03,-5925883.0
4.629935264587402,5.07,-2415668.0
4.6423797607421875,5.05,-3194680.0
4.654783010482788,5.04,-4447719.0
4.667068719863892,5.05,-3324762.5
4.6790759563446045,5.03,-4832973.5
4.691580533981323,5.06,-2721385.0
4.704005002975464,5.05,-3240784.0
4.716252326965332,5.04,-4538131.0
4.7285261154174805,5.05,-3160955.5
4.740557670593262,5.04,-4561300.5
4.753007411956787,5.06,-2887044.5
4.765197515487671,5.05,-3264328.75
4.777547121047974,5.04,-4382242.5
4.789262056350708,5.07,-2340698.0
4.801631689071655,5.04,-4297920.5
4.813664674758911,5.06,-2992647.0
4.825779676437378,5.05,-3229110.25
4.837958574295044,5.04,-4277361.5
4.847196102142334,5.07,-2253347.75
4.859269618988037,5.05,-3183367.5
4.8717522621154785,5.06,-2896349.75
4.884251117706299,5.05,-3074461.25
4.89618706703186,5.04,-4082077.0
4.90878963470459,5.07,-2242205.75
4.920885801315308,5.05,-3387500.0
4.9332921504974365,5.05,-3053593.25
4.945399045944214,5.05,-3194680.0
4.957986116409302,5.04,-4447719.0
4.970065116882324,5.08,-2220239.75
4.982393026351929,5.05,-3426316.75
4.994540452957153,5.05,-3590930.25
5.006871461868286,5.05,-3160955.5
5.018847942352295,5.04,-4469965.5
5.031006574630737,5.07,-2287488.0
5.043200254440308,5.05,-3300332.0
5.055273532867432,5.04,-3740875.75
5.067318677902222,5.05,-3160955.5
5.079521894454956,5.04,-4318733.0
5.089053153991699,5.07,-2455009.5
5.101071834564209,5.05,-3240784.0
5.113503694534302,5.05,-3679413.75
5.125824451446533,5.06,-3002629.0
5.13815975189209,5.04,-4257000.0
5.15008544921875,5.07,-2481973.0
5.162463903427124,5.05,-3229110.25
5.175039291381836,5.04,-4026929.75
5.187285423278809,5.05,-3160955.5
5.199230432510376,5.03,-6487701.5
5.2118730545043945,5.07,-2481973.0
5.224217891693115,5.05,-3288252.5
5.236148834228516,5.04,-4257000.0
5.248246192932129,5.05,-3229110.25
5.260141134262085,5.03,-5698194.5
5.272189617156982,5.07,-2435185.75
5.284301519393921,5.05,-3276231.5
5.29617714881897,5.04,-4561300.5
5.30839729309082,5.05,-3252513.5
5.317075729370117,5.03,-4859351.0
5.329433917999268,5.06,-2713201.5
5.341710090637207,5.05,-3160955.5
5.354359149932861,5.04,-4138768.75
5.366641521453857,5.07,-2390137.25
5.37893271446228,5.04,-4561300.5
5.39152979850769,5.06,-2924559.75
5.4039835929870605,5.05,-3276231.5
5.416614294052124,5.04,-4360864.5
5.42863392829895,5.07,-2293275.5
5.4410905838012695,5.04,-4277361.5
5.4535088539123535,5.05,-3043266.0
5.465618133544922,5.05,-3276231.5
5.477869510650635,5.04,-4382242.5
5.489598989486694,5.08,-2225686.75
5.502069711685181,5.05,-3506674.5
5.514027118682861,5.05,-3053593.25
5.526331663131714,5.05,-3288252.5
5.538208961486816,5.04,-4277361.5
5.550321817398071,5.07,-2242205.75
5.559705972671509,5.05,-3362133.0
5.572209358215332,5.05,-3312502.0
5.584533452987671,5.05,-3127943.0
5.596621990203857,5.04,-4236832.5
5.60911750793457,5.07,-2236676.25
5.621274948120117,5.05,-3349593.0
5.63362455368042,5.05,-3576611.25
5.645763635635376,5.05,-3183367.5
5.658312559127808,5.04,-4425694.0
5.670491933822632,5.07,-2328649.0
5.68280029296875,5.05,-3349593.0
5.6952619552612305,5.05,-3634628.75
5.707046270370483,5.05,-3300332.0
5.719278573989868,5.04,-4236832.5
5.731268882751465,5.07,-2371357.0
5.743476152420044,5.05,-3324762.5
5.755491733551025,5.04,-3938311.0
5.767709493637085,5.05,-3252513.5
5.777032136917114,5.04,-4360864.5
5.789410591125488,5.07,-2377583.75
5.801367282867432,5.05,-3043266.0
5.813857555389404,5.04,-3921065.75
5.826189041137695,5.05,-3160955.5
5.838464260101318,5.03,-5847947.5
5.85049843788147,5.07,-2455009.5
5.8627769947052,5.05,-3300332.0
5.875304937362671,5.04,-4277361.5
5.8876423835754395,5.05,-3229110.25
5.899861812591553,5.03,-5169187.5
5.912222146987915,5.07,-2435185.75
5.924560785293579,5.05,-3276231.5
5.936634063720703,5.04,-4360864.5
5.9485931396484375,5.05,-3149882.75
5.960567951202393,5.03,-4885952.5
5.972804307937622,5.06,-2877823.25
5.985060930252075,5.05,-3217550.5
5.997166633605957,5.04,-4447719.0
6.008862018585205,5.07,-2409237.5
6.018816232681274,5.04,-4492437.5
6.030916929244995,5.06,-2877823.25
6.043184280395508,5.05,-3033009.5
6.055572986602783,5.04,-4197020.5
6.067896366119385,5.07,-2253347.75
6.07990026473999,5.04,-4026929.75
6.092355012893677,5.06,-2943702.0
6.104647874832153,5.05,-3194680.0
6.117022752761841,5.04,-4277361.5
6.129243612289429,5.07,-2236676.25
6.140605926513672,5.05,-3413289.5
6.153111934661865,5.06,-3002629.0
6.165342330932617,5.05,-3229110.25
6.178053855895996,5.04,-4158004.0
6.189932823181152,5.07,-2236676.25
6.202319383621216,5.05,-3426316.75
6.2144763469696045,5.05,-3413289.5
6.226600170135498,5.05,-3183367.5
6.238691806793213,5.04,-4277361.5
6.248012542724609,5.08,-2188104.75
6.260096073150635,5.05,-3149882.75
6.27252984046936,5.05,-3374768.5
6.2846901416778564,5.05,-3085030.75
6.296047687530518,5.04,-4138768.75
6.308295011520386,5.07,-2270287.5
6.320513010025024,5.05,-3264328.75
6.332885265350342,5.04,-3725287.25
6.345062255859375,5.05,-3160955.5
6.357621908187866,5.04,-4360864.5
6.369850158691406,5.07,-2396464.25
6.38215708732605,5.05,-3206074.25
6.395061731338501,5.04,-3837033.25
6.4072301387786865,5.05,-3160955.5
6.419898509979248,5.03,-6215641.5
6.431577205657959,5.07,-2371357.0
6.44400954246521,5.05,-3206074.25
6.456060886383057,5.04,-4632323.0
6.46821403503418,5.05,-3138887.75
6.480385065078735,5.03,-6130016.5
6.48970103263855,5.07,-2409237.5
6.501888751983643,5.05,-3085030.75
6.514178991317749,5.04,-4008894.75
6.526619911193848,5.05,-3160955.5
6.539041996002197,5.03,-4885952.5
6.550929307937622,5.06,-2806099.25
6.563173770904541,5.05,-3160955.5
6.575708627700806,5.04,-4297920.5
6.588029384613037,5.07,-2544887.25
6.600269079208374,5.04,-4403833.0
6.612665891647339,5.06,-2887044.5
6.624788761138916,5.05,-3149882.75
6.637179136276245,5.04,-4257000.0
6.649226903915405,5.07,-2371357.0
6.6612303256988525,5.05,-3349593.0
6.673379898071289,5.06,-2924559.75
6.685516595840454,5.05,-3149882.75
6.697628021240234,5.04,-4297920.5
6.709550142288208,5.08,-2231160.75
6.721954584121704,5.05,-3349593.0
6.731121778488159,5.06,-2972857.75
6.743558406829834,5.05,-3043266.0
6.755968332290649,5.04,-4045175.5
6.768315315246582,5.08,-2209426.75
6.780229568481445,5.05,-3324762.5
6.792696475982666,5.05,-3206074.25
6.804830312728882,5.05,-3138887.75
6.817372560501099,5.04,-4382242.5
6.82961106300354,5.07,-2264617.25
6.841691017150879,5.05,-3300332.0
6.854211091995239,5.05,-3534336.5
6.86652946472168,5.05,-3160955.5
6.878785848617554,5.04,-4216806.5
6.890751600265503,5.07,-2310817.5
6.902822256088257,5.05,-3276231.5
6.914923429489136,5.05,-3590930.25
6.927107095718384,5.05,-3183367.5
6.939415454864502,5.04,-4277361.5
6.9511353969573975,5.07,-2352858.25
6.963307619094849,5.05,-3172107.5
6.972851753234863,5.04,-3756556.25
6.9851906299591064,5.05,-3138887.75
6.997377395629883,5.03,-5734975.5
7.0098865032196045,5.07,-2415668.0
7.0221827030181885,5.05,-3172107.5
7.034404039382935,5.04,-4447719.0
7.046522617340088,5.05,-3183367.5
7.0591654777526855,5.03,-6215641.5
7.0713276863098145,5.07,-2435185.75
7.083549976348877,5.05,-3276231.5
7.0960774421691895,5.04,-4515196.5
7.10823917388916,5.05,-3206074.25
7.120410442352295,5.03,-5661976.5
7.132281303405762,5.06,-2797392.5
7.144465208053589,5.05,-3229110.25
7.156567573547363,5.04,-4515196.5
7.168736934661865,5.07,-2552074.0
7.180574417114258,5.03,-4940045.0
7.192907333374023,5.06,-2859558.25
7.202340602874756,5.05,-3127943.0
7.21448826789856,5.04,-4158004.0
7.226996660232544,5.07,-2316740.75
7.23934268951416,5.04,-4515196.5
7.251546621322632,5.06,-2934087.25
7.2635698318481445,5.05,-3138887.75
7.276205778121948,5.04,-4277361.5
7.288110017776489,5.07,-2299092.5
7.299536943435669,5.05,-3374768.5
7.311742067337036,5.06,-3022796.5
7.324012279510498,5.05,-3194680.0
7.3363869190216064,5.04,-4382242.5
7.348585605621338,5.08,-2231160.75
7.3610520362854,5.05,-3400328.75
7.373391628265381,5.05,-3312502.0
7.385737657546997,5.05,-3183367.5
7.397999286651611,5.04,-4447719.0
7.410214185714722,5.08,-2209426.75
7.42236590385437,5.05,-3387500.0
7.431450366973877,5.05,-3548315.5
7.4439616203308105,5.05,-3117102.0
7.456381797790527,5.04,-4177420.25
7.468689680099487,5.08,-2214819.75
7.480611085891724,5.05,-3426316.75
7.493088722229004,5.05,-3605402.75
7.505476713180542,5.05,-3312502.0
7.517712831497192,5.04,-4318733.0
7.52998685836792,5.07,-2352858.25
7.542254209518433,5.05,-3240784.0
7.554542064666748,5.04,-3756556.25
7.566920757293701,5.05,-3206074.25
7.579375982284546,5.03,-6005832.5
7.591189384460449,5.07,-2435185.75
7.603332281112671,5.05,-3252513.5
7.615440130233765,5.04,-3887028.25
7.6277008056640625,5.05,-3229110.25
7.639753580093384,5.03,-6005832.5
7.65180778503418,5.07,-2441757.5
7.663937091827393,5.05,-3229110.25
7.676011085510254,5.04,-4584710.0
7.685729503631592,5.05,-3194680.0
7.697786808013916,5.03,-5387928.0
7.710386037826538,5.06,-2680939.5
7.722363233566284,5.05,-3240784.0
7.734806060791016,5.04,-4469965.5
7.746922016143799,5.06,-2641693.0
7.75947642326355,5.03,-5260751.0
7.771393537521362,5.06,-2814883.0
7.783989191055298,5.05,-3217550.5
7.7963831424713135,5.04,-4403833.0
7.8085432052612305,5.07,-2537741.75
7.8204710483551025,5.04,-4705546.5
7.832589864730835,5.06,-2963074.5
7.844872236251831,5.05,-3172107.5
7.857057571411133,5.04,-4360864.5
7.869138956069946,5.07,-2377583.75
7.881040096282959,5.05,-3493024.0
7.893293380737305,5.05,-3033009.5
7.902618169784546,5.05,-3252513.5
7.914968490600586,5.04,-4045175.5
7.927426815032959,5.08,-2204046.5
7.939741373062134,5.05,-3312502.0
7.951784133911133,5.06,-3022796.5
7.9639623165130615,5.05,-3194680.0
7.9765002727508545,5.04,-4197020.5
7.988783121109009,5.07,-2236676.25
7.999932527542114,5.05,-3362133.0
8.012298822402954,5.05,-3400328.75
8.024455308914185,5.05,-3217550.5
8.036709785461426,5.04,-4447719.0
8.048964262008667,5.07,-2352858.25
8.061396598815918,5.05,-3374768.5
8.073779582977295,5.05,-3634628.75
8.085933208465576,5.05,-3217550.5
8.098255157470703,5.04,-4382242.5
8.11036205291748,5.07,-2352858.25
8.122663021087646,5.05,-3324762.5
8.132048845291138,5.05,-3664375.0
8.144428491592407,5.06,-3022796.5
8.156810283660889,5.04,-4063542.0
8.169088125228882,5.07,-2371357.0
8.180979013442993,5.05,-3206074.25
8.193465232849121,5.04,-3837033.25
8.205900192260742,5.05,-3288252.5
8.218117237091064,5.02,-6837115.0
8.23032832145691,5.07,-2448365.5
8.242586612701416,5.05,-3324762.5
8.255002498626709,5.04,-3955709.75
8.267233848571777,5.05,-3252513.5
8.27964472770691,5.03,-6348800.5
8.29129433631897,5.07,-2455009.5
8.30276370048523,5.05,-3312502.0
8.31495475769043,5.04,-4561300.5
8.327092170715332,5.05,-3264328.75
8.33948016166687,5.03,-5453950.0
8.351676225662231,5.06,-2754646.0
8.360375165939331,5.05,-3300332.0
8.372997045516968,5.04,-4257000.0
8.385474681854248,5.05,-3183367.5
8.397994756698608,5.04,-4705546.5
8.410767316818237,5.06,-2823700.25
8.422902584075928,5.05,-3240784.0
8.434903144836426,5.04,-4403833.0
8.447295904159546,5.07,-2377583.75
8.459903478622437,5.04,-4538131.0
8.472146272659302,5.06,-2953356.25
8.484278202056885,5.05,-3276231.5
8.49675965309143,5.04,-4339696.0
8.50886058807373,5.07,-2322679.5
8.5209641456604,5.05,-3426316.75
8.533051252365112,5.06,-3002629.0
8.545188903808594,5.05,-3229110.25
8.557281017303467,5.04,-4360864.5
8.569374084472656,5.07,-2247762.75
8.581397771835327,5.05,-3413289.5
8.593488931655884,5.05,-3063991.25
8.602874517440796,5.05,-3194680.0
8.615291595458984,5.04,-4216806.5
8.627813816070557,5.08,-2209426.75
8.640064716339111,5.05,-3264328.75
8.652053833007812,5.05,-3439444.75
8.664306163787842,5.05,-3183367.5
8.676912546157837,5.04,-4447719.0
8.689108610153198,5.07,-2275987.0
8.701337099075317,5.05,-3362133.0
8.713690519332886,5.05,-3679413.75
8.72607421875,5.05,-3300332.0
8.73832631111145,5.04,-4318733.0
8.750438213348389,5.07,-2402841.75
8.76225757598877,5.05,-3362133.0
8.774570226669312,5.04,-3709868.25
8.786714553833008,5.05,-3194680.0
8.798754692077637,5.04,-4360864.5
8.810744285583496,5.07,-2468425.25
8.82307505607605,5.05,-3362133.0
8.83242392539978,5.04,-3887028.25
8.844537496566772,5.05,-3074461.25
8.85704231262207,5.03,-5925883.0
8.86940598487854,5.07,-2422133.0
8.881379842758179,5.05,-3217550.5
8.893978595733643,5.04,-4100783.5
8.906218528747559,5.05,-3276231.5
8.918523788452148,5.03,-5925883.0
8.93076753616333,5.07,-2428650.0
8.942975759506226,5.05,-3324762.5
8.955388307571411,5.04,-4382242.5
8.967575550079346,5.05,-3217550.5
8.98000454902649,5.03,-5291975.5
8.991591453552246,5.06,-2859558.25
9.004032611846924,5.05,-3337115.25
9.01599907875061,5.04,-4608362.0
9.02814245223999,5.07,-2475180.25
9.040379285812378,5.04,-4705546.5
9.052348375320435,5.06,-2953356.25
9.061623096466064,5.05,-3387500.0
9.07417345046997,5.04,-4257000.0
9.086380958557129,5.07,-2299092.5
9.098598718643188,5.04,-4382242.5
9.11112642288208,5.06,-2992647.0
9.123160123825073,5.05,-3117102.0
9.13564944267273,5.04,-4469965.5
9.14769196510315,5.07,-2275987.0
9.160319805145264,5.05,-3439444.75
9.172420978546143,5.06,-2934087.25
9.184745073318481,5.05,-3194680.0
9.197197437286377,5.04,-4403833.0
9.209045171737671,5.07,-2247762.75
9.22108769416809,5.05,-3374768.5
9.233328580856323,5.05,-3033009.5
9.24541163444519,5.05,-3206074.25
9.257573127746582,5.04,-4492437.5
9.26964521408081,5.07,-2242205.75
9.28150200843811,5.05,-3374768.5
9.290862798690796,5.05,-3649421.75
9.302359819412231,5.05,-3117102.0
9.314620733261108,5.04,-4216806.5
9.32684326171875,5.07,-2242205.75
9.339239835739136,5.05,-3362133.0
9.351513624191284,5.05,-3562406.5
9.364011287689209,5.05,-3206074.25
9.376645565032959,5.04,-4469965.5
9.389204740524292,5.07,-2448365.5
9.401345014572144,5.05,-3337115.25
9.414089679718018,5.04,-3870189.5
9.426428318023682,5.05,-3217550.5
9.438280820846558,5.04,-4492437.5
9.450793981552124,5.07,-2481973.0
9.462826490402222,5.05,-3240784.0
9.474942922592163,5.04,-4138768.75
9.487003087997437,5.05,-3194680.0
9.499045372009277,5.03,-5886606.0
9.511011838912964,5.07,-2455009.5
9.520819664001465,5.05,-3217550.5
9.53279161453247,5.04,-3991022.0
9.545115232467651,5.05,-3127943.0
9.557542562484741,5.03,-5023554.5
9.569734573364258,5.07,-2435185.75
9.581742525100708,5.05,-3276231.5
9.594237089157104,5.04,-4403833.0
9.60662293434143,5.05,-3264328.75
9.618907451629639,5.03,-4806948.5
9.631184101104736,5.06,-2934087.25
9.643369436264038,5.05,-3312502.0
9.655675649642944,5.04,-4538131.0
9.667834520339966,5.07,-2409237.5
9.680112600326538,5.04,-4680881.0
9.691890954971313,5.05,-3033009.5
9.70416522026062,5.05,-3229110.25
9.716281414031982,5.04,-4425694.0
9.728444814682007,5.07,-2281715.5
9.740588665008545,5.04,-4138768.75
9.749963521957397,5.06,-3022796.5
9.761959075927734,5.06,-2982706.5
9.774553775787354,5.04,-4297920.5
9.786879539489746,5.07,-2258975.25
9.799005508422852,5.05,-3217550.5
9.811538934707642,5.05,-3043266.0
9.823530435562134,5.05,-3117102.0
9.836060523986816,5.04,-4339696.0
9.848047733306885,5.08,-2231160.75
9.860572814941406,5.05,-3387500.0
9.872568368911743,5.05,-3172107.5
9.885056257247925,5.05,-3337115.25
9.897589921951294,5.04,-4469965.5
9.909479856491089,5.08,-2225686.75
9.921457529067993,5.05,-3413289.5
9.933587074279785,5.05,-3679413.75
9.94582724571228,5.05,-3194680.0
9.957936763763428,5.04,-4425694.0
9.96995496749878,5.07,-2402841.75
9.98197627067566,5.05,-3387500.0
9.991668462753296,5.04,-3853539.5
10.003844022750854,5.05,-3138887.75
10.016041278839111,5.04,-4277361.5
10.028563261032104,5.07,-2402841.75
10.040829181671143,5.05,-3413289.5
10.052897214889526,5.04,-3921065.75
10.065091371536255,5.05,-3300332.0
10.077696800231934,5.04,-4403833.0
10.08973741531372,5.07,-2523571.75
10.101940155029297,5.05,-3312502.0
10.114464282989502,5.04,-4197020.5
10.126789808273315,5.05,-3300332.0
10.138795137405396,5.03,-5847947.5
10.150922060012817,5.07,-2448365.5
10.162983417510986,5.05,-3349593.0
10.17508578300476,5.04,-4360864.5
10.187323808670044,5.05,-3264328.75
10.199380159378052,5.03,-4781203.5
10.211317539215088,5.07,-2455009.5
10.221027374267578,5.05,-3337115.25
10.23310399055481,5.04,-4403833.0
10.245469093322754,5.05,-3217550.5
10.257885932922363,5.04,-4632323.0
10.270120859146118,5.06,-2943702.0
10.282179832458496,5.05,-3288252.5
10.29399061203003,5.04,-4515196.5
10.305842399597168,5.05,-3276231.5
10.318081855773926,5.04,-4403833.0
10.330339193344116,5.05,-3138887.75
10.342712163925171,5.05,-3276231.5
10.355011463165283,5.04,-4515196.5
10.367566585540771,5.07,-2358987.0
10.37992525100708,5.04,-3973309.25
10.391995191574097,5.05,-3106337.0
10.404268026351929,5.05,-3252513.5
10.416567325592041,5.04,-4382242.5
10.428395986557007,5.07,-2270287.5
10.440462350845337,5.05,-3634628.75
10.450321674346924,5.05,-3106337.0
10.46236276626587,5.06,-2982706.5
10.47490668296814,5.04,-4360864.5
10.487285137176514,5.08,-2209426.75
10.499369382858276,5.05,-3337115.25
10.51190996170044,5.05,-3206074.25
10.52410340309143,5.05,-3240784.0
10.536388397216797,5.04,-4382242.5
10.548432111740112,5.07,-2258975.25
10.561024188995361,5.05,-3590930.25
10.57295274734497,5.04,-3887028.25
10.58554196357727,5.05,-3217550.5
10.597879886627197,5.04,-4561300.5
10.609701871871948,5.07,-2371357.0
10.621744394302368,5.05,-3426316.75
10.633934736251831,5.04,-3903972.25
10.646003246307373,5.05,-3240784.0
10.658262491226196,5.04,-4492437.5
10.670328855514526,5.07,-2481973.0
10.679747343063354,5.05,-3413289.5
10.692041158676147,5.04,-3887028.25
10.704221487045288,5.05,-3117102.0
10.71639370918274,5.04,-4469965.5
10.728880643844604,5.07,-2461707.25
10.74129581451416,5.05,-3288252.5
10.753403186798096,5.04,-4425694.0
10.765475273132324,5.05,-3288252.5
10.778058290481567,5.03,-5626219.0
10.790311574935913,5.07,-2461707.25
10.802314281463623,5.05,-3362133.0
10.814842939376831,5.04,-4608362.0
10.827072620391846,5.05,-3288252.5
10.839150190353394,5.03,-5109881.5
10.851277589797974,5.07,-2544887.25
10.863274812698364,5.05,-3374768.5
10.875462055206299,5.04,-4318733.0
10.88752555847168,5.05,-3252513.5
10.89964771270752,5.04,-4469965.5
10.909062385559082,5.05,-3160955.5
10.921438455581665,5.05,-3217550.5
10.933584690093994,5.04,-4257000.0
10.945945978164673,5.05,-3276231.5
10.958279371261597,5.04,-4119663.75
10.970525741577148,5.05,-3149882.75
10.982558012008667,5.05,-3337115.25
10.994821071624756,5.04,-4447719.0
11.007365703582764,5.07,-2253347.75
11.019705772399902,5.04,-3740875.75
11.031797647476196,5.05,-3138887.75
11.044045448303223,5.05,-3300332.0
11.0562584400177,5.04,-4447719.0
11.06846833229065,5.07,-2270287.5
11.08065915107727,5.05,-3452675.0
11.092693090438843,5.05,-3206074.25
11.104772329330444,5.05,-3252513.5
11.116930961608887,5.04,-4680881.0
11.129119873046875,5.08,-2225686.75
11.138487100601196,5.05,-3400328.75
11.150680541992188,5.05,-3160955.5
11.163135290145874,5.05,-3183367.5
11.175200700759888,5.04,-4119663.75
11.187515497207642,5.07,-2258975.25
11.199763774871826,5.05,-3374768.5
11.212260961532593,5.04,-3740875.75
11.224220991134644,5.05,-3252513.5
11.23674726486206,5.04,-4382242.5
11.248832702636719,5.07,-2552074.0
11.26266860961914,5.05,-3413289.5
11.273361206054688,5.04,-4277361.5
11.284799098968506,5.05,-3276231.5
11.296939134597778,5.04,-4538131.0
11.309067487716675,5.07,-2502597.25
11.32138967514038,5.05,-3426316.75
11.333585023880005,5.04,-4339696.0
11.34577202796936,5.05,-3288252.5
11.35831594467163,5.04,-4656474.5
11.370641469955444,5.07,-2455009.5
11.379375219345093,5.05,-3288252.5
11.391774415969849,5.04,-4297920.5
11.404085874557495,5.05,-3149882.75
11.416502237319946,5.04,-4403833.0
11.429252862930298,5.07,-2488821.0
11.44137954711914,5.05,-3276231.5
11.453726053237915,5.04,-4425694.0
11.465868711471558,5.05,-3288252.5
11.478444576263428,5.03,-4806948.5
11.490668058395386,5.06,-2596110.0
11.502923727035522,5.05,-3276231.5
11.515148878097534,5.04,-4705546.5
11.527345657348633,5.05,-3229110.25
11.539555788040161,5.04,-4158004.0
11.551894426345825,5.05,-3033009.5
11.563522577285767,5.05,-3264328.75
11.575884580612183,5.04,-4447719.0
11.587849617004395,5.07,-2299092.5
11.599993705749512,5.04,-3740875.75
11.609457731246948,5.06,-3012678.5
11.621694564819336,5.05,-3138887.75
11.633987426757812,5.04,-4360864.5
11.646375894546509,5.07,-2242205.75
11.658632040023804,5.05,-3520433.0
11.670982122421265,5.05,-3138887.75
11.682952404022217,5.05,-3172107.5
11.695501327514648,5.04,-4403833.0
11.707808494567871,5.08,-2231160.75
11.72009539604187,5.05,-3576611.25
11.732238292694092,5.05,-3172107.5
11.744455814361572,5.05,-3312502.0
11.756681442260742,5.04,-4561300.5
11.768874168395996,5.07,-2247762.75
11.781209230422974,5.05,-3426316.75
11.792932510375977,5.04,-3921065.75
11.805050611495972,5.05,-3206074.25
11.817059755325317,5.04,-4318733.0
11.82915997505188,5.07,-2281715.5
11.841221809387207,5.05,-3387500.0
11.850722551345825,5.04,-4177420.25
11.86300277709961,5.05,-3183367.5
11.875252962112427,5.04,-4138768.75
11.887526512145996,5.07,-2415668.0
11.89976716041565,5.05,-3400328.75
11.91208291053772,5.04,-4360864.5
11.92449426651001,5.05,-3183367.5
11.936722040176392,5.04,-4538131.0
11.948983907699585,5.07,-2495689.75
11.961264610290527,5.05,-3426316.75
11.973547458648682,5.04,-4608362.0
11.985838413238525,5.05,-3217550.5
11.99792742729187,5.03,-4967546.0
12.009959936141968,5.07,-2488821.0
12.022131443023682,5.05,-3229110.25
12.034285545349121,5.04,-4656474.5
12.046493768692017,5.05,-3288252.5
12.058528184890747,5.04,-4705546.5
12.070722341537476,5.06,-2611119.75
12.079988956451416,5.05,-3349593.0
12.092341661453247,5.04,-4339696.0
12.104542970657349,5.05,-3194680.0
12.116839408874512,5.04,-4100783.5
12.128329277038574,5.05,-3043266.0
12.140663623809814,5.05,-3387500.0
12.152918577194214,5.04,-4538131.0
12.165490865707397,5.05,-3264328.75
12.177848815917969,5.04,-3887028.25
12.190413236618042,5.05,-3206074.25
12.20269250869751,5.05,-3337115.25
12.215018033981323,5.04,-4447719.0
12.227579355239868,5.07,-2253347.75
12.23982048034668,5.05,-3576611.25
12.252023696899414,5.05,-3252513.5
12.264012575149536,5.05,-3240784.0
12.276105642318726,5.04,-4425694.0
12.288079261779785,5.07,-2242205.75
12.299939632415771,5.05,-3590930.25
12.308685302734375,5.05,-3217550.5
12.320887088775635,5.05,-3172107.5
12.333166360855103,5.04,-4297920.5
12.345585823059082,5.08,-2214819.75
12.357839584350586,5.05,-3374768.5
12.370125532150269,5.05,-3264328.75
12.382558584213257,5.05,-3252513.5
12.395368337631226,5.04,-4561300.5
12.407843828201294,5.07,-2258975.25
12.419569969177246,5.05,-3362133.0
12.431696653366089,5.04,-4119663.75
12.444403648376465,5.05,-3252513.5
12.456971645355225,5.04,-4538131.0
12.469183206558228,5.07,-2488821.0
12.4815034866333,5.05,-3387500.0
12.493486881256104,5.04,-4277361.5
12.505582332611084,5.05,-3252513.5
12.517633199691772,5.04,-4515196.5
12.529776334762573,5.07,-2502597.25
12.53893232345581,5.05,-3362133.0
12.551499366760254,5.04,-4063542.0
12.563852787017822,5.05,-3217550.5
12.576083898544312,5.04,-4680881.0
12.588557720184326,5.07,-2402841.75
12.600481986999512,5.05,-3288252.5
12.612937927246094,5.04,-4632323.0
12.625160455703735,5.05,-3240784.0
12.637523651123047,5.03,-5080776.0
12.64952301979065,5.07,-2552074.0
12.662049770355225,5.05,-3337115.25
12.674422979354858,5.04,-4538131.0
12.686385869979858,5.05,-3288252.5
12.698279619216919,5.04,-4447719.0
12.710694551467896,5.06,-2665108.0
12.722719430923462,5.05,-3312502.0
12.734818696975708,5.03,-4806948.5
12.74673843383789,5.05,-3276231.5
12.758886337280273,5.04,-4063542.0
12.768484592437744,5.06,-2649445.0
12.780715942382812,5.05,-3117102.0
12.793177366256714,5.04,-4063542.0
12.805427074432373,5.05,-3183367.5
12.817528247833252,5.05,-3694577.75
12.829983711242676,5.05,-3085030.75
12.842295408248901,5.05,-3362133.0
12.854679346084595,5.04,-4425694.0
12.866634607315063,5.06,-2982706.5
12.879168033599854,5.05,-3562406.5
12.891421556472778,5.05,-3183367.5
12.903621912002563,5.05,-3300332.0
12.915690422058105,5.04,-4382242.5
12.927603960037231,5.08,-2225686.75
12.939920663833618,5.05,-3590930.25
12.952041149139404,5.05,-3252513.5
12.964117288589478,5.05,-3276231.5
12.976321697235107,5.04,-4469965.5
12.98812484741211,5.07,-2270287.5
12.997694253921509,5.05,-3452675.0
13.010165452957153,5.05,-3206074.25
13.022637844085693,5.05,-3085030.75
13.034756422042847,5.04,-4492437.5
13.047076940536499,5.07,-2304940.0
13.059076309204102,5.05,-3324762.5
13.071252584457397,5.05,-3264328.75
13.08355975151062,5.05,-3217550.5
13.095837831497192,5.04,-4561300.5
13.108164072036743,5.07,-2346762.25
13.120423316955566,5.05,-3426316.75
13.132616996765137,5.04,-4469965.5
13.144747018814087,5.05,-3229110.25
13.15690016746521,5.04,-4656474.5
13.168760538101196,5.07,-2481973.0
13.18087649345398,5.05,-3413289.5
13.193182945251465,5.04,-4730474.5
13.205402374267578,5.05,-3426316.75
13.217610120773315,5.03,-5109881.5
13.22633695602417,5.07,-2509543.25
13.238703489303589,5.05,-3288252.5
13.251228332519531,5.04,-4492437.5
13.263823747634888,5.05,-3149882.75
13.276529788970947,5.03,-5355557.0
13.288522958755493,5.06,-2581255.0
13.29997706413269,5.05,-3324762.5
13.312084674835205,5.03,-4781203.5
13.324372291564941,5.05,-3264328.75
13.336641550064087,5.04,-4177420.25
13.348901987075806,5.06,-2673000.0
13.361579179763794,5.05,-3362133.0
13.373760461807251,5.04,-4515196.5
13.385865688323975,5.05,-3252513.5
13.39852499961853,5.04,-3725287.25
13.410664319992065,5.06,-2680939.5
13.422994136810303,5.05,-3312502.0
13.434831619262695,5.04,-4492437.5
13.447221279144287,5.06,-3022796.5
13.456743955612183,5.05,-3548315.5
13.468841314315796,5.06,-2887044.5
13.481305360794067,5.05,-3240784.0
13.493560075759888,5.04,-4339696.0
13.505821943283081,5.08,-2225686.75
13.517847061157227,5.05,-3548315.5
13.530370950698853,5.05,-3160955.5
13.542677879333496,5.05,-3229110.25
13.554965257644653,5.04,-4469965.5
13.567065715789795,5.07,-2322679.5
13.579407930374146,5.05,-3506674.5
13.591835260391235,5.05,-3288252.5
13.604141235351562,5.05,-3264328.75
13.616136074066162,5.04,-4425694.0
13.628199577331543,5.07,-2304940.0
13.640347719192505,5.05,-3337115.25
13.6524019241333,5.05,-3312502.0
13.664646625518799,5.05,-3264328.75
13.676606178283691,5.04,-4632323.0
13.688685894012451,5.07,-2334650.0
13.698421955108643,5.05,-3426316.75
13.710320711135864,5.05,-3362133.0
13.722818851470947,5.05,-3217550.5
13.73512578010559,5.04,-4382242.5
13.747276544570923,5.07,-2396464.25
13.758729696273804,5.05,-3548315.5
13.771053791046143,5.04,-4680881.0
13.783372402191162,5.05,-3362133.0
13.795671701431274,5.03,-5260751.0
13.808137655258179,5.07,-2537741.75
13.820432186126709,5.05,-3466042.25
13.832815408706665,5.04,-4656474.5
13.845234632492065,5.05,-3349593.0
13.857662916183472,5.03,-5387928.0
13.8697669506073,5.06,-2673000.0
13.881517171859741,5.05,-3439444.75
13.893847227096558,5.03,-4885952.5
13.906028032302856,5.05,-3349593.0
13.91539192199707,5.03,-5809796.0
13.927727937698364,5.06,-2626325.75
13.940017461776733,5.05,-3217550.5
13.952244758605957,5.03,-4755735.5
13.964391946792603,5.05,-3312502.0
13.976802349090576,5.03,-6046626.5
13.989100933074951,5.06,-2780142.5
14.00121545791626,5.05,-3400328.75
14.01357388496399,5.03,-4995428.0
14.026058197021484,5.05,-3252513.5
14.038312196731567,5.04,-3725287.25
14.050639390945435,5.06,-2806099.25
14.0626962184906,5.05,-3439444.75
14.074743032455444,5.03,-4885952.5
14.086899757385254,5.06,-2972857.75
14.099255800247192,5.05,-3664375.0
14.110968828201294,5.05,-3264328.75
14.123292922973633,5.05,-3374768.5
14.135444402694702,5.04,-4632323.0
14.144750833511353,5.06,-2868661.25
14.157079458236694,5.05,-3387500.0
14.169357299804688,5.05,-3206074.25
14.18136477470398,5.05,-3324762.5
14.193870306015015,5.04,-4492437.5
14.206273078918457,5.07,-2275987.0
14.218440294265747,5.05,-3534336.5
14.230857610702515,5.05,-3362133.0
14.242929935455322,5.05,-3362133.0
14.25533652305603,5.04,-4561300.5
14.267399311065674,5.07,-2422133.0
14.279744148254395,5.05,-3590930.25
14.291828870773315,5.05,-3413289.5
14.303192615509033,5.05,-3466042.25
14.315370559692383,5.04,-4680881.0
14.32757019996643,5.07,-2441757.5
14.339855432510376,5.04,-3709868.25
14.352082967758179,5.05,-3452675.0
14.364630699157715,5.05,-3466042.25
14.37337589263916,5.03,-5139400.0
14.385693073272705,5.07,-2428650.0
14.398255586624146,5.05,-3387500.0
14.410605669021606,5.05,-3172107.5
14.422810792922974,5.06,-2823700.25
14.435060024261475,5.03,-4912849.0
14.447401523590088,5.07,-2468425.25
14.459664583206177,5.06,-3022796.5
14.472052812576294,5.04,-4608362.0
14.484322786331177,5.06,-2788740.75
14.496795654296875,5.03,-4832973.5
14.509109497070312,5.07,-2559320.25
14.521260261535645,5.05,-3229110.25
14.533451318740845,5.04,-4515196.5
14.54566240310669,5.08,-1982772.87
14.557644605636597,5.06,-2705067.75
14.569952964782715,5.1,-1743953.5
14.582135438919067,5.08,-2004613.87
14.594152450561523,5.07,-2448365.5
14.606307744979858,5.09,-1936387.12
14.615901947021484,5.08,-2151776.5
14.627975702285767,5.1,-1730748.87
14.640050888061523,5.09,-1948822.25
14.652493953704834,5.07,-2293275.5
14.664867401123047,5.09,-1857466.12
14.677160739898682,5.08,-2063764.5
14.689555406570435,5.09,-1788321.75
14.70164179801941,5.08,-2017959.62
14.71409559249878,5.07,-2390137.25
14.726415395736694,5.09,-1798883.12
14.738431453704834,5.08,-2087468.87
14.750674962997437,5.09,-1948822.25
14.763126850128174,5.08,-1987111.12
14.775373697280884,5.07,-2371357.0
14.787387132644653,5.11,-1567882.75
14.799617290496826,5.08,-2049809.62
14.811701536178589,5.08,-1982772.87
14.823859453201294,5.08,-1995823.5
14.836005687713623,5.07,-2371357.0
14.84786343574524,5.11,-1578667.25
14.857635736465454,5.08,-2017959.62
14.869459390640259,5.09,-1936387.12
14.881889343261719,5.09,-1936387.12
14.894264221191406,5.07,-2310817.5
14.906567335128784,5.11,-1565211.62
14.918627262115479,5.08,-2000209.0
14.93106746673584,5.08,-1991457.5
14.94351863861084,5.08,-1987111.12
14.955699920654297,5.07,-2488821.0
14.967762470245361,5.11,-1600697.75
14.9801766872406,5.08,-2026961.5
14.992351293563843,5.07,-2481973.0
15.004849910736084,5.09,-1974175.5
15.01682710647583,5.07,-2566589.75
15.029053926467896,5.1,-1708122.62
15.041165828704834,5.08,-2000209.0
15.05326771736145,5.07,-2495689.75
15.06546401977539,5.09,-1957195.87
15.07747197151184,5.06,-2618691.0
15.089439153671265,5.1,-1734028.75
15.09877634048462,5.08,-2022444.62
15.111271619796753,5.07,-2352858.25
15.123672723770142,5.09,-1969905.37
15.135761260986328,5.06,-2688926.75
15.148224115371704,5.1,-1730748.87
15.160501480102539,5.08,-2004613.87
15.17273473739624,5.07,-2488821.0
15.184946298599243,5.08,-1978464.75
15.19736933708191,5.08,-2162036.0
15.209346771240234,5.1,-1767556.25
15.22191071510315,5.08,-2068471.12
15.234044075012207,5.07,-2455009.5
15.246554374694824,5.09,-1920059.37
15.258610248565674,5.08,-2116665.0
15.271697521209717,5.08,-2004613.87
15.282877922058105,5.08,-1995823.5
15.294887065887451,5.07,-2415668.0
15.306997060775757,5.11,-1536413.25
15.318922281265259,5.08,-2101964.0
15.33076000213623,5.08,-1982772.87
15.339566230773926,5.08,-2013494.87
15.351832389831543,5.07,-2334650.0
15.364131212234497,5.11,-1526214.62
15.376418828964233,5.08,-2087468.87
15.38881802558899,5.09,-1965653.87
15.40144395828247,5.09,-1928193.25
15.413834810256958,5.07,-2396464.25
15.426274299621582,5.11,-1557247.37
15.438754081726074,5.08,-2049809.62
15.450985193252563,5.08,-2009050.12
15.46363639831543,5.08,-1987111.12
15.476001501083374,5.07,-2383843.75
15.48822546005249,5.11,-1578667.25
15.500299453735352,5.08,-2031487.37
15.512329578399658,5.07,-2340698.0
15.524422407150269,5.08,-1991457.5
15.536632299423218,5.07,-2422133.0
15.548455238342285,5.1,-1640797.0
15.560804605484009,5.08,-2022444.62
15.57274079322815,5.07,-2415668.0
15.582364559173584,5.09,-1969905.37
15.594738483428955,5.07,-2396464.25
15.606934070587158,5.1,-1640797.0
15.619041919708252,5.08,-2009050.12
15.631513833999634,5.07,-2402841.75
15.643847942352295,5.09,-1961410.25
15.656190872192383,5.06,-2588670.25
15.668230056762695,5.1,-1701773.0
15.680535554885864,5.08,-2059091.37
15.693019151687622,5.07,-2461707.25
15.705240249633789,5.08,-1987111.12
15.71742296218872,5.07,-2304940.0
15.72957468032837,5.1,-1737321.37
15.741817235946655,5.08,-1995823.5
15.753606081008911,5.07,-2383843.75
15.765270471572876,5.09,-1969905.37
15.777726650238037,5.07,-2236676.25
15.790118217468262,5.09,-1928193.25
15.802427530288696,5.08,-2000209.0
15.814433097839355,5.07,-2396464.25
15.82391619682312,5.09,-1912005.25
15.836198091506958,5.08,-2087468.87
15.84876561164856,5.09,-1904009.37
15.860731840133667,5.08,-1991457.5
15.873071908950806,5.07,-2352858.25
15.885313749313354,5.11,-1531296.5
15.897782564163208,5.08,-2101964.0
15.909895658493042,5.09,-1965653.87
15.922321081161499,5.08,-1991457.5
15.93443751335144,5.07,-2383843.75
15.946950912475586,5.11,-1559890.75
15.959258556365967,5.08,-1995823.5
15.971354484558105,5.09,-1965653.87
15.983486890792847,5.09,-1974175.5
15.995598316192627,5.07,-2422133.0
16.00778031349182,5.11,-1551988.25
16.01971983909607,5.08,-2054439.87
16.031925201416016,5.08,-2220239.75
16.04408574104309,5.08,-1978464.75
16.056294441223145,5.07,-2390137.25
16.065705060958862,5.11,-1551988.25
16.07799196243286,5.09,-1953000.0
16.08997678756714,5.08,-2177593.0
16.10246443748474,5.09,-1944652.25
16.11487340927124,5.07,-2383843.75
16.127049922943115,5.1,-1629131.25
16.139453172683716,5.08,-2013494.87
16.151458024978638,5.07,-2352858.25
16.16408681869507,5.09,-1974175.5
16.176358699798584,5.07,-2428650.0
16.188469886779785,5.1,-1643738.37
16.200697898864746,5.08,-1978464.75
16.212945222854614,5.07,-2396464.25
16.22522211074829,5.09,-1969905.37
16.237319946289062,5.07,-2415668.0
16.249244213104248,5.1,-1658615.25
16.261541604995728,5.08,-2000209.0
16.273613452911377,5.07,-2377583.75
16.285796642303467,5.09,-1928193.25
16.298001289367676,5.07,-2346762.25
16.307345867156982,5.1,-1711323.75
16.319374799728394,5.09,-1932281.37
16.33078360557556,5.07,-2293275.5
16.34302592277527,5.09,-1961410.25
16.355281829833984,5.07,-2236676.25
16.367635488510132,5.09,-1865058.62
16.379917860031128,5.09,-1969905.37
16.39253330230713,5.07,-2377583.75
16.405014991760254,5.11,-1546758.5
16.417349100112915,5.08,-2097113.75
16.429778814315796,5.09,-1916023.75
16.442492723464966,5.08,-1991457.5
16.454488515853882,5.07,-2352858.25
16.467149257659912,5.11,-1541571.5
16.479101419448853,5.08,-2013494.87
16.49103856086731,5.09,-1928193.25
16.50314998626709,5.08,-1987111.12
16.515456676483154,5.07,-2322679.5
16.527395486831665,5.11,-1531296.5
16.53960418701172,5.08,-2026961.5
16.551602840423584,5.08,-2146690.25
16.561256885528564,5.09,-1965653.87
16.573397159576416,5.07,-2270287.5
16.58577537536621,5.11,-1584113.12
16.598313093185425,5.09,-1969905.37
16.610309600830078,5.08,-2167196.5
16.6225004196167,5.09,-1974175.5
16.634769439697266,5.07,-2340698.0
16.64735746383667,5.1,-1655619.37
16.659603118896484,5.08,-2026961.5
16.67185354232788,5.07,-2253347.75
16.684354782104492,5.09,-1965653.87
16.69648027420044,5.07,-2346762.25
16.708670139312744,5.1,-1643738.37
16.720632076263428,5.08,-1982772.87
16.732812643051147,5.07,-2328649.0
16.744871377944946,5.09,-1948822.25
16.757138967514038,5.06,-2581255.0
16.769023180007935,5.1,-1623358.0
16.78123712539673,5.09,-1961410.25
16.79062271118164,5.07,-2334650.0
16.802790880203247,5.09,-1924112.5
16.815216302871704,5.07,-2383843.75
16.827576637268066,5.1,-1652634.62
16.839688301086426,5.09,-1961410.25
16.851831436157227,5.07,-2328649.0
16.864383220672607,5.09,-1969905.37
16.876657962799072,5.07,-2402841.75
16.888854026794434,5.09,-1868878.62
16.901368141174316,5.08,-1987111.12
16.913411855697632,5.07,-2340698.0
16.925668478012085,5.11,-1544160.5
16.938031673431396,5.07,-2281715.5
16.950243711471558,5.09,-1876576.37
16.9622163772583,5.09,-1944652.25
16.974348306655884,5.07,-2346762.25
16.986525297164917,5.11,-1554613.25
16.99844193458557,5.08,-2045188.75
17.01093053817749,5.09,-1896091.25
17.022847652435303,5.09,-1940510.75
17.03481125831604,5.07,-2365147.75
17.044321537017822,5.11,-1554613.25
17.056877613067627,5.09,-1940510.75
17.06892967224121,5.08,-2036033.62
17.081482648849487,5.09,-1920059.37
17.093770742416382,5.07,-2293275.5
17.106001138687134,5.11,-1533850.37
17.118074417114258,5.08,-2013494.87
17.1306049823761,5.08,-2146690.25
17.143007278442383,5.09,-1974175.5
17.155065298080444,5.07,-2328649.0
17.167513370513916,5.11,-1557247.37
17.179738759994507,5.08,-2013494.87
17.192015647888184,5.08,-2167196.5
17.203826427459717,5.09,-1928193.25
17.21615695953369,5.07,-2322679.5
17.22825598716736,5.1,-1629131.25
17.24039363861084,5.08,-2040600.75
17.252538681030273,5.08,-2188104.75
17.264660120010376,5.09,-1948822.25
17.27645516395569,5.06,-2905691.75
17.28592300415039,5.1,-1629131.25
17.29826593399048,5.09,-1936387.12
17.31040334701538,5.07,-2264617.25
17.32285475730896,5.09,-1932281.37
17.334126472473145,5.06,-2633986.75
17.346415281295776,5.1,-1737321.37
17.358606338500977,5.08,-2013494.87
17.370978116989136,5.07,-2383843.75
17.38324999809265,5.1,-1695471.12
17.395952939987183,5.07,-2537741.75
17.408354997634888,5.09,-1777877.12
17.42064332962036,5.08,-1978464.75
17.433265686035156,5.07,-2396464.25
17.445218324661255,5.1,-1658615.25
17.458007335662842,5.08,-2077925.87
17.470136165618896,5.09,-1849926.75
17.482295274734497,5.08,-2013494.87
17.494161128997803,5.07,-2358987.0
17.50637984275818,5.11,-1592361.37
17.518563985824585,5.08,-2054439.87
17.530712842941284,5.09,-1868878.62
17.540246963500977,5.09,-1944652.25
17.552226305007935,5.07,-2287488.0
17.56450390815735,5.11,-1549372.12
17.576958894729614,5.08,-2022444.62
17.589280128479004,5.09,-1928193.25
17.60172462463379,5.09,-1961410.25
17.614028453826904,5.07,-2390137.25
17.62613272666931,5.11,-1584113.12
17.638460397720337,5.08,-2026961.5
17.65081214904785,5.08,-2077925.87
17.663209438323975,5.09,-1969905.37
17.675025463104248,5.07,-2358987.0
17.68752884864807,5.11,-1581385.5
17.699707508087158,5.08,-2045188.75
17.711837768554688,5.08,-2101964.0
17.72412896156311,5.08,-1978464.75
17.73590660095215,5.07,-2346762.25
17.7481369972229,5.11,-1581385.5
17.760403394699097,5.09,-1965653.87
17.77236294746399,5.08,-2146690.25
17.78182363510132,5.09,-1969905.37
17.794269800186157,5.06,-2626325.75
17.80631923675537,5.11,-1592361.37
17.818458795547485,5.09,-1948822.25
17.830968856811523,5.07,-2365147.75
17.843366384506226,5.09,-1965653.87
17.855327606201172,5.06,-2713201.5
17.86795425415039,5.1,-1757365.12
17.880179166793823,5.08,-2004613.87
17.892550945281982,5.07,-2441757.5
17.904596090316772,5.09,-1809581.37
17.916935920715332,5.06,-2797392.5
17.92937922477722,5.09,-1774426.12
17.941497802734375,5.08,-1987111.12
17.953505992889404,5.07,-2365147.75
17.965447664260864,5.1,-1753986.12
17.977819681167603,5.08,-2045188.75
17.989961624145508,5.09,-1791828.12
18.001917600631714,5.09,-1969905.37
18.014296531677246,5.07,-2390137.25
18.026301383972168,5.1,-1689208.87
18.035505294799805,5.08,-2049809.62
18.048100471496582,5.09,-1932281.37
18.06037712097168,5.09,-1924112.5
18.072530508041382,5.07,-2304940.0
18.084710597991943,5.1,-1606300.25
18.09703493118286,5.08,-2045188.75
18.109501361846924,5.09,-1953000.0
18.12178659439087,5.09,-1908003.87
18.134199857711792,5.07,-2340698.0
18.146212339401245,5.11,-1567882.75
18.158770322799683,5.08,-2004613.87
18.17084264755249,5.09,-1969905.37
18.183262825012207,5.09,-1969905.37
18.19501042366028,5.07,-2377583.75
18.2070415019989,5.11,-1600697.75
18.21917414665222,5.08,-2026961.5
18.23129415512085,5.08,-2045188.75
18.243420362472534,5.09,-1957195.87
18.255539655685425,5.06,-2626325.75
18.267746686935425,5.11,-1567882.75
18.2769513130188,5.08,-2004613.87
18.28852868080139,5.07,-2264617.25
18.30078673362732,5.09,-1940510.75
18.3136043548584,5.06,-2573901.0
18.325336694717407,5.1,-1646690.37
18.33754539489746,5.08,-2026961.5
18.34985876083374,5.07,-2435185.75
18.362194538116455,5.09,-1957195.87
18.374497413635254,5.06,-2680939.5
18.386886835098267,5.1,-1720976.37
18.399603843688965,5.08,-1987111.12
18.411974668502808,5.07,-2422133.0
18.424096822738647,5.09,-1888230.0
18.43660259246826,5.06,-2788740.75
18.44871973991394,5.1,-1757365.12
18.461225032806396,5.09,-1974175.5
18.47345495223999,5.07,-2422133.0
18.485233545303345,5.09,-1813173.25
18.497517347335815,5.08,-2082686.25
18.50971484184265,5.1,-1760748.87
18.51885175704956,5.09,-1953000.0
18.53137993812561,5.07,-2258975.25
18.54371428489685,5.1,-1714529.0
18.555930376052856,5.08,-2031487.37
18.56827974319458,5.09,-1791828.12
18.58053684234619,5.08,-1995823.5
18.59285044670105,5.07,-2340698.0
18.60481548309326,5.1,-1698616.12
18.617335319519043,5.08,-2068471.12
18.629704236984253,5.09,-1948822.25
18.641990900039673,5.09,-1974175.5
18.654170751571655,5.07,-2322679.5
18.66640567779541,5.11,-1575958.75
18.678521871566772,5.08,-2031487.37
18.69080352783203,5.09,-1965653.87
18.70266103744507,5.09,-1957195.87
18.71476936340332,5.07,-2365147.75
18.727154970169067,5.11,-1589604.5
18.73927664756775,5.08,-1987111.12
18.751180410385132,5.08,-2000209.0
18.76081085205078,5.09,-1974175.5
18.772969722747803,5.07,-2334650.0
18.785174131393433,5.11,-1559890.75
18.79758596420288,5.09,-1953000.0
18.80992817878723,5.08,-2022444.62
18.822093963623047,5.09,-1953000.0
18.834615468978882,5.07,-2488821.0
18.84659171104431,5.11,-1595128.0
18.859037160873413,5.08,-2000209.0
18.87129497528076,5.07,-2377583.75
18.883609771728516,5.09,-1957195.87
18.895790576934814,5.07,-2559320.25
18.908037662506104,5.1,-1698616.12
18.92019033432007,5.08,-1987111.12
18.931998252868652,5.07,-2396464.25
18.944087743759155,5.09,-1969905.37
18.956299543380737,5.06,-2657243.25
18.968413591384888,5.1,-1724226.87
18.98050880432129,5.08,-2000209.0
18.992600679397583,5.07,-2435185.75
19.00214958190918,5.09,-1920059.37
19.014363050460815,5.06,-2680939.5
19.026588916778564,5.1,-1695471.12
19.038923025131226,5.09,-1924112.5
19.051262378692627,5.07,-2435185.75
19.063514471054077,5.09,-1865058.62
19.075764179229736,5.08,-2031487.37
19.088112831115723,5.1,-1764145.87
19.1003737449646,5.09,-1969905.37
19.11253261566162,5.07,-2422133.0
19.124831676483154,5.09,-1781341.87
19.137094259262085,5.08,-2082686.25
19.149477005004883,5.09,-1912005.25
19.161526679992676,5.09,-1974175.5
19.17361283302307,5.07,-2328649.0
19.18576717376709,5.11,-1531296.5
19.19788956642151,5.08,-2045188.75
19.210042238235474,5.09,-1961410.25
19.222184896469116,5.09,-1957195.87
19.234312772750854,5.07,-2346762.25
19.243555545806885,5.11,-1567882.75
19.255879402160645,5.09,-1969905.37
19.26813769340515,5.09,-1912005.25
19.280418157577515,5.09,-1908003.87
19.294081926345825,5.07,-2346762.25
19.305017709732056,5.11,-1557247.37
19.317307949066162,5.09,-1957195.87
19.32968235015869,5.09,-1965653.87
19.34108328819275,5.09,-1969905.37
19.35339903831482,5.07,-2481973.0
19.365654468536377,5.11,-1584113.12
19.3779559135437,5.08,-2013494.87
19.39022660255432,5.07,-2468425.25
19.40248703956604,5.09,-1965653.87
19.41467571258545,5.07,-2495689.75
19.426921844482422,5.1,-1670717.62
19.439125061035156,5.08,-2009050.12
19.451382160186768,5.07,-2415668.0
19.463571310043335,5.09,-1953000.0
19.475805282592773,5.06,-2588670.25
19.487992763519287,5.1,-1689208.87
19.496710062026978,5.09,-1974175.5
19.508987426757812,5.07,-2383843.75
19.521300554275513,5.09,-1908003.87
19.53356623649597,5.08,-2177593.0
19.54583501815796,5.1,-1708122.62
19.558154821395874,5.09,-1961410.25
19.570459842681885,5.07,-2448365.5
19.582715034484863,5.09,-1908003.87
19.59502124786377,5.08,-2106837.0
19.607277631759644,5.1,-1737321.37
19.61958360671997,5.08,-1991457.5
19.6319363117218,5.07,-2390137.25
19.644102096557617,5.09,-1868878.62
19.656317949295044,5.08,-2106837.0
19.668580055236816,5.09,-1940510.75
19.680792570114136,5.08,-1991457.5
19.692977905273438,5.07,-2390137.25
19.70522975921631,5.11,-1523680.0
19.71744704246521,5.08,-2059091.37
19.729658842086792,5.09,-1920059.37
19.738359689712524,5.09,-1957195.87
19.750624656677246,5.07,-2299092.5
19.76296854019165,5.11,-1526214.62
19.775291681289673,5.09,-1944652.25
19.787535667419434,5.09,-1924112.5
19.79983878135681,5.09,-1953000.0
19.8121395111084,5.07,-2358987.0
19.824477434158325,5.11,-1541571.5
19.836703777313232,5.09,-1969905.37
19.848958730697632,5.09,-1953000.0
19.861275911331177,5.09,-1961410.25
19.87358283996582,5.07,-2346762.25
19.885756015777588,5.11,-1567882.75
19.898011684417725,5.08,-2004613.87
19.91031050682068,5.07,-2304940.0
19.922537803649902,5.09,-1908003.87
19.934922695159912,5.07,-2396464.25
19.94708752632141,5.1,-1640797.0
19.95919966697693,5.08,-1987111.12
19.968558073043823,5.07,-2358987.0
19.980905294418335,5.09,-1936387.12
19.99311876296997,5.07,-2396464.25
20.00538444519043,5.11,-1595128.0
20.01761245727539,5.08,-1987111.12
20.02993607521057,5.07,-2371357.0
20.042288541793823,5.09,-1953000.0
20.05456519126892,5.06,-2573901.0
20.066779136657715,5.1,-1695471.12
20.0790433883667,5.08,-1978464.75
20.091355562210083,5.07,-2409237.5
20.103667736053467,5.09,-1965653.87
20.11580729484558,5.07,-2270287.5
20.127928018569946,5.1,-1704941.75
20.140095710754395,5.08,-1987111.12
20.152267456054688,5.07,-2396464.25
20.164414167404175,5.09,-1920059.37
20.176605701446533,5.08,-2162036.0
20.18870973587036,5.1,-1717746.5
20.200772047042847,5.09,-1953000.0
20.210089206695557,5.07,-2358987.0
20.2224018573761,5.09,-1831362.25
20.23459506034851,5.08,-2036033.62
20.246909618377686,5.09,-1838748.12
20.259174823760986,5.09,-1957195.87
20.271566152572632,5.07,-2340698.0
20.28383231163025,5.12,-1463118.62
20.296123027801514,5.08,-2059091.37
20.308402061462402,5.09,-1948822.25
20.32074213027954,5.09,-1948822.25
20.332990169525146,5.07,-2358987.0
20.344566345214844,5.11,-1523680.0
20.35679006576538,5.08,-2063764.5
20.36897587776184,5.08,-1978464.75
20.381190299987793,5.08,-2022444.62
20.3934326171875,5.07,-2396464.25
20.405689001083374,5.11,-1538991.25
20.417888402938843,5.08,-1995823.5
20.430108785629272,5.09,-1953000.0
20.442272424697876,5.09,-1936387.12
20.450984001159668,5.07,-2409237.5
20.46329665184021,5.11,-1544160.5
20.475646257400513,5.09,-1944652.25
20.48800539970398,5.07,-2264617.25
20.500390768051147,5.09,-1928193.25
20.512814044952393,5.07,-2383843.75
20.525111436843872,5.1,-1606300.25
20.537378311157227,5.08,-1982772.87
20.54968547821045,5.07,-2352858.25
20.561975955963135,5.09,-1957195.87
20.57426929473877,5.07,-2455009.5
20.58656883239746,5.1,-1649653.37
20.598344087600708,5.08,-1982772.87
20.6106538772583,5.07,-2371357.0
20.62283945083618,5.09,-1928193.25
20.63510036468506,5.06,-2618691.0
20.647340059280396,5.1,-1704941.75
20.659560918807983,5.08,-2017959.62
20.671769618988037,5.07,-2396464.25
20.684008359909058,5.09,-1961410.25
20.692672967910767,5.08,-2220239.75
20.704952716827393,5.1,-1679907.5
20.71724247932434,5.09,-1932281.37
20.729503393173218,5.07,-2310817.5
20.74181842803955,5.09,-1920059.37
20.754124402999878,5.08,-2177593.0
20.76642942428589,5.09,-1849926.75
20.778724908828735,5.08,-1987111.12
20.790982723236084,5.07,-2352858.25
20.803287029266357,5.11,-1511160.87
20.815610885620117,5.08,-2049809.62
20.827918767929077,5.09,-1904009.37
20.840173721313477,5.09,-1969905.37
20.852396488189697,5.07,-2322679.5
20.8646183013916,5.11,-1506214.37
20.876835107803345,5.08,-1987111.12
20.889073848724365,5.09,-1900041.87
20.90128779411316,5.09,-1948822.25
20.91354751586914,5.07,-2304940.0
20.92573595046997,5.11,-1528751.25
20.93792414665222,5.08,-1987111.12
20.94668960571289,5.09,-1940510.75
20.959001779556274,5.09,-1892157.37
20.971264123916626,5.08,-2225686.75
20.983567476272583,5.11,-1541571.5
20.99588108062744,5.09,-1969905.37
21.00821828842163,5.08,-2214819.75
21.02046775817871,5.09,-1940510.75
21.03271222114563,5.07,-2304940.0
21.045060873031616,5.1,-1614786.75
21.05756187438965,5.09,-1953000.0
21.069847345352173,5.07,-2328649.0
21.082146406173706,5.09,-1936387.12
21.094482421875,5.07,-2390137.25
21.106667280197144,5.1,-1632029.87
21.11918807029724,5.09,-1961410.25
21.131211519241333,5.07,-2377583.75
21.14331293106079,5.09,-1953000.0
21.15544581413269,5.07,-2415668.0
21.167544841766357,5.1,-1634939.25
21.1796395778656,5.09,-1965653.87
21.188934803009033,5.07,-2352858.25
21.20130181312561,5.09,-1865058.62
21.213549613952637,5.07,-2270287.5
21.225760221481323,5.1,-1670717.62
21.23806643486023,5.09,-1940510.75
21.250338792800903,5.07,-2270287.5
21.262635231018066,5.09,-1916023.75
21.274941205978394,5.08,-2204046.5
21.2872793674469,5.09,-1904009.37
21.300691604614258,5.09,-1961410.25
21.311819791793823,5.07,-2334650.0
21.324145555496216,5.11,-1528751.25
21.336010217666626,5.08,-2097113.75
21.348039627075195,5.09,-1924112.5
21.36025381088257,5.09,-1936387.12
21.37254524230957,5.07,-2352858.25
21.384642839431763,5.11,-1498850.25
21.396831512451172,5.08,-2000209.0
21.409101724624634,5.09,-1888230.0
21.421244621276855,5.09,-1948822.25
21.430020809173584,5.07,-2310817.5
21.442270517349243,5.11,-1477199.0
21.454654693603516,5.08,-1995823.5
21.46687364578247,5.09,-1940510.75
21.47916316986084,5.09,-1936387.12
21.491584300994873,5.07,-2287488.0
21.504029035568237,5.11,-1508683.5
21.516570329666138,5.08,-1995823.5
21.52905797958374,5.08,-2151776.5
21.541765689849854,5.09,-1908003.87
21.553759336471558,5.07,-2316740.75
21.566274404525757,5.11,-1592361.37
21.5784330368042,5.08,-1978464.75
21.590657949447632,5.07,-2247762.75
21.602782011032104,5.09,-1936387.12
21.61466073989868,5.07,-2310817.5
21.62702751159668,5.1,-1629131.25
21.639148950576782,5.09,-1974175.5
21.651180505752563,5.07,-2270287.5
21.663244485855103,5.09,-1924112.5
21.672802925109863,5.07,-2316740.75
21.685169219970703,5.11,-1595128.0
21.69742465019226,5.09,-1904009.37
21.709731817245483,5.07,-2328649.0
21.721828937530518,5.09,-1908003.87
21.73438787460327,5.07,-2352858.25
21.746474266052246,5.1,-1626243.0
21.75889229774475,5.08,-1978464.75
21.770951986312866,5.07,-2328649.0
21.783486366271973,5.09,-1920059.37
21.7955105304718,5.07,-2328649.0
21.807825803756714,5.1,-1649653.37
21.82026767730713,5.09,-1944652.25
21.832167148590088,5.07,-2322679.5
21.844334602355957,5.09,-1924112.5
21.856333017349243,5.08,-2231160.75
21.868535041809082,5.09,-1849926.75
21.88062357902527,5.09,-1936387.12
21.892777681350708,5.07,-2270287.5
21.90223503112793,5.11,-1508683.5
21.914726734161377,5.08,-2017959.62
21.92666983604431,5.09,-1816779.75
21.93905472755432,5.09,-1846185.25
21.951173067092896,5.07,-2328649.0
21.962493658065796,5.11,-1518649.62
21.97475028038025,5.09,-1948822.25
21.98719620704651,5.09,-1900041.87
21.999760150909424,5.09,-1936387.12
22.012198209762573,5.07,-2390137.25
22.02467679977417,5.11,-1513653.0
22.036842346191406,5.08,-2000209.0
22.049418210983276,5.09,-1908003.87
22.06166958808899,5.09,-1924112.5
22.07376480102539,5.07,-2346762.25
22.085901737213135,5.11,-1503753.62
22.09808588027954,5.08,-1978464.75
22.110089778900146,5.08,-2162036.0
22.122209310531616,5.09,-1924112.5
22.134441137313843,5.07,-2316740.75
22.1439471244812,5.1,-1617633.5
22.156105518341064,5.09,-1940510.75
22.168457508087158,5.08,-2146690.25
22.1806538105011,5.09,-1865058.62
22.19303011894226,5.07,-2299092.5
22.205149173736572,5.11,-1597904.37
22.217459678649902,5.09,-1940510.75
22.229836463928223,5.07,-2281715.5
22.242273807525635,5.09,-1928193.25
22.254284620285034,5.07,-2552074.0
22.266618490219116,5.11,-1589604.5
22.279093980789185,5.09,-1961410.25
22.29128336906433,5.07,-2322679.5
22.303499937057495,5.09,-1924112.5
22.315510034561157,5.07,-2409237.5
22.32733702659607,5.11,-1600697.75
22.339330434799194,5.09,-1916023.75
22.351531267166138,5.07,-2287488.0
22.36337399482727,5.09,-1944652.25
22.37558150291443,5.07,-2390137.25
22.384265422821045,5.09,-1872724.5
22.396616458892822,5.09,-1916023.75
22.408892154693604,5.08,-2225686.75
22.42142653465271,5.11,-1470127.37
22.43397617340088,5.07,-2270287.5
22.446033477783203,5.09,-1809581.37
22.458669185638428,5.09,-1896091.25
22.471028089523315,5.07,-2287488.0
22.48360013961792,5.11,-1496414.0
22.49596881866455,5.08,-2121607.75
22.508318185806274,5.09,-1857466.12
22.520704746246338,5.09,-1908003.87
22.533008813858032,5.07,-2299092.5
22.544949769973755,5.11,-1508683.5
22.557121992111206,5.08,-2036033.62
22.569026470184326,5.09,-1880444.75
22.581123113632202,5.09,-1908003.87
22.59317421913147,5.07,-2247762.75
22.605345726013184,5.11,-1498850.25
22.617483139038086,5.08,-1982772.87
22.626598596572876,5.08,-2077925.87
22.638148546218872,5.09,-1896091.25
22.650726556777954,5.08,-2209426.75
22.66305112838745,5.11,-1559890.75
22.675366401672363,5.09,-1969905.37
22.68778133392334,5.08,-2136590.5
22.70035219192505,5.09,-1900041.87
22.712966203689575,5.07,-2299092.5
22.72537589073181,5.1,-1623358.0
22.73773694038391,5.09,-1944652.25
22.750032901763916,5.08,-2162036.0
22.762345790863037,5.09,-1908003.87
22.774539947509766,5.07,-2275987.0
22.78681778907776,5.11,-1595128.0
22.798898696899414,5.08,-2009050.12
22.811028718948364,5.07,-2242205.75
22.822803258895874,5.09,-1904009.37
22.835219621658325,5.06,-2641693.0
22.84721803665161,5.11,-1595128.0
22.859447240829468,5.09,-1948822.25
22.86886429786682,5.07,-2293275.5
22.88112235069275,5.09,-1876576.37
22.893199682235718,5.07,-2415668.0
22.90561079978943,5.1,-1737321.37
22.918014526367188,5.09,-1928193.25
22.93028426170349,5.07,-2287488.0
22.94263482093811,5.09,-1912005.25
22.954657554626465,5.07,-2352858.25
22.967214107513428,5.09,-1809581.37
22.979521989822388,5.09,-1957195.87
22.99166774749756,5.07,-2304940.0
23.003742456436157,5.11,-1533850.37
23.016108989715576,5.07,-2281715.5
23.028323888778687,5.09,-1838748.12
23.04036545753479,5.09,-1904009.37
23.05250883102417,5.07,-2293275.5
23.064723014831543,5.11,-1506214.37
23.07687211036682,5.08,-1978464.75
23.088847637176514,5.09,-1849926.75
23.101114749908447,5.09,-1916023.75
23.110488176345825,5.07,-2270287.5
23.122660398483276,5.11,-1481958.37
23.134949684143066,5.09,-1916023.75
23.147327661514282,5.09,-1953000.0
23.159667491912842,5.09,-1912005.25
23.171715259552002,5.07,-2270287.5
23.18404507637024,5.11,-1521160.62
23.19642472267151,5.09,-1974175.5
23.208802223205566,5.08,-2068471.12
23.2211754322052,5.09,-1924112.5
23.23307752609253,5.07,-2293275.5
23.245625972747803,5.11,-1549372.12
23.257883310317993,5.09,-1957195.87
23.270152807235718,5.08,-2092286.12
23.282172203063965,5.09,-1932281.37
23.294185876846313,5.07,-2275987.0
23.306410551071167,5.11,-1592361.37
23.318134546279907,5.08,-1987111.12
23.330289840698242,5.08,-2136590.5
23.342421293258667,5.09,-1928193.25
23.35173273086548,5.06,-2832573.25
23.36320471763611,5.11,-1578667.25
23.37548279762268,5.09,-1892157.37
23.387743949890137,5.07,-2247762.75
23.400071144104004,5.09,-1920059.37
23.412309646606445,5.06,-2633986.75
23.42492938041687,5.1,-1750628.87
23.437137603759766,5.09,-1924112.5
23.44942545890808,5.07,-2322679.5
23.46210527420044,5.1,-1724226.87
23.474290370941162,5.07,-2481973.0
23.48682451248169,5.1,-1753986.12
23.49921941757202,5.09,-1940510.75
23.511592864990234,5.07,-2287488.0
23.52371621131897,5.1,-1626243.0
23.535888195037842,5.07,-2328649.0
23.54806089401245,5.09,-1798883.12
23.560107469558716,5.09,-1928193.25
23.572161197662354,5.07,-2264617.25
23.584436655044556,5.11,-1557247.37
23.593653678894043,5.09,-1936387.12
23.60593008995056,5.09,-1770988.75
23.618430376052856,5.09,-1853693.5
23.63075017929077,5.08,-2156887.25
23.642879962921143,5.11,-1506214.37
23.65500235557556,5.09,-1965653.87
23.66750979423523,5.09,-1924112.5
23.679810762405396,5.09,-1908003.87
23.69175934791565,5.07,-2253347.75
23.70442271232605,5.11,-1575958.75
23.716710090637207,5.09,-1957195.87
23.728885889053345,5.09,-1965653.87
23.74127960205078,5.09,-1896091.25
23.753326177597046,5.07,-2275987.0
23.765509366989136,5.11,-1523680.0
23.7776095867157,5.09,-1969905.37
23.789795637130737,5.08,-2017959.62
23.80164122581482,5.09,-1920059.37
23.814001321792603,5.07,-2293275.5
23.826236486434937,5.11,-1559890.75
23.838006734848022,5.09,-1900041.87
23.847702980041504,5.08,-2063764.5
23.860033750534058,5.09,-1853693.5
23.872008562088013,5.07,-2488821.0
23.884280681610107,5.11,-1551988.25
23.896764278411865,5.09,-1904009.37
23.909101724624634,5.07,-2328649.0
23.92164635658264,5.09,-1880444.75
23.933744430541992,5.06,-2763085.0
23.945880651474,5.11,-1595128.0
23.95827841758728,5.09,-1916023.75
23.970658779144287,5.07,-2422133.0
23.98294234275818,5.09,-1896091.25
23.99475359916687,5.06,-2763085.0
24.0068941116333,5.1,-1711323.75
24.019191026687622,5.09,-1936387.12
24.031304359436035,5.07,-2316740.75
24.04347038269043,5.1,-1679907.5
24.055403232574463,5.07,-2559320.25
24.067646980285645,5.1,-1740635.25
24.076937675476074,5.09,-1888230.0
24.08910870552063,5.07,-2258975.25
24.101709127426147,5.1,-1620490.5
24.114015102386475,5.09,-1936387.12
24.126229763031006,5.09,-1774426.12
24.138310432434082,5.09,-1865058.62
24.15071201324463,5.07,-2264617.25
24.16315746307373,5.11,-1578667.25
24.17545771598816,5.08,-2009050.12
24.187687635421753,5.09,-1802431.75
24.199710607528687,5.09,-1892157.37
24.212184190750122,5.07,-2236676.25
24.224449157714844,5.11,-1521160.62
24.236674070358276,5.09,-1953000.0
24.24879550933838,5.09,-1928193.25
24.2607638835907,5.09,-1904009.37
24.273005962371826,5.08,-2225686.75
24.285130739212036,5.11,-1557247.37
24.297291040420532,5.09,-1944652.25
24.30952548980713,5.09,-1957195.87
24.321234226226807,5.09,-1892157.37
24.330965042114258,5.07,-2242205.75
24.343342781066895,5.11,-1496414.0
24.35540223121643,5.09,-1865058.62
24.367647171020508,5.08,-1982772.87
24.378997564315796,5.09,-1884329.12
24.391194820404053,5.07,-2428650.0
24.403451442718506,5.11,-1549372.12
24.415806770324707,5.09,-1953000.0
24.428165674209595,5.07,-2310817.5
24.44058656692505,5.09,-1896091.25
24.453168392181396,5.07,-2509543.25
24.46522545814514,5.11,-1573252.75
24.478158473968506,5.09,-1928193.25
24.490346431732178,5.07,-2383843.75
24.502588987350464,5.09,-1908003.87
24.514785766601562,5.06,-2641693.0
24.526866912841797,5.1,-1692330.25
24.53874111175537,5.09,-1916023.75
24.551077842712402,5.07,-2316740.75
24.563057899475098,5.09,-1781341.87
24.572432041168213,5.06,-2665108.0
24.584821701049805,5.1,-1686099.37
24.59734797477722,5.09,-1831362.25
24.609496593475342,5.07,-2377583.75
24.622055292129517,5.1,-1689208.87
24.634003162384033,5.09,-1936387.12
24.646263599395752,5.1,-1724226.87
24.658599376678467,5.09,-1904009.37
24.670751094818115,5.07,-2258975.25
24.683170557022095,5.1,-1686099.37
24.695575952529907,5.09,-1974175.5
24.70776653289795,5.09,-1896091.25
24.720240116119385,5.09,-1920059.37
24.732059955596924,5.07,-2247762.75
24.74436640739441,5.1,-1606300.25
24.756391286849976,5.08,-1978464.75
24.768543004989624,5.09,-1876576.37
24.78069519996643,5.09,-1880444.75
24.792795658111572,5.08,-2220239.75
24.804728269577026,5.11,-1536413.25
24.817098140716553,5.09,-1969905.37
24.826575994491577,5.09,-1896091.25
24.838796615600586,5.09,-1876576.37
24.85104274749756,5.08,-2220239.75
24.863379955291748,5.11,-1523680.0
24.875694036483765,5.09,-1936387.12
24.888153553009033,5.09,-1961410.25
24.90045928955078,5.09,-1896091.25
24.912548303604126,5.07,-2422133.0
24.9248206615448,5.11,-1551988.25
24.937172174453735,5.09,-1961410.25
24.94958186149597,5.07,-2334650.0
24.961520671844482,5.09,-1920059.37
24.973963260650635,5.07,-2509543.25
24.986042499542236,5.1,-1634939.25
24.997883081436157,5.09,-1936387.12
25.01041316986084,5.07,-2365147.75
25.022297859191895,5.09,-1876576.37
25.034701108932495,5.06,-2588670.25
25.046669483184814,5.1,-1661622.12
25.058810472488403,5.09,-1944652.25
25.068310976028442,5.07,-2287488.0
25.080631017684937,5.09,-1802431.75
25.092734336853027,5.07,-2236676.25
25.10517954826355,5.1,-1676832.75
25.117522716522217,5.09,-1865058.62
25.12971258163452,5.07,-2495689.75
25.141887187957764,5.09,-1791828.12
25.154197216033936,5.08,-1991457.5
25.166680812835693,5.1,-1714529.0
25.1788547039032,5.09,-1932281.37
25.1909236907959,5.07,-2242205.75
25.203441858291626,5.1,-1753986.12
25.21568465232849,5.08,-2000209.0
25.227868795394897,5.09,-1896091.25
25.23983645439148,5.09,-1908003.87
25.25180697441101,5.08,-2231160.75
25.264187574386597,5.11,-1491565.5
25.276275396347046,5.08,-1982772.87
25.288256645202637,5.09,-1884329.12
25.300694465637207,5.09,-1880444.75
25.30986189842224,5.07,-2258975.25
25.322635650634766,5.11,-1496414.0
25.334529399871826,5.09,-1884329.12
25.346803665161133,5.09,-1865058.62
25.35908794403076,5.09,-1861254.5
25.37114191055298,5.08,-2172382.0
25.382487535476685,5.11,-1531296.5
25.39470648765564,5.09,-1916023.75
25.406973600387573,5.09,-1932281.37
25.41934609413147,5.09,-1900041.87
25.43167757987976,5.07,-2293275.5
25.444233655929565,5.11,-1565211.62
25.456548929214478,5.09,-1940510.75
25.46906089782715,5.07,-2293275.5
25.48114585876465,5.09,-1900041.87
25.493730068206787,5.07,-2475180.25
25.505667209625244,5.11,-1584113.12
25.518030881881714,5.09,-1908003.87
25.53004240989685,5.07,-2352858.25
25.542252779006958,5.09,-1916023.75
25.554308891296387,5.07,-2523571.75
25.56381583213806,5.1,-1646690.37
25.576146602630615,5.09,-1880444.75
25.588556051254272,5.07,-2316740.75
25.600438833236694,5.09,-1846185.25
25.61293363571167,5.08,-2092286.12
25.62517237663269,5.1,-1667677.0
25.63767910003662,5.09,-1924112.5
25.64993190765381,5.07,-2299092.5
25.66215682029724,5.09,-1900041.87
25.674379110336304,5.08,-2111733.0
25.686563730239868,5.1,-1695471.12
25.699161529541016,5.09,-1920059.37
25.71093201637268,5.07,-2299092.5
25.723076820373535,5.09,-1838748.12
25.735456466674805,5.08,-1982772.87
25.747556924819946,5.09,-1831362.25
25.75957202911377,5.09,-1916023.75
25.771705865859985,5.07,-2281715.5
25.783863067626953,5.11,-1501294.62
25.796008110046387,5.08,-2004613.87
25.805631637573242,5.09,-1888230.0
25.817951202392578,5.09,-1872724.5
25.830200910568237,5.07,-2242205.75
25.842340230941772,5.11,-1477199.0
25.85484504699707,5.08,-1987111.12
25.866973876953125,5.09,-1880444.75
25.879369020462036,5.09,-1876576.37
25.891302347183228,5.07,-2287488.0
25.903664588928223,5.11,-1513653.0
25.915963649749756,5.09,-1924112.5
25.92833137512207,5.09,-1908003.87
25.940611362457275,5.09,-1876576.37
25.952886819839478,5.07,-2247762.75
25.964799165725708,5.11,-1536413.25
25.977052450180054,5.09,-1944652.25
25.98902702331543,5.07,-2253347.75
26.001370906829834,5.09,-1904009.37
26.01338243484497,5.07,-2275987.0
26.025527954101562,5.11,-1584113.12
26.03738498687744,5.09,-1944652.25
26.04711604118347,5.07,-2253347.75
26.059353828430176,5.09,-1849926.75
26.07175850868225,5.07,-2328649.0
26.08399200439453,5.11,-1575958.75
26.096270322799683,5.09,-1948822.25
26.10856294631958,5.07,-2322679.5
26.12094736099243,5.09,-1916023.75
26.133634328842163,5.07,-2461707.25
26.145229816436768,5.1,-1637859.0
26.157692193984985,5.09,-1924112.5
26.169991970062256,5.07,-2322679.5
26.18244194984436,5.09,-1888230.0
26.194503784179688,5.07,-2428650.0
26.206400632858276,5.1,-1667677.0
26.218642950057983,5.09,-1916023.75
26.230544328689575,5.07,-2293275.5
26.242910146713257,5.09,-1884329.12
26.25487232208252,5.08,-2054439.87
26.267208337783813,5.09,-1853693.5
26.27647089958191,5.09,-1908003.87
26.289008378982544,5.08,-2182829.5
26.30112886428833,5.09,-1827696.62
26.31492042541504,5.08,-2036033.62
26.325581312179565,5.09,-1813173.25
26.33799147605896,5.09,-1920059.37
26.350274562835693,5.07,-2242205.75
26.362624645233154,5.09,-1838748.12
26.374539136886597,5.09,-1961410.25
26.385928630828857,5.09,-1948822.25
26.398208379745483,5.09,-1940510.75
26.41052222251892,5.08,-2045188.75
26.422831773757935,5.09,-1853693.5
26.43502378463745,5.09,-1965653.87
26.447655200958252,5.09,-1953000.0
26.459911823272705,5.09,-1936387.12
26.471978664398193,5.08,-2009050.12
26.484431982040405,5.09,-1838748.12
26.496824741363525,5.09,-1969905.37
26.508852005004883,5.08,-1995823.5
26.521130800247192,5.09,-1944652.25
26.530484676361084,5.08,-2036033.62
26.54272174835205,5.09,-1784820.5
26.554831743240356,5.09,-1904009.37
26.567341089248657,5.08,-1987111.12
26.57963728904724,5.09,-1912005.25
26.591857194900513,5.08,-2004613.87
26.604297637939453,5.09,-1876576.37
26.61633324623108,5.09,-1940510.75
26.62887668609619,5.08,-2040600.75
26.6409330368042,5.09,-1936387.12
26.653384923934937,5.08,-2049809.62
26.665539979934692,5.09,-1861254.5
26.677897453308105,5.09,-1957195.87
26.68993377685547,5.08,-2022444.62
26.702125310897827,5.09,-1940510.75
26.714099645614624,5.08,-2017959.62
26.726407051086426,5.09,-1880444.75
26.738691568374634,5.09,-1932281.37
26.75065016746521,5.08,-2087468.87
26.762930393218994,5.09,-1948822.25
26.774867057800293,5.08,-1987111.12
26.784350395202637,5.09,-1928193.25
26.796648740768433,5.09,-1908003.87
26.80881905555725,5.08,-1987111.12
26.82135558128357,5.09,-1795348.5
26.83368158340454,5.08,-1987111.12
26.845726490020752,5.09,-1920059.37
26.858137369155884,5.09,-1896091.25
26.870423078536987,5.08,-2017959.62
26.882799863815308,5.09,-1857466.12
26.894731044769287,5.09,-1957195.87
26.907040119171143,5.09,-1932281.37
26.91969108581543,5.09,-1953000.0
26.931908130645752,5.08,-2017959.62
26.944198846817017,5.09,-1831362.25
26.95614218711853,5.09,-1965653.87
26.968260288238525,5.08,-2000209.0
26.980265140533447,5.09,-1948822.25
26.992433786392212,5.08,-2000209.0
27.004333019256592,5.09,-1861254.5
27.016538619995117,5.09,-1944652.25
27.0257830619812,5.09,-1965653.87
27.038314819335938,5.09,-1932281.37
27.050602436065674,5.09,-1969905.37
27.063003301620483,5.09,-1820410.0
27.07508158683777,5.09,-1928193.25
27.087472677230835,5.08,-1995823.5
27.099876642227173,5.09,-1920059.37
27.112107753753662,5.08,-2013494.87
27.12433385848999,5.09,-1880444.75
27.136587619781494,5.09,-1932281.37
27.14884090423584,5.08,-2000209.0
27.16113543510437,5.09,-1936387.12
27.173301458358765,5.08,-2092286.12
27.1856472492218,5.09,-1865058.62
27.197797536849976,5.09,-1936387.12
27.209880828857422,5.08,-1982772.87
27.222087144851685,5.09,-1936387.12
27.233972787857056,5.08,-2026961.5
27.246033430099487,5.09,-1920059.37
27.258132696151733,5.09,-1948822.25
27.27009129524231,5.08,-2049809.62
27.279972314834595,5.09,-1846185.25
27.29217219352722,5.09,-1961410.25
27.30445122718811,5.09,-1892157.37
27.316869258880615,5.09,-1846185.25
27.3290696144104,5.08,-1995823.5
27.341322422027588,5.09,-1827696.62
27.353888750076294,5.08,-1987111.12
27.365647315979004,5.09,-1948822.25
27.377960443496704,5.09,-1953000.0
27.3893883228302,5.08,-2013494.87
27.401664972305298,5.09,-1842459.0
27.413989543914795,5.08,-1987111.12
27.426297903060913,5.09,-1944652.25
27.4384446144104,5.09,-1961410.25
27.450722455978394,5.08,-2000209.0
27.4632351398468,5.09,-1849926.75
27.475226640701294,5.08,-1987111.12
27.487982511520386,5.09,-1944652.25
27.500170469284058,5.09,-1924112.5
27.51228666305542,5.08,-2000209.0
27.521690607070923,5.09,-1846185.25
27.534043312072754,5.09,-1912005.25
27.546176195144653,5.09,-1904009.37
27.55827307701111,5.09,-1888230.0
27.57070565223694,5.08,-1995823.5
27.583141326904297,5.09,-1838748.12
27.5952410697937,5.09,-1936387.12
27.60743236541748,5.08,-1987111.12
27.619921684265137,5.08,-1978464.75
27.632331371307373,5.08,-1991457.5
27.644485473632812,5.09,-1861254.5
27.65676736831665,5.09,-1928193.25
27.669095754623413,5.08,-1982772.87
27.6811580657959,5.09,-1961410.25
27.693413734436035,5.08,-2036033.62
27.705390453338623,5.09,-1865058.62
27.717617988586426,5.09,-1936387.12
27.729738473892212,5.08,-2009050.12
27.741846561431885,5.09,-1953000.0
27.753715753555298,5.08,-2045188.75
27.76335859298706,5.09,-1908003.87
27.775548934936523,5.09,-1884329.12
27.787860870361328,5.09,-1944652.25
27.800183534622192,5.09,-1838748.12
27.812499523162842,5.08,-2026961.5
27.824480295181274,5.09,-1868878.62
27.836904525756836,5.09,-1916023.75
27.849342823028564,5.08,-2017959.62
27.8617262840271,5.09,-1912005.25
27.873762607574463,5.09,-1932281.37
27.886043548583984,5.09,-1924112.5
27.898402452468872,5.09,-1920059.37
27.91071629524231,5.08,-2022444.62
27.923288345336914,5.09,-1857466.12
27.9348566532135,5.09,-1940510.75
27.947246313095093,5.09,-1928193.25
27.959341764450073,5.09,-1932281.37
27.971404552459717,5.08,-2026961.5
27.98369812965393,5.09,-1857466.12
27.995717525482178,5.09,-1932281.37
28.007734060287476,5.09,-1974175.5
28.017258167266846,5.09,-1924112.5
28.029550075531006,5.09,-1924112.5
28.041722774505615,5.09,-1820410.0
28.054161071777344,5.09,-1920059.37
28.06634521484375,5.09,-1920059.37
28.078621864318848,5.09,-1920059.37
28.090748071670532,5.08,-1991457.5
28.103331327438354,5.09,-1865058.62
28.11526083946228,5.09,-1912005.25
28.127753734588623,5.09,-1965653.87
28.140256881713867,5.09,-1920059.37
28.152443408966064,5.08,-2009050.12
28.164531469345093,5.09,-1872724.5
28.176681995391846,5.09,-1924112.5
28.188888788223267,5.09,-1974175.5
28.201000213623047,5.09,-1936387.12
28.213261604309082,5.08,-2026961.5
28.22512197494507,5.09,-1835042.87
28.237431049346924,5.09,-1920059.37
28.249504327774048,5.08,-2013494.87
28.25885796546936,5.09,-1928193.25
28.271260023117065,5.08,-1978464.75
28.283523082733154,5.09,-1846185.25
28.295652389526367,5.09,-1912005.25
28.30780029296875,5.08,-1995823.5
28.32037115097046,5.09,-1908003.87
28.33268713951111,5.08,-2022444.62
28.344516038894653,5.09,-1916023.75
28.356804609298706,5.09,-1916023.75
28.36953353881836,5.08,-2013494.87
28.38149380683899,5.09,-1916023.75
28.392898559570312,5.09,-1961410.25
28.405129432678223,5.09,-1904009.37
28.417317152023315,5.09,-1940510.75
28.429548740386963,5.08,-1982772.87
28.44178819656372,5.09,-1884329.12
28.454017639160156,5.09,-1948822.25
28.466204166412354,5.08,-1978464.75
28.47891902923584,5.09,-1944652.25
28.491029739379883,5.08,-2017959.62
28.503255367279053,5.09,-1861254.5
28.51184320449829,5.09,-1948822.25
28.52434778213501,5.09,-1861254.5
28.537003993988037,5.09,-1916023.75
28.549589157104492,5.09,-1961410.25
28.562082529067993,5.09,-1820410.0
28.57408881187439,5.09,-1932281.37
28.586630821228027,5.09,-1932281.37
28.598817825317383,5.09,-1948822.25
28.611185789108276,5.08,-1995823.5
28.62355351448059,5.09,-1857466.12
28.63565230369568,5.09,-1953000.0
28.64800715446472,5.09,-1944652.25
28.660282135009766,5.09,-1920059.37
28.672446489334106,5.08,-2004613.87
28.68442726135254,5.09,-1857466.12
28.696560859680176,5.09,-1932281.37
28.70863914489746,5.08,-2022444.62
28.720881700515747,5.09,-1940510.75
28.733020067214966,5.08,-2013494.87
28.74520254135132,5.09,-1908003.87
28.756996631622314,5.09,-1932281.37
28.766647815704346,5.08,-1995823.5
28.779083967208862,5.09,-1872724.5
28.79111909866333,5.08,-2009050.12
28.803524017333984,5.09,-1849926.75
28.815964937210083,5.09,-1908003.87
28.828129291534424,5.08,-2000209.0
28.840675830841064,5.09,-1912005.25
28.852548837661743,5.08,-2031487.37
28.865015506744385,5.09,-1912005.25
28.87727451324463,5.09,-1932281.37
28.889607906341553,5.08,-2017959.62
28.902013063430786,5.09,-1928193.25
28.914324045181274,5.09,-1944652.25
28.926031351089478,5.09,-1896091.25
28.93850612640381,5.09,-1924112.5
28.95053219795227,5.09,-1974175.5
28.962738275527954,5.09,-1916023.75
28.97468876838684,5.09,-1936387.12
28.986941814422607,5.09,-1936387.12
28.998830795288086,5.09,-1932281.37
29.010900259017944,5.08,-1978464.75
29.020731449127197,5.09,-1835042.87
29.032910585403442,5.09,-1896091.25
29.04505968093872,5.09,-1920059.37
29.05645489692688,5.09,-1908003.87
29.06873106956482,5.08,-1991457.5
29.081356048583984,5.09,-1809581.37
29.093862533569336,5.09,-1932281.37
29.106457233428955,5.09,-1928193.25
29.11910390853882,5.09,-1920059.37
29.13142418861389,5.08,-2022444.62
29.143454790115356,5.09,-1849926.75
29.15598440170288,5.09,-1940510.75
29.16816473007202,5.09,-1974175.5
29.180213689804077,5.09,-1924112.5
29.192200422286987,5.08,-1982772.87
29.204396724700928,5.09,-1896091.25
29.21666169166565,5.09,-1928193.25
29.228718280792236,5.08,-1991457.5
29.24056339263916,5.09,-1928193.25
29.252894401550293,5.08,-1982772.87
29.262089252471924,5.09,-1865058.62
29.27446484565735,5.09,-1912005.25
29.286972522735596,5.09,-1948822.25
29.2993426322937,5.09,-1916023.75
29.311473846435547,5.08,-2004613.87
29.323516607284546,5.09,-1853693.5
29.336148500442505,5.09,-1876576.37
29.348347425460815,5.08,-1991457.5
29.36058020591736,5.09,-1928193.25
29.37286376953125,5.08,-2031487.37
29.3849778175354,5.09,-1884329.12
29.396435022354126,5.09,-1940510.75
29.4086012840271,5.08,-2004613.87
29.42081093788147,5.09,-1920059.37
29.43303108215332,5.09,-1969905.37
29.445302486419678,5.09,-1936387.12
29.45766282081604,5.09,-1944652.25
29.47006058692932,5.08,-1978464.75
29.482016801834106,5.09,-1820410.0
29.49458122253418,5.09,-1948822.25
29.50648260116577,5.09,-1932281.37
29.516287803649902,5.09,-1928193.25
29.528500080108643,5.09,-1957195.87
29.54105496406555,5.09,-1774426.12
29.553046941757202,5.09,-1928193.25
29.565444469451904,5.09,-1936387.12
29.577759265899658,5.09,-1912005.25
29.590068578720093,5.09,-1974175.5
29.602097988128662,5.09,-1849926.75
29.614519596099854,5.09,-1932281.37
29.626866102218628,5.09,-1953000.0
29.639180660247803,5.09,-1940510.75
29.651628732681274,5.08,-1995823.5
29.66362738609314,5.09,-1838748.12
29.675705194473267,5.09,-1948822.25
29.68792176246643,5.08,-1982772.87
29.700156927108765,5.09,-1928193.25
29.712127447128296,5.08,-2000209.0
29.724186420440674,5.09,-1861254.5
29.736379861831665,5.09,-1936387.12
29.748539447784424,5.08,-1978464.75
29.757948398590088,5.09,-1912005.25
29.77027416229248,5.09,-1912005.25
29.782597064971924,5.09,-1813173.25
29.794796466827393,5.09,-1888230.0
29.807127475738525,5.08,-1982772.87
29.81944489479065,5.09,-1912005.25
29.831469774246216,5.08,-2000209.0
29.843933820724487,5.09,-1888230.0
29.856324911117554,5.09,-1908003.87
29.868542671203613,5.08,-1991457.5
29.88092589378357,5.09,-1965653.87
29.892959117889404,5.08,-2017959.62
29.905512809753418,5.09,-1884329.12
29.917443990707397,5.09,-1965653.87
29.92953109741211,5.08,-2004613.87
29.94148325920105,5.09,-1928193.25
29.953975677490234,5.08,-1995823.5
29.965969562530518,5.09,-1936387.12
29.978113889694214,5.09,-1940510.75
29.99031114578247,5.09,-1961410.25
30.00228786468506,5.09,-1816779.75
30.011645793914795,5.09,-1948822.25
30.024183750152588,5.09,-1849926.75
30.036498069763184,5.09,-1892157.37
30.048870086669922,5.09,-1974175.5
30.061037063598633,5.09,-1813173.25
30.073323011398315,5.09,-1908003.87
30.0856294631958,5.09,-1924112.5
30.098020792007446,5.09,-1932281.37
30.110147714614868,5.08,-1991457.5
30.122364044189453,5.09,-1788321.75
30.134652376174927,5.09,-1928193.25
30.147029638290405,5.09,-1944652.25
30.159181594848633,5.09,-1944652.25
30.171304941177368,5.08,-2004613.87
30.183471202850342,5.09,-1868878.62
30.195751905441284,5.09,-1944652.25
30.207621574401855,5.09,-1928193.25
30.219996452331543,5.09,-1936387.12
30.23194646835327,5.08,-1978464.75
30.24392080307007,5.09,-1896091.25
30.25351619720459,5.09,-1920059.37
30.265572547912598,5.09,-1900041.87
30.278173685073853,5.09,-1936387.12
30.290462017059326,5.09,-1974175.5
30.302778720855713,5.09,-1816779.75
30.315046310424805,5.09,-1904009.37
30.327216625213623,5.09,-1974175.5
30.339704036712646,5.09,-1916023.75
30.35161066055298,5.08,-2026961.5
30.36407709121704,5.09,-1876576.37
30.37639808654785,5.09,-1912005.25
30.388771057128906,5.08,-2017959.62
30.400728940963745,5.09,-1928193.25
30.412081480026245,5.08,-2059091.37
30.42427396774292,5.09,-1892157.37
30.43646001815796,5.09,-1928193.25
30.44873857498169,5.08,-2026961.5
30.460970878601074,5.09,-1900041.87
30.47353196144104,5.08,-2009050.12
30.48536705970764,5.09,-1940510.75
30.49791145324707,5.09,-1953000.0
30.507215976715088,5.09,-1974175.5
30.51974892616272,5.09,-1816779.75
30.53179407119751,5.09,-1961410.25
30.54435133934021,5.09,-1884329.12
30.556565284729004,5.09,-1908003.87
30.568899631500244,5.08,-1991457.5
30.581501960754395,5.09,-1857466.12
30.593393802642822,5.09,-1928193.25
30.605849027633667,5.09,-1912005.25
30.618061780929565,5.09,-1936387.12
30.63054347038269,5.08,-1987111.12
30.642438411712646,5.09,-1835042.87
30.654937982559204,5.09,-1948822.25
30.6670823097229,5.08,-1987111.12
30.679150819778442,5.09,-1932281.37
30.69121503829956,5.08,-1995823.5
30.703454971313477,5.09,-1857466.12
30.715574741363525,5.09,-1928193.25
30.7278048992157,5.09,-1965653.87
30.73976182937622,5.09,-1944652.25
30.7517831325531,5.08,-1982772.87
30.761436939239502,5.09,-1880444.75
30.773736000061035,5.09,-1846185.25
30.786026000976562,5.09,-1944652.25
30.798307180404663,5.09,-1872724.5
30.810599327087402,5.09,-1969905.37
30.822716236114502,5.09,-1857466.12
30.835121870040894,5.09,-1924112.5
30.847546339035034,5.09,-1969905.37
30.85958242416382,5.09,-1928193.25
30.871779203414917,5.08,-2026961.5
30.884233713150024,5.09,-1865058.62
30.896658897399902,5.09,-1928193.25
30.908692836761475,5.08,-2004613.87
30.92095160484314,5.09,-1940510.75
30.932969093322754,5.08,-2017959.62
30.945178031921387,5.09,-1892157.37
30.95748496055603,5.09,-1948822.25
30.969379901885986,5.08,-1987111.12
30.981494188308716,5.09,-1920059.37
30.993674278259277,5.08,-2026961.5
31.00550413131714,5.09,-1884329.12
31.01539635658264,5.09,-1969905.37
31.027635097503662,5.09,-1965653.87
31.04002618789673,5.09,-1865058.62
31.052074193954468,5.09,-1892157.37
31.064485549926758,5.09,-1904009.37
31.07666254043579,5.09,-1924112.5
31.089090824127197,5.09,-1932281.37
31.101378679275513,5.09,-1892157.37
31.11361598968506,5.09,-1928193.25
31.125741004943848,5.09,-1944652.25
31.1382954120636,5.09,-1944652.25
31.150615215301514,5.08,-1978464.75
31.16269540786743,5.09,-1853693.5
31.17495369911194,5.09,-1896091.25
31.186909437179565,5.09,-1940510.75
31.19916844367981,5.09,-1916023.75
31.21123504638672,5.09,-1974175.5
31.22325301170349,5.09,-1888230.0
31.23546075820923,5.09,-1920059.37
31.24761939048767,5.09,-1932281.37
31.25692129135132,5.09,-1924112.5
31.26933526992798,5.09,-1948822.25
31.28170347213745,5.09,-1816779.75
31.293606281280518,5.09,-1896091.25
31.306135654449463,5.09,-1940510.75
31.31847882270813,5.09,-1932281.37
31.33082103729248,5.09,-1953000.0
31.34280562400818,5.09,-1857466.12
31.355285167694092,5.09,-1953000.0
31.367650508880615,5.08,-1995823.5
31.379865884780884,5.09,-1912005.25
31.392086267471313,5.08,-2026961.5
31.403297185897827,5.09,-1904009.37
31.415504932403564,5.09,-1916023.75
31.427679300308228,5.08,-2017959.62
31.439945697784424,5.09,-1944652.25
31.45214819908142,5.08,-2022444.62
31.464642763137817,5.09,-1932281.37
31.476582288742065,5.09,-1936387.12
31.489205360412598,5.08,-1991457.5
31.498020887374878,5.09,-1957195.87
31.51064372062683,5.09,-1896091.25
31.52297329902649,5.09,-1861254.5
31.535430908203125,5.09,-1876576.37
31.547805547714233,5.08,-2013494.87
31.56006932258606,5.09,-1920059.37
31.57245707511902,5.09,-1924112.5
31.58451271057129,5.09,-1920059.37
31.596992015838623,5.09,-1928193.25
31.60905909538269,5.08,-2040600.75
31.621471643447876,5.09,-1908003.87
31.63383412361145,5.09,-1940510.75
31.646235942840576,5.09,-1961410.25
31.658332586288452,5.09,-1928193.25
31.67042899131775,5.08,-1991457.5
31.68250799179077,5.09,-1835042.87
31.69463539123535,5.09,-1928193.25
31.706883907318115,5.09,-1953000.0
31.718859910964966,5.09,-1961410.25
31.73103427886963,5.08,-2009050.12
31.74308681488037,5.09,-1838748.12
31.752695560455322,5.09,-1965653.87
31.764732599258423,5.09,-1912005.25
31.777029514312744,5.09,-1880444.75
31.789512872695923,5.09,-1944652.25
31.80180263519287,5.09,-1849926.75
31.81389594078064,5.09,-1928193.25
31.826110363006592,5.08,-2013494.87
31.838594913482666,5.09,-1961410.25
31.851063013076782,5.08,-2013494.87
31.86318039894104,5.09,-1900041.87
31.87552499771118,5.09,-1940510.75
31.8878071308136,5.08,-2049809.62
31.90007448196411,5.09,-1961410.25
31.912241458892822,5.08,-2009050.12
31.924280643463135,5.09,-1884329.12
31.936525106430054,5.09,-1948822.25
31.948604583740234,5.08,-2017959.62
31.960705757141113,5.09,-1944652.25
31.9726083278656,5.08,-2026961.5
31.985031843185425,5.09,-1876576.37
31.99709177017212,5.08,-2009050.12
32.006511926651,5.08,-2000209.0
32.01886582374573,5.09,-1888230.0
32.03119993209839,5.08,-2106837.0
32.04320812225342,5.1,-1757365.12
32.055663108825684,5.09,-1944652.25
32.06808137893677,5.08,-2097113.75
32.080299377441406,5.09,-1961410.25
32.092525482177734,5.08,-2225686.75
32.10470938682556,5.09,-1900041.87
32.11710071563721,5.09,-1961410.25
32.129465103149414,5.08,-2182829.5
32.14176845550537,5.1,-1683001.62
32.15371918678284,5.08,-2068471.12
32.16604495048523,5.09,-1924112.5
32.17821645736694,5.08,-1987111.12
32.190351247787476,5.08,-2220239.75
32.20240020751953,5.1,-1708122.62
32.21451187133789,5.08,-2000209.0
32.22651124000549,5.09,-1932281.37
32.238757610321045,5.08,-2031487.37
32.248289585113525,5.08,-2156887.25
32.260308027267456,5.1,-1640797.0
32.27290105819702,5.09,-1953000.0
32.28496742248535,5.09,-1940510.75
32.29735350608826,5.09,-1957195.87
32.30947303771973,5.08,-2121607.75
32.32200908660889,5.1,-1673769.5
32.33450174331665,5.08,-2017959.62
32.346476316452026,5.08,-2106837.0
32.35880970954895,5.09,-1969905.37
32.371145725250244,5.08,-2177593.0
32.38355278968811,5.09,-1774426.12
32.39520740509033,5.08,-2009050.12
32.40741777420044,5.08,-2101964.0
32.41884660720825,5.08,-2009050.12
32.43108081817627,5.08,-2198706.5
32.44327759742737,5.1,-1764145.87
32.455533504486084,5.08,-2009050.12
32.467774391174316,5.08,-2141628.0
32.48023796081543,5.08,-2017959.62
32.4890923500061,5.08,-2177593.0
32.501681327819824,5.1,-1724226.87
32.513896226882935,5.09,-1916023.75
32.5261607170105,5.08,-2162036.0
32.53913974761963,5.09,-1948822.25
32.551488399505615,5.07,-2293275.5
32.563522815704346,5.09,-1781341.87
32.5759596824646,5.08,-2013494.87
32.588247299194336,5.07,-2242205.75
32.6004478931427,5.09,-1974175.5
32.61280560493469,5.07,-2299092.5
32.62495493888855,5.09,-1795348.5
32.63710975646973,5.08,-2004613.87
32.649280309677124,5.08,-2198706.5
32.66129755973816,5.09,-1974175.5
32.673516273498535,5.08,-2220239.75
32.685667991638184,5.09,-1920059.37
32.69781851768494,5.08,-2013494.87
32.70983672142029,5.08,-2231160.75
32.72169280052185,5.1,-1711323.75
32.73161220550537,5.08,-2156887.25
32.743539571762085,5.09,-1892157.37
32.75604319572449,5.09,-1912005.25
32.76837229728699,5.08,-2172382.0
32.78064799308777,5.1,-1689208.87
32.792906045913696,5.09,-1969905.37
32.80522346496582,5.09,-1953000.0
32.81741809844971,5.08,-2009050.12
32.82967710494995,5.07,-2270287.5
32.842280626297,5.1,-1698616.12
32.8542640209198,5.08,-2000209.0
32.86664295196533,5.09,-1961410.25
32.87878942489624,5.08,-1987111.12
32.89089226722717,5.08,-2162036.0
32.90283560752869,5.1,-1692330.25
32.91516423225403,5.08,-2036033.62
32.92733812332153,5.08,-2092286.12
32.93948554992676,5.09,-1965653.87
32.95167398452759,5.08,-2167196.5
32.9634895324707,5.1,-1767556.25
32.973149061203,5.08,-2000209.0
32.98533821105957,5.08,-2040600.75
32.99771046638489,5.09,-1896091.25
33.009817361831665,5.08,-2177593.0
33.0225043296814,5.1,-1750628.87
33.03455591201782,5.09,-1961410.25
33.04685187339783,5.08,-2126574.0
33.05932927131653,5.08,-2022444.62
33.07146382331848,5.07,-2402841.75
33.08347773551941,5.09,-1770988.75
33.095983028411865,5.08,-2031487.37
33.10830307006836,5.08,-2141628.0
33.120585680007935,5.08,-1978464.75
33.13262486457825,5.08,-2214819.75
33.14467239379883,5.09,-1904009.37
33.15688514709473,5.08,-2026961.5
33.16891002655029,5.08,-2087468.87
33.18112921714783,5.08,-2000209.0
33.19313335418701,5.08,-2126574.0
33.20528221130371,5.09,-1944652.25
33.214680194854736,5.08,-2022444.62
33.22685980796814,5.08,-2017959.62
33.23954105377197,5.09,-1861254.5
33.25170540809631,5.08,-2087468.87
33.263725996017456,5.09,-1948822.25
33.27626013755798,5.09,-1961410.25
33.288551568984985,5.08,-2082686.25
33.3008918762207,5.09,-1900041.87
33.31303811073303,5.08,-2022444.62
33.32537269592285,5.09,-1957195.87
33.337677240371704,5.09,-1969905.37
33.349865198135376,5.08,-2063764.5
33.36215019226074,5.09,-1876576.37
33.3739709854126,5.08,-2004613.87
33.38583827018738,5.09,-1974175.5
33.398340940475464,5.08,-2009050.12
33.41015005111694,5.08,-2097113.75
33.4221396446228,5.09,-1892157.37
33.43437099456787,5.08,-2022444.62
33.44665503501892,5.08,-2000209.0
33.455257415771484,5.08,-2004613.87
33.46756625175476,5.08,-2026961.5
33.480175256729126,5.09,-1853693.5
33.49231243133545,5.08,-2000209.0
33.50469493865967,5.08,-1991457.5
33.51717495918274,5.09,-1961410.25
33.52943658828735,5.08,-2082686.25
33.54177665710449,5.09,-1861254.5
33.554017543792725,5.08,-2036033.62
33.56632447242737,5.08,-2036033.62
33.57861614227295,5.09,-1969905.37
33.59109449386597,5.07,-2316740.75
33.603339195251465,5.1,-1743953.5
33.61553430557251,5.08,-2017959.62
33.6278350353241,5.08,-2214819.75
33.640117168426514,5.08,-1987111.12
33.6523597240448,5.07,-2358987.0
33.66450595855713,5.1,-1753986.12
33.676414489746094,5.08,-2009050.12
33.688793420791626,5.08,-2214819.75
33.69811153411865,5.08,-1982772.87
33.7101936340332,5.07,-2287488.0
33.722814321517944,5.09,-1816779.75
33.734838008880615,5.09,-1974175.5
33.747234582901,5.08,-2172382.0
33.75979781150818,5.09,-1827696.62
33.77187252044678,5.07,-2377583.75
33.78411316871643,5.09,-1865058.62
33.796419620513916,5.09,-1961410.25
33.80874228477478,5.08,-2209426.75
33.8210027217865,5.09,-1868878.62
33.833407163619995,5.08,-2054439.87
33.84557032585144,5.09,-1876576.37
33.85777997970581,5.08,-1995823.5
33.86998128890991,5.07,-2253347.75
33.88199973106384,5.09,-1806003.87
33.894031286239624,5.08,-2009050.12
33.90629863739014,5.08,-2000209.0
33.91844844818115,5.08,-2009050.12
33.93051028251648,5.08,-2209426.75
33.94225788116455,5.09,-1770988.75
33.952086448669434,5.08,-2000209.0
33.9640953540802,5.08,-1987111.12
33.97671103477478,5.09,-1957195.87
33.98896026611328,5.08,-2156887.25
34.00118041038513,5.1,-1727481.62
34.01343488693237,5.08,-2017959.62
34.025830030441284,5.08,-2009050.12
34.038063764572144,5.08,-1991457.5
34.05035090446472,5.08,-2204046.5
34.06268811225891,5.1,-1764145.87
34.074888706207275,5.08,-2063764.5
34.08725452423096,5.08,-2040600.75
34.09951066970825,5.08,-2004613.87
34.11144399642944,5.07,-2270287.5
34.12347960472107,5.1,-1753986.12
34.135746717453,5.08,-2017959.62
34.148033142089844,5.07,-2264617.25
34.159876346588135,5.08,-2004613.87
34.1722354888916,5.07,-2358987.0
34.18421459197998,5.1,-1753986.12
34.19354319572449,5.08,-2022444.62
34.20595908164978,5.08,-2141628.0
34.21804356575012,5.08,-2017959.62
34.23056435585022,5.07,-2340698.0
34.24264574050903,5.09,-1831362.25
34.255133867263794,5.08,-2031487.37
34.26750087738037,5.07,-2264617.25
34.2796573638916,5.09,-1940510.75
34.291802406311035,5.07,-2428650.0
34.304216384887695,5.09,-1868878.62
34.31658625602722,5.08,-2013494.87
34.328744411468506,5.07,-2270287.5
34.34110879898071,5.09,-1940510.75
34.35333967208862,5.08,-2049809.62
34.36507534980774,5.09,-1912005.25
34.37712359428406,5.08,-2031487.37
34.389615297317505,5.07,-2242205.75
34.40164113044739,5.09,-1904009.37
34.41368794441223,5.08,-2059091.37
34.425525188446045,5.08,-2009050.12
34.434165239334106,5.08,-2031487.37
34.446425676345825,5.08,-2151776.5
34.45868182182312,5.1,-1692330.25
34.470942735672,5.08,-2022444.62
34.483365058898926,5.09,-1969905.37
34.49593758583069,5.08,-2026961.5
34.50834631919861,5.07,-2253347.75
34.521159172058105,5.1,-1734028.75
34.53328561782837,5.08,-2063764.5
34.54584360122681,5.08,-2017959.62
34.55826258659363,5.08,-2049809.62
34.570631980895996,5.08,-2220239.75
34.58255910873413,5.1,-1760748.87
34.59495306015015,5.08,-2082686.25
34.60713577270508,5.08,-2049809.62
34.619224071502686,5.08,-2068471.12
34.6314582824707,5.07,-2253347.75
34.64335656166077,5.09,-1774426.12
34.65570640563965,5.08,-2059091.37
34.66761064529419,5.07,-2304940.0
34.67989897727966,5.08,-2036033.62
34.68932509422302,5.07,-2334650.0
34.70130014419556,5.09,-1781341.87
34.71376299858093,5.08,-2017959.62
34.72618389129639,5.07,-2236676.25
34.73844337463379,5.08,-1978464.75
34.75079679489136,5.07,-2310817.5
34.76300239562988,5.09,-1835042.87
34.77518892288208,5.08,-2059091.37
34.78754115104675,5.07,-2281715.5
34.79965353012085,5.08,-2031487.37
34.81206035614014,5.07,-2402841.75
34.82452917098999,5.09,-1865058.62
34.83662939071655,5.08,-2026961.5
34.848870515823364,5.07,-2275987.0
34.860748052597046,5.08,-2013494.87
34.87311244010925,5.08,-2162036.0
34.88496708869934,5.09,-1868878.62
34.89734959602356,5.08,-2045188.75
34.90954899787903,5.07,-2253347.75
34.92147660255432,5.08,-1987111.12
34.9308979511261,5.08,-2121607.75
34.943360567092896,5.09,-1961410.25
34.95551300048828,5.08,-1978464.75
34.96770715713501,5.08,-2172382.0
34.98002648353577,5.1,-1676832.75
34.99238467216492,5.08,-2031487.37
35.00480365753174,5.08,-1987111.12
35.016876220703125,5.08,-2004613.87
35.02926278114319,5.08,-2231160.75
35.041534185409546,5.1,-1717746.5
35.05389165878296,5.08,-2040600.75
35.06591582298279,5.08,-2000209.0
35.07815384864807,5.08,-2045188.75
35.090662240982056,5.08,-2209426.75
35.10257172584534,5.1,-1711323.75
35.114842891693115,5.08,-2026961.5
35.12674856185913,5.09,-1969905.37
35.139071226119995,5.08,-2009050.12
35.15107035636902,5.08,-2214819.75
35.16323447227478,5.1,-1711323.75
35.17522048950195,5.08,-2026961.5
35.18499732017517,5.08,-2146690.25
35.19705510139465,5.09,-1940510.75
35.20946407318115,5.08,-2131563.75
35.22187900543213,5.09,-1770988.75
35.2341468334198,5.08,-2004613.87
35.24611282348633,5.08,-2182829.5
35.25859999656677,5.09,-1965653.87
35.27096605300903,5.08,-2167196.5
35.28321409225464,5.1,-1760748.87
35.29545521736145,5.08,-2009050.12
35.30766820907593,5.08,-2198706.5
35.32007813453674,5.08,-1978464.75
35.332236766815186,5.08,-2214819.75
35.345571994781494,5.1,-1764145.87
35.35624146461487,5.08,-1991457.5
35.36857032775879,5.08,-2209426.75
35.380744218826294,5.09,-1953000.0
35.39299964904785,5.08,-2214819.75
35.40475368499756,5.09,-1802431.75
35.4166693687439,5.08,-2004613.87
35.42621994018555,5.08,-2162036.0
35.43768382072449,5.09,-1916023.75
35.44995641708374,5.08,-2092286.12
35.46226382255554,5.09,-1884329.12
35.474504709243774,5.08,-1978464.75
35.48684763908386,5.08,-2172382.0
35.49956917762756,5.1,-1658615.25
35.5117506980896,5.08,-2059091.37
35.52405095100403,5.09,-1912005.25
35.53666090965271,5.09,-1944652.25
35.54925203323364,5.08,-2151776.5
35.56150579452515,5.1,-1673769.5
35.57370162010193,5.08,-1982772.87
35.58580708503723,5.09,-1904009.37
35.598175287246704,5.09,-1940510.75
35.61048364639282,5.08,-2092286.12
35.62234807014465,5.1,-1661622.12
35.63455629348755,5.09,-1961410.25
35.64668035507202,5.09,-1912005.25
35.65875267982483,5.09,-1912005.25
35.66819381713867,5.08,-2116665.0
35.68045401573181,5.1,-1620490.5
35.69253158569336,5.09,-1896091.25
35.70499229431152,5.09,-1940510.75
35.71724534034729,5.09,-1912005.25
35.72958564758301,5.08,-2009050.12
35.74201679229736,5.09,-1842459.0
35.754183292388916,5.09,-1969905.37
35.76664471626282,5.08,-1995823.5
35.778531551361084,5.09,-1957195.87
35.79125237464905,5.08,-2013494.87
35.803256034851074,5.09,-1932281.37
35.815670013427734,5.09,-1944652.25
35.82753300666809,5.08,-2031487.37
35.839929819107056,5.09,-1936387.12
35.8518602848053,5.08,-2106837.0
35.864108085632324,5.09,-1896091.25
35.87628746032715,5.09,-1948822.25
35.88838505744934,5.08,-2045188.75
35.90061926841736,5.09,-1965653.87
35.912556648254395,5.08,-2054439.87
35.92192101478577,5.09,-1888230.0
35.93438720703125,5.09,-1916023.75
35.94664716720581,5.08,-2000209.0
35.95904207229614,5.09,-1940510.75
35.97134876251221,5.08,-2013494.87
35.98344135284424,5.09,-1936387.12
35.99579310417175,5.09,-1940510.75
36.00818753242493,5.08,-2022444.62
36.020512104034424,5.09,-1865058.62
36.03252577781677,5.08,-2017959.62
36.044644355773926,5.09,-1948822.25
36.05732226371765,5.09,-1957195.87
36.069517850875854,5.08,-2017959.62
36.08169221878052,5.09,-1857466.12
36.0938241481781,5.08,-1995823.5
36.10583519935608,5.09,-1932281.37
36.11811065673828,5.09,-1969905.37
36.130139112472534,5.08,-1991457.5
36.1421217918396,5.09,-1853693.5
36.15426015853882,5.09,-1948822.25
36.16366481781006,5.08,-1982772.87
36.17607927322388,5.09,-1908003.87
36.18849301338196,5.09,-1957195.87
36.20068717002869,5.09,-1806003.87
36.2129602432251,5.09,-1928193.25
36.22518801689148,5.09,-1928193.25
36.237520933151245,5.09,-1957195.87
36.24982976913452,5.08,-1982772.87
36.261883020401,5.09,-1876576.37
36.2742977142334,5.09,-1953000.0
36.28674650192261,5.09,-1969905.37
36.29891753196716,5.08,-1982772.87
36.311320066452026,5.08,-2004613.87
36.32307839393616,5.09,-1865058.62
36.33547592163086,5.09,-1932281.37
36.347697019577026,5.08,-1987111.12
36.35980176925659,5.09,-1953000.0
36.37191104888916,5.08,-2017959.62
36.3839066028595,5.09,-1892157.37
36.396113872528076,5.09,-1948822.25
36.40812635421753,5.08,-2040600.75
36.417702436447144,5.09,-1944652.25
36.4298095703125,5.08,-2017959.62
36.44119906425476,5.09,-1896091.25
36.453410625457764,5.09,-1953000.0
36.465688705444336,5.08,-2004613.87
36.4780387878418,5.09,-1884329.12
36.490293979644775,5.08,-2059091.37
36.50275945663452,5.09,-1924112.5
36.51524639129639,5.09,-1969905.37
36.52748346328735,5.08,-2026961.5
36.5402889251709,5.09,-1932281.37
36.55304765701294,5.08,-2059091.37
36.565065145492554,5.09,-1842459.0
36.577409982681274,5.09,-1940510.75
36.58932876586914,5.08,-2167196.5
36.60157752037048,5.1,-1764145.87
36.61358904838562,5.08,-2026961.5
36.625776052474976,5.09,-1908003.87
36.63783097267151,5.09,-1961410.25
36.64993333816528,5.08,-2214819.75
36.6594672203064,5.1,-1730748.87
36.671852588653564,5.0,-263976624.0
36.68383860588074,5.0,82472976.0
36.696110248565674,4.99,13368111.0
36.70842742919922,4.98,6600122.0
36.720744609832764,4.98,8796550.0
36.73307228088379,4.97,4758266.5
36.745073556900024,4.95,3549092.0
36.75756883621216,4.95,3102381.25
36.769954442977905,4.94,2660889.25
36.78230023384094,4.94,2943321.25
36.79439902305603,4.93,2441223.75
36.806766510009766,4.93,2420540.0
36.81872797012329,4.93,2260655.75
36.83087706565857,4.92,2120348.0
36.84286642074585,4.93,2400181.75
36.85508394241333,4.92,2147019.25
36.86728525161743,4.92,2104650.75
36.8794219493866,4.92,2089193.87
36.88870334625244,4.92,1919666.5
36.90095114707947,4.93,2248767.75
36.91318917274475,4.92,2029502.0
36.925530672073364,4.92,1982271.0
36.93782186508179,4.92,1963976.37
36.95000505447388,4.91,1805444.0
36.962138175964355,4.92,2044111.0
36.974560260772705,4.91,1824849.75
36.9869384765625,4.91,1731703.25
36.99921154975891,4.91,1786439.37
37.011695861816406,4.9,1647459.25
37.023635387420654,4.91,1902486.12
37.03604698181152,4.91,1728173.5
37.04804801940918,4.9,1644258.0
37.0603506565094,4.91,1738814.62
37.07232403755188,4.9,1585642.12
37.084609508514404,4.91,1820937.87
37.096479415893555,4.91,1703845.87
37.10869288444519,4.9,1663658.37
37.117913246154785,4.91,1756832.37
37.13023376464844,4.9,1634719.37
37.142441749572754,4.91,1820937.87
37.15485072135925,4.91,1775220.37
37.16701674461365,4.9,1673531.87
37.17934799194336,4.91,1805444.0
37.190696001052856,4.9,1700418.0
37.2029812335968,4.91,1767823.75
37.21532154083252,4.91,1710725.25
37.22772455215454,4.9,1644258.0
37.24015212059021,4.91,1756832.37
37.25272297859192,4.9,1690240.12
37.26488423347473,4.91,1760478.12
37.277034282684326,4.9,1690240.12
37.28919172286987,4.9,1641069.12
37.301270723342896,4.91,1742387.25
37.313055753707886,4.9,1657144.75
37.3253870010376,4.9,1676846.0
37.33410906791687,4.68,483836.15
37.34649157524109,4.41,244982.46
37.35897397994995,4.21,176291.28
37.37124490737915,4.12,153532.89
37.38348722457886,4.06,141753.39
37.395954608917236,4.05,140615.67
37.408265352249146,4.02,135593.18
37.42057704925537,4.04,138551.1
37.43287801742554,4.02,134533.92
37.44450759887695,4.02,136144.01
37.456748485565186,4.02,134661.6
37.468929290771484,4.02,135142.2
37.48115301132202,4.02,135528.56
37.493367195129395,4.02,134949.59
37.50564479827881,4.02,134725.56
37.517778396606445,4.02,134597.78
37.526347398757935,4.01,134279.21
37.53864765167236,4.02,135657.76
37.55098080635071,4.02,135367.34
37.563246726989746,4.02,134725.56
37.57566046714783,4.02,135949.18
37.587891578674316,4.01,134215.59
37.60013461112976,4.03,137388.59
37.61260414123535,4.02,135110.0
37.62467122077942,4.03,136600.39
37.63699698448181,4.02,134917.57
37.64914345741272,4.07,144431.29
37.66147232055664,4.02,135399.54
37.67363476753235,4.06,143293.84
37.68586015701294,4.01,133930.09
37.6980402469635,4.07,143647.71
37.71036720275879,4.01,133519.53
37.71895360946655,4.07,143576.85
37.731250286102295,4.01,134056.85
37.7434287071228,4.06,142345.39
37.75577926635742,4.01,134470.17
37.76813316345215,4.05,140410.4
37.78047490119934,4.02,135657.76
37.79305672645569,4.05,140787.09
37.80556631088257,4.02,134757.53
37.81817626953125,4.05,140478.75
37.83034873008728,4.01,134438.34
37.84304094314575,4.05,140855.81
37.854761838912964,4.02,135174.31
37.86717081069946,4.04,138852.62
37.878823041915894,4.02,135625.46
37.89087152481079,4.03,137818.48
37.90291094779968,4.03,136763.98
37.91210079193115,4.04,138117.42
37.924264907836914,4.02,135593.18
37.93656897544861,4.04,138017.73
37.948811292648315,4.02,135819.54
37.96111273765564,4.04,139121.54
37.97345972061157,4.03,136960.76
37.98539614677429,4.03,137092.17
37.997543811798096,4.03,137619.79
38.009639501571655,4.02,135787.17
38.02189254760742,4.04,138517.7
38.03417944908142,4.02,136144.01
38.04638481140137,4.03,136665.82
38.05860996246338,4.03,136339.35
38.070854902267456,4.03,136763.98
38.08303761482239,4.03,137421.56
38.095258474349976,4.04,138084.18
38.10394620895386,4.02,135464.07
38.116291761398315,4.03,137951.23
38.12867712974548,4.02,135270.73
38.14110231399536,4.09,148530.64
38.153733253479004,4.03,136862.31
38.16596579551697,4.08,146165.25
38.17833161354065,4.03,137553.7
38.190600872039795,4.07,144933.56
38.202900886535645,4.04,138117.42
38.215238094329834,4.07,144431.29
38.227439880371094,4.03,136600.39
38.23951530456543,4.07,144789.76
38.25154685974121,4.03,136665.82
38.263630390167236,4.08,145619.76
38.27579998970032,4.04,138718.48
38.28781461715698,4.07,143754.18
38.29701066017151,4.04,139290.04
38.30930137634277,4.07,143860.7
38.321648359298706,4.06,141649.42
38.33383846282959,4.07,145257.95
38.34612965583801,4.05,140069.39
38.35854196548462,4.07,144395.54
38.37072682380676,4.05,139967.29
38.3830451965332,4.07,145366.29
38.39536428451538,4.06,142310.46
38.40762495994568,4.07,143718.62
38.41980743408203,4.07,143683.15
38.431983947753906,4.07,144288.31
38.444032192230225,4.08,146677.39
38.4558789730072,4.08,146677.39
38.4680540561676,4.09,148045.1
38.48025345802307,4.16,163662.75
38.48888063430786,4.15,160378.25
38.501205921173096,4.15,162006.6
38.51342964172363,4.16,163574.82
38.52573585510254,4.15,161189.01
38.53806710243225,4.17,164767.62
38.550426721572876,4.16,162352.96
38.56264400482178,4.17,165705.35
38.57498073577881,4.16,162744.06
38.58722376823425,4.16,162744.06
38.599592447280884,4.16,164368.43
38.611865758895874,4.22,177946.87
38.62406349182129,4.19,170766.57
38.636292934417725,5.08,-2063764.5
38.64849066734314,5.08,-2231160.75
38.66073298454285,5.1,-1686099.37
38.672937870025635,5.09,-1969905.37
38.68509316444397,5.09,-1928193.25
38.693952322006226,5.09,-1953000.0
38.70624256134033,5.08,-2097113.75
38.71855640411377,5.1,-1652634.62
38.73090720176697,5.09,-1932281.37
38.74314284324646,5.09,-1924112.5
38.755730390548706,5.09,-1957195.87
38.768187522888184,5.08,-2151776.5
38.780442237854004,5.1,-1670717.62
38.79276490211487,5.08,-1987111.12
38.80505442619324,5.08,-2040600.75
38.817363262176514,5.09,-1940510.75
38.829636573791504,5.08,-2162036.0
38.84195113182068,5.1,-1698616.12
38.85401153564453,5.09,-1974175.5
38.866271018981934,5.08,-2059091.37
38.87836503982544,5.09,-1940510.75
38.890523195266724,5.08,-2106837.0
38.90264582633972,5.1,-1714529.0
38.91475057601929,5.09,-1944652.25
38.926841259002686,5.08,-2026961.5
38.936075925827026,5.09,-1920059.37
38.94842791557312,5.08,-2193392.5
38.960715770721436,5.1,-1704941.75
38.9730019569397,5.09,-1924112.5
38.985249042510986,5.08,-2045188.75
38.997554540634155,5.09,-1932281.37
39.00981044769287,5.07,-2253347.75
39.022178411483765,5.1,-1737321.37
39.03446650505066,5.09,-1965653.87
39.04670333862305,5.08,-2097113.75
39.058958292007446,5.09,-1920059.37
39.071306467056274,5.07,-2236676.25
39.083528995513916,5.09,-1820410.0
39.095709800720215,5.09,-1953000.0
39.10783839225769,5.08,-2121607.75
39.119959592819214,5.09,-1816779.75
39.13216781616211,5.08,-2225686.75
39.144272804260254,5.09,-1827696.62
39.15646052360535,5.08,-1982772.87
39.16860795021057,5.08,-2116665.0
39.178098917007446,5.09,-1781341.87
39.190316915512085,5.08,-1982772.87
39.20166993141174,5.09,-1838748.12
39.21396851539612,5.09,-1888230.0
39.226232290267944,5.08,-2121607.75
39.238518953323364,5.1,-1753986.12
39.2507963180542,5.08,-1982772.87
39.26308035850525,5.09,-1868878.62
39.275386095047,5.09,-1944652.25
39.287665128707886,5.08,-2087468.87
39.29996871948242,5.1,-1750628.87
39.312278509140015,5.08,-2004613.87
39.32454824447632,5.09,-1928193.25
39.33688259124756,5.09,-1944652.25
39.349217891693115,5.08,-2000209.0
39.362016677856445,5.09,-1853693.5
39.37355852127075,5.09,-1944652.25
39.385870695114136,5.08,-2000209.0
39.39797592163086,5.09,-1969905.37
39.41012954711914,5.08,-2013494.87
39.42231607437134,5.09,-1861254.5
39.43129372596741,5.09,-1969905.37
39.44361686706543,5.09,-1948822.25
39.45552897453308,5.09,-1957195.87
39.467806577682495,5.08,-1982772.87
39.480050802230835,5.09,-1888230.0
39.49233651161194,5.09,-1965653.87
39.504629611968994,5.08,-2017959.62
39.516945600509644,5.09,-1957195.87
39.52949047088623,5.08,-2054439.87
39.5416316986084,5.09,-1876576.37
39.55394530296326,5.09,-1948822.25
39.5661563873291,5.08,-2013494.87
39.57850885391235,5.09,-1953000.0
39.590895891189575,5.08,-2059091.37
39.60308575630188,5.09,-1920059.37
39.61526942253113,5.09,-1961410.25
39.62750458717346,5.08,-2036033.62
39.63971257209778,5.09,-1948822.25
39.65185523033142,5.08,-2059091.37
39.66416883468628,5.09,-1924112.5
39.67257905006409,5.08,-1991457.5
39.684914112091064,5.08,-2017959.62
39.69721484184265,5.09,-1857466.12
39.709519386291504,5.09,-1904009.37
39.721832036972046,5.09,-1936387.12
39.734140396118164,5.09,-1944652.25
39.7464964389801,5.08,-2026961.5
39.75865149497986,5.09,-1904009.37
39.7709436416626,5.08,-1987111.12
39.783671855926514,5.09,-1953000.0
39.79583382606506,5.09,-1948822.25
39.808539152145386,5.08,-2026961.5
39.82139611244202,5.09,-1884329.12
39.833343744277954,5.09,-1957195.87
39.84545540809631,5.09,-1924112.5
39.857651710510254,5.09,-1944652.25
39.86980986595154,5.08,-2009050.12
39.881693840026855,5.09,-1865058.62
39.894001722335815,5.09,-1944652.25
39.9061918258667,5.09,-1948822.25
39.91829013824463,5.08,-1978464.75
39.927889585494995,5.08,-2131563.75
39.94023609161377,5.1,-1686099.37
39.95249891281128,5.09,-1920059.37
39.96457386016846,5.08,-2000209.0
39.97700810432434,5.09,-1961410.25
39.98933982849121,5.08,-2204046.5
40.001627922058105,5.1,-1737321.37
40.013667821884155,5.08,-2004613.87
40.026082277297974,5.07,-2247762.75
40.038331508636475,5.09,-1961410.25
40.05075716972351,5.07,-2247762.75
40.06323838233948,5.09,-1824046.0
40.07526421546936,5.09,-1974175.5
40.08719444274902,5.08,-2204046.5
40.099342346191406,5.09,-1974175.5
40.1114559173584,5.07,-2293275.5
40.12359404563904,5.09,-1831362.25
40.13549876213074,5.08,-2000209.0
40.14778685569763,5.08,-2214819.75
40.15702247619629,5.09,-1940510.75
40.1694450378418,5.07,-2275987.0
40.18165612220764,5.09,-1816779.75
40.19406747817993,5.09,-1928193.25
40.206053495407104,5.08,-2204046.5
40.218573570251465,5.09,-1904009.37
40.23067116737366,5.08,-1982772.87
40.2433648109436,5.09,-1849926.75
40.25553345680237,5.08,-2017959.62
40.26768088340759,5.08,-2209426.75
40.27994966506958,5.09,-1872724.5
40.29235816001892,5.08,-2054439.87
40.30459523200989,5.08,-2000209.0
40.31669521331787,5.08,-1982772.87
40.32888627052307,5.08,-2172382.0
40.34100794792175,5.09,-1816779.75
40.35311937332153,5.08,-2031487.37
40.36638021469116,5.09,-1965653.87
40.377432107925415,5.08,-1978464.75
40.3895001411438,5.08,-2141628.0
40.39884567260742,5.1,-1727481.62
40.411194801330566,5.09,-1969905.37
40.42343783378601,5.09,-1936387.12
40.43583583831787,5.09,-1896091.25
40.44776630401611,5.08,-2146690.25
40.45917201042175,5.1,-1711323.75
40.47137904167175,5.08,-1978464.75
40.4836802482605,5.08,-2004613.87
40.49596047401428,5.09,-1974175.5
40.50828695297241,5.08,-2141628.0
40.520785331726074,5.1,-1730748.87
40.5331768989563,5.08,-1987111.12
40.545668601989746,5.07,-2236676.25
40.55797815322876,5.09,-1948822.25
40.57030463218689,5.07,-2236676.25
40.58261299133301,5.1,-1764145.87
40.59480905532837,5.09,-1969905.37
40.60698843002319,5.08,-2188104.75
40.619187355041504,5.09,-1969905.37
40.631242752075195,5.07,-2258975.25
40.64330220222473,5.09,-1781341.87
40.652899742126465,5.09,-1969905.37
40.664936780929565,5.08,-2121607.75
40.67737889289856,5.09,-1932281.37
40.689693212509155,5.07,-2247762.75
40.70201754570007,5.09,-1795348.5
40.71399474143982,5.09,-1932281.37
40.726420640945435,5.08,-2182829.5
40.73892116546631,5.09,-1940510.75
40.75108623504639,5.08,-2063764.5
40.76326847076416,5.09,-1813173.25
40.77558088302612,5.08,-1978464.75
40.78803086280823,5.08,-2172382.0
40.80015683174133,5.09,-1920059.37
40.812551498413086,5.08,-2040600.75
40.82442903518677,5.09,-1953000.0
40.83654451370239,5.09,-1969905.37
40.84866380691528,5.08,-2151776.5
40.860830783843994,5.1,-1679907.5
40.87294244766235,5.08,-1978464.75
40.88514995574951,5.09,-1920059.37
40.89434289932251,5.09,-1957195.87
40.90671372413635,5.08,-2073187.5
40.918968200683594,5.1,-1655619.37
40.9310781955719,5.08,-1995823.5
40.9434859752655,5.09,-1932281.37
40.95578360557556,5.09,-1932281.37
40.968257904052734,5.08,-2167196.5
40.98037338256836,5.1,-1683001.62
40.9927818775177,5.09,-1974175.5
41.005077600479126,5.09,-1957195.87
41.01737308502197,5.09,-1953000.0
41.02945804595947,5.08,-2146690.25
41.041799783706665,5.1,-1711323.75
41.05403661727905,5.08,-1982772.87
41.066100120544434,5.08,-2116665.0
41.07817459106445,5.09,-1957195.87
41.09033513069153,5.08,-2188104.75
41.10253405570984,5.09,-1781341.87
41.114588260650635,5.09,-1965653.87
41.12678360939026,5.08,-2172382.0
41.13611054420471,5.09,-1948822.25
41.14827489852905,5.08,-2126574.0
41.16067814826965,5.1,-1698616.12
41.17296266555786,5.09,-1961410.25
41.18523383140564,5.08,-2156887.25
41.19733452796936,5.09,-1920059.37
41.20970273017883,5.08,-2214819.75
41.22202444076538,5.09,-1788321.75
41.234354972839355,5.09,-1953000.0
41.24688386917114,5.08,-2198706.5
41.25907802581787,5.09,-1944652.25
41.271021127700806,5.08,-2151776.5
41.28347396850586,5.09,-1791828.12
41.29571890830994,5.08,-2000209.0
41.30782699584961,5.08,-2188104.75
41.319751024246216,5.09,-1953000.0
41.33198809623718,5.08,-2059091.37
41.34406518936157,5.09,-1802431.75
41.356208086013794,5.09,-1948822.25
41.36941623687744,5.08,-2167196.5
41.37775421142578,5.09,-1924112.5
41.38981509208679,5.09,-1957195.87
41.40230703353882,5.09,-1842459.0
41.414350509643555,5.09,-1932281.37
41.42697072029114,5.08,-2092286.12
41.439209938049316,5.1,-1667677.0
41.45162892341614,5.08,-1991457.5
41.463565826416016,5.09,-1908003.87
41.47486996650696,5.09,-1924112.5
41.48710608482361,5.08,-2116665.0
41.49936652183533,5.1,-1646690.37
41.51166844367981,5.09,-1920059.37
41.52398347854614,5.09,-1868878.62
41.53663730621338,5.09,-1857466.12
41.54878234863281,5.09,-1957195.87
41.56128144264221,5.09,-1824046.0
41.57321095466614,5.09,-1896091.25
41.58578586578369,5.09,-1868878.62
41.59781312942505,5.07,-2264617.25
41.60998821258545,5.09,-1974175.5
41.61949110031128,5.09,-1820410.0
41.63150334358215,5.09,-1838748.12
41.6439049243927,5.09,-1900041.87
41.65623116493225,5.09,-1884329.12
41.668323040008545,5.09,-1912005.25
41.6804039478302,5.09,-1842459.0
41.69274950027466,5.09,-1888230.0
41.705145835876465,5.09,-1924112.5
41.71737837791443,5.09,-1876576.37
41.729790687561035,5.09,-1948822.25
41.742093563079834,5.09,-1827696.62
41.75425481796265,5.09,-1876576.37
41.76655864715576,5.09,-1948822.25
41.77864384651184,5.09,-1876576.37
41.79070234298706,5.09,-1961410.25
41.80288553237915,5.09,-1861254.5
41.81504464149475,5.09,-1932281.37
41.82716941833496,5.09,-1932281.37
41.83927273750305,5.09,-1892157.37
41.851402282714844,5.09,-1924112.5
41.863417625427246,5.09,-1876576.37
41.873000144958496,5.09,-1888230.0
41.884939432144165,5.09,-1849926.75
41.89727449417114,5.09,-1868878.62
41.90955352783203,5.09,-1888230.0
41.921815395355225,5.09,-1861254.5
41.93408966064453,5.09,-1880444.75
41.94639253616333,5.09,-1932281.37
41.958678245544434,5.09,-1842459.0
41.9713020324707,5.09,-1888230.0
41.983254194259644,5.09,-1884329.12
41.995657444000244,5.09,-1908003.87
42.007797956466675,5.09,-1912005.25
42.01953053474426,5.09,-1857466.12
42.031704902648926,5.09,-1916023.75
42.04397392272949,5.09,-1892157.37
42.05616354942322,5.09,-1888230.0
42.068384408950806,5.09,-1904009.37
42.080581188201904,5.09,-1831362.25
42.09277153015137,5.09,-1924112.5
42.10505032539368,5.09,-1884329.12
42.113824129104614,5.09,-1880444.75
42.12614703178406,5.09,-1853693.5
42.13841009140015,5.09,-1820410.0
42.150856494903564,5.09,-1872724.5
42.16304874420166,5.09,-1884329.12
42.17525315284729,5.09,-1892157.37
42.187543630599976,5.09,-1920059.37
42.19983530044556,5.09,-1838748.12
42.212085247039795,5.09,-1908003.87
42.22429633140564,5.09,-1932281.37
42.23659920692444,5.09,-1900041.87
42.248902797698975,5.09,-1936387.12
42.26111435890198,5.09,-1842459.0
42.273322105407715,5.09,-1865058.62
42.28553104400635,5.09,-1924112.5
42.29781222343445,5.09,-1900041.87
42.31002354621887,5.09,-1953000.0
42.32224082946777,5.09,-1846185.25
42.334502935409546,5.09,-1861254.5
42.34668827056885,5.09,-1916023.75
42.355408906936646,5.09,-1880444.75
42.367676734924316,5.09,-1861254.5
42.379984617233276,5.09,-1831362.25
42.39225125312805,5.09,-1857466.12
42.404515504837036,5.09,-1865058.62
42.416834354400635,5.09,-1900041.87
42.429102182388306,5.09,-1936387.12
42.441489934921265,5.09,-1936387.12
42.453789949417114,5.09,-1900041.87
42.46611714363098,5.09,-1908003.87
42.478285789489746,5.09,-1838748.12
42.49067306518555,5.09,-1928193.25
42.502840995788574,5.09,-1876576.37
42.515007734298706,5.09,-1932281.37
42.52726078033447,5.09,-1924112.5
42.539493560791016,5.09,-1842459.0
42.551753520965576,5.09,-1900041.87
42.56399583816528,5.09,-1876576.37
42.576205015182495,5.09,-1912005.25
42.58838367462158,5.09,-1936387.12
42.60062909126282,5.09,-1827696.62
42.60931348800659,5.09,-1876576.37
42.62159299850464,5.09,-1838748.12
42.63389468193054,5.09,-1865058.62
42.64615297317505,5.09,-1876576.37
42.658448934555054,5.09,-1813173.25
42.67076015472412,5.09,-1896091.25
42.68338394165039,5.09,-1904009.37
42.695743799209595,5.09,-1916023.75
42.70771551132202,5.09,-1920059.37
42.72004461288452,5.09,-1865058.62
42.73229360580444,5.09,-1936387.12
42.74458622932434,5.09,-1912005.25
42.75688910484314,5.09,-1912005.25
42.76904034614563,5.09,-1944652.25
42.78123593330383,5.09,-1849926.75
42.79338979721069,5.09,-1932281.37
42.80570650100708,5.09,-1920059.37
42.81792235374451,5.09,-1900041.87
42.8301362991333,5.09,-1965653.87
42.842353105545044,5.09,-1849926.75
42.85455656051636,5.09,-1904009.37
42.86327338218689,5.09,-1932281.37
42.875569343566895,5.09,-1857466.12
42.88782286643982,5.09,-1912005.25
42.900100231170654,5.09,-1809581.37
42.91241478919983,5.09,-1880444.75
42.92467784881592,5.09,-1920059.37
42.937506437301636,5.09,-1853693.5
42.94957971572876,5.09,-1928193.25
42.961658239364624,5.09,-1880444.75
42.97397232055664,5.09,-1868878.62
42.986209869384766,5.09,-1916023.75
42.99850082397461,5.09,-1853693.5
43.0107524394989,5.09,-1908003.87
43.02298450469971,5.09,-1868878.62
43.035184144973755,5.09,-1900041.87
43.04737329483032,5.09,-1900041.87
43.05960297584534,5.09,-1846185.25
43.071834564208984,5.09,-1900041.87
43.084035873413086,5.09,-1892157.37
43.096298933029175,5.09,-1900041.87
43.10852575302124,5.09,-1920059.37
43.11718773841858,5.09,-1816779.75
43.129454374313354,5.09,-1853693.5
43.141775369644165,5.09,-1824046.0
43.154053688049316,5.09,-1872724.5
43.16636323928833,5.09,-1904009.37
43.17864489555359,5.09,-1813173.25
43.19089436531067,5.09,-1888230.0
43.20319390296936,5.09,-1884329.12
43.216025829315186,5.09,-1916023.75
43.22830104827881,5.09,-1920059.37
43.24027609825134,5.09,-1849926.75
43.25247883796692,5.09,-1916023.75
43.264683961868286,5.09,-1880444.75
43.27690839767456,5.09,-1857466.12
43.28906583786011,5.09,-1965653.87
43.30130648612976,5.09,-1846185.25
43.313525915145874,5.09,-1884329.12
43.325740575790405,5.09,-1928193.25
43.337995290756226,5.09,-1884329.12
43.350205183029175,5.09,-1944652.25
43.358808279037476,5.09,-1849926.75
43.37113857269287,5.09,-1853693.5
43.38343858718872,5.09,-1872724.5
43.39572262763977,5.09,-1857466.12
43.40798234939575,5.09,-1948822.25
43.42029333114624,5.09,-1857466.12
43.43262815475464,5.09,-1892157.37
43.44491147994995,5.09,-1948822.25
43.457258224487305,5.09,-1880444.75
43.46987462043762,5.09,-1912005.25
43.48204946517944,5.09,-1896091.25
43.49411869049072,5.09,-1944652.25
43.506357192993164,5.09,-1948822.25
43.51856994628906,5.09,-1884329.12
43.5308780670166,5.09,-1904009.37
43.54304599761963,5.09,-1936387.12
43.55529570579529,5.09,-1916023.75
43.56749701499939,5.09,-1965653.87
43.57972502708435,5.09,-1835042.87
43.59194731712341,5.09,-1896091.25
43.60413980484009,5.09,-1928193.25
43.612794399261475,5.09,-1892157.37
43.62509894371033,5.09,-1884329.12
43.637378454208374,5.09,-1806003.87
43.64963364601135,5.09,-1888230.0
43.6619393825531,5.09,-1868878.62
43.67427444458008,5.09,-1892157.37
43.686620235443115,5.09,-1932281.37
43.69889307022095,5.09,-1853693.5
43.711185693740845,5.09,-1880444.75
43.723589181900024,5.09,-1920059.37
43.73581790924072,5.09,-1912005.25
43.748191595077515,5.09,-1957195.87
43.76053762435913,5.09,-1849926.75
43.77257204055786,5.09,-1908003.87
43.784733295440674,5.09,-1957195.87
43.797067403793335,5.09,-1912005.25
43.809444427490234,5.08,-1995823.5
43.82159447669983,5.09,-1916023.75
43.83395528793335,5.09,-1908003.87
43.84591555595398,5.09,-1924112.5
43.858112812042236,5.09,-1896091.25
43.86687397956848,5.09,-1940510.75
43.879167556762695,5.09,-1806003.87
43.89144587516785,5.09,-1861254.5
43.903754472732544,5.09,-1904009.37
43.91602277755737,5.09,-1872724.5
43.928284883499146,5.09,-1916023.75
43.94060564041138,5.09,-1842459.0
43.952932357788086,5.09,-1900041.87
43.965139627456665,5.09,-1904009.37
43.97739124298096,5.09,-1861254.5
43.98970031738281,5.09,-1900041.87
44.00201201438904,5.09,-1842459.0
44.01423645019531,5.09,-1884329.12
44.026429653167725,5.09,-1896091.25
44.03864526748657,5.09,-1880444.75
44.05089783668518,5.09,-1916023.75
44.063079833984375,5.09,-1861254.5
44.07540225982666,5.09,-1880444.75
44.08765459060669,5.09,-1916023.75
44.09976053237915,5.09,-1827696.62
44.10854148864746,5.09,-1880444.75
44.120875120162964,5.09,-1865058.62
44.1331582069397,5.09,-1835042.87
44.145421504974365,5.09,-1904009.37
44.157660484313965,5.09,-1809581.37
44.16990923881531,5.09,-1865058.62
44.18215727806091,5.09,-1880444.75
44.19445514678955,5.09,-1904009.37
44.20675992965698,5.09,-1831362.25
44.21901273727417,5.09,-1835042.87
44.231298208236694,5.09,-1884329.12
44.24359178543091,5.09,-1892157.37
44.25590419769287,5.09,-1880444.75
44.2681679725647,5.09,-1932281.37
44.28039813041687,5.09,-1842459.0
44.29256343841553,5.09,-1974175.5
44.30482745170593,5.08,-2013494.87
44.31706738471985,5.08,-2000209.0
44.32924294471741,5.09,-1957195.87
44.34145951271057,5.09,-1876576.37
44.35365104675293,5.09,-1916023.75
44.362322092056274,5.09,-1953000.0
44.375126123428345,5.09,-1846185.25
44.386926889419556,5.09,-1912005.25
44.399165868759155,5.09,-1820410.0
44.412253856658936,5.08,-2009050.12
44.4244441986084,5.08,-2177593.0
44.43653082847595,5.08,-2040600.75
44.44851613044739,5.07,-2293275.5
44.4608519077301,5.09,-1876576.37
44.47293996810913,5.08,-2073187.5
44.485188007354736,5.08,-2231160.75
44.497398138046265,5.08,-2082686.25
44.50972557067871,5.08,-2225686.75
44.522061824798584,5.09,-1900041.87
44.53459167480469,5.08,-2068471.12
44.546919107437134,5.07,-2242205.75
44.559208154678345,5.08,-2026961.5
44.571375608444214,5.08,-2188104.75
44.583516359329224,5.08,-2026961.5
44.595781564712524,5.08,-2063764.5
44.60525465011597,5.08,-2214819.75
44.61728048324585,5.09,-1784820.5
44.63040208816528,5.08,-2106837.0
44.64190077781677,5.09,-1957195.87
44.65424585342407,5.08,-2013494.87
44.66629385948181,5.08,-2036033.62
44.678624629974365,5.09,-1892157.37
44.69072246551514,5.08,-2022444.62
44.703009605407715,5.08,-1991457.5
44.715271949768066,5.08,-2004613.87
44.72807836532593,5.08,-2049809.62
44.740018367767334,5.09,-1884329.12
44.75252151489258,5.08,-2026961.5
44.764671087265015,5.08,-1982772.87
44.776931047439575,5.08,-2026961.5
44.78893566131592,5.08,-2063764.5
44.801116943359375,5.09,-1900041.87
44.8130087852478,5.08,-2031487.37
44.82548403739929,5.08,-2049809.62
44.83751082420349,5.08,-1995823.5
44.84693169593811,5.08,-2059091.37
44.859243631362915,5.09,-1813173.25
44.87136697769165,5.08,-2000209.0
44.883708238601685,5.08,-2000209.0
44.89611220359802,5.09,-1920059.37
44.90840411186218,5.08,-2063764.5
44.9205117225647,5.09,-1884329.12
44.93268895149231,5.08,-1995823.5
44.945152044296265,5.08,-2073187.5
44.95744180679321,5.08,-2009050.12
44.969656229019165,5.08,-2198706.5
44.98207354545593,5.09,-1916023.75
44.99433922767639,5.08,-2013494.87
45.006492614746094,5.08,-2054439.87
45.01857256889343,5.08,-1995823.5
45.0303590297699,5.08,-2214819.75
45.042410135269165,5.09,-1820410.0
45.05468440055847,5.08,-1991457.5
45.066746950149536,5.08,-2013494.87
45.07902550697327,5.09,-1961410.25
45.088621854782104,5.08,-2087468.87
45.10074067115784,5.09,-1777877.12
45.11309289932251,5.09,-1924112.5
45.12535119056702,5.09,-1953000.0
45.13700270652771,5.09,-1795348.5
45.14929962158203,5.08,-1991457.5
45.16187858581543,5.09,-1912005.25
45.174418926239014,5.09,-1904009.37
45.18677043914795,5.08,-1995823.5
45.19893193244934,5.09,-1835042.87
45.21131134033203,5.09,-1920059.37
45.223793029785156,5.09,-1904009.37
45.23586988449097,5.09,-1916023.75
45.24814772605896,5.09,-1957195.87
45.26037645339966,5.09,-1831362.25
45.272172927856445,5.09,-1916023.75
45.284152030944824,5.09,-1892157.37
45.29629707336426,5.09,-1908003.87
45.30843782424927,5.09,-1974175.5
45.320526123046875,5.09,-1842459.0
45.32972455024719,5.09,-1912005.25
45.34260177612305,5.09,-1876576.37
45.354259729385376,5.09,-1888230.0
45.36651086807251,5.09,-1932281.37
45.37882161140442,5.09,-1809581.37
45.391164779663086,5.09,-1932281.37
45.40304493904114,5.09,-1896091.25
45.41527962684631,5.09,-1904009.37
45.42730665206909,5.09,-1961410.25
45.439661264419556,5.09,-1842459.0
45.45188331604004,5.09,-1953000.0
45.46416401863098,5.09,-1924112.5
45.476436614990234,5.09,-1940510.75
45.488598585128784,5.08,-2036033.62
45.50077271461487,5.1,-1743953.5
45.5130295753479,5.09,-1948822.25
45.525280714035034,5.09,-1969905.37
45.537527561187744,5.09,-1924112.5
45.549702644348145,5.09,-1908003.87
45.56196188926697,5.09,-1904009.37
45.57416319847107,5.09,-1916023.75
45.583003759384155,5.09,-1916023.75
45.595179080963135,5.09,-1900041.87
45.60755109786987,5.09,-1920059.37
45.6198365688324,5.09,-1908003.87
45.63200616836548,5.09,-1916023.75
45.644283056259155,5.09,-1948822.25
45.656591176986694,5.09,-1892157.37
45.66887664794922,5.09,-1940510.75
45.68114113807678,5.09,-1944652.25
45.69346737861633,5.09,-1974175.5
45.70582175254822,5.09,-1961410.25
45.71814823150635,5.09,-1944652.25
45.73037314414978,5.09,-1965653.87
45.74253296852112,5.09,-1936387.12
45.754762411117554,5.09,-1940510.75
45.766987323760986,5.08,-1991457.5
45.7792706489563,5.09,-1920059.37
45.79144525527954,5.09,-1965653.87
45.80370306968689,5.09,-1912005.25
45.815903663635254,5.09,-1924112.5
45.824570178985596,5.09,-1974175.5
45.83691334724426,5.09,-1820410.0
45.84914946556091,5.09,-1888230.0
45.861448526382446,5.09,-1849926.75
45.87370824813843,5.09,-1912005.25
45.88597321510315,5.09,-1948822.25
45.89824891090393,5.09,-1809581.37
45.91060948371887,5.09,-1916023.75
45.92290282249451,5.09,-1924112.5
45.93517780303955,5.09,-1904009.37
45.94735097885132,5.09,-1932281.37
45.959696531295776,5.09,-1861254.5
45.971970081329346,5.09,-1936387.12
45.98419260978699,5.09,-1912005.25
45.996421575546265,5.09,-1908003.87
46.00869417190552,5.09,-1940510.75
46.02093696594238,5.09,-1861254.5
46.033118724823,5.09,-1900041.87
46.045324087142944,5.09,-1944652.25
46.05758333206177,5.09,-1900041.87
46.06976652145386,5.09,-1936387.12
46.07844614982605,5.09,-1888230.0
46.090721130371094,5.09,-1868878.62
46.103084087371826,5.09,-1908003.87
46.115400314331055,5.09,-1865058.62
46.12768030166626,5.09,-1944652.25
46.14005088806152,5.09,-1892157.37
46.15222907066345,5.09,-1924112.5
46.16452240943909,5.09,-1940510.75
46.17690134048462,5.09,-1957195.87
46.18911170959473,5.08,-1978464.75
46.20138764381409,5.09,-1912005.25
46.21367645263672,5.09,-1912005.25
46.2258985042572,5.09,-1912005.25
46.238099813461304,5.09,-1900041.87
46.25032019615173,5.09,-1916023.75
46.262532472610474,5.09,-1912005.25
46.27483034133911,5.09,-1920059.37
46.28704500198364,5.09,-1920059.37
46.29926776885986,5.09,-1892157.37
46.31148433685303,5.09,-1916023.75
46.323721170425415,5.09,-1908003.87
46.332356214523315,5.09,-1900041.87
46.34472298622131,5.09,-1916023.75
46.357208251953125,5.09,-1798883.12
46.369478940963745,5.09,-1924112.5
46.38190031051636,5.09,-1876576.37
46.394174337387085,5.09,-1865058.62
46.406519651412964,5.09,-1936387.12
46.41903018951416,5.09,-1865058.62
46.43142914772034,5.09,-1892157.37
46.443968296051025,5.09,-1908003.87
46.456226110458374,5.09,-1912005.25
46.4685480594635,5.08,-2126574.0
46.479931592941284,5.1,-1683001.62
46.4920597076416,5.09,-1936387.12
46.50426745414734,5.08,-2141628.0
46.51651167869568,5.09,-1936387.12
46.52883982658386,5.08,-2209426.75
46.54129934310913,5.1,-1698616.12
46.55361795425415,5.09,-1936387.12
46.56553840637207,5.08,-2141628.0
46.57475304603577,5.09,-1908003.87
46.587056398391724,5.08,-2126574.0
46.59948444366455,5.1,-1727481.62
46.61191773414612,5.09,-1920059.37
46.62435603141785,5.08,-2106837.0
46.636478900909424,5.09,-1838748.12
46.64862251281738,5.07,-2281715.5
46.66088581085205,5.09,-1809581.37
46.67308807373047,5.09,-1932281.37
46.68566370010376,5.08,-2136590.5
46.697959184646606,5.09,-1827696.62
46.71023154258728,5.08,-1987111.12
46.72239923477173,5.09,-1802431.75
46.73479962348938,5.09,-1944652.25
46.74696731567383,5.08,-2116665.0
46.75900864601135,5.09,-1820410.0
46.77123999595642,5.08,-2000209.0
46.783125162124634,5.09,-1806003.87
46.79537224769592,5.09,-1969905.37
46.80738377571106,5.08,-2126574.0
46.816845178604126,5.09,-1795348.5
46.82926917076111,5.09,-1920059.37
46.84153413772583,5.09,-1853693.5
46.85381460189819,5.09,-1953000.0
46.86649489402771,5.08,-2077925.87
46.8783495426178,5.1,-1640797.0
46.890681982040405,5.08,-2022444.62
46.9028959274292,5.09,-1888230.0
46.91539287567139,5.09,-1961410.25
46.92745041847229,5.08,-2126574.0
46.93990731239319,5.1,-1689208.87
46.95210075378418,5.08,-2004613.87
46.964287996292114,5.09,-1961410.25
46.97632169723511,5.09,-1974175.5
46.988449811935425,5.08,-2136590.5
47.000446796417236,5.1,-1717746.5
47.01268219947815,5.08,-2013494.87
47.02458310127258,5.09,-1957195.87
47.03664231300354,5.09,-1944652.25
47.04598832130432,5.08,-2231160.75
47.058695793151855,5.1,-1676832.75
47.07075810432434,5.09,-1940510.75
47.08308291435242,5.08,-2097113.75
47.09550094604492,5.09,-1936387.12
47.10781383514404,5.08,-2214819.75
47.120054483413696,5.1,-1760748.87
47.13224005699158,5.09,-1965653.87
47.14457297325134,5.08,-2156887.25
47.156891107559204,5.09,-1924112.5
47.16921806335449,5.07,-2247762.75
47.181401014328,5.09,-1813173.25
47.19379281997681,5.08,-1982772.87
47.20599555969238,5.08,-2167196.5
47.21795201301575,5.09,-1936387.12
47.23021721839905,5.07,-2310817.5
47.24234890937805,5.09,-1806003.87
47.254467487335205,5.08,-2022444.62
47.2664635181427,5.07,-2236676.25
47.27876091003418,5.07,-2352858.25
47.28792929649353,4.83,936519.06
47.30018186569214,4.59,366879.0
47.31237244606018,4.36,226001.25
47.32464337348938,4.29,198538.31
47.33693718910217,4.6,380210.21
47.349528789520264,5.03,-5169187.5
47.361494302749634,5.04,-4382242.5
47.37393927574158,5.08,-2068471.12
47.38626790046692,5.08,-2231160.75
47.39857292175293,5.09,-1831362.25
47.41095042228699,5.07,-2247762.75
47.42315721511841,5.01,-16848536.0
47.43514442443848,4.71,526558.87
47.44726085662842,4.45,266965.81
47.45949959754944,4.3,203135.95
47.47128653526306,4.25,186032.57
47.483330726623535,4.18,169174.92
47.49513030052185,4.21,174955.9
47.503737449645996,4.16,162396.32
47.51605224609375,4.21,175943.37
47.52844214439392,4.16,163180.4
47.54080867767334,4.19,171905.26
47.5533561706543,4.16,163530.95
47.565796852111816,4.18,167470.82
47.5782151222229,4.18,167242.75
47.590811014175415,4.18,167333.85
47.60304856300354,4.16,163662.75
47.61558508872986,4.18,167151.59
47.627837896347046,4.15,161920.28
47.639960527420044,4.19,169593.84
47.65192747116089,4.16,162744.06
47.663970947265625,4.17,165615.7
47.67597937583923,4.16,163618.73
47.68800330162048,4.16,163180.4
47.69750905036926,4.18,167562.15
47.70975399017334,4.16,163926.78
47.72177982330322,4.17,164723.21
47.734033823013306,4.16,164059.0
47.7465558052063,4.16,162657.06
47.75884389877319,4.18,168480.62
47.7711968421936,4.16,163574.82
47.7835476398468,4.16,163706.68
47.795767068862915,4.16,164147.34
47.80807590484619,4.15,160932.28
47.82023286819458,4.18,168342.29
47.831974506378174,4.15,161231.85
47.84435677528381,4.16,164456.95
47.85637187957764,4.15,161963.43
47.868215560913086,4.2,174367.79
47.88047432899475,4.17,165705.35
47.889740228652954,4.21,176940.4
47.9020779132843,4.15,161877.14
47.914610624313354,4.21,175794.73
47.926798820495605,4.15,160123.65
47.93908333778381,4.22,179167.48
47.951072454452515,4.16,162352.96
47.96336483955383,4.19,171953.07
47.975958824157715,4.16,162309.62
47.988245487213135,4.18,168989.29
48.00036311149597,4.17,165660.51
48.01259231567383,4.18,169267.81
48.024677753448486,4.15,161532.46
48.03686547279358,4.18,169407.43
48.04891586303711,4.15,160378.25
48.060930013656616,4.19,171619.42
48.07298469543457,4.15,162093.14
48.082417249679565,4.16,164279.98
48.09481477737427,4.16,162787.59
48.10706830024719,4.16,162526.6
48.11928129196167,4.17,166969.76
48.131460428237915,4.17,165257.7
48.14391303062439,4.16,162962.0
48.156118631362915,4.17,166109.98
48.168219327926636,4.15,161103.4
48.180614709854126,4.18,168711.53
48.19296145439148,4.16,162309.62
48.20519185066223,4.15,161575.45
48.216981172561646,4.16,162874.81
48.229061126708984,4.14,159321.73
48.241369009017944,4.17,166924.25
48.25350475311279,4.16,162613.48
48.26252722740173,4.15,161963.43
48.27502155303955,4.15,162006.6
48.287172079086304,4.15,161103.4
48.29971218109131,4.17,166019.98
48.31171226501465,4.16,163882.73
48.324159145355225,4.15,160548.39
48.33629131317139,4.16,164103.23
48.34875130653381,4.14,158193.51
48.360854625701904,4.23,180298.89
48.373141288757324,4.15,160975.01
48.385376930236816,4.2,173153.37
48.39752960205078,4.15,161790.79
48.40944027900696,4.19,171381.81
48.421690940856934,4.16,164279.98
48.43363046646118,4.2,174075.04
48.44588804244995,4.14,159700.78
48.45519208908081,4.2,174075.04
48.46740365028381,4.13,157366.35
48.48001027107239,4.21,175497.81
48.49107813835144,4.16,162526.6
48.503196716308594,4.19,170436.89
48.51538586616516,4.16,162483.2
48.527783155441284,4.18,167790.95
48.540045499801636,4.17,164723.21
48.55277419090271,4.19,169687.12
48.56513452529907,4.15,160463.34
48.57755780220032,4.19,170061.31
48.58985161781311,4.14,159827.39
48.60199236869812,4.18,168388.34
48.61423873901367,4.16,162396.32
48.62630605697632,4.17,164812.06
48.63837289810181,4.16,162962.0
48.64763283729553,4.17,165705.35
48.66011142730713,4.16,164545.67
48.67212986946106,4.17,166064.98
48.68432569503784,4.15,161618.46
48.6967556476593,4.18,167060.64
48.70926904678345,4.25,186743.62
48.721412897109985,5.09,-1940510.75
48.733866691589355,5.08,-2036033.62
48.74613356590271,5.08,-2214819.75
48.75841760635376,5.09,-1784820.5
48.770570278167725,5.08,-2054439.87
48.7825391292572,5.09,-1944652.25
48.79464602470398,5.08,-2017959.62
48.80619287490845,5.08,-2198706.5
48.81838822364807,5.1,-1743953.5
48.83060431480408,5.08,-2045188.75
48.84280014038086,5.09,-1936387.12
48.85545897483826,5.08,-1991457.5
48.8676061630249,5.08,-2172382.0
48.87629413604736,5.1,-1711323.75
48.8888840675354,5.09,-1957195.87
48.90106701850891,5.09,-1944652.25
48.91375207901001,5.09,-1969905.37
48.92642545700073,5.08,-2131563.75
48.93857669830322,5.1,-1708122.62
48.95068836212158,5.08,-2013494.87
48.963114738464355,5.08,-2040600.75
48.97547245025635,5.09,-1916023.75
48.987727880477905,5.08,-2101964.0
49.000160455703735,5.1,-1698616.12
49.01234555244446,5.09,-1948822.25
49.024396657943726,5.08,-2022444.62
49.03654479980469,5.09,-1924112.5
49.04886794090271,5.07,-2236676.25
49.060829401016235,5.1,-1701773.0
49.073004722595215,5.09,-1920059.37
49.08507823944092,5.08,-2167196.5
49.09726667404175,5.09,-1920059.37
49.10930156707764,5.07,-2275987.0
49.11858892440796,5.1,-1734028.75
49.13090538978577,5.09,-1865058.62
49.14332699775696,5.08,-2082686.25
49.15571689605713,5.09,-1928193.25
49.16791129112244,5.07,-2293275.5
49.1803662776947,5.09,-1802431.75
49.19253897666931,5.09,-1957195.87
49.20479106903076,5.08,-2151776.5
49.217120885849,5.09,-1820410.0
49.22928261756897,5.07,-2322679.5
49.2416136264801,5.09,-1842459.0
49.25393009185791,5.08,-1987111.12
49.26623487472534,5.08,-2156887.25
49.278425455093384,5.09,-1835042.87
49.290470123291016,5.08,-2009050.12
49.30261540412903,5.09,-1853693.5
49.314669609069824,5.08,-1987111.12
49.32680320739746,5.08,-2167196.5
49.33897662162781,5.09,-1781341.87
49.350868940353394,5.08,-1982772.87
49.36044263839722,5.09,-1888230.0
49.37265133857727,5.09,-1908003.87
49.384852170944214,5.08,-2087468.87
49.397446155548096,5.1,-1704941.75
49.4099760055542,5.09,-1957195.87
49.42183828353882,5.09,-1924112.5
49.43440556526184,5.09,-1940510.75
49.44650149345398,5.08,-2022444.62
49.458966970443726,5.09,-1920059.37
49.470733880996704,5.09,-1953000.0
49.483038663864136,5.09,-1953000.0
49.49542737007141,5.09,-1916023.75
49.5067298412323,5.08,-2022444.62
49.51885104179382,5.09,-1896091.25
49.531134843826294,5.08,-1978464.75
49.54335856437683,5.09,-1957195.87
49.555651903152466,5.09,-1965653.87
49.5681414604187,5.08,-2059091.37
49.58039450645447,5.09,-1880444.75
49.592578411102295,5.09,-1928193.25
49.60484600067139,5.08,-2036033.62
49.61388659477234,5.09,-1961410.25
49.626544713974,5.08,-1978464.75
49.63904881477356,5.09,-1831362.25
49.65150332450867,5.09,-1916023.75
49.66350746154785,5.09,-1969905.37
49.67587161064148,5.09,-1944652.25
49.68830847740173,5.08,-2004613.87
49.700127601623535,5.09,-1924112.5
49.7125940322876,5.09,-1948822.25
49.72501277923584,5.08,-2031487.37
49.73728013038635,5.09,-1916023.75
49.74949073791504,5.08,-2045188.75
49.76186513900757,5.09,-1912005.25
49.774014472961426,5.09,-1961410.25
49.78608298301697,5.08,-2000209.0
49.79815864562988,5.09,-1892157.37
49.81012153625488,5.09,-1924112.5
49.82239055633545,5.09,-1912005.25
49.83438205718994,5.09,-1936387.12
49.84662175178528,5.08,-2000209.0
49.85614824295044,5.09,-1908003.87
49.868234634399414,5.09,-1868878.62
49.88057065010071,5.09,-1880444.75
49.89293384552002,5.09,-1920059.37
49.90528678894043,5.09,-1932281.37
49.91804909706116,5.09,-1827696.62
49.929787158966064,5.09,-1969905.37
49.9420645236969,5.09,-1920059.37
49.95422983169556,5.09,-1912005.25
49.96668767929077,5.08,-1982772.87
49.97863531112671,5.09,-1884329.12
49.991169929504395,5.09,-1948822.25
50.00337338447571,5.09,-1948822.25
50.015729665756226,5.09,-1928193.25
50.02798080444336,5.08,-1991457.5
50.03995704650879,5.09,-1861254.5
50.051841020584106,5.09,-1920059.37
50.06419658660889,5.09,-1928193.25
50.0762779712677,5.09,-1936387.12
50.088215589523315,5.08,-2026961.5
50.10030388832092,5.09,-1857466.12
50.10987091064453,5.09,-1948822.25
50.12226390838623,5.09,-1936387.12
50.134756088256836,5.09,-1932281.37
50.14688181877136,5.09,-1974175.5
50.159051179885864,5.09,-1861254.5
50.1713981628418,5.09,-1936387.12
50.183764934539795,5.08,-2031487.37
50.19606924057007,5.09,-1908003.87
50.2087037563324,5.08,-2013494.87
50.22055697441101,5.09,-1908003.87
50.23283243179321,5.09,-1932281.37
50.24515223503113,5.08,-2017959.62
50.257609128952026,5.09,-1957195.87
50.26931953430176,5.08,-2004613.87
50.28171753883362,5.09,-1900041.87
50.29379391670227,5.09,-1944652.25
50.30604887008667,5.08,-2045188.75
50.31803560256958,5.09,-1932281.37
50.33017039299011,5.09,-1965653.87
50.34235715866089,5.09,-1928193.25
50.35449981689453,5.09,-1953000.0
50.364004373550415,5.08,-2013494.87
50.37630486488342,5.09,-1900041.87
50.38847088813782,5.09,-1916023.75
50.40052390098572,5.09,-1912005.25
50.413002014160156,5.09,-1957195.87
50.425307273864746,5.08,-1991457.5
50.43759489059448,5.09,-1838748.12
50.45007634162903,5.09,-1948822.25
50.461965560913086,5.09,-1957195.87
50.47414755821228,5.09,-1965653.87
50.48664593696594,5.08,-2009050.12
50.498937368392944,5.09,-1861254.5
50.510236978530884,5.09,-1948822.25
50.52230429649353,5.08,-1978464.75
50.5345356464386,5.09,-1969905.37
50.54680418968201,5.08,-2022444.62
50.55902099609375,5.09,-1853693.5
50.57151699066162,5.09,-1957195.87
50.58391618728638,5.08,-2013494.87
50.59609794616699,5.09,-1953000.0
50.605186223983765,5.08,-2017959.62
50.61784243583679,5.09,-1861254.5
50.629913330078125,5.09,-1908003.87
50.642439126968384,5.09,-1953000.0
50.65473413467407,5.09,-1940510.75
50.66711115837097,5.08,-1982772.87
50.67906641960144,5.09,-1880444.75
50.69166684150696,5.09,-1953000.0
50.70379662513733,5.08,-2004613.87
50.71615672111511,5.09,-1920059.37
50.728522300720215,5.08,-2013494.87
50.74086308479309,5.09,-1900041.87
50.75281119346619,5.09,-1948822.25
50.76514744758606,5.08,-2017959.62
50.777299642562866,5.09,-1924112.5
50.789127826690674,5.08,-2022444.62
50.80141496658325,5.09,-1904009.37
50.81368947029114,5.09,-1920059.37
50.82582688331604,5.08,-2036033.62
50.83777832984924,5.09,-1944652.25
50.84994196891785,5.08,-1987111.12
50.85928773880005,5.09,-1953000.0
50.87183737754822,5.09,-1888230.0
50.88410973548889,5.09,-1936387.12
50.89648914337158,5.09,-1835042.87
50.9087336063385,5.09,-1944652.25
50.920820236206055,5.09,-1904009.37
50.93335437774658,5.09,-1928193.25
50.94552707672119,5.08,-1987111.12
50.95794677734375,5.09,-1868878.62
50.97010636329651,5.08,-1978464.75
50.982412576675415,5.09,-1936387.12
50.99478006362915,5.09,-1928193.25
51.00691246986389,5.08,-1991457.5
51.01894211769104,5.09,-1831362.25
51.031118869781494,5.08,-1978464.75
51.04337000846863,5.09,-1948822.25
51.05550694465637,5.09,-1940510.75
51.067731857299805,5.08,-1991457.5
51.07967400550842,5.09,-1842459.0
51.091795682907104,5.09,-1961410.25
51.10108256340027,5.09,-1957195.87
51.11347198486328,5.09,-1908003.87
51.125863790512085,5.09,-1940510.75
51.138086795806885,5.09,-1842459.0
51.15028500556946,5.09,-1940510.75
51.162633419036865,5.09,-1965653.87
51.17499303817749,5.09,-1920059.37
51.1870653629303,5.09,-1974175.5
51.199230432510376,5.09,-1888230.0
51.211676359176636,5.09,-1940510.75
51.22408080101013,5.08,-1987111.12
51.236122131347656,5.09,-1936387.12
51.248839139938354,5.08,-1995823.5
51.26072311401367,5.09,-1884329.12
51.2727792263031,5.09,-1920059.37
51.28517413139343,5.08,-2004613.87
51.29711651802063,5.09,-1944652.25
51.309197664260864,5.08,-2022444.62
51.3213095664978,5.09,-1865058.62
51.333528995513916,5.09,-1948822.25
51.34550333023071,5.08,-1995823.5
51.35506725311279,5.09,-1936387.12
51.36751461029053,5.09,-1961410.25
51.37955379486084,5.09,-1908003.87
51.39192867279053,5.09,-1920059.37
51.40422582626343,5.09,-1974175.5
51.4166305065155,5.09,-1820410.0
51.428863525390625,5.08,-1995823.5
51.441062688827515,5.09,-1961410.25
51.453163623809814,5.09,-1969905.37
51.464993476867676,5.08,-2000209.0
51.47746014595032,5.09,-1857466.12
51.48972821235657,5.09,-1944652.25
51.502037525177,5.09,-1928193.25
51.513509035110474,5.09,-1961410.25
51.52575612068176,5.08,-1987111.12
51.53790783882141,5.09,-1857466.12
51.550204277038574,5.09,-1928193.25
51.56250286102295,5.09,-1948822.25
51.5750048160553,5.09,-1953000.0
51.58721685409546,5.09,-1961410.25
51.59616541862488,5.09,-1872724.5
51.60821080207825,5.09,-1892157.37
51.62072253227234,5.09,-1908003.87
51.633437395095825,5.09,-1936387.12
51.64594531059265,5.09,-1961410.25
51.65828585624695,5.09,-1842459.0
51.67027449607849,5.09,-1932281.37
51.682804107666016,5.08,-1982772.87
51.69512677192688,5.09,-1932281.37
51.70739006996155,5.08,-2013494.87
51.719395875930786,5.09,-1876576.37
51.731948137283325,5.09,-1920059.37
51.744256019592285,5.08,-1987111.12
51.756338119506836,5.09,-1932281.37
51.76863718032837,5.08,-2092286.12
51.780476570129395,5.09,-1880444.75
51.79274797439575,5.09,-1940510.75
51.804924726486206,5.08,-2013494.87
51.81700086593628,5.09,-1944652.25
51.829129457473755,5.08,-2022444.62
51.84109330177307,5.09,-1948822.25
51.850582122802734,5.09,-1936387.12
51.86312532424927,5.09,-1974175.5
51.8753457069397,5.09,-1820410.0
51.887386322021484,5.08,-2009050.12
51.89964246749878,5.09,-1888230.0
51.912153005599976,5.09,-1932281.37
51.92453193664551,5.08,-2022444.62
51.93651843070984,5.09,-1904009.37
51.94888877868652,5.08,-2013494.87
51.96128487586975,5.09,-1928193.25
51.973597288131714,5.08,-1982772.87
51.98573899269104,5.08,-1995823.5
51.99771976470947,5.09,-1876576.37
52.01002526283264,5.09,-1944652.25
52.02194046974182,5.09,-1928193.25
52.03409385681152,5.09,-1957195.87
52.046289682388306,5.08,-2026961.5
52.058637857437134,5.09,-1853693.5
52.070706605911255,5.09,-1953000.0
52.08276033401489,5.09,-1969905.37
52.09238600730896,5.09,-1944652.25
52.10456824302673,5.09,-1957195.87
52.11704111099243,5.09,-1777877.12
52.12922501564026,5.09,-1916023.75
52.14151120185852,5.09,-1912005.25
52.153554916381836,5.09,-1924112.5
52.16605472564697,5.08,-2000209.0
52.17841410636902,5.09,-1868878.62
52.19071555137634,5.09,-1944652.25
52.20276856422424,5.09,-1965653.87
52.21518325805664,5.09,-1924112.5
52.22753405570984,5.08,-1987111.12
52.239829540252686,5.09,-1868878.62
52.25191593170166,5.09,-1908003.87
52.26394867897034,5.08,-1978464.75
52.276092290878296,5.09,-1928193.25
52.288230657577515,5.08,-2063764.5
52.30034112930298,5.09,-1872724.5
52.31250500679016,5.09,-1940510.75
52.32443952560425,5.08,-2022444.62
52.33407950401306,5.09,-1940510.75
52.346376180648804,5.08,-1978464.75
52.35860753059387,5.09,-1872724.5
52.370834827423096,5.09,-1924112.5
52.38307213783264,5.09,-1957195.87
52.3954119682312,5.09,-1876576.37
52.40776085853577,5.08,-2049809.62
52.41985297203064,5.09,-1928193.25
52.43218469619751,5.09,-1920059.37
52.44428110122681,5.08,-1995823.5
52.456796169281006,5.09,-1884329.12
52.46929144859314,5.08,-1978464.75
52.48153257369995,5.09,-1916023.75
52.49365043640137,5.09,-1957195.87
52.505600452423096,5.08,-1982772.87
52.517011404037476,5.09,-1888230.0
52.52913427352905,5.09,-1932281.37
52.54133462905884,5.09,-1936387.12
52.553704500198364,5.09,-1924112.5
52.56585693359375,5.08,-2017959.62
52.57809638977051,5.09,-1857466.12
52.58697438240051,5.09,-1928193.25
52.599188804626465,5.09,-1884329.12
52.611812114715576,5.09,-1904009.37
52.624216079711914,5.08,-1978464.75
52.63639307022095,5.09,-1816779.75
52.64976716041565,5.09,-1936387.12
52.66135787963867,5.09,-1944652.25
52.67352223396301,5.09,-1912005.25
52.685831785202026,5.08,-1987111.12
52.69807195663452,5.09,-1880444.75
52.7103853225708,5.09,-1948822.25
52.7218804359436,5.09,-1965653.87
52.73465657234192,5.09,-1957195.87
52.74695324897766,5.08,-1995823.5
52.759177684783936,5.09,-1884329.12
52.77138590812683,5.09,-1953000.0
52.78371858596802,5.08,-1995823.5
52.79600548744202,5.09,-1928193.25
52.80811285972595,5.08,-2054439.87
52.820202112197876,5.09,-1857466.12
52.83235788345337,5.09,-1940510.75
52.84164905548096,5.08,-2000209.0
52.85391330718994,5.09,-1912005.25
52.86658811569214,5.08,-1982772.87
52.87884712219238,5.09,-1888230.0
52.890947103500366,5.09,-1932281.37
52.90316891670227,5.08,-1995823.5
52.91573405265808,5.09,-1928193.25
52.92791175842285,5.08,-2036033.62
52.9399847984314,5.09,-1896091.25
52.95256304740906,5.09,-1928193.25
52.96480846405029,5.08,-2009050.12
52.977049827575684,5.09,-1920059.37
52.989238023757935,5.09,-1932281.37
53.001381397247314,5.09,-1900041.87
53.01347231864929,5.09,-1940510.75
53.02537178993225,5.08,-2026961.5
53.03776574134827,5.09,-1912005.25
53.049640417099,5.09,-1969905.37
53.0619843006134,5.09,-1957195.87
53.074190855026245,5.09,-1944652.25
53.08354306221008,5.08,-2013494.87
53.095818758010864,5.09,-1781341.87
53.108195066452026,5.09,-1920059.37
53.120200634002686,5.09,-1916023.75
53.13258719444275,5.09,-1896091.25
53.14498949050903,5.08,-2000209.0
53.15728688240051,5.09,-1842459.0
53.16986680030823,5.09,-1936387.12
53.18177556991577,5.09,-1957195.87
53.1942617893219,5.09,-1974175.5
53.206366539001465,5.08,-2000209.0
53.21880888938904,5.09,-1880444.75
53.230867862701416,5.09,-1974175.5
53.2429895401001,5.09,-1957195.87
53.25510239601135,5.09,-1948822.25
53.26735067367554,5.08,-2017959.62
53.27922248840332,5.09,-1876576.37
53.291492223739624,5.09,-1957195.87
53.30360245704651,5.08,-1995823.5
53.315770626068115,5.09,-1948822.25
53.32533383369446,5.08,-2004613.87
53.3372745513916,5.09,-1861254.5
53.3499698638916,5.09,-1912005.25
53.36202263832092,5.09,-1957195.87
53.37438368797302,5.09,-1872724.5
53.3867301940918,5.08,-2013494.87
53.39929795265198,5.09,-1884329.12
53.41094779968262,5.09,-1932281.37
53.42355036735535,5.08,-2004613.87
53.43572664260864,5.09,-1936387.12
53.448089838027954,5.08,-2036033.62
53.46014881134033,5.09,-1900041.87
53.47256112098694,5.09,-1940510.75
53.48503923416138,5.08,-1991457.5
53.496901750564575,5.09,-1924112.5
53.50927686691284,5.09,-1957195.87
53.5208945274353,5.09,-1884329.12
53.53262782096863,5.09,-1936387.12
53.54480338096619,5.08,-2026961.5
53.55705380439758,5.09,-1920059.37
53.56931972503662,5.09,-1961410.25
53.57802152633667,5.09,-1957195.87
53.59059524536133,5.09,-1920059.37
53.602755308151245,5.09,-1961410.25
53.615458726882935,5.09,-1774426.12
53.62811732292175,5.09,-1944652.25
53.64035153388977,5.09,-1936387.12
53.65293502807617,5.09,-1920059.37
53.66514587402344,5.08,-1991457.5
53.677512884140015,5.09,-1842459.0
53.68968176841736,5.09,-1948822.25
53.70197343826294,5.09,-1944652.25
53.71428036689758,5.09,-1948822.25
53.72668480873108,5.08,-1978464.75
53.73872375488281,5.09,-1842459.0
53.75060057640076,5.09,-1920059.37
53.76290035247803,5.09,-1940510.75
53.77518916130066,5.09,-1953000.0
53.78692960739136,5.08,-2017959.62
53.7990939617157,5.09,-1846185.25
53.81142020225525,5.09,-1944652.25
53.82056784629822,5.08,-2022444.62
53.832998514175415,5.09,-1900041.87
53.845404863357544,5.09,-1920059.37
53.8575644493103,5.09,-1849926.75
53.869725942611694,5.09,-1932281.37
53.88185739517212,5.08,-2000209.0
53.89413595199585,5.09,-1920059.37
53.90646815299988,5.08,-2009050.12
53.918829679489136,5.09,-1892157.37
53.93089294433594,5.08,-1978464.75
53.94320750236511,5.08,-2031487.37
53.955485582351685,5.09,-1928193.25
53.96744346618652,5.08,-2009050.12
53.97945523262024,5.09,-1888230.0
53.99175405502319,5.09,-1948822.25
54.00399160385132,5.08,-2022444.62
54.01630902290344,5.09,-1944652.25
54.02856230735779,5.09,-1969905.37
54.04065155982971,5.09,-1936387.12
54.052759408950806,5.09,-1940510.75
54.065171003341675,5.08,-1991457.5
54.074363708496094,5.09,-1940510.75
54.08696246147156,5.09,-1924112.5
54.09862184524536,5.09,-1865058.62
54.110976219177246,5.09,-1936387.12
54.12348985671997,5.08,-1978464.75
54.1361517906189,5.09,-1838748.12
54.14854407310486,5.09,-1936387.12
54.160698652267456,5.09,-1928193.25
54.17291879653931,5.09,-1904009.37
54.18531537055969,5.08,-2009050.12
54.197707653045654,5.09,-1846185.25
54.21001982688904,5.08,-1991457.5
54.22204542160034,5.09,-1936387.12
54.2343053817749,5.09,-1940510.75
54.24647831916809,5.08,-2004613.87
54.25875210762024,5.09,-1846185.25
54.270535945892334,5.09,-1944652.25
54.28283905982971,5.09,-1969905.37
54.29493856430054,5.09,-1948822.25
54.307151317596436,5.08,-2013494.87
54.31916165351868,5.09,-1896091.25
54.328720808029175,5.09,-1936387.12
54.34073495864868,5.09,-1940510.75
54.353315114974976,5.09,-1900041.87
54.365549087524414,5.09,-1974175.5
54.377867221832275,5.09,-1846185.25
54.3902153968811,5.09,-1892157.37
54.40211582183838,5.08,-1991457.5
54.41477608680725,5.09,-1932281.37
54.426953077316284,5.08,-1995823.5
54.43921089172363,5.09,-1868878.62
54.45169758796692,5.09,-1912005.25
54.463810443878174,5.08,-2000209.0
54.476200580596924,5.09,-1940510.75
54.48795437812805,5.08,-2031487.37
54.50031328201294,5.09,-1880444.75
54.51223063468933,5.09,-1936387.12
54.52427935600281,5.08,-2040600.75
54.535975217819214,5.09,-1944652.25
54.54820537567139,5.08,-2013494.87
54.5604453086853,5.09,-1928193.25
54.56919002532959,5.09,-1944652.25
54.581504583358765,5.09,-1944652.25
54.59423089027405,5.09,-1820410.0
54.60640835762024,5.09,-1961410.25
54.61899137496948,5.09,-1876576.37
54.6312358379364,5.09,-1868878.62
54.64381718635559,5.08,-1982772.87
54.656259536743164,5.09,-1865058.62
54.668691635131836,5.09,-1896091.25
54.680625677108765,5.09,-1936387.12
54.693270683288574,5.09,-1928193.25
54.70540452003479,5.08,-2031487.37
54.7176775932312,5.09,-1857466.12
54.729697465896606,5.09,-1953000.0
54.74209713935852,5.09,-1953000.0
54.75399565696716,5.09,-1944652.25
54.76630687713623,5.08,-2009050.12
54.77852272987366,5.09,-1857466.12
54.790531873703,5.09,-1936387.12
54.80280637741089,5.08,-2031487.37
54.814818382263184,5.09,-1928193.25
54.82424545288086,5.08,-1991457.5
54.836749792099,5.09,-1835042.87
54.84900426864624,5.09,-1924112.5
54.86091494560242,5.09,-1940510.75
54.87334656715393,5.09,-1880444.75
54.88572406768799,5.08,-1995823.5
54.89801239967346,5.09,-1861254.5
54.91006684303284,5.09,-1953000.0
54.9224739074707,5.09,-1974175.5
54.93487238883972,5.09,-1957195.87
54.947328329086304,5.08,-2045188.75
54.959688901901245,5.09,-1876576.37
54.971489906311035,5.09,-1916023.75
54.98389458656311,5.08,-2031487.37
54.99590754508972,5.09,-1936387.12
55.00818705558777,5.08,-2022444.62
55.020063638687134,5.09,-1904009.37
55.03230810165405,5.09,-1953000.0
55.04455208778381,5.08,-2013494.87
55.05652737617493,5.09,-1936387.12
55.06593894958496,5.08,-2017959.62
55.07820534706116,5.09,-1896091.25
55.09022331237793,5.09,-1900041.87
55.10271096229553,5.09,-1957195.87
55.115150690078735,5.09,-1806003.87
55.127355098724365,5.08,-1995823.5
55.13972568511963,5.09,-1920059.37
55.15191030502319,5.09,-1932281.37
55.16416883468628,5.08,-2000209.0
55.17652440071106,5.09,-1872724.5
55.18858742713928,5.09,-1928193.25
55.20095944404602,5.09,-1912005.25
55.21339249610901,5.09,-1936387.12
55.22568964958191,5.08,-2013494.87
55.23745942115784,5.09,-1846185.25
55.24954533576965,5.09,-1936387.12
55.26197528839111,5.09,-1957195.87
55.274085998535156,5.09,-1948822.25
55.28635239601135,5.08,-1995823.5
55.29838514328003,5.09,-1876576.37
55.31039476394653,5.09,-1936387.12
55.319910764694214,5.09,-1957195.87
55.332070112228394,5.09,-1865058.62
55.34455394744873,5.09,-1969905.37
55.35664653778076,5.09,-1835042.87
55.3690345287323,5.09,-1861254.5
55.381035566329956,5.09,-1969905.37
55.39360809326172,5.09,-1912005.25
55.405794858932495,5.08,-2036033.62
55.418214559555054,5.09,-1865058.62
55.4311318397522,5.09,-1924112.5
55.44272065162659,5.09,-1961410.25
55.454833030700684,5.09,-1948822.25
55.467400312423706,5.08,-2026961.5
55.47957730293274,5.09,-1868878.62
55.49132943153381,5.09,-1932281.37
55.50341510772705,5.08,-2026961.5
55.515036821365356,5.09,-1940510.75
55.52723813056946,5.08,-2068471.12
55.53948354721069,5.09,-1872724.5
55.55164909362793,5.09,-1948822.25
55.56393218040466,5.08,-2013494.87
55.572640895843506,5.09,-1912005.25
55.58489227294922,5.08,-2009050.12
55.59768342971802,5.09,-1865058.62
55.6096978187561,5.09,-1904009.37
55.622334003448486,5.08,-2009050.12
55.63489246368408,5.09,-1880444.75
55.64760065078735,5.09,-1916023.75
55.65973663330078,5.09,-1924112.5
55.671865701675415,5.09,-1940510.75
55.68444299697876,5.08,-1978464.75
55.69679594039917,5.09,-1876576.37
55.70905041694641,5.09,-1961410.25
55.721049785614014,5.09,-1928193.25
55.733360290527344,5.09,-1928193.25
55.745545625686646,5.08,-1987111.12
55.757649660110474,5.09,-1835042.87
55.76954483985901,5.09,-1953000.0
55.781867265701294,5.09,-1932281.37
55.79400682449341,5.09,-1940510.75
55.806100606918335,5.08,-1987111.12
55.81810545921326,5.09,-1849926.75
55.82787275314331,5.09,-1936387.12
55.84022831916809,5.09,-1892157.37
55.85222935676575,5.09,-1904009.37
55.8646035194397,5.08,-1995823.5
55.87694215774536,5.09,-1846185.25
55.88898181915283,5.09,-1908003.87
55.90133023262024,5.09,-1953000.0
55.91382670402527,5.09,-1924112.5
55.92615294456482,5.08,-2045188.75
55.93818163871765,5.09,-1853693.5
55.95041012763977,5.09,-1948822.25
55.962958574295044,5.08,-2036033.62
55.97513794898987,5.09,-1932281.37
55.9874222278595,5.08,-2022444.62
55.99929618835449,5.09,-1908003.87
56.011428117752075,5.09,-1953000.0
56.023581981658936,5.08,-1995823.5
56.035738468170166,5.09,-1932281.37
56.04780626296997,5.08,-2036033.62
56.05970811843872,5.09,-1900041.87
56.06953573226929,5.09,-1928193.25
56.08155846595764,5.09,-1957195.87
56.09401512145996,5.09,-1876576.37
56.10622692108154,5.08,-2017959.62
56.118698596954346,5.09,-1880444.75
56.13071608543396,5.09,-1908003.87
56.143125772476196,5.08,-2000209.0
56.15516781806946,5.09,-1908003.87
56.16779923439026,5.09,-1932281.37
56.17968702316284,5.09,-1904009.37
56.19200277328491,5.09,-1944652.25
56.20427441596985,5.08,-1991457.5
56.21661376953125,5.09,-1892157.37
56.2292685508728,5.09,-1948822.25
56.24081301689148,5.09,-1944652.25
56.25296759605408,5.09,-1932281.37
56.26508355140686,5.08,-1991457.5
56.27719235420227,5.09,-1861254.5
56.2892632484436,5.09,-1974175.5
56.30129957199097,5.09,-1936387.12
56.31078839302063,5.09,-1928193.25
56.32303833961487,5.09,-1936387.12
56.334980487823486,5.09,-1835042.87
56.34698009490967,5.09,-1884329.12
56.359002113342285,5.09,-1940510.75
56.37124538421631,5.09,-1940510.75
56.38349223136902,5.09,-1944652.25
56.39576268196106,5.09,-1876576.37
56.408119916915894,5.08,-1987111.12
56.42034339904785,5.08,-2045188.75
56.43265771865845,5.09,-1940510.75
56.44493770599365,5.08,-2017959.62
56.45726919174194,5.09,-1928193.25
56.46952271461487,5.09,-1953000.0
56.4817111492157,5.08,-2040600.75
56.49390196800232,5.09,-1974175.5
56.5061981678009,5.08,-2049809.62
56.518394470214844,5.09,-1900041.87
56.530664920806885,5.09,-1957195.87
56.5427930355072,5.08,-2031487.37
56.5549693107605,5.09,-1969905.37
56.56368637084961,5.08,-2040600.75
56.57602882385254,5.09,-1861254.5
56.588245153427124,5.09,-1912005.25
56.6005277633667,5.08,-2013494.87
56.61282181739807,5.09,-1957195.87
56.62507724761963,5.09,-1953000.0
56.63736271858215,5.09,-1920059.37
56.649757623672485,5.09,-1965653.87
56.66202688217163,5.09,-1974175.5
56.67506003379822,5.09,-1928193.25
56.687421560287476,5.09,-1932281.37
56.69975447654724,5.09,-1924112.5
56.71212816238403,5.09,-1928193.25
56.7243492603302,5.09,-1974175.5
56.73657202720642,5.09,-1809581.37
56.74872398376465,5.09,-1936387.12
56.76081895828247,5.08,-1978464.75
56.7730348110199,5.09,-1948822.25
56.78516387939453,5.08,-2000209.0
56.79725360870361,5.09,-1876576.37
56.80935764312744,5.09,-1953000.0
56.81900072097778,5.09,-1948822.25
56.831175565719604,5.09,-1861254.5
56.843459367752075,5.08,-1987111.12
56.85555958747864,5.09,-1827696.62
56.868093729019165,5.09,-1888230.0
56.88015413284302,5.09,-1936387.12
56.89257216453552,5.09,-1932281.37
56.9051079750061,5.09,-1965653.87
56.917322635650635,5.09,-1865058.62
56.92953443527222,5.09,-1932281.37
56.94173741340637,5.08,-2004613.87
56.95414161682129,5.09,-1948822.25
56.96639657020569,5.08,-1991457.5
56.97840738296509,5.09,-1884329.12
56.990358114242554,5.09,-1940510.75
57.00274348258972,5.08,-2004613.87
57.01479697227478,5.09,-1936387.12
57.02667284011841,5.08,-2017959.62
57.038938760757446,5.09,-1868878.62
57.051156997680664,5.09,-1928193.25
57.06028079986572,5.08,-2004613.87
57.07259964942932,5.09,-1908003.87
57.085142374038696,5.08,-2004613.87
57.09750032424927,5.09,-1876576.37
57.109867334365845,5.09,-1908003.87
57.1218376159668,5.08,-2004613.87
57.134339332580566,5.09,-1932281.37
57.14663910865784,5.09,-1920059.37
57.158982038497925,5.09,-1896091.25
57.171122789382935,5.09,-1924112.5
57.18339443206787,5.09,-1974175.5
57.195828437805176,5.09,-1940510.75
57.208008766174316,5.09,-1974175.5
57.2199912071228,5.09,-1957195.87
57.23232412338257,5.09,-1957195.87
57.2445125579834,5.08,-2000209.0
57.256510496139526,5.09,-1861254.5
57.26875138282776,5.09,-1957195.87
57.28076529502869,5.09,-1944652.25
57.29293251037598,5.09,-1912005.25
57.30474138259888,5.08,-1987111.12
57.314465045928955,5.09,-1880444.75
57.32680010795593,5.09,-1928193.25
57.3389048576355,5.09,-1928193.25
57.35152268409729,5.09,-1912005.25
57.36406373977661,5.09,-1936387.12
57.37588572502136,5.09,-1842459.0
57.38837003707886,5.09,-1953000.0
57.40053844451904,5.09,-1948822.25
57.41285991668701,5.09,-1936387.12
57.424941062927246,5.08,-1987111.12
57.43707489967346,5.09,-1849926.75
57.449678897857666,5.09,-1932281.37
57.46196746826172,5.08,-1987111.12
57.47379469871521,5.09,-1932281.37
57.48579502105713,5.08,-2013494.87
57.4983651638031,5.09,-1865058.62
57.510157108306885,5.09,-1936387.12
57.52244305610657,5.08,-2009050.12
57.53446006774902,5.09,-1940510.75
57.54649567604065,5.08,-1995823.5
57.55498266220093,5.09,-1888230.0
57.56725597381592,5.09,-1880444.75
57.579516887664795,5.09,-1974175.5
57.591850996017456,5.09,-1920059.37
57.60410690307617,5.08,-2009050.12
57.61677527427673,5.09,-1876576.37
57.62917518615723,5.09,-1940510.75
57.641615867614746,5.08,-1991457.5
57.653759241104126,5.09,-1940510.75
57.66658639907837,5.08,-2022444.62
57.67911338806152,5.09,-1932281.37
57.6912305355072,5.09,-1932281.37
57.70371079444885,5.08,-1991457.5
57.71570014953613,5.09,-1916023.75
57.727861166000366,5.08,-1982772.87
57.73994851112366,5.09,-1916023.75
57.75218319892883,5.09,-1916023.75
57.76404690742493,5.08,-2004613.87
57.776386976242065,5.09,-1888230.0
57.788296699523926,5.09,-1932281.37
57.800538539886475,5.09,-1920059.37
57.81020402908325,5.09,-1928193.25
57.822333097457886,5.08,-2000209.0
57.834561824798584,5.09,-1809581.37
57.846909046173096,5.09,-1900041.87
57.85924816131592,5.09,-1924112.5
57.87169671058655,5.09,-1912005.25
57.883870363235474,5.09,-1944652.25
57.895872831344604,5.09,-1842459.0
57.90841364860535,5.09,-1936387.12
57.920671224594116,5.09,-1974175.5
57.93318581581116,5.09,-1924112.5
57.945093631744385,5.08,-1987111.12
57.957372188568115,5.09,-1857466.12
57.96967387199402,5.09,-1924112.5
57.981618881225586,5.08,-2017959.62
57.993895292282104,5.09,-1936387.12
58.00572156906128,5.08,-1995823.5
58.01812815666199,5.09,-1888230.0
58.03026986122131,5.09,-1957195.87
58.04234576225281,5.08,-1978464.75
58.05180215835571,5.09,-1940510.75
58.06409311294556,5.09,-1961410.25
58.076260805130005,5.09,-1846185.25
58.08867907524109,5.09,-1900041.87
58.10095453262329,5.08,-1978464.75
58.11370849609375,5.09,-1944652.25
58.12522792816162,5.08,-2045188.75
58.13748264312744,5.09,-1876576.37
58.14895796775818,5.09,-1936387.12
58.16122364997864,5.08,-2022444.62
58.173709869384766,5.09,-1904009.37
58.18629837036133,5.08,-2017959.62
58.19896078109741,5.09,-1884329.12
58.2112500667572,5.09,-1932281.37
58.22349810600281,5.08,-2017959.62
58.2355637550354,5.09,-1900041.87
58.247732400894165,5.08,-1991457.5
58.25988817214966,5.09,-1940510.75
58.27185893058777,5.09,-1969905.37
58.28405141830444,5.08,-1995823.5
58.29608631134033,5.09,-1857466.12
58.30571913719177,5.09,-1953000.0
58.31799101829529,5.09,-1908003.87
58.3302001953125,5.09,-1888230.0
58.34250521659851,5.08,-1995823.5
58.35455799102783,5.09,-1857466.12
58.367181062698364,5.09,-1936387.12
58.37950110435486,5.09,-1936387.12
58.39168405532837,5.09,-1936387.12
58.40402126312256,5.08,-2009050.12
58.41624975204468,5.09,-1849926.75
58.428664445877075,5.09,-1957195.87
58.44073939323425,5.09,-1957195.87
58.45315885543823,5.09,-1957195.87
58.465036392211914,5.08,-1987111.12
58.477315187454224,5.09,-1842459.0
58.489319801330566,5.09,-1957195.87
58.50159668922424,5.09,-1961410.25
58.51337265968323,5.09,-1900041.87
58.525906801223755,5.08,-2000209.0
58.53762745857239,5.09,-1857466.12
58.54655742645264,5.09,-1940510.75
58.558465242385864,5.09,-1932281.37
58.57067251205444,5.09,-1888230.0
58.583057165145874,5.09,-1953000.0
58.59540939331055,5.09,-1857466.12
58.60768938064575,5.09,-1953000.0
58.62030053138733,5.08,-1978464.75
58.6327645778656,5.09,-1932281.37
58.64487552642822,5.08,-2092286.12
58.65768003463745,5.09,-1876576.37
58.67026925086975,5.09,-1957195.87
58.68253016471863,5.08,-2049809.62
58.6946382522583,5.09,-1953000.0
58.70662522315979,5.08,-2049809.62
58.71896529197693,5.09,-1928193.25
58.73121166229248,5.09,-1936387.12
58.74344444274902,5.08,-2026961.5
58.755234479904175,5.09,-1908003.87
58.76750349998474,5.08,-2026961.5
58.77954316139221,5.09,-1900041.87
58.789193630218506,5.09,-1948822.25
58.801382064819336,5.09,-1953000.0
58.8136842250824,5.09,-1846185.25
58.82573390007019,5.09,-1868878.62
58.83819031715393,5.09,-1892157.37
58.85036849975586,5.09,-1884329.12
58.862754821777344,5.09,-1961410.25
58.87487053871155,5.09,-1872724.5
58.88728976249695,5.09,-1928193.25
58.89970397949219,5.09,-1924112.5
58.911916971206665,5.09,-1928193.25
58.92408299446106,5.08,-1991457.5
58.936418771743774,5.09,-1853693.5
58.94865298271179,5.09,-1940510.75
58.96076035499573,5.08,-1987111.12
58.972657680511475,5.09,-1940510.75
58.98499393463135,5.08,-2013494.87
58.996782541275024,5.09,-1861254.5
59.00895309448242,5.09,-1948822.25
59.020986557006836,5.09,-1969905.37
59.03305459022522,5.09,-1940510.75
59.04257082939148,5.08,-1987111.12
59.05488705635071,5.09,-1820410.0
59.067131757736206,5.09,-1896091.25
59.0793399810791,5.09,-1969905.37
59.09168314933777,5.09,-1920059.37
59.103615045547485,5.08,-1995823.5
59.1156792640686,5.09,-1861254.5
59.127973794937134,5.09,-1948822.25
59.1403386592865,5.08,-1991457.5
59.15269351005554,5.09,-1965653.87
59.16495227813721,5.08,-2013494.87
59.177502393722534,5.09,-1861254.5
59.18942046165466,5.09,-1928193.25
59.20243287086487,5.08,-2004613.87
59.214266538619995,5.09,-1932281.37
59.22668480873108,5.08,-2049809.62
59.23861265182495,5.09,-1900041.87
59.25070357322693,5.09,-1953000.0
59.26297879219055,5.08,-2017959.62
59.27512454986572,5.09,-1940510.75
59.284438371658325,5.08,-2068471.12
59.29680252075195,5.09,-1849926.75
59.30906844139099,5.09,-1853693.5
59.32159352302551,5.08,-1991457.5
59.3338828086853,5.09,-1892157.37
59.346027851104736,5.09,-1916023.75
59.358227014541626,5.09,-1912005.25
59.3706419467926,5.09,-1948822.25
59.38299202919006,5.08,-1982772.87
59.39491581916809,5.09,-1892157.37
59.407219886779785,5.09,-1961410.25
59.419808864593506,5.09,-1961410.25
59.431973695755005,5.09,-1948822.25
59.445364475250244,5.08,-2017959.62
59.45612406730652,5.09,-1872724.5
59.46844530105591,5.09,-1953000.0
59.48053550720215,5.09,-1936387.12
59.492815017700195,5.09,-1932281.37
59.5044949054718,5.08,-2009050.12
59.516910791397095,5.09,-1846185.25
59.528913736343384,5.09,-1961410.25
59.53830146789551,5.09,-1961410.25
59.55050849914551,5.09,-1888230.0
59.56200337409973,5.08,-1991457.5
59.57418465614319,5.09,-1838748.12
59.58645987510681,5.09,-1908003.87
59.59888005256653,5.08,-1982772.87
59.61109471321106,5.09,-1948822.25
59.62355589866638,5.08,-2031487.37
59.63611459732056,5.09,-1846185.25
59.64853382110596,5.09,-1948822.25
59.66104817390442,5.08,-2026961.5
59.67360281944275,5.09,-1936387.12
59.685874462127686,5.08,-2017959.62
59.698134422302246,5.09,-1872724.5
59.71017146110535,5.09,-1936387.12
59.72240424156189,5.08,-2026961.5
59.734320640563965,5.09,-1953000.0
59.74641418457031,5.08,-2017959.62
59.758546352386475,5.09,-1948822.25
59.77074980735779,5.09,-1944652.25
59.78008198738098,5.08,-2036033.62
59.79237961769104,5.09,-1865058.62
59.80494785308838,5.08,-2000209.0
59.81694746017456,5.09,-1888230.0
59.82937979698181,5.09,-1888230.0
59.8415584564209,5.08,-2017959.62
59.85400366783142,5.09,-1932281.37
59.86630821228027,5.09,-1953000.0
59.87842059135437,5.09,-1900041.87
59.89049935340881,5.09,-1944652.25
59.903175354003906,5.08,-2026961.5
59.915122509002686,5.09,-1904009.37
59.927592515945435,5.09,-1961410.25
59.939836263656616,5.09,-1957195.87
59.95187735557556,5.09,-1940510.75
59.96402335166931,5.08,-2004613.87
59.975956201553345,5.09,-1846185.25
59.98814272880554,5.09,-1953000.0
60.00030517578125,5.09,-1940510.75
60.012401819229126,5.09,-1936387.12
60.02194571495056,5.08,-2026961.5
60.03429126739502,5.09,-1806003.87
60.046175956726074,5.09,-1916023.75
60.05869174003601,5.09,-1908003.87
60.07108545303345,5.09,-1884329.12
60.083274602890015,5.08,-1991457.5
60.095648527145386,5.09,-1853693.5
60.107731342315674,5.09,-1944652.25
60.120189905166626,5.09,-1944652.25
60.13247728347778,5.09,-1940510.75
60.1448130607605,5.08,-1978464.75
60.15680480003357,5.09,-1853693.5
60.16927742958069,5.09,-1953000.0
60.18130564689636,5.08,-1995823.5
60.193443775177,5.09,-1944652.25
60.20551061630249,5.08,-2004613.87
60.21773362159729,5.09,-1872724.5
60.2298059463501,5.09,-1940510.75
60.242043256759644,5.08,-2031487.37
60.254262924194336,5.09,-1916023.75
60.263512134552,5.08,-2026961.5
60.27573490142822,5.09,-1835042.87
60.28804588317871,5.09,-1940510.75
60.300467014312744,5.09,-1969905.37
60.31270503997803,5.09,-1953000.0
60.3249077796936,5.08,-2040600.75
60.33718991279602,5.09,-1900041.87
60.349430561065674,5.09,-1953000.0
60.361867904663086,5.08,-2040600.75
60.37390184402466,5.09,-1953000.0
60.38614249229431,5.09,-1969905.37
60.39862823486328,5.09,-1900041.87
60.4109582901001,5.09,-1944652.25
60.42329978942871,5.08,-2017959.62
60.43523406982422,5.09,-1932281.37
60.44705367088318,5.08,-1978464.75
60.4593551158905,5.09,-1957195.87
60.471630811691284,5.09,-1940510.75
60.48370862007141,5.08,-2009050.12
60.49574065208435,5.09,-1849926.75
60.50758719444275,5.09,-1932281.37
60.517316579818726,5.09,-1948822.25
60.52947640419006,5.09,-1928193.25
60.54165315628052,5.09,-1974175.5
60.55399131774902,5.09,-1816779.75
60.565415143966675,5.09,-1957195.87
60.57769322395325,5.09,-1974175.5
60.589916944503784,5.09,-1953000.0
60.602275371551514,5.08,-2013494.87
60.61458730697632,5.09,-1857466.12
60.6272554397583,5.09,-1932281.37
60.63962459564209,5.09,-1953000.0
60.65197539329529,5.09,-1948822.25
60.664576292037964,5.08,-2073187.5
60.67684721946716,5.09,-1865058.62
60.689021825790405,5.09,-1944652.25
60.70111918449402,5.08,-2009050.12
60.71326947212219,5.09,-1932281.37
60.72534489631653,5.08,-1987111.12
60.73762512207031,5.09,-1900041.87
60.749616861343384,5.09,-1944652.25
60.75907039642334,5.08,-2026961.5
60.771374225616455,5.09,-1876576.37
60.78375434875488,5.08,-1982772.87
60.795676946640015,5.09,-1849926.75
60.80800795555115,5.09,-1892157.37
60.82060980796814,5.08,-2045188.75
60.83282828330994,5.09,-1953000.0
60.84517955780029,5.08,-2004613.87
60.85720133781433,5.09,-1888230.0
60.869709491729736,5.09,-1936387.12
60.882014751434326,5.08,-2031487.37
60.89423966407776,5.09,-1961410.25
60.90653324127197,5.08,-2000209.0
60.91864728927612,5.09,-1896091.25
60.93072295188904,5.09,-1953000.0
60.9428436756134,5.08,-2040600.75
60.954737424850464,5.09,-1940510.75
60.96704030036926,5.08,-1987111.12
60.97923469543457,5.09,-1965653.87
60.99139404296875,5.09,-1953000.0
61.00079393386841,5.08,-2031487.37
61.01307797431946,5.09,-1827696.62
61.024999380111694,5.09,-1944652.25
61.03759145736694,5.09,-1908003.87
61.04996180534363,5.09,-1896091.25
61.0622284412384,5.08,-2000209.0
61.074315786361694,5.09,-1838748.12
61.08664417266846,5.09,-1940510.75
61.09912467002869,5.09,-1957195.87
61.11131191253662,5.09,-1953000.0
61.12380051612854,5.08,-2022444.62
61.13563323020935,5.09,-1849926.75
61.14805459976196,5.09,-1940510.75
61.16029763221741,5.09,-1953000.0
61.17151665687561,5.09,-1974175.5
61.18385362625122,5.08,-2004613.87
61.19624185562134,5.09,-1846185.25
61.208107471466064,5.09,-1948822.25
61.22066783905029,5.08,-1991457.5
61.23295736312866,5.09,-1965653.87
61.241629123687744,5.08,-2004613.87
61.25429821014404,5.09,-1838748.12
61.266424894332886,5.09,-1924112.5
61.27892208099365,5.09,-1953000.0
61.29131627082825,5.09,-1872724.5
61.30378246307373,5.08,-2004613.87
61.31622290611267,5.09,-1904009.37
61.328338861465454,5.09,-1928193.25
61.34079575538635,5.08,-2013494.87
61.35302472114563,5.09,-1965653.87
61.36537718772888,5.08,-2059091.37
61.37758541107178,5.09,-1868878.62
61.38991856575012,5.09,-1953000.0
61.40207099914551,5.08,-2009050.12
61.414148807525635,5.09,-1944652.25
61.426138401031494,5.08,-2004613.87
61.43835496902466,5.09,-1896091.25
61.45045447349548,5.09,-1936387.12
61.46261215209961,5.08,-2063764.5
61.474804639816284,5.09,-1940510.75
61.4867148399353,5.08,-2000209.0
61.49609184265137,5.09,-1924112.5
61.5083110332489,5.09,-1912005.25
61.52055597305298,5.09,-1969905.37
61.53284811973572,5.09,-1827696.62
61.54549765586853,5.08,-1991457.5
61.55759024620056,5.09,-1932281.37
61.568947553634644,5.09,-1900041.87
61.58115291595459,5.08,-2026961.5
61.59338927268982,5.09,-1861254.5
61.60574007034302,5.08,-1991457.5
61.6180465221405,5.09,-1940510.75
61.63060235977173,5.09,-1940510.75
61.642919301986694,5.08,-2009050.12
61.65513801574707,5.09,-1849926.75
61.66722297668457,5.08,-1991457.5
61.67988586425781,5.09,-1953000.0
61.69219636917114,5.09,-1932281.37
61.7042875289917,5.08,-2040600.75
61.71644949913025,5.09,-1846185.25
61.72853970527649,5.09,-1948822.25
61.737914085388184,5.08,-2009050.12
61.75039792060852,5.09,-1908003.87
61.76261806488037,5.09,-1961410.25
61.77482843399048,5.09,-1853693.5
61.787041425704956,5.09,-1928193.25
61.799421548843384,5.08,-2009050.12
61.81163430213928,5.09,-1924112.5
61.82417607307434,5.08,-2009050.12
61.83603501319885,5.09,-1880444.75
61.84854555130005,5.09,-1969905.37
61.86084747314453,5.08,-2004613.87
61.873172760009766,5.08,-1991457.5
61.88537859916687,5.08,-2106837.0
61.89746832847595,5.09,-1872724.5
61.90962767601013,5.09,-1948822.25
61.92171931266785,5.08,-2036033.62
61.933979511260986,5.09,-1953000.0
61.945767879486084,5.08,-2040600.75
61.95805764198303,5.09,-1892157.37
61.97016644477844,5.09,-1944652.25
61.979671478271484,5.08,-1987111.12
61.99170255661011,5.09,-1904009.37
62.00424575805664,5.09,-1969905.37
62.016414165496826,5.09,-1884329.12
62.02877926826477,5.09,-1953000.0
62.04114079475403,5.08,-2009050.12
62.053366899490356,5.09,-1857466.12
62.06536054611206,5.08,-2009050.12
62.07796597480774,5.09,-1940510.75
62.090309858322144,5.09,-1957195.87
62.102612018585205,5.08,-2036033.62
62.114845991134644,5.09,-1853693.5
62.12708497047424,5.09,-1969905.37
62.13944339752197,5.09,-1953000.0
62.15130281448364,5.09,-1944652.25
62.163477420806885,5.08,-2009050.12
62.175554513931274,5.09,-1842459.0
62.18777251243591,5.08,-1991457.5
62.199806451797485,5.08,-1978464.75
62.211984157562256,5.09,-1957195.87
62.22384309768677,5.08,-2017959.62
62.233612060546875,5.09,-1827696.62
62.24561023712158,5.09,-1944652.25
62.25796413421631,5.09,-1928193.25
62.2704381942749,5.09,-1916023.75
62.28279089927673,5.08,-2000209.0
62.295018672943115,5.09,-1835042.87
62.307299852371216,5.09,-1953000.0
62.31959247589111,5.08,-1987111.12
62.331974029541016,5.09,-1961410.25
62.34417939186096,5.08,-2054439.87
62.35634136199951,5.09,-1857466.12
62.368741035461426,5.09,-1928193.25
62.381057024002075,5.08,-2022444.62
62.39299130439758,5.09,-1957195.87
62.40502190589905,5.08,-2087468.87
62.41728734970093,5.09,-1880444.75
62.429611682891846,5.09,-1953000.0
62.44139337539673,5.08,-2054439.87
62.453819274902344,5.09,-1961410.25
62.46559119224548,5.08,-2087468.87
62.4750337600708,5.09,-1932281.37
62.487502336502075,5.09,-1957195.87
62.4995493888855,5.08,-1987111.12
62.51089382171631,5.09,-1835042.87
62.523961305618286,5.08,-2036033.62
62.536083459854126,5.09,-1884329.12
62.548704624176025,5.09,-1948822.25
62.56123661994934,5.08,-2031487.37
62.57326340675354,5.09,-1884329.12
62.584678649902344,5.08,-2040600.75
62.59696364402771,5.09,-1936387.12
62.60914754867554,5.09,-1944652.25
62.621543407440186,5.08,-2036033.62
62.63377070426941,5.09,-1846185.25
62.64621710777283,5.09,-1948822.25
62.658539056777954,5.09,-1944652.25
62.670992612838745,5.09,-1944652.25
62.68328642845154,5.08,-2036033.62
62.6954345703125,5.09,-1842459.0
62.707515001297,5.09,-1961410.25
62.71970558166504,5.09,-1969905.37
62.72909212112427,5.09,-1953000.0
62.74151396751404,5.09,-1969905.37
62.75380206108093,5.09,-1820410.0
62.765875816345215,5.09,-1953000.0
62.778239727020264,5.09,-1969905.37
62.790653467178345,5.09,-1908003.87
62.80296349525452,5.08,-2026961.5
62.81519532203674,5.09,-1849926.75
62.82727360725403,5.09,-1961410.25
62.83962917327881,5.08,-2009050.12
62.85205554962158,5.09,-1953000.0
62.86438488960266,5.08,-2040600.75
62.876269578933716,5.09,-1861254.5
62.88859748840332,5.09,-1944652.25
62.90070724487305,5.08,-1987111.12
62.91302537918091,5.09,-1957195.87
62.924885511398315,5.08,-2045188.75
62.937187910079956,5.09,-1884329.12
62.94926714897156,5.09,-1969905.37
62.961442708969116,5.08,-2073187.5
62.970869302749634,5.09,-1948822.25
62.98317074775696,5.08,-2031487.37
62.99545216560364,5.09,-1861254.5
63.00763940811157,5.09,-1932281.37
63.02001404762268,5.08,-2031487.37
63.03201866149902,5.09,-1892157.37
63.04451084136963,5.08,-2087468.87
63.05672836303711,5.09,-1916023.75
63.06906509399414,5.09,-1961410.25
63.08147859573364,5.08,-2059091.37
63.0935959815979,5.09,-1904009.37
63.1059992313385,5.09,-1969905.37
63.11832880973816,5.09,-1916023.75
63.13051223754883,5.09,-1969905.37
63.14251518249512,5.08,-2022444.62
63.15485620498657,5.09,-1880444.75
63.16683602333069,5.09,-1969905.37
63.17903161048889,5.09,-1957195.87
63.19092631340027,5.09,-1957195.87
63.20321464538574,5.08,-2031487.37
63.215227127075195,5.09,-1872724.5
63.22498416900635,5.09,-1957195.87
63.23688817024231,5.09,-1912005.25
63.2492618560791,5.09,-1924112.5
63.26160502433777,5.08,-2009050.12
63.27395677566528,5.09,-1827696.62
63.28599429130554,5.09,-1969905.37
63.298401832580566,5.08,-1982772.87
63.310789585113525,5.09,-1936387.12
63.32310771942139,5.08,-2022444.62
63.33550405502319,5.09,-1876576.37
63.34752583503723,5.09,-1974175.5
63.359867095947266,5.09,-1969905.37
63.372267961502075,5.09,-1957195.87
63.3845431804657,5.08,-2059091.37
63.39630627632141,5.09,-1865058.62
63.40849471092224,5.09,-1965653.87
63.42083168029785,5.08,-2054439.87
63.43305420875549,5.09,-1969905.37
63.44505834579468,5.08,-2087468.87
63.45740628242493,5.09,-1912005.25
63.469077825546265,5.09,-1957195.87
63.4784996509552,5.08,-2063764.5
63.49065017700195,5.09,-1896091.25
63.50332522392273,5.08,-2059091.37
63.51537370681763,5.09,-1868878.62
63.52759313583374,5.09,-1932281.37
63.54028606414795,5.08,-2054439.87
63.552470207214355,5.09,-1932281.37
63.56486701965332,5.09,-1936387.12
63.576688051223755,5.09,-1916023.75
63.58812499046326,5.09,-1974175.5
63.60038089752197,5.08,-2045188.75
63.6127073764801,5.09,-1936387.12
63.62490892410278,5.09,-1961410.25
63.63720369338989,5.09,-1965653.87
63.64980149269104,5.09,-1953000.0
63.66203188896179,5.08,-2040600.75
63.67440414428711,5.09,-1904009.37
63.686686754226685,5.09,-1961410.25
63.69902324676514,5.08,-1991457.5
63.71112012863159,5.09,-1969905.37
63.723188400268555,5.08,-2022444.62
63.73268914222717,5.09,-1820410.0
63.74486422538757,5.09,-1936387.12
63.757227182388306,5.09,-1924112.5
63.76958918571472,5.09,-1884329.12
63.78180265426636,5.08,-2022444.62
63.794005393981934,5.09,-1846185.25
63.80614495277405,5.09,-1969905.37
63.818692684173584,5.09,-1961410.25
63.83106708526611,5.09,-1961410.25
63.842979192733765,5.08,-2031487.37
63.85553169250488,5.09,-1838748.12
63.86781358718872,5.09,-1953000.0
63.88011717796326,5.08,-2026961.5
63.891992807388306,5.09,-1961410.25
63.90436816215515,5.08,-2036033.62
63.91622042655945,5.09,-1880444.75
63.928515911102295,5.09,-1948822.25
63.940807819366455,5.08,-2045188.75
63.9528124332428,5.09,-1928193.25
63.96478033065796,5.08,-2068471.12
63.977049827575684,5.09,-1892157.37
63.98644495010376,5.09,-1916023.75
63.99881625175476,5.08,-2004613.87
64.01116752624512,5.09,-1928193.25
64.02343726158142,5.08,-2073187.5
64.03559041023254,5.09,-1896091.25
64.04790329933167,5.09,-1932281.37
64.06016135215759,5.08,-2045188.75
64.07272171974182,5.09,-1969905.37
64.08501553535461,5.08,-1995823.5
64.09701681137085,5.09,-1892157.37
64.1092209815979,5.08,-1982772.87
64.12173318862915,5.08,-2054439.87
64.1341118812561,5.09,-1932281.37
64.14517593383789,5.0,330148384.0
64.15730905532837,5.09,-1924112.5
64.16950106620789,5.09,-1936387.12
64.18175411224365,5.08,-2182829.5
64.19397497177124,5.1,-1655619.37
64.20622324943542,5.08,-2004613.87
64.21869134902954,5.09,-1957195.87
64.23084616661072,5.09,-1961410.25
64.23977661132812,5.08,-2172382.0
64.25234508514404,5.11,-1595128.0
64.26490116119385,5.09,-1900041.87
64.27726340293884,5.09,-1940510.75
64.28963971138,5.09,-1920059.37
64.30195879936218,5.08,-2087468.87
64.31427431106567,5.1,-1637859.0
64.32635855674744,5.09,-1944652.25
64.33854675292969,5.09,-1940510.75
64.35113191604614,5.09,-1928193.25
64.36350107192993,5.08,-2162036.0
64.37572193145752,5.1,-1646690.37
64.3876645565033,5.09,-1948822.25
64.39993143081665,5.08,-2188104.75
64.41206574440002,5.09,-1944652.25
64.42425990104675,5.08,-2172382.0
64.43621635437012,5.1,-1701773.0
64.44835591316223,5.09,-1944652.25
64.46060371398926,5.08,-2204046.5
64.46992707252502,5.09,-1953000.0
64.4821252822876,5.08,-2162036.0
64.49434900283813,5.1,-1695471.12
64.50646138191223,5.09,-1868878.62
64.51893305778503,5.08,-2177593.0
64.53136563301086,5.09,-1916023.75
64.5433578491211,5.07,-2247762.75
64.55600023269653,5.1,-1737321.37
64.5678927898407,5.09,-1948822.25
64.57951545715332,5.08,-2220239.75
64.59159088134766,5.09,-1932281.37
64.60383915901184,5.08,-2167196.5
64.61620092391968,5.09,-1770988.75
64.62839198112488,5.09,-1957195.87
64.64064288139343,5.08,-2156887.25
64.653235912323,5.09,-1936387.12
64.6651394367218,5.08,-2097113.75
64.67759823799133,5.09,-1892157.37
64.68985223770142,5.09,-1924112.5
64.70217990875244,5.08,-2177593.0
64.71140694618225,5.1,-1643738.37
64.7239191532135,5.09,-1961410.25
64.73643207550049,5.09,-1835042.87
64.74837851524353,5.09,-1857466.12
64.76057028770447,5.08,-2146690.25
64.7729856967926,5.1,-1634939.25
64.78527736663818,5.09,-1912005.25
64.79774284362793,5.09,-1920059.37
64.80965447425842,5.08,-2000209.0
64.82218384742737,5.08,-2036033.62
64.83441734313965,5.09,-1835042.87
64.84687495231628,5.08,-1978464.75
64.85902190208435,5.09,-1969905.37
64.87109732627869,5.09,-1965653.87
64.88345265388489,5.08,-2031487.37
64.89542412757874,5.09,-1842459.0
64.90756058692932,5.08,-1978464.75
64.91972613334656,5.08,-1991457.5
64.93175101280212,5.09,-1957195.87
64.94385886192322,5.08,-2040600.75
64.9558424949646,5.09,-1868878.62
64.96559524536133,5.09,-1961410.25
64.97765398025513,5.09,-1974175.5
64.99004340171814,5.09,-1884329.12
65.00233340263367,5.08,-2022444.62
65.01467251777649,5.09,-1865058.62
65.02672910690308,5.09,-1912005.25
65.0390977859497,5.08,-2073187.5
65.05152249336243,5.09,-1974175.5
65.06382036209106,5.08,-2198706.5
65.0761399269104,5.1,-1727481.62
65.08821368217468,5.09,-1961410.25
65.10063481330872,5.08,-2188104.75
65.1128454208374,5.09,-1936387.12
65.12509226799011,5.07,-2242205.75
65.13705277442932,5.09,-1896091.25
65.14920568466187,5.09,-1953000.0
65.16138911247253,5.08,-2172382.0
65.1734504699707,5.09,-1936387.12
65.18565011024475,5.08,-2151776.5
65.19764423370361,5.09,-1900041.87
65.20691418647766,5.09,-1948822.25
65.21933889389038,5.08,-2106837.0
65.23168277740479,5.11,-1586857.5
65.24381375312805,5.08,-2045188.75
65.25638890266418,5.09,-1880444.75
65.26845741271973,5.09,-1892157.37
65.28088927268982,5.08,-2188104.75
65.29296159744263,5.1,-1649653.37
65.30543279647827,5.09,-1957195.87
65.31768679618835,5.09,-1904009.37
65.32991361618042,5.09,-1924112.5
65.34253644943237,5.08,-2182829.5
65.35464191436768,5.1,-1611950.12
65.36682224273682,5.09,-1953000.0
65.37888431549072,5.08,-2017959.62
65.39093613624573,5.09,-1953000.0
65.4031310081482,5.08,-2131563.75
65.41522741317749,5.1,-1617633.5
65.42724680900574,5.09,-1936387.12
65.43938636779785,5.08,-2131563.75
65.44872093200684,5.09,-1924112.5
65.46097159385681,5.08,-2068471.12
65.47334003448486,5.1,-1655619.37
65.48571991920471,5.09,-1924112.5
65.4977970123291,5.08,-2073187.5
65.50991678237915,5.09,-1876576.37
65.52261281013489,5.08,-2151776.5
65.53483271598816,5.1,-1720976.37
65.54688477516174,5.09,-1928193.25
65.5591561794281,5.08,-2126574.0
65.57134914398193,5.09,-1912005.25
65.58280515670776,5.07,-2435185.75
65.59505844116211,5.1,-1717746.5
65.6072199344635,5.08,-1987111.12
65.6195023059845,5.08,-2209426.75
65.63177347183228,5.09,-1932281.37
65.64418768882751,5.07,-2275987.0
65.65626788139343,5.1,-1701773.0
65.66872644424438,5.09,-1932281.37
65.68102645874023,5.08,-2156887.25
65.6902015209198,5.09,-1924112.5
65.70265030860901,5.08,-2136590.5
65.71502494812012,5.09,-1784820.5
65.72707033157349,5.09,-1912005.25
65.73950004577637,5.08,-2141628.0
65.75189733505249,5.1,-1652634.62
65.76417946815491,5.08,-2172382.0
65.77643084526062,5.09,-1904009.37
65.7886598110199,5.09,-1916023.75
65.80099582672119,5.08,-2177593.0
65.81327843666077,5.1,-1640797.0
65.8258285522461,5.08,-2073187.5
65.83756995201111,5.09,-1892157.37
65.84992694854736,5.09,-1912005.25
65.86192417144775,5.08,-2151776.5
65.87420082092285,5.1,-1626243.0
65.88638043403625,5.09,-1948822.25
65.89837861061096,5.09,-1928193.25
65.9104552268982,5.09,-1953000.0
65.92245674133301,5.08,-2214819.75
65.93220615386963,5.1,-1609116.62
65.94422388076782,5.09,-1904009.37
65.95677137374878,5.08,-1987111.12
65.96885657310486,5.09,-1892157.37
65.98124361038208,5.08,-2188104.75
65.9933295249939,5.1,-1643738.37
66.00591969490051,5.09,-1940510.75
66.01802206039429,5.08,-2045188.75
66.03033447265625,5.09,-1908003.87
66.04280591011047,5.08,-2156887.25
66.05495572090149,5.1,-1734028.75
66.0672836303711,5.09,-1936387.12
66.07958221435547,5.08,-2092286.12
66.09164524078369,5.09,-1944652.25
66.10378170013428,5.08,-2156887.25
66.11600947380066,5.1,-1724226.87
66.12798976898193,5.09,-1961410.25
66.14018869400024,5.08,-2106837.0
66.152184009552,5.09,-1920059.37
66.16439771652222,5.07,-2390137.25
66.17384028434753,5.1,-1711323.75
66.18612146377563,5.09,-1880444.75
66.19808840751648,5.08,-2131563.75
66.21037292480469,5.09,-1900041.87
66.22298240661621,5.08,-2231160.75
66.23518323898315,5.09,-1802431.75
66.2472755908966,5.09,-1924112.5
66.2598192691803,5.08,-2182829.5
66.27204728126526,5.1,-1711323.75
66.28434634208679,5.08,-2198706.5
66.29663038253784,5.09,-1857466.12
66.30866169929504,5.09,-1912005.25
66.32122087478638,5.08,-2172382.0
66.33333659172058,5.1,-1667677.0
66.34535026550293,5.08,-2136590.5
66.35750198364258,5.09,-1876576.37
66.36973142623901,5.09,-1908003.87
66.38190174102783,5.08,-2167196.5
66.39381217956543,5.1,-1643738.37
66.40608263015747,5.09,-1920059.37
66.418048620224,5.09,-1904009.37
66.42743706703186,5.09,-1936387.12
66.43972086906433,5.08,-2111733.0
66.45199298858643,5.1,-1617633.5
66.46462392807007,5.09,-1908003.87
66.47816324234009,5.09,-1944652.25
66.48902797698975,5.09,-1916023.75
66.50149631500244,5.08,-2182829.5
66.51269888877869,5.1,-1649653.37
66.525554895401,5.09,-1936387.12
66.53773236274719,5.09,-1974175.5
66.55017113685608,5.09,-1974175.5
66.5627658367157,5.08,-2156887.25
66.57475686073303,5.1,-1649653.37
66.58608269691467,5.09,-1965653.87
66.59829497337341,5.08,-2054439.87
66.61051058769226,5.09,-1912005.25
66.62280654907227,5.08,-2116665.0
66.63499402999878,5.1,-1689208.87
66.64741134643555,5.09,-1940510.75
66.65960931777954,5.08,-2082686.25
66.66856694221497,5.09,-1928193.25
66.68113803863525,5.07,-2383843.75
66.69322729110718,5.1,-1683001.62
66.70639276504517,5.09,-1904009.37
66.71842098236084,5.08,-2167196.5
66.73069834709167,5.09,-1940510.75
66.74324798583984,5.07,-2371357.0
66.75545811653137,5.09,-1791828.12
66.76752042770386,5.09,-1920059.37
66.77990412712097,5.08,-2214819.75
66.792227268219,5.1,-1760748.87
66.804518699646,5.06,-2618691.0
66.81678414344788,5.1,-1757365.12
66.82869625091553,5.09,-1908003.87
66.84089016914368,5.07,-2340698.0
66.85305452346802,5.1,-1649653.37
66.86506724357605,5.07,-2461707.25
66.87722849845886,5.09,-1795348.5
66.88940000534058,5.09,-1928193.25
66.90145373344421,5.07,-2346762.25
66.9107723236084,5.11,-1567882.75
66.92331504821777,5.09,-1916023.75
66.93554711341858,5.09,-1816779.75
66.94763684272766,5.09,-1884329.12
66.9601936340332,5.07,-2270287.5
66.97244572639465,5.11,-1516147.12
66.98477578163147,5.08,-1991457.5
66.99704504013062,5.09,-1944652.25
67.00924777984619,5.09,-1908003.87
67.02161955833435,5.07,-2293275.5
67.03391981124878,5.11,-1538991.25
67.04601430892944,5.09,-1969905.37
67.05858373641968,5.09,-1974175.5
67.07029700279236,5.09,-1904009.37
67.0827043056488,5.07,-2316740.75
67.09467124938965,5.11,-1554613.25
67.10690450668335,5.09,-1974175.5
67.11904501914978,5.08,-2059091.37
67.13118386268616,5.09,-1912005.25
67.14308047294617,5.06,-2633986.75
67.1553270816803,5.11,-1523680.0
67.16491723060608,5.09,-1953000.0
67.17723751068115,5.08,-2082686.25
67.18940210342407,5.09,-1916023.75
67.20173859596252,5.07,-2559320.25
67.21412920951843,5.11,-1565211.62
67.2264404296875,5.09,-1940510.75
67.23854637145996,5.07,-2409237.5
67.25108695030212,5.09,-1912005.25
67.2631356716156,5.06,-2823700.25
67.27543759346008,5.1,-1717746.5
67.28783297538757,5.09,-1957195.87
67.30010151863098,5.07,-2455009.5
67.31194305419922,5.09,-1774426.12
67.3243317604065,5.06,-2814883.0
67.3364326953888,5.1,-1757365.12
67.34851813316345,5.09,-1928193.25
67.36050033569336,5.07,-2377583.75
67.37279534339905,5.1,-1734028.75
67.38498616218567,5.08,-2009050.12
67.39703822135925,5.1,-1734028.75
67.40650987625122,5.09,-1940510.75
67.41885042190552,5.07,-2328649.0
67.4311306476593,5.1,-1640797.0
67.44343709945679,5.09,-1965653.87
67.45565390586853,5.09,-1781341.87
67.4680061340332,5.09,-1936387.12
67.48023772239685,5.07,-2334650.0
67.4924054145813,5.11,-1575958.75
67.50478172302246,5.08,-1991457.5
67.51689577102661,5.09,-1965653.87
67.52912020683289,5.09,-1916023.75
67.54139947891235,5.07,-2310817.5
67.55383539199829,5.11,-1531296.5
67.56602787971497,5.08,-1987111.12
67.57787847518921,5.09,-1965653.87
67.5894570350647,5.09,-1928193.25
67.60170125961304,5.07,-2334650.0
67.61385345458984,5.11,-1544160.5
67.6260507106781,5.09,-1974175.5
67.63836479187012,5.08,-1991457.5
67.6473491191864,5.09,-1928193.25
67.65979361534119,5.07,-2281715.5
67.6718499660492,5.11,-1521160.62
67.68437623977661,5.09,-1904009.37
67.69699740409851,5.08,-2045188.75
67.70953512191772,5.09,-1924112.5
67.7220983505249,5.07,-2552074.0
67.73412609100342,5.11,-1528751.25
67.74644613265991,5.09,-1957195.87
67.7588300704956,5.07,-2409237.5
67.77125883102417,5.09,-1912005.25
67.78308844566345,5.06,-2641693.0
67.79541110992432,5.1,-1689208.87
67.8078031539917,5.09,-1944652.25
67.81974267959595,5.07,-2448365.5
67.8320631980896,5.09,-1904009.37
67.84381556510925,5.06,-2859558.25
67.85614252090454,5.1,-1661622.12
67.86830639839172,5.09,-1965653.87
67.88037061691284,5.07,-2461707.25
67.88992667198181,5.09,-1838748.12
67.90217208862305,5.06,-2814883.0
67.91436672210693,5.1,-1698616.12
67.92676973342896,5.09,-1944652.25
67.93913578987122,5.07,-2481973.0
67.95140409469604,5.1,-1757365.12
67.9633629322052,5.08,-2022444.62
67.97582006454468,5.1,-1757365.12
67.988201379776,5.09,-1940510.75
68.00053262710571,5.07,-2377583.75
68.01268815994263,5.1,-1708122.62
68.02494192123413,5.08,-2045188.75
68.03724956512451,5.09,-1965653.87
68.04950714111328,5.09,-1948822.25
68.06129193305969,5.07,-2383843.75
68.07344317436218,5.11,-1546758.5
68.08572602272034,5.08,-2022444.62
68.09792566299438,5.08,-2004613.87
68.10994505882263,5.09,-1920059.37
68.12190771102905,5.07,-2346762.25
68.13178777694702,5.11,-1541571.5
68.14374542236328,5.09,-1940510.75
68.15609574317932,5.09,-1944652.25
68.16847014427185,5.09,-1912005.25
68.1806538105011,5.07,-2328649.0
68.19306898117065,5.11,-1546758.5
68.20519280433655,5.08,-1982772.87
68.2174608707428,5.08,-2000209.0
68.2297523021698,5.09,-1965653.87
68.24223732948303,5.06,-2588670.25
68.25448894500732,5.11,-1570562.87
68.2664086818695,5.08,-1982772.87
68.27895498275757,5.07,-2552074.0
68.29115700721741,5.09,-1957195.87
68.3030457496643,5.06,-2665108.0
68.31518507003784,5.1,-1727481.62
68.3272294998169,5.08,-1995823.5
68.33952784538269,5.07,-2566589.75
68.35153102874756,5.09,-1948822.25
68.36367201805115,5.06,-2680939.5
68.37319827079773,5.1,-1714529.0
68.38537907600403,5.09,-1957195.87
68.39774441719055,5.07,-2455009.5
68.41010665893555,5.09,-1900041.87
68.42243075370789,5.06,-2814883.0
68.43451595306396,5.1,-1724226.87
68.44687080383301,5.09,-1944652.25
68.45921969413757,5.07,-2488821.0
68.47149658203125,5.09,-1888230.0
68.48498106002808,5.08,-2031487.37
68.49594950675964,5.1,-1734028.75
68.50846099853516,5.08,-1995823.5
68.52021908760071,5.07,-2402841.75
68.53193211555481,5.09,-1795348.5
68.5441153049469,5.08,-2031487.37
68.55675625801086,5.08,-2000209.0
68.56895089149475,5.09,-1961410.25
68.58081245422363,5.07,-2390137.25
68.59271001815796,5.1,-1727481.62
68.60488748550415,5.08,-2073187.5
68.61363339424133,5.09,-1961410.25
68.62598848342896,5.09,-1953000.0
68.63825488090515,5.07,-2365147.75
68.65096831321716,5.11,-1513653.0
68.6631212234497,5.08,-2031487.37
68.67542028427124,5.09,-1953000.0
68.68781852722168,5.09,-1908003.87
68.7002432346344,5.07,-2371357.0
68.71259117126465,5.11,-1538991.25
68.7253966331482,5.08,-2022444.62
68.73773717880249,5.08,-2009050.12
68.75004768371582,5.09,-1961410.25
68.76201820373535,5.07,-2409237.5
68.77415609359741,5.11,-1565211.62
68.78652596473694,5.08,-2036033.62
68.79872274398804,5.07,-2409237.5
68.81058859825134,5.09,-1969905.37
68.82266569137573,5.07,-2566589.75
68.83492279052734,5.11,-1570562.87
68.84704780578613,5.08,-1991457.5
68.85650253295898,5.07,-2402841.75
68.86870265007019,5.09,-1888230.0
68.88099908828735,5.07,-2552074.0
68.89311003684998,5.1,-1661622.12
68.90559148788452,5.08,-2036033.62
68.91804432868958,5.07,-2495689.75
68.93010330200195,5.08,-1978464.75
68.94266080856323,5.06,-2673000.0
68.95476269721985,5.1,-1704941.75
68.96709895133972,5.08,-1987111.12
68.97931623458862,5.07,-2509543.25
68.991708278656,5.08,-1991457.5
69.0037624835968,5.08,-2193392.5
69.01598930358887,5.1,-1720976.37
69.02791476249695,5.09,-1965653.87
69.04030632972717,5.07,-2435185.75
69.05216860771179,5.09,-1924112.5
69.06445908546448,5.08,-2101964.0
69.07659649848938,5.1,-1737321.37
69.08869504928589,5.09,-1969905.37
69.09816479682922,5.07,-2461707.25
69.11046934127808,5.09,-1795348.5
69.12276601791382,5.08,-2031487.37
69.13498067855835,5.09,-1896091.25
69.14716124534607,5.09,-1969905.37
69.15969252586365,5.07,-2352858.25
69.17189955711365,5.11,-1508683.5
69.18402290344238,5.08,-2063764.5
69.19634962081909,5.09,-1957195.87
69.20847868919373,5.09,-1944652.25
69.2207088470459,5.07,-2365147.75
69.23292565345764,5.11,-1578667.25
69.24521899223328,5.08,-1995823.5
69.25717687606812,5.08,-1982772.87
69.26937651634216,5.09,-1974175.5
69.28160524368286,5.07,-2352858.25
69.2937970161438,5.11,-1559890.75
69.3058078289032,5.08,-2009050.12
69.31797575950623,5.07,-2316740.75
69.33012652397156,5.08,-1978464.75
69.34220862388611,5.07,-2377583.75
69.35164093971252,5.1,-1643738.37
69.36414456367493,5.08,-1978464.75
69.37638711929321,5.07,-2264617.25
69.38878583908081,5.09,-1940510.75
69.40102171897888,5.07,-2383843.75
69.41325521469116,5.1,-1626243.0
69.42576718330383,5.08,-2017959.62
69.43818664550781,5.07,-2402841.75
69.45042109489441,5.08,-2004613.87
69.462473154068,5.07,-2495689.75
69.47481679916382,5.1,-1667677.0
69.48728322982788,5.08,-2004613.87
69.49939060211182,5.07,-2441757.5
69.51142501831055,5.08,-1982772.87
69.5234055519104,5.07,-2409237.5
69.53578042984009,5.1,-1730748.87
69.54790544509888,5.08,-2013494.87
69.55999326705933,5.07,-2396464.25
69.5720067024231,5.08,-1978464.75
69.58386325836182,5.07,-2264617.25
69.59339761734009,5.09,-1912005.25
69.60488152503967,5.09,-1936387.12
69.61711692810059,5.07,-2310817.5
69.62938475608826,5.11,-1513653.0
69.64168930053711,5.08,-2131563.75
69.65404009819031,5.09,-1880444.75
69.66664624214172,5.08,-1991457.5
69.67894148826599,5.07,-2390137.25
69.6915955543518,5.11,-1531296.5
69.7042167186737,5.08,-2082686.25
69.71665692329407,5.09,-1924112.5
69.72866225242615,5.08,-1982772.87
69.74112510681152,5.07,-2396464.25
69.75299119949341,5.11,-1533850.37
69.76537919044495,5.08,-2031487.37
69.7771692276001,5.09,-1944652.25
69.78967428207397,5.09,-1961410.25
69.80178666114807,5.07,-2402841.75
69.81388854980469,5.11,-1523680.0
69.82598662376404,5.08,-2040600.75
69.83535504341125,5.08,-2220239.75
69.84762835502625,5.09,-1912005.25
69.85999202728271,5.07,-2281715.5
69.87235736846924,5.1,-1611950.12
69.88453912734985,5.08,-2004613.87
69.89679622650146,5.08,-2231160.75
69.90912795066833,5.09,-1948822.25
69.9217278957367,5.07,-2358987.0
69.93359541893005,5.1,-1649653.37
69.9457175731659,5.08,-2004613.87
69.9583957195282,5.07,-2304940.0
69.9706163406372,5.08,-2009050.12
69.98275637626648,5.07,-2383843.75
69.99498391151428,5.1,-1634939.25
70.00714254379272,5.08,-1995823.5
70.01926589012146,5.07,-2358987.0
70.03129529953003,5.08,-1978464.75
70.04345512390137,5.07,-2537741.75
70.05563163757324,5.1,-1652634.62
70.06772589683533,5.08,-1987111.12
70.07968330383301,5.07,-2390137.25
70.08936929702759,5.09,-1974175.5
70.10166645050049,5.07,-2352858.25
70.11377096176147,5.09,-1824046.0
70.12616229057312,5.08,-1978464.75
70.13855051994324,5.07,-2346762.25
70.15079402923584,5.11,-1541571.5
70.16274809837341,5.07,-2334650.0
70.1752941608429,5.09,-1896091.25
70.18764805793762,5.08,-1987111.12
70.2000207901001,5.07,-2383843.75
70.2120463848114,5.11,-1559890.75
70.22447896003723,5.08,-2198706.5
70.23661208152771,5.09,-1896091.25
70.24872398376465,5.09,-1965653.87
70.26091694831848,5.07,-2377583.75
70.27283453941345,5.11,-1544160.5
70.28507804870605,5.08,-2045188.75
70.29727387428284,5.09,-1940510.75
70.30937027931213,5.08,-1982772.87
70.32143235206604,5.07,-2383843.75
70.33088374137878,5.11,-1536413.25
70.34303784370422,5.09,-1974175.5
70.35546970367432,5.08,-2073187.5
70.3678650856018,5.09,-1957195.87
70.38003253936768,5.07,-2340698.0
70.39247584342957,5.11,-1565211.62
70.40447807312012,5.08,-2045188.75
70.41695737838745,5.07,-2236676.25
70.42909908294678,5.09,-1957195.87
70.44177627563477,5.07,-2365147.75
70.45359301567078,5.1,-1632029.87
70.46611738204956,5.08,-2000209.0
70.47850561141968,5.08,-2182829.5
70.49050259590149,5.09,-1974175.5
70.50263118743896,5.07,-2346762.25
70.51470232009888,5.1,-1646690.37
70.52649664878845,5.08,-1982772.87
70.53899312019348,5.07,-2281715.5
70.55107474327087,5.09,-1957195.87
70.56314826011658,5.06,-2868661.25
70.57277655601501,5.1,-1643738.37
70.58469557762146,5.09,-1965653.87
70.59609389305115,5.07,-2371357.0
70.60828804969788,5.09,-1969905.37
70.62056827545166,5.06,-2596110.0
70.63294291496277,5.09,-1849926.75
70.64518213272095,5.08,-1991457.5
70.65792441368103,5.07,-2415668.0
70.67023015022278,5.1,-1658615.25
70.6826684474945,5.07,-2488821.0
70.69490146636963,5.09,-1842459.0
70.70752382278442,5.08,-1982772.87
70.72002053260803,5.07,-2402841.75
70.73175144195557,5.1,-1629131.25
70.74415230751038,5.07,-2402841.75
70.7563533782959,5.09,-1892157.37
70.76845932006836,5.08,-1987111.12
70.7806236743927,5.07,-2383843.75
70.79249620437622,5.11,-1549372.12
70.80463123321533,5.08,-2059091.37
70.81417965888977,5.09,-1904009.37
70.826589345932,5.09,-1916023.75
70.83896350860596,5.07,-2299092.5
70.85124588012695,5.11,-1544160.5
70.86316967010498,5.08,-2022444.62
70.87567710876465,5.09,-1969905.37
70.88807821273804,5.09,-1948822.25
70.90030455589294,5.07,-2428650.0
70.9125862121582,5.11,-1584113.12
70.9248251914978,5.08,-2031487.37
70.93707942962646,5.08,-2101964.0
70.94920253753662,5.09,-1965653.87
70.96188139915466,5.07,-2390137.25
70.9739146232605,5.1,-1617633.5
70.98591375350952,5.08,-2054439.87
70.99801087379456,5.08,-2146690.25
71.01018643379211,5.09,-1953000.0
71.02237701416016,5.07,-2377583.75
71.03426742553711,5.1,-1606300.25
71.04621434211731,5.08,-2026961.5
71.055828332901,5.08,-2182829.5
71.06826114654541,5.09,-1916023.75
71.08040237426758,5.06,-2688926.75
71.09287142753601,5.1,-1623358.0
71.10483431816101,5.09,-1961410.25
71.11746096611023,5.07,-2390137.25
71.12941789627075,5.09,-1969905.37
71.14203381538391,5.06,-2859558.25
71.15432810783386,5.1,-1764145.87
71.16623544692993,5.08,-1991457.5
71.1790337562561,5.07,-2402841.75
71.19126200675964,5.1,-1764145.87
71.20349359512329,5.06,-2746259.0
71.21557760238647,5.09,-1774426.12
71.22760343551636,5.08,-2000209.0
71.23976922035217,5.07,-2390137.25
71.25185990333557,5.1,-1734028.75
71.26371240615845,5.06,-2588670.25
71.27606916427612,5.09,-1824046.0
71.28815746307373,5.08,-1991457.5
71.29755306243896,5.07,-2377583.75
71.30991959571838,5.1,-1614786.75
71.3222017288208,5.08,-2000209.0
71.33465766906738,5.09,-1849926.75
71.34651851654053,5.09,-1940510.75
71.35906863212585,5.07,-2334650.0
71.3713390827179,5.1,-1617633.5
71.38364315032959,5.08,-2040600.75
71.39568042755127,5.09,-1969905.37
71.40817356109619,5.09,-1961410.25
71.42049908638,5.07,-2428650.0
71.43272829055786,5.11,-1546758.5
71.44502854347229,5.08,-1995823.5
71.45694494247437,5.08,-2004613.87
71.4692850112915,5.09,-1961410.25
71.48129200935364,5.07,-2352858.25
71.4935314655304,5.11,-1584113.12
71.50544881820679,5.08,-2040600.75
71.51775097846985,5.08,-2068471.12
71.52935528755188,5.09,-1961410.25
71.53861856460571,5.07,-2365147.75
71.55120372772217,5.11,-1544160.5
71.56341648101807,5.09,-1940510.75
71.57603049278259,5.08,-2077925.87
71.58817911148071,5.09,-1944652.25
71.59954309463501,5.07,-2537741.75
71.6118175983429,5.11,-1595128.0
71.62403416633606,5.08,-2022444.62
71.63645648956299,5.07,-2435185.75
71.64868402481079,5.09,-1965653.87
71.66145205497742,5.06,-2737923.75
71.67367386817932,5.1,-1760748.87
71.68604612350464,5.08,-1982772.87
71.6984179019928,5.07,-2461707.25
71.71054196357727,5.09,-1928193.25
71.72308230400085,5.06,-2788740.75
71.73511600494385,5.1,-1760748.87
71.74712944030762,5.08,-2013494.87
71.75941777229309,5.07,-2435185.75
71.7716293334961,5.09,-1816779.75
71.78371000289917,5.06,-2887044.5
71.7931399345398,5.1,-1764145.87
71.80559587478638,5.09,-1928193.25
71.81773471832275,5.07,-2396464.25
71.82982778549194,5.1,-1747284.75
71.84243750572205,5.08,-1987111.12
71.85478496551514,5.1,-1760748.87
71.86678552627563,5.09,-1928193.25
71.87933826446533,5.07,-2310817.5
71.89149904251099,5.1,-1727481.62
71.90387058258057,5.08,-2073187.5
71.91607069969177,5.08,-1978464.75
71.92830848693848,5.09,-1974175.5
71.94058060646057,5.07,-2352858.25
71.95276093482971,5.11,-1584113.12
71.96472549438477,5.08,-2036033.62
71.97692823410034,5.09,-1953000.0
71.98913097381592,5.08,-1978464.75
72.0012218952179,5.07,-2377583.75
72.013023853302,5.1,-1611950.12
72.02508616447449,5.08,-2031487.37
72.03449058532715,5.08,-2013494.87
72.04680156707764,5.09,-1932281.37
72.05907011032104,5.07,-2322679.5
72.07134962081909,5.11,-1584113.12
72.08354926109314,5.09,-1974175.5
72.0958240032196,5.08,-2004613.87
72.10811614990234,5.09,-1948822.25
72.12040758132935,5.07,-2537741.75
72.13216209411621,5.11,-1600697.75
72.1442985534668,5.08,-2026961.5
72.15650463104248,5.07,-2422133.0
72.16884279251099,5.08,-1987111.12
72.1812858581543,5.06,-2641693.0
72.19346237182617,5.1,-1701773.0
72.2057158946991,5.08,-2013494.87
72.21812558174133,5.07,-2415668.0
72.23030948638916,5.09,-1920059.37
72.24270963668823,5.06,-2673000.0
72.25498175621033,5.1,-1720976.37
72.26711869239807,5.08,-1987111.12
72.27630972862244,5.07,-2495689.75
72.28871726989746,5.09,-1872724.5
72.30107593536377,5.06,-2737923.75
72.31315922737122,5.1,-1698616.12
72.32567310333252,5.09,-1948822.25
72.33780097961426,5.07,-2461707.25
72.35008025169373,5.09,-1892157.37
72.36266708374023,5.08,-2082686.25
72.374826669693,5.1,-1767556.25
72.38682317733765,5.09,-1961410.25
72.39927649497986,5.07,-2365147.75
72.41161561012268,5.09,-1827696.62
72.42398166656494,5.08,-2059091.37
72.43602657318115,5.08,-1987111.12
72.44796943664551,5.08,-2009050.12
72.46032810211182,5.07,-2390137.25
72.4724440574646,5.11,-1526214.62
72.48456716537476,5.08,-2054439.87
72.49700236320496,5.09,-1948822.25
72.50882315635681,5.09,-1904009.37
72.52102375030518,5.07,-2377583.75
72.53013300895691,5.11,-1557247.37
72.54277634620667,5.09,-1961410.25
72.55502223968506,5.09,-1936387.12
72.5670371055603,5.09,-1900041.87
72.57937359809875,5.07,-2304940.0
72.59151673316956,5.11,-1567882.75
72.6030011177063,5.08,-2013494.87
72.61525988578796,5.08,-1991457.5
72.62748408317566,5.09,-1965653.87
72.6398937702179,5.07,-2383843.75
72.65218734741211,5.11,-1584113.12
72.66477274894714,5.08,-2045188.75
72.67703890800476,5.07,-2371357.0
72.68903923034668,5.08,-1978464.75
72.70145726203918,5.07,-2448365.5
72.71384191513062,5.1,-1649653.37
72.7260193824768,5.08,-2013494.87
72.73839211463928,5.07,-2422133.0
72.75060749053955,5.09,-1969905.37
72.76246285438538,5.07,-2530636.75
72.77210187911987,5.1,-1686099.37
72.7840485572815,5.09,-1944652.25
72.79625988006592,5.07,-2365147.75
72.80859851837158,5.09,-1924112.5
72.82079243659973,5.07,-2328649.0
72.83307933807373,5.1,-1695471.12
72.84537887573242,5.08,-2017959.62
72.85764408111572,5.07,-2358987.0
72.86993670463562,5.08,-1978464.75
72.88188362121582,5.08,-2231160.75
72.89394307136536,5.1,-1747284.75
72.9061005115509,5.08,-2009050.12
72.9182345867157,5.07,-2396464.25
72.93058347702026,5.08,-1982772.87
72.94295382499695,5.08,-2151776.5
72.95514249801636,5.09,-1900041.87
72.96742296218872,5.08,-1978464.75
72.97972226142883,5.07,-2371357.0
72.99202013015747,5.11,-1575958.75
73.00407648086548,5.08,-2082686.25
73.01642298698425,5.09,-1940510.75
73.0258674621582,5.09,-1953000.0
73.03811264038086,5.07,-2281715.5
73.05056166648865,5.11,-1508683.5
73.06301927566528,5.08,-2009050.12
73.07505321502686,5.09,-1944652.25
73.08750128746033,5.08,-1995823.5
73.09969019889832,5.07,-2316740.75
73.11211133003235,5.11,-1538991.25
73.12436723709106,5.08,-2031487.37
73.13647365570068,5.09,-1974175.5
73.14883041381836,5.09,-1965653.87
73.16114783287048,5.07,-2396464.25
73.17343544960022,5.11,-1554613.25
73.18537259101868,5.08,-2017959.62
73.19761228561401,5.08,-2209426.75
73.2098376750946,5.09,-1965653.87
73.22189211845398,5.07,-2377583.75
73.23396468162537,5.1,-1643738.37
73.24602007865906,5.08,-2013494.87
73.258225440979,5.07,-2299092.5
73.26766228675842,5.08,-1978464.75
73.28008151054382,5.07,-2316740.75
73.29227662086487,5.11,-1603493.87
73.30457925796509,5.09,-1936387.12
73.31655764579773,5.07,-2371357.0
73.32916831970215,5.09,-1953000.0
73.3415310382843,5.07,-2530636.75
73.35388660430908,5.1,-1623358.0
73.3658516407013,5.08,-1991457.5
73.3782217502594,5.07,-2383843.75
73.39060711860657,5.09,-1969905.37
73.40285634994507,5.07,-2435185.75
73.41487884521484,5.09,-1849926.75
73.42706489562988,5.08,-2004613.87
73.43934464454651,5.07,-2377583.75
73.45148181915283,5.09,-1974175.5
73.46335911750793,5.07,-2396464.25
73.47553753852844,5.09,-1872724.5
73.48775482177734,5.08,-2000209.0
73.49985194206238,5.07,-2415668.0
73.50922799110413,5.11,-1544160.5
73.52167391777039,5.07,-2253347.75
73.5338385105133,5.09,-1880444.75
73.54620361328125,5.09,-1932281.37
73.5582582950592,5.07,-2383843.75
73.57039451599121,5.11,-1541571.5
73.58280658721924,5.08,-2036033.62
73.59572315216064,5.09,-1904009.37
73.60731959342957,5.08,-2000209.0
73.61876678466797,5.07,-2334650.0
73.63099098205566,5.11,-1533850.37
73.64334988594055,5.08,-2031487.37
73.6555724143982,5.09,-1936387.12
73.66777849197388,5.09,-1961410.25
73.68024921417236,5.07,-2377583.75
73.69275069236755,5.11,-1516147.12
73.70479679107666,5.08,-2031487.37
73.71722102165222,5.08,-2156887.25
73.72944116592407,5.09,-1961410.25
73.74153923988342,5.07,-2390137.25
73.75092267990112,5.1,-1620490.5
73.76334285736084,5.08,-2004613.87
73.7753176689148,5.08,-2146690.25
73.78780794143677,5.09,-1892157.37
73.80007314682007,5.07,-2377583.75
73.81252717971802,5.1,-1617633.5
73.82472229003906,5.09,-1957195.87
73.83692049980164,5.08,-2204046.5
73.84912252426147,5.09,-1974175.5
73.86167550086975,5.06,-2850490.25
73.87393999099731,5.1,-1658615.25
73.8862578868866,5.08,-2026961.5
73.89819526672363,5.07,-2422133.0
73.9105761051178,5.08,-1978464.75
73.92273592948914,5.06,-2823700.25
73.93474960327148,5.1,-1637859.0
73.9466655254364,5.08,-2013494.87
73.95905065536499,5.07,-2448365.5
73.97112822532654,5.09,-1974175.5
73.98329043388367,5.06,-2641693.0
73.99264192581177,5.09,-1835042.87
74.00494599342346,5.09,-1969905.37
74.01719236373901,5.07,-2352858.25
74.0295000076294,5.1,-1637859.0
74.0418689250946,5.07,-2495689.75
74.05412197113037,5.09,-1824046.0
74.06624436378479,5.09,-1953000.0
74.07856965065002,5.07,-2402841.75
74.09104466438293,5.1,-1614786.75
74.10326790809631,5.07,-2435185.75
74.11540675163269,5.09,-1892157.37
74.12768411636353,5.09,-1957195.87
74.14007902145386,5.07,-2435185.75
74.15211868286133,5.11,-1562550.0
74.16407299041748,5.08,-2045188.75
74.17624688148499,5.09,-1916023.75
74.18844652175903,5.09,-1974175.5
74.20065379142761,5.07,-2371357.0
74.21289706230164,5.11,-1533850.37
74.22466802597046,5.08,-2054439.87
74.23430466651917,5.08,-2049809.62
74.24655747413635,5.09,-1948822.25
74.25889325141907,5.07,-2352858.25
74.27116465568542,5.11,-1544160.5
74.28337740898132,5.08,-2031487.37
74.29560804367065,5.08,-2082686.25
74.30794072151184,5.09,-1944652.25
74.32023763656616,5.07,-2402841.75
74.33249831199646,5.1,-1606300.25
74.34492659568787,5.08,-2040600.75
74.35688257217407,5.08,-2162036.0
74.36906957626343,5.09,-1969905.37
74.38155484199524,5.06,-2705067.75
74.3927845954895,5.11,-1600697.75
74.40499353408813,5.08,-2036033.62
74.4171633720398,5.08,-2177593.0
74.42939782142639,5.09,-1969905.37
74.44159460067749,5.06,-2915095.0
74.4542965888977,5.1,-1634939.25
74.4663360118866,5.08,-2004613.87
74.47520661354065,5.07,-2441757.5
74.48747444152832,5.08,-1978464.75
74.4999589920044,5.06,-2859558.25
74.51236963272095,5.1,-1740635.25
74.52496671676636,5.09,-1974175.5
74.53720545768738,5.07,-2428650.0
74.54931902885437,5.09,-1791828.12
74.56174516677856,5.06,-2887044.5
74.57424998283386,5.09,-1791828.12
74.58630967140198,5.08,-1991457.5
74.59857845306396,5.07,-2475180.25
74.61001062393188,5.1,-1743953.5
74.62216758728027,5.08,-2087468.87
74.63437557220459,5.09,-1816779.75
74.64659237861633,5.08,-1987111.12
74.65884780883789,5.07,-2365147.75
74.67140698432922,5.1,-1676832.75
74.68366050720215,5.08,-2054439.87
74.69578647613525,5.09,-1842459.0
74.70809078216553,5.08,-1991457.5
74.71701240539551,5.07,-2441757.5
74.72958755493164,5.11,-1595128.0
74.7421863079071,5.08,-2000209.0
74.75438189506531,5.09,-1965653.87
74.76649975776672,5.09,-1965653.87
74.7789158821106,5.07,-2352858.25
74.79137992858887,5.11,-1544160.5
74.80359888076782,5.08,-2049809.62
74.81581687927246,5.08,-2013494.87
74.82813596725464,5.09,-1944652.25
74.8405351638794,5.07,-2383843.75
74.85272812843323,5.11,-1597904.37
74.86478471755981,5.08,-2031487.37
74.8772919178009,5.08,-2022444.62
74.88928151130676,5.08,-1987111.12
74.90121483802795,5.07,-2523571.75
74.91378664970398,5.11,-1589604.5
74.92567276954651,5.08,-2017959.62
74.93763446807861,5.08,-2073187.5
74.94985556602478,5.08,-1978464.75
74.96192908287048,5.06,-2641693.0
74.97153687477112,5.11,-1578667.25
74.98380780220032,5.09,-1944652.25
74.99621033668518,5.07,-2371357.0
75.00829887390137,5.09,-1965653.87
75.02077507972717,5.06,-2688926.75
75.03285503387451,5.1,-1698616.12
75.04499697685242,5.08,-2022444.62
75.05742835998535,5.07,-2435185.75
75.0697853565216,5.09,-1916023.75
75.08190846443176,5.06,-2788740.75
75.09445238113403,5.1,-1737321.37
75.10699844360352,5.08,-2026961.5
75.1186785697937,5.07,-2441757.5
75.13084316253662,5.09,-1900041.87
75.14304375648499,5.08,-2106837.0
75.1552152633667,5.1,-1757365.12
75.16712999343872,5.09,-1953000.0
75.1793954372406,5.07,-2383843.75
75.19151306152344,5.09,-1816779.75
75.20356869697571,5.08,-2097113.75
75.21316981315613,5.09,-1781341.87
75.2253668308258,5.09,-1940510.75
75.23785543441772,5.07,-2352858.25
75.24998736381531,5.1,-1740635.25
75.26242136955261,5.08,-2045188.75
75.27459263801575,5.09,-1912005.25
75.28699851036072,5.08,-1995823.5
75.29906868934631,5.07,-2365147.75
75.31143307685852,5.11,-1533850.37
75.32388973236084,5.08,-2077925.87
75.33626627922058,5.09,-1969905.37
75.34812307357788,5.09,-1961410.25
75.36058211326599,5.07,-2365147.75
75.37275695800781,5.11,-1562550.0
75.38476657867432,5.08,-2031487.37
75.3971586227417,5.09,-1974175.5
75.40905237197876,5.09,-1969905.37
75.42120957374573,5.07,-2371357.0
75.43324851989746,5.11,-1570562.87
75.44546413421631,5.08,-1991457.5
75.45493984222412,5.08,-2009050.12
75.46708726882935,5.09,-1912005.25
75.47932171821594,5.07,-2371357.0
75.49168515205383,5.11,-1592361.37
75.50402426719666,5.09,-1969905.37
75.5162718296051,5.07,-2371357.0
75.52830410003662,5.09,-1961410.25
75.54050660133362,5.07,-2566589.75
75.55304408073425,5.1,-1673769.5
75.56517481803894,5.08,-2009050.12
75.57768702507019,5.07,-2428650.0
75.58993697166443,5.08,-1978464.75
75.60196328163147,5.06,-2611119.75
75.61331033706665,5.1,-1724226.87
75.62549924850464,5.08,-1991457.5
75.63767385482788,5.07,-2461707.25
75.64997863769531,5.08,-2009050.12
75.66217589378357,5.06,-2680939.5
75.67496514320374,5.1,-1730748.87
75.68708539009094,5.08,-2022444.62
75.69643592834473,5.07,-2435185.75
75.70872521400452,5.09,-1904009.37
75.72105693817139,5.08,-2097113.75
75.7333595752716,5.1,-1734028.75
75.74578785896301,5.09,-1965653.87
75.7578489780426,5.07,-2340698.0
75.77024054527283,5.09,-1876576.37
75.78227257728577,5.08,-2059091.37
75.79487991333008,5.09,-1969905.37
75.80690479278564,5.08,-1995823.5
75.81928253173828,5.07,-2358987.0
75.83139109611511,5.11,-1544160.5
75.8439257144928,5.08,-2077925.87
75.85615015029907,5.09,-1912005.25
75.8681390285492,5.09,-1957195.87
75.88030552864075,5.07,-2383843.75
75.89241290092468,5.11,-1533850.37
75.90451383590698,5.08,-2009050.12
75.91657638549805,5.08,-1982772.87
75.92881369590759,5.09,-1944652.25
75.94089245796204,5.07,-2358987.0
75.95040965080261,5.11,-1546758.5
75.96270895004272,5.08,-1995823.5
75.97520637512207,5.09,-1957195.87
75.98722577095032,5.09,-1924112.5
75.9994592666626,5.07,-2304940.0
76.01197075843811,5.11,-1565211.62
76.02425408363342,5.08,-2009050.12
76.03623747825623,5.07,-2310817.5
76.04853320121765,5.09,-1965653.87
76.06103301048279,5.07,-2402841.75
76.07330703735352,5.1,-1637859.0
76.08569669723511,5.08,-2000209.0
76.09774899482727,5.07,-2383843.75
76.10987377166748,5.09,-1953000.0
76.1218888759613,5.07,-2455009.5
76.1340799331665,5.1,-1646690.37
76.14605402946472,5.08,-1987111.12
76.15827178955078,5.07,-2409237.5
76.17042803764343,5.09,-1974175.5
76.17971205711365,5.07,-2516529.0
76.19209098815918,5.1,-1620490.5
76.20445418357849,5.09,-1969905.37
76.21646356582642,5.07,-2441757.5
76.22881984710693,5.09,-1957195.87
76.24133038520813,5.07,-2304940.0
76.25348401069641,5.1,-1698616.12
76.26567721366882,5.08,-1987111.12
76.27808618545532,5.07,-2396464.25
76.29029726982117,5.09,-1940510.75
76.30266976356506,5.07,-2299092.5
76.31514930725098,5.09,-1908003.87
76.32710719108582,5.08,-2000209.0
76.33925080299377,5.07,-2358987.0
76.35136389732361,5.09,-1974175.5
76.36350870132446,5.08,-2177593.0
76.3756890296936,5.09,-1944652.25
76.38745951652527,5.08,-1995823.5
76.39929580688477,5.07,-2415668.0
76.4117968082428,5.11,-1541571.5
76.42096972465515,5.08,-2063764.5
76.43324875831604,5.09,-1868878.62
76.44594979286194,5.09,-1928193.25
76.45819139480591,5.07,-2346762.25
76.47059297561646,5.11,-1521160.62
76.48262882232666,5.08,-2013494.87
76.49514102935791,5.09,-1948822.25
76.50802731513977,5.08,-1991457.5
76.51964545249939,5.07,-2396464.25
76.53178310394287,5.11,-1528751.25
76.54435682296753,5.08,-2000209.0
76.55672407150269,5.08,-1991457.5
76.5687005519867,5.09,-1969905.37
76.58092594146729,5.07,-2365147.75
76.59306001663208,5.11,-1533850.37
76.60516905784607,5.08,-2068471.12
76.61700749397278,5.08,-2214819.75
76.62877631187439,5.09,-1969905.37
76.64099025726318,5.07,-2377583.75
76.6531913280487,5.1,-1670717.62
76.66201519966125,5.08,-2026961.5
76.67420482635498,5.08,-2220239.75
76.68678832054138,5.09,-1928193.25
76.69919514656067,5.07,-2371357.0
76.71164870262146,5.1,-1606300.25
76.72443771362305,5.09,-1974175.5
76.7368905544281,5.07,-2328649.0
76.74814057350159,5.08,-1982772.87
76.76064276695251,5.06,-2611119.75
76.7734522819519,5.1,-1649653.37
76.78594660758972,5.08,-2017959.62
76.79855155944824,5.07,-2441757.5
76.81054520606995,5.08,-1987111.12
76.82262468338013,5.07,-2566589.75
76.83475995063782,5.09,-1857466.12
76.84701156616211,5.08,-1995823.5
76.85882472991943,5.07,-2377583.75
76.87123727798462,5.09,-1920059.37
76.88318681716919,5.07,-2468425.25
76.89541387557983,5.09,-1849926.75
76.90735220909119,5.08,-2013494.87
76.91692042350769,5.07,-2322679.5
76.92937088012695,5.11,-1557247.37
76.94162893295288,5.07,-2304940.0
76.95403599739075,5.09,-1884329.12
76.96597576141357,5.08,-1987111.12
76.97850012779236,5.07,-2371357.0
76.99080991744995,5.11,-1536413.25
77.00312757492065,5.08,-2031487.37
77.01530241966248,5.09,-1916023.75
77.0275731086731,5.08,-2004613.87
77.03964710235596,5.07,-2409237.5
77.05214357376099,5.11,-1544160.5
77.06448554992676,5.08,-2022444.62
77.07624316215515,5.08,-2077925.87
77.08858036994934,5.08,-1995823.5
77.10068869590759,5.07,-2371357.0
77.11282086372375,5.1,-1611950.12
77.12484955787659,5.08,-2009050.12
77.13713502883911,5.08,-2126574.0
77.14906764030457,5.08,-1978464.75
77.15871167182922,5.07,-2390137.25
77.17102265357971,5.11,-1559890.75
77.1830186843872,5.08,-2026961.5
77.19533038139343,5.08,-2162036.0
77.20777440071106,5.09,-1928193.25
77.22022724151611,5.07,-2402841.75
77.2322826385498,5.1,-1632029.87
77.24486303329468,5.08,-2004613.87
77.2569043636322,5.08,-2188104.75
77.2693076133728,5.09,-1957195.87
77.28172755241394,5.06,-2859558.25
77.29376554489136,5.1,-1655619.37
77.30615019798279,5.08,-1995823.5
77.31810641288757,5.07,-2435185.75
77.33031105995178,5.08,-1978464.75
77.34240317344666,5.06,-2859558.25
77.35469698905945,5.1,-1767556.25
77.36672973632812,5.08,-2000209.0
77.37873959541321,5.07,-2448365.5
77.39095425605774,5.09,-1770988.75
77.4002628326416,5.06,-2721385.0
77.41268706321716,5.1,-1747284.75
77.42502570152283,5.08,-1987111.12
77.43718814849854,5.07,-2340698.0
77.44928765296936,5.1,-1698616.12
77.46178603172302,5.07,-2559320.25
77.47409105300903,5.09,-1831362.25
77.48607301712036,5.09,-1961410.25
77.49876093864441,5.07,-2383843.75
77.51095366477966,5.1,-1643738.37
77.52320790290833,5.08,-2068471.12
77.53557085990906,5.09,-1868878.62
77.54771161079407,5.09,-1953000.0
77.55985140800476,5.07,-2340698.0
77.57188129425049,5.1,-1606300.25
77.58404350280762,5.08,-2059091.37
77.59610843658447,5.08,-1995823.5
77.60812067985535,5.09,-1974175.5
77.62007594108582,5.07,-2322679.5
77.63201522827148,5.11,-1544160.5
77.64074516296387,5.08,-2040600.75
77.65305280685425,5.08,-2000209.0
77.66535258293152,5.09,-1969905.37
77.67764401435852,5.07,-2352858.25
77.68995833396912,5.11,-1603493.87
77.70260953903198,5.08,-1995823.5
77.71516728401184,5.08,-2040600.75
77.72730660438538,5.09,-1892157.37
77.73989081382751,5.07,-2358987.0
77.75238227844238,5.11,-1578667.25
77.76497411727905,5.09,-1974175.5
77.77701377868652,5.08,-2126574.0
77.78935241699219,5.08,-2031487.37
77.80132937431335,5.06,-2763085.0
77.81359267234802,5.11,-1600697.75
77.82547378540039,5.08,-2022444.62
77.83775162696838,5.07,-2422133.0
77.8498387336731,5.09,-1920059.37
77.86201620101929,5.06,-2814883.0
77.87402820587158,5.1,-1629131.25
77.88335299491882,5.08,-2054439.87
77.89608979225159,5.07,-2352858.25
77.9079840183258,5.09,-1936387.12
77.92040157318115,5.06,-2963074.5
77.9326274394989,5.1,-1743953.5
77.94523072242737,5.08,-2004613.87
77.95743012428284,5.07,-2422133.0
77.9695451259613,5.09,-1849926.75
77.98202157020569,5.06,-2868661.25
77.99425101280212,5.1,-1764145.87
78.0066728591919,5.08,-1987111.12
78.0186972618103,5.07,-2396464.25
78.03093218803406,5.1,-1743953.5
78.04307174682617,5.08,-2082686.25
78.05526375770569,5.09,-1798883.12
78.06725978851318,5.09,-1974175.5
78.07938623428345,5.07,-2402841.75
78.09157133102417,5.1,-1727481.62
78.10367012023926,5.08,-2106837.0
78.11549043655396,5.09,-1824046.0
78.12534189224243,5.09,-1969905.37
78.13732886314392,5.07,-2270287.5
78.14964890480042,5.1,-1629131.25
78.16219472885132,5.08,-2022444.62
78.1745719909668,5.09,-1932281.37
78.1867265701294,5.09,-1961410.25
78.199134349823,5.07,-2390137.25
78.21130895614624,5.11,-1597904.37
78.22362661361694,5.08,-2036033.62
78.23585081100464,5.08,-2013494.87
78.24790334701538,5.08,-2000209.0
78.26039123535156,5.07,-2371357.0
78.27267956733704,5.1,-1611950.12
78.28462362289429,5.08,-2017959.62
78.29663515090942,5.08,-2022444.62
78.30894112586975,5.08,-1991457.5
78.3211350440979,5.07,-2383843.75
78.3332622051239,5.11,-1597904.37
78.3454065322876,5.08,-2009050.12
78.35731625556946,5.08,-2087468.87
78.36678719520569,5.09,-1953000.0
78.37920689582825,5.07,-2516529.0
78.39161157608032,5.11,-1581385.5
78.40380334854126,5.08,-1982772.87
78.41640949249268,5.07,-2441757.5
78.42827248573303,5.09,-1953000.0
78.44070196151733,5.06,-2688926.75
78.45291590690613,5.1,-1734028.75
78.4653537273407,5.08,-1995823.5
78.47731971740723,5.07,-2422133.0
78.48979377746582,5.09,-1974175.5
78.50211000442505,5.06,-2696983.0
78.51425075531006,5.1,-1757365.12
78.52642822265625,5.08,-2009050.12
78.5384669303894,5.07,-2435185.75
78.55051326751709,5.09,-1876576.37
78.56270670890808,5.06,-2877823.25
78.57485175132751,5.1,-1747284.75
78.58676624298096,5.08,-1987111.12
78.59869766235352,5.07,-2461707.25
78.6082136631012,5.09,-1809581.37
78.62062096595764,5.08,-2017959.62
78.63201832771301,5.1,-1740635.25
78.64429640769958,5.09,-1969905.37
78.65650939941406,5.07,-2310817.5
78.66885781288147,5.09,-1777877.12
78.68117785453796,5.08,-2082686.25
78.69390177726746,5.09,-1936387.12
78.70595860481262,5.08,-2000209.0
78.71847367286682,5.07,-2396464.25
78.73094582557678,5.11,-1557247.37
78.74341773986816,5.08,-2036033.62
78.75601983070374,5.08,-1982772.87
78.76801133155823,5.08,-2000209.0
78.78032875061035,5.07,-2358987.0
78.79232668876648,5.11,-1565211.62
78.80440330505371,5.08,-2073187.5
78.81656765937805,5.08,-1978464.75
78.82858157157898,5.09,-1957195.87
78.84058833122253,5.07,-2365147.75
78.85004591941833,5.11,-1586857.5
78.86256170272827,5.09,-1969905.37
78.87491035461426,5.08,-1978464.75
78.88690257072449,5.09,-1969905.37
78.89885830879211,5.07,-2365147.75
78.91134238243103,5.11,-1586857.5
78.92387461662292,5.08,-2036033.62
78.93517875671387,5.07,-2396464.25
78.94746947288513,5.08,-1978464.75
78.95983171463013,5.07,-2544887.25
78.97230052947998,5.1,-1676832.75
78.98479199409485,5.08,-2013494.87
78.9972972869873,5.07,-2448365.5
79.00935196876526,5.09,-1961410.25
79.02152848243713,5.07,-2552074.0
79.0337860584259,5.1,-1724226.87
79.04579067230225,5.08,-1987111.12
79.0579686164856,5.07,-2448365.5
79.07006406784058,5.08,-1978464.75
79.08213877677917,5.06,-2665108.0
79.09146165847778,5.1,-1740635.25
79.10377478599548,5.09,-1896091.25
79.1161515712738,5.07,-2409237.5
79.12833023071289,5.09,-1928193.25
79.14066243171692,5.08,-2131563.75
79.15290999412537,5.1,-1692330.25
79.1651930809021,5.08,-1995823.5
79.17749571800232,5.07,-2422133.0
79.18976616859436,5.09,-1892157.37
79.20207190513611,5.08,-2126574.0
79.21430730819702,5.09,-1953000.0
79.22671699523926,5.08,-2009050.12
79.23884558677673,5.07,-2383843.75
79.25099205970764,5.09,-1857466.12
79.26312136650085,5.08,-2087468.87
79.27526021003723,5.09,-1940510.75
79.2873888015747,5.08,-1982772.87
79.29957389831543,5.07,-2346762.25
79.31164908409119,5.11,-1551988.25
79.32384824752808,5.08,-2077925.87
79.33312010765076,5.09,-1953000.0
79.34548759460449,5.09,-1861254.5
79.35772562026978,5.07,-2340698.0
79.3699791431427,5.11,-1528751.25
79.38227915763855,5.08,-1978464.75
79.39453983306885,5.09,-1974175.5
79.40684366226196,5.08,-1982772.87
79.41911745071411,5.07,-2310817.5
79.43140125274658,5.11,-1573252.75
79.44371366500854,5.08,-2031487.37
79.45597815513611,5.07,-2299092.5
79.46828174591064,5.09,-1928193.25
79.48044180870056,5.07,-2390137.25
79.49262118339539,5.1,-1673769.5
79.50478506088257,5.08,-2022444.62
79.51688814163208,5.07,-2409237.5
79.52911376953125,5.08,-1982772.87
79.54118704795837,5.07,-2402841.75
79.55316162109375,5.1,-1673769.5
79.56534194946289,5.08,-2004613.87
79.57401466369629,5.07,-2448365.5
79.58632516860962,5.09,-1928193.25
79.59857082366943,5.07,-2488821.0
79.61088538169861,5.1,-1655619.37
79.62314510345459,5.09,-1928193.25
79.63541984558105,5.07,-2455009.5
79.64763259887695,5.08,-1982772.87
79.65995955467224,5.07,-2390137.25
79.67224311828613,5.1,-1704941.75
79.68452286720276,5.08,-1991457.5
79.69678163528442,5.07,-2352858.25
79.70910501480103,5.09,-1974175.5
79.72138714790344,5.07,-2334650.0
79.73359608650208,5.1,-1714529.0
79.7457685470581,5.08,-2000209.0
79.75798559188843,5.07,-2328649.0
79.77021503448486,5.08,-1978464.75
79.7824649810791,5.08,-2198706.5
79.79469084739685,5.09,-1904009.37
79.80329060554504,5.08,-2040600.75
79.81559729576111,5.07,-2275987.0
79.82789373397827,5.11,-1523680.0
79.84017491340637,5.08,-2068471.12
79.85242962837219,5.09,-1920059.37
79.86490678787231,5.09,-1953000.0
79.87701106071472,5.07,-2377583.75
79.88930702209473,5.11,-1511160.87
79.90157222747803,5.08,-2101964.0
79.91388750076294,5.09,-1957195.87
79.92624497413635,5.08,-2004613.87
79.93851852416992,5.07,-2396464.25
79.95071935653687,5.11,-1513653.0
79.96297526359558,5.08,-2031487.37
79.97519588470459,5.09,-1944652.25
79.9874255657196,5.08,-2013494.87
79.99969577789307,5.07,-2365147.75
80.01189279556274,5.11,-1544160.5
80.02408576011658,5.08,-2040600.75
80.03634190559387,5.07,-2264617.25
80.04498934745789,5.09,-1969905.37
80.05723428726196,5.07,-2293275.5
80.06954550743103,5.1,-1640797.0
80.08179092407227,5.08,-1982772.87
80.09410429000854,5.07,-2247762.75
80.10641145706177,5.09,-1953000.0
80.11867332458496,5.07,-2365147.75
80.13096213340759,5.1,-1655619.37
80.14326786994934,5.08,-2026961.5
80.15556383132935,5.07,-2409237.5
80.1679368019104,5.08,-2022444.62
80.1801815032959,5.07,-2461707.25
80.19246363639832,5.1,-1661622.12
80.20463991165161,5.08,-2013494.87
80.21691870689392,5.07,-2402841.75
80.22910761833191,5.08,-1978464.75
80.24132585525513,5.07,-2523571.75
80.25358152389526,5.1,-1655619.37
80.2658429145813,5.08,-2017959.62
80.27803468704224,5.07,-2377583.75
80.2902238368988,5.08,-1982772.87
80.29914236068726,5.07,-2422133.0
80.3114595413208,5.09,-1831362.25
80.32374048233032,5.09,-1965653.87
80.3360390663147,5.07,-2358987.0
80.34833264350891,5.11,-1541571.5
80.36075019836426,5.07,-2293275.5
80.37326455116272,5.09,-1904009.37
80.38554835319519,5.08,-2000209.0
80.3978340625763,5.07,-2358987.0
80.41009330749512,5.11,-1546758.5
80.42239236831665,5.07,-2242205.75
80.43470525741577,5.09,-1920059.37
80.44681406021118,5.08,-1982772.87
80.45895171165466,5.07,-2383843.75
80.47117638587952,5.11,-1518649.62
80.48331952095032,5.08,-2068471.12
80.4954354763031,5.09,-1920059.37
80.50770092010498,5.08,-1987111.12
80.51983141899109,5.07,-2383843.75
80.5318751335144,5.11,-1528751.25
80.54122543334961,5.08,-2036033.62
80.5535089969635,5.08,-2036033.62
80.56583881378174,5.09,-1940510.75
80.5774359703064,5.07,-2346762.25
80.58976578712463,5.11,-1567882.75
80.601979970932,5.08,-2059091.37
80.61427330970764,5.08,-2121607.75
80.62658023834229,5.09,-1969905.37
80.6388988494873,5.07,-2422133.0
80.65110373497009,5.1,-1643738.37
80.66341519355774,5.08,-2054439.87
80.67567729949951,5.07,-2275987.0
80.68794870376587,5.08,-1987111.12
80.70018672943115,5.07,-2340698.0
80.71237707138062,5.1,-1640797.0
80.72459697723389,5.08,-2036033.62
80.73683071136475,5.07,-2293275.5
80.74910235404968,5.08,-1995823.5
80.761305809021,5.06,-2896349.75
80.77350735664368,5.1,-1655619.37
80.78216934204102,5.08,-2031487.37
80.79448461532593,5.07,-2334650.0
80.80673456192017,5.09,-1953000.0
80.81904244422913,5.06,-2641693.0
80.83133053779602,5.1,-1629131.25
80.84366655349731,5.08,-2009050.12
80.8559353351593,5.07,-2358987.0
80.86823844909668,5.08,-1978464.75
80.88047313690186,5.07,-2537741.75
80.89278841018677,5.09,-1802431.75
80.905100107193,5.08,-1987111.12
80.91733074188232,5.07,-2396464.25
80.92954635620117,5.1,-1634939.25
80.94178032875061,5.07,-2495689.75
80.95402574539185,5.09,-1876576.37
80.96631240844727,5.09,-1944652.25
80.978506565094,5.07,-2377583.75
80.99075961112976,5.11,-1592361.37
81.003009557724,5.08,-2087468.87
81.01524782180786,5.09,-1908003.87
81.024245262146,5.08,-2000209.0
81.0367043018341,5.07,-2299092.5
81.04925918579102,5.11,-1518649.62
81.06144976615906,5.08,-2054439.87
81.07373976707458,5.08,-2013494.87
81.08601951599121,5.08,-1987111.12
81.09830141067505,5.07,-2371357.0
81.11061239242554,5.11,-1551988.25
81.12293481826782,5.08,-2045188.75
81.13520526885986,5.08,-2082686.25
81.14746356010437,5.08,-1978464.75
81.15976762771606,5.07,-2377583.75
81.17179775238037,5.11,-1589604.5
81.18375778198242,5.08,-2026961.5
81.19595241546631,5.08,-2131563.75
81.2081184387207,5.08,-1987111.12
81.22032380104065,5.07,-2390137.25
81.23250102996826,5.11,-1600697.75
81.2447156906128,5.08,-2031487.37
81.25697708129883,5.08,-2167196.5
81.2656683921814,5.09,-1974175.5
81.27792167663574,5.06,-2705067.75
81.29020023345947,5.1,-1609116.62
81.30243921279907,5.08,-1995823.5
81.3147497177124,5.07,-2383843.75
81.32740044593811,5.08,-1982772.87
81.3398118019104,5.06,-2915095.0
81.35219812393188,5.09,-1777877.12
81.36470055580139,5.08,-2026961.5
81.37721037864685,5.07,-2461707.25
81.38947939872742,5.09,-1806003.87
81.40171456336975,5.06,-2850490.25
81.41427087783813,5.09,-1784820.5
81.42658066749573,5.08,-1995823.5
81.43846464157104,5.07,-2390137.25
81.45058465003967,5.1,-1724226.87
81.4627513885498,5.06,-2721385.0
81.47492814064026,5.09,-1809581.37
81.48691034317017,5.08,-2013494.87
81.49919772148132,5.07,-2365147.75
81.51122736930847,5.1,-1686099.37
81.52068400382996,5.08,-2031487.37
81.5327661037445,5.09,-1824046.0
81.54524612426758,5.09,-1961410.25
81.55726408958435,5.07,-2328649.0
81.5692765712738,5.1,-1646690.37
81.58204531669617,5.08,-2031487.37
81.59427189826965,5.09,-1948822.25
81.60651779174805,5.08,-1987111.12
81.61884331703186,5.07,-2377583.75
81.63127136230469,5.11,-1595128.0
81.64322304725647,5.08,-2063764.5
81.6546688079834,5.08,-2000209.0
81.66687607765198,5.08,-1982772.87
81.67911696434021,5.07,-2371357.0
81.69136595726013,5.11,-1581385.5
81.70357775688171,5.08,-2087468.87
81.71641421318054,5.08,-2017959.62
81.7284722328186,5.09,-1957195.87
81.74067544937134,5.07,-2352858.25
81.7498688697815,5.11,-1603493.87
81.76234841346741,5.08,-2000209.0
81.77481818199158,5.08,-2017959.62
81.78671073913574,5.09,-1924112.5
81.79906630516052,5.06,-2680939.5
81.81144666671753,5.11,-1592361.37
81.82375860214233,5.08,-2013494.87
81.8359489440918,5.07,-2415668.0
81.84819674491882,5.08,-1987111.12
81.86063528060913,5.06,-2680939.5
81.87296223640442,5.11,-1595128.0
81.88508462905884,5.08,-1978464.75
81.89731025695801,5.07,-2481973.0
81.90960192680359,5.09,-1957195.87
81.92171716690063,5.06,-2832573.25
81.93298435211182,5.1,-1737321.37
81.94520425796509,5.08,-2017959.62
81.95743799209595,5.06,-2596110.0
81.96995043754578,5.09,-1880444.75
81.98218107223511,5.06,-2859558.25
81.99117302894592,5.1,-1753986.12
82.00359201431274,5.09,-1928193.25
82.01596999168396,5.07,-2352858.25
82.02846360206604,5.09,-1788321.75
82.04075837135315,5.08,-2017959.62
82.05290460586548,5.09,-1770988.75
82.06539225578308,5.09,-1957195.87
82.07751059532166,5.07,-2358987.0
82.08992505073547,5.1,-1750628.87
82.10197639465332,5.08,-2036033.62
82.11456894874573,5.09,-1788321.75
82.12668204307556,5.09,-1948822.25
82.13907432556152,5.07,-2371357.0
82.15121483802795,5.1,-1701773.0
82.16339993476868,5.08,-2097113.75
82.17542958259583,5.08,-2017959.62
82.18757629394531,5.08,-1978464.75
82.1997241973877,5.07,-2409237.5
82.21180033683777,5.11,-1578667.25
82.22398066520691,5.08,-2049809.62
82.23341226577759,5.09,-1957195.87
82.2458176612854,5.09,-1896091.25
82.25792336463928,5.07,-2316740.75
82.27010917663574,5.11,-1557247.37
82.28255915641785,5.09,-1944652.25
82.29482293128967,5.08,-1995823.5
82.30690002441406,5.09,-1965653.87
82.3193531036377,5.07,-2441757.5
82.331716299057,5.11,-1575958.75
82.34408450126648,5.08,-2000209.0
82.356290102005,5.08,-2026961.5
82.36833357810974,5.09,-1965653.87
82.38089728355408,5.07,-2435185.75
82.39301013946533,5.11,-1575958.75
82.40518164634705,5.08,-1991457.5
82.41712045669556,5.07,-2428650.0
82.42939162254333,5.09,-1957195.87
82.44140315055847,5.06,-2596110.0
82.45360898971558,5.1,-1695471.12
82.46542453765869,5.08,-2004613.87
82.47517037391663,5.07,-2435185.75
82.48722195625305,5.09,-1928193.25
82.49962949752808,5.06,-2626325.75
82.51202249526978,5.1,-1695471.12
82.52431154251099,5.09,-1896091.25
82.53756642341614,5.07,-2461707.25
82.54874444007874,5.09,-1944652.25
82.5610740184784,5.08,-2177593.0
82.57337832450867,5.1,-1753986.12
82.58542323112488,5.09,-1961410.25
82.59788393974304,5.07,-2448365.5
82.61022400856018,5.09,-1872724.5
82.62253093719482,5.08,-2087468.87
82.63470697402954,5.09,-1770988.75
82.64643979072571,5.08,-1987111.12
82.65800404548645,5.07,-2352858.25
82.67017316818237,5.09,-1816779.75
82.68247628211975,5.08,-2054439.87
82.69468092918396,5.09,-1928193.25
82.70691776275635,5.08,-1987111.12
82.71939301490784,5.07,-2402841.75
82.72788882255554,5.11,-1541571.5
82.74004530906677,5.08,-2026961.5
82.75226497650146,5.09,-1944652.25
82.764643907547,5.09,-1944652.25
82.77726292610168,5.07,-2383843.75
82.7895998954773,5.11,-1544160.5
82.80183601379395,5.09,-1974175.5
82.81450986862183,5.09,-1953000.0
82.82667088508606,5.08,-1987111.12
82.83928990364075,5.07,-2346762.25
82.85170698165894,5.11,-1559890.75
82.86410570144653,5.08,-2040600.75
82.87600135803223,5.08,-1987111.12
82.88844203948975,5.09,-1957195.87
82.90065479278564,5.07,-2358987.0
82.91273927688599,5.11,-1573252.75
82.9249324798584,5.08,-2031487.37
82.93705797195435,5.07,-2377583.75
82.94917345046997,5.09,-1944652.25
82.96126699447632,5.07,-2435185.75
82.97053074836731,5.1,-1611950.12
82.98292970657349,5.09,-1965653.87
82.9952871799469,5.07,-2334650.0
83.00743412971497,5.09,-1888230.0
83.01971125602722,5.07,-2552074.0
83.0320975780487,5.1,-1652634.62
83.04451584815979,5.09,-1940510.75
83.05634689331055,5.07,-2428650.0
83.06874418258667,5.09,-1957195.87
83.08134627342224,5.07,-2428650.0
83.09350872039795,5.1,-1698616.12
83.10586309432983,5.08,-2009050.12
83.11803984642029,5.07,-2422133.0
83.13019514083862,5.09,-1936387.12
83.14222025871277,5.07,-2236676.25
83.15438032150269,5.1,-1711323.75
83.16627526283264,5.08,-2013494.87
83.17859220504761,5.07,-2371357.0
83.19069266319275,5.09,-1953000.0
83.20275902748108,5.08,-2167196.5
83.21207737922668,5.09,-1908003.87
83.22464156150818,5.09,-1944652.25
83.23679375648499,5.07,-2304940.0
83.24906396865845,5.11,-1511160.87
83.26152300834656,5.08,-2073187.5
83.27385067939758,5.09,-1916023.75
83.28612446784973,5.09,-1953000.0
83.29803538322449,5.07,-2396464.25
83.31050610542297,5.11,-1521160.62
83.32284188270569,5.08,-2073187.5
83.33530449867249,5.09,-1944652.25
83.3473265171051,5.08,-1978464.75
83.3597321510315,5.07,-2340698.0
83.37168884277344,5.11,-1531296.5
83.3838107585907,5.08,-2004613.87
83.39575839042664,5.09,-1961410.25
83.40806889533997,5.09,-1924112.5
83.42020559310913,5.07,-2390137.25
83.43232536315918,5.11,-1536413.25
83.44453191757202,5.08,-2022444.62
83.45383358001709,5.07,-2236676.25
83.46626830101013,5.09,-1920059.37
83.47847986221313,5.07,-2281715.5
83.49092674255371,5.11,-1586857.5
83.50289797782898,5.09,-1965653.87
83.51539468765259,5.07,-2299092.5
83.52742552757263,5.09,-1928193.25
83.53983807563782,5.07,-2352858.25
83.55202746391296,5.1,-1655619.37
83.56451964378357,5.08,-2009050.12
83.57657051086426,5.07,-2340698.0
83.58907198905945,5.09,-1932281.37
83.60146760940552,5.07,-2409237.5
83.61341285705566,5.1,-1634939.25
83.62573885917664,5.08,-1995823.5
83.6375048160553,5.07,-2409237.5
83.6494927406311,5.09,-1965653.87
83.66129612922668,5.07,-2415668.0
83.67345905303955,5.1,-1634939.25
83.68568921089172,5.09,-1969905.37
83.69444036483765,5.07,-2346762.25
83.70676136016846,5.09,-1928193.25
83.7192370891571,5.07,-2352858.25
83.73170304298401,5.09,-1849926.75
83.74419665336609,5.09,-1969905.37
83.7563853263855,5.07,-2371357.0
83.76875448226929,5.11,-1493985.62
83.78166651725769,5.07,-2264617.25
83.79397583007812,5.09,-1904009.37
83.80623030662537,5.09,-1948822.25
83.81844902038574,5.07,-2316740.75
83.83079481124878,5.11,-1538991.25
83.84314489364624,5.08,-2082686.25
83.85529565811157,5.09,-1904009.37
83.8672924041748,5.09,-1948822.25
83.87947368621826,5.07,-2365147.75
83.8916745185852,5.11,-1546758.5
83.90364909172058,5.08,-2063764.5
83.91559433937073,5.09,-1912005.25
83.927894115448,5.09,-1948822.25
83.93998908996582,5.07,-2358987.0
83.94960880279541,5.11,-1526214.62
83.96179676055908,5.09,-1961410.25
83.9742374420166,5.08,-2059091.37
83.98614311218262,5.09,-1940510.75
83.99855756759644,5.07,-2340698.0
84.01101350784302,5.11,-1595128.0
84.02326393127441,5.08,-2009050.12
84.03587889671326,5.08,-2172382.0
84.04778170585632,5.09,-1944652.25
84.06011128425598,5.07,-2346762.25
84.07236242294312,5.1,-1655619.37
84.08482480049133,5.08,-1995823.5
84.09678173065186,5.08,-2214819.75
84.10898232460022,5.08,-1978464.75
84.12109923362732,5.06,-2814883.0
84.13324666023254,5.1,-1623358.0
84.14537477493286,5.09,-1974175.5
84.1574399471283,5.07,-2293275.5
84.16945552825928,5.09,-1961410.25
84.18163824081421,5.06,-2713201.5
84.19132471084595,5.1,-1623358.0
84.2032241821289,5.09,-1936387.12
84.21588134765625,5.07,-2334650.0
84.22778916358948,5.09,-1928193.25
84.24046516418457,5.07,-2495689.75
84.25253248214722,5.09,-1777877.12
84.26493644714355,5.08,-1991457.5
84.27715134620667,5.07,-2334650.0
84.2893934249878,5.1,-1629131.25
84.30186104774475,5.07,-2441757.5
84.31407380104065,5.09,-1872724.5
84.32629013061523,5.09,-1969905.37
84.33840441703796,5.07,-2346762.25
84.35062289237976,5.11,-1597904.37
84.36246848106384,5.07,-2383843.75
84.37489748001099,5.09,-1880444.75
84.38699316978455,5.09,-1948822.25
84.39910387992859,5.07,-2328649.0
84.41125559806824,5.11,-1544160.5
84.42043113708496,5.08,-2022444.62
84.43292140960693,5.09,-1831362.25
84.4451801776886,5.09,-1892157.37
84.45734095573425,5.07,-2293275.5
84.46948766708374,5.11,-1523680.0
84.48204016685486,5.08,-2026961.5
84.49429821968079,5.09,-1961410.25
84.50631880760193,5.09,-1928193.25
84.51889991760254,5.07,-2365147.75
84.53088760375977,5.11,-1573252.75
84.5428535938263,5.08,-2009050.12
84.55547857284546,5.08,-2077925.87
84.56799173355103,5.09,-1936387.12
84.58028507232666,5.07,-2352858.25
84.59191751480103,5.11,-1581385.5
84.60405421257019,5.08,-1991457.5
84.61617803573608,5.08,-2162036.0
84.62828826904297,5.08,-1982772.87
84.64042663574219,5.07,-2328649.0
84.65254282951355,5.11,-1584113.12
84.66097521781921,5.08,-1978464.75
84.67340135574341,5.08,-2136590.5
84.68576455116272,5.09,-1940510.75
84.69787788391113,5.06,-2649445.0
84.71019005775452,5.1,-1617633.5
84.72243762016296,5.08,-2026961.5
84.73483872413635,5.07,-2441757.5
84.74701523780823,5.09,-1948822.25
84.75930404663086,5.06,-2832573.25
84.77159810066223,5.1,-1750628.87
84.78392791748047,5.08,-2004613.87
84.79619455337524,5.07,-2488821.0
84.8084032535553,5.08,-1982772.87
84.82057476043701,5.06,-2771576.25
84.83289694786072,5.09,-1802431.75
84.84504961967468,5.08,-1982772.87
84.85727858543396,5.07,-2383843.75
84.8695387840271,5.1,-1734028.75
84.8817732334137,5.06,-2649445.0
84.89400744438171,5.09,-1798883.12
84.90266489982605,5.09,-1944652.25
84.91495275497437,5.07,-2328649.0
84.92725729942322,5.1,-1632029.87
84.93952894210815,5.08,-1995823.5
84.95183205604553,5.09,-1835042.87
84.96416974067688,5.09,-1944652.25
84.97646713256836,5.07,-2293275.5
84.98869276046753,5.1,-1606300.25
85.00090909004211,5.08,-2040600.75
85.01316237449646,5.09,-1944652.25
85.0254819393158,5.09,-1948822.25
85.0377926826477,5.07,-2346762.25
85.05004477500916,5.11,-1538991.25
85.06225752830505,5.08,-2026961.5
85.07446360588074,5.08,-1995823.5
85.08676671981812,5.09,-1936387.12
85.09896874427795,5.07,-2346762.25
85.11115837097168,5.11,-1589604.5
85.12338972091675,5.08,-2026961.5
85.13564395904541,5.08,-2000209.0
85.14783978462219,5.09,-1920059.37
85.15653610229492,5.07,-2334650.0
85.1687879562378,5.11,-1531296.5
85.18109703063965,5.09,-1936387.12
85.19335913658142,5.08,-2026961.5
85.20566463470459,5.09,-1924112.5
85.21803832054138,5.06,-2641693.0
85.23037767410278,5.11,-1565211.62
85.24260687828064,5.08,-1982772.87
85.25493216514587,5.07,-2383843.75
85.26717472076416,5.09,-1957195.87
85.27946853637695,5.07,-2509543.25
85.2918381690979,5.11,-1578667.25
85.30401349067688,5.09,-1974175.5
85.31618118286133,5.07,-2441757.5
85.32838559150696,5.09,-1936387.12
85.34062266349792,5.06,-2705067.75
85.35282707214355,5.1,-1747284.75
85.36505079269409,5.08,-2000209.0
85.37724709510803,5.07,-2390137.25
85.38951420783997,5.09,-1876576.37
85.39816069602966,5.06,-2806099.25
85.41044354438782,5.1,-1708122.62
85.42275428771973,5.09,-1924112.5
85.43508434295654,5.07,-2409237.5
85.44729614257812,5.09,-1774426.12
85.46005725860596,5.08,-2026961.5
85.47217869758606,5.09,-1770988.75
85.48432779312134,5.09,-1940510.75
85.49656558036804,5.07,-2340698.0
85.50885915756226,5.1,-1724226.87
85.52109408378601,5.08,-2017959.62
85.5333743095398,5.09,-1953000.0
85.54561042785645,5.09,-1957195.87
85.5578043460846,5.07,-2365147.75
85.5700056552887,5.1,-1679907.5
85.58222603797913,5.08,-2031487.37
85.59449219703674,5.09,-1957195.87
85.60670590400696,5.09,-1961410.25
85.61897277832031,5.07,-2316740.75
85.63118577003479,5.11,-1559890.75
85.63985300064087,5.08,-2040600.75
85.65219402313232,5.09,-1892157.37
85.66441345214844,5.09,-1916023.75
85.67667436599731,5.07,-2328649.0
85.68895053863525,5.11,-1562550.0
85.70120024681091,5.09,-1948822.25
85.71354293823242,5.08,-2000209.0
85.7259783744812,5.08,-1978464.75
85.73830723762512,5.07,-2481973.0
85.75044250488281,5.11,-1586857.5
85.76273369789124,5.09,-1957195.87
85.77507257461548,5.08,-1982772.87
85.78729033470154,5.09,-1920059.37
85.79945588111877,5.07,-2475180.25
85.8117733001709,5.11,-1586857.5
85.82393717765808,5.09,-1965653.87
85.83614134788513,5.07,-2409237.5
85.84836721420288,5.09,-1957195.87
85.86057209968567,5.06,-2603592.75
85.87283706665039,5.1,-1667677.0
85.88148331642151,5.09,-1965653.87
85.89375281333923,5.07,-2334650.0
85.90603423118591,5.09,-1900041.87
85.91833448410034,5.06,-2573901.0
85.93061304092407,5.1,-1679907.5
85.94291377067566,5.09,-1940510.75
85.95518517494202,5.07,-2428650.0
85.96746850013733,5.09,-1928193.25
85.9797854423523,5.08,-2116665.0
85.99211430549622,5.1,-1714529.0
86.0044674873352,5.08,-2013494.87
86.01696252822876,5.07,-2409237.5
86.02895426750183,5.09,-1868878.62
86.04117488861084,5.08,-2082686.25
86.05332612991333,5.1,-1737321.37
86.0656008720398,5.08,-1978464.75
86.077791929245,5.07,-2316740.75
86.08999705314636,5.09,-1798883.12
86.10221362113953,5.08,-2059091.37
86.1144905090332,5.09,-1865058.62
86.12314867973328,5.09,-1961410.25
86.1354398727417,5.07,-2247762.75
86.1477165222168,5.11,-1493985.62
86.15999817848206,5.08,-2017959.62
86.17227172851562,5.09,-1868878.62
86.18458104133606,5.09,-1896091.25
86.1968674659729,5.07,-2310817.5
86.20913696289062,5.11,-1518649.62
86.2214286327362,5.08,-2022444.62
86.23369979858398,5.09,-1957195.87
86.24608850479126,5.09,-1928193.25
86.25848293304443,5.07,-2328649.0
86.27081179618835,5.11,-1551988.25
86.28291702270508,5.08,-1978464.75
86.29512166976929,5.09,-1936387.12
86.30732440948486,5.09,-1920059.37
86.31953525543213,5.07,-2293275.5
86.33173060417175,5.11,-1541571.5
86.34395289421082,5.09,-1961410.25
86.3561499118805,5.07,-2236676.25
86.36479091644287,5.09,-1936387.12
86.37708568572998,5.07,-2275987.0
86.38935971260071,5.11,-1586857.5
86.40165448188782,5.09,-1932281.37
86.4139096736908,5.07,-2310817.5
86.4262204170227,5.09,-1904009.37
86.43848705291748,5.07,-2435185.75
86.4507691860199,5.1,-1634939.25
86.46307134628296,5.09,-1969905.37
86.47538948059082,5.07,-2358987.0
86.48765015602112,5.09,-1924112.5
86.49994015693665,5.07,-2428650.0
86.51221060752869,5.1,-1655619.37
86.52441954612732,5.08,-2004613.87
86.53663325309753,5.07,-2396464.25
86.54891276359558,5.09,-1936387.12
86.5614562034607,5.07,-2287488.0
86.57338666915894,5.1,-1673769.5
86.58566164970398,5.09,-1969905.37
86.59783029556274,5.07,-2358987.0
86.6065719127655,5.09,-1948822.25
86.61878776550293,5.08,-2106837.0
86.6311342716217,5.09,-1781341.87
86.64338707923889,5.09,-1936387.12
86.65565943717957,5.07,-2316740.75
86.66797709465027,5.11,-1498850.25
86.68017244338989,5.08,-2049809.62
86.6925208568573,5.09,-1900041.87
86.70473027229309,5.09,-1961410.25
86.71698355674744,5.07,-2322679.5
86.72929859161377,5.11,-1518649.62
86.74157285690308,5.08,-1995823.5
86.75386071205139,5.09,-1904009.37
86.76606678962708,5.09,-1924112.5
86.77834796905518,5.07,-2322679.5
86.79054951667786,5.11,-1498850.25
86.8028507232666,5.08,-2009050.12
86.81507849693298,5.09,-1904009.37
86.82727980613708,5.09,-1932281.37
86.8395140171051,5.07,-2334650.0
86.85169076919556,5.11,-1513653.0
86.86045503616333,5.08,-1978464.75
86.87273383140564,5.08,-2013494.87
86.88503098487854,5.09,-1908003.87
86.89735412597656,5.07,-2293275.5
86.90974235534668,5.11,-1581385.5
86.92199897766113,5.09,-1953000.0
86.93429350852966,5.08,-2198706.5
86.94660997390747,5.09,-1961410.25
86.95887041091919,5.07,-2304940.0
86.97117710113525,5.1,-1626243.0
86.98336338996887,5.09,-1961410.25
86.99559831619263,5.07,-2287488.0
87.00770664215088,5.09,-1969905.37
87.0200572013855,5.07,-2334650.0
87.03219032287598,5.1,-1623358.0
87.04440760612488,5.09,-1944652.25
87.05664491653442,5.07,-2352858.25
87.06887674331665,5.09,-1953000.0
87.08107852935791,5.07,-2530636.75
87.08991312980652,5.1,-1632029.87
87.10223436355591,5.09,-1916023.75
87.11441206932068,5.07,-2304940.0
87.12667226791382,5.09,-1916023.75
87.1397774219513,5.07,-2377583.75
87.15146255493164,5.1,-1640797.0
87.1638753414154,5.09,-1936387.12
87.17631101608276,5.07,-2340698.0
87.18863821029663,5.09,-1892157.37
87.20167207717896,5.07,-2316740.75
87.2138159275055,5.09,-1868878.62
87.225905418396,5.09,-1957195.87
87.23796582221985,5.07,-2310817.5
87.25004887580872,5.11,-1513653.0
87.26209378242493,5.08,-2188104.75
87.27426433563232,5.09,-1880444.75
87.28645634651184,5.09,-1936387.12
87.29881262779236,5.07,-2304940.0
87.31112575531006,5.11,-1511160.87
87.32314276695251,5.08,-1978464.75
87.33271908760071,5.09,-1853693.5
87.34499263763428,5.09,-1888230.0
87.35723781585693,5.07,-2287488.0
87.36945843696594,5.11,-1477199.0
87.38154673576355,5.09,-1936387.12
87.39405274391174,5.09,-1872724.5
87.40631318092346,5.09,-1948822.25
87.41870903968811,5.07,-2304940.0
87.4307370185852,5.11,-1511160.87
87.44325542449951,5.08,-2000209.0
87.45538473129272,5.08,-2073187.5
87.46778011322021,5.09,-1912005.25
87.47994136810303,5.07,-2358987.0
87.4918749332428,5.11,-1562550.0
87.50385618209839,5.08,-1987111.12
87.5161702632904,5.08,-2087468.87
87.52796483039856,5.09,-1916023.75
87.5404314994812,5.07,-2304940.0
87.55239582061768,5.11,-1595128.0
87.56172704696655,5.09,-1961410.25
87.57405424118042,5.08,-2106837.0
87.58612442016602,5.09,-1904009.37
87.59882736206055,5.07,-2264617.25
87.61117458343506,5.11,-1603493.87
87.6231906414032,5.09,-1928193.25
87.63584303855896,5.08,-2198706.5
87.64814400672913,5.09,-1904009.37
87.6603147983551,5.06,-2688926.75
87.67225933074951,5.11,-1603493.87
87.68375706672668,5.09,-1953000.0
87.69597434997559,5.07,-2358987.0
87.70822930335999,5.09,-1912005.25
87.7204110622406,5.07,-2516529.0
87.73263835906982,5.11,-1603493.87
87.74526643753052,5.09,-1932281.37
87.75750374794006,5.07,-2275987.0
87.76975393295288,5.09,-1908003.87
87.78183913230896,5.07,-2415668.0
87.79109835624695,5.09,-1820410.0
87.80352091789246,5.09,-1896091.25
87.81599640846252,5.08,-2220239.75
87.82828617095947,5.11,-1567882.75
87.84048795700073,5.07,-2334650.0
87.85292363166809,5.09,-1835042.87
87.86504054069519,5.09,-1948822.25
87.87751245498657,5.07,-2293275.5
87.88955593109131,5.11,-1551988.25
87.90213918685913,5.08,-2177593.0
87.91402053833008,5.09,-1838748.12
87.9266288280487,5.09,-1953000.0
87.93862724304199,5.07,-2247762.75
87.95099210739136,5.11,-1513653.0
87.96274781227112,5.08,-1982772.87
87.97512602806091,5.09,-1861254.5
87.98701357841492,5.09,-1896091.25
87.99931955337524,5.07,-2287488.0
88.01133370399475,5.11,-1528751.25
88.02322030067444,5.09,-1969905.37
88.03270077705383,5.08,-2009050.12
88.04484963417053,5.09,-1872724.5
88.05718469619751,5.08,-2198706.5
88.06935286521912,5.11,-1516147.12
88.08169221878052,5.09,-1953000.0
88.09398913383484,5.08,-2000209.0
88.106192111969,5.09,-1916023.75
88.11853384971619,5.07,-2264617.25
88.13029193878174,5.11,-1573252.75
88.14250898361206,5.08,-1978464.75
88.1547167301178,5.08,-2111733.0
88.16692996025085,5.09,-1924112.5
88.17917728424072,5.07,-2253347.75
88.19148993492126,5.1,-1611950.12
88.20368146896362,5.09,-1969905.37
88.21585702896118,5.08,-2136590.5
88.22810649871826,5.09,-1928193.25
88.24035215377808,5.06,-2696983.0
88.25258040428162,5.1,-1623358.0
88.2611722946167,5.09,-1940510.75
88.27342081069946,5.08,-2126574.0
88.28568744659424,5.09,-1880444.75
88.2979965209961,5.06,-2581255.0
88.31033253669739,5.1,-1634939.25
88.3226490020752,5.09,-1961410.25
88.33495211601257,5.07,-2299092.5
88.34723711013794,5.09,-1928193.25
88.35945391654968,5.06,-2641693.0
88.37170171737671,5.09,-1770988.75
88.38399457931519,5.09,-1944652.25
88.39630436897278,5.07,-2304940.0
88.4085168838501,5.1,-1717746.5
88.42083358764648,5.07,-2502597.25
88.43307590484619,5.09,-1813173.25
88.44526052474976,5.08,-1987111.12
88.45744395256042,5.07,-2275987.0
88.46972274780273,5.1,-1649653.37
88.48188304901123,5.07,-2383843.75
88.49410891532898,5.09,-1816779.75
88.50279784202576,5.09,-1908003.87
88.5153579711914,5.07,-2258975.25
88.52758979797363,5.11,-1567882.75
88.53975200653076,5.09,-1932281.37
88.55213665962219,5.09,-1857466.12
88.56432795524597,5.09,-1932281.37
88.57667303085327,5.07,-2275987.0
88.58891868591309,5.11,-1562550.0
88.60120415687561,5.08,-2009050.12
88.61340856552124,5.09,-1957195.87
88.6257164478302,5.09,-1932281.37
88.63811659812927,5.07,-2287488.0
88.65025615692139,5.11,-1584113.12
88.66250848770142,5.08,-1978464.75
88.6747658252716,5.09,-1974175.5
88.68686771392822,5.09,-1924112.5
88.69909644126892,5.07,-2322679.5
88.71132493019104,5.1,-1609116.62
88.72355508804321,5.08,-1978464.75
88.73580241203308,5.08,-2013494.87
88.74451518058777,5.09,-1948822.25
88.75691175460815,5.07,-2264617.25
88.76916408538818,5.11,-1559890.75
88.78155326843262,5.09,-1916023.75
88.7937126159668,5.08,-2073187.5
88.80602669715881,5.09,-1920059.37
88.81828904151917,5.07,-2488821.0
88.83054423332214,5.11,-1578667.25
88.84283494949341,5.09,-1936387.12
88.85506176948547,5.07,-2316740.75
88.86733675003052,5.09,-1920059.37
88.8799135684967,5.06,-2657243.25
88.89200639724731,5.1,-1714529.0
88.90419507026672,5.09,-1974175.5
88.91638779640198,5.07,-2346762.25
88.92865419387817,5.09,-1876576.37
88.94082355499268,5.06,-2737923.75
88.953120470047,5.1,-1750628.87
88.96530985832214,5.09,-1974175.5
88.97757840156555,5.07,-2322679.5
88.98967504501343,5.09,-1784820.5
88.9984450340271,5.06,-2618691.0
89.0107569694519,5.1,-1695471.12
89.02303695678711,5.09,-1888230.0
89.03525972366333,5.07,-2328649.0
89.04760360717773,5.1,-1708122.62
89.06006240844727,5.09,-1932281.37
89.07227277755737,5.1,-1757365.12
89.0846951007843,5.09,-1940510.75
89.09681868553162,5.07,-2322679.5
89.10905599594116,5.1,-1698616.12
89.12134337425232,5.08,-1982772.87
89.13358855247498,5.09,-1948822.25
89.14594674110413,5.09,-1904009.37
89.15823817253113,5.07,-2328649.0
89.17043995857239,5.11,-1544160.5
89.18277907371521,5.08,-2004613.87
89.1950991153717,5.09,-1924112.5
89.20727157592773,5.09,-1912005.25
89.21965503692627,5.08,-2231160.75
89.22883987426758,5.11,-1554613.25
89.2414300441742,5.09,-1932281.37
89.25376009941101,5.09,-1896091.25
89.26577496528625,5.09,-1827696.62
89.27814364433289,5.07,-2247762.75
89.2902250289917,5.11,-1554613.25
89.30248427391052,5.09,-1896091.25
89.31487107276917,5.09,-1957195.87
89.32725286483765,5.09,-1900041.87
89.33965945243835,5.07,-2402841.75
89.3516616821289,5.11,-1573252.75
89.3640947341919,5.09,-1936387.12
89.37634634971619,5.07,-2310817.5
89.38857221603394,5.09,-1892157.37
89.40058755874634,5.07,-2468425.25
89.41288423538208,5.1,-1661622.12
89.42490482330322,5.09,-1912005.25
89.4370927810669,5.07,-2328649.0
89.44917368888855,5.09,-1900041.87
89.46152949333191,5.07,-2502597.25
89.47353792190552,5.1,-1686099.37
89.48294496536255,5.09,-1916023.75
89.49499940872192,5.07,-2270287.5
89.50749850273132,5.09,-1861254.5
89.51979160308838,5.08,-2009050.12
89.53195381164551,5.1,-1692330.25
89.54443907737732,5.09,-1912005.25
89.55639934539795,5.07,-2328649.0
89.56892728805542,5.09,-1868878.62
89.58101415634155,5.08,-2017959.62
89.59344530105591,5.1,-1711323.75
89.60560154914856,5.09,-1928193.25
89.61812496185303,5.07,-2236676.25
89.63031840324402,5.09,-1802431.75
89.64240980148315,5.08,-2013494.87
89.65478849411011,5.09,-1876576.37
89.66642165184021,5.09,-1928193.25
89.67867279052734,5.07,-2275987.0
89.69035577774048,5.11,-1544160.5
89.70251679420471,5.08,-2004613.87
89.71471452713013,5.09,-1924112.5
89.72338485717773,5.09,-1916023.75
89.73566627502441,5.08,-2225686.75
89.74798107147217,5.11,-1518649.62
89.76027536392212,5.09,-1904009.37
89.77278876304626,5.09,-1908003.87
89.78505277633667,5.09,-1888230.0
89.79738855361938,5.08,-2225686.75
89.80965209007263,5.11,-1562550.0
89.82210636138916,5.08,-1978464.75
89.83472228050232,5.09,-1916023.75
89.84722995758057,5.09,-1904009.37
89.85969614982605,5.08,-2220239.75
89.87187218666077,5.11,-1575958.75
89.8843891620636,5.09,-1957195.87
89.8963577747345,5.08,-2225686.75
89.90824842453003,5.09,-1896091.25
89.92039799690247,5.07,-2275987.0
89.93268132209778,5.1,-1643738.37
89.94482946395874,5.09,-1953000.0
89.95695877075195,5.07,-2316740.75
89.9687180519104,5.09,-1932281.37
89.97827076911926,5.07,-2346762.25
89.99084806442261,5.11,-1586857.5
90.00310206413269,5.09,-1880444.75
90.01513409614563,5.07,-2275987.0
90.02769374847412,5.09,-1892157.37
90.03989911079407,5.07,-2322679.5
90.05204176902771,5.1,-1658615.25
90.06456589698792,5.09,-1924112.5
90.07675409317017,5.07,-2316740.75
90.08896732330322,5.09,-1936387.12
90.10123443603516,5.07,-2281715.5
90.1134626865387,5.1,-1689208.87
90.12595558166504,5.09,-1953000.0
90.13797807693481,5.07,-2270287.5
90.14999270439148,5.09,-1932281.37
90.16220045089722,5.08,-2188104.75
90.17447233200073,5.09,-1868878.62
90.18646240234375,5.09,-1928193.25
90.19842791557312,5.07,-2264617.25
90.21076917648315,5.11,-1533850.37
90.22007274627686,5.08,-2097113.75
90.23250651359558,5.09,-1809581.37
90.24455761909485,5.09,-1865058.62
90.2569215297699,5.07,-2253347.75
90.26937294006348,5.11,-1533850.37
90.28161549568176,5.09,-1932281.37
90.2937958240509,5.09,-1884329.12
90.30597376823425,5.09,-1957195.87
90.31846404075623,5.08,-2220239.75
90.33064150810242,5.11,-1526214.62
90.34289503097534,5.09,-1969905.37
90.35554194450378,5.08,-2077925.87
90.3675856590271,5.09,-1924112.5
90.37978672981262,5.07,-2242205.75
90.39175391197205,5.1,-1620490.5
90.40387392044067,5.09,-1974175.5
90.41596293449402,5.08,-2106837.0
90.4280915260315,5.09,-1936387.12
90.44013738632202,5.07,-2275987.0
90.45252776145935,5.1,-1632029.87
90.46172451972961,5.09,-1957195.87
90.47388243675232,5.08,-2077925.87
90.48617386817932,5.09,-1861254.5
90.49857759475708,5.07,-2253347.75
90.51097130775452,5.1,-1611950.12
90.52305388450623,5.09,-1912005.25
90.53536653518677,5.08,-2182829.5
90.54781723022461,5.09,-1908003.87
90.5601556301117,5.06,-2596110.0
90.5723249912262,5.1,-1634939.25
90.58481359481812,5.09,-1936387.12
90.59690308570862,5.07,-2328649.0
90.60927891731262,5.09,-1916023.75
90.6216082572937,5.07,-2544887.25
90.63353419303894,5.1,-1629131.25
90.64487195014954,5.09,-1944652.25
90.65735840797424,5.08,-2063764.5
90.66980981826782,5.09,-1974175.5
90.68171000480652,5.08,-2009050.12
90.69368863105774,5.09,-1961410.25
90.7058470249176,5.09,-1965653.87
90.71460890769958,5.08,-2036033.62
90.72700190544128,5.09,-1798883.12
90.7391710281372,5.08,-2004613.87
90.75183606147766,5.09,-1932281.37
90.76425957679749,5.09,-1912005.25
90.77644920349121,5.08,-2031487.37
90.78872108459473,5.09,-1868878.62
90.80148196220398,5.09,-1920059.37
90.81431913375854,5.09,-1948822.25
90.82623744010925,5.09,-1953000.0
90.83879113197327,5.08,-2026961.5
90.850989818573,5.09,-1857466.12
90.86331844329834,5.08,-1987111.12
90.8752760887146,5.09,-1953000.0
90.88743495941162,5.09,-1961410.25
90.89969539642334,5.08,-2013494.87
90.91180086135864,5.09,-1920059.37
90.92379927635193,5.08,-1982772.87
90.93585968017578,5.09,-1969905.37
90.9480447769165,5.09,-1961410.25
90.96016836166382,5.08,-2013494.87
90.96964263916016,5.09,-1888230.0
90.98203110694885,5.09,-1940510.75
90.99442839622498,5.08,-1987111.12
91.00637626647949,5.09,-1948822.25
91.01890397071838,5.08,-2013494.87
91.03119111061096,5.09,-1884329.12
91.04342770576477,5.09,-1936387.12
91.055584192276,5.08,-2004613.87
91.06794571876526,5.09,-1965653.87
91.08036708831787,5.08,-2036033.62
91.09253120422363,5.09,-1888230.0
91.10493564605713,5.09,-1944652.25
91.11694049835205,5.08,-2049809.62
91.12916731834412,5.09,-1961410.25
91.14133167266846,5.08,-2087468.87
91.1534481048584,5.09,-1948822.25
91.16560459136963,5.09,-1961410.25
91.17777681350708,5.08,-2031487.37
91.18978476524353,5.09,-1924112.5
91.20189046859741,5.08,-2063764.5
91.21142649650574,5.09,-1948822.25
91.22343111038208,5.09,-1896091.25
91.23614978790283,5.08,-2000209.0
91.24798941612244,5.09,-1876576.37
91.26059770584106,5.09,-1953000.0
91.2727837562561,5.09,-1944652.25
91.28514862060547,5.08,-1978464.75
91.29712104797363,5.08,-2022444.62
91.3095691204071,5.09,-1904009.37
91.32203936576843,5.08,-1987111.12
91.33439898490906,5.09,-1940510.75
91.34659886360168,5.09,-1953000.0
91.35871911048889,5.08,-1982772.87
91.37091398239136,5.09,-1888230.0
91.38298726081848,5.09,-1953000.0
91.39510655403137,5.08,-1995823.5
91.40693950653076,5.09,-1965653.87
91.4193046092987,5.08,-2031487.37
91.43146204948425,5.09,-1892157.37
91.44351243972778,5.09,-1961410.25
91.45304274559021,5.09,-1961410.25
91.46534323692322,5.09,-1900041.87
91.47775316238403,5.08,-2004613.87
91.48967146873474,5.09,-1831362.25
91.50213694572449,5.09,-1940510.75
91.51455044746399,5.09,-1961410.25
91.52673554420471,5.09,-1969905.37
91.53916573524475,5.08,-2009050.12
91.55150079727173,5.09,-1880444.75
91.56367802619934,5.08,-1995823.5
91.5758912563324,5.08,-1995823.5
91.58827304840088,5.09,-1948822.25
91.60049796104431,5.08,-2077925.87
91.61265659332275,5.09,-1876576.37
91.62445712089539,5.09,-1974175.5
91.636545419693,5.08,-2013494.87
91.64899277687073,5.09,-1953000.0
91.66112279891968,5.08,-2040600.75
91.67306303977966,5.09,-1904009.37
91.68504619598389,5.09,-1953000.0
91.6935224533081,5.08,-2054439.87
91.70574927330017,5.09,-1936387.12
91.71802830696106,5.08,-2017959.62
91.73036241531372,5.09,-1888230.0
91.7426643371582,5.09,-1936387.12
91.75534963607788,5.08,-2036033.62
91.76755261421204,5.09,-1928193.25
91.78009939193726,5.09,-1936387.12
91.79233503341675,5.09,-1912005.25
91.80534815788269,5.08,-1982772.87
91.81755590438843,5.08,-2000209.0
91.82986307144165,5.09,-1948822.25
91.84208965301514,5.08,-1982772.87
91.8542115688324,5.09,-1924112.5
91.86617255210876,5.09,-1944652.25
91.87845849990845,5.08,-2013494.87
91.89055323600769,5.09,-1912005.25
91.90278196334839,5.09,-1974175.5
91.91494965553284,5.08,-1982772.87
91.92695999145508,5.09,-1969905.37
91.93882727622986,5.08,-2036033.62
91.94854784011841,5.09,-1857466.12
91.96087384223938,5.09,-1932281.37
91.9731216430664,5.09,-1928193.25
91.9855887889862,5.09,-1896091.25
91.99773073196411,5.08,-2004613.87
92.01012563705444,5.09,-1872724.5
92.02257680892944,5.09,-1928193.25
92.03473806381226,5.09,-1961410.25
92.04667448997498,5.09,-1953000.0
92.05918741226196,5.08,-2000209.0
92.07162117958069,5.09,-1876576.37
92.0838270187378,5.08,-2004613.87
92.0959951877594,5.09,-1969905.37
92.1081211566925,5.09,-1961410.25
92.12023973464966,5.08,-2017959.62
92.13243961334229,5.09,-1884329.12
92.14444899559021,5.09,-1953000.0
92.1563675403595,5.08,-2004613.87
92.16870284080505,5.09,-1928193.25
92.1808876991272,5.08,-2013494.87
92.19008779525757,5.09,-1896091.25
92.20257019996643,5.09,-1916023.75
92.21494698524475,5.08,-1978464.75
92.22692799568176,5.09,-1912005.25
92.23938179016113,5.08,-2026961.5
92.25175094604492,5.09,-1872724.5
92.26405835151672,5.09,-1940510.75
92.27621150016785,5.08,-2045188.75
92.2886791229248,5.09,-1948822.25
92.30078339576721,5.08,-2068471.12
92.31307649612427,5.09,-1904009.37
92.32538390159607,5.08,-1982772.87
92.33672094345093,5.08,-2026961.5
92.34927606582642,5.09,-1957195.87
92.36153149604797,5.08,-2009050.12
92.37376713752747,5.09,-1936387.12
92.38628792762756,5.09,-1957195.87
92.39844989776611,5.08,-2031487.37
92.41043543815613,5.09,-1816779.75
92.42246413230896,5.08,-1978464.75
92.4346387386322,5.09,-1928193.25
92.44427585601807,5.08,-1978464.75
92.45671558380127,5.08,-1987111.12
92.4689130783081,5.09,-1781341.87
92.48094296455383,5.09,-1965653.87
92.4933660030365,5.09,-1944652.25
92.50574994087219,5.09,-1916023.75
92.51801323890686,5.08,-2026961.5
92.52990078926086,5.09,-1824046.0
92.54245400428772,5.09,-1969905.37
92.55496406555176,5.09,-1944652.25
92.56718921661377,5.09,-1957195.87
92.5794129371643,5.08,-2022444.62
92.59157228469849,5.09,-1820410.0
92.60340809822083,5.08,-1987111.12
92.61549997329712,5.08,-1995823.5
92.62812685966492,5.09,-1932281.37
92.64002323150635,5.08,-2073187.5
92.65221190452576,5.09,-1880444.75
92.66447806358337,5.08,-1982772.87
92.67648768424988,5.08,-2009050.12
92.68576884269714,5.09,-1948822.25
92.69702005386353,5.08,-1987111.12
92.70924067497253,5.09,-1838748.12
92.72151923179626,5.09,-1924112.5
92.73385548591614,5.08,-2017959.62
92.74616265296936,5.09,-1940510.75
92.75958967208862,5.08,-2017959.62
92.77183556556702,5.09,-1892157.37
92.78418469429016,5.09,-1961410.25
92.79655122756958,5.08,-2040600.75
92.80875635147095,5.09,-1969905.37
92.82078814506531,5.08,-2101964.0
92.83325052261353,5.09,-1853693.5
92.84543776512146,5.09,-1953000.0
92.85734701156616,5.08,-2040600.75
92.86976075172424,5.09,-1961410.25
92.88172817230225,5.08,-2054439.87
92.89396619796753,5.09,-1932281.37
92.90600180625916,5.09,-1948822.25
92.918203830719,5.08,-2049809.62
92.930016040802,5.09,-1849926.75
92.94012713432312,5.08,-2004613.87
92.95209956169128,5.09,-1868878.62
92.96443176269531,5.09,-1896091.25
92.97657823562622,5.08,-2022444.62
92.98904752731323,5.09,-1813173.25
93.000981092453,5.09,-1920059.37
93.01358985900879,5.09,-1948822.25
93.02574467658997,5.09,-1944652.25
93.03825187683105,5.08,-2036033.62
93.05031418800354,5.09,-1846185.25
93.06270503997803,5.09,-1948822.25
93.0748450756073,5.08,-1991457.5
93.08732795715332,5.09,-1965653.87
93.0993926525116,5.08,-2045188.75
93.1112916469574,5.09,-1820410.0
93.12350535392761,5.09,-1948822.25
93.13584518432617,5.08,-2013494.87
93.14786887168884,5.09,-1953000.0
93.15974402427673,5.08,-2031487.37
93.17211890220642,5.09,-1904009.37
93.18118453025818,5.09,-1953000.0
93.19378471374512,5.09,-1920059.37
93.20610117912292,5.09,-1880444.75
93.21839308738708,5.08,-1991457.5
93.2305474281311,5.09,-1857466.12
93.24283289909363,5.09,-1948822.25
93.2553334236145,5.09,-1974175.5
93.26762390136719,5.09,-1957195.87
93.27978992462158,5.08,-2054439.87
93.29202246665955,5.09,-1868878.62
93.30431461334229,5.09,-1969905.37
93.31663370132446,5.08,-2054439.87
93.32916474342346,5.09,-1940510.75
93.34090614318848,5.08,-2111733.0
93.3531506061554,5.09,-1948822.25
93.36531066894531,5.09,-1953000.0
93.3774025440216,5.08,-2082686.25
93.38975167274475,5.09,-1936387.12
93.40166592597961,5.08,-2092286.12
93.41392493247986,5.09,-1892157.37
93.4259021282196,5.09,-1961410.25
93.43544507026672,5.08,-2049809.62
93.44772839546204,5.09,-1861254.5
93.46000742912292,5.08,-2073187.5
93.47221422195435,5.09,-1904009.37
93.48456692695618,5.09,-1916023.75
93.49683928489685,5.08,-2054439.87
93.50908017158508,5.09,-1912005.25
93.52113246917725,5.09,-1965653.87
93.53375005722046,5.09,-1924112.5
93.5460524559021,5.09,-1965653.87
93.55805683135986,5.08,-2097113.75
93.57176518440247,5.09,-1888230.0
93.58277916908264,5.09,-1974175.5
93.59464740753174,5.09,-1940510.75
93.60669708251953,5.09,-1932281.37
93.61923956871033,5.08,-2022444.62
93.63102889060974,5.09,-1857466.12
93.64312744140625,5.08,-1978464.75
93.65558886528015,5.08,-2009050.12
93.66765546798706,5.08,-1978464.75
93.67698264122009,5.08,-2045188.75
93.68912863731384,5.09,-1802431.75
93.7004725933075,5.09,-1953000.0
93.71271419525146,5.09,-1944652.25
93.72496962547302,5.09,-1900041.87
93.73731684684753,5.08,-2036033.62
93.74954962730408,5.09,-1888230.0
93.76288032531738,5.09,-1953000.0
93.77528715133667,5.08,-1987111.12
93.78769540786743,5.09,-1944652.25
93.80013465881348,5.08,-2087468.87
93.81211996078491,5.09,-1861254.5
93.82428812980652,5.09,-1961410.25
93.83667588233948,5.08,-2059091.37
93.84866786003113,5.09,-1948822.25
93.86060357093811,5.08,-2045188.75
93.8731210231781,5.09,-1936387.12
93.88512706756592,5.09,-1932281.37
93.89728236198425,5.08,-2087468.87
93.90950083732605,5.09,-1953000.0
93.91882085800171,5.08,-2082686.25
93.93082094192505,5.09,-1838748.12
93.94326090812683,5.09,-1916023.75
93.95572209358215,5.08,-2022444.62
93.96785378456116,5.09,-1936387.12
93.9801983833313,5.08,-2097113.75
93.99221134185791,5.09,-1912005.25
94.00476241111755,5.09,-1957195.87
94.01700925827026,5.08,-2073187.5
94.02934765815735,5.09,-1940510.75
94.04132604598999,5.09,-1969905.37
94.05385780334473,5.09,-1908003.87
94.06619763374329,5.08,-1978464.75
94.07834839820862,5.08,-2026961.5
94.09064269065857,5.09,-1940510.75
94.10232496261597,5.08,-1982772.87
94.11474800109863,5.09,-1953000.0
94.12681841850281,5.09,-1948822.25
94.13888669013977,5.08,-2036033.62
94.15086507797241,5.09,-1846185.25
94.16332674026489,5.09,-1974175.5
94.17253828048706,5.09,-1961410.25
94.18487787246704,5.09,-1900041.87
94.19713258743286,5.08,-2013494.87
94.20945382118225,5.09,-1827696.62
94.22178101539612,5.09,-1953000.0
94.23400831222534,5.09,-1969905.37
94.24632620811462,5.09,-1961410.25
94.25842785835266,5.08,-2000209.0
94.2710554599762,5.09,-1865058.62
94.28311824798584,5.08,-1987111.12
94.29556393623352,5.09,-1969905.37
94.30767917633057,5.09,-1961410.25
94.3202006816864,5.08,-2017959.62
94.3319902420044,5.09,-1857466.12
94.34433627128601,5.09,-1969905.37
94.35648131370544,5.08,-2036033.62
94.36860132217407,5.09,-1961410.25
94.38084483146667,5.08,-2045188.75
94.39285206794739,5.09,-1920059.37
94.40501165390015,5.09,-1969905.37
94.41708159446716,5.08,-2017959.62
94.42651104927063,5.08,-2013494.87
94.43890404701233,4.88,1290974.87
94.45120644569397,5.09,-1924112.5
94.46319794654846,5.09,-1908003.87
94.47568964958191,5.08,-2049809.62
94.48809170722961,5.09,-1969905.37
94.50034999847412,5.08,-1995823.5
94.51236748695374,5.09,-1896091.25
94.5246217250824,5.09,-1965653.87
94.53689789772034,5.08,-2097113.75
94.54951691627502,5.09,-1974175.5
94.56188821792603,5.08,-1995823.5
94.57377481460571,5.08,-2022444.62
94.58626174926758,5.09,-1969905.37
94.5982141494751,5.08,-2017959.62
94.61037349700928,5.09,-1835042.87
94.6224615573883,5.08,-1987111.12
94.63472628593445,5.09,-1940510.75
94.64684724807739,5.09,-1957195.87
94.65885925292969,5.08,-2031487.37
94.67073702812195,5.09,-1846185.25
94.68068432807922,5.09,-1974175.5
94.69249296188354,5.09,-1912005.25
94.70398306846619,5.09,-1900041.87
94.71621561050415,5.08,-2026961.5
94.72848701477051,5.09,-1835042.87
94.74085664749146,5.09,-1904009.37
94.75310611724854,5.09,-1957195.87
94.7657995223999,5.09,-1944652.25
94.77769017219543,5.08,-2059091.37
94.78999471664429,5.09,-1838748.12
94.80227065086365,5.08,-1982772.87
94.81452465057373,5.08,-1982772.87
94.82679724693298,5.08,-1982772.87
94.83926129341125,5.08,-2059091.37
94.85157418251038,5.09,-1900041.87
94.86372876167297,5.09,-1961410.25
94.8760187625885,5.08,-2017959.62
94.88830494880676,5.08,-1978464.75
94.9006609916687,5.08,-2026961.5
94.91263484954834,5.09,-1892157.37
94.92479968070984,5.09,-1965653.87
94.93423080444336,5.08,-2013494.87
94.94665694236755,5.09,-1904009.37
94.95885801315308,5.08,-2040600.75
94.97133350372314,5.09,-1868878.62
94.98377466201782,5.09,-1916023.75
94.9958724975586,5.08,-2026961.5
95.00802254676819,5.09,-1953000.0
95.02053236961365,5.08,-2082686.25
95.03282570838928,5.09,-1868878.62
95.04481506347656,5.09,-1948822.25
95.05746245384216,5.08,-2031487.37
95.06963610649109,5.09,-1957195.87
95.08195281028748,5.08,-2022444.62
95.09369969367981,5.09,-1944652.25
95.10598540306091,5.09,-1957195.87
95.11825275421143,5.08,-2040600.75
95.13036060333252,5.09,-1908003.87
95.14243865013123,5.08,-2009050.12
95.15464520454407,5.09,-1961410.25
95.16652369499207,5.09,-1974175.5
95.17583155632019,5.08,-2017959.62
95.18837833404541,5.09,-1809581.37
95.20069551467896,5.09,-1880444.75
95.21313524246216,5.09,-1936387.12
95.22505187988281,5.09,-1908003.87
95.23758339881897,5.08,-1978464.75
95.2498779296875,5.09,-1868878.62
95.2621328830719,5.09,-1944652.25
95.27416491508484,5.08,-1978464.75
95.28666687011719,5.09,-1948822.25
95.2990951538086,5.08,-2026961.5
95.3111879825592,5.09,-1868878.62
95.32373547554016,5.09,-1940510.75
95.33572268486023,5.08,-1995823.5
95.34799861907959,5.09,-1953000.0
95.3599967956543,5.08,-2022444.62
95.37210988998413,5.09,-1904009.37
95.3840765953064,5.09,-1944652.25
95.39639925956726,5.08,-1982772.87
95.4083890914917,5.09,-1961410.25
95.42070150375366,5.08,-2009050.12
95.4300925731659,5.09,-1857466.12
95.44213199615479,5.09,-1884329.12
95.45473098754883,5.08,-1991457.5
95.46685433387756,5.09,-1932281.37
95.47925591468811,5.08,-2031487.37
95.49161982536316,5.09,-1876576.37
95.50389003753662,5.09,-1957195.87
95.51602625846863,5.08,-2077925.87
95.52810788154602,5.09,-1940510.75
95.54076814651489,5.08,-2092286.12
95.55293154716492,5.09,-1900041.87
95.56523990631104,5.08,-1982772.87
95.57761859893799,5.08,-2059091.37
95.58969640731812,5.09,-1920059.37
95.6018419265747,5.08,-2106837.0
95.61399030685425,5.09,-1944652.25
95.62597894668579,5.08,-1987111.12
95.63818526268005,5.08,-2059091.37
95.6502525806427,5.09,-1924112.5
95.66248726844788,5.09,-1912005.25
95.6742103099823,5.09,-1928193.25
95.6836748123169,5.09,-1969905.37
95.69615077972412,5.08,-1987111.12
95.70741200447083,5.09,-1872724.5
95.71966338157654,5.09,-1936387.12
95.73190069198608,5.09,-1916023.75
95.74416756629944,5.09,-1961410.25
95.75655007362366,5.08,-2063764.5
95.76920986175537,5.09,-1831362.25
95.78163957595825,5.09,-1961410.25
95.79397654533386,5.09,-1957195.87
95.80632948875427,5.09,-1965653.87
95.81902480125427,5.08,-2026961.5
95.83152031898499,5.09,-1849926.75
95.84352087974548,5.09,-1932281.37
95.85570311546326,5.09,-1961410.25
95.86761283874512,5.08,-1995823.5
95.87988686561584,5.08,-2026961.5
95.89186573028564,5.09,-1861254.5
95.90425443649292,5.09,-1940510.75
95.9163589477539,5.08,-1978464.75
95.9284040927887,5.09,-1948822.25
95.93792247772217,5.08,-2040600.75
95.95027017593384,5.09,-1842459.0
95.96246194839478,5.09,-1920059.37
95.97513389587402,5.08,-2031487.37
95.98708152770996,5.09,-1948822.25
95.99939060211182,5.08,-2063764.5
96.01162576675415,5.09,-1888230.0
96.02404117584229,5.09,-1965653.87
96.03602385520935,5.08,-2045188.75
96.04856872558594,5.09,-1974175.5
96.06072688102722,5.08,-2063764.5
96.07313919067383,5.09,-1912005.25
96.08545732498169,5.09,-1953000.0
96.0973310470581,5.08,-2054439.87
96.10941696166992,5.09,-1924112.5
96.12162160873413,5.08,-2059091.37
96.13374018669128,5.09,-1916023.75
96.14574074745178,5.09,-1936387.12
96.15776872634888,5.08,-2073187.5
96.16995453834534,5.09,-1957195.87
96.17951989173889,5.08,-1991457.5
96.1919641494751,5.09,-1884329.12
96.20423412322998,5.09,-1924112.5
96.21632051467896,5.09,-1953000.0
96.22879886627197,5.09,-1932281.37
96.2410569190979,5.09,-1957195.87
96.25320720672607,5.09,-1944652.25
96.26571011543274,5.09,-1957195.87
96.27790927886963,5.08,-2092286.12
96.29022192955017,5.09,-1849926.75
96.30257320404053,5.08,-1982772.87
96.31485414505005,5.08,-1991457.5
96.32684087753296,5.09,-1928193.25
96.33908128738403,5.08,-2031487.37
96.35130429267883,5.09,-1846185.25
96.36341786384583,5.09,-1948822.25
96.3752338886261,5.08,-1982772.87
96.38762521743774,5.09,-1953000.0
96.39964652061462,5.08,-2049809.62
96.41183066368103,5.09,-1872724.5
96.4213080406189,5.08,-2031487.37
96.43368458747864,5.09,-1953000.0
96.44582104682922,5.09,-1924112.5
96.45818209648132,5.09,-1961410.25
96.47045063972473,5.09,-1865058.62
96.48277068138123,5.09,-1948822.25
96.49537348747253,5.08,-2022444.62
96.50710940361023,5.09,-1969905.37
96.51959991455078,5.08,-2045188.75
96.5308895111084,5.09,-1900041.87
96.54352259635925,5.09,-1953000.0
96.5559549331665,5.08,-2082686.25
96.56865763664246,5.09,-1965653.87
96.58087229728699,5.08,-2040600.75
96.59268164634705,5.09,-1904009.37
96.6051619052887,5.09,-1974175.5
96.61711192131042,5.08,-2063764.5
96.6293215751648,5.09,-1953000.0
96.64121079444885,5.08,-2059091.37
96.65319609642029,5.09,-1916023.75
96.66250419616699,5.09,-1965653.87
96.67543029785156,5.08,-2009050.12
96.68739533424377,5.09,-1908003.87
96.69956851005554,5.08,-2026961.5
96.71093988418579,5.09,-1912005.25
96.72312116622925,5.09,-1953000.0
96.73538112640381,5.08,-2063764.5
96.74778461456299,5.08,-1978464.75
96.76004099845886,5.08,-2040600.75
96.77270436286926,5.09,-1974175.5
96.78503036499023,5.09,-1974175.5
96.79728603363037,5.08,-2045188.75
96.8096923828125,5.09,-1861254.5
96.82213926315308,5.08,-1995823.5
96.83459043502808,5.08,-1995823.5
96.8465793132782,5.09,-1969905.37
96.85867142677307,5.08,-2049809.62
96.87103366851807,5.09,-1849926.75
96.88305234909058,5.08,-1995823.5
96.89498782157898,5.08,-1982772.87
96.9073076248169,5.09,-1965653.87
96.91674399375916,5.08,-2063764.5
96.92906975746155,5.09,-1816779.75
96.94153308868408,5.09,-1928193.25
96.95375728607178,5.08,-2004613.87
96.96601963043213,5.09,-1936387.12
96.97812533378601,5.08,-2000209.0
96.99060368537903,5.09,-1846185.25
97.00294065475464,5.08,-1982772.87
97.01524043083191,5.08,-2059091.37
97.02725887298584,5.09,-1948822.25
97.03967618942261,5.08,-2045188.75
97.05178737640381,5.09,-1969905.37
97.06425833702087,5.09,-1965653.87
97.0760977268219,5.08,-2040600.75
97.08844304084778,5.08,-1978464.75
97.10056138038635,5.08,-2049809.62
97.1127598285675,5.09,-1908003.87
97.12494277954102,5.09,-1974175.5
97.13699102401733,5.08,-2054439.87
97.14908027648926,5.08,-1987111.12
97.15848159790039,5.08,-2101964.0
97.17075729370117,5.09,-1868878.62
97.18312406539917,5.09,-1876576.37
97.19533133506775,5.08,-2004613.87
97.20759296417236,5.09,-1948822.25
97.22001123428345,5.08,-2022444.62
97.23226380348206,5.09,-1900041.87
97.24449396133423,5.09,-1969905.37
97.25663924217224,5.08,-2036033.62
97.26904535293579,5.09,-1965653.87
97.28150057792664,5.08,-2045188.75
97.29350876808167,5.09,-1936387.12
97.30596852302551,5.09,-1965653.87
97.31815695762634,5.08,-2054439.87
97.33033037185669,5.09,-1904009.37
97.3421995639801,5.08,-2013494.87
97.3545310497284,5.09,-1936387.12
97.36667370796204,5.08,-2000209.0
97.37872195243835,5.08,-2049809.62
97.39081192016602,5.09,-1835042.87
97.40290021896362,5.08,-2000209.0
97.4123547077179,5.09,-1940510.75
97.42468810081482,5.09,-1904009.37
97.4370367527008,5.09,-1969905.37
97.44935274124146,5.09,-1816779.75
97.46157813072205,5.09,-1924112.5
97.47395133972168,5.09,-1948822.25
97.48620939254761,5.09,-1969905.37
97.4984519481659,5.08,-2026961.5
97.51063513755798,5.09,-1838748.12
97.52274346351624,5.09,-1953000.0
97.53540086746216,5.08,-2000209.0
97.5475823879242,5.09,-1961410.25
97.55968761444092,5.08,-2022444.62
97.57178211212158,5.09,-1838748.12
97.58407640457153,5.09,-1961410.25
97.59608626365662,5.08,-1987111.12
97.60840392112732,5.09,-1936387.12
97.62022352218628,5.08,-2004613.87
97.6322660446167,5.09,-1880444.75
97.64430570602417,5.09,-1924112.5
97.65386629104614,5.08,-1995823.5
97.66632986068726,5.09,-1908003.87
97.67842435836792,5.08,-1991457.5
97.69082975387573,5.09,-1861254.5
97.70301580429077,5.09,-1916023.75
97.71438479423523,5.08,-1991457.5
97.72659492492676,5.09,-1953000.0
97.73891711235046,5.08,-2121607.75
97.75123190879822,5.09,-1900041.87
97.76347661018372,5.09,-1948822.25
97.77599620819092,5.08,-2049809.62
97.78849363327026,5.09,-1948822.25
97.80045747756958,5.08,-2059091.37
97.81303429603577,5.09,-1912005.25
97.82536792755127,5.09,-1953000.0
97.83766293525696,5.08,-2040600.75
97.85007500648499,5.09,-1912005.25
97.8621015548706,5.08,-2059091.37
97.8742265701294,5.09,-1924112.5
97.88635420799255,5.09,-1940510.75
97.89564442634583,5.08,-2031487.37
97.9080662727356,5.09,-1838748.12
97.92045760154724,5.09,-1924112.5
97.93253517150879,5.09,-1876576.37
97.94475269317627,5.09,-1948822.25
97.95721054077148,5.08,-1995823.5
97.96950125694275,5.09,-1865058.62
97.98162460327148,5.08,-2000209.0
97.99399614334106,5.09,-1936387.12
98.00640344619751,5.09,-1940510.75
98.01863813400269,5.08,-2000209.0
98.03082203865051,5.09,-1920059.37
98.04299139976501,5.09,-1965653.87
98.05536675453186,5.09,-1944652.25
98.06739354133606,5.09,-1920059.37
98.07973623275757,5.08,-2031487.37
98.09162783622742,5.09,-1884329.12
98.10389113426208,5.09,-1953000.0
98.11593127250671,5.08,-1982772.87
98.12804222106934,5.09,-1944652.25
98.13986587524414,5.08,-2000209.0
98.14976406097412,5.09,-1876576.37
98.16195178031921,5.09,-1892157.37
98.17419266700745,5.09,-1953000.0
98.1865746974945,5.09,-1928193.25
98.19891262054443,5.08,-2036033.62
98.21103191375732,5.09,-1861254.5
98.22338628768921,5.09,-1928193.25
98.23570322990417,5.08,-2026961.5
98.24808263778687,5.09,-1961410.25
98.26011085510254,5.08,-2054439.87
98.27253675460815,5.09,-1932281.37
98.28484916687012,5.09,-1948822.25
98.2969810962677,5.08,-2031487.37
98.30936765670776,5.09,-1924112.5
98.32106256484985,5.08,-2068471.12
98.3333249092102,5.09,-1940510.75
98.34542989730835,5.09,-1936387.12
98.35770630836487,5.08,-2022444.62
98.36975908279419,5.09,-1944652.25
98.3817298412323,5.08,-2082686.25
98.39107728004456,5.09,-1900041.87
98.4035255908966,5.09,-1896091.25
98.41595768928528,5.08,-2009050.12
98.42820453643799,5.09,-1880444.75
98.44052267074585,5.09,-1948822.25
98.45266437530518,5.09,-1892157.37
98.46505928039551,5.09,-1969905.37
98.47712755203247,5.08,-2040600.75
98.48978304862976,5.09,-1892157.37
98.5016758441925,5.09,-1944652.25
98.51419496536255,5.08,-1995823.5
98.5254647731781,5.09,-1965653.87
98.53822994232178,5.08,-2013494.87
98.55039715766907,5.09,-1835042.87
98.5629460811615,5.08,-1982772.87
98.57506084442139,5.09,-1957195.87
98.58726501464844,5.09,-1965653.87
98.59953331947327,5.08,-2009050.12
98.61130499839783,5.09,-1849926.75
98.62345790863037,5.08,-1991457.5
98.63536405563354,5.09,-1974175.5
98.64508557319641,5.09,-1932281.37
98.65768671035767,5.09,-1948822.25
98.66992139816284,5.09,-1838748.12
98.68191862106323,5.09,-1961410.25
98.69427752494812,5.08,-1987111.12
98.70674872398376,5.09,-1940510.75
98.71875405311584,5.08,-2036033.62
98.7300853729248,5.09,-1868878.62
98.7423825263977,5.09,-1953000.0
98.75460171699524,5.08,-2013494.87
98.76696062088013,5.09,-1944652.25
98.77926826477051,5.08,-2031487.37
98.79196214675903,5.09,-1900041.87
98.8040759563446,5.09,-1944652.25
98.81647562980652,5.08,-2031487.37
98.8287558555603,5.08,-1982772.87
98.8408682346344,5.08,-2054439.87
98.85346627235413,5.09,-1884329.12
98.86549687385559,5.09,-1953000.0
98.87749719619751,5.08,-2031487.37
98.88960790634155,5.09,-1953000.0
98.89926958084106,5.09,-1969905.37
98.9113552570343,5.09,-1868878.62
98.92379641532898,5.09,-1908003.87
98.93601655960083,5.09,-1953000.0
98.94838976860046,5.09,-1957195.87
98.96044588088989,5.08,-1982772.87
98.9728090763092,5.09,-1924112.5
98.98526334762573,5.09,-1953000.0
98.99745154380798,5.08,-2017959.62
99.00994515419006,5.09,-1857466.12
99.02197670936584,5.09,-1961410.25
99.03429222106934,5.09,-1940510.75
99.04620456695557,5.09,-1948822.25
99.058673620224,5.08,-2026961.5
99.07053923606873,5.09,-1827696.62
99.08286046981812,5.09,-1961410.25
99.09500122070312,5.09,-1944652.25
99.10716938972473,5.08,-1991457.5
99.119304895401,5.08,-2022444.62
99.13101816177368,5.09,-1846185.25
99.14089107513428,5.09,-1924112.5
99.15287351608276,5.09,-1936387.12
99.16538715362549,5.09,-1920059.37
99.17750549316406,5.08,-1982772.87
99.1900224685669,5.09,-1849926.75
99.20212578773499,5.09,-1936387.12
99.21450662612915,5.08,-2036033.62
99.22682666778564,5.09,-1948822.25
99.23917126655579,5.08,-2026961.5
99.25152683258057,5.09,-1861254.5
99.26374125480652,5.09,-1965653.87
99.27610278129578,5.08,-2022444.62
99.28837823867798,5.08,-1982772.87
99.30053114891052,5.08,-2026961.5
99.31248950958252,5.09,-1908003.87
99.32462453842163,5.09,-1953000.0
99.3367109298706,5.08,-2031487.37
99.34886240959167,5.09,-1948822.25
99.3607873916626,5.08,-2026961.5
99.37304520606995,5.09,-1865058.62
99.38223576545715,5.09,-1944652.25
99.39467406272888,5.08,-2000209.0
99.40716481208801,5.09,-1904009.37
99.41939520835876,5.09,-1957195.87
99.43149924278259,5.09,-1892157.37
99.44377756118774,5.09,-1940510.75
99.45622777938843,5.08,-2013494.87
99.46865916252136,5.09,-1944652.25
99.48086881637573,5.08,-2013494.87
99.49286341667175,5.09,-1957195.87
99.50549125671387,5.09,-1953000.0
99.51768231391907,5.08,-2026961.5
99.52974128723145,5.09,-1827696.62
99.54203486442566,5.08,-1991457.5
99.55424976348877,5.09,-1944652.25
99.56639432907104,5.09,-1944652.25
99.57839465141296,5.08,-2022444.62
99.5919554233551,5.09,-1842459.0
99.60252952575684,5.09,-1940510.75
99.61467790603638,5.09,-1940510.75
99.62662172317505,5.09,-1944652.25
99.63587045669556,5.08,-2009050.12
99.64826440811157,5.09,-1798883.12
99.66087770462036,5.09,-1892157.37
99.67327809333801,5.09,-1957195.87
99.68561887741089,5.09,-1920059.37
99.69790005683899,5.09,-1965653.87
99.71046733856201,5.09,-1824046.0
99.72213244438171,5.09,-1961410.25
99.73353338241577,5.08,-1982772.87
99.74578833580017,5.09,-1948822.25
99.75817203521729,5.08,-2022444.62
99.77046394348145,5.09,-1880444.75
99.7826726436615,5.09,-1957195.87
99.79513001441956,5.08,-1991457.5
99.80758023262024,5.09,-1969905.37
99.8198344707489,5.08,-2013494.87
99.83200407028198,5.09,-1896091.25
99.84423542022705,5.09,-1948822.25
99.85631370544434,5.08,-2013494.87
99.86836814880371,5.08,-2004613.87
99.87764620780945,5.08,-2087468.87
99.88992643356323,5.09,-1849926.75
99.90230226516724,5.09,-1920059.37
99.91449761390686,5.09,-1961410.25
99.92681074142456,5.09,-1944652.25
99.93907308578491,5.08,-2009050.12
99.95145297050476,5.09,-1896091.25
99.96364951133728,5.09,-1965653.87
99.97559094429016,5.08,-2045188.75
99.98796057701111,5.09,-1900041.87
100.00017976760864,5.08,-2054439.87
100.0124261379242,5.09,-1969905.37
100.02488470077515,5.09,-1928193.25
100.03737497329712,5.08,-2045188.75
100.05000710487366,5.09,-1916023.75
100.0618679523468,5.09,-1969905.37
100.0742700099945,5.09,-1944652.25
100.08629488945007,5.09,-1969905.37
100.09844446182251,5.08,-2026961.5
100.11036372184753,5.09,-1857466.12
100.12267780303955,5.09,-1940510.75
100.13221144676208,5.09,-1944652.25
100.14417243003845,5.09,-1900041.87
100.15656018257141,5.09,-1932281.37
100.16897797584534,5.09,-1806003.87
100.18116903305054,5.09,-1948822.25
100.19343280792236,5.09,-1974175.5
100.20579981803894,5.09,-1953000.0
100.21806573867798,5.08,-2031487.37
100.23032402992249,5.09,-1857466.12
100.242342710495,5.09,-1948822.25
100.25471425056458,5.08,-1982772.87
100.26730823516846,5.09,-1974175.5
100.27943348884583,5.08,-2026961.5
100.29178667068481,5.09,-1853693.5
100.30366468429565,5.09,-1957195.87
100.31585788726807,5.09,-1974175.5
100.32783031463623,5.09,-1953000.0
100.34006786346436,5.08,-2054439.87
100.35197877883911,5.09,-1872724.5
100.36440467834473,5.09,-1969905.37
100.37619066238403,5.08,-2004613.87
100.3859806060791,5.09,-1940510.75
100.39828395843506,5.08,-2045188.75
100.41091680526733,5.09,-1861254.5
100.42266631126404,5.09,-1912005.25
100.43508410453796,5.08,-2022444.62
100.44739961624146,5.09,-1924112.5
100.45972800254822,5.08,-2059091.37
100.4721314907074,5.09,-1900041.87
100.48415541648865,5.09,-1957195.87
100.49658560752869,5.08,-2036033.62
100.5089340209961,5.09,-1928193.25
100.52116584777832,5.08,-2073187.5
100.53270697593689,5.09,-1912005.25
100.54502463340759,5.08,-1995823.5
100.55748438835144,5.08,-2031487.37
100.56971764564514,5.09,-1912005.25
100.58160471916199,5.09,-1965653.87
100.59376549720764,5.09,-1928193.25
100.60617184638977,5.09,-1932281.37
100.61813998222351,5.08,-2045188.75
100.62755155563354,5.09,-1888230.0
100.64000058174133,5.09,-1932281.37
100.65221095085144,5.09,-1904009.37
100.66447472572327,5.09,-1908003.87
100.67684864997864,5.08,-2004613.87
100.68905115127563,5.09,-1835042.87
100.70112752914429,5.09,-1957195.87
100.71330785751343,5.09,-1948822.25
100.72476315498352,5.09,-1953000.0
100.7370457649231,5.08,-2013494.87
100.74934887886047,5.09,-1849926.75
100.76163959503174,5.09,-1961410.25
100.77396941184998,5.09,-1961410.25
100.78717231750488,5.09,-1932281.37
100.79922151565552,5.08,-2063764.5
100.81128120422363,5.09,-1849926.75
100.8236711025238,5.09,-1920059.37
100.83574533462524,5.09,-1948822.25
100.84787225723267,5.09,-1957195.87
100.86005139350891,5.08,-2097113.75
100.87195444107056,5.09,-1861254.5
100.88161706924438,5.09,-1944652.25
100.893639087677,5.09,-1948822.25
100.90610647201538,5.09,-1924112.5
100.9184799194336,5.08,-2031487.37
100.93075203895569,5.09,-1846185.25
100.94292449951172,5.09,-1961410.25
100.95529437065125,5.08,-2009050.12
100.96762585639954,5.09,-1924112.5
100.97978711128235,5.08,-2059091.37
100.99187850952148,5.09,-1892157.37
101.0044093132019,5.09,-1944652.25
101.01676893234253,5.08,-2036033.62
101.02886128425598,5.08,-1987111.12
101.04175591468811,5.08,-1987111.12
101.053213596344,5.09,-1904009.37
101.06544709205627,5.09,-1969905.37
101.07738542556763,5.08,-2077925.87
101.08962559700012,5.09,-1928193.25
101.10171556472778,5.08,-1978464.75
101.11383533477783,5.09,-1912005.25
101.12594556808472,5.09,-1940510.75
101.13546061515808,5.08,-2004613.87
101.14776349067688,5.09,-1884329.12
101.16041684150696,5.09,-1916023.75
101.17234373092651,5.09,-1912005.25
101.1845633983612,5.09,-1961410.25
101.19688630104065,5.08,-1995823.5
101.20941615104675,5.09,-1846185.25
101.22135186195374,5.09,-1961410.25
101.23367428779602,5.09,-1974175.5
101.24592804908752,5.09,-1953000.0
101.25833892822266,5.08,-2022444.62
101.27046084403992,5.09,-1868878.62
101.28278183937073,5.09,-1940510.75
101.29478216171265,5.09,-1948822.25
101.30697202682495,5.08,-2022444.62
101.31898474693298,5.08,-2000209.0
101.33109784126282,5.09,-1857466.12
101.34320735931396,5.08,-1995823.5
101.35527300834656,5.08,-2013494.87
101.3674545288086,5.09,-1969905.37
101.37683010101318,5.08,-2054439.87
101.38912296295166,5.09,-1838748.12
101.40161371231079,5.09,-1908003.87
101.41373825073242,5.09,-1961410.25
101.42617511749268,5.09,-1944652.25
101.43845629692078,5.08,-2022444.62
101.45078372955322,5.09,-1853693.5
101.46307754516602,5.09,-1948822.25
101.4753770828247,5.08,-2013494.87
101.48774600028992,5.09,-1940510.75
101.49998593330383,5.08,-2049809.62
101.51209282875061,5.09,-1900041.87
101.5242657661438,5.09,-1965653.87
101.53649163246155,5.08,-2049809.62
101.54864835739136,5.09,-1928193.25
101.56085729598999,5.08,-2000209.0
101.57292342185974,5.09,-1908003.87
101.58523917198181,5.08,-1995823.5
101.59718585014343,5.08,-1995823.5
101.60927081108093,5.09,-1965653.87
101.62142992019653,5.08,-1995823.5
101.63125681877136,5.08,-2004613.87
101.64333605766296,5.09,-1924112.5
101.65542483329773,5.08,-1995823.5
101.66788649559021,5.09,-1957195.87
101.68008065223694,5.09,-1953000.0
101.69231915473938,5.09,-1940510.75
101.7044837474823,5.09,-1953000.0
101.71700263023376,5.08,-2017959.62
101.72912621498108,5.09,-1838748.12
101.7405424118042,5.09,-1965653.87
101.75277709960938,5.08,-1995823.5
101.76509284973145,5.08,-1995823.5
101.77723741531372,5.08,-2031487.37
101.78949093818665,5.09,-1853693.5
101.8021171092987,5.09,-1948822.25
101.81433320045471,5.08,-1978464.75
101.8267092704773,5.08,-1982772.87
101.83866691589355,5.08,-1987111.12
101.85119915008545,5.09,-1853693.5
101.86317110061646,5.09,-1961410.25
101.87281727790833,5.08,-2026961.5
101.88479495048523,5.09,-1920059.37
101.89728140830994,5.09,-1974175.5
101.90952324867249,5.09,-1846185.25
101.92168474197388,5.09,-1948822.25
101.93396091461182,5.08,-2004613.87
101.94644021987915,5.09,-1944652.25
101.95872116088867,5.08,-2013494.87
101.9708981513977,5.09,-1888230.0
101.9831292629242,5.09,-1965653.87
101.99535202980042,5.08,-2045188.75
102.00767040252686,5.08,-1978464.75
102.02013874053955,5.08,-2013494.87
102.03204202651978,5.09,-1920059.37
102.04444622993469,5.08,-1978464.75
102.05655145645142,5.08,-2022444.62
102.06849598884583,5.09,-1957195.87
102.08067011833191,5.08,-2082686.25
102.09285020828247,5.09,-1880444.75
102.10511684417725,5.09,-1965653.87
102.11443400382996,5.08,-2031487.37
102.1266942024231,5.09,-1920059.37
102.13890862464905,5.09,-1961410.25
102.15127921104431,5.09,-1876576.37
102.16343545913696,5.09,-1940510.75
102.17561674118042,5.08,-2036033.62
102.18802189826965,5.09,-1838748.12
102.2005262374878,5.08,-2017959.62
102.21244263648987,5.09,-1953000.0
102.22488856315613,5.09,-1961410.25
102.23720741271973,5.08,-2026961.5
102.24964952468872,5.09,-1853693.5
102.26165223121643,5.09,-1928193.25
102.27383756637573,5.09,-1940510.75
102.28611302375793,5.09,-1961410.25
102.2982530593872,5.08,-1987111.12
102.31020903587341,5.09,-1838748.12
102.32246685028076,5.09,-1948822.25
102.33464121818542,5.09,-1948822.25
102.34683227539062,5.09,-1936387.12
102.3587749004364,5.08,-2009050.12
102.36831283569336,5.09,-1865058.62
102.38062715530396,5.09,-1896091.25
102.39296865463257,5.09,-1916023.75
102.40518808364868,5.09,-1965653.87
102.41740727424622,5.08,-1982772.87
102.4297022819519,5.09,-1853693.5
102.44190287590027,5.09,-1953000.0
102.45414423942566,5.08,-1995823.5
102.46654224395752,5.09,-1944652.25
102.47871851921082,5.08,-1987111.12
102.49132084846497,5.09,-1865058.62
102.50339269638062,5.09,-1912005.25
102.51567029953003,5.08,-2000209.0
102.52769994735718,5.09,-1957195.87
102.53982996940613,5.08,-2082686.25
102.55200695991516,5.09,-1884329.12
102.56426310539246,5.09,-1953000.0
102.57640385627747,5.08,-2059091.37
102.58842730522156,5.09,-1944652.25
102.60160446166992,5.08,-2054439.87
102.61268830299377,5.09,-1948822.25
102.6220293045044,5.09,-1944652.25
102.63456153869629,5.09,-1961410.25
102.64677286148071,5.09,-1932281.37
102.6590805053711,5.08,-2026961.5
102.67118573188782,5.09,-1916023.75
102.6833848953247,5.09,-1948822.25
102.69583439826965,5.08,-2054439.87
102.70822143554688,5.09,-1908003.87
102.72053503990173,5.08,-2036033.62
102.73253178596497,5.09,-1924112.5
102.74395084381104,5.09,-1932281.37
102.75620365142822,5.08,-2040600.75
102.76857042312622,5.09,-1880444.75
102.78073978424072,5.08,-2000209.0
102.79295992851257,5.09,-1908003.87
102.80547642707825,5.09,-1965653.87
102.8178186416626,5.08,-1991457.5
102.82989692687988,5.09,-1888230.0
102.84209728240967,5.09,-1969905.37
102.85440230369568,5.08,-2009050.12
102.86368489265442,5.09,-1957195.87
102.87602853775024,5.09,-1974175.5
102.8884506225586,5.09,-1831362.25
102.90084886550903,5.09,-1916023.75
102.91287159919739,5.09,-1916023.75
102.92532849311829,5.09,-1924112.5
102.9373927116394,5.08,-2022444.62
102.9499135017395,5.09,-1868878.62
102.96199703216553,5.09,-1953000.0
102.97429251670837,5.08,-1995823.5
102.98653864860535,5.08,-1995823.5
102.99881052970886,5.08,-2022444.62
103.01120090484619,5.09,-1872724.5
103.023113489151,5.09,-1969905.37
103.03527545928955,5.08,-2013494.87
103.04747080802917,5.09,-1944652.25
103.05914258956909,5.08,-2087468.87
103.07133293151855,5.09,-1892157.37
103.08358597755432,5.09,-1936387.12
103.09602308273315,5.08,-2031487.37
103.10483694076538,5.09,-1953000.0
103.11700320243835,5.08,-2013494.87
103.129958152771,5.09,-1857466.12
103.14232420921326,5.09,-1932281.37
103.15446519851685,5.08,-2049809.62
103.16701531410217,5.09,-1865058.62
103.17915415763855,5.08,-2073187.5
103.19158864021301,5.09,-1920059.37
103.2036669254303,5.09,-1944652.25
103.21614289283752,5.08,-2031487.37
103.22823071479797,5.09,-1936387.12
103.24062991142273,5.09,-1974175.5
103.25292229652405,5.09,-1940510.75
103.26502275466919,5.09,-1957195.87
103.27717518806458,5.08,-2031487.37
103.28942632675171,5.09,-1908003.87
103.30152106285095,5.09,-1953000.0
103.31356000900269,5.09,-1924112.5
103.3256995677948,5.09,-1944652.25
103.33797144889832,5.08,-2054439.87
103.35016131401062,5.09,-1868878.62
