Time (s),Voltage (V),Resistance (Ohm)
0.0013270378112792969,4.73,574874.43
0.0026862621307373047,4.73,582097.87
0.0039157867431640625,4.73,579529.31
0.0050961971282958984,4.73,579103.5
0.006263256072998047,4.73,582527.93
0.0074350833892822266,4.73,574874.43
0.008829116821289062,4.73,582097.87
0.010187149047851562,4.73,583390.81
0.011509895324707031,4.73,581668.5
0.012700080871582031,4.73,581239.68
0.013886213302612305,4.73,577828.5
0.015073299407958984,4.73,585557.0
0.01624774932861328,4.73,588176.5
0.01742100715637207,4.73,582097.87
0.01861739158630371,4.73,582097.87
0.01979231834411621,4.73,578677.18
0.020966768264770508,4.73,583822.56
0.022141218185424805,4.73,578677.18
0.023429393768310547,4.73,582527.93
0.026597023010253906,4.73,579955.75
0.027918100357055664,4.73,576981.12
0.029074668884277344,4.73,585122.75
0.030220508575439453,4.73,579529.31
0.031304121017456055,4.73,582958.5
0.03244376182556152,4.73,578677.18
0.03356027603149414,4.73,574874.43
0.03473854064941406,4.73,585557.0
0.03581047058105469,4.73,584688.06
0.03685927391052246,4.73,579955.75
0.037897348403930664,4.73,581668.5
0.03893280029296875,4.73,579529.31
0.03997635841369629,4.73,585557.0
0.04104208946228027,4.73,579955.75
0.04207897186279297,4.73,581239.68
0.04311370849609375,4.73,579955.75
0.04421663284301758,4.73,571534.43
0.04542136192321777,4.73,587301.18
0.04679417610168457,4.73,580810.37
0.04789018630981445,4.73,580810.37
0.048949480056762695,4.73,580382.75
0.049997568130493164,4.73,574874.43
0.05104875564575195,4.73,585557.0
0.05208849906921387,4.73,584688.06
0.053133487701416016,4.73,582097.87
0.05417656898498535,4.73,582958.5
0.05523800849914551,4.73,577828.5
0.056316375732421875,4.73,585122.75
0.060735225677490234,4.73,576981.12
0.0731043815612793,4.73,579103.5
0.08537077903747559,4.73,580382.75
0.09755110740661621,4.73,575295.43
0.10973668098449707,4.73,585991.87
0.12187838554382324,4.73,579529.31
0.1339890956878662,4.73,577828.5
0.14588499069213867,4.73,578252.56
0.15812134742736816,4.73,576137.12
0.17008018493652344,4.73,586427.31
0.17928194999694824,4.73,580382.75
0.19178056716918945,4.73,582527.93
0.20417141914367676,4.73,585991.87
0.21638751029968262,4.73,583390.81
0.22848296165466309,4.73,586427.31
0.2406022548675537,4.73,581239.68
0.25326967239379883,4.73,579955.75
0.2653021812438965,4.73,581668.5
0.2776031494140625,4.73,578252.56
0.29006266593933105,4.73,587301.18
0.30238795280456543,4.73,578677.18
0.31431031227111816,4.73,579103.5
0.3264651298522949,4.73,580382.75
0.3384263515472412,4.73,576558.81
0.35053205490112305,4.73,587301.18
0.3597288131713867,4.73,582958.5
0.37206125259399414,4.73,582527.93
0.3844020366668701,4.73,587301.18
0.39640116691589355,4.73,579955.75
0.4088146686553955,4.73,587301.18
0.42124438285827637,4.73,584688.06
0.4336240291595459,4.73,579955.75
0.44560933113098145,4.73,579955.75
0.4577786922454834,4.73,572365.68
0.47024083137512207,4.73,586427.31
0.4826633930206299,4.73,578677.18
0.4948537349700928,4.73,579955.75
0.5067832469940186,4.73,582527.93
0.5188474655151367,4.73,576137.12
0.5310735702514648,4.73,588615.0
0.5430476665496826,4.73,582097.87
0.5522928237915039,4.73,581239.68
0.5644891262054443,4.73,588615.0
0.577141284942627,4.73,583390.81
0.5889475345611572,4.73,589055.31
0.6014018058776855,4.73,587301.18
0.6136555671691895,4.73,579955.75
0.6260461807250977,4.73,585122.75
0.6381852626800537,4.73,577405.06
0.6504502296447754,4.73,588176.5
0.662651777267456,4.73,585122.75
0.6750788688659668,4.73,579529.31
0.6871089935302734,4.73,582958.5
0.6991391181945801,4.73,574036.18
0.7113621234893799,4.73,588176.5
0.7233321666717529,4.73,585557.0
0.7353737354278564,4.73,581668.5
0.7447893619537354,4.73,584688.06
0.7571697235107422,4.73,583822.56
0.769054651260376,4.74,592148.06
0.7816600799560547,4.73,586863.43
0.7939832210540771,4.73,581239.68
0.8062300682067871,4.73,587738.56
0.8182475566864014,4.73,579955.75
0.8306679725646973,4.74,590376.5
0.8424303531646729,4.73,586427.31
0.8542866706848145,4.73,582527.93
0.8664727210998535,4.73,584688.06
0.8786303997039795,4.73,583390.81
0.8909003734588623,4.74,590376.5
0.9031093120574951,4.73,586863.43
0.9156367778778076,4.73,582097.87
0.9243927001953125,4.73,588176.5
0.9366986751556396,4.74,590376.5
0.9488732814788818,4.74,596170.75
0.9614038467407227,4.74,591261.62
0.9739067554473877,4.73,584255.06
0.9865353107452393,4.73,588615.0
0.9984548091888428,4.73,589495.06
1.0107510089874268,4.74,592592.25
1.0232336521148682,4.74,590376.5
1.035550832748413,4.73,582958.5
1.047661304473877,4.74,592592.25
1.0597951412200928,4.73,584255.06
1.0719354152679443,4.74,593037.06
1.084097146987915,4.73,584688.06
1.095921277999878,4.73,584255.06
1.1081151962280273,4.74,592592.25
1.1176366806030273,4.74,590376.5
1.1295466423034668,4.74,599334.87
1.1420745849609375,4.74,593929.68
1.1544325351715088,4.73,585557.0
1.166574239730835,4.74,595272.87
1.1786901950836182,4.74,592592.25
1.1911964416503906,4.74,592148.06
1.2034873962402344,4.74,592592.25
1.2156972885131836,4.73,586863.43
1.2280988693237305,4.74,595721.5
1.2401738166809082,4.73,589495.06
1.2524876594543457,4.74,596170.75
1.2643961906433105,4.74,589935.5
1.2765748500823975,4.73,586863.43
1.2885308265686035,4.74,596620.68
1.3007025718688965,4.74,590818.18
1.309948444366455,4.74,593929.68
1.3220179080963135,4.74,598427.93
1.3345353603363037,4.74,591261.62
1.3466565608978271,4.74,602073.68
1.3590328693389893,4.74,598881.06
1.3713691234588623,4.74,593929.68
1.3836393356323242,4.74,594376.37
1.396106481552124,4.73,589495.06
1.4082090854644775,4.74,600701.37
1.420612096786499,4.74,597071.18
1.4327595233917236,4.74,591704.56
1.4450726509094238,4.74,593037.06
1.4571127891540527,4.73,587738.56
1.4689807891845703,4.74,602532.12
1.4811441898345947,4.74,593929.68
1.4932336807250977,4.74,593037.06
1.502417802810669,4.74,595272.87
1.5146636962890625,4.74,595272.87
1.5270752906799316,4.74,606225.62
1.539074420928955,4.74,593483.62
1.5515658855438232,4.74,595721.5
1.5637080669403076,4.74,594376.37
1.5762355327606201,4.74,590376.5
1.5885941982269287,4.74,601616.0
1.6007249355316162,4.73,589495.06
1.6128511428833008,4.74,594376.37
1.6254642009735107,4.74,593483.62
1.6374449729919434,4.74,591704.56
1.6492736339569092,4.74,602073.68
1.661799430847168,4.74,599334.87
1.6738157272338867,4.74,594823.75
1.6857988834381104,4.74,593929.68
1.695007085800171,4.73,589495.06
1.7073605060577393,4.74,606690.0
1.719299554824829,4.74,600245.62
1.7317869663238525,4.74,596620.68
1.7441627979278564,4.74,597071.18
1.7564287185668945,4.74,594823.75
1.768824577331543,4.74,602073.68
1.7809479236602783,4.74,591261.62
1.7932720184326172,4.74,595272.87
1.8057489395141602,4.74,594823.75
1.81789231300354,4.74,591261.62
1.8297245502471924,4.74,600701.37
1.8417420387268066,4.74,594823.75
1.8534226417541504,4.74,592148.06
1.8655645847320557,4.74,596170.75
1.8777351379394531,4.74,591261.62
1.8863410949707031,4.74,601616.0
1.8986165523529053,4.74,602532.12
1.910963773727417,4.74,597523.56
1.9235987663269043,4.74,599790.43
1.9360151290893555,4.74,594376.37
1.9483447074890137,4.74,602991.12
1.9605143070220947,4.74,595721.5
1.9729766845703125,4.74,591704.56
1.9854769706726074,4.74,593929.68
1.997682809829712,4.74,590818.18
2.0099751949310303,4.74,599790.43
2.0222156047821045,4.74,596620.68
2.0346157550811768,4.73,588615.0
2.0465307235717773,4.74,597071.18
2.0586817264556885,4.73,588176.5
2.070526123046875,4.74,602073.68
2.0796492099761963,4.74,595272.87
2.0919766426086426,4.74,600245.62
2.104651927947998,4.74,602073.68
2.1169397830963135,4.74,592148.06
2.1290054321289062,4.74,602991.12
2.14133882522583,4.74,597975.43
2.1537482738494873,4.74,590376.5
2.1659188270568848,4.74,599790.43
2.1784260272979736,4.74,591704.56
2.190478801727295,4.74,603450.87
2.2029173374176025,4.74,597975.43
2.214949131011963,4.74,592148.06
2.227144241333008,4.74,600245.62
2.2389323711395264,4.73,588176.5
2.2512948513031006,4.74,602073.68
2.2631964683532715,4.74,598427.93
2.2753336429595947,4.74,592148.06
2.284780502319336,4.74,598881.06
2.2969701290130615,4.74,597975.43
2.3090453147888184,4.74,604373.5
2.3213438987731934,4.74,602073.68
2.333707571029663,4.74,595721.5
2.3464627265930176,4.74,598881.06
2.3582398891448975,4.74,592592.25
2.3707215785980225,4.74,602073.68
2.3829996585845947,4.74,598881.06
2.3954577445983887,4.74,596170.75
2.4075980186462402,4.74,597071.18
2.419617176055908,4.74,594376.37
2.431736946105957,4.74,602532.12
2.4438207149505615,4.74,599334.87
2.4559824466705322,4.74,595721.5
2.4677908420562744,4.74,601157.75
2.477320432662964,4.74,597071.18
2.4893136024475098,4.74,607155.12
2.501908302307129,4.74,602991.12
2.5139288902282715,4.74,598881.06
2.5265369415283203,4.74,599334.87
2.538808822631836,4.74,597975.43
2.550980806350708,4.74,600245.62
2.5631978511810303,4.74,600245.62
2.5755434036254883,4.74,593483.62
2.587616205215454,4.74,609023.43
2.600095510482788,4.74,598881.06
2.6121902465820312,4.74,601157.75
2.624297618865967,4.74,600701.37
2.6365344524383545,4.74,594376.37
2.648563861846924,4.74,606690.0
2.660658121109009,4.74,599334.87
2.669893264770508,4.74,597975.43
2.681842803955078,4.74,605297.62
2.694432020187378,4.74,602073.68
2.706693410873413,4.75,615171.18
2.7189688682556152,4.74,600245.62
2.7309646606445312,4.74,601616.0
2.743117570877075,4.74,602073.68
2.7554244995117188,4.74,596620.68
2.767693281173706,4.74,608088.5
2.7799835205078125,4.74,599790.43
2.792196035385132,4.74,598427.93
2.804361581802368,4.74,598427.93
2.8163869380950928,4.74,596620.68
2.82832932472229,4.74,606690.0
2.840440034866333,4.74,598881.06
2.8525989055633545,4.74,598427.93
2.8611292839050293,4.74,597523.56
2.8734593391418457,4.74,598881.06
2.8857414722442627,4.74,610902.68
2.8980510234832764,4.74,597523.56
2.9105777740478516,4.74,596620.68
2.922943592071533,4.74,598427.93
2.9353630542755127,4.74,592592.25
2.9476568698883057,4.74,603450.87
2.9604058265686035,4.74,597975.43
2.972858428955078,4.74,595721.5
2.9850893020629883,4.74,598881.06
2.9971156120300293,4.74,593929.68
3.0093586444854736,4.74,601616.0
3.021432638168335,4.74,594376.37
3.033546209335327,4.74,595721.5
3.045626640319824,4.74,596170.75
3.0547118186950684,4.74,593037.06
3.067002773284912,4.74,609961.06
3.0794060230255127,4.74,597523.56
3.0917410850524902,4.74,597071.18
3.1037893295288086,4.74,600701.37
3.116246223449707,4.74,594376.37
3.128561019897461,4.74,603450.87
3.140895128250122,4.74,596620.68
3.1528258323669434,4.74,595272.87
3.1652982234954834,4.74,599334.87
3.17740535736084,4.74,597975.43
3.18980073928833,4.74,603450.87
3.201972007751465,4.74,597975.43
3.2138006687164307,4.74,594376.37
3.2260844707489014,4.74,596620.68
3.2382407188415527,4.74,593483.62
3.250117778778076,4.74,603912.43
3.259622097015381,4.74,597523.56
3.2720277309417725,4.74,601157.75
3.2838921546936035,4.74,605297.62
3.2961106300354004,4.74,596170.75
3.3087596893310547,4.74,607155.12
3.3210771083831787,4.74,603450.87
3.3330137729644775,4.74,596620.68
3.3456814289093018,4.74,601157.75
3.358017921447754,4.74,597523.56
3.3701486587524414,4.74,607620.87
3.3823132514953613,4.74,602532.12
3.3944003582000732,4.74,598427.93
3.406564712524414,4.74,600245.62
3.4186441898345947,4.74,599334.87
3.4305758476257324,4.74,609961.06
3.442772626876831,4.74,598427.93
3.4520444869995117,4.74,597071.18
3.4641530513763428,4.74,609491.93
3.476752758026123,4.74,600701.37
3.4891345500946045,4.74,611373.87
3.5011587142944336,4.74,606225.62
3.513563632965088,4.74,598881.06
3.525730609893799,4.74,599790.43
3.538170099258423,4.74,599790.43
3.550527334213257,4.74,608088.5
3.5625903606414795,4.74,603450.87
3.5749735832214355,4.74,598427.93
3.5871365070343018,4.74,601616.0
3.599041700363159,4.74,601157.75
3.610996961593628,4.74,608088.5
3.623415231704712,4.74,600245.62
3.6353814601898193,4.74,598881.06
3.6446726322174072,4.74,605297.62
3.6568820476531982,4.74,609491.93
3.6692373752593994,4.74,611373.87
3.681210994720459,4.74,606225.62
3.6937050819396973,4.74,599790.43
3.706042766571045,4.74,607620.87
3.718088150024414,4.74,603450.87
3.7307114601135254,4.74,609491.93
3.742785692214966,4.74,605761.87
3.755164384841919,4.74,598427.93
3.7673511505126953,4.74,608555.62
3.779714584350586,4.74,604835.25
3.791583776473999,4.74,608555.62
3.8038406372070312,4.74,602991.12
3.8159053325653076,4.74,599334.87
3.827949047088623,4.74,609961.06
3.839883327484131,4.74,602532.12
3.8492636680603027,4.74,609491.93
3.8613452911376953,4.74,612319.68
3.872859239578247,4.74,606225.62
3.885122776031494,4.74,612319.68
3.897368907928467,4.74,603450.87
3.9097070693969727,4.74,607155.12
3.9220011234283447,4.74,605297.62
3.934631586074829,4.74,602991.12
3.9466965198516846,4.74,610432.12
3.9594602584838867,4.74,602073.68
3.9716527462005615,4.74,607620.87
3.984055757522583,4.74,607155.12
3.9964709281921387,4.74,601616.0
4.008424520492554,4.74,613266.93
4.02028751373291,4.74,602991.12
4.032723903656006,4.74,607155.12
4.04177188873291,4.74,607155.12
4.05405592918396,4.74,607620.87
4.066445350646973,4.75,618529.75
4.078781843185425,4.74,609023.43
4.091037750244141,4.74,610432.12
4.103209495544434,4.74,605761.87
4.115487337112427,4.74,605761.87
4.127894401550293,4.75,615648.68
4.140341520309448,4.74,610432.12
4.152334451675415,4.74,607620.87
4.1645286083221436,4.74,608555.62
4.176929235458374,4.74,603450.87
4.188590049743652,4.74,613741.68
4.201085329055786,4.74,607620.87
4.213206052780151,4.74,604373.5
4.2251715660095215,4.74,609491.93
4.234276294708252,4.74,602073.68
4.246633529663086,4.75,616605.81
4.258998394012451,4.74,610902.68
4.271313428878784,4.74,608555.62
4.283183574676514,4.74,608088.5
4.2957985401153564,4.74,602073.68
4.308104515075684,4.74,613266.93
4.320564270019531,4.74,606225.62
4.332516431808472,4.74,603912.43
4.344873905181885,4.74,608555.62
4.357255458831787,4.74,601616.0
4.369449853897095,4.74,612793.0
4.381092071533203,4.74,604373.5
4.3935630321502686,4.74,605297.62
4.40557074546814,4.74,607620.87
4.417717695236206,4.74,601616.0
4.4267578125,4.74,612793.0
4.4391913414001465,4.74,609961.06
4.451482057571411,4.74,604835.25
4.4635231494903564,4.74,610432.12
4.475732803344727,4.74,602073.68
4.4879913330078125,4.74,612319.68
4.500637054443359,4.74,603912.43
4.512989044189453,4.74,605297.62
4.525142669677734,4.74,606225.62
4.537549734115601,4.74,600701.37
4.549651384353638,4.74,611845.81
4.561978101730347,4.74,603912.43
4.573725938796997,4.74,600245.62
4.585835695266724,4.74,604373.5
4.597918510437012,4.74,600701.37
4.610195159912109,4.74,608088.5
4.61942720413208,4.74,603450.87
4.631539821624756,4.74,608088.5
4.643859386444092,4.74,608555.62
4.656298637390137,4.74,603912.43
4.668506622314453,4.74,611373.87
4.681051969528198,4.74,607155.12
4.693002223968506,4.74,603450.87
4.705272436141968,4.74,604835.25
4.717756271362305,4.74,597975.43
4.730006694793701,4.74,608555.62
4.742349624633789,4.74,605297.62
4.75431752204895,4.74,601616.0
4.766422510147095,4.74,604835.25
4.778592586517334,4.74,598427.93
4.7906458377838135,4.74,608555.62
4.802535057067871,4.74,606225.62
4.811599016189575,4.74,597975.43
4.823856830596924,4.74,608088.5
4.8361170291900635,4.74,599334.87
4.848438739776611,4.74,610432.12
4.860752582550049,4.74,605761.87
4.872205495834351,4.74,596170.75
4.884504795074463,4.74,605297.62
4.8967955112457275,4.74,597523.56
4.9090657234191895,4.74,606225.62
4.921380996704102,4.74,601616.0
4.933982610702515,4.74,594376.37
4.946298122406006,4.74,602991.12
4.958477973937988,4.74,598427.93
4.970784425735474,4.74,604373.5
4.982761383056641,4.74,604373.5
4.995058536529541,4.74,601616.0
5.003854274749756,4.74,602532.12
5.016539096832275,4.74,603912.43
5.029026746749878,4.74,612319.68
5.041302680969238,4.74,602991.12
5.0532732009887695,4.74,603450.87
5.065807104110718,4.74,602073.68
5.078117370605469,4.74,598427.93
5.090449571609497,4.74,604373.5
5.102696895599365,4.74,600701.37
5.11480188369751,4.74,599334.87
5.127225637435913,4.74,609023.43
5.1394524574279785,4.74,603912.43
5.151547193527222,4.74,605297.62
5.163591384887695,4.74,601616.0
5.175321817398071,4.74,598881.06
5.187773942947388,4.74,605761.87
5.196805000305176,4.74,602532.12
5.209278345108032,4.74,612793.0
5.221487998962402,4.74,607620.87
5.233684301376343,4.74,605297.62
5.2457897663116455,4.75,616605.81
5.258070230484009,4.74,603450.87
5.27066445350647,4.74,602073.68
5.2828497886657715,4.74,604835.25
5.295143365859985,4.74,603450.87
5.3074424266815186,4.74,607155.12
5.319816589355469,4.74,606225.62
5.331697463989258,4.74,604373.5
5.343905210494995,4.74,606225.62
5.356184959411621,4.74,598427.93
5.36789608001709,4.74,612319.68
5.379939079284668,4.74,602991.12
5.392239093780518,4.74,602532.12
5.401651620864868,4.74,606225.62
5.414162874221802,4.74,606690.0
5.426150321960449,4.75,616126.93
5.438541650772095,4.74,606690.0
5.450741291046143,4.74,607155.12
5.4631898403167725,4.74,608088.5
5.475152015686035,4.74,602991.12
5.487608909606934,4.74,611373.87
5.499833106994629,4.74,606690.0
5.512317419052124,4.74,605297.62
5.524172306060791,4.74,608555.62
5.536257266998291,4.74,602073.68
5.54830527305603,4.75,614217.06
5.560412883758545,4.74,607155.12
5.572489976882935,4.74,606690.0
5.581633567810059,4.74,607620.87
5.593953847885132,4.74,608555.62
5.606155157089233,4.75,620465.18
5.618314027786255,4.74,609491.93
5.630614280700684,4.74,607155.12
5.6425697803497314,4.74,612319.68
5.654746770858765,4.74,603912.43
5.666765213012695,4.74,613266.93
5.679020881652832,4.74,604835.25
5.691447734832764,4.74,602073.68
5.703899383544922,4.74,610432.12
5.716160774230957,4.74,603912.43
5.728307247161865,4.75,614217.06
5.740875244140625,4.74,611845.81
5.75300407409668,4.74,607155.12
5.765229940414429,4.74,610902.68
5.777404308319092,4.74,605297.62
5.786690711975098,4.74,613741.68
5.798712730407715,4.74,609961.06
5.811279535293579,4.74,609023.43
5.823532581329346,4.75,614217.06
5.83589768409729,4.74,604835.25
5.848233222961426,4.75,617567.0
5.860220670700073,4.74,607620.87
5.871670246124268,4.74,602991.12
5.883868217468262,4.74,609961.06
5.896120309829712,4.74,603912.43
5.908454418182373,4.74,611845.81
5.920678377151489,4.74,605761.87
5.933159828186035,4.74,600245.62
5.9455952644348145,4.74,602532.12
5.957641839981079,4.74,593037.06
5.96992564201355,4.74,599334.87
5.978754281997681,4.74,594823.75
5.991186141967773,4.74,596170.75
6.003812074661255,4.74,602991.12
6.0159711837768555,4.74,590818.18
6.028335332870483,4.74,602073.68
6.040653228759766,4.74,596170.75
6.05298113822937,4.74,589935.5
6.0651562213897705,4.74,594376.37
6.077649116516113,4.73,588615.0
6.089981317520142,4.74,596170.75
6.10179877281189,4.74,590818.18
6.114256381988525,4.74,589935.5
6.126264810562134,4.74,591704.56
6.138347625732422,4.73,589055.31
6.150188446044922,4.74,597975.43
6.162472724914551,4.74,594823.75
6.171654224395752,4.74,592148.06
6.183689832687378,4.74,600245.62
6.1963560581207275,4.74,590818.18
6.208544015884399,4.74,601157.75
6.220806121826172,4.74,597975.43
6.2329840660095215,4.74,590818.18
6.245380163192749,4.74,596620.68
6.25781512260437,4.74,593929.68
6.271450996398926,4.74,598427.93
6.2820885181427,4.74,597975.43
6.294607877731323,4.74,591704.56
6.306688547134399,4.74,597071.18
6.3187947273254395,4.74,595721.5
6.330811977386475,4.74,601157.75
6.342939615249634,4.74,596170.75
6.354793071746826,4.74,593037.06
6.36672830581665,4.74,597975.43
6.37654709815979,4.74,597975.43
6.388883352279663,4.74,604373.5
6.40083122253418,4.74,603450.87
6.413389682769775,4.74,594376.37
6.425638914108276,4.74,602991.12
6.43796443939209,4.74,601157.75
6.4502599239349365,4.74,599334.87
6.46223783493042,4.74,597523.56
6.474745035171509,4.74,595721.5
6.48714017868042,4.74,601157.75
6.499066114425659,4.74,598881.06
6.511138200759888,4.74,600701.37
6.523515701293945,4.74,598881.06
6.535550832748413,4.74,593037.06
6.547796010971069,4.74,603450.87
6.559736490249634,4.74,600701.37
6.56894850730896,4.74,600701.37
6.581196546554565,4.74,603450.87
6.593673944473267,4.74,602991.12
6.605955600738525,4.74,606690.0
6.6180338859558105,4.74,598881.06
6.630524635314941,4.74,599790.43
6.6425940990448,4.74,597523.56
6.6549906730651855,4.74,592592.25
6.667173624038696,4.74,607155.12
6.679632186889648,4.74,600701.37
6.691790819168091,4.74,602532.12
6.703868389129639,4.74,602073.68
6.715780973434448,4.74,595272.87
6.728090047836304,4.74,608088.5
6.740152597427368,4.74,600245.62
6.75221848487854,4.74,602073.68
6.761273384094238,4.74,600701.37
6.7737977504730225,4.74,606225.62
6.7860002517700195,4.74,609961.06
6.798577308654785,4.74,606690.0
6.810682058334351,4.74,601616.0
6.822890758514404,4.74,601616.0
6.835156202316284,4.74,595272.87
6.847477436065674,4.74,607155.12
6.859813451766968,4.74,602991.12
6.871688604354858,4.74,602532.12
6.883268117904663,4.74,601157.75
6.8954432010650635,4.74,597975.43
6.90761399269104,4.74,608088.5
6.919881582260132,4.74,602532.12
6.9321129322052,4.74,600701.37
6.944557428359985,4.74,601616.0
6.953076362609863,4.74,595272.87
6.96536922454834,4.74,611373.87
6.978086709976196,4.74,606690.0
6.990492820739746,4.74,599334.87
7.003205299377441,4.74,602073.68
7.0154852867126465,4.74,599790.43
7.02781343460083,4.74,607155.12
7.040057897567749,4.74,601616.0
7.052275657653809,4.74,601616.0
7.064392328262329,4.74,601157.75
7.076686143875122,4.74,596620.68
7.088955640792847,4.74,608088.5
7.100849628448486,4.74,597523.56
7.112795352935791,4.74,600245.62
7.12509822845459,4.74,602991.12
7.1370744705200195,4.74,596170.75
7.1465325355529785,4.74,607155.12
7.158815145492554,4.74,606225.62
7.171126127243042,4.74,602532.12
7.183049917221069,4.74,604373.5
7.195497751235962,4.74,599790.43
7.207961082458496,4.74,607620.87
7.220334768295288,4.74,601616.0
7.232436418533325,4.74,596620.68
7.2447190284729,4.74,602073.68
7.2571330070495605,4.74,595721.5
7.269214868545532,4.74,606690.0
7.282174825668335,4.74,603912.43
7.293396949768066,4.74,594376.37
7.305449485778809,4.74,602532.12
7.3175437450408936,4.74,595272.87
7.329626798629761,4.74,607620.87
7.338735103607178,4.74,602991.12
7.350539684295654,4.74,602073.68
7.362900018692017,4.74,605761.87
7.375464677810669,4.74,599334.87
7.387796640396118,4.74,606690.0
7.400336265563965,4.74,600701.37
7.412823677062988,4.74,597975.43
7.424948692321777,4.74,602991.12
7.43731689453125,4.74,596170.75
7.4494428634643555,4.74,605761.87
7.461618423461914,4.74,600701.37
7.473887205123901,4.74,596620.68
7.4860124588012695,4.74,602991.12
7.498100996017456,4.74,593929.68
7.510218620300293,4.74,606225.62
7.522014141082764,4.74,600245.62
7.53158712387085,4.74,598427.93
7.54371190071106,4.74,608088.5
7.556126594543457,4.74,603912.43
7.568257570266724,4.74,607155.12
7.580756187438965,4.74,603912.43
7.592876672744751,4.74,599790.43
7.605167388916016,4.74,602073.68
7.617390155792236,4.74,596170.75
7.629829406738281,4.74,605297.62
7.641847610473633,4.74,602991.12
7.65435791015625,4.74,593929.68
7.666224241256714,4.74,602073.68
7.678534984588623,4.74,596620.68
7.6907854080200195,4.74,602073.68
7.7026848793029785,4.74,601157.75
7.714570760726929,4.74,593483.62
7.724055528640747,4.74,599790.43
7.736296653747559,4.74,602073.68
7.748836517333984,4.74,607155.12
7.760983467102051,4.74,605761.87
7.772878408432007,4.74,598427.93
7.785401105880737,4.74,602532.12
7.7977917194366455,4.74,597975.43
7.810015439987183,4.74,602073.68
7.822161912918091,4.74,601157.75
7.83456015586853,4.74,599790.43
7.846966743469238,4.74,611373.87
7.859055757522583,4.74,599790.43
7.870865345001221,4.74,599790.43
7.882915496826172,4.74,602991.12
7.894621133804321,4.74,597071.18
7.906832933425903,4.74,609023.43
7.918997287750244,4.74,599334.87
7.927651643753052,4.74,598881.06
7.939990282058716,4.74,603912.43
7.952568769454956,4.74,598427.93
7.9646384716033936,4.75,615648.68
7.977213382720947,4.74,602532.12
7.9896934032440186,4.74,604373.5
8.001934289932251,4.74,602532.12
8.015154361724854,4.74,597071.18
8.027005672454834,4.74,609961.06
8.039415121078491,4.74,599790.43
8.051649570465088,4.74,600245.62
8.063433408737183,4.74,602532.12
8.07582402229309,4.74,597523.56
8.087979555130005,4.74,608088.5
8.099884986877441,4.74,599790.43
8.112014293670654,4.74,599334.87
8.121439933776855,4.74,601157.75
8.133399486541748,4.74,603450.87
8.145801782608032,4.75,617086.68
8.158195972442627,4.74,602532.12
8.170462846755981,4.74,600245.62
8.182631015777588,4.74,603912.43
8.194966793060303,4.74,597975.43
8.207317352294922,4.74,610902.68
8.219544649124146,4.74,600701.37
8.232037782669067,4.74,602532.12
8.243990421295166,4.74,603450.87
8.256340742111206,4.74,598427.93
8.26828646659851,4.74,609961.06
8.280580520629883,4.74,603450.87
8.293835878372192,4.74,602073.68
8.304628849029541,4.74,604835.25
8.316426038742065,4.74,598881.06
8.325706720352173,4.74,608555.62
8.338045120239258,4.74,605297.62
8.350442886352539,4.74,602991.12
8.362975358963013,4.74,608088.5
8.375201940536499,4.74,599334.87
8.387446641921997,4.74,610432.12
8.399662256240845,4.74,607620.87
8.412099838256836,4.74,601616.0
8.424521923065186,4.74,603912.43
8.436428785324097,4.74,601157.75
8.44887375831604,4.74,610432.12
8.460922002792358,4.74,606225.62
8.473035335540771,4.74,600701.37
8.48490595817566,4.74,598881.06
8.497160196304321,4.74,599334.87
8.50924038887024,4.74,608555.62
8.518524169921875,4.74,604373.5
8.531004428863525,4.74,604835.25
8.54317307472229,4.74,608088.5
8.555174350738525,4.74,596620.68
8.567656517028809,4.74,609491.93
8.580063343048096,4.74,607620.87
8.592351198196411,4.74,601157.75
8.60479736328125,4.74,605761.87
8.616678476333618,4.74,601616.0
8.62927532196045,4.74,609023.43
8.641324520111084,4.74,604373.5
8.65335464477539,4.74,599790.43
8.66563105583191,4.74,603912.43
8.677624464035034,4.74,600701.37
8.689783334732056,4.74,609961.06
8.701715469360352,4.74,602991.12
8.71114993095398,4.74,600701.37
8.72341537475586,4.74,605761.87
8.735512256622314,4.74,600701.37
8.747912406921387,4.74,612319.68
8.760332345962524,4.74,609491.93
8.772595167160034,4.74,599790.43
8.784660339355469,4.74,606690.0
8.797024488449097,4.74,596620.68
8.809465169906616,4.74,609023.43
8.821740865707397,4.74,605297.62
8.833743810653687,4.74,599790.43
8.8459792137146,4.74,606225.62
8.858138084411621,4.74,598427.93
8.870198965072632,4.74,609023.43
8.882095336914062,4.74,601616.0
8.89388656616211,4.74,600245.62
8.90255093574524,4.74,605761.87
8.91474962234497,4.74,608555.62
8.927100658416748,4.74,612793.0
8.939336776733398,4.74,609023.43
8.951940774917603,4.74,601616.0
8.964219331741333,4.74,606690.0
8.976547718048096,4.74,605761.87
8.989058256149292,4.74,608555.62
9.001276731491089,4.74,602991.12
9.014259815216064,4.74,600701.37
9.026224136352539,4.74,606225.62
9.038453578948975,4.74,607155.12
9.050408601760864,4.74,609491.93
9.062693357467651,4.74,602991.12
9.074734926223755,4.74,601616.0
9.086684465408325,4.74,607155.12
9.096040487289429,4.74,605297.62
9.10846471786499,4.75,615171.18
9.120671272277832,4.74,612319.68
9.133199691772461,4.74,603912.43
9.145082950592041,4.74,611845.81
9.157467603683472,4.74,607155.12
9.169860124588013,4.74,609961.06
9.18117642402649,4.74,606690.0
9.194132804870605,4.74,602991.12
9.206480503082275,4.74,608555.62
9.218824863433838,4.74,609023.43
9.230984210968018,4.74,609491.93
9.243101119995117,4.74,604835.25
9.254972457885742,4.74,606690.0
9.267128705978394,4.74,613266.93
9.27936863899231,4.74,605761.87
9.288687944412231,4.74,606225.62
9.30064082145691,4.74,612319.68
9.313254117965698,4.74,609491.93
9.325225591659546,4.75,618048.06
9.337681531906128,4.74,610902.68
9.350153923034668,4.74,609023.43
9.362412691116333,4.74,609491.93
9.374735355377197,4.74,604373.5
9.386864185333252,4.75,616605.81
9.399261236190796,4.74,608555.62
9.4114670753479,4.74,609961.06
9.423239707946777,4.74,608088.5
9.435303211212158,4.74,604835.25
9.447738885879517,4.75,620465.18
9.459888458251953,4.74,609023.43
9.471802949905396,4.74,609491.93
9.480146646499634,4.74,608088.5
9.492963552474976,4.74,610432.12
9.505239963531494,4.75,620465.18
9.517711639404297,4.74,608555.62
9.530348062515259,4.74,609023.43
9.54263162612915,4.74,609491.93
9.555095911026001,4.74,604373.5
9.566960334777832,4.75,617086.68
9.57941198348999,4.74,609491.93
9.591806650161743,4.74,606225.62
9.604068279266357,4.74,608088.5
9.61577033996582,4.74,602073.68
9.627543687820435,4.74,613741.68
9.640075922012329,4.74,607155.12
9.65213942527771,4.74,606690.0
9.664073944091797,4.74,608088.5
9.673747777938843,4.74,599334.87
9.685806035995483,4.75,620950.56
9.697937726974487,4.74,612793.0
9.710251569747925,4.74,606690.0
9.722787618637085,4.74,608555.62
9.735083818435669,4.74,609023.43
9.747256755828857,4.74,613266.93
9.759625673294067,4.74,607620.87
9.77198338508606,4.74,607155.12
9.784011840820312,4.74,609023.43
9.796547889709473,4.74,605297.62
9.808390855789185,4.75,617086.68
9.820656776428223,4.74,606225.62
9.832394361495972,4.74,604835.25
9.844428062438965,4.74,607620.87
9.8566415309906,4.74,597975.43
9.865819931030273,4.75,615171.18
9.878213882446289,4.75,614217.06
9.890355587005615,4.74,610902.68
9.901875972747803,4.74,611845.81
9.914106130599976,4.74,603450.87
9.926429748535156,4.75,616605.81
9.938750505447388,4.74,609491.93
9.950961828231812,4.74,607155.12
9.96322512626648,4.74,610902.68
9.975525617599487,4.74,605761.87
9.987803936004639,4.75,621924.62
10.000011682510376,4.74,613266.93
10.012254238128662,4.74,606225.62
10.024452924728394,4.74,613266.93
10.036702871322632,4.74,603912.43
10.048995971679688,4.75,618048.06
10.061119556427002,4.74,613741.68
10.069701671600342,4.74,602991.12
10.081998586654663,4.75,619980.56
10.094310283660889,4.74,610432.12
10.106649160385132,4.75,620465.18
10.11887264251709,4.75,615171.18
10.131123065948486,4.74,609023.43
10.14347767829895,4.74,613741.68
10.155750274658203,4.74,606690.0
10.16803789138794,4.75,618529.75
10.180276870727539,4.75,617567.0
10.192558526992798,4.74,612319.68
10.204729318618774,4.75,618048.06
10.216986179351807,4.74,607620.87
10.229257583618164,4.75,621924.62
10.241414785385132,4.74,611373.87
10.253607749938965,4.74,609023.43
10.262207508087158,4.75,618048.06
10.274549722671509,4.74,612319.68
10.286793947219849,4.75,623390.56
10.299074411392212,4.75,619013.5
10.3113374710083,4.75,615171.18
10.323684215545654,4.75,617567.0
10.335957288742065,4.74,611373.87
10.348221063613892,4.75,626341.0
10.36052942276001,4.75,619980.56
10.372788190841675,4.74,609491.93
10.385043859481812,4.75,619980.56
10.39728331565857,4.74,611373.87
10.409480333328247,4.75,624370.68
10.421666622161865,4.75,619980.56
10.433908939361572,4.74,609023.43
10.446089029312134,4.75,619013.5
10.454763889312744,4.74,612793.0
10.467046976089478,4.75,628820.31
10.479337215423584,4.75,624861.81
10.491601467132568,4.75,616605.81
10.503910779953003,4.75,618529.75
10.51619839668274,4.75,616126.93
10.528498411178589,4.75,622412.12
10.54077959060669,4.75,624370.68
10.553078174591064,4.75,619980.56
10.565309286117554,4.75,637391.75
10.577558279037476,4.75,621437.81
10.589807510375977,4.75,621924.62
10.60201644897461,4.75,626835.12
10.614300012588501,4.75,621437.81
10.626487493515015,4.76,642537.87
10.638614416122437,4.75,625353.75
10.647209644317627,4.75,626341.0
10.659575939178467,4.75,632826.56
10.671821117401123,4.75,627825.56
10.684123516082764,4.76,646186.81
10.696496963500977,4.75,629816.68
10.708702325820923,4.75,633835.12
10.720996379852295,4.75,628820.31
10.73325252532959,4.75,625847.62
10.745484352111816,4.76,644618.75
10.757755517959595,4.75,632322.18
10.770049810409546,4.75,634340.56
10.78225326538086,4.75,633330.5
10.794492721557617,4.75,629318.12
10.806744813919067,4.76,645663.31
10.818974018096924,4.75,635862.68
10.831161737442017,4.75,632322.18
10.839778184890747,4.75,635354.93
10.852068424224854,4.75,636371.12
10.864342212677002,4.76,652003.25
10.876627683639526,4.75,638414.18
10.88892912864685,4.75,638926.56
10.901172876358032,4.75,636880.37
10.91345500946045,4.75,631318.25
10.925718545913696,4.76,647237.62
10.93804383277893,4.75,636880.37
10.95031213760376,4.75,635862.68
10.9625985622406,4.76,640469.68
10.974849700927734,4.75,633835.12
10.987040519714355,4.76,648817.87
10.99932074546814,4.75,639954.93
11.01150369644165,4.75,637902.56
11.023701190948486,4.75,638414.18
11.035966634750366,4.75,634340.56
11.044485807418823,4.76,648817.87
11.056789875030518,4.76,643576.06
11.069032192230225,4.76,641501.5
11.081454753875732,4.76,646711.12
11.093656063079834,4.75,625353.75
11.10596227645874,4.77,669502.18
11.118255853652954,4.75,638926.56
11.130506753921509,4.75,639954.93
11.142824649810791,4.76,643056.56
11.15511441230774,4.75,630817.37
11.167458295822144,4.76,666152.37
11.179568767547607,4.76,641501.5
11.191835880279541,4.75,635862.68
11.204003095626831,4.76,641501.5
11.216292142868042,4.75,625847.62
11.228450536727905,4.76,668940.68
11.236993312835693,4.76,643576.06
11.249309062957764,4.76,642018.62
11.261554718017578,4.76,648290.31
11.273888111114502,4.75,629318.12
11.286176204681396,4.77,672882.75
11.298400640487671,4.76,647763.62
11.310696125030518,4.75,636880.37
11.32304334640503,4.76,645140.68
11.335336685180664,4.74,613741.68
11.347578525543213,4.77,672317.31
11.359965562820435,4.76,647237.62
11.372174501419067,4.75,639439.68
11.384444952011108,4.76,645663.31
11.396636009216309,4.74,613266.93
11.408831357955933,4.77,672317.31
11.42109489440918,4.76,648290.31
11.433213472366333,4.75,634340.56
11.442023038864136,4.76,650937.75
11.454243183135986,4.75,626835.12
11.466590881347656,4.77,677442.12
11.478816747665405,4.76,657377.0
11.491121768951416,4.75,635354.93
11.503302097320557,4.76,652536.56
11.515604257583618,4.75,619980.56
11.527918100357056,4.77,675155.12
11.54018521308899,4.76,649347.62
11.552894115447998,4.75,627825.56
11.565337419509888,4.76,657377.0
11.577440023422241,4.75,631819.81
11.589826822280884,4.77,676296.06
11.60191798210144,4.76,651469.37
11.614152669906616,4.75,636880.37
11.625884532928467,4.76,650937.75
11.63529086112976,4.75,631819.81
11.64755392074585,4.77,678015.87
11.660057067871094,4.76,655755.56
11.67242693901062,4.76,644618.75
11.684698581695557,4.76,656836.12
11.696669578552246,4.75,636880.37
11.708965301513672,4.77,674016.43
11.721470832824707,4.76,653070.81
11.733821630477905,4.75,638414.18
11.746153593063354,4.76,653605.75
11.758304595947266,4.76,643576.06
11.770355701446533,4.77,670063.12
11.782541275024414,4.76,655217.12
11.794626951217651,4.75,637391.75
11.806477546691895,4.76,660641.62
11.818836450576782,4.76,649347.62
11.827916622161865,4.76,659004.81
11.840312957763672,4.76,662835.75
11.852399110794067,4.76,649347.62
11.864959716796875,4.76,663937.31
11.87685751914978,4.76,653070.81
11.88925576210022,4.76,666152.37
11.90070629119873,4.76,657377.0
11.91291618347168,4.75,632322.18
11.925202131271362,4.76,667265.87
11.937551021575928,4.76,650937.75
11.949760675430298,4.76,659550.43
11.962149381637573,4.76,659004.81
11.974617004394531,4.76,642018.62
11.986699342727661,4.77,674584.62
11.999081134796143,4.76,652536.56
12.01130723953247,4.76,660641.62
12.02333402633667,4.76,660095.68
12.032831907272339,4.75,638926.56
12.045130968093872,4.77,681479.06
12.057235479354858,4.76,660095.68
12.069522142410278,4.76,666708.0
12.081971883773804,4.76,660095.68
12.09434199333191,4.75,636371.12
12.10653805732727,4.77,688509.31
12.11858320236206,4.76,657918.75
12.131128787994385,4.76,663386.12
12.143431425094604,4.76,661188.56
12.155532360076904,4.76,640985.18
12.16769790649414,4.77,690883.56
12.179486274719238,4.76,656836.12
12.19186520576477,4.76,659550.43
12.203900575637817,4.76,661736.25
12.215704679489136,4.76,643576.06
12.225396394729614,4.77,692673.31
12.237504720687866,4.76,661736.25
12.249900102615356,4.76,666152.37
12.262251377105713,4.76,661188.56
12.274393558502197,4.76,643576.06
12.286602973937988,4.77,698099.43
12.29902982711792,4.76,657918.75
12.311388731002808,4.76,657918.75
12.323620557785034,4.76,663386.12
12.335877656936646,4.76,644096.31
12.348001718521118,4.77,692075.75
12.360214471817017,4.76,657377.0
12.372007131576538,4.76,652003.25
12.38402533531189,4.76,663937.31
12.396238803863525,4.76,643576.06
12.408031225204468,4.77,693873.0
12.416697025299072,4.76,657918.75
12.429011583328247,4.76,660641.62
12.4415864944458,4.76,664490.81
12.453948736190796,4.76,646186.81
12.46641230583191,4.77,688509.31
12.478968381881714,4.76,660095.68
12.491426229476929,4.76,653070.81
12.50357723236084,4.76,666152.37
12.516141176223755,4.76,644096.31
12.528191804885864,4.77,688509.31
12.540607929229736,4.76,665043.75
12.552616357803345,4.76,653605.75
12.564826250076294,4.76,667823.25
12.576942443847656,4.76,647237.62
12.588863134384155,4.77,696281.18
12.600734949111938,4.76,664490.81
12.610406398773193,4.76,654141.62
12.622587442398071,4.77,676296.06
12.635191202163696,4.76,655755.56
12.647068500518799,4.78,706082.06
12.659202575683594,4.77,670063.12
12.671658992767334,4.76,662835.75
12.684051990509033,4.77,672317.31
12.696071147918701,4.76,653605.75
12.708353757858276,4.77,699317.12
12.720893144607544,4.77,671187.62
12.733210325241089,4.76,655217.12
12.745215892791748,4.77,674016.43
12.75749921798706,4.76,650937.75
12.769328594207764,4.77,698099.43
12.781590461730957,4.77,675155.12
12.793705940246582,4.76,657377.0
12.802541255950928,4.77,674584.62
12.81511402130127,4.76,656836.12
12.827385663986206,4.78,712973.12
12.839543342590332,4.77,689693.68
12.851863622665405,4.76,661188.56
12.864209651947021,4.77,687917.0
12.876635313034058,4.76,652536.56
12.888840913772583,4.78,700537.31
12.900771856307983,4.77,683224.12
12.912339925765991,4.76,660641.62
12.924572706222534,4.77,677442.12
12.936777830123901,4.76,649876.81
12.948923349380493,4.77,698099.43
12.961158514022827,4.77,679742.56
12.973361492156982,4.76,657918.75
12.985597133636475,4.77,692673.31
12.997792959213257,4.76,647763.62
13.006736278533936,4.78,704224.0
13.01905345916748,4.77,689693.68
13.031506299972534,4.76,667823.25
13.04394817352295,4.77,698099.43
13.05625867843628,4.76,648817.87
13.068650484085083,4.78,706702.93
13.081431865692139,4.77,686150.56
13.093669652938843,4.76,668940.68
13.105960130691528,4.78,705462.18
13.118187427520752,4.77,678590.43
13.13035774230957,4.78,703607.18
13.14249038696289,4.77,682640.56
13.154706954956055,4.76,666152.37
13.166593790054321,4.78,711081.87
13.178443670272827,4.77,682640.56
13.190847396850586,4.78,700537.31
13.200144529342651,4.77,685563.68
13.212523698806763,4.77,676296.06
13.224730014801025,4.78,723230.93
13.236711025238037,4.77,695677.68
13.249238014221191,4.78,702991.5
13.261613607406616,4.77,688509.31
13.273834943771362,4.77,671187.62
13.285980939865112,4.78,726494.12
13.29835057258606,4.77,687917.0
13.310729026794434,4.77,699926.68
13.322955846786499,4.77,693271.93
13.336571455001831,4.77,674016.43
13.346870183944702,4.78,731775.0
13.358901977539062,4.77,695075.12
13.371287822723389,4.78,702991.5
13.383378505706787,4.77,696887.31
13.39252519607544,4.77,673449.12
13.404941320419312,4.79,746680.68
13.4170982837677,4.77,695075.12
13.4293794631958,4.78,704841.75
13.441800355911255,4.78,706702.93
13.453922033309937,4.77,682640.56
13.466109037399292,4.79,741194.43
13.478601694107056,4.78,700537.31
13.49097728729248,4.78,705462.18
13.50294542312622,4.78,704224.0
13.51564335823059,4.77,680321.43
13.527503728866577,4.79,745302.25
13.539608001708984,4.77,698099.43
13.551782369613647,4.78,706702.93
13.563922643661499,4.78,706702.93
13.575936079025269,4.77,684391.25
13.585362434387207,4.79,751547.31
13.597278356552124,4.78,714240.87
13.60975170135498,4.78,715511.37
13.621909379959106,4.78,713605.68
13.634327173233032,4.77,696887.31
13.64627194404602,4.79,752947.93
13.658854246139526,4.78,711081.87
13.671025514602661,4.78,716148.25
13.683426856994629,4.78,715511.37
13.695706844329834,4.77,686738.43
13.707708597183228,4.79,751547.31
13.719963312149048,4.78,710452.0
13.732138872146606,4.78,719995.62
13.744392156600952,4.78,714875.62
13.756206512451172,4.77,696887.31
13.767930746078491,4.79,752246.93
13.780456781387329,4.78,711711.25
13.789175748825073,4.77,692075.75
13.80189323425293,4.78,727149.81
13.814238786697388,4.78,701148.93
13.826610565185547,4.79,757893.37
13.839056968688965,4.78,721285.75
13.851405382156372,4.78,701761.56
13.863630294799805,4.78,724532.12
13.876079559326172,4.77,696887.31
13.887924432754517,4.79,758604.43
13.90027403831482,4.78,719995.62
13.911685228347778,4.78,706082.06
13.923810005187988,4.78,723881.0
13.935997486114502,4.77,689693.68
13.948333501815796,4.79,762899.62
13.960469961166382,4.78,723881.0
13.972911596298218,4.78,700537.31
13.98167610168457,4.78,730447.0
13.993987560272217,4.78,703607.18
14.006055355072021,4.79,770898.5
14.018519163131714,4.78,730447.0
14.031140327453613,4.78,709198.62
14.043715953826904,4.79,737802.25
14.056112051010132,4.78,700537.31
14.06843614578247,4.8,776815.43
14.080694675445557,4.79,742558.37
14.093104839324951,4.78,715511.37
14.104821681976318,4.79,742558.37
14.116867542266846,4.78,702991.5
14.1289701461792,4.8,780558.62
14.141014814376831,4.79,743927.06
14.153145551681519,4.78,718067.0
14.16217851638794,4.79,748065.75
14.174412488937378,4.78,713605.68
14.186399698257446,4.8,791226.56
14.19868779182434,4.79,759316.75
14.211182832717896,4.78,731109.62
14.223555088043213,4.79,754355.37
14.2358877658844,4.78,723230.93
14.248526096343994,4.8,799021.12
14.261064767837524,4.79,760747.12
14.27311372756958,4.78,731775.0
14.285695314407349,4.79,761463.31
14.297541856765747,4.78,728464.62
14.309708833694458,4.8,803767.37
14.32177448272705,4.79,760030.37
14.33408522605896,4.79,735783.12
14.346973180770874,4.79,765065.62
14.357956409454346,4.79,735112.5
14.367226839065552,4.8,783578.62
14.379614114761353,4.8,776071.25
14.392004251480103,4.79,750848.87
14.40417194366455,4.8,776071.25
14.416661977767944,4.79,747373.43
14.428766250610352,4.8,792000.81
14.441244840621948,4.8,777562.81
14.453094482421875,4.79,751547.31
14.465336561203003,4.8,779807.62
14.477946996688843,4.79,755766.0
14.489928245544434,4.8,786621.06
14.502350330352783,4.79,770898.5
14.514348268508911,4.79,740512.56
14.526278018951416,4.79,771633.18
14.538518905639648,4.79,751547.31
14.550435543060303,4.8,779807.62
14.559833526611328,4.79,771633.18
14.572113990783691,4.79,756473.25
14.584593772888184,4.8,777562.81
14.596822500228882,4.79,765789.62
14.608977794647217,4.8,788918.31
14.621266603469849,4.8,777562.81
14.633709907531738,4.79,751547.31
14.645990133285522,4.8,785098.0
14.65788722038269,4.79,769431.37
14.670233011245728,4.8,780558.62
14.682410955429077,4.8,779057.93
14.694800615310669,4.79,754355.37
14.706634759902954,4.8,799021.12
14.7188401222229,4.8,779057.93
14.730962038040161,4.8,785098.0
14.742968559265137,4.8,788151.81
14.752684593200684,4.79,762180.81
14.76470685005188,4.81,822476.75
14.776994705200195,4.8,796667.06
14.78921127319336,4.8,810181.93
14.8016836643219,4.8,798233.56
14.813937902450562,4.79,770898.5
14.826275825500488,4.81,823308.75
14.838398933410645,4.8,792774.5
14.850706577301025,4.8,795886.0
14.863003015518188,4.8,798233.56
14.875141382217407,4.79,768700.75
14.886988878250122,4.81,833426.81
14.899221897125244,4.8,785098.0
14.911075115203857,4.8,794326.37
14.922947883605957,4.8,792774.5
14.931573152542114,4.79,769431.37
14.943801164627075,4.81,841173.12
14.956086158752441,4.8,793549.68
14.968387842178345,4.8,808568.12
14.98063039779663,4.8,792000.81
14.993468284606934,4.79,770163.37
15.005606412887573,4.81,845536.56
15.017899513244629,4.8,785098.0
15.030460357666016,4.8,788151.81
15.04285717010498,4.8,792000.81
15.055386066436768,4.79,759316.75
15.06740665435791,4.81,837713.06
15.079670429229736,4.8,786621.06
15.09171724319458,4.8,787384.75
15.10378885269165,4.8,788151.81
15.115810871124268,4.79,765065.62
15.125161170959473,4.81,845536.56
15.13716721534729,4.8,799021.12
15.149446964263916,4.8,801386.5
15.16191840171814,4.8,799021.12
15.174352407455444,4.79,771633.18
15.186469793319702,4.81,849943.81
15.198758363723755,4.8,792774.5
15.211089611053467,4.8,782066.81
15.22335433959961,4.8,805360.81
15.235875368118286,4.79,770163.37
15.24792766571045,4.81,856187.75
15.260029315948486,4.8,795106.43
15.271907806396484,4.8,785098.0
15.284264087677002,4.8,805360.81
15.296386957168579,4.8,775328.56
15.308427572250366,4.81,853501.93
15.317661046981812,4.8,797449.62
15.33003044128418,4.8,794326.37
15.341986179351807,4.8,804563.31
15.354195356369019,4.8,777562.81
15.366837501525879,4.81,850830.06
15.379182577133179,4.8,800596.5
15.39139437675476,4.8,782066.81
15.403438568115234,4.8,806161.87
15.415992498397827,4.8,773106.5
15.427948713302612,4.81,854395.43
15.440031290054321,4.8,800596.5
15.452420234680176,4.8,775328.56
15.464552164077759,4.8,806161.87
15.476686239242554,4.79,765789.62
15.488755941390991,4.81,836852.87
15.500584125518799,4.8,802972.87
15.510151147842407,4.8,779057.93
15.52218508720398,4.8,811800.0
15.534658432006836,4.79,768700.75
15.547027826309204,4.81,849059.25
15.55937123298645,4.8,805360.81
15.57148289680481,4.8,777562.81
15.583813428878784,4.8,806962.43
15.596145629882812,4.79,765065.62
15.60853099822998,4.81,831722.81
15.620490312576294,4.8,806161.87
15.63276743888855,4.8,772369.18
15.644837856292725,4.8,806962.43
15.657106399536133,4.79,763619.68
15.669211149215698,4.81,840303.87
15.681009769439697,4.8,808568.12
15.69320273399353,4.8,774587.06
15.702562808990479,4.8,808568.12
15.714671850204468,4.79,767971.43
15.726998567581177,4.81,836852.87
15.739431619644165,4.8,806962.43
15.751804113388062,4.8,776815.43
15.76378846168518,4.8,805360.81
15.77638840675354,4.79,755060.06
15.788528442382812,4.81,835135.37
15.80101728439331,4.8,806962.43
15.812994241714478,4.8,779057.93
15.82541799545288,4.8,810181.93
15.837286710739136,4.79,754355.37
15.849628210067749,4.81,836852.87
15.86145830154419,4.8,811800.0
15.873762369155884,4.8,776071.25
15.88560175895691,4.8,812611.31
15.895054340362549,4.79,767971.43
15.907442808151245,4.81,838575.0
15.919491052627563,4.81,814240.81
15.930903196334839,4.8,785858.81
15.943108558654785,4.8,810181.93
15.955450773239136,4.8,775328.56
15.967747688293457,4.81,822476.75
15.98005223274231,4.8,810181.93
15.992650032043457,4.8,774587.06
16.005069971084595,4.8,810181.93
16.017446994781494,4.8,777562.81
16.029850959777832,4.81,835135.37
16.042024612426758,4.8,812611.31
16.054155588150024,4.8,785098.0
16.066134691238403,4.81,816693.62
16.07533574104309,4.8,787384.75
16.08741021156311,4.81,841173.12
16.099973678588867,4.81,821646.37
16.11201047897339,4.8,792774.5
16.12446165084839,4.81,818338.87
16.136968851089478,4.8,794326.37
16.14911675453186,4.81,826655.06
16.161399602890015,4.81,815874.43
16.173383951187134,4.8,787384.75
16.185951709747314,4.81,818338.87
16.198357105255127,4.8,800596.5
16.210346460342407,4.81,825816.56
16.2222683429718,4.81,817516.5
16.234570503234863,4.8,792000.81
16.246596097946167,4.81,826655.06
16.25867986679077,4.8,803767.37
16.267898321151733,4.81,821646.37
16.28015637397766,4.81,825816.56
16.292183876037598,4.8,801386.5
16.304457664489746,4.81,839438.56
16.31699848175049,4.81,816693.62
16.329429149627686,4.81,830874.43
16.341668844223022,4.81,819988.31
16.35371971130371,4.8,795886.0
16.366268634796143,4.81,849059.25
16.37845230102539,4.81,815874.43
16.390820741653442,4.81,825816.56
16.40282654762268,4.81,817516.5
16.41458797454834,4.8,791226.56
16.42657446861267,4.81,850830.06
16.4389488697052,4.81,818338.87
16.450811862945557,4.81,823308.75
16.4602952003479,4.81,826655.06
16.472609758377075,4.8,805360.81
16.484842538833618,4.82,871729.5
16.497267723083496,4.81,823308.75
16.509579181671143,4.81,823308.75
16.521799564361572,4.81,824142.37
16.5339834690094,4.8,796667.06
16.5463285446167,4.82,877344.37
16.558732986450195,4.81,819162.75
16.570866346359253,4.81,831722.81
16.58293581008911,4.81,825816.56
16.595187425613403,4.8,801386.5
16.607349395751953,4.82,881127.25
16.619502067565918,4.81,827495.25
16.631617307662964,4.81,833426.81
16.643601894378662,4.81,832572.93
16.652674198150635,4.8,795886.0
16.665178060531616,4.82,895595.81
16.67745041847229,4.81,832572.93
16.68968629837036,4.81,831722.81
16.702153205871582,4.81,832572.93
16.714080572128296,4.8,800596.5
16.72651743888855,4.82,884941.81
16.73884344100952,4.81,824979.75
16.7512047290802,4.81,813426.31
16.763576984405518,4.81,838575.0
16.77530860900879,4.8,804563.31
16.787440538406372,4.82,899532.25
16.799916982650757,4.81,830027.68
16.811848878860474,4.81,823308.75
16.823832750320435,4.81,842041.93
16.835946559906006,4.8,806161.87
16.845097064971924,4.82,884941.81
16.85757350921631,4.81,843784.68
16.870052814483643,4.81,834280.25
16.882360219955444,4.81,844660.87
16.894302129745483,4.8,809373.25
16.906680583953857,4.82,892667.06
16.918848276138306,4.81,837713.06
16.9302875995636,4.8,811800.0
16.94248914718628,4.81,841173.12
16.9548077583313,4.8,807764.5
16.967072248458862,4.82,884941.81
16.979252815246582,4.81,839438.56
16.9917311668396,4.81,819988.31
17.004024744033813,4.81,846414.06
17.016337394714355,4.81,817516.5
17.024952173233032,4.82,888788.18
17.037060976028442,4.81,852608.0
17.049769401550293,4.81,824979.75
17.06251049041748,4.81,855290.68
17.07452702522278,4.81,816693.62
17.08702325820923,4.82,904499.31
17.09942626953125,4.81,852608.0
17.111560344696045,4.8,811800.0
17.12392258644104,4.81,853501.93
17.136062383651733,4.8,806161.87
17.148432970046997,4.82,902507.18
17.160388946533203,4.81,857088.93
17.17258071899414,4.81,820815.5
17.184577703475952,4.81,856187.75
17.19681715965271,4.8,808568.12
17.208787441253662,4.83,915617.56
17.218096256256104,4.81,856187.75
17.23043656349182,4.81,834280.25
17.24271845817566,4.82,859796.5
17.254684925079346,4.81,815056.87
17.267215251922607,4.82,903502.18
17.279486894607544,4.81,857088.93
17.291746854782104,4.81,827495.25
17.30425190925598,4.82,863434.68
17.316365480422974,4.8,804563.31
17.32870626449585,4.82,898545.62
17.34098505973816,4.82,862523.0
17.35302758216858,4.81,825816.56
17.365051984786987,4.82,866183.5
17.37721824645996,4.8,802177.93
17.389265060424805,4.82,891694.87
17.401030778884888,4.82,866183.5
17.410248041152954,4.81,833426.81
17.42290687561035,4.82,878288.93
17.4350688457489,4.81,823308.75
17.44734215736389,4.82,900520.93
17.459850549697876,4.82,874529.43
17.47176694869995,4.81,830874.43
17.484354972839355,4.82,868946.75
17.49672031402588,4.81,822476.75
17.50875210762024,4.82,896578.68
17.521034002304077,4.82,873592.62
17.533154010772705,4.81,841173.12
17.545417070388794,4.82,875465.81
17.55760931968689,4.81,833426.81
17.569655179977417,4.82,899532.25
17.581865072250366,4.82,874529.43
17.59376883506775,4.81,837713.06
17.60293221473694,4.82,879233.06
17.61522912979126,4.81,851718.12
17.62765097618103,4.83,912558.81
17.639859676361084,4.82,878288.93
17.652387380599976,4.81,854395.43
17.664438724517822,4.82,885899.75
17.676778554916382,4.81,851718.12
17.688998460769653,4.82,895595.81
17.701438188552856,4.82,895595.81
17.71356701850891,4.81,852608.0
17.72600793838501,4.83,953914.75
17.737844705581665,4.82,875465.81
17.75011706352234,4.82,899532.25
17.762243032455444,4.82,895595.81
17.77430748939514,4.82,858892.12
17.786418676376343,4.83,962850.25
17.795544862747192,4.82,887824.18
17.807889461517334,4.83,925954.43
17.82028555870056,4.83,913575.31
17.832590579986572,4.82,885899.75
17.844769716262817,4.84,1000268.0
17.856939554214478,4.82,901514.31
17.86927819252014,4.83,920758.0
17.881701946258545,4.83,916640.68
17.89359951019287,4.82,878288.93
17.906152725219727,4.84,990651.62
17.918536901474,4.82,906502.62
17.92972183227539,4.83,930153.06
17.941965579986572,4.83,923867.5
17.954082250595093,4.82,887824.18
17.96633815765381,4.84,989462.93
17.978476524353027,4.83,921792.25
17.99065136909485,4.83,927000.0
17.999621868133545,4.83,927000.0
18.0116069316864,4.82,896578.68
18.023957014083862,4.84,1011303.81
18.036433458328247,4.83,921792.25
18.048739194869995,4.83,930153.06
18.060994863510132,4.83,939735.06
18.073258876800537,4.82,892667.06
18.085590600967407,4.84,997848.56
18.098264694213867,4.83,921792.25
18.110514163970947,4.83,927000.0
18.12285590171814,4.83,932264.87
18.13512349128723,4.82,899532.25
18.147035598754883,4.84,997848.56
18.159103870391846,4.83,929100.68
18.17091178894043,4.83,934388.68
18.183331966400146,4.83,933324.25
18.192267656326294,4.82,897561.12
18.20441484451294,4.84,1008832.5
18.217021226882935,4.83,934388.68
18.229682207107544,4.83,945140.93
18.242002248764038,4.83,947319.06
18.25427269935608,4.82,900520.93
18.266672134399414,4.84,995437.37
18.27899408340454,4.83,930153.06
18.291123151779175,4.83,929100.68
18.303521394729614,4.83,952809.81
18.315646409988403,4.82,907506.18
18.327960968017578,4.84,1006369.68
18.339906692504883,4.83,934388.68
18.35212540626526,4.83,929100.68
18.3640456199646,4.83,930153.06
18.376290559768677,4.82,904499.31
18.388159036636353,4.84,1013790.12
18.39734959602356,4.83,938658.87
18.410063982009888,4.83,931207.81
18.42203116416931,4.83,960602.68
18.434387683868408,4.82,900520.93
18.446758270263672,4.84,995437.37
18.459096431732178,4.83,949509.62
18.47151279449463,4.83,923867.5
18.483607292175293,4.83,947319.06
18.495718479156494,4.82,899532.25
18.50792384147644,4.84,988276.93
18.520509958267212,4.83,936519.06
18.53246307373047,4.82,908511.87
18.544596672058105,4.83,933324.25
18.556697607040405,4.82,868023.81
18.56878638267517,4.84,989462.93
18.580744743347168,4.83,919726.0
18.590195894241333,4.82,896578.68
18.602631092071533,4.83,936519.06
18.614612340927124,4.82,885899.75
18.62706708908081,4.84,983557.5
18.639102458953857,4.83,933324.25
18.651634693145752,4.82,882077.31
18.66378092765808,4.83,917666.06
18.676143407821655,4.82,875465.81
18.688291549682617,4.83,961725.25
18.700764417648315,4.83,919726.0
18.712995767593384,4.82,870800.81
18.724929094314575,4.82,900520.93
18.73712420463562,4.82,882077.31
18.749187231063843,4.83,953914.75
18.761264085769653,4.82,900520.93
18.773056030273438,4.82,869874.06
18.78271198272705,4.83,919726.0
18.794762134552002,4.82,890722.37
18.807183027267456,4.83,961725.25
18.819859743118286,4.83,912558.81
18.831684112548828,4.82,872660.06
18.844115734100342,4.82,907506.18
18.856287717819214,4.82,895595.81
18.868729829788208,4.83,946228.75
18.880918264389038,4.82,899532.25
18.893253803253174,4.82,866183.5
18.905277729034424,4.83,918693.56
18.91752862930298,4.82,897561.12
18.93014621734619,4.83,942969.75
18.941468715667725,4.82,908511.87
18.953263998031616,4.82,868023.81
18.96546196937561,4.83,924911.12
18.974050045013428,4.82,903502.18
18.986424684524536,4.83,951707.31
18.998689651489258,4.83,916640.68
19.011291980743408,4.82,888788.18
19.023597955703735,4.83,936519.06
19.03611922264099,4.82,907506.18
19.04838228225708,4.83,941889.12
19.060953855514526,4.82,905501.18
19.073386430740356,4.82,870800.81
19.085779905319214,4.83,939735.06
19.09812355041504,4.82,901514.31
19.11019015312195,4.83,924911.12
19.121989965438843,4.82,902507.18
19.13433027267456,4.82,868023.81
19.146419763565063,4.83,952809.81
19.158485412597656,4.82,890722.37
19.167651891708374,4.82,896578.68
19.18005347251892,4.83,921792.25
19.191996812820435,4.82,882077.31
19.204492807388306,4.84,974248.31
19.216752290725708,4.82,904499.31
19.229109048843384,4.83,911544.43
19.241113662719727,4.82,904499.31
19.253618717193604,4.82,859796.5
19.266016006469727,4.84,975404.81
19.278208017349243,4.82,890722.37
19.29042911529541,4.82,901514.31
19.30272936820984,4.82,904499.31
19.31485104560852,4.82,864348.31
19.326887607574463,4.84,974248.31
19.33886432647705,4.82,901514.31
19.35094404220581,4.82,905501.18
19.36316227912903,4.82,909519.68
19.372231245040894,4.82,868023.81
19.384678602218628,4.84,988276.93
19.397048950195312,4.82,907506.18
19.409369230270386,4.83,910532.25
19.42157220840454,4.82,909519.68
19.433854579925537,4.82,868023.81
19.446206092834473,4.84,970803.37
19.458420276641846,4.82,903502.18
19.47089195251465,4.82,893641.25
19.482733488082886,4.82,909519.68
19.494358777999878,4.82,866183.5
19.506754159927368,4.83,952809.81
19.519227981567383,4.82,898545.62
19.531275749206543,4.82,882077.31
19.543773412704468,4.82,908511.87
19.555726051330566,4.82,859796.5
19.56502342224121,4.83,956135.0
19.577287912368774,4.82,908511.87
19.58930468559265,4.82,896578.68
19.60159158706665,4.82,908511.87
19.614111185073853,4.82,871729.5
19.62653684616089,4.83,951707.31
19.638774633407593,4.82,899532.25
19.651036977767944,4.82,866183.5
19.66331911087036,4.82,905501.18
19.67546319961548,4.82,865263.81
19.687808752059937,4.83,950607.25
19.69997215270996,4.82,899532.25
19.71168041229248,4.82,858892.12
19.72420597076416,4.82,907506.18
19.736207008361816,4.82,860702.75
19.74832057952881,4.83,965110.87
19.757378339767456,4.82,899532.25
19.769833087921143,4.82,872660.06
19.782155513763428,4.82,905501.18
19.794100999832153,4.81,857088.93
19.806488037109375,4.83,960602.68
19.81900668144226,4.82,894617.5
19.831266164779663,4.82,859796.5
19.843212366104126,4.83,911544.43
19.85559344291687,4.81,849059.25
19.868149518966675,4.83,935452.68
19.88038969039917,4.82,901514.31
19.892513036727905,4.81,857088.93
19.904538869857788,4.82,903502.18
19.916749238967896,4.81,845536.56
19.928760528564453,4.83,949509.62
19.940577745437622,4.82,905501.18
19.952514171600342,4.82,864348.31
19.96115732192993,4.83,916640.68
19.973505973815918,4.81,847293.31
19.9857439994812,4.83,959482.68
19.998048543930054,4.83,910532.25
20.010563135147095,4.82,866183.5
20.022725343704224,4.83,940810.93
20.03534746170044,4.81,842041.93
20.047826051712036,4.83,947319.06
20.060436010360718,4.82,894617.5
20.072715044021606,4.82,868023.81
20.08494997024536,4.83,929100.68
20.097200632095337,4.81,841173.12
20.109225273132324,4.83,940810.93
20.121407985687256,4.82,903502.18
20.133361339569092,4.82,873592.62
20.14541482925415,4.83,947319.06
20.15469765663147,4.81,850830.06
20.16703462600708,4.83,949509.62
20.179372787475586,4.83,932264.87
20.191532611846924,4.82,877344.37
20.203572511672974,4.83,958362.37
20.216238498687744,4.82,862523.0
20.228484869003296,4.83,935452.68
20.24075984954834,4.83,915617.56
20.253173351287842,4.82,875465.81
20.265095233917236,4.84,967378.93
20.2775297164917,4.82,869874.06
20.28943657875061,4.83,929100.68
20.301856994628906,4.83,915617.56
20.31365203857422,4.82,871729.5
20.32601761817932,4.84,983557.5
20.338053703308105,4.82,882077.31
20.34717607498169,4.83,923867.5
20.359554290771484,4.83,929100.68
20.371936321258545,4.82,879233.06
20.383863925933838,4.84,996640.0
20.396344423294067,4.82,889754.25
20.40868639945984,4.83,923867.5
20.421021223068237,4.83,917666.06
20.433375358581543,4.82,874529.43
20.445551872253418,4.84,985913.25
20.457568407058716,4.82,895595.81
20.46967077255249,4.83,932264.87
20.48215079307556,4.83,917666.06
20.49421739578247,4.82,883985.75
20.50619602203369,4.84,996640.0
20.518449068069458,4.83,911544.43
20.530485153198242,4.83,925954.43
20.539594411849976,4.83,911544.43
20.552246809005737,4.82,888788.18
20.564310550689697,4.84,1010066.68
20.576512575149536,4.83,920758.0
20.589022397994995,4.83,924911.12
20.600984573364258,4.83,921792.25
20.613541841506958,4.82,881127.25
20.625704526901245,4.84,990651.62
20.637824535369873,4.83,924911.12
20.650392770767212,4.83,920758.0
20.662707567214966,4.83,924911.12
20.674623250961304,4.82,883985.75
20.68679118156433,4.84,1003921.62
20.698951721191406,4.83,916640.68
20.711042881011963,4.83,927000.0
20.7230486869812,4.83,934388.68
20.732276678085327,4.82,890722.37
20.744807958602905,4.84,1016285.06
20.756614446640015,4.83,928047.81
20.76918625831604,4.83,934388.68
20.781495571136475,4.83,939735.06
20.793487787246704,4.82,898545.62
20.805923461914062,4.84,996640.0
20.818344354629517,4.83,925954.43
20.830703020095825,4.83,930153.06
20.842922925949097,4.83,933324.25
20.85494351387024,4.82,886859.75
20.867367029190063,4.84,1000268.0
20.879430055618286,4.83,927000.0
20.89137053489685,4.83,925954.43
20.90349578857422,4.83,931207.81
20.915634632110596,4.82,884941.81
20.927825212478638,4.84,1005144.18
20.93687653541565,4.83,922828.75
20.948328256607056,4.83,928047.81
20.960553646087646,4.83,941889.12
20.972784757614136,4.82,875465.81
20.98512625694275,4.84,994237.5
20.997427940368652,4.83,942969.75
21.010017156600952,4.82,888788.18
21.02217960357666,4.83,930153.06
21.034661293029785,4.82,863434.68
21.047132968902588,4.84,996640.0
21.059462785720825,4.83,927000.0
21.072181701660156,4.82,907506.18
21.08392882347107,4.83,929100.68
21.096187829971313,4.82,863434.68
21.10814881324768,4.84,997848.56
21.120307683944702,4.83,917666.06
21.129672527313232,4.82,889754.25
21.141868591308594,4.83,938658.87
21.15401554107666,4.81,857989.62
21.166407346725464,4.84,999056.87
21.178717851638794,4.83,927000.0
21.190908908843994,4.82,887824.18
21.202672958374023,4.83,929100.68
21.215068578720093,4.81,849943.81
21.22772455215454,4.84,983557.5
21.239948749542236,4.83,921792.25
21.252463579177856,4.82,878288.93
21.2644259929657,4.83,929100.68
21.276605129241943,4.82,861613.06
21.288888692855835,4.84,988276.93
21.300711154937744,4.83,925954.43
21.312613487243652,4.82,890722.37
21.322300910949707,4.83,924911.12
21.33410334587097,4.82,889754.25
21.346722841262817,4.84,987093.75
21.358851432800293,4.83,929100.68
21.371232748031616,4.82,903502.18
21.383452892303467,4.83,933324.25
21.3956778049469,4.82,883985.75
21.408015727996826,4.84,974248.31
21.420480966567993,4.83,936519.06
21.432727575302124,4.82,890722.37
21.444689989089966,4.83,938658.87
21.456671237945557,4.82,901514.31
21.46916174888611,4.83,948411.75
21.481323957443237,4.83,941889.12
21.49322533607483,4.82,899532.25
21.505380868911743,4.83,941889.12
21.51458716392517,4.83,914594.06
21.526848316192627,4.83,962850.25
21.53932285308838,4.83,953914.75
21.55149269104004,4.83,916640.68
21.563519954681396,4.83,961725.25
21.57594871520996,4.83,940810.93
21.588369846343994,4.83,965110.87
21.6007399559021,4.83,951707.31
21.61291742324829,4.83,915617.56
21.625022172927856,4.84,973097.37
21.63746976852417,4.83,953914.75
21.649654865264893,4.84,976561.06
21.661684036254883,4.84,974248.31
21.673694610595703,4.83,934388.68
21.686062335968018,4.85,1070218.75
21.698108673095703,4.84,975404.81
21.709853649139404,4.84,985913.25
21.71936535835266,4.84,985913.25
21.73178243637085,4.83,960602.68
21.743932485580444,4.85,1092799.0
21.756369590759277,4.84,985913.25
21.768702507019043,4.84,1002701.93
21.780827522277832,4.84,991846.18
21.792945623397827,4.83,952809.81
21.80545163154602,4.85,1075779.25
21.81775426864624,4.84,987093.75
21.829983472824097,4.84,989462.93
21.842235326766968,4.84,996640.0
21.85435461997986,4.83,951707.31
21.866482973098755,4.85,1066083.87
21.878628969192505,4.84,983557.5
21.89059090614319,4.84,993040.43
21.902639150619507,4.84,1002701.93
21.91493797302246,4.83,959482.68
21.924030780792236,4.85,1077177.37
21.936482429504395,4.84,1010066.68
21.947861671447754,4.84,1002701.93
21.959989070892334,4.84,1018791.93
21.972200870513916,4.83,958362.37
21.98452401161194,4.85,1084224.25
21.996793508529663,4.84,1002701.93
22.009064197540283,4.84,995437.37
22.021757125854492,4.84,1003921.62
22.033987522125244,4.83,940810.93
22.04635262489319,4.85,1085643.75
22.058890104293823,4.84,1000268.0
22.071287631988525,4.83,941889.12
22.083685159683228,4.84,1006369.68
22.095519304275513,4.83,941889.12
22.10794162750244,4.85,1082808.62
22.120025873184204,4.84,1002701.93
22.13210654258728,4.83,963977.87
22.14399790763855,4.84,1010066.68
22.15369987487793,4.83,929100.68
22.16575312614441,4.85,1071602.87
22.178218364715576,4.84,1011303.81
22.19020438194275,4.83,963977.87
22.202709674835205,4.84,1003921.62
22.21485137939453,4.83,930153.06
22.227235555648804,4.85,1051190.0
22.23970103263855,4.84,1003921.62
22.25185537338257,4.83,960602.68
22.263887405395508,4.84,1027667.62
22.276329278945923,4.83,920758.0
22.288645267486572,4.85,1036691.06
22.300703525543213,4.84,999056.87
22.312753200531006,4.83,953914.75
22.324907064437866,4.85,1031517.93
22.336979150772095,4.83,915617.56
22.349236011505127,4.84,1023845.0
22.35822033882141,4.84,990651.62
22.37063694000244,4.83,953914.75
22.383018016815186,4.85,1048523.12
22.39520502090454,4.83,924911.12
22.407299518585205,4.84,1018791.93
22.419819593429565,4.84,996640.0
22.432060480117798,4.83,934388.68
22.44426417350769,4.85,1039299.81
22.45668649673462,4.83,930153.06
22.46902370452881,4.84,1013790.12
22.48127269744873,4.84,990651.62
22.49352240562439,4.83,938658.87
22.505544185638428,4.85,1060619.87
22.51770830154419,4.84,983557.5
22.529704093933105,4.84,997848.56
22.54154920578003,4.84,988276.93
22.55349850654602,4.83,939735.06
22.56593680381775,4.85,1077177.37
22.575149297714233,4.84,996640.0
22.587766408920288,4.84,1006369.68
22.60004210472107,4.84,988276.93
22.612310886383057,4.83,945140.93
22.62436032295227,4.85,1071602.87
22.636775493621826,4.84,975404.81
22.64908480644226,4.84,991846.18
22.661344289779663,4.84,983557.5
22.673702478408813,4.83,935452.68
22.686022758483887,4.85,1078579.0
22.69822645187378,4.84,973097.37
22.710163831710815,4.84,993040.43
22.722303867340088,4.84,978881.5
22.734378576278687,4.83,937587.75
22.746548175811768,4.85,1075779.25
22.758567571640015,4.84,971949.06
22.767931938171387,4.84,984732.5
22.780303239822388,4.84,991846.18
22.79239273071289,4.83,951707.31
22.80467939376831,4.85,1084224.25
22.816953897476196,4.84,985913.25
22.829415321350098,4.83,961725.25
22.841500997543335,4.84,987093.75
22.854047536849976,4.83,937587.75
22.866140842437744,4.85,1081396.25
22.878378868103027,4.84,985913.25
22.890589237213135,4.83,938658.87
22.90285849571228,4.84,984732.5
22.914804220199585,4.83,932264.87
22.927082300186157,4.85,1067457.5
22.93915057182312,4.84,981215.62
22.950956344604492,4.83,939735.06
22.959368228912354,4.84,983557.5
22.97158193588257,4.83,960602.68
22.98386549949646,4.85,1074381.37
22.99617075920105,4.84,977719.93
23.008426189422607,4.83,948411.75
23.021028757095337,4.84,991846.18
23.0336012840271,4.83,935452.68
23.04577898979187,4.85,1043231.93
23.058138608932495,4.84,987093.75
23.070619344711304,4.83,934388.68
23.083389043807983,4.84,989462.93
23.095299005508423,4.83,930153.06
23.107271432876587,4.85,1051190.0
23.11933183670044,4.84,988276.93
23.13138771057129,4.83,951707.31
23.14362144470215,4.84,993040.43
23.155590057373047,4.83,922828.75
23.16771936416626,4.85,1036691.06
23.17701005935669,4.84,991846.18
23.18940806388855,4.83,961725.25
23.20092797279358,4.84,1012543.93
23.213258266448975,4.83,914594.06
23.225746631622314,4.85,1040607.37
23.237969160079956,4.84,993040.43
23.25044059753418,4.83,938658.87
23.26292657852173,4.84,999056.87
23.27526879310608,4.82,908511.87
23.28793716430664,4.85,1040607.37
23.300450086593628,4.84,997848.56
23.3124418258667,4.83,933324.25
23.324402570724487,4.84,1012543.93
23.336607933044434,4.83,910532.25
23.348873376846313,4.85,1035393.06
23.360907077789307,4.84,1002701.93
23.372934818267822,4.83,949509.62
23.382404565811157,4.85,1040607.37
23.394685745239258,4.84,999056.87
23.40697169303894,4.85,1040607.37
23.419201850891113,4.84,1008832.5
23.431467533111572,4.83,966243.68
23.44382357597351,4.85,1034098.18
23.455732107162476,4.84,983557.5
23.468294143676758,4.84,1027667.62
23.480762243270874,4.84,1002701.93
23.49279284477234,4.83,949509.62
23.50507950782776,4.85,1067457.5
23.517427921295166,4.84,985913.25
23.52925992012024,4.84,1000268.0
23.541266679763794,4.84,1003921.62
23.553646326065063,4.83,950607.25
23.565895080566406,4.85,1074381.37
23.577683925628662,4.84,980045.68
23.58987522125244,4.84,1002701.93
23.599347591400146,4.84,999056.87
23.611554622650146,4.83,937587.75
23.624210119247437,4.85,1082808.62
23.636173486709595,4.84,977719.93
23.64848256111145,4.84,976561.06
23.66078233718872,4.84,981215.62
23.673144340515137,4.83,931207.81
23.685308694839478,4.85,1085643.75
23.697519540786743,4.84,983557.5
23.709713220596313,4.84,982385.18
23.722245931625366,4.84,994237.5
23.73408555984497,4.83,940810.93
23.74625825881958,4.85,1072990.37
23.75852060317993,4.84,978881.5
23.770648956298828,4.84,976561.06
23.782718658447266,4.84,987093.75
23.79474186897278,4.83,938658.87
23.804200649261475,4.85,1059263.25
23.81615447998047,4.84,991846.18
23.828609466552734,4.84,974248.31
23.840993642807007,4.84,1002701.93
23.853372812271118,4.83,940810.93
23.86544132232666,4.85,1056559.87
23.87781286239624,4.84,988276.93
23.89016366004944,4.83,958362.37
23.902520656585693,4.84,994237.5
23.914725065231323,4.83,942969.75
23.926825523376465,4.85,1055210.0
23.939115285873413,4.84,983557.5
23.950860738754272,4.83,958362.37
23.962586879730225,4.84,974248.31
23.97472596168518,4.83,940810.93
23.98700714111328,4.85,1048523.12
23.99918556213379,4.84,982385.18
24.007819414138794,4.83,937587.75
24.020345449447632,4.84,1007598.12
24.032772064208984,4.83,935452.68
24.044840097427368,4.85,1052526.62
24.057213068008423,4.84,999056.87
24.069852113723755,4.83,940810.93
24.082627058029175,4.84,989462.93
24.094995498657227,4.83,924911.12
24.107293605804443,4.85,1057909.87
24.119582414627075,4.84,987093.75
24.131790161132812,4.83,946228.75
24.143953323364258,4.84,985913.25
24.15590786933899,4.83,923867.5
24.16827893257141,4.85,1039299.81
24.180275440216064,4.84,985913.25
24.1922504901886,4.83,932264.87
24.2039852142334,4.84,987093.75
24.21379566192627,4.83,949509.62
24.225778102874756,4.85,1041918.0
24.23819923400879,4.84,999056.87
24.250619888305664,4.83,947319.06
24.262943744659424,4.84,993040.43
24.27500081062317,4.83,961725.25
24.287382125854492,4.85,1032806.56
24.29979395866394,4.84,987093.75
24.31200122833252,4.83,934388.68
24.324475288391113,4.84,996640.0
24.336644887924194,4.84,978881.5
24.348623514175415,4.84,1022578.0
24.36078715324402,4.84,982385.18
24.37281823158264,4.83,939735.06
24.384806871414185,4.84,1005144.18
24.39699935913086,4.83,961725.25
24.406193733215332,4.84,988276.93
24.418463945388794,4.84,991846.18
24.4308443069458,4.83,948411.75
24.44303011894226,4.84,1021314.0
24.45545196533203,4.84,978881.5
24.467642068862915,4.84,1003921.62
24.48008394241333,4.84,982385.18
24.491963386535645,4.83,936519.06
24.504608392715454,4.84,1025115.06
24.516576290130615,4.84,973097.37
24.52870798110962,4.84,985913.25
24.54113221168518,4.84,977719.93
24.553428888320923,4.83,937587.75
24.56535243988037,4.85,1067457.5
24.577587127685547,4.84,969660.25
24.58975124359131,4.84,978881.5
24.601738452911377,4.84,980045.68
24.610991954803467,4.83,936519.06
24.62349796295166,4.85,1081396.25
24.63547992706299,4.84,984732.5
24.647985696792603,4.84,1005144.18
24.660084009170532,4.84,982385.18
24.67245316505432,4.83,941889.12
24.684818744659424,4.85,1066083.87
24.696763038635254,4.84,971949.06
24.709171533584595,4.84,982385.18
24.721744060516357,4.84,987093.75
24.733874559402466,4.83,936519.06
24.74598217010498,4.85,1064713.62
24.757997274398804,4.84,974248.31
24.77037787437439,4.84,980045.68
24.782304763793945,4.84,978881.5
24.794416427612305,4.83,938658.87
24.806421279907227,4.85,1059263.25
24.815814971923828,4.84,977719.93
24.82796001434326,4.84,982385.18
24.84036636352539,4.84,1010066.68
24.85276222229004,4.83,941889.12
24.86508798599243,4.85,1072990.37
24.877182483673096,4.84,988276.93
24.88953399658203,4.83,961725.25
24.90181851387024,4.84,991846.18
24.914095878601074,4.83,944055.56
24.926310777664185,4.85,1060619.87
24.93868589401245,4.84,982385.18
24.950634241104126,4.83,958362.37
24.962084531784058,4.84,984732.5
24.974207878112793,4.82,899532.25
24.986491203308105,4.85,1057909.87
24.99870491027832,4.84,987093.75
25.01092290878296,4.83,952809.81
25.019522666931152,4.84,994237.5
25.032153129577637,4.83,912558.81
25.044509649276733,4.85,1060619.87
25.056711673736572,4.84,991846.18
25.069148540496826,4.83,942969.75
25.081645727157593,4.84,982385.18
25.094258308410645,4.83,913575.31
25.106462001800537,4.85,1045872.68
25.118782997131348,4.84,973097.37
25.131146907806396,4.83,930153.06
25.143325805664062,4.84,981215.62
25.15573787689209,4.83,914594.06
25.167506456375122,4.85,1041918.0
25.179831504821777,4.84,975404.81
25.19176173210144,4.83,933324.25
25.203646659851074,4.84,975404.81
25.21587896347046,4.83,924911.12
25.22560477256775,4.85,1032806.56
25.237720012664795,4.84,990651.62
25.249880075454712,4.83,942969.75
25.262309074401855,4.84,985913.25
25.27475905418396,4.83,947319.06
25.28703212738037,4.84,1027667.62
25.299062252044678,4.84,977719.93
25.31130313873291,4.83,945140.93
25.323693990707397,4.84,987093.75
25.33610963821411,4.83,953914.75
25.348187923431396,4.84,990651.62
25.360255002975464,4.84,982385.18
25.372455596923828,4.83,928047.81
25.38456439971924,4.84,990651.62
25.396415948867798,4.84,967378.93
25.408596992492676,4.84,989462.93
25.41775393486023,4.84,978881.5
25.430107355117798,4.83,946228.75
25.4422607421875,4.84,1013790.12
25.454837799072266,4.84,976561.06
25.46697974205017,4.84,996640.0
25.479294538497925,4.84,978881.5
25.49143385887146,4.83,924911.12
25.50365376472473,4.84,1018791.93
25.516114234924316,4.84,968516.81
25.52841544151306,4.84,982385.18
25.540804624557495,4.84,982385.18
25.553000926971436,4.83,929100.68
25.564874410629272,4.85,1087066.75
25.577206134796143,4.84,970803.37
25.589251041412354,4.84,988276.93
25.601421117782593,4.84,985913.25
25.613489151000977,4.83,939735.06
25.625508546829224,4.85,1071602.87
25.635059356689453,4.84,970803.37
25.647189617156982,4.84,999056.87
25.65928626060486,4.84,999056.87
25.671943187713623,4.83,950607.25
25.684168338775635,4.85,1079984.0
25.69629693031311,4.84,991846.18
25.708420515060425,4.84,994237.5
25.721126556396484,4.84,1001482.0
25.73333477973938,4.83,946228.75
25.745547771453857,4.85,1082808.62
25.75785732269287,4.84,981215.62
25.769814014434814,4.84,982385.18
25.78192138671875,4.84,995437.37
25.794097185134888,4.83,949509.62
25.806207418441772,4.85,1078579.0
25.81813955307007,4.84,997848.56
25.82738733291626,4.84,975404.81
25.839847564697266,4.84,1015036.06
25.852083444595337,4.83,958362.37
25.864503860473633,4.85,1088497.12
25.876537561416626,4.84,1011303.81
25.888864755630493,4.84,978881.5
25.901305675506592,4.84,1000268.0
25.913578510284424,4.83,950607.25
25.925611972808838,4.85,1079984.0
25.93799901008606,4.84,994237.5
25.95035743713379,4.84,971949.06
25.962270736694336,4.84,1001482.0
25.973712682724,4.83,915617.56
25.985902070999146,4.85,1079984.0
25.99808621406555,4.84,999056.87
26.010364294052124,4.84,968516.81
26.022587537765503,4.84,1003921.62
26.031399965286255,4.82,902507.18
26.04373812675476,4.85,1084224.25
26.05591917037964,4.84,1010066.68
26.068517446517944,4.83,961725.25
26.08105731010437,4.84,1005144.18
26.0934054851532,4.83,921792.25
26.105798721313477,4.85,1081396.25
26.118393898010254,4.84,1000268.0
26.13071632385254,4.83,951707.31
26.142672777175903,4.84,1008832.5
26.1551673412323,4.83,940810.93
26.167155742645264,4.85,1084224.25
26.179604530334473,4.84,1007598.12
26.191720724105835,4.83,951707.31
26.20353627204895,4.84,1012543.93
26.215656518936157,4.83,948411.75
26.228042364120483,4.84,1030229.25
26.24009132385254,4.84,1010066.68
26.249343395233154,4.83,959482.68
26.26161503791809,4.86,1108870.37
26.273972511291504,4.84,967378.93
26.286027193069458,4.85,1039299.81
26.29850196838379,4.84,1006369.68
26.31068468093872,4.83,961725.25
26.323210954666138,4.86,1113330.12
26.335381507873535,4.84,975404.81
26.347548961639404,4.85,1032806.56
26.3597252368927,4.84,1027667.62
26.372190237045288,4.83,960602.68
26.3847074508667,4.86,1107387.5
26.396572589874268,4.84,1003921.62
26.408629894256592,4.85,1039299.81
26.421082735061646,4.84,1020053.12
26.4331374168396,4.83,963977.87
26.44518780708313,4.86,1126929.12
26.457341194152832,4.84,1007598.12
26.46934223175049,4.84,1027667.62
26.478517532348633,4.84,1022578.0
26.4906108379364,4.84,982385.18
26.503440618515015,4.86,1139291.87
26.515705108642578,4.84,1020053.12
26.527633905410767,4.84,1011303.81
26.540138006210327,4.85,1031517.93
26.55247449874878,4.84,967378.93
26.564828634262085,4.86,1131535.5
26.57699704170227,4.84,1020053.12
26.589232444763184,4.84,984732.5
26.60176157951355,4.85,1035393.06
26.613806009292603,4.84,983557.5
26.625731468200684,4.85,1104441.12
26.638025999069214,4.84,1027667.62
26.650210857391357,4.84,990651.62
26.662291526794434,4.85,1032806.56
26.674476623535156,4.84,981215.62
26.68640446662903,4.86,1123881.12
26.695823431015015,4.85,1034098.18
26.70809817314148,4.84,997848.56
26.720379114151,4.85,1043231.93
26.7326979637146,4.84,978881.5
26.7449369430542,4.86,1131535.5
26.75713562965393,4.85,1049856.62
26.769500494003296,4.84,978881.5
26.78179621696472,4.85,1034098.18
26.794048070907593,4.83,965110.87
26.806529998779297,4.85,1104441.12
26.818708896636963,4.85,1032806.56
26.83102297782898,4.84,985913.25
26.842867136001587,4.84,1023845.0
26.85508966445923,4.84,993040.43
26.867137908935547,4.86,1116326.62
26.879416942596436,4.85,1045872.68
26.89157748222351,4.84,978881.5
26.903775453567505,4.84,1023845.0
26.91283917427063,4.84,1006369.68
26.92543077468872,4.86,1120845.12
26.937270402908325,4.85,1066083.87
26.949701070785522,4.84,1018791.93
26.961844444274902,4.85,1061979.87
26.973219394683838,4.84,1022578.0
26.985511541366577,4.85,1082808.62
26.997709035873413,4.85,1052526.62
27.01004672050476,4.84,1007598.12
27.022369146347046,4.86,1174686.87
27.034902095794678,4.85,1044552.31
27.047252893447876,4.85,1060619.87
27.059552431106567,4.85,1061979.87
27.072130918502808,4.84,1002701.93
27.08431601524353,4.87,1189790.25
27.096795558929443,4.85,1048523.12
27.108726024627686,4.85,1070218.75
27.121124029159546,4.85,1078579.0
27.133097410202026,4.84,1012543.93
27.145097732543945,4.86,1188090.12
27.15456533432007,4.85,1072990.37
27.16696858406067,4.85,1087066.75
27.179054021835327,4.85,1082808.62
27.191149711608887,4.85,1034098.18
27.20375108718872,4.87,1189790.25
27.216064929962158,4.85,1077177.37
27.228015661239624,4.85,1035393.06
27.240575551986694,4.85,1082808.62
27.252846479415894,4.84,1015036.06
27.265204668045044,4.87,1203532.75
27.277249813079834,4.85,1077177.37
27.289693593978882,4.84,1017537.0
27.30192804336548,4.85,1079984.0
27.313997745513916,4.84,1008832.5
27.326021671295166,4.87,1189790.25
27.33826780319214,4.85,1084224.25
27.35043716430664,4.85,1031517.93
27.362590312957764,4.85,1095689.0
27.374642372131348,4.84,1020053.12
27.384029865264893,4.86,1168092.87
27.396127462387085,4.85,1097137.75
27.408658742904663,4.85,1036691.06
27.420741081237793,4.85,1104441.12
27.433120012283325,4.84,1007598.12
27.445260763168335,4.86,1179676.87
27.457730531692505,4.85,1091361.37
27.4696786403656,4.85,1031517.93
27.482279539108276,4.85,1095689.0
27.494507312774658,4.85,1059263.25
27.50682783126831,4.86,1168092.87
27.51901078224182,4.85,1094240.37
27.531408548355103,4.85,1040607.37
27.54326033592224,4.86,1110353.0
27.55572271347046,4.85,1074381.37
27.567518949508667,4.86,1171378.75
27.57950210571289,4.86,1108870.37
27.59204888343811,4.85,1035393.06
27.604193449020386,4.86,1129997.37
27.615893125534058,4.85,1088497.12
27.625682592391968,4.86,1125403.12
27.637798070907593,4.86,1123881.12
27.650110483169556,4.85,1057909.87
27.66239643096924,4.87,1277174.0
27.674782752990723,4.85,1101510.0
27.68716788291931,4.86,1126929.12
27.699305295944214,4.86,1139291.87
27.711353063583374,4.85,1047196.31
27.7236967086792,4.87,1252296.37
27.736369132995605,4.86,1113330.12
27.748311758041382,4.86,1120845.12
27.760518312454224,4.86,1119335.0
27.77302312850952,4.85,1057909.87
27.784961938858032,4.87,1244830.37
27.79694962501526,4.86,1126929.12
27.80911922454834,4.86,1120845.12
27.82148241996765,4.86,1123881.12
27.833646535873413,4.85,1053866.62
27.845330476760864,4.87,1239291.0
27.854860067367554,4.86,1107387.5
27.867015600204468,4.85,1084224.25
27.87944746017456,4.86,1134624.12
27.891898155212402,4.85,1061979.87
27.904123783111572,4.87,1259850.25
27.91662621498108,4.86,1120845.12
27.928423643112183,4.85,1077177.37
27.940988540649414,4.86,1129997.37
27.953327178955078,4.85,1045872.68
27.965301513671875,4.87,1207020.12
27.97674322128296,4.86,1128459.25
27.98894953727722,4.85,1060619.87
28.001200437545776,4.86,1129997.37
28.013514757156372,4.85,1039299.81
28.02574920654297,4.87,1208768.87
28.038212776184082,4.86,1150324.37
28.050485372543335,4.85,1068838.12
28.0627281665802,4.86,1134624.12
28.07498264312744,4.85,1085643.75
28.08703303337097,4.87,1203532.75
28.09661316871643,4.86,1125403.12
28.108804941177368,4.85,1092799.0
28.121082067489624,4.86,1159952.25
28.13346219062805,4.86,1133077.75
28.145742893218994,4.87,1212281.5
28.15790033340454,4.86,1147152.25
28.170198678970337,4.85,1088497.12
28.182716846466064,4.86,1173028.5
28.193928003311157,4.86,1116326.62
28.206722736358643,4.86,1158338.0
28.218816995620728,4.86,1131535.5
28.231391429901123,4.85,1075779.25
28.243497133255005,4.88,1290974.87
28.2556369304657,4.86,1145572.62
28.26783776283264,4.86,1168092.87
28.279908180236816,4.86,1168092.87
28.29207468032837,4.85,1087066.75
28.304189920425415,4.88,1317382.37
28.31628918647766,4.86,1137733.12
28.3255136013031,4.86,1164820.75
28.33744716644287,4.86,1178009.0
28.349557876586914,4.86,1105912.5
28.36183786392212,4.88,1298986.37
28.37414288520813,4.86,1166456.75
28.386448860168457,4.86,1168092.87
28.398711681365967,4.86,1166456.75
28.411250114440918,4.85,1084224.25
28.423491954803467,4.88,1296974.37
28.43625259399414,4.86,1143997.0
28.448805570602417,4.85,1102973.75
28.460867643356323,4.86,1164820.75
28.47365140914917,4.85,1075779.25
28.48548173904419,4.88,1294968.5
28.49758791923523,4.86,1153517.75
28.50955867767334,4.85,1102973.75
28.52185344696045,4.86,1173028.5
28.53386116027832,4.85,1072990.37
28.546135425567627,4.87,1263658.12
28.557854413986206,4.86,1161570.62
28.567358016967773,4.85,1097137.75
28.579927444458008,4.87,1191490.75
28.592423915863037,4.85,1084224.25
28.60433292388916,4.87,1263658.12
28.616690635681152,4.86,1173028.5
28.6290340423584,4.85,1091361.37
28.641413927078247,4.86,1168092.87
28.653602600097656,4.85,1060619.87
28.66592288017273,4.87,1235620.0
28.678091287612915,4.86,1156724.12
28.69058609008789,4.85,1084224.25
28.702848196029663,4.86,1169733.75
28.714865684509277,4.86,1116326.62
28.726714849472046,4.87,1215818.37
28.73892593383789,4.86,1148736.25
28.75094175338745,4.85,1081396.25
28.763106107711792,4.86,1181353.62
28.775159120559692,4.86,1131535.5
28.787275075912476,4.86,1159952.25
28.796693563461304,4.86,1147152.25
28.809045791625977,4.85,1104441.12
28.821304321289062,4.88,1325723.12
28.833766222000122,4.86,1137733.12
28.846022844314575,4.86,1164820.75
28.858402490615845,4.86,1139291.87
28.870757341384888,4.85,1077177.37
28.883182764053345,4.88,1303033.87
28.89515781402588,4.86,1136178.5
28.907551288604736,4.86,1142421.87
28.919894456863403,4.86,1150324.37
28.932286739349365,4.85,1082808.62
28.944117307662964,4.88,1288981.87
28.956464290618896,4.86,1145572.62
28.968313217163086,4.86,1156724.12
28.979986667633057,4.86,1145572.62
28.99216890335083,4.85,1077177.37
29.0043785572052,4.87,1271346.5
29.016687631607056,4.86,1140854.75
29.028860092163086,4.85,1088497.12
29.03850817680359,4.86,1156724.12
29.051063537597656,4.85,1095689.0
29.063294649124146,4.88,1288981.87
29.075422286987305,4.86,1161570.62
29.087727785110474,4.85,1101510.0
29.100102186203003,4.86,1168092.87
29.112385749816895,4.85,1077177.37
29.124587297439575,4.87,1273286.62
29.13688826560974,4.86,1150324.37
29.149301290512085,4.85,1084224.25
29.16125512123108,4.86,1176345.75
29.17396378517151,4.85,1061979.87
29.18594193458557,4.87,1248555.0
29.197654724121094,4.86,1163193.5
29.210065364837646,4.85,1094240.37
29.222424507141113,4.86,1173028.5
29.234339714050293,4.85,1068838.12
29.246501922607422,4.87,1256064.62
29.258638858795166,4.86,1159952.25
29.268017768859863,4.85,1092799.0
29.280226707458496,4.87,1207020.12
29.292810440063477,4.86,1156724.12
29.304690837860107,4.87,1254175.37
29.317121028900146,4.86,1186399.0
29.329488277435303,4.86,1117828.87
29.34176015853882,4.87,1207020.12
29.35393261909485,4.86,1153517.75
29.366278409957886,4.87,1244830.37
29.37847375869751,4.86,1179676.87
29.390986442565918,4.85,1102973.75
29.403233766555786,4.87,1237450.5
29.415210723876953,4.86,1158338.0
29.42719316482544,4.86,1186399.0
29.43958044052124,4.86,1184712.62
29.451763153076172,4.86,1107387.5
29.463775873184204,4.88,1327823.0
29.476070880889893,4.86,1166456.75
29.487833976745605,4.87,1198344.87
29.49713706970215,4.87,1189790.25
29.509756803512573,4.86,1131535.5
29.5219829082489,4.88,1355742.0
29.533974647521973,4.86,1173028.5
29.54612374305725,4.87,1193196.0
29.55873465538025,4.87,1203532.75
29.571146488189697,4.86,1114824.5
29.583129167556763,4.88,1336293.5
29.595555782318115,4.87,1200069.37
29.608047485351562,4.87,1201798.62
29.620380878448486,4.87,1196625.25
29.632699251174927,4.86,1133077.75
29.644336462020874,4.88,1351375.12
29.656622886657715,4.87,1194906.0
29.668992519378662,4.87,1215818.37
29.681041479110718,4.87,1207020.12
29.693140506744385,4.86,1113330.12
29.705246925354004,4.88,1355742.0
29.717004776000977,4.87,1208768.87
29.726799488067627,4.86,1133077.75
29.73902153968811,4.87,1228345.87
29.75137996673584,4.86,1122363.0
29.763585805892944,4.88,1323629.5
29.77581286430359,4.87,1215818.37
29.78814196586609,4.86,1136178.5
29.800559759140015,4.87,1228345.87
29.812682151794434,4.86,1105912.5
29.824933528900146,4.88,1313253.0
29.837258100509644,4.87,1226541.62
29.849717378616333,4.86,1147152.25
29.86166763305664,4.87,1242978.62
29.873733520507812,4.86,1108870.37
29.88609790802002,4.88,1332047.87
29.898446083068848,4.87,1230160.12
29.91024899482727,4.86,1150324.37
29.92261791229248,4.87,1281084.87
29.934585332870483,4.87,1219370.87
29.946757555007935,4.88,1327823.0
29.95606517791748,4.87,1246692.25
29.968422174453735,4.86,1158338.0
29.980491638183594,4.88,1321542.5
29.991893768310547,4.87,1241132.12
30.00410747528076,4.88,1311197.62
30.016382694244385,4.87,1259850.25
30.028674602508545,4.87,1189790.25
30.040952682495117,4.88,1334167.5
30.053462505340576,4.87,1233794.87
30.065997838974,4.87,1263658.12
30.078239679336548,4.87,1271346.5
30.09083867073059,4.86,1176345.75
30.103140592575073,4.89,1446823.5
30.115222215652466,4.87,1250423.0
30.127479314804077,4.87,1277174.0
30.13978934288025,4.87,1279126.5
30.151920557022095,4.87,1198344.87
30.16399312019348,4.89,1461904.75
30.17606806755066,4.87,1261751.37
30.185375928878784,4.88,1298986.37
30.197506427764893,4.88,1329934.87
30.209554195404053,4.87,1221159.37
30.22183108329773,4.89,1493015.37
30.234429597854614,4.88,1323629.5
30.246522426605225,4.88,1315314.37
30.259159326553345,4.88,1319461.87
30.271472454071045,4.87,1230160.12
30.283948183059692,4.89,1469564.5
30.296103477478027,4.88,1301009.62
30.30833077430725,4.88,1301009.62
30.320714473724365,4.88,1323629.5
30.33284854888916,4.86,1176345.75
30.34472966194153,4.89,1500991.25
30.35705018043518,4.88,1317382.37
30.36930251121521,4.87,1212281.5
30.381375312805176,4.88,1321542.5
30.39341425895691,4.86,1176345.75
30.405552864074707,4.89,1446823.5
30.414828777313232,4.87,1275227.5
30.427278757095337,4.87,1193196.0
30.439393520355225,4.87,1261751.37
30.45169425010681,4.86,1122363.0
30.463934898376465,4.88,1353555.12
30.476412057876587,4.87,1224742.25
30.488750219345093,4.86,1145572.62
30.500877380371094,4.87,1279126.5
30.51323890686035,4.85,1098590.12
30.525126695632935,4.88,1334167.5
30.53770089149475,4.87,1261751.37
30.54993224143982,4.86,1156724.12
30.562010765075684,4.88,1317382.37
30.574411153793335,4.87,1244830.37
30.586493492126465,4.88,1338426.37
30.59855365753174,4.87,1263658.12
30.61058259010315,4.87,1191490.75
30.622853755950928,4.88,1349201.75
30.63502264022827,4.87,1215818.37
30.646799564361572,4.88,1351375.12
30.656630516052246,4.88,1287000.0
30.66850447654724,4.87,1214049.62
30.681050300598145,4.88,1389411.62
30.69339084625244,4.87,1275227.5
30.705705165863037,4.88,1313253.0
30.717956066131592,4.88,1296974.37
30.730136394500732,4.87,1207020.12
30.742458820343018,4.89,1479891.62
30.75477170944214,4.87,1273286.62
30.767181873321533,4.88,1294968.5
30.77925205230713,4.88,1319461.87
30.79160785675049,4.87,1222948.37
30.8039391040802,4.89,1479891.62
30.816025257110596,4.88,1290974.87
30.827876806259155,4.88,1311197.62
30.84018111228943,4.88,1327823.0
30.852333545684814,4.87,1228345.87
30.86443591117859,4.89,1495664.75
30.87664532661438,4.88,1313253.0
30.885857820510864,4.88,1325723.12
30.898216009140015,4.88,1292968.62
30.910374879837036,4.86,1171378.75
30.922791957855225,4.89,1454322.75
30.935073137283325,4.88,1332047.87
30.947301387786865,4.87,1215818.37
30.95928454399109,4.88,1334167.5
30.971776962280273,4.86,1174686.87
30.98393750190735,4.89,1487737.25
30.995335817337036,4.88,1307100.75
31.007580518722534,4.87,1228345.87
31.01983070373535,4.88,1336293.5
31.032106399536133,4.86,1181353.62
31.04431176185608,4.89,1417549.62
31.05703639984131,4.88,1319461.87
31.06917715072632,4.88,1290974.87
31.081474781036377,4.88,1319461.87
31.093643188476562,4.87,1277174.0
31.10594391822815,4.88,1349201.75
31.11789560317993,4.88,1315314.37
31.127774715423584,4.88,1311197.62
31.139708518981934,4.88,1391719.12
31.15214204788208,4.88,1380279.12
31.164295434951782,4.88,1371257.37
31.17688536643982,4.88,1362350.12
31.188652276992798,4.88,1319461.87
31.201192378997803,4.89,1417549.62
31.213404417037964,4.89,1403345.87
31.225849628448486,4.89,1403345.87
31.2381272315979,4.88,1387117.5
31.250261545181274,4.88,1353555.12
31.262613534927368,4.89,1427178.12
31.274887800216675,4.89,1405692.87
31.28698968887329,4.88,1387117.5
31.29902482032776,4.88,1396344.75
31.311066150665283,4.88,1355742.0
31.32329535484314,4.89,1444334.25
31.335527420043945,4.89,1412786.0
31.347296953201294,4.88,1401006.5
31.35695719718933,4.89,1403345.87
31.36902928352356,4.89,1403345.87
31.381381273269653,4.89,1495664.75
31.393783807754517,4.89,1412786.0
31.406031847000122,4.89,1419943.37
31.418302059173584,4.89,1405692.87
31.43056344985962,4.88,1382551.25
31.442898988723755,4.89,1456845.75
31.45515727996826,4.89,1405692.87
31.46751832962036,4.89,1408047.5
31.479658365249634,4.89,1441859.62
31.49172854423523,4.88,1364564.87
31.504301071166992,4.89,1479891.62
31.51601552963257,4.89,1419943.37
31.528062105178833,4.89,1403345.87
31.540735006332397,4.89,1441859.62
31.552875518798828,4.88,1394028.25
31.564652681350708,4.89,1477296.62
31.57715153694153,4.89,1441859.62
31.588869333267212,4.88,1387117.5
31.59852647781372,4.89,1449314.75
31.610584259033203,4.89,1432037.25
31.623058795928955,4.89,1530984.75
31.63549256324768,4.89,1466998.25
31.647752046585083,4.89,1434485.25
31.65982484817505,4.89,1490368.37
31.672226667404175,4.89,1408047.5
31.684608459472656,4.89,1493015.37
31.696823835372925,4.89,1466998.25
31.70888590812683,4.89,1441859.62
31.721277952194214,4.89,1493015.37
31.73371958732605,4.89,1408047.5
31.745608806610107,4.89,1498323.37
31.757936239242554,4.89,1474710.37
31.76987886428833,4.89,1432037.25
31.78225016593933,4.89,1522687.87
31.794353008270264,4.89,1498323.37
31.806473970413208,4.89,1511763.37
31.818416118621826,4.89,1490368.37
31.82811188697815,4.89,1444334.25
31.840161323547363,4.9,1556401.0
31.85250234603882,4.89,1509057.87
31.86466908454895,4.89,1528204.62
31.877185344696045,4.89,1511763.37
31.889272212982178,4.89,1498323.37
31.90160298347473,4.9,1553537.12
31.91377329826355,4.89,1495664.75
31.926280975341797,4.89,1490368.37
31.9384982585907,4.89,1530984.75
31.95066547393799,4.89,1456845.75
31.962981939315796,4.89,1533767.87
31.975356817245483,4.89,1519943.87
31.987228870391846,4.89,1511763.37
31.998671531677246,4.89,1506361.87
32.01088309288025,4.89,1479891.62
32.02303671836853,4.9,1573819.0
32.03530550003052,4.89,1525441.37
32.04748725891113,4.89,1503668.5
32.059943199157715,4.9,1539363.75
32.06871008872986,4.89,1459371.0
32.081193923950195,4.9,1612889.12
32.093722105026245,4.9,1565062.5
32.1060676574707,4.89,1511763.37
32.118650913238525,4.9,1547840.0
32.130927085876465,4.89,1479891.62
32.14326024055481,4.9,1579705.12
32.15560293197632,4.89,1530984.75
32.167916774749756,4.89,1459371.0
32.180033445358276,4.89,1530984.75
32.19214916229248,4.89,1466998.25
32.20467805862427,4.9,1585642.12
32.21683096885681,4.9,1547840.0
32.22864007949829,4.89,1479891.62
32.241032123565674,4.9,1547840.0
32.25317406654358,4.89,1479891.62
32.265289545059204,4.9,1567968.25
32.27747917175293,4.9,1553537.12
32.2867546081543,4.89,1503668.5
32.298635959625244,4.9,1612889.12
32.311248779296875,4.89,1500991.25
32.32352948188782,4.9,1591615.37
32.33576965332031,4.9,1573819.0
32.348167181015015,4.89,1509057.87
32.360294580459595,4.9,1619065.5
32.37276887893677,4.89,1498323.37
32.38495683670044,4.9,1562167.37
32.39714217185974,4.9,1550683.37
32.40923762321472,4.89,1511763.37
32.42178535461426,4.9,1594618.5
32.434032917022705,4.9,1565062.5
32.44583034515381,4.9,1579705.12
32.458167552948,4.9,1567968.25
32.47045302391052,4.89,1530984.75
32.482529163360596,4.9,1631566.5
32.49455404281616,4.9,1588623.25
32.50666785240173,4.9,1591615.37
32.51871371269226,4.9,1576756.75
32.528564453125,4.9,1545006.87
32.540284633636475,4.9,1676846.0
32.55285096168518,4.9,1609810.37
32.56504464149475,4.9,1612889.12
32.57752728462219,4.9,1573819.0
32.589478731155396,4.9,1545006.87
32.60174894332886,4.9,1666934.0
32.61390709877014,4.9,1591615.37
32.626633167266846,4.9,1567968.25
32.63896346092224,4.9,1612889.12
32.6510796546936,4.9,1539363.75
32.66323733329773,4.9,1644258.0
32.67539310455322,4.9,1594618.5
32.687615394592285,4.9,1579705.12
32.69966197013855,4.9,1556401.0
32.711634159088135,4.9,1553537.12
32.723878383636475,4.9,1660395.25
32.736045360565186,4.9,1615971.5
32.74545931816101,4.9,1573819.0
32.757787466049194,4.9,1653898.25
32.76966619491577,4.9,1576756.75
32.78229570388794,4.9,1690240.12
32.79455852508545,4.9,1612889.12
32.806777477264404,4.9,1576756.75
32.819151163101196,4.9,1606751.0
32.83124780654907,4.9,1547840.0
32.8436975479126,4.9,1673531.87
32.8559844493866,4.9,1594618.5
32.86822295188904,4.9,1565062.5
32.880322217941284,4.9,1622171.12
32.89247703552246,4.89,1530984.75
32.90476632118225,4.9,1676846.0
32.9168541431427,4.9,1625288.5
32.928746461868286,4.9,1556401.0
32.94090008735657,4.9,1637884.25
32.95320773124695,4.9,1576756.75
32.962281942367554,4.9,1641069.12
32.97476887702942,4.9,1660395.25
32.98673129081726,4.9,1641069.12
32.99815607070923,4.91,1735256.37
33.01040172576904,4.9,1622171.12
33.02266240119934,4.9,1690240.12
33.03500699996948,4.9,1641069.12
33.047298192977905,4.9,1603702.87
33.059919118881226,4.91,1735256.37
33.07235097885132,4.9,1600666.0
33.08466935157776,4.9,1641069.12
33.09699869155884,4.9,1653898.25
33.10942101478577,4.9,1609810.37
33.12194895744324,4.91,1714185.5
33.1339795589447,4.9,1660395.25
33.145951986312866,4.9,1650672.62
33.158440589904785,4.9,1650672.62
33.17033624649048,4.9,1606751.0
33.182414293289185,4.91,1742387.25
33.19151449203491,4.9,1647459.25
33.204161643981934,4.9,1693619.37
33.21617126464844,4.9,1700418.0
33.22889733314514,4.9,1634719.37
33.240906715393066,4.91,1764138.75
33.253259897232056,4.9,1666934.0
33.26543569564819,4.9,1660395.25
33.277942419052124,4.9,1676846.0
33.28980875015259,4.9,1650672.62
33.3023145198822,4.91,1760478.12
33.31460475921631,4.9,1676846.0
33.327072620391846,4.9,1622171.12
33.339027643203735,4.9,1683512.75
33.35104942321777,4.9,1634719.37
33.363290786743164,4.91,1735256.37
33.37511372566223,4.9,1673531.87
33.387171268463135,4.9,1663658.37
33.39932584762573,4.91,1703845.87
33.41135931015015,4.9,1663658.37
33.42074990272522,4.91,1717668.25
33.43309283256531,4.9,1697012.0
33.445252895355225,4.9,1666934.0
33.4575572013855,4.91,1731703.25
33.46949076652527,4.9,1647459.25
33.48162794113159,4.91,1749575.87
33.49380803108215,4.91,1707278.75
33.50619029998779,4.9,1673531.87
33.51834321022034,4.9,1686874.12
33.53081655502319,4.9,1657144.75
33.543124198913574,4.91,1786439.37
33.5556960105896,4.9,1700418.0
33.568164348602295,4.9,1660395.25
33.580384254455566,4.91,1703845.87
33.59277677536011,4.9,1680172.87
33.604522943496704,4.91,1786439.37
33.61654853820801,4.91,1721156.0
33.628817319869995,4.9,1680172.87
33.640963554382324,4.91,1714185.5
33.65027928352356,4.9,1697012.0
33.66261124610901,4.91,1805444.0
33.67521095275879,4.91,1760478.12
33.68744778633118,4.91,1731703.25
33.69947147369385,4.91,1731703.25
33.7117383480072,4.9,1700418.0
33.723660469055176,4.91,1724657.75
33.736111879348755,4.91,1735256.37
33.74877071380615,4.9,1690240.12
33.761017084121704,4.91,1836685.0
33.77352499961853,4.91,1721156.0
33.78562092781067,4.91,1724657.75
33.79753375053406,4.91,1738814.62
33.80977725982666,4.91,1703845.87
33.82191324234009,4.91,1877280.25
33.83400368690491,4.91,1775220.37
33.84589648246765,4.91,1775220.37
33.85813665390015,4.91,1771514.37
33.86764073371887,4.91,1714185.5
33.87969613075256,4.91,1902486.12
33.892133951187134,4.91,1809290.62
33.90459227561951,4.91,1786439.37
33.916704416275024,4.91,1782677.87
33.92932343482971,4.91,1738814.62
33.941349267959595,4.91,1864916.75
33.95363259315491,4.91,1760478.12
33.96583938598633,4.91,1778941.5
33.97829246520996,4.91,1793990.0
33.99024772644043,4.91,1742387.25
34.00227999687195,4.91,1885605.37
34.01384496688843,4.91,1782677.87
34.02604699134827,4.91,1764138.75
34.03824734687805,4.91,1828778.12
34.05054688453674,4.91,1764138.75
34.062758922576904,4.91,1873134.25
34.07531809806824,4.91,1844669.5
34.08764123916626,4.91,1856769.75
34.09598231315613,4.91,1889795.25
34.10874819755554,4.92,1915345.62
34.1211884021759,4.92,2058915.87
34.133832931518555,4.92,1937154.62
34.146265268325806,4.91,1852712.25
34.158570289611816,4.92,1950469.12
34.17059922218323,4.91,1844669.5
34.18272805213928,4.92,1982271.0
34.19529128074646,4.92,1946011.0
34.20755195617676,4.91,1828778.12
34.219523906707764,4.92,1963976.37
34.23196530342102,4.91,1885605.37
34.24422645568848,4.92,2000903.75
34.25635886192322,4.91,1906750.12
34.26862287521362,4.91,1881433.75
34.280611515045166,4.92,1937154.62
34.29276156425476,4.91,1873134.25
34.30496788024902,4.92,1982271.0
34.31696534156799,4.91,1906750.12
34.32632660865784,4.91,1856769.75
34.33883857727051,4.92,1950469.12
34.35102868080139,4.92,1950469.12
34.36313986778259,4.92,1932744.87
34.37533640861511,4.91,1881433.75
34.38767910003662,4.91,1864916.75
34.4000346660614,4.92,2063897.87
34.41253066062927,4.91,1906750.12
34.42457437515259,4.91,1836685.0
34.43696999549866,4.91,1852712.25
34.44922494888306,4.91,1848682.25
34.46160054206848,4.92,1986894.12
34.47368621826172,4.91,1885605.37
34.48574423789978,4.91,1906750.12
34.4978768825531,4.91,1873134.25
34.510249853134155,4.91,1820937.87
34.52221345901489,4.92,2019872.25
34.53409552574158,4.91,1873134.25
34.546236753463745,4.91,1902486.12
34.55842590332031,4.91,1864916.75
34.56805610656738,4.91,1809290.62
34.58005714416504,4.92,2024681.87
34.59176754951477,4.92,1928366.0
34.60396337509155,4.91,1860834.5
34.61646223068237,4.92,1937154.62
34.629140853881836,4.91,1860834.5
34.64144539833069,4.92,1963976.37
34.65376329421997,4.91,1906750.12
34.66597127914429,4.91,1856769.75
34.67850184440613,4.92,1919666.5
34.69051647186279,4.91,1836685.0
34.703105211257935,4.92,1946011.0
34.7151255607605,4.91,1877280.25
34.727235078811646,4.91,1760478.12
34.73952102661133,4.91,1881433.75
34.751611948013306,4.91,1820937.87
34.763665437698364,4.92,1937154.62
34.77574872970581,4.91,1889795.25
34.787880659103394,4.91,1817032.5
34.79711842536926,4.91,1824849.75
34.80970311164856,4.91,1778941.5
34.82173752784729,4.92,1937154.62
34.83400797843933,4.91,1898240.87
34.846436500549316,4.91,1790206.87
34.8585102558136,4.91,1852712.25
34.871114015579224,4.91,1848682.25
34.883382081985474,4.91,1898240.87
34.89559602737427,4.91,1877280.25
34.908047914505005,4.91,1805444.0
34.92033672332764,4.91,1844669.5
34.93241024017334,4.91,1836685.0
34.94431519508362,4.91,1894003.37
34.956690311431885,4.91,1844669.5
34.96881818771362,4.91,1778941.5
34.98076558113098,4.91,1824849.75
34.99309277534485,4.91,1828778.12
35.0048246383667,4.91,1873134.25
35.01333451271057,4.91,1832723.25
35.02556276321411,4.91,1856769.75
35.03781986236572,4.91,1840673.87
35.05014753341675,4.91,1840673.87
35.06238150596619,4.91,1889795.25
35.07492184638977,4.91,1844669.5
35.08745980262756,4.91,1782677.87
35.099770307540894,4.92,1973076.25
35.11249113082886,4.91,1844669.5
35.12466835975647,4.91,1840673.87
35.13714623451233,4.91,1832723.25
35.149630069732666,4.91,1797788.87
35.16177487373352,4.92,1946011.0
35.17376637458801,4.91,1852712.25
35.185988903045654,4.91,1860834.5
35.19807243347168,4.91,1869016.62
35.210219860076904,4.91,1809290.62
35.222004890441895,4.92,1950469.12
35.234448194503784,4.91,1856769.75
35.24353384971619,4.91,1856769.75
35.25624108314514,4.92,1954947.37
35.26824617385864,4.91,1873134.25
35.28049087524414,4.92,1973076.25
35.29269862174988,4.91,1889795.25
35.30522537231445,4.91,1824849.75
35.31748175621033,4.91,1864916.75
35.33000183105469,4.91,1809290.62
35.342108964920044,4.92,1928366.0
35.35410785675049,4.91,1836685.0
35.36661171913147,4.91,1775220.37
35.37896680831909,4.91,1832723.25
35.39113116264343,4.91,1749575.87
35.40312314033508,4.91,1906750.12
35.41537261009216,4.91,1828778.12
35.427464723587036,4.91,1778941.5
35.43964433670044,4.91,1817032.5
35.45180535316467,4.91,1731703.25
35.46373391151428,4.91,1828778.12
35.4729220867157,4.91,1782677.87
35.48537492752075,4.91,1742387.25
35.49747824668884,4.91,1805444.0
35.51012372970581,4.9,1690240.12
35.52362036705017,4.91,1786439.37
35.534438610076904,4.91,1714185.5
35.546905755996704,4.9,1634719.37
35.559247732162476,4.9,1666934.0
35.57116746902466,4.9,1562167.37
35.58333158493042,4.9,1628425.62
35.596047163009644,4.9,1570892.0
35.60833477973938,4.89,1503668.5
35.62031531333923,4.9,1550683.37
35.63255953788757,4.89,1519943.87
35.6446213722229,4.9,1542176.62
35.65689444541931,4.89,1525441.37
35.66900157928467,4.89,1454322.75
35.68097710609436,4.89,1519943.87
35.69325017929077,4.89,1487737.25
35.7026104927063,4.89,1482502.25
35.7145414352417,4.89,1522687.87
35.72683382034302,4.88,1380279.12
35.739381074905396,4.89,1449314.75
35.751657247543335,4.89,1436935.12
35.763760566711426,4.89,1464447.12
35.776360511779785,4.89,1487737.25
35.788591623306274,4.89,1461904.75
35.80076289176941,4.9,1539363.75
35.81336498260498,4.89,1509057.87
35.82538938522339,4.89,1509057.87
35.83772921562195,4.89,1530984.75
35.84986686706543,4.89,1511763.37
35.8621027469635,4.9,1634719.37
35.87405848503113,4.9,1603702.87
35.8863205909729,4.9,1573819.0
35.89840745925903,4.9,1594618.5
35.91048264503479,4.89,1536560.75
35.922401905059814,4.9,1673531.87
35.931867837905884,4.9,1622171.12
35.944031953811646,4.9,1644258.0
35.956385135650635,4.9,1673531.87
35.96875524520874,4.9,1631566.5
35.9808406829834,4.91,1728173.5
35.99309206008911,4.9,1697012.0
36.00536775588989,4.9,1625288.5
36.016807317733765,4.9,1690240.12
36.02902817726135,4.9,1644258.0
36.041258811950684,4.91,1767823.75
36.05362153053284,4.91,1703845.87
36.0658655166626,4.9,1680172.87
36.07814121246338,4.91,1742387.25
36.09065294265747,4.9,1683512.75
36.10283398628235,4.91,1749575.87
36.11527466773987,4.91,1753201.37
36.127328872680664,4.91,1724657.75
36.13981556892395,4.91,1797788.87
36.15196394920349,4.9,1690240.12
36.16127300262451,4.91,1828778.12
36.17331504821777,4.91,1881433.75
36.18578243255615,4.91,1764138.75
36.197874546051025,4.91,1860834.5
36.21023607254028,4.91,1717668.25
36.22282910346985,4.91,1852712.25
36.23489451408386,4.91,1840673.87
36.24735188484192,4.91,1782677.87
36.25955247879028,4.91,1869016.62
36.271870613098145,4.91,1860834.5
36.28402256965637,4.91,1860834.5
36.29640340805054,4.91,1864916.75
36.30857014656067,4.91,1805444.0
36.32072973251343,4.92,1928366.0
36.332584857940674,4.91,1877280.25
36.34484624862671,4.91,1894003.37
36.35705614089966,4.92,1919666.5
36.36916708946228,4.91,1836685.0
36.38108825683594,4.93,2303288.75
36.3906524181366,4.93,2303288.75
36.40304732322693,4.93,2455225.75
36.41509771347046,4.94,2527625.25
36.42754030227661,4.93,2413704.5
36.43985843658447,4.94,2864904.5
36.452152490615845,4.94,2520200.0
36.4641432762146,4.94,2565428.25
36.476654052734375,4.94,2596487.75
36.48896932601929,4.94,2527625.25
36.50124669075012,4.94,2772520.5
36.51331686973572,4.94,2660889.25
36.52548623085022,4.94,2660889.25
36.537988901138306,4.94,2711288.5
36.549997091293335,4.94,2573119.0
36.56183481216431,4.94,2874498.0
36.573840618133545,4.94,2694266.25
36.586341381073,4.93,2448196.0
36.59821128845215,4.93,2347520.5
36.60769867897034,4.93,2248767.75
36.62002968788147,4.94,2745956.5
36.63225078582764,4.93,2386807.75
36.64443111419678,4.93,2367003.25
36.6569037437439,4.93,2386807.75
36.669140100479126,4.93,2242869.75
36.681212425231934,4.93,2476501.0
36.69347667694092,4.93,2353974.25
36.70598530769348,4.93,2303288.75
36.718252182006836,4.93,2476501.0
36.73072910308838,4.93,2278737.25
36.742969036102295,4.94,2565428.25
36.755078077316284,4.94,2505459.5
36.767128467559814,4.93,2441223.75
36.77932119369507,4.94,2557782.5
36.791581869125366,4.93,2400181.75
36.803386926651,4.94,2596487.75
36.81572127342224,4.94,2573119.0
36.82782506942749,4.93,2420540.0
36.83985662460327,4.94,2596487.75
36.84928917884827,4.93,2393476.25
36.86173701286316,4.94,2652651.5
36.873820781707764,4.94,2745956.5
36.886197566986084,4.93,2483692.0
36.89825654029846,4.94,2763609.5
36.91081476211548,4.93,2427395.75
36.92319464683533,4.94,2636367.25
36.93524885177612,4.94,2612287.75
36.94770050048828,4.93,2483692.0
36.95993995666504,4.94,2719868.5
36.97226643562317,4.94,2557782.5
36.984360218048096,4.94,2644484.5
36.99646329879761,4.94,2644484.5
37.008718490600586,4.94,2512799.0
37.02005076408386,4.94,2817964.25
37.0322163105011,4.94,2677475.0
37.04439640045166,4.94,2669156.75
37.0566668510437,4.94,2677475.0
37.06527042388916,4.94,2612287.75
37.077592611312866,4.95,3015508.25
37.090195655822754,4.94,2754755.0
37.10260891914368,4.94,2827249.25
37.11486196517944,4.94,2737190.75
37.127397298812866,4.94,2685844.5
37.139931201934814,4.95,2994517.0
37.152538776397705,4.94,2763609.5
37.16452145576477,4.94,2808762.75
37.17709732055664,4.94,2817964.25
37.18932843208313,4.94,2669156.75
37.20164942741394,4.94,2943321.25
37.2136652469635,4.94,2827249.25
37.22587561607361,4.94,2728502.5
37.238009214401245,4.94,2827249.25
37.25010347366333,4.94,2694266.25
37.26229166984558,4.95,3036765.5
37.274401903152466,4.94,2874498.0
37.2864465713501,4.94,2754755.0
37.29580497741699,4.94,2913441.5
37.308088302612305,4.94,2772520.5
37.320420026779175,4.95,3159277.25
37.33273363113403,4.95,3069240.25
37.34486484527588,4.94,2817964.25
37.357189655303955,4.95,2973839.25
37.36953115463257,4.94,2669156.75
37.38162684440613,4.95,3159277.25
37.39398527145386,4.94,2963606.0
37.406329870224,4.94,2754755.0
37.41866898536682,4.95,3026100.0
37.43114900588989,4.94,2677475.0
37.44289946556091,4.95,3170893.25
37.45513582229614,4.94,2953416.25
37.467347145080566,4.94,2827249.25
37.479416370391846,4.94,2943321.25
37.49160146713257,4.94,2781511.0
37.50343084335327,4.95,2984143.0
37.51560044288635,4.95,2973839.25
37.52505540847778,4.94,2772520.5
37.53748917579651,4.95,3004989.75
37.549582719802856,4.94,2884131.0
37.56214737892151,4.95,3182594.0
37.57407259941101,4.95,2984143.0
37.586596727371216,4.94,2836571.0
37.59865927696228,4.95,3182594.0
37.61121082305908,4.94,2836571.0
37.623273849487305,4.95,2984143.0
37.635647773742676,4.95,2984143.0
37.64764881134033,4.95,2973839.25
37.659762144088745,4.95,3549092.0
37.67217516899109,4.95,3102381.25
37.68428993225098,4.95,3113614.75
37.69652509689331,4.95,3230295.75
37.708659172058105,4.94,2933294.25
37.7204384803772,4.95,3449870.0
37.72999429702759,4.95,3069240.25
37.742267370224,4.95,3422497.75
37.754252195358276,4.95,3279433.75
37.76672029495239,4.95,3047505.5
37.77913022041321,4.95,3608387.0
37.79136514663696,4.95,3382253.5
37.8037211894989,4.95,3206254.25
37.81588435173035,4.95,3136267.0
37.82829260826111,4.95,3058348.25
37.84054350852966,4.95,3534578.0
37.85294842720032,4.95,3194380.75
37.86487579345703,4.95,3036765.5
37.87738871574402,4.95,3242435.25
37.88946461677551,4.95,3047505.5
37.90156078338623,4.95,3549092.0
37.91360402107239,4.95,3279433.75
37.925790786743164,4.95,3026100.0
37.93801975250244,4.95,3206254.25
37.950058460235596,4.95,3058348.25
37.95936346054077,4.95,3355963.25
37.971604347229004,4.95,3395586.25
37.98388409614563,4.95,3230295.75
37.996129751205444,4.95,3355963.25
38.00843644142151,4.95,3113614.75
38.02053713798523,4.95,3436112.5
38.03195405006409,4.95,3355963.25
38.04418730735779,4.95,3102381.25
38.05639576911926,4.95,3279433.75
38.06875395774841,4.95,3102381.25
38.081063985824585,4.95,3505863.5
38.093382835388184,4.95,3266987.5
38.10606932640076,4.95,3113614.75
38.11832141876221,4.95,3422497.75
38.13078594207764,4.95,3206254.25
38.14321279525757,4.95,3593389.25
38.15520119667053,4.95,3355963.25
38.16740560531616,4.95,3124900.25
38.179455041885376,4.95,3382253.5
38.1915922164917,4.95,3230295.75
38.20101761817932,4.95,3230295.75
38.21301865577698,4.95,3608387.0
38.22529602050781,4.95,3395586.25
38.237804651260376,4.96,4124466.25
38.249999046325684,4.95,3395586.25
38.26250720024109,4.95,3563724.5
38.2744460105896,4.95,3463701.25
38.28687524795532,4.95,3242435.25
38.299012899398804,4.96,3669678.25
38.3118155002594,4.95,3408989.5
38.32372212409973,4.95,3422497.75
38.33603048324585,4.95,3491697.0
38.34827256202698,4.95,3266987.5
38.360392570495605,4.96,3749245.5
38.37231492996216,4.95,3477643.5
38.38474798202515,4.95,3463701.25
38.396806478500366,4.95,3436112.5
38.408976793289185,4.95,3254665.5
38.420984983444214,4.96,3866545.75
38.430335998535156,4.95,3408989.5
38.44259595870972,4.95,3593389.25
38.454880475997925,4.96,3716987.25
38.46688985824585,4.95,3520181.0
38.479350090026855,4.96,3849351.0
38.491785764694214,4.95,3449870.0
38.50410318374634,4.95,3382253.5
38.5160448551178,4.96,3669678.25
38.52831220626831,4.95,3408989.5
38.540517807006836,4.96,3901440.25
38.5529100894928,4.95,3563724.5
38.56511926651001,4.95,3291942.25
38.57718896865845,4.95,3520181.0
38.589327573776245,4.95,3279433.75
38.60149931907654,4.96,3733067.75
38.61340665817261,4.95,3408989.5
38.62549924850464,4.95,3291942.25
38.637673139572144,4.95,3505863.5
38.64989638328552,4.95,3206254.25
38.65890550613403,4.95,3608387.0
38.67126655578613,4.95,3623509.0
38.6832709312439,4.95,3266987.5
38.69586372375488,4.95,3395586.25
38.708378076553345,4.95,3026100.0
38.720767974853516,4.95,3505863.5
38.733349561691284,4.95,3342969.0
38.745601177215576,4.95,3113614.75
38.757922887802124,4.95,3230295.75
38.77032685279846,4.95,3004989.75
38.78239130973816,4.95,3230295.75
38.79470252990723,4.95,3047505.5
38.80696082115173,4.94,2874498.0
38.81904363632202,4.94,2855398.0
38.83133363723755,4.94,2827249.25
38.8432297706604,4.95,3047505.5
38.85531282424927,4.94,2963606.0
38.86755657196045,4.94,2790536.75
38.87670063972473,4.95,2973839.25
38.88914918899536,4.94,2903589.25
38.901291370391846,4.94,2923334.5
38.91369819641113,4.94,2702761.75
38.92590069770813,4.94,2573119.0
38.93822503089905,4.94,2660889.25
38.95038914680481,4.94,2612287.75
38.96279525756836,4.94,2588658.5
38.97481322288513,4.94,2596487.75
38.98728966712952,4.94,2512799.0
38.999459981918335,4.94,2728502.5
39.012059926986694,4.94,2573119.0
39.02397179603577,4.94,2565428.25
39.035845041275024,4.93,2498161.75
39.04748749732971,4.93,2448196.0
39.059656858444214,4.94,2620259.0
39.071850299835205,4.94,2542606.0
39.084152936935425,4.93,2476501.0
39.09635138511658,4.93,2462277.25
39.105247020721436,4.93,2373563.0
39.11766219139099,4.94,2781511.0
39.13008403778076,4.94,2652651.5
39.14247274398804,4.94,2512799.0
39.15466833114624,4.93,2498161.75
39.167141914367676,4.93,2400181.75
39.17986822128296,4.94,2694266.25
39.19219970703125,4.94,2550181.5
39.2041540145874,4.94,2542606.0
39.216635942459106,4.94,2596487.75
39.22908020019531,4.93,2420540.0
39.241145610809326,4.94,2754755.0
39.2533323764801,4.94,2596487.75
39.2652690410614,4.94,2557782.5
39.27767276763916,4.94,2669156.75
39.28965163230896,4.94,2542606.0
39.30179476737976,4.94,2864904.5
39.313910245895386,4.94,2604364.0
39.323312520980835,4.94,2573119.0
39.335254430770874,4.94,2763609.5
39.34781336784363,4.94,2580856.0
39.36011052131653,4.94,2903589.25
39.37247848510742,4.94,2652651.5
39.38456606864929,4.94,2557782.5
39.396886587142944,4.94,2669156.75
39.409340143203735,4.94,2512799.0
39.4215521812439,4.94,2702761.75
39.43371820449829,4.94,2669156.75
39.44598436355591,4.94,2550181.5
39.458332777023315,4.94,2669156.75
39.47058939933777,4.94,2535093.75
39.48231911659241,4.94,2808762.75
39.494659185409546,4.94,2737190.75
39.506601095199585,4.94,2660889.25
39.518900632858276,4.94,2855398.0
39.53113031387329,4.94,2855398.0
39.542892932891846,4.95,2994517.0
39.5537269115448,4.94,2913441.5
39.564762592315674,4.94,2903589.25
39.57711982727051,4.95,3170893.25
39.58950352668762,4.95,3058348.25
39.601664543151855,4.95,3147716.0
39.613903522491455,4.95,3136267.0
39.62649631500244,4.95,2973839.25
39.63850021362305,4.95,3218245.75
39.64992427825928,4.95,3124900.25
39.66299295425415,4.95,3102381.25
39.67492055892944,4.95,3136267.0
39.68748736381531,4.94,2913441.5
39.699522495269775,4.95,3317245.25
39.71186685562134,4.95,3170893.25
39.7240047454834,4.95,3342969.0
39.73611807823181,4.95,3304546.0
39.748207569122314,4.95,3124900.25
39.76036787033081,4.96,3654172.5
39.76967477798462,4.95,3436112.5
39.78210091590881,4.96,3716987.25
39.79419136047363,4.96,3782021.5
39.80653119087219,4.95,3408989.5
39.81875395774841,4.96,4124466.25
39.83107948303223,4.95,3578477.25
39.84346055984497,4.95,3491697.0
39.85558891296387,4.95,3593389.25
39.86790990829468,4.95,3422497.75
39.88022756576538,4.96,3954900.0
39.89270353317261,4.96,3638757.25
39.90473651885986,4.95,3623509.0
39.916895151138306,4.96,3782021.5
39.9289870262146,4.95,3422497.75
39.941246509552,4.96,4266685.5
39.95318293571472,4.96,3815413.25
39.96531271934509,4.96,3815413.25
39.9776930809021,4.96,4085572.25
39.98975706100464,4.95,3593389.25
39.999181509017944,4.96,4441604.0
40.0113730430603,4.96,4441604.0
40.023462772369385,4.96,4184256.0
40.035661935806274,4.96,4374352.5
40.04713749885559,4.96,3973090.5
40.059319257736206,4.97,4784549.0
40.07154726982117,4.96,4330667.5
40.08388590812683,4.96,4066396.75
40.09618353843689,4.96,4441604.0
40.10860872268677,4.96,3991401.0
40.12109971046448,4.97,4837850.5
40.133408308029175,4.96,4606716.5
40.14558386802673,4.96,4352401.0
40.158042907714844,4.96,4631295.5
40.17054009437561,4.96,4204553.0
40.18234443664551,4.97,4732336.0
40.194586753845215,4.97,4732336.0
40.20679068565369,4.96,4487551.0
40.21583819389343,4.97,5184425.0
40.228466510772705,4.96,4656199.5
40.24085068702698,4.97,5410292.0
40.25284171104431,4.97,5153613.0
40.265321493148804,4.97,4758266.5
40.27754759788513,4.97,5731190.0
40.28980278968811,4.97,4758266.5
40.302056550979614,4.97,5343811.5
40.31427550315857,4.97,5376847.5
40.326722383499146,4.97,5063547.5
40.33906412124634,4.97,6222968.0
40.35100984573364,4.97,6135204.0
40.36310029029846,4.97,6049975.5
40.375344038009644,4.97,6135204.0
40.38749814033508,4.97,5410292.0
40.39932346343994,4.98,6701723.0
40.411378145217896,4.97,5343811.5
40.421096086502075,4.97,5311176.5
40.432984352111816,4.97,5478525.0
40.445427656173706,4.96,4204553.0
40.45784592628479,4.96,4631295.5
40.470030546188354,4.96,3919100.25
40.482421875,4.96,3782021.5
40.4945228099823,4.95,3623509.0
40.50684881210327,4.95,3422497.75
40.519083738327026,4.96,3832307.75
40.53162693977356,4.95,3477643.5
40.543649673461914,4.95,3355963.25
40.55598855018616,4.95,3382253.5
40.56815052032471,4.95,3206254.25
40.58021879196167,4.96,3654172.5
40.5923638343811,4.95,3304546.0
40.60454487800598,4.95,3047505.5
40.61633515357971,4.95,3102381.25
40.62843585014343,4.94,2799620.5
40.6407835483551,4.95,2984143.0
40.650041341781616,4.94,2772520.5
40.66261696815491,4.94,2808762.75
40.674750089645386,4.94,2799620.5
40.68707847595215,4.94,2652651.5
40.69954061508179,4.92,2084078.25
40.71169328689575,4.92,2079000.0
40.72372388839722,4.92,2089193.87
40.736175775527954,4.93,2179907.25
40.74860167503357,4.92,2163347.0
40.760956048965454,4.93,2420540.0
40.77304697036743,4.93,2297106.0
40.78521203994751,4.93,2260655.75
40.79742646217346,4.93,2386807.75
40.809611797332764,4.93,2334717.5
40.82184386253357,4.93,2490906.25
40.83376979827881,4.93,2360479.25
40.84591221809387,4.93,2322035.5
40.85795283317566,4.93,2483692.0
40.86708474159241,4.93,2360479.25
40.87968420982361,4.94,2737190.75
40.89202880859375,4.94,2669156.75
40.904117584228516,4.94,2550181.5
40.916330099105835,4.94,2580856.0
40.92880082130432,4.94,2557782.5
40.94118523597717,4.94,2702761.75
40.9532265663147,4.94,2612287.75
40.965662717819214,4.94,2550181.5
40.978025913238525,4.94,2702761.75
40.99023771286011,4.94,2628299.0
41.00223660469055,4.94,2737190.75
41.01458382606506,4.94,2737190.75
41.02652406692505,4.94,2628299.0
41.03883242607117,4.95,2973839.25
41.05069446563721,4.94,2694266.25
41.06247282028198,4.94,2745956.5
41.07462930679321,4.94,2836571.0
41.08681607246399,4.94,2728502.5
41.095579624176025,4.95,3058348.25
41.1078417301178,4.94,2933294.25
41.12054753303528,4.94,2943321.25
41.13248682022095,4.95,3004989.75
41.145219564437866,4.94,2799620.5
41.15724802017212,4.95,3242435.25
41.16990542411804,4.94,2943321.25
41.18263626098633,4.94,2864904.5
41.19500160217285,4.94,2913441.5
41.20715355873108,4.94,2737190.75
41.218859910964966,4.95,3058348.25
41.23137712478638,4.94,2884131.0
41.24356126785278,4.94,2808762.75
41.25595259666443,4.94,2781511.0
41.2681987285614,4.94,2557782.5
41.28034281730652,4.94,2864904.5
41.29249715805054,4.94,2669156.75
41.304484367370605,4.94,2628299.0
41.31645727157593,4.94,2754755.0
41.32595372200012,4.94,2636367.25
41.338388442993164,4.94,2953416.25
41.35047960281372,4.94,2620259.0
41.363032817840576,4.93,2441223.75
41.375099658966064,4.93,2427395.75
41.38745927810669,4.93,2219565.5
41.39998173713684,4.93,2353974.25
41.4121630191803,4.93,2213802.75
41.42422795295715,4.92,2125627.0
41.4365599155426,4.93,2196733.25
41.44899392127991,4.92,2089193.87
41.46129751205444,4.93,2303288.75
41.47333264350891,4.93,2191101.0
41.48542380332947,4.92,2104650.75
41.49756598472595,4.93,2231150.25
41.50987696647644,4.93,2168839.25
41.521589517593384,4.93,2290940.5
41.53393912315369,4.93,2168839.25
41.54587697982788,4.92,2044111.0
41.55534791946411,4.92,2073946.12
41.56747889518738,4.92,2039210.12
41.58004832267761,4.92,1991538.5
41.592040061950684,4.91,1864916.75
41.604344606399536,4.91,1764138.75
41.616493463516235,4.91,1745974.37
41.629061460494995,4.9,1666934.0
41.64126372337341,4.91,1710725.25
41.653465032577515,4.9,1673531.87
41.66612887382507,4.9,1600666.0
41.67833495140076,4.9,1644258.0
41.69072699546814,4.9,1619065.5
41.70245671272278,4.9,1625288.5
41.71449255943298,4.9,1591615.37
41.7268340587616,4.9,1545006.87
41.73892521858215,4.9,1634719.37
41.750892162323,4.9,1539363.75
41.76318573951721,4.89,1514478.37
41.77235221862793,4.89,1519943.87
41.78455209732056,4.89,1525441.37
41.796358823776245,4.9,1579705.12
41.80883598327637,4.89,1472133.0
41.82137107849121,4.89,1459371.0
41.83360266685486,4.89,1498323.37
41.84579396247864,4.88,1313253.0
41.85838723182678,4.89,1511763.37
41.87079453468323,4.89,1436935.12
41.883339643478394,4.89,1424760.5
41.895400047302246,4.89,1412786.0
41.90770483016968,4.88,1375751.0
41.91968774795532,4.89,1429603.62
41.93163871765137,4.88,1364564.87
41.94400382041931,4.89,1405692.87
41.9562246799469,4.88,1305064.12
41.968321561813354,4.87,1269417.12
41.980371952056885,4.88,1336293.5
41.99258303642273,4.88,1329934.87
42.00175333023071,4.88,1288981.87
42.014251470565796,4.88,1313253.0
42.02646040916443,4.87,1250423.0
42.038491010665894,4.88,1303033.87
42.05077505111694,4.87,1269417.12
42.062238693237305,4.87,1241132.12
42.074432134628296,4.87,1248555.0
42.086724042892456,4.87,1217592.0
42.09902000427246,4.87,1273286.62
42.111315965652466,4.87,1239291.0
42.12390637397766,4.87,1207020.12
42.13634729385376,4.87,1222948.37
42.148422956466675,4.87,1198344.87
42.160858392715454,4.87,1239291.0
42.17317247390747,4.87,1194906.0
42.185447692871094,4.86,1163193.5
42.19731307029724,4.87,1196625.25
42.209378719329834,4.86,1156724.12
42.21861028671265,4.87,1222948.37
42.231167793273926,4.87,1246692.25
42.243531465530396,4.86,1174686.87
42.25586223602295,4.87,1217592.0
42.267857789993286,4.87,1210522.75
42.28032183647156,4.87,1205276.25
42.29264450073242,4.87,1194906.0
42.30501937866211,4.86,1163193.5
42.31718468666077,4.87,1194906.0
42.329505920410156,4.86,1178009.0
42.34178805351257,4.86,1188090.12
42.35406851768494,4.86,1186399.0
42.366265296936035,4.86,1155118.75
42.378318548202515,4.86,1179676.87
42.39045763015747,4.86,1151920.87
42.40265679359436,4.86,1151920.87
42.41485381126404,4.86,1125403.12
42.4268593788147,4.86,1117828.87
42.43904209136963,4.86,1155118.75
42.44828915596008,4.86,1117828.87
42.46047115325928,4.86,1131535.5
42.4730224609375,4.86,1129997.37
42.48512864112854,4.86,1111839.75
42.4976019859314,4.86,1168092.87
42.50970101356506,4.86,1113330.12
42.52195596694946,4.86,1114824.5
42.534130811691284,4.86,1113330.12
42.5467483997345,4.85,1085643.75
42.5589656829834,4.86,1134624.12
42.57107973098755,4.86,1105912.5
42.58323121070862,4.85,1100046.25
42.59542155265808,4.85,1101510.0
42.60764122009277,4.85,1066083.87
42.619879484176636,4.86,1125403.12
42.63204526901245,4.85,1101510.0
42.64420700073242,4.85,1088497.12
42.65633296966553,4.85,1094240.37
42.66830110549927,4.85,1063346.75
42.6805202960968,4.86,1122363.0
42.68967914581299,4.85,1084224.25
42.702131271362305,4.85,1089927.37
42.71440362930298,4.85,1091361.37
42.72668671607971,4.85,1055210.0
42.73887658119202,4.86,1110353.0
42.75116968154907,4.85,1072990.37
42.763676404953,4.85,1049856.62
42.77601766586304,4.85,1085643.75
42.788331747055054,4.85,1052526.62
42.80054450035095,4.85,1101510.0
42.8129346370697,4.85,1070218.75
42.825114250183105,4.85,1053866.62
42.83714151382446,4.85,1084224.25
42.849270820617676,4.85,1037995.5
42.86143612861633,4.85,1082808.62
42.873573303222656,4.85,1071602.87
42.88572025299072,4.85,1048523.12
42.89788627624512,4.85,1074381.37
42.90988302230835,4.85,1059263.25
42.91907262802124,4.85,1067457.5
42.93156599998474,4.85,1079984.0
42.94395899772644,4.85,1047196.31
42.956217765808105,4.85,1074381.37
42.96840786933899,4.85,1055210.0
42.98038673400879,4.85,1059263.25
42.99274563789368,4.85,1047196.31
43.00498986244202,4.84,1022578.0
43.01727843284607,4.85,1056559.87
43.02944755554199,4.85,1049856.62
43.04096555709839,4.85,1044552.31
43.05331468582153,4.85,1035393.06
43.06547737121582,4.84,1027667.62
43.07771396636963,4.85,1070218.75
43.090057373046875,4.85,1041918.0
43.10225296020508,4.85,1034098.18
43.114755630493164,4.84,1021314.0
43.127063274383545,4.84,1018791.93
43.139150857925415,4.85,1059263.25
43.148094177246094,4.85,1036691.06
43.16039824485779,4.85,1047196.31
43.17297983169556,4.85,1056559.87
43.185317039489746,4.85,1032806.56
43.197935819625854,4.85,1070218.75
43.20986366271973,4.85,1041918.0
43.22211718559265,4.85,1045872.68
43.23453974723816,4.85,1034098.18
43.247066259384155,4.84,1015036.06
43.259031534194946,4.85,1045872.68
43.271520137786865,4.84,1023845.0
43.283982276916504,4.84,1020053.12
43.29604363441467,4.84,1026391.37
43.3078510761261,4.84,1007598.12
43.31998300552368,4.85,1051190.0
43.33214282989502,4.84,1020053.12
43.344231605529785,4.84,1002701.93
43.35630416870117,4.84,1012543.93
43.368518590927124,4.84,983557.5
43.37801647186279,4.84,1022578.0
43.39017653465271,4.84,1026391.37
43.40256381034851,4.84,1003921.62
43.41489815711975,4.84,1006369.68
43.427247524261475,4.84,989462.93
43.439515352249146,4.84,1025115.06
43.450902462005615,4.84,1013790.12
43.46329092979431,4.84,997848.56
43.476409673690796,4.85,1037995.5
43.488643646240234,4.84,983557.5
43.50092649459839,4.84,1017537.0
43.51325035095215,4.84,996640.0
43.525238275527954,4.83,963977.87
43.537325859069824,4.69,506656.75
43.54915809631348,4.69,497866.71
43.561391830444336,4.67,472263.31
43.573503494262695,4.64,429508.71
43.58247995376587,4.65,433678.65
43.59512209892273,4.66,455165.96
43.60734248161316,4.69,491538.34
43.619532108306885,4.68,482927.62
43.63186430931091,4.66,455165.96
43.64429497718811,4.65,441223.0
43.65621519088745,4.65,441735.0
43.66840147972107,4.65,432197.96
43.68071103096008,4.64,430727.34
43.69304823875427,4.64,431461.81
43.705188512802124,4.64,422093.75
43.71730947494507,4.64,426610.37
43.72944378852844,4.64,425412.71
43.74150633811951,4.64,425891.15
43.75351405143738,4.64,424697.81
43.7655303478241,4.64,420686.18
43.77424097061157,4.64,430971.68
43.7865948677063,4.64,429751.81
43.798927545547485,4.64,430483.21
43.81123495101929,4.64,428055.0
43.823638916015625,4.64,423984.56
43.83609652519226,4.64,427090.68
43.84853458404541,4.64,420219.12
43.86111569404602,4.64,422093.75
43.87347912788391,4.64,423273.53
43.885788917541504,4.64,419985.37
43.897905588150024,4.64,424221.87
43.91023898124695,4.64,422329.68
43.92228889465332,4.64,422565.28
43.934260845184326,4.64,422801.09
43.94642734527588,4.63,417435.06
43.95851111412048,4.64,424460.03
43.96765732765198,4.64,421623.81
43.98004221916199,4.64,423273.53
43.9923529624939,4.64,423037.21
44.00463581085205,4.64,423984.56
44.016995906829834,4.64,428538.34
44.02917432785034,4.64,425174.15
44.041592836380005,4.64,421858.62
44.0536892414093,4.64,422801.09
44.0658495426178,4.64,420686.18
44.077308654785156,4.64,429265.93
44.08954310417175,4.64,422565.28
44.10173678398132,4.64,423510.68
44.114009141922,4.64,422093.75
44.1261842250824,4.64,419519.71
44.138766288757324,4.64,426610.37
44.15077495574951,4.64,422565.28
44.16312599182129,4.64,423510.68
44.172133445739746,4.64,422801.09
44.18431901931763,4.64,421389.18
44.197304010391235,4.64,426610.37
44.209362745285034,4.64,425412.71
44.22167611122131,4.64,422565.28
44.23389554023743,4.64,421623.81
44.24642300605774,4.64,421623.81
44.25854849815369,4.64,424697.81
44.270811319351196,4.64,419752.43
44.28327775001526,4.64,419985.37
44.29540276527405,4.64,422565.28
44.307193756103516,4.63,418128.03
44.31954097747803,4.64,422329.68
44.331690311431885,4.64,422801.09
44.34372878074646,4.64,421858.62
44.35589003562927,4.64,421623.81
44.3651123046875,4.64,419055.09
44.377217054367065,4.64,424935.87
44.389583587646484,4.64,422093.75
44.40174460411072,4.64,419287.28
44.41427946090698,4.64,420920.06
44.42667317390442,4.63,418359.28
44.43854880332947,4.64,424697.81
44.45123243331909,4.64,422565.28
44.463409423828125,4.64,419519.71
44.47569179534912,4.64,419287.28
44.48772192001343,4.64,419752.43
44.50010085105896,4.64,425652.12
44.51211977005005,4.64,422801.09
44.52424907684326,4.64,419519.71
44.53630757331848,4.64,424460.03
44.548349142074585,4.63,418590.78
44.55734848976135,4.64,425174.15
44.56981587409973,4.64,427090.68
44.582139015197754,4.64,425174.15
44.59453082084656,4.64,428538.34
44.60697102546692,4.64,425652.12
44.618749141693115,4.64,429023.34
44.63136672973633,4.64,425174.15
44.643646478652954,4.64,423747.5
44.656017541885376,4.65,433431.43
44.66787791252136,4.65,432937.15
44.679742097854614,4.65,439187.81
44.692049741744995,4.65,436416.75
44.7041130065918,4.65,439948.68
44.71675968170166,4.65,441223.0
44.72892165184021,4.65,439948.68
44.74091029167175,4.65,443792.28
44.75002646446228,4.65,441478.53
44.762412309646606,4.65,439948.68
44.77468776702881,4.66,446128.65
44.78690195083618,4.66,446128.65
44.79916739463806,4.66,445347.78
44.81155061721802,4.65,444568.78
44.82394313812256,4.65,438176.4
44.83591270446777,4.65,444827.93
44.84838914871216,4.66,448488.09
44.860710859298706,4.65,444568.78
44.8730833530426,4.66,445868.09
44.884881258010864,4.66,452740.78
44.896968841552734,4.68,480219.56
44.909303188323975,4.68,481419.71
44.92148518562317,4.68,479920.59
44.93354630470276,4.68,480518.87
44.94552445411682,4.68,480518.87
44.95486640930176,4.68,480219.56
44.96716046333313,4.68,475768.25
44.97936010360718,4.67,474301.84
44.99171423912048,4.68,475768.25
45.00401973724365,4.68,481720.46
45.016409158706665,4.68,485664.43
45.02851057052612,4.68,478727.4
45.040828704833984,4.68,479025.0
45.05303406715393,4.68,476947.65
45.06522846221924,4.68,475180.96
45.07665038108826,4.68,481720.46
45.088796615600586,4.68,477539.78
45.101014852523804,4.68,482624.71
45.1131911277771,4.68,476947.65
45.125415563583374,4.67,472263.31
45.13760280609131,4.68,478727.4
45.14618539810181,4.67,469665.78
45.15847206115723,4.7,515742.81
45.17079567909241,4.67,474301.84
45.18301200866699,4.67,471394.21
45.1953661441803,4.67,461474.9
45.20765686035156,4.67,462868.0
45.219886302948,4.68,479920.59
45.23220419883728,4.67,472553.4
45.24445605278015,4.68,488121.0
45.25676679611206,4.69,493106.25
45.26901292800903,4.69,492792.06
45.28124475479126,4.68,489668.53
45.293394565582275,4.68,485358.31
45.30559492111206,4.68,483532.96
45.31781315803528,4.69,494051.03
45.33003568649292,4.69,498187.0
45.338595151901245,4.69,497546.84
45.35094714164734,4.69,504021.93
45.36327600479126,4.7,513018.71
45.375502586364746,4.71,529420.12
45.38781428337097,4.71,541162.75
45.400049448013306,4.71,538552.81
45.412373542785645,4.72,546455.68
45.42466425895691,4.71,540040.68
45.4369592666626,4.69,506326.21
45.44930148124695,4.69,506326.21
45.46146631240845,4.7,510321.53
45.47451424598694,4.7,517459.0
45.48673176765442,4.71,530140.43
45.49884819984436,4.72,564961.37
45.51096320152283,4.73,570290.75
45.52294898033142,4.72,556944.37
45.5324764251709,4.72,558133.56
45.54481363296509,4.71,538924.06
45.55687212944031,4.72,555366.43
45.56906032562256,4.72,555759.93
45.58154773712158,4.72,555366.43
45.59492516517639,4.71,542665.25
45.6060094833374,4.71,531223.06
45.61822247505188,4.71,527628.62
45.63047695159912,4.7,524079.75
45.64283728599548,4.71,537810.81
45.65478587150574,4.71,535598.18
45.66682410240173,4.71,529420.12
45.67921423912048,4.71,526915.62
45.69144797325134,4.71,529061.06
45.70319747924805,4.7,524785.56
45.7153639793396,4.71,532310.75
45.72491812705994,4.71,530861.68
45.73695659637451,4.72,546455.68
45.74937891960144,4.72,547986.06
45.761837005615234,4.71,543041.87
45.77422332763672,4.72,548753.81
45.7860541343689,4.71,541537.37
45.7985999584198,4.72,553406.18
45.81102156639099,4.72,551458.93
45.82319521903992,4.73,571949.81
45.83552074432373,4.75,625847.62
45.84758687019348,4.78,701761.56
45.859766244888306,4.71,544175.68
45.87177300453186,4.71,535965.56
45.88411021232605,4.7,524079.75
45.896029233932495,4.71,526558.87
45.90792536735535,4.7,521272.46
45.917285203933716,4.71,529779.56
45.92980766296387,4.71,531584.81
45.941959619522095,4.71,532673.93
45.95418071746826,4.71,534497.81
45.96661186218262,4.7,525140.06
45.97884464263916,4.71,528702.5
45.99115228652954,4.7,520575.5
46.003143548965454,4.7,510657.0
46.01537322998047,4.7,518148.12
46.02790713310242,4.7,513696.75
46.040080308914185,4.7,512680.34
46.05196571350098,4.7,516427.65
46.063934326171875,4.7,509986.5
46.07563829421997,4.7,515400.15
46.087862968444824,4.7,510657.0
46.09643363952637,4.7,509317.59
46.10873627662659,4.7,515742.81
46.12102746963501,4.7,510993.75
46.13339591026306,4.7,516085.0
46.14602208137512,4.7,523023.43
46.15832567214966,4.71,538552.81
46.17063236236572,4.71,543041.87
46.18310523033142,4.71,544175.68
46.19593167304993,4.72,556153.87
46.207939863204956,4.73,583822.56
46.220282554626465,4.75,639439.68
46.23215389251709,4.72,549524.56
46.24457359313965,4.71,526558.87
46.256685972213745,4.71,530140.43
46.26865267753601,4.71,526915.62
46.28083038330078,4.7,525140.06
46.290090799331665,4.7,521621.59
46.30237555503845,4.7,521972.06
46.31468462944031,4.7,522672.53
46.3270046710968,4.7,521621.59
46.33919858932495,4.7,520227.65
46.351654291152954,4.7,512342.37
46.3639702796936,4.69,503694.59
46.37620234489441,4.69,503040.28
46.388288497924805,4.69,502388.37
46.40061664581299,4.69,502063.03
46.412882804870605,4.69,501088.53
46.425026178359985,4.67,465395.59
46.436909198760986,4.69,493735.75
46.4491605758667,4.67,468234.28
46.46135115623474,4.67,473135.37
46.47349977493286,4.67,473717.93
46.48257279396057,4.67,463427.15
46.49458575248718,4.69,506987.75
46.50703263282776,4.68,476063.15
46.51928997039795,4.68,482322.93
46.53174686431885,4.68,484140.5
46.54408812522888,4.67,470240.34
46.55623149871826,4.7,508649.53
46.568700313568115,4.68,476652.46
46.58103847503662,4.68,489668.53
46.593100786209106,4.68,490290.59
46.60537600517273,4.68,485664.43
46.617772579193115,4.7,526203.43
46.62939167022705,4.7,516085.0
46.64136600494385,4.69,498829.53
46.653693437576294,4.68,485664.43
46.66590595245361,4.68,484140.5
46.67496609687805,4.69,495316.81
46.687129497528076,4.68,487812.75
46.69966673851013,4.68,485970.15
46.711982011795044,4.68,483836.15
46.724260091781616,4.68,483836.15
46.73637771606445,4.69,491538.34
46.74875593185425,4.68,483532.96
46.761250734329224,4.68,487812.75
46.773377656936646,4.69,493106.25
46.785964250564575,4.69,499472.75
46.797728538513184,4.7,512342.37
46.81009030342102,4.72,546455.68
46.822237730026245,4.68,486276.18
46.834206342697144,4.68,479920.59
46.846314430236816,4.68,478132.53
46.858314037323,4.68,482322.93
46.867351770401,4.68,483836.15
46.879804611206055,4.68,485664.43
46.892282247543335,4.68,483836.15
46.90433669090271,4.68,479025.0
46.91686701774597,4.68,485358.31
46.92899513244629,4.67,474301.84
46.94144129753113,4.67,464268.93
46.95339345932007,4.66,457341.5
46.96606945991516,4.66,455707.84
46.978057861328125,4.67,460919.43
46.99043822288513,4.66,456795.96
47.002607583999634,4.66,454354.62
47.01470994949341,4.66,455436.71
47.02677011489868,4.66,453546.03
47.03889060020447,4.66,457341.5
47.05107045173645,4.66,453546.03
47.062944412231445,4.66,449808.84
47.07219433784485,4.66,449808.84
47.083635330200195,4.66,451937.53
47.095884561538696,4.66,458162.81
47.10811948776245,4.66,456795.96
47.120441913604736,4.66,450605.06
47.13273882865906,4.66,455165.96
47.145567655563354,4.66,453546.03
47.157607078552246,4.66,456795.96
47.16994857788086,4.67,459812.93
47.182448863983154,4.66,457615.43
47.195022106170654,4.67,462588.87
47.20712733268738,4.67,460365.9
47.219273805618286,4.67,467378.96
47.23115611076355,4.67,474301.84
47.24356198310852,4.68,479025.0
47.255654096603394,4.68,485358.31
47.26493787765503,4.68,482927.62
47.27724575996399,4.69,498507.65
47.2893602848053,4.69,503367.62
47.30191707611084,4.69,503040.28
47.31406569480896,4.7,510657.0
47.32642912864685,4.69,495634.81
47.338592529296875,4.69,502714.12
47.35085153579712,4.69,498829.53
47.36327266693115,4.69,492477.5
47.37547564506531,4.69,503040.28
47.3876256942749,4.69,492792.06
47.39979004859924,4.68,483836.15
47.41192960739136,4.68,487812.75
47.42406392097473,4.68,489979.78
47.4359495639801,4.69,496270.37
47.448158502578735,4.69,497546.84
47.457202672958374,4.69,502388.37
47.469456911087036,4.7,508316.5
47.48132348060608,4.69,502388.37
47.49362373352051,4.7,509986.5
47.50612545013428,4.69,502388.37
47.51843595504761,4.7,509651.81
47.530842304229736,4.7,511330.06
47.54343056678772,4.69,506987.75
47.555678367614746,4.7,511330.06
47.567957401275635,4.69,506656.75
47.58015179634094,4.7,508649.53
47.5924711227417,4.7,508316.5
47.60426688194275,4.7,509986.5
47.616541147232056,4.7,519185.93
47.628161907196045,4.7,514717.87
47.64040780067444,4.74,595721.5
47.64982080459595,4.7,521972.06
47.662288427352905,4.7,521272.46
47.674238204956055,4.71,531584.81
47.686694622039795,4.71,527271.87
47.699042081832886,4.7,521272.46
47.71132731437683,4.7,518839.84
47.72354221343994,4.7,512342.37
47.73609781265259,4.71,527628.62
47.7479784488678,4.71,528343.5
47.76045894622803,4.72,547219.37
47.77258539199829,4.7,519879.4
47.78468346595764,4.7,517115.06
47.796775102615356,4.71,528343.5
47.80892062187195,4.71,539295.81
47.820892095565796,4.68,479322.93
47.83010816574097,4.68,476357.65
47.84231948852539,4.68,476357.65
47.854679107666016,4.68,485358.31
47.86673927307129,4.68,482021.5
47.87922191619873,4.68,483836.15
47.891589403152466,4.66,458986.81
47.903624057769775,4.66,455436.71
47.916045904159546,4.67,461196.65
47.92831587791443,4.66,458162.81
47.940672636032104,4.67,472263.31
47.95311903953552,4.67,467949.06
47.965160608291626,4.67,469378.93
47.977267026901245,4.67,472263.31
47.98965501785278,4.67,471683.34
48.001471519470215,4.67,471105.43
48.0135703086853,4.67,467378.96
48.025521993637085,4.67,469665.78
48.034966468811035,4.67,468234.28
48.0470917224884,4.67,468234.28
48.059436321258545,4.67,467094.78
48.071667432785034,4.67,474595.06
48.08386182785034,4.67,467663.5
48.095314502716064,4.67,464268.93
48.107540130615234,4.66,459261.87
48.119776248931885,4.67,460365.9
48.13215160369873,4.67,460089.62
48.14438986778259,4.66,456795.96
48.15688443183899,4.67,464268.93
48.16921043395996,4.66,457615.43
48.181225538253784,4.66,456795.96
48.19347906112671,4.66,455707.84
48.205798387527466,4.66,448488.09
48.217840909957886,4.67,459812.93
48.22722792625427,4.66,453815.75
48.23940968513489,4.66,455436.71
48.251654386520386,4.66,456251.65
48.26396298408508,4.66,451670.59
48.2762815952301,4.66,456795.96
48.28853631019592,4.66,450870.84
48.300445318222046,4.66,449808.84
48.312525510787964,4.66,450339.62
48.32485342025757,4.66,447699.5
48.33709263801575,4.66,453546.03
48.34940052032471,4.66,448752.21
48.36161184310913,4.66,447962.06
48.37373375892639,4.66,449544.28
48.38598442077637,4.65,443276.46
48.39812350273132,4.66,451937.53
48.410240650177,4.66,448488.09
48.418822050094604,4.66,445868.09
48.431122064590454,4.66,451670.59
48.443705558776855,4.66,447174.53
48.45607042312622,4.66,455165.96
48.468058347702026,4.66,450605.06
48.480570793151855,4.66,453815.75
48.4931218624115,4.66,456251.65
48.50536489486694,4.66,452740.78
48.51836943626404,4.66,455707.84
48.530433654785156,4.67,469092.46
48.54284596443176,4.67,466527.34
48.55484628677368,4.67,467378.96
48.56701993942261,4.67,463147.4
48.5790319442749,4.67,469092.46
48.59086489677429,4.67,467378.96
48.60313391685486,4.67,464831.28
48.615326166152954,4.67,467949.06
48.62475347518921,4.67,469092.46
48.636969804763794,4.67,472553.4
48.64928650856018,4.67,469092.46
48.661577463150024,4.67,467378.96
48.67381048202515,4.67,469378.93
48.68629431724548,4.67,465395.59
48.69821548461914,4.67,469665.78
48.71049761772156,4.67,466527.34
48.722641944885254,4.67,465112.9
48.7352192401886,4.67,469665.78
48.74745440483093,4.67,467663.5
48.759419679641724,4.67,469665.78
48.77165746688843,4.67,469378.93
48.78375577926636,4.67,465677.84
48.79546046257019,4.67,467949.06
48.80743098258972,4.67,466243.4
48.81693434715271,4.67,467094.78
48.82910394668579,4.67,466527.34
48.84142589569092,4.67,464831.28
48.853700160980225,4.67,466810.87
48.86597156524658,4.66,457615.43
48.87820363044739,4.67,460089.62
48.89017367362976,4.68,482322.93
48.90228605270386,4.68,477836.0
48.914374351501465,4.69,504349.65
48.92718553543091,4.69,504678.62
48.93926167488098,4.7,519879.4
48.95149540901184,4.68,487504.87
48.963820457458496,4.67,470240.34
48.97603464126587,4.68,474887.84
48.98815631866455,4.67,470528.87
49.00028443336487,4.67,464268.93
49.009650230407715,4.67,465112.9
49.0219087600708,4.67,469378.93
49.034323930740356,4.67,471973.53
49.046635389328,4.67,463988.28
49.058823108673096,4.67,467094.78
49.070934534072876,4.67,471973.53
49.083237171173096,4.67,469665.78
49.09468913078308,4.67,474301.84
49.10691785812378,4.67,465395.59
49.11920714378357,4.67,469092.46
49.13156294822693,4.67,464831.28
49.14370560646057,4.66,454354.62
49.15628671646118,4.67,467378.96
49.16834807395935,4.67,459537.25
49.18063259124756,4.67,459812.93
49.19301438331604,4.67,460365.9
49.20172619819641,4.66,455707.84
49.21434926986694,4.68,480219.56
49.22650194168091,4.69,493735.75
49.23898768424988,4.67,471105.43
49.251349449157715,4.67,473717.93
49.26364493370056,4.68,477836.0
49.275989055633545,4.67,472553.4
49.287959575653076,4.68,476357.65
49.3005576133728,4.66,458712.06
49.31274747848511,4.66,458712.06
49.32507872581482,4.67,463427.15
49.33705425262451,4.67,470240.34
49.349202394485474,4.67,460642.53
49.36115097999573,4.66,451136.9
49.37339425086975,4.66,454085.03
49.38570022583008,4.65,440712.71
49.3948278427124,4.65,443276.46
49.40674829483032,4.66,452740.78
49.41922736167908,4.66,448752.21
49.431620597839355,4.66,448488.09
49.44397330284119,4.65,439694.78
49.4561767578125,4.65,441223.0
49.46838068962097,4.65,437672.03
49.48068022727966,4.64,431706.93
49.49307680130005,4.65,432197.96
49.50512742996216,4.64,429751.81
49.51706123352051,4.65,435168.12
49.529258728027344,4.65,433926.12
49.54168725013733,4.65,432444.53
49.5538215637207,4.65,435168.12
49.56599569320679,4.65,434421.87
49.5779013633728,4.65,442504.15
49.59014558792114,4.65,441223.0
49.59937119483948,4.65,437923.78
49.611774921417236,4.67,471683.34
49.62407398223877,4.66,455979.28
49.636566162109375,4.66,446390.18
49.64835596084595,4.65,434670.78
49.660818099975586,4.64,429508.71
49.67316794395447,4.65,432690.68
49.685633420944214,4.64,427813.68
49.6975302696228,4.64,429751.81
49.7093071937561,4.64,430239.37
49.7214150428772,4.64,427572.06
49.73404264450073,4.64,429508.71
49.746272563934326,4.64,429995.78
49.75843596458435,4.65,436416.75
49.7704381942749,4.65,436918.43
49.782620668411255,4.65,435417.18
49.79202342033386,4.65,436416.75
49.80424499511719,4.65,437923.78
49.81677031517029,4.65,444827.93
49.82864570617676,4.66,446651.34
49.84112524986267,4.65,444309.84
49.85365176200867,4.66,458986.81
49.86576795578003,4.66,458986.81
49.87818694114685,4.67,465960.46
49.89025592803955,4.67,470817.0
49.902647256851196,4.69,497866.71
49.914934396743774,4.71,529061.06
49.92690682411194,4.75,618048.06
49.93896007537842,4.74,611373.87
49.95104360580444,4.73,569052.18
49.9631724357605,4.71,541912.56
49.9753143787384,4.72,546455.68
49.984575033187866,4.7,524432.43
49.99692964553833,4.7,525494.06
50.00895309448242,4.7,520227.65
50.02118110656738,4.7,512680.34
50.03377819061279,4.7,518493.31
50.046008348464966,4.7,511330.06
50.05828547477722,4.7,511666.81
50.070762157440186,4.7,513357.53
50.08259582519531,4.7,513018.71
50.09410738945007,4.7,516085.0
50.10627341270447,4.7,510993.75
50.11843967437744,4.7,518148.12
50.1307156085968,4.71,526558.87
50.14295744895935,4.71,527628.62
50.155375480651855,4.71,530140.43
50.16764545440674,4.7,514717.87
50.17610549926758,4.7,509651.81
50.18872094154358,4.7,512342.37
50.201350927352905,4.69,506326.21
50.21389842033386,4.7,513018.71
50.22624087333679,4.69,502063.03
50.23814678192139,4.69,501088.53
50.25076651573181,4.69,502388.37
50.263179302215576,4.69,501738.09
50.275304555892944,4.7,512003.9
50.28778409957886,4.69,505336.12
50.29970955848694,4.69,500118.37
50.31188249588013,4.69,498507.65
50.324028968811035,4.7,508649.53
50.33617043495178,4.7,510321.53
50.34813952445984,4.69,499150.93
50.36025023460388,4.68,489668.53
50.369455099105835,4.68,485358.31
50.381831884384155,4.68,480818.56
50.39409589767456,4.68,484140.5
50.406309604644775,4.68,485358.31
50.418604135513306,4.68,481419.71
50.43092894554138,4.68,482927.62
50.44301795959473,4.68,475180.96
50.45526671409607,4.68,486582.62
50.46760845184326,4.68,480518.87
50.48004484176636,4.68,475768.25
50.492435455322266,4.68,475180.96
50.504326820373535,4.67,474301.84
50.51661777496338,4.68,480518.87
50.52873873710632,4.68,477243.9
50.54085898399353,4.67,469665.78
50.552791118621826,4.67,466243.4
50.56212568283081,4.67,465112.9
50.57429647445679,4.68,481118.56
50.58661079406738,4.67,474595.06
50.59892535209656,4.67,465960.46
50.61089825630188,4.67,467378.96
50.623334884643555,4.67,460919.43
50.63579845428467,4.67,470528.87
50.64813542366028,4.67,467949.06
50.66021943092346,4.67,465395.59
50.67247819900513,4.67,464268.93
50.68462944030762,4.66,458436.9
50.69664025306702,4.67,464831.28
50.709157943725586,4.67,464831.28
50.721012592315674,4.72,550296.37
50.73322534561157,4.68,481419.71
50.745389461517334,4.67,470240.34
50.75741457939148,4.68,486889.4
50.76683568954468,4.68,481720.46
50.77912902832031,4.68,479920.59
50.791276693344116,4.68,481419.71
50.803815841674805,4.67,474301.84
50.81602597236633,4.68,476947.65
50.828402042388916,4.67,468234.28
50.84050512313843,4.67,466810.87
50.85279583930969,4.67,471394.21
50.865238666534424,4.67,465112.9
50.877439737319946,4.67,472263.31
50.889551877975464,4.67,465677.84
50.90158295631409,4.67,461474.9
50.91383957862854,4.67,463147.4
50.9257915019989,4.67,459537.25
50.93773937225342,4.67,465395.59
50.94983124732971,4.67,461752.75
50.95941877365112,4.66,459261.87
50.9714457988739,4.67,461474.9
50.98388648033142,4.67,459812.93
50.99620723724365,4.67,461752.75
51.00849199295044,4.66,457615.43
51.02064323425293,4.66,455165.96
51.03299140930176,4.66,457341.5
51.045419454574585,4.66,452204.75
51.057565689086914,4.66,458436.9
51.06991767883301,4.66,453277.34
51.0818989276886,4.66,453008.9
51.09338092803955,4.66,455165.96
51.10549259185791,4.66,455979.28
51.117669343948364,4.66,457888.93
51.12993788719177,4.66,457068.59
51.14221143722534,4.66,453546.03
51.150714635849,4.66,457068.59
51.16336011886597,4.66,454894.75
51.17581582069397,4.66,456795.96
51.18777275085449,4.66,454624.56
51.20031952857971,4.66,455707.84
51.21282958984375,4.66,457068.59
51.225133419036865,4.66,453815.75
51.23805904388428,4.66,454894.75
51.25015091896057,4.66,455165.96
51.26240372657776,4.66,454085.03
51.27462387084961,4.66,457615.43
51.286755084991455,4.66,457068.59
51.29884719848633,4.67,460365.9
51.31086587905884,4.67,460365.9
51.322938442230225,4.67,463707.18
51.335161447525024,4.67,468234.28
51.344329833984375,4.67,468519.78
51.356555700302124,4.68,478132.53
51.36901259422302,4.68,485358.31
51.38097810745239,4.69,500118.37
51.39357018470764,4.71,538181.06
51.40554690361023,4.72,561728.12
51.418025493621826,4.72,547219.37
51.430137634277344,4.71,537810.81
51.442522048950195,4.7,519879.4
51.45506834983826,4.7,519532.43
51.467270851135254,4.7,511330.06
51.47930836677551,4.7,510657.0
51.491132974624634,4.7,513357.53
51.50345230102539,4.7,512680.34
51.515570640563965,4.7,521972.06
51.52768540382385,4.72,556549.31
51.53688931465149,4.76,649876.81
51.549407720565796,4.79,765065.62
51.56117844581604,4.81,839438.56
51.57356524467468,4.81,845536.56
51.586020946502686,4.82,861613.06
51.598267793655396,4.76,668940.68
51.61071300506592,4.76,659550.43
51.622623920440674,4.76,668381.56
51.63516569137573,4.8,809373.25
51.64742660522461,4.81,838575.0
51.65993547439575,4.81,819162.75
51.6714346408844,4.79,755766.0
51.68355131149292,4.78,706702.93
51.69597673416138,4.8,793549.68
51.70771598815918,4.79,743927.06
51.719788789749146,4.79,758604.43
51.729525566101074,4.78,724532.12
51.74138641357422,4.78,719350.5
51.7538640499115,4.78,723230.93
51.766276597976685,4.78,702376.81
51.778578996658325,4.78,704841.75
51.7905011177063,4.78,726494.12
51.80303955078125,4.78,719995.62
51.815367460250854,4.79,748759.18
51.827609062194824,4.78,725839.56
51.83986139297485,4.78,700537.31
51.852245807647705,4.77,696281.18
51.86426782608032,4.78,700537.31
51.87654685974121,4.79,735112.5
51.888317584991455,4.77,695075.12
51.90049767494202,4.77,672317.31
51.912763595581055,4.77,672882.75
51.921841859817505,4.77,670063.12
51.934064626693726,4.77,690883.56
51.94639182090759,4.77,682640.56
51.95862936973572,4.77,671751.31
51.97118353843689,4.77,675155.12
51.98295569419861,4.76,655755.56
51.99551177024841,4.76,658461.37
52.00774669647217,4.76,649876.81
52.02014994621277,4.79,750149.87
52.03217530250549,4.79,741194.43
52.044761657714844,4.77,676296.06
52.05683207511902,4.78,723230.93
52.06893801689148,4.8,793549.68
52.08114218711853,4.79,736455.0
52.09250450134277,4.79,758604.43
52.10469603538513,4.78,702376.81
52.11681246757507,4.78,723881.0
52.12548613548279,4.77,696281.18
52.13779377937317,4.77,678590.43
52.15004897117615,4.76,666152.37
52.16271615028381,4.76,644618.75
52.1750648021698,4.76,653070.81
52.18721103668213,4.76,652536.56
52.200090408325195,4.79,751547.31
52.2132031917572,4.83,957247.43
52.224624156951904,4.83,952809.81
52.237303733825684,4.86,1108870.37
52.24963998794556,4.85,1088497.12
52.26141834259033,4.86,1107387.5
52.27377486228943,4.86,1133077.75
52.285951137542725,4.86,1137733.12
52.298149824142456,4.85,1072990.37
52.31020665168762,4.93,2174359.5
52.322221994400024,4.93,2208084.0
52.334264039993286,4.93,2462277.25
52.34374499320984,4.94,2512799.0
52.35585951805115,4.94,2685844.5
52.368380308151245,4.94,2817964.25
52.38071632385254,4.94,2660889.25
52.39283609390259,4.94,2963606.0
52.4053316116333,4.94,2719868.5
52.417542457580566,4.95,3549092.0
52.42982769012451,4.95,3436112.5
52.44181704521179,4.95,3218245.75
52.45429182052612,4.95,3477643.5
52.466777086257935,4.95,3266987.5
52.47888422012329,4.95,3147716.0
52.49088096618652,4.95,3395586.25
52.50300621986389,4.95,3395586.25
52.515312910079956,4.96,3866545.75
52.52734994888306,4.96,3991401.0
52.53934144973755,4.95,3369057.5
52.5513072013855,4.96,3669678.25
52.560978174209595,4.95,3291942.25
52.572879791259766,4.96,4225046.0
52.58516979217529,4.96,3973090.5
52.59779500961304,4.96,3815413.25
52.61001944541931,4.96,3919100.25
52.62214994430542,4.95,3608387.0
52.634597301483154,4.96,4606716.5
52.64679980278015,4.97,5063547.5
52.65910887718201,4.97,5966966.5
52.6715292930603,4.97,6092293.5
52.68359017372131,4.97,5410292.0
52.69593167304993,4.98,6701723.0
52.70809531211853,4.97,5769174.5
52.72020101547241,4.97,5620070.5
52.7322564125061,4.97,6049975.5
52.74445581436157,4.97,6313148.5
52.75629901885986,4.98,8374563.0
52.76834058761597,4.98,7641379.0
52.77790403366089,4.98,6969673.0
52.79002118110657,4.98,8622729.0
52.802207708358765,4.98,6701723.0
52.81478524208069,4.97,5846765.5
52.82713770866394,4.97,5807762.0
52.839163064956665,4.96,4534451.0
52.85169219970703,4.97,5478525.0
52.86367988586426,4.96,4606716.5
52.87628531455994,4.97,5513243.0
52.88866448402405,4.97,5247000.0
52.90086078643799,4.96,4441604.0
52.91267538070679,4.97,4920122.5
52.92509365081787,4.96,4374352.5
52.937288761138916,4.97,5444152.5
52.94940209388733,4.96,4631295.5
52.96144366264343,4.96,4464460.0
52.973464012145996,4.97,4758266.5
52.985461473464966,4.96,4606716.5
52.994996786117554,4.97,4784549.0
53.007211446762085,4.97,4976483.5
53.01970601081848,4.96,4606716.5
53.03170990943909,4.97,4706683.5
53.04416823387146,4.96,4487551.0
53.0562584400177,4.97,4837850.5
53.068785429000854,4.96,4582396.0
53.080808877944946,4.96,4245790.5
53.0930757522583,4.97,5410292.0
53.10451865196228,4.96,4464460.0
53.116743087768555,4.96,4352401.0
53.12893748283386,4.96,4606716.5
53.141191482543945,4.96,4287785.0
53.1533887386322,4.97,5548400.5
53.165953397750854,4.96,4606716.5
53.17830228805542,4.96,4606716.5
53.1901319026947,4.96,4631295.5
53.202550172805786,4.96,4558329.0
53.21154427528381,4.97,5846765.5
53.22389888763428,4.97,5311176.5
53.23672389984131,4.97,5184425.0
53.248998403549194,4.97,5926357.0
53.26089835166931,4.97,5656693.5
53.27338266372681,4.99,12782455.0
53.285847663879395,4.97,6453523.0
53.29811930656433,4.97,6092293.5
53.31030249595642,4.97,6222968.0
53.32271218299866,4.97,5215526.0
53.334837675094604,4.98,7320736.5
53.34719467163086,4.98,6753633.5
53.35914349555969,4.97,6222968.0
53.37131881713867,4.97,6008238.5
53.38349461555481,4.97,5444152.5
53.39556121826172,4.98,7140987.0
53.407549142837524,4.97,5966966.5
53.416831970214844,4.97,4892344.5
53.42927861213684,4.97,6008238.5
53.441433906555176,4.97,6222968.0
53.453622817993164,4.98,6806350.0
53.466100454330444,4.97,5846765.5
53.478391885757446,4.97,5376847.5
53.49065637588501,4.97,5548400.5
53.50278162956238,4.97,4758266.5
53.515164375305176,4.97,5926357.0
53.52748727798462,4.97,5278853.5
53.53953790664673,4.96,4656199.5
53.551830768585205,4.97,5376847.5
53.56416893005371,4.97,4732336.0
53.57623839378357,4.97,5769174.5
53.58851504325867,4.97,5311176.5
53.600476026535034,4.97,4811053.0
53.61256504058838,4.97,5215526.0
53.62468481063843,4.97,4732336.0
53.636698961257935,4.97,6008238.5
53.64623308181763,4.97,5278853.5
53.65845561027527,4.97,4948143.5
53.67065143585205,4.96,4124466.25
53.68305420875549,4.96,4441604.0
53.69538497924805,4.97,5513243.0
53.70751738548279,4.97,4948143.5
53.72008490562439,4.96,4225046.0
53.73220658302307,4.96,4164153.0
53.74429249763489,4.96,4066396.75
53.75647044181824,4.97,4920122.5
53.76883339881897,4.96,4287785.0
53.78117609024048,4.96,4266685.5
53.79308867454529,4.97,4758266.5
53.805668354034424,4.96,3701083.75
53.81773257255554,4.95,3449870.0
53.82956624031067,4.95,2994517.0
53.84128403663635,4.94,2754755.0
53.849857807159424,4.94,2588658.5
53.862462282180786,4.95,3291942.25
53.87490916252136,4.95,2973839.25
53.8874568939209,4.94,2557782.5
53.89948558807373,4.9,1615971.5
53.912198305130005,4.9,1588623.25
53.924463987350464,4.89,1522687.87
53.93668818473816,4.9,1556401.0
53.94899225234985,4.9,1579705.12
53.96110916137695,4.91,1710725.25
53.973442792892456,4.92,1982271.0
53.98571825027466,4.92,2010344.0
53.997862100601196,4.91,1820937.87
54.01003074645996,4.92,1946011.0
54.021976947784424,4.93,2168839.25
54.03403067588806,4.94,2669156.75
54.04630970954895,4.94,2781511.0
54.0586154460907,4.92,2136263.5
54.07089591026306,4.93,2322035.5
54.07938194274902,4.91,1775220.37
54.091872692108154,4.91,1735256.37
54.104005098342896,4.91,1778941.5
54.116069078445435,4.91,1738814.62
54.12845492362976,4.91,1782677.87
54.1406991481781,4.91,1898240.87
54.15295124053955,4.92,2010344.0
54.16550540924072,4.93,2208084.0
54.17801904678345,4.92,2094321.37
54.19005107879639,4.92,2109853.25
54.202608823776245,4.92,1968515.87
54.214940309524536,4.91,1832723.25
54.22691321372986,4.91,1852712.25
54.239675760269165,4.91,1898240.87
54.25193929672241,4.91,1848682.25
54.26421809196472,4.91,1764138.75
54.276169300079346,4.91,1902486.12
54.28848218917847,4.91,1885605.37
54.30033588409424,4.91,1898240.87
54.309669494628906,4.94,2542606.0
54.32208561897278,4.92,2058915.87
54.33437991142273,4.92,2005613.0
54.346776723861694,4.91,1869016.62
54.35891032218933,4.91,1717668.25
54.371150732040405,4.91,1817032.5
54.38347029685974,4.9,1612889.12
54.3958523273468,4.9,1600666.0
54.40793442726135,4.9,1562167.37
54.420082092285156,4.9,1547840.0
54.43266725540161,4.9,1631566.5
54.44493055343628,4.92,1950469.12
54.45686364173889,4.9,1628425.62
54.46913695335388,4.89,1461904.75
54.48128271102905,4.89,1485115.12
54.493539333343506,4.89,1449314.75
54.50575542449951,4.9,1644258.0
54.517640113830566,4.9,1641069.12
54.52968740463257,4.89,1495664.75
54.539414167404175,4.88,1394028.25
54.551172494888306,4.89,1432037.25
54.56339073181152,4.89,1464447.12
54.575902223587036,4.89,1472133.0
54.58839750289917,4.88,1375751.0
54.60052227973938,4.88,1364564.87
54.61276316642761,4.88,1382551.25
54.62504577636719,4.87,1281084.87
54.63743758201599,4.87,1267493.37
54.649847984313965,4.88,1334167.5
54.66179919242859,4.87,1254175.37
54.67396926879883,4.88,1296974.37
54.68644070625305,4.87,1194906.0
54.69847011566162,4.86,1174686.87
54.71062612533569,4.86,1184712.62
54.722575664520264,4.87,1241132.12
54.73461079597473,4.88,1292968.62
54.747135400772095,4.89,1429603.62
54.75916004180908,4.91,1824849.75
54.76847314834595,4.94,2542606.0
54.780651569366455,4.95,3355963.25
54.793002128601074,4.96,4028529.0
54.80547642707825,4.96,3919100.25
54.81768345832825,4.96,3919100.25
54.83012366294861,4.97,4732336.0
54.84211206436157,4.97,5444152.5
54.8545446395874,4.97,6550525.0
54.866883516311646,4.98,6860029.5
54.879127979278564,4.97,6222968.0
54.891111612319946,4.98,7025813.0
54.90357160568237,4.97,6406086.5
54.91582155227661,4.98,8885990.0
54.92780375480652,4.98,9362077.0
54.93992376327515,4.98,10612114.0
54.952160358428955,5.0,47110064.0
54.96435356140137,4.99,15227422.0
54.9763867855072,4.99,26106150.0
54.98871684074402,5.0,101501648.0
55.00072884559631,5.0,101501648.0
55.01026439666748,5.0,-66031488.0
55.022526264190674,5.0,64356668.0
55.034913063049316,5.0,-50800324.0
55.04713320732117,5.0,42550076.0
55.0592679977417,4.99,28661756.0
55.07150673866272,4.99,24639376.0
55.083834171295166,4.98,7199919.0
55.096022844314575,4.97,6008238.5
55.10819745063782,4.97,5184425.0
55.11962604522705,4.95,3242435.25
55.13187050819397,4.95,3113614.75
55.14411735534668,4.95,3058348.25
55.156370639801025,4.94,2913441.5
55.16860508918762,4.94,2884131.0
55.181063652038574,4.94,2694266.25
55.19335150718689,4.94,2855398.0
55.20563530921936,4.94,2542606.0
55.21773862838745,4.94,2520200.0
55.226444721221924,4.94,2512799.0
55.239338397979736,4.94,2573119.0
55.251715898513794,4.94,2660889.25
55.264065742492676,4.93,2483692.0
55.27625608444214,4.93,2309504.5
55.28874397277832,4.93,2219565.5
55.30095362663269,4.93,2174359.5
55.31299328804016,4.93,2266646.25
55.32543063163757,4.92,2049022.62
55.33774471282959,4.92,2039210.12
55.350128412246704,4.92,2141634.75
55.362523317337036,4.92,2015097.0
55.3742299079895,4.93,2236987.5
55.3866069316864,4.92,2089193.87
55.398820877075195,4.92,1977668.87
55.41095185279846,4.92,2044111.0
55.422898292541504,4.91,1902486.12
55.435083627700806,4.92,2024681.87
55.447083711624146,4.92,1950469.12
55.45674204826355,4.91,1889795.25
55.468984603881836,4.92,2058915.87
55.4813597202301,4.91,1902486.12
55.49337077140808,4.92,2115094.5
55.5057692527771,4.93,2179907.25
55.51801776885986,4.92,2024681.87
55.53038239479065,4.92,2068916.37
55.542540311813354,4.92,1932744.87
55.55487513542175,4.92,2089193.87
55.567209005355835,4.92,1911032.87
55.57948327064514,4.91,1805444.0
55.59150409698486,4.92,1924006.62
55.60382318496704,4.92,1963976.37
55.615944385528564,4.93,2213802.75
55.628156423568726,4.94,2660889.25
55.640148878097534,4.94,2505459.5
55.65251803398132,4.94,2505459.5
55.66460466384888,4.93,2448196.0
55.67658066749573,4.94,2535093.75
55.6859769821167,4.94,2550181.5
55.69834232330322,4.94,2527625.25
55.71047759056091,4.94,2677475.0
55.72273111343384,4.93,2455225.75
55.73468208312988,4.94,2669156.75
55.74628043174744,4.94,2817964.25
55.75899338722229,4.95,3036765.5
55.77133536338806,4.95,3534578.0
55.78421211242676,4.94,2588658.5
55.796560525894165,4.93,2462277.25
55.80874228477478,4.94,2754755.0
55.8208589553833,4.94,2790536.75
55.8332257270813,4.94,2790536.75
55.845317363739014,4.94,2505459.5
55.85732841491699,4.93,2490906.25
55.86977195739746,4.93,2476501.0
55.881794929504395,4.93,2322035.5
55.89386057853699,4.94,2628299.0
55.90589714050293,4.93,2406924.5
55.915420055389404,4.95,3449870.0
55.92753458023071,4.93,2353974.25
55.940101623535156,4.95,3317245.25
55.95196461677551,4.97,6008238.5
55.964499950408936,4.98,7025813.0
55.97666883468628,4.98,8538466.0
55.98920273780823,5.0,38790080.0
56.00147819519043,5.0,40580860.0
56.01381015777588,5.01,-25662958.0
56.02594447135925,5.0,-41281076.0
56.03842306137085,5.0,-41281076.0
56.05066800117493,5.01,-19444540.0
56.062835693359375,5.01,-16532622.0
56.07458257675171,5.02,-9667964.0
56.08695912361145,5.01,-11412199.0
56.09919238090515,5.01,-21323228.0
56.11095476150513,5.01,-11125486.0
56.12277388572693,5.01,-12369628.0
56.13493800163269,5.02,-8387380.5
56.14711093902588,5.02,-9263668.0
56.1559100151062,5.02,-9883829.0
56.16821908950806,5.02,-6784938.0
56.18090486526489,5.02,-7663043.0
56.1929976940155,5.03,-6348800.5
56.20542812347412,5.02,-6943926.5
56.217804193496704,5.02,-7937200.5
56.230098485946655,5.02,-6943926.5
56.242669343948364,5.02,-7346018.0
56.25526714324951,5.03,-5626219.0
56.26763844490051,5.03,-6172531.0
56.27994346618652,5.02,-7285778.5
56.29205250740051,5.03,-6583870.5
56.30413317680359,5.02,-6784938.0
56.31630182266235,5.03,-6394432.0
56.32838416099548,5.03,-6088087.5
56.340354681015015,5.02,-7226374.5
56.35263133049011,5.03,-5023554.5
56.36466431617737,5.03,-6130016.5
56.37416911125183,5.03,-6005832.5
56.38633394241333,5.03,-5734975.5
56.39879512786865,5.03,-6487701.5
56.41108298301697,5.03,-4832973.5
56.423030853271484,5.03,-5886606.0
56.43551707267761,5.03,-5734975.5
56.44774031639099,5.03,-5453950.0
56.46013569831848,5.03,-6215641.5
56.4724817276001,5.03,-4912849.0
56.484702348709106,5.03,-5809796.0
56.49698233604431,5.03,-5521533.5
56.509161949157715,5.03,-5772142.0
56.5213680267334,5.03,-5886606.0
56.53324007987976,5.04,-4632323.0
56.545531272888184,5.03,-5229817.0
56.557533740997314,5.03,-5521533.5
56.5697500705719,5.03,-5080776.0
56.58170032501221,5.03,-5965588.5
56.59392523765564,5.04,-4492437.5
56.60324788093567,5.03,-5169187.5
56.61582279205322,5.03,-5260751.0
56.62797784805298,5.03,-5052002.0
56.640695333480835,5.03,-5626219.0
56.6526517868042,5.04,-4515196.5
56.6650276184082,5.03,-5847947.5
56.67715287208557,5.02,-8156153.0
56.69059467315674,5.02,-7797615.0
56.70164656639099,5.01,-11267014.0
56.71382737159729,5.02,-9563672.0
56.726133584976196,5.01,-14864344.0
56.7379891872406,5.01,-32227834.0
56.750250816345215,5.01,-24252926.0
56.76230788230896,5.0,-263976624.0
56.774691343307495,5.0,-39435196.0
56.787227630615234,5.0,114736512.0
56.79938507080078,4.99,11912665.0
56.81148433685303,4.99,15496579.0
56.82339119911194,4.98,8796550.0
56.83574175834656,4.99,15775401.0
56.8450448513031,4.98,10612114.0
56.85743808746338,4.98,8708666.0
56.86973738670349,4.98,7777710.0
56.88205599784851,4.98,7082860.5
56.89408254623413,4.98,7140987.0
56.90645885467529,4.97,5886294.0
56.918818950653076,4.96,4204553.0
56.93107604980469,4.96,4352401.0
56.94325256347656,4.96,4309093.0
56.955573320388794,4.97,5376847.5
56.967963457107544,4.97,4948143.5
56.97999334335327,4.96,4352401.0
56.992233991622925,4.96,4656199.5
57.004151344299316,4.96,4009879.75
57.01643204689026,4.96,3936919.25
57.02843189239502,4.96,4085572.25
57.040436029434204,4.95,3330074.5
57.0499484539032,4.96,3815413.25
57.06215310096741,4.95,3608387.0
57.07443809509277,4.95,3436112.5
57.08664631843567,4.95,3491697.0
57.09902024269104,4.96,3991401.0
57.11125135421753,4.96,4656199.5
57.123300552368164,4.96,3973090.5
57.13474178314209,4.96,4085572.25
57.146987438201904,4.96,4184256.0
57.159274101257324,4.96,3716987.25
57.17161226272583,4.96,4418922.0
57.183870792388916,4.96,3832307.75
57.19643950462341,4.96,3991401.0
57.20858836174011,4.96,4225046.0
57.22095775604248,4.97,4837850.5
57.23325204849243,4.97,5005148.0
57.24560523033142,4.97,5184425.0
57.257511377334595,4.97,5886294.0
57.26696300506592,4.97,4892344.5
57.279218673706055,4.97,5215526.0
57.29146218299866,4.98,6969673.0
57.30353617668152,4.97,6008238.5
57.316112756729126,4.98,8374563.0
57.328471183776855,4.99,20120178.0
57.340749740600586,4.98,7259827.5
57.353028297424316,4.98,7445821.0
57.36515402793884,4.97,5478525.0
57.37742877006531,4.97,5444152.5
57.38978028297424,4.97,4681306.5
57.40213966369629,4.96,4085572.25
57.41419076919556,4.97,5005148.0
57.426185131073,4.96,4441604.0
57.43845868110657,4.96,4085572.25
57.450499057769775,4.97,4758266.5
57.462663412094116,4.96,4464460.0
57.47454118728638,4.97,5693699.5
57.48406529426575,4.97,5656693.5
57.49622201919556,4.97,6550525.0
57.50834274291992,4.97,5966966.5
57.52085566520691,4.97,5584007.0
57.5331506729126,4.98,8708666.0
57.54538655281067,4.98,8977262.0
57.55772590637207,4.97,6550525.0
57.57000017166138,4.98,7918789.5
57.58236837387085,4.98,7509890.0
57.59451460838318,4.99,21606052.0
57.60699200630188,5.01,-28117578.0
57.61944079399109,5.0,-50800324.0
57.63109517097473,4.99,26905892.0
57.643378496170044,4.97,5478525.0
57.65548133850098,4.97,5807762.0
57.66769790649414,4.97,5620070.5
57.679758071899414,4.97,5034216.5
57.69171905517578,4.98,7025813.0
57.70407438278198,4.97,4864946.0
57.713484048843384,4.97,5478525.0
57.725476026535034,4.97,5620070.5
57.73774790763855,4.97,5005148.0
57.750248670578,4.97,6092293.5
57.7623872756958,4.97,5548400.5
57.774765729904175,4.97,5311176.5
57.787123680114746,4.97,5215526.0
57.799373626708984,4.97,5153613.0
57.81141114234924,4.97,6501664.0
57.82368087768555,4.97,6313148.5
57.83606934547424,4.98,6860029.5
57.84800481796265,4.98,7320736.5
57.86013889312744,4.98,7082860.5
57.8723828792572,4.99,14715533.0
57.88454270362854,5.01,-16532622.0
57.89660716056824,5.02,-8231793.5
57.908674240112305,5.03,-6303819.5
57.920836210250854,5.02,-7285778.5
57.930391788482666,5.03,-5847947.5
57.94262671470642,5.02,-7226374.5
57.95490217208862,5.02,-8803692.0
57.967276096343994,5.01,-15118451.0
57.979684352874756,5.0,-71379408.0
57.99181389808655,5.0,-33449716.0
58.00417733192444,5.0,75404120.0
58.01666450500488,4.99,19236928.0
58.02879619598389,4.99,31774158.0
58.041234731674194,4.99,21087000.0
58.05334806442261,4.99,19236928.0
58.065871477127075,4.99,11752766.0
58.07771635055542,4.98,9673041.0
58.09016394615173,4.98,10005004.0
58.101940393447876,4.98,6860029.5
58.11432981491089,4.98,10360790.0
58.126059770584106,4.98,8796550.0
58.13781142234802,4.98,7199919.0
58.14997386932373,4.98,7777710.0
58.158586263656616,4.97,5769174.5
58.17094039916992,4.98,9463407.0
58.18322944641113,4.98,8374563.0
58.195531129837036,4.97,6550525.0
58.20787811279297,4.98,7709031.5
58.22036290168762,4.97,6008238.5
58.232731342315674,4.98,8217008.0
58.24514842033386,4.98,7199919.0
58.257781744003296,4.97,6453523.0
58.2704644203186,4.98,7259827.5
58.28257870674133,4.97,5731190.0
58.294785499572754,4.98,6914418.5
58.306891679763794,4.98,6650601.0
58.31909418106079,4.97,6092293.5
58.33116841316223,4.98,6650601.0
58.34322547912598,4.97,6008238.5
58.35547351837158,4.98,6969673.0
58.36752653121948,4.98,7082860.5
58.37681555747986,4.97,6313148.5
58.38936972618103,4.98,10005004.0
58.40120315551758,4.98,7082860.5
58.41387343406677,4.99,18824226.0
58.42589092254639,5.0,42550076.0
58.438502073287964,5.0,330148384.0
58.4509654045105,5.0,155276736.0
58.46285796165466,4.99,27756116.0
58.47545266151428,4.99,14472557.0
58.48761439323425,4.99,11912665.0
58.49980854988098,4.98,8708666.0
58.5121009349823,4.99,12419948.0
58.524269580841064,4.98,9070420.0
58.53649353981018,4.98,8455828.0
58.548492670059204,4.98,7918789.5
58.560580015182495,4.98,7320736.5
58.57279706001282,4.98,10120763.0
58.58458185195923,4.98,7709031.5
58.59663438796997,4.98,6914418.5
58.60590052604675,4.98,7445821.0
58.61822748184204,4.98,7259827.5
58.63052439689636,4.98,8622729.0
58.64281892776489,4.98,7847618.5
58.65539479255676,4.98,6806350.0
58.667726039886475,4.98,7382672.0
58.68008852005005,4.97,6501664.0
58.6921124458313,4.98,9673041.0
58.704479455947876,4.98,7445821.0
58.71674561500549,4.97,6550525.0
58.7290301322937,4.98,7641379.0
58.74140214920044,4.98,6806350.0
58.75303888320923,4.98,9891856.0
58.765511989593506,4.98,7777710.0
58.777491331100464,4.98,6914418.5
58.78907084465027,4.98,8217008.0
58.80161738395691,4.98,7259827.5
58.81049847602844,4.98,9463407.0
58.82276511192322,4.98,9165524.0
58.83549618721008,4.98,8538466.0
58.84802460670471,4.98,10360790.0
58.860066175460815,4.98,8065249.0
58.8724570274353,4.98,10484951.0
58.88485145568848,4.98,9262887.0
58.89712691307068,4.98,8538466.0
58.90915060043335,4.98,9566947.0
58.921818017959595,4.98,8455828.0
58.933921098709106,4.99,12076963.0
58.94621562957764,4.98,10876236.0
58.9583101272583,4.98,8977262.0
58.97044920921326,4.98,9463407.0
58.98242783546448,4.98,8796550.0
58.99462342262268,4.99,13788853.0
59.006755352020264,4.99,14472557.0
59.01874828338623,4.98,9362077.0
59.03070664405823,4.99,12246279.0
59.040526390075684,4.99,11445474.0
59.05252432823181,4.99,18049674.0
59.06467962265015,4.99,14966787.0
59.07699799537659,4.99,14237459.0
59.08926272392273,4.99,14715533.0
59.101567029953,4.99,12971738.0
59.11394786834717,5.0,-36198348.0
59.12633991241455,5.01,-23604532.0
59.13766527175903,5.01,-27249460.0
59.14995098114014,5.0,-263976624.0
59.162169456481934,4.99,23966866.0
59.17453694343567,4.99,30665198.0
59.18670463562012,4.99,26905892.0
59.19924521446228,4.99,21087000.0
59.211485385894775,5.0,188539248.0
59.22356605529785,4.99,24639376.0
59.23625874519348,4.99,23966866.0
59.24833273887634,4.99,21606052.0
59.26073884963989,4.99,18049674.0
59.272765159606934,5.0,47110064.0
59.28483033180237,4.99,15496579.0
59.29438614845276,4.99,16364198.0
59.3068368434906,4.99,20120178.0
59.319103717803955,4.99,13368111.0
59.33136200904846,4.99,31774158.0
59.34345459938049,4.99,15775401.0
59.355868339538574,4.99,12971738.0
59.36823320388794,4.99,14237459.0
59.38053750991821,4.99,12419948.0
59.3925347328186,4.99,22152682.0
59.40510129928589,4.99,13575230.0
59.417370557785034,4.99,12076963.0
59.42964458465576,4.99,16064417.0
59.44182634353638,4.99,12598601.0
59.453800201416016,4.99,29630958.0
59.46602964401245,4.99,31774158.0
59.47816181182861,5.0,32966244.0
59.490248918533325,4.99,14472557.0
59.502251625061035,4.98,9673041.0
59.51451921463013,4.99,14009859.0
59.52617144584656,4.98,10612114.0
59.5354380607605,4.98,8622729.0
59.547998666763306,4.99,11297389.0
59.56040644645691,4.99,11445474.0
59.57271909713745,4.99,14009859.0
59.58523464202881,4.99,11597090.0
59.59743666648865,4.98,9463407.0
59.609618186950684,4.98,10120763.0
59.62193059921265,4.98,8885990.0
59.63434076309204,4.99,11013098.0
59.64669489860535,4.98,9891856.0
59.659096002578735,4.98,8796550.0
59.67108941078186,4.99,15775401.0
59.6831579208374,4.99,13575230.0
59.69531464576721,4.99,28661756.0
59.70762634277344,4.99,19668098.0
59.71960949897766,4.99,14009859.0
59.73158526420593,5.0,42550076.0
59.74369168281555,4.99,15775401.0
59.756030321121216,4.99,11013098.0
59.76546907424927,4.99,11153438.0
59.77743458747864,4.98,8977262.0
59.789605140686035,4.99,15496579.0
59.80209302902222,4.99,11297389.0
59.81450867652893,4.98,9463407.0
59.82671308517456,4.99,11445474.0
59.83917570114136,4.98,10612114.0
59.85154700279236,4.99,16676164.0
59.86360573768616,4.98,10612114.0
59.87611532211304,4.99,11013098.0
59.888335943222046,4.99,11013098.0
59.90057158470154,4.98,9673041.0
59.9126398563385,4.99,18049674.0
59.924866676330566,4.99,11597090.0
59.93693661689758,4.98,9463407.0
59.949300050735474,4.99,11752766.0
59.96123480796814,4.99,11597090.0
59.97331953048706,4.99,18428830.0
59.98560404777527,4.99,13788853.0
59.9975004196167,4.99,11752766.0
60.00716161727905,4.99,13575230.0
60.01947236061096,4.99,15496579.0
60.03170442581177,5.0,38790080.0
60.04381513595581,4.99,31774158.0
60.05620527267456,4.99,15496579.0
60.06865477561951,5.0,40580860.0
60.08094310760498,5.0,330148384.0
60.093018770217896,5.0,-45551296.0
60.10537600517273,4.99,31774158.0
60.11772584915161,4.99,19668098.0
60.12977600097656,5.0,38790080.0
60.14108443260193,4.99,15496579.0
60.153273820877075,4.99,25352524.0
60.16547513008118,4.99,27756116.0
60.177757263183594,4.99,21087000.0
60.19001603126526,5.0,42550076.0
60.20246243476868,5.0,-50800324.0
60.21473550796509,5.0,-85199152.0
60.226935625076294,5.0,-45551296.0
60.23927044868469,5.0,91003592.0
60.25132703781128,5.01,-24938002.0
60.26081037521362,5.0,-376972096.0
60.27325487136841,5.0,-43313808.0
60.28559708595276,5.01,-31092158.0
60.29805898666382,5.0,-660395712.0
60.31006956100464,5.01,-14150338.0
60.32267642021179,5.01,-14380974.0
60.33478093147278,5.01,-12910934.0
60.347174644470215,5.02,-10109296.0
60.35948181152344,5.02,-7533056.0
60.37168478965759,5.02,-8308856.0
60.38374853134155,5.01,-16532622.0
60.39624881744385,5.01,-32227834.0
60.40852475166321,5.01,-20820580.0
60.42070150375366,5.0,-61429396.0
60.432812452316284,5.01,-19444540.0
60.44489884376526,5.0,-120015688.0
60.457181215286255,5.01,-31092158.0
60.469186782836914,5.0,-71379408.0
60.481340408325195,5.0,82472976.0
60.4935188293457,5.0,-48032732.0
60.505725145339966,5.0,37150548.0
60.51496934890747,4.99,29630958.0
60.527037143707275,5.0,47110064.0
60.539610147476196,4.99,17684874.0
60.55205678939819,5.0,91003592.0
60.564096450805664,5.0,38790080.0
60.57645034790039,4.99,18428830.0
60.58850717544556,4.99,19668098.0
60.60068941116333,4.99,11597090.0
60.61297082901001,4.99,28661756.0
60.62553644180298,4.99,17684874.0
60.63790726661682,4.99,13788853.0
60.650182247161865,4.99,28661756.0
60.662317514419556,4.99,12971738.0
60.67450571060181,4.99,29630958.0
60.686603307724,4.99,26106150.0
60.698832750320435,4.99,22726148.0
60.71083116531372,4.99,20120178.0
60.72288250923157,4.99,11445474.0
60.735132694244385,4.99,13167201.0
60.747323751449585,4.99,13575230.0
60.75903367996216,4.99,11297389.0
60.76854586601257,4.99,23330048.0
60.78115105628967,5.0,38790080.0
60.79328632354736,5.0,32966244.0
60.80568742752075,4.99,21087000.0
60.81807899475098,4.99,13788853.0
60.83028531074524,4.99,18824226.0
60.84284329414368,4.99,12419948.0
60.85483980178833,4.99,11597090.0
60.86720395088196,4.99,11013098.0
60.87936043739319,4.98,8885990.0
60.89196515083313,4.99,15496579.0
60.903911113739014,4.99,11153438.0
60.916027784347534,4.99,11013098.0
60.92819929122925,4.99,11445474.0
60.94050908088684,4.98,9891856.0
60.95254468917847,4.99,14472557.0
60.96470355987549,4.99,11597090.0
60.9766321182251,4.99,11912665.0
60.98894786834717,4.99,12246279.0
61.000983476638794,4.98,10120763.0
61.0104022026062,4.99,24639376.0
61.023061990737915,4.99,18824226.0
61.03505849838257,4.99,11912665.0
61.04741382598877,4.99,15775401.0
61.059882164001465,4.98,10120763.0
61.072038412094116,4.99,19236928.0
61.084197998046875,4.99,13575230.0
61.09653830528259,4.99,11153438.0
61.10890769958496,4.99,15496579.0
61.12127614021301,4.98,10484951.0
61.13372468948364,4.99,17684874.0
61.145450830459595,4.99,18428830.0
61.15678787231445,4.99,13167201.0
61.168983936309814,4.99,20120178.0
61.181220293045044,4.99,12246279.0
61.19347882270813,4.99,26905892.0
61.2056987285614,4.99,18428830.0
61.21827268600464,4.99,14009859.0
61.23042964935303,4.99,26106150.0
61.242510080337524,4.99,12076963.0
61.25183033943176,4.99,28661756.0
61.26405715942383,4.99,23330048.0
61.27677249908447,4.99,14472557.0
61.28918123245239,4.99,25352524.0
61.301454305648804,4.99,18824226.0
61.313605546951294,4.99,22726148.0
61.32595229148865,4.99,22726148.0
61.33820986747742,4.99,16064417.0
61.350632429122925,5.0,59968748.0
61.36281371116638,4.99,30665198.0
61.375020027160645,4.99,26905892.0
61.38740801811218,5.0,52763776.0
61.39957571029663,4.99,24639376.0
61.41170048713684,5.0,-105626552.0
61.42381286621094,5.0,49777004.0
61.436121702194214,5.0,49777004.0
61.44820189476013,5.0,64356668.0
61.460121870040894,5.0,40580860.0
61.47237825393677,5.0,-57427276.0
61.48466229438782,5.0,114736512.0
61.496747732162476,5.0,-376972096.0
61.5060830116272,5.0,-43313808.0
61.51837658882141,5.01,-15118451.0
61.53076767921448,5.01,-20341122.0
61.54330515861511,5.01,-28117578.0
61.555119037628174,5.0,-61429396.0
61.567590951919556,5.0,-45551296.0
61.57980394363403,5.0,49777004.0
61.592347621917725,5.01,-30033874.0
61.60477805137634,5.0,-48032732.0
61.61648988723755,5.0,56140716.0
61.62901306152344,5.0,-61429396.0
61.64168930053711,5.0,-2641484032.0
61.65382385253906,5.01,-22989948.0
61.66567921638489,5.01,-31092158.0
61.67777705192566,5.0,-45551296.0
61.69007968902588,5.01,-21850786.0
61.702409505844116,5.01,-22405154.0
61.71516561508179,5.01,-20341122.0
61.72634840011597,5.01,-31092158.0
61.738420486450195,5.0,-45551296.0
61.75049591064453,5.01,-18624774.0
61.76247692108154,5.01,-22989948.0
61.77257204055786,5.01,-22405154.0
61.78473949432373,5.01,-18239360.0
61.79678750038147,5.0,-36198348.0
61.80945444107056,5.01,-11561188.0
61.821736097335815,5.01,-22405154.0
61.83404803276062,5.01,-22405154.0
61.84607672691345,5.01,-26433402.0
61.858540773391724,5.0,-105626552.0
61.87085199356079,5.01,-22989948.0
61.88323092460632,5.0,-165044960.0
61.89525580406189,5.0,-45551296.0
61.90758919715881,5.0,-48032732.0
61.92013931274414,5.0,-165044960.0
61.932225704193115,5.01,-19444540.0
61.94416117668152,5.0,-165044960.0
61.95640683174133,5.0,101501648.0
61.96872806549072,5.0,-2641484032.0
61.98098540306091,5.0,101501648.0
61.99325251579285,5.01,-31092158.0
62.00503969192505,5.0,-77670440.0
62.017388105392456,5.0,131989152.0
62.02938938140869,5.01,-32227834.0
62.04173445701599,5.0,1320692480.0
62.053386926651,5.01,-22405154.0
62.063183546066284,5.0,-50800324.0
62.07551693916321,5.0,-660395712.0
62.08780312538147,5.01,-28117578.0
62.10014843940735,5.0,-43313808.0
62.11230230331421,5.01,-23604532.0
62.12465143203735,5.0,-48032732.0
62.13678526878357,5.0,-77670440.0
62.1481397151947,5.01,-21850786.0
62.16037082672119,5.0,-45551296.0
62.172603130340576,5.01,-21850786.0
62.184956312179565,5.01,-24252926.0
62.197192668914795,5.01,-31092158.0
62.20972537994385,5.01,-14618655.0
62.22212290763855,5.01,-32227834.0
62.23406147956848,5.01,-22405154.0
62.24665188789368,5.01,-16532622.0
62.25892949104309,5.01,-25662958.0
62.271284341812134,5.02,-10593000.0
62.283591985702515,5.01,-12725297.0
62.29566407203674,5.01,-17516332.0
62.30790114402771,5.01,-19882142.0
62.31990623474121,5.0,-37747452.0
62.329400300979614,5.02,-10345326.0
62.34179949760437,5.02,-7797615.0
62.3541054725647,5.02,-9563672.0
62.36622977256775,5.02,-10109296.0
62.37848424911499,5.01,-19882142.0
62.390997886657715,5.02,-10345326.0
62.4033682346344,5.01,-16229119.0
62.41543388366699,5.0,-45551296.0
62.42761707305908,5.01,-18239360.0
62.44004249572754,5.0,-57427276.0
62.4524986743927,5.01,-19025814.0
62.46456265449524,5.01,-25662958.0
62.476773500442505,5.0,-43313808.0
62.489020586013794,5.01,-31092158.0
62.50109076499939,5.0,91003592.0
62.51328897476196,5.01,-25662958.0
62.52535343170166,5.0,-43313808.0
62.53754663467407,5.0,528257216.0
62.54970359802246,5.0,-45551296.0
62.56177020072937,5.0,75404120.0
62.57359170913696,5.0,-34768000.0
62.583468437194824,5.0,-41281076.0
62.595579862594604,5.0,-43313808.0
62.60806393623352,5.01,-20820580.0
62.62040162086487,5.0,-376972096.0
62.632697105407715,5.01,-22989948.0
62.644689321517944,5.01,-21323228.0
62.65708017349243,5.0,-94319128.0
62.669583320617676,5.01,-19025814.0
62.68170213699341,5.0,-33449716.0
62.69429063796997,5.01,-29042900.0
62.70623064041138,5.01,-24252926.0
62.71849846839905,5.0,-48032732.0
62.73057961463928,5.01,-17870522.0
62.74305987358093,5.01,-28117578.0
62.75484085083008,5.01,-26433402.0
62.76727271080017,5.01,-18624774.0
62.77936410903931,5.01,-17516332.0
62.79162359237671,5.02,-10721188.0
62.803749561309814,5.02,-8803692.0
62.81579780578613,5.01,-17516332.0
62.827863931655884,5.01,-14864344.0
62.83975124359131,5.01,-27249460.0
62.84927034378052,5.01,-14618655.0
62.86174392700195,5.01,-16532622.0
62.87434458732605,5.01,-17870522.0
62.8864164352417,5.01,-17175932.0
62.89880084991455,5.01,-24938002.0
62.91109800338745,5.01,-12198738.0
62.92351818084717,5.01,-17516332.0
62.935441732406616,5.01,-20820580.0
62.94784116744995,5.01,-15118451.0
62.96022057533264,5.01,-25662958.0
62.97259044647217,5.01,-15654420.0
62.98476505279541,5.01,-16848536.0
62.99707794189453,5.01,-26433402.0
63.00914001464844,5.01,-16532622.0
63.021450996398926,5.01,-22989948.0
63.0334415435791,5.01,-11871588.0
63.045634269714355,5.01,-15936579.0
63.05782222747803,5.01,-27249460.0
63.07000017166138,5.01,-16532622.0
63.08183002471924,5.01,-16848536.0
63.09400177001953,5.01,-14864344.0
63.1034722328186,5.01,-17870522.0
63.115922927856445,5.01,-26433402.0
63.12798023223877,5.01,-13927558.0
63.140559911727905,5.01,-14618655.0
63.15247416496277,5.01,-15654420.0
63.163820028305054,5.01,-15118451.0
63.17608451843262,5.01,-17870522.0
63.188411712646484,5.01,-11267014.0
63.20063495635986,5.02,-8891937.0
63.213144302368164,5.01,-11561188.0
63.22528696060181,5.01,-13299499.0
63.238038539886475,5.01,-21850786.0
63.25056314468384,5.01,-12032933.0
63.26262807846069,5.01,-14618655.0
63.27494955062866,5.02,-9883829.0
63.287370920181274,5.01,-15936579.0
63.29959321022034,5.01,-19882142.0
63.31156516075134,5.01,-13927558.0
63.32382130622864,5.01,-22405154.0
63.336047649383545,5.01,-31092158.0
63.34807109832764,5.01,-31092158.0
63.36000943183899,5.0,-39435196.0
63.36970138549805,5.01,-13299499.0
63.381824016571045,5.01,-15654420.0
63.39449501037598,5.01,-21323228.0
63.40660238265991,5.01,-17175932.0
63.41911005973816,5.01,-16848536.0
63.431121587753296,5.02,-9074102.0
63.44330835342407,5.01,-12544936.0
63.45555782318115,5.01,-15654420.0
63.46781516075134,5.02,-10721188.0
63.48007655143738,5.01,-15654420.0
63.49236440658569,5.01,-11125486.0
63.504783630371094,5.01,-16229119.0
63.51693367958069,5.01,-19025814.0
63.52908778190613,5.01,-16229119.0
63.54115009307861,5.01,-18624774.0
63.553311347961426,5.01,-14150338.0
63.56542372703552,5.01,-14864344.0
63.57752275466919,5.01,-22989948.0
63.589945554733276,5.01,-17516332.0
63.60215950012207,5.01,-27249460.0
63.61404609680176,5.01,-26433402.0
63.62351655960083,5.0,-33449716.0
63.636009216308594,5.0,-37747452.0
63.64833354949951,5.01,-14864344.0
63.660521030426025,5.0,-45551296.0
63.67284178733826,5.0,-48032732.0
63.68521547317505,5.0,-37747452.0
63.69760179519653,5.0,1320692480.0
63.709707260131836,5.01,-13711700.0
63.72275495529175,5.01,-12032933.0
63.73419547080994,5.02,-9263668.0
63.746407985687256,5.02,-10467850.0
63.7587468624115,5.01,-16229119.0
63.77110815048218,5.02,-8231793.5
63.78301477432251,5.01,-11412199.0
63.7952241897583,5.01,-17175932.0
63.80727958679199,5.01,-14864344.0
63.81946134567261,5.01,-26433402.0
63.83170175552368,5.01,-13102082.0
63.84383797645569,5.01,-17516332.0
63.855902910232544,5.01,-23604532.0
63.86820840835571,5.01,-24252926.0
63.88029980659485,5.01,-32227834.0
63.889832496643066,5.01,-18239360.0
63.90203547477722,5.0,-36198348.0
63.91450047492981,5.0,-61429396.0
63.926636934280396,5.01,-24252926.0
63.9389214515686,5.0,-53906592.0
63.95135569572449,5.01,-22989948.0
63.96359205245972,5.01,-25662958.0
63.97593903541565,5.01,-29042900.0
63.9880645275116,5.01,-28117578.0
64.00042128562927,5.0,-39435196.0
64.01281833648682,5.01,-16848536.0
64.02513074874878,5.01,-14380974.0
64.03733420372009,5.01,-16229119.0
64.04929113388062,5.01,-11714524.0
64.06144976615906,5.01,-12910934.0
64.07379460334778,5.01,-11267014.0
64.0857903957367,5.04,-4656474.5
64.09779715538025,5.03,-5139400.0
64.11014151573181,5.04,-4026929.75
64.12220859527588,5.03,-4995428.0
64.13152003288269,5.04,-4730474.5
64.14369177818298,5.03,-5355557.0
64.1551742553711,5.03,-5965588.5
64.16727876663208,5.03,-4967546.0
64.17960953712463,5.03,-5109881.5
64.1918294429779,5.03,-5965588.5
64.20413446426392,5.02,-7346018.0
64.21644854545593,5.02,-8231793.5
64.22871470451355,5.03,-6259362.0
64.24114918708801,5.02,-7597491.0
64.25345873832703,5.03,-5698194.5
64.26580953598022,5.04,-4608362.0
64.27794408798218,5.03,-6088087.5
64.2905216217041,5.04,-4447719.0
64.30285716056824,5.03,-5453950.0
64.3151924610138,5.02,-7168082.5
64.3274142742157,5.02,-6784938.0
64.33926892280579,5.02,-7597491.0
64.35133409500122,5.03,-5355557.0
64.36102032661438,5.02,-7168082.5
64.3730251789093,5.02,-6890105.0
64.38540625572205,5.02,-6682821.0
64.39777541160583,5.02,-7407266.5
64.41002774238586,5.03,-5420778.5
64.42215466499329,5.03,-5698194.5
64.43462824821472,5.03,-4885952.5
64.44687724113464,5.03,-5487532.5
64.4593391418457,5.04,-4538131.0
64.47127723693848,5.04,-4197020.5
64.48359632492065,5.04,-4297920.5
64.49576139450073,5.04,-4403833.0
64.50781512260437,5.05,-3679413.75
64.52004027366638,5.04,-4403833.0
64.53222036361694,5.04,-4082077.0
64.54438352584839,5.03,-5169187.5
64.55659818649292,5.03,-6303819.5
64.56848955154419,5.02,-7054287.0
64.5780520439148,5.02,-8081708.5
64.59007263183594,5.03,-5734975.5
64.60238218307495,5.03,-5555961.0
64.61465072631836,5.03,-6130016.5
64.62694907188416,5.04,-4584710.0
64.63933944702148,5.03,-6130016.5
64.65158414840698,5.03,-4806948.5
64.66392922401428,5.02,-6784938.0
64.67607569694519,5.02,-8387380.5
64.6884880065918,5.03,-6487701.5
64.70097279548645,5.03,-6348800.5
64.71312022209167,5.03,-5139400.0
64.72505974769592,5.03,-6348800.5
