Time (s),Voltage (V),Resistance (Ohm)
0.0022454261779785156,2.72,39299.06
0.003529787063598633,2.72,39287.17
0.004086971282958984,2.72,39304.99
0.0043659210205078125,2.72,39310.94
0.0046422481536865234,2.72,39328.76
0.004918575286865234,2.72,39328.76
0.005194187164306641,2.72,39322.83
0.005469799041748047,2.72,39352.55
0.0057446956634521484,2.72,39304.99
0.006020069122314453,2.72,39293.12
0.006295442581176758,2.72,39299.06
0.006569623947143555,2.72,39293.12
0.00684356689453125,2.72,39304.99
0.007117033004760742,2.72,39299.06
0.007390737533569336,2.72,39299.06
0.007666349411010742,2.72,39310.94
0.009642601013183594,2.72,39293.12
0.00992131233215332,2.72,39334.72
0.010181188583374023,2.72,39316.88
0.01044011116027832,2.72,39352.55
0.010697126388549805,2.72,39287.17
0.010963678359985352,2.72,39257.5
0.011213064193725586,2.72,39287.17
0.011463403701782227,2.72,39245.64
0.011713266372680664,2.72,39263.43
0.011971235275268555,2.72,39257.5
0.012216567993164062,2.72,39263.43
0.01246023178100586,2.72,39269.37
0.012702703475952148,2.72,39275.3
0.012945413589477539,2.72,39263.43
0.013187408447265625,2.72,39293.12
0.01343083381652832,2.72,39275.3
0.013674259185791016,2.72,39310.94
0.01391744613647461,2.72,39257.5
0.014159679412841797,2.72,39287.17
0.01440119743347168,2.72,39275.3
0.014643669128417969,2.72,39257.5
0.014887571334838867,2.72,39269.37
0.015131235122680664,2.72,39263.43
0.01537322998046875,2.72,39287.17
0.01561594009399414,2.72,39287.17
0.015857934951782227,2.72,39287.17
0.01610088348388672,2.72,39293.12
0.016797542572021484,2.72,39322.83
0.02911996841430664,2.72,39299.06
0.041468143463134766,2.72,39293.12
0.05373978614807129,2.72,39340.66
0.06620478630065918,2.72,39304.99
0.07802248001098633,2.72,39287.17
0.0902400016784668,2.72,39293.12
0.10277462005615234,2.72,39293.12
0.1149892807006836,2.72,39293.12
0.12717747688293457,2.72,39310.94
0.1394050121307373,2.72,39304.99
0.15209579467773438,2.72,39316.88
0.1611018180847168,2.72,39287.17
0.17334985733032227,2.72,39340.66
0.1855926513671875,2.72,39340.66
0.19774341583251953,2.72,39310.94
0.2100067138671875,2.72,39316.88
0.22244691848754883,2.72,39310.94
0.23471713066101074,2.72,39316.88
0.2472529411315918,2.72,39316.88
0.2595832347869873,2.72,39293.12
0.2716503143310547,2.72,39310.94
0.2837073802947998,2.72,39316.88
0.29576706886291504,2.72,39328.76
0.30751991271972656,2.72,39304.99
0.3195939064025879,2.72,39304.99
0.3283369541168213,2.72,39310.94
0.3403618335723877,2.72,39352.55
0.3525683879852295,2.72,39334.72
0.3652207851409912,2.72,39287.17
0.37755441665649414,2.72,39316.88
0.39034461975097656,2.72,39328.76
0.40281224250793457,2.72,39310.94
0.41499781608581543,2.72,39328.76
0.427412748336792,2.72,39316.88
0.4386448860168457,2.72,39316.88
0.45091748237609863,2.72,39322.83
0.46323227882385254,2.72,39316.88
0.47539281845092773,2.72,39322.83
0.4843151569366455,2.72,39304.99
0.4971048831939697,2.72,39334.72
0.5094146728515625,2.72,39334.72
0.5212643146514893,2.72,39304.99
0.5337817668914795,2.72,39340.66
0.546271562576294,2.72,39364.45
0.5585205554962158,2.72,39334.72
0.5704588890075684,2.72,39310.94
0.5829048156738281,2.72,39352.55
0.5951557159423828,2.72,39322.83
0.6070902347564697,2.72,39328.76
0.6194138526916504,2.72,39322.83
0.6310644149780273,2.72,39358.5
0.6404445171356201,2.72,39322.83
0.6525254249572754,2.72,39340.66
0.6648406982421875,2.72,39299.06
0.677262544631958,2.72,39340.66
0.6894936561584473,2.72,39334.72
0.7016897201538086,2.72,39340.66
0.714012622833252,2.72,39322.83
0.7263953685760498,2.72,39340.66
0.7385213375091553,2.72,39346.6
0.7506227493286133,2.72,39316.88
0.7628216743469238,2.72,39293.12
0.774876594543457,2.72,39233.77
0.7868177890777588,2.72,39221.92
0.7989146709442139,2.71,39198.22
0.8082602024078369,2.71,39186.37
0.8203516006469727,2.71,39192.3
0.8328309059143066,2.71,39198.22
0.844846248626709,2.71,39168.61
0.8573637008666992,2.71,39174.53
0.8697915077209473,2.71,39150.86
0.8819930553436279,2.71,39150.86
0.8945484161376953,2.71,39115.39
0.9064581394195557,2.71,39127.2
0.9185068607330322,2.71,39121.3
0.9305613040924072,2.71,39133.12
0.9423115253448486,2.71,39133.12
0.9545555114746094,2.71,39115.39
0.963062047958374,2.71,39139.03
0.9756522178649902,2.71,39168.61
0.987966775894165,2.71,39156.78
1.0009474754333496,2.71,39162.69
1.012216567993164,2.71,39156.78
1.024709939956665,2.71,39162.69
1.0367529392242432,2.71,39156.78
1.0498628616333008,2.71,39180.45
1.0621390342712402,2.71,39174.53
1.0740141868591309,2.71,39168.61
1.0854547023773193,2.71,39192.3
1.0976288318634033,2.71,39198.22
1.1101245880126953,2.71,39150.86
1.1184988021850586,2.71,39174.53
1.130669116973877,2.71,39198.22
1.1431982517242432,2.71,39174.53
1.1563515663146973,2.72,39221.92
1.1685717105865479,2.71,39204.14
1.180896520614624,2.72,39210.07
1.1933257579803467,2.71,39204.14
1.2055561542510986,2.71,39192.3
1.2177691459655762,2.71,39204.14
1.2303657531738281,2.71,39192.3
1.2419846057891846,2.72,39215.99
1.2538378238677979,2.71,39192.3
1.266103982925415,2.71,39186.37
1.2752642631530762,2.71,39186.37
1.2872908115386963,2.72,39221.92
1.2985739707946777,2.72,39221.92
1.3112149238586426,2.72,39210.07
1.3236100673675537,2.72,39215.99
1.3359947204589844,2.71,39198.22
1.3476881980895996,2.71,39192.3
1.3599274158477783,2.71,39204.14
1.3722178936004639,2.72,39227.85
1.3845264911651611,2.72,39227.85
1.396909236907959,2.72,39221.92
1.4091637134552002,2.72,39210.07
1.421483039855957,2.72,39215.99
1.4334132671356201,2.72,39239.71
1.442251205444336,2.72,39227.85
1.4545516967773438,2.72,39275.3
1.4669830799102783,2.72,39227.85
1.4793529510498047,2.72,39257.5
1.4917006492614746,2.72,39227.85
1.504206657409668,2.72,39227.85
1.5166780948638916,2.72,39233.77
1.529240608215332,2.72,39227.85
1.541168212890625,2.72,39245.64
1.5535378456115723,2.72,39239.71
1.5654430389404297,2.72,39239.71
1.577589988708496,2.72,39263.43
1.589367389678955,2.72,39263.43
1.5979480743408203,2.72,39233.77
1.6100997924804688,2.72,39275.3
1.6225910186767578,2.72,39275.3
1.6350765228271484,2.72,39263.43
1.6467294692993164,2.72,39281.25
1.658996820449829,2.72,39251.56
1.6712493896484375,2.72,39257.5
1.6839790344238281,2.72,39239.71
1.6963276863098145,2.72,39275.3
1.7083728313446045,2.72,39257.5
1.7205839157104492,2.72,39275.3
1.7328145503997803,2.72,39251.56
1.7450685501098633,2.72,39293.12
1.7531919479370117,2.72,39281.25
1.7666854858398438,2.72,39299.06
1.7789764404296875,2.72,39287.17
1.7910542488098145,2.72,39316.88
1.803537130355835,2.72,39269.37
1.8157365322113037,2.72,39281.25
1.8281702995300293,2.72,39281.25
1.8403644561767578,2.72,39263.43
1.8527019023895264,2.72,39281.25
1.864872932434082,2.72,39257.5
1.876819372177124,2.72,39269.37
1.8888123035430908,2.72,39269.37
1.9010262489318848,2.72,39281.25
1.9100301265716553,2.72,39275.3
1.9222776889801025,2.72,39304.99
1.9343042373657227,2.72,39316.88
1.9460527896881104,2.72,39287.17
1.9585089683532715,2.72,39275.3
1.9704976081848145,2.72,39281.25
1.9830520153045654,2.72,39287.17
1.995753526687622,2.72,39275.3
2.0083019733428955,2.72,39245.64
2.020571231842041,2.72,39293.12
2.032475233078003,2.72,39281.25
2.0445916652679443,2.72,39281.25
2.0566999912261963,2.72,39293.12
2.0685558319091797,2.72,39281.25
2.077687978744507,2.72,39263.43
2.08906626701355,2.72,39287.17
2.1013102531433105,2.72,39310.94
2.113609790802002,2.72,39304.99
2.126025676727295,2.72,39281.25
2.1382172107696533,2.72,39304.99
2.150456428527832,2.72,39287.17
2.162753105163574,2.72,39287.17
2.175137758255005,2.72,39275.3
2.1875715255737305,2.72,39281.25
2.199570417404175,2.72,39304.99
2.2116410732269287,2.72,39263.43
2.2239489555358887,2.72,39269.37
2.232415199279785,2.72,39304.99
2.244710922241211,2.72,39310.94
2.2570042610168457,2.72,39293.12
2.2692761421203613,2.72,39388.26
2.2815630435943604,2.72,39281.25
2.2938456535339355,2.72,39293.12
2.3065176010131836,2.72,39316.88
2.3184397220611572,2.72,39287.17
2.3307008743286133,2.72,39358.5
2.3428895473480225,2.72,39299.06
2.3551080226898193,2.72,39304.99
2.367375135421753,2.72,39293.12
2.379805326461792,2.72,39293.12
2.388317108154297,2.72,39299.06
2.40053653717041,2.72,39304.99
2.4128952026367188,2.72,39310.94
2.4253551959991455,2.72,39322.83
2.4374077320098877,2.72,39304.99
2.44981050491333,2.72,39287.17
2.462153196334839,2.72,39287.17
2.4749367237091064,2.72,39316.88
2.4876673221588135,2.72,39299.06
2.4996886253356934,2.72,39299.06
2.51184344291687,2.72,39310.94
2.523690700531006,2.72,39310.94
2.5357561111450195,2.72,39310.94
2.5448570251464844,2.72,39287.17
2.557311534881592,2.72,39346.6
2.569505214691162,2.72,39358.5
2.581951856613159,2.72,39310.94
2.594083070755005,2.72,39310.94
2.606358766555786,2.72,39316.88
2.6183817386627197,2.72,39299.06
2.6308743953704834,2.72,39310.94
2.643214225769043,2.72,39287.17
2.655302047729492,2.72,39293.12
2.6671226024627686,2.72,39316.88
2.678685426712036,2.72,39304.99
2.6913208961486816,2.72,39310.94
2.699739694595337,2.72,39310.94
2.712606906890869,2.72,39340.66
2.725036859512329,2.72,39358.5
2.73748517036438,2.72,39316.88
2.7497832775115967,2.72,39287.17
2.762083053588867,2.72,39322.83
2.774160861968994,2.72,39334.72
2.7864696979522705,2.72,39322.83
2.7989449501037598,2.72,39310.94
2.8110594749450684,2.72,39346.6
2.822920083999634,2.72,39340.66
2.83510160446167,2.72,39316.88
2.847167730331421,2.72,39322.83
2.859161615371704,2.72,39340.66
2.8685152530670166,2.72,39322.83
2.880682945251465,2.72,39364.45
2.893096446990967,2.72,39352.55
2.9050843715667725,2.72,39316.88
2.9179978370666504,2.72,39304.99
2.9298837184906006,2.72,39322.83
2.942552089691162,2.72,39299.06
2.9535939693450928,2.72,39304.99
2.9658799171447754,2.72,39299.06
2.97831392288208,2.72,39340.66
2.9904491901397705,2.72,39316.88
3.0026867389678955,2.72,39287.17
3.014808177947998,2.72,39322.83
3.0239875316619873,2.72,39316.88
3.0361204147338867,2.72,39352.55
3.0485994815826416,2.72,39322.83
3.061124086380005,2.72,39322.83
3.073354959487915,2.72,39340.66
3.084364175796509,2.72,39293.12
3.0966038703918457,2.72,39304.99
3.109025716781616,2.72,39304.99
3.121216058731079,2.72,39310.94
3.133450984954834,2.72,39310.94
3.145782709121704,2.72,39322.83
3.1583304405212402,2.72,39322.83
3.170271158218384,2.72,39328.76
3.179264783859253,2.72,39304.99
3.1920509338378906,2.72,39364.45
3.2045798301696777,2.72,39346.6
3.2164688110351562,2.72,39370.4
3.228867530822754,2.72,39293.12
3.241159439086914,2.72,39304.99
3.253803253173828,2.72,39322.83
3.264817237854004,2.72,39322.83
3.2772603034973145,2.72,39304.99
3.289309501647949,2.72,39322.83
3.301718235015869,2.72,39316.88
3.313772439956665,2.72,39328.76
3.326174736022949,2.72,39316.88
3.3350932598114014,2.72,39334.72
3.3475594520568848,2.72,39364.45
3.359933376312256,2.72,39346.6
3.372025966644287,2.72,39340.66
3.3844003677368164,2.72,39352.55
3.3968143463134766,2.72,39328.76
3.4091475009918213,2.72,39304.99
3.4213478565216064,2.72,39310.94
3.4338247776031494,2.72,39340.66
3.445672035217285,2.72,39310.94
3.457339286804199,2.72,39310.94
3.4695777893066406,2.72,39334.72
3.481754779815674,2.72,39299.06
3.489969491958618,2.72,39328.76
3.503326177597046,2.72,39352.55
3.5155997276306152,2.72,39364.45
3.527764081954956,2.72,39340.66
3.540041446685791,2.72,39322.83
3.552459716796875,2.72,39328.76
3.5647599697113037,2.72,39316.88
3.5770182609558105,2.72,39316.88
3.5890722274780273,2.72,39322.83
3.6007981300354004,2.72,39322.83
3.613027572631836,2.72,39322.83
3.625183343887329,2.72,39310.94
3.637376308441162,2.72,39316.88
3.6495165824890137,2.72,39316.88
3.6589908599853516,2.72,39310.94
3.6714110374450684,2.72,39352.55
3.6835319995880127,2.72,39322.83
3.696237802505493,2.72,39358.5
3.7080907821655273,2.72,39322.83
3.720205545425415,2.72,39328.76
3.7326853275299072,2.72,39334.72
3.7449827194213867,2.72,39299.06
3.7572691440582275,2.72,39340.66
3.7690505981445312,2.72,39322.83
3.7813236713409424,2.72,39316.88
3.7933638095855713,2.72,39322.83
3.8051743507385254,2.72,39328.76
3.8145484924316406,2.72,39322.83
3.8266193866729736,2.72,39364.45
3.8389298915863037,2.72,39346.6
3.8513472080230713,2.72,39334.72
3.863712787628174,2.72,39328.76
3.8761086463928223,2.72,39328.76
3.8885345458984375,2.72,39310.94
3.900458812713623,2.72,39346.6
3.912769317626953,2.72,39316.88
3.9250314235687256,2.72,39299.06
3.93703556060791,2.72,39346.6
3.948986768722534,2.72,39334.72
3.9608070850372314,2.72,39310.94
3.969487428665161,2.72,39322.83
3.981689929962158,2.72,39340.66
3.994194507598877,2.72,39352.55
4.006741523742676,2.72,39322.83
4.01854133605957,2.72,39316.88
4.0307276248931885,2.72,39328.76
4.043172836303711,2.72,39322.83
4.05554723739624,2.72,39299.06
4.0679755210876465,2.72,39316.88
4.080276250839233,2.72,39263.43
4.091781377792358,2.72,39287.17
4.10399317741394,2.72,39269.37
4.116373300552368,2.72,39281.25
4.1248369216918945,2.72,39269.37
4.136982202529907,2.72,39299.06
4.149293422698975,2.72,39322.83
4.161607265472412,2.72,39310.94
4.174288988113403,2.72,39275.3
4.186621427536011,2.72,39275.3
4.198697805404663,2.72,39322.83
4.211123943328857,2.72,39287.17
4.2234413623809814,2.72,39275.3
4.2359302043914795,2.72,39304.99
4.24771785736084,2.72,39304.99
4.260196685791016,2.72,39316.88
4.272268295288086,2.72,39275.3
4.281440019607544,2.72,39299.06
4.29382586479187,2.72,39334.72
4.30585241317749,2.72,39304.99
4.3180742263793945,2.72,39334.72
4.330778360366821,2.72,39310.94
4.343076705932617,2.72,39304.99
4.355032444000244,2.72,39299.06
4.367522478103638,2.72,39299.06
4.379831552505493,2.72,39275.3
4.391992568969727,2.72,39299.06
4.403961181640625,2.72,39293.12
4.416024923324585,2.72,39299.06
4.428083181381226,2.72,39275.3
4.440115928649902,2.72,39293.12
4.449347496032715,2.72,39281.25
4.461422920227051,2.72,39328.76
4.473187446594238,2.72,39310.94
4.4855711460113525,2.72,39322.83
4.49769926071167,2.72,39293.12
4.510294437408447,2.72,39310.94
4.522673845291138,2.72,39299.06
4.535388708114624,2.72,39287.17
4.547715902328491,2.72,39310.94
4.559854030609131,2.72,39299.06
4.571647644042969,2.72,39293.12
4.583738088607788,2.72,39299.06
4.59587025642395,2.72,39304.99
4.605088710784912,2.72,39304.99
4.617349624633789,2.72,39334.72
4.629493474960327,2.72,39304.99
4.641897201538086,2.72,39299.06
4.654254198074341,2.72,39293.12
4.666520595550537,2.72,39293.12
4.678906202316284,2.72,39299.06
4.6911022663116455,2.72,39287.17
4.703430414199829,2.72,39293.12
4.715411186218262,2.72,39304.99
4.727447032928467,2.72,39287.17
4.739485740661621,2.72,39322.83
4.751205921173096,2.72,39293.12
4.7598206996917725,2.72,39304.99
4.772244691848755,2.72,39334.72
4.784597396850586,2.72,39328.76
4.797178745269775,2.72,39322.83
4.809722423553467,2.72,39316.88
4.822157621383667,2.72,39310.94
4.834481954574585,2.72,39322.83
4.846770524978638,2.72,39322.83
4.857895135879517,2.72,39316.88
4.870439529418945,2.72,39304.99
4.882803678512573,2.72,39322.83
4.8950653076171875,2.72,39310.94
4.907238483428955,2.72,39316.88
4.916417121887207,2.72,39334.72
4.928655385971069,2.72,39346.6
4.940805912017822,2.72,39370.4
4.953019618988037,2.72,39340.66
4.965234994888306,2.72,39346.6
4.97704005241394,2.72,39322.83
4.989195346832275,2.72,39322.83
5.001663446426392,2.72,39322.83
5.013683319091797,2.72,39334.72
5.0264623165130615,2.72,39340.66
5.038790702819824,2.72,39310.94
5.05068039894104,2.72,39322.83
5.062870740890503,2.72,39328.76
5.071855545043945,2.72,39346.6
5.0840678215026855,2.72,39346.6
5.095372200012207,2.72,39352.55
5.107609510421753,2.72,39328.76
5.1200783252716064,2.72,39346.6
5.132378101348877,2.72,39340.66
5.144660949707031,2.72,39322.83
5.157177686691284,2.72,39328.76
5.169188976287842,2.72,39310.94
5.181747198104858,2.72,39328.76
5.194095849990845,2.72,39334.72
5.206374406814575,2.72,39334.72
5.218413829803467,2.72,39352.55
5.230228424072266,2.72,39334.72
5.238857984542847,2.72,39352.55
5.251440763473511,2.72,39364.45
5.263821840286255,2.72,39358.5
5.276494741439819,2.72,39334.72
5.2892746925354,2.72,39352.55
5.3012614250183105,2.72,39364.45
5.313479423522949,2.72,39346.6
5.325914144515991,2.72,39352.55
5.337069988250732,2.72,39346.6
5.349495887756348,2.72,39358.5
5.361869812011719,2.72,39358.5
5.373913764953613,2.72,39340.66
5.3863019943237305,2.72,39358.5
5.395314693450928,2.72,39340.66
5.407709121704102,2.72,39400.17
5.420211553573608,2.72,39364.45
5.432343244552612,2.72,39376.36
5.444593667984009,2.72,39346.6
5.456775188446045,2.72,39346.6
5.469488859176636,2.72,39334.72
5.480671167373657,2.72,39328.76
5.493022441864014,2.72,39346.6
5.505111217498779,2.72,39334.72
5.517644882202148,2.72,39346.6
5.529642581939697,2.72,39340.66
5.542079210281372,2.72,39334.72
5.550958871841431,2.72,39358.5
5.563397407531738,2.72,39394.22
5.575731515884399,2.72,39364.45
5.588135242462158,2.72,39382.31
5.599587917327881,2.72,39346.6
5.611836194992065,2.72,39364.45
5.624212265014648,2.72,39352.55
5.637113094329834,2.72,39352.55
5.649534225463867,2.72,39364.45
5.661425590515137,2.72,39388.26
5.673664093017578,2.72,39346.6
5.685682535171509,2.72,39358.5
5.697680473327637,2.72,39370.4
5.706613540649414,2.72,39358.5
5.719300031661987,2.72,39376.36
5.731421947479248,2.72,39370.4
5.743636131286621,2.72,39382.31
5.756054639816284,2.72,39382.31
5.768296718597412,2.72,39382.31
5.780381679534912,2.72,39358.5
5.792732238769531,2.72,39370.4
5.805222988128662,2.72,39370.4
5.8173370361328125,2.72,39364.45
5.829280853271484,2.72,39346.6
5.841243028640747,2.72,39376.36
5.85343074798584,2.72,39376.36
5.862348318099976,2.72,39346.6
5.874860763549805,2.72,39435.93
5.887120485305786,2.72,39429.96
5.899440288543701,2.72,39376.36
5.911411762237549,2.72,39400.17
5.923751354217529,2.72,39382.31
5.936257839202881,2.72,39358.5
5.948485612869263,2.72,39358.5
5.960829973220825,2.72,39376.36
5.972805500030518,2.72,39370.4
5.984457015991211,2.72,39370.4
5.996702432632446,2.72,39376.36
6.008816242218018,2.72,39376.36
6.017576694488525,2.72,39376.36
6.02994179725647,2.72,39418.05
6.042426824569702,2.72,39412.09
6.055004835128784,2.72,39388.26
6.0673277378082275,2.72,39394.22
6.079582929611206,2.72,39400.17
6.091622829437256,2.72,39382.31
6.102938175201416,2.72,39370.4
6.115196466445923,2.72,39370.4
6.127624750137329,2.72,39376.36
6.13968825340271,2.72,39364.45
6.152080059051514,2.72,39358.5
6.164206504821777,2.72,39364.45
6.17669153213501,2.72,39388.26
6.185245752334595,2.72,39352.55
6.197442531585693,2.72,39418.05
6.209547996520996,2.72,39400.17
6.222972393035889,2.72,39364.45
6.236593723297119,2.72,39376.36
6.247391223907471,2.72,39370.4
6.2597432136535645,2.72,39376.36
6.27217435836792,2.72,39376.36
6.284488916397095,2.72,39382.31
6.296202898025513,2.72,39352.55
6.308362722396851,2.72,39358.5
6.320137977600098,2.72,39376.36
6.332054615020752,2.72,39388.26
6.340687990188599,2.72,39358.5
6.353097915649414,2.72,39388.26
6.365533113479614,2.72,39400.17
6.37777304649353,2.72,39388.26
6.390013694763184,2.72,39400.17
6.402479648590088,2.72,39400.17
6.415144205093384,2.72,39364.45
6.427712917327881,2.72,39376.36
6.439775705337524,2.72,39388.26
6.451936721801758,2.72,39376.36
6.464049339294434,2.72,39394.22
6.475850343704224,2.72,39364.45
6.48786735534668,2.72,39376.36
6.49738335609436,2.72,39388.26
6.509545803070068,2.72,39376.36
6.521653652191162,2.72,39400.17
6.534167766571045,2.72,39406.13
6.546428918838501,2.72,39370.4
6.558834552764893,2.72,39382.31
6.571145296096802,2.72,39376.36
6.5834128856658936,2.72,39364.45
6.595632553100586,2.72,39376.36
6.607640266418457,2.72,39388.26
6.619851112365723,2.72,39388.26
6.63188910484314,2.72,39382.31
6.6436450481414795,2.72,39358.5
6.653009414672852,2.72,39376.36
6.665132284164429,2.72,39406.13
6.677495956420898,2.72,39418.05
6.688693046569824,2.72,39406.13
6.700982570648193,2.72,39424.01
6.713160753250122,2.72,39388.26
6.725710153579712,2.72,39388.26
6.738086462020874,2.72,39388.26
6.750335931777954,2.72,39382.31
6.762563705444336,2.72,39376.36
6.774794340133667,2.72,39376.36
6.787068605422974,2.72,39394.22
6.79923939704895,2.72,39400.17
6.807890892028809,2.72,39370.4
6.82066011428833,2.72,39424.01
6.832981824874878,2.72,39418.05
6.845519542694092,2.72,39406.13
6.857608079910278,2.72,39435.93
6.8697896003723145,2.72,39376.36
6.882384300231934,2.72,39400.17
6.894612789154053,2.72,39418.05
6.906828880310059,2.72,39406.13
6.9189133644104,2.72,39394.22
6.931168079376221,2.72,39394.22
6.943159103393555,2.72,39400.17
6.9554057121276855,2.72,39394.22
6.967174053192139,2.72,39364.45
6.976658344268799,2.72,39376.36
6.98858642578125,2.72,39424.01
7.000267267227173,2.72,39400.17
7.012682676315308,2.72,39400.17
7.024908781051636,2.72,39388.26
7.037574052810669,2.72,39400.17
7.050161600112915,2.72,39394.22
7.062602519989014,2.72,39412.09
7.074707508087158,2.72,39382.31
7.08689284324646,2.72,39429.96
7.098049640655518,2.72,39388.26
7.110288858413696,2.72,39382.31
7.122459650039673,2.72,39394.22
7.131080150604248,2.72,39376.36
7.143272161483765,2.72,39441.89
7.155621528625488,2.72,39429.96
7.169144153594971,2.72,39406.13
7.181210279464722,2.72,39400.17
7.193324089050293,2.72,39370.4
7.205801010131836,2.72,39400.17
7.217212677001953,2.72,39382.31
7.229705810546875,2.72,39418.05
7.241830348968506,2.72,39406.13
7.254218101501465,2.72,39418.05
7.2665839195251465,2.72,39376.36
7.278611183166504,2.72,39400.17
7.287723541259766,2.72,39376.36
7.300163984298706,2.72,39435.93
7.311243057250977,2.72,39418.05
7.323654651641846,2.72,39424.01
7.336184978485107,2.72,39406.13
7.3485777378082275,2.72,39412.09
7.3611297607421875,2.72,39370.4
7.3733179569244385,2.72,39340.66
7.386017084121704,2.72,39322.83
7.398293495178223,2.72,39328.76
7.4102418422698975,2.72,39281.25
7.42242169380188,2.72,39304.99
7.434394836425781,2.72,39310.94
7.443400621414185,2.72,39299.06
7.455749988555908,2.72,39310.94
7.4681854248046875,2.72,39299.06
7.480113506317139,2.72,39316.88
7.491487741470337,2.72,39269.37
7.5041139125823975,2.72,39293.12
7.516571044921875,2.72,39275.3
7.5287981033325195,2.72,39269.37
7.5415191650390625,2.72,39245.64
7.553697824478149,2.72,39233.77
7.565969228744507,2.72,39215.99
7.577972650527954,2.72,39227.85
7.589753150939941,2.71,39198.22
7.602021217346191,2.71,39186.37
7.610744953155518,2.71,39198.22
7.622931241989136,2.72,39221.92
7.635519742965698,2.72,39227.85
7.648298025131226,2.71,39186.37
7.660497426986694,2.72,39210.07
7.672702789306641,2.72,39215.99
7.685068845748901,2.71,39198.22
7.697435617446899,2.71,39198.22
7.709557294845581,2.72,39210.07
7.721875190734863,2.71,39186.37
7.733751535415649,2.71,39198.22
7.745726585388184,2.72,39215.99
7.7578125,2.72,39210.07
7.767137050628662,2.72,39210.07
7.779195070266724,2.72,39227.85
7.791537761688232,2.72,39239.71
7.80373740196228,2.72,39245.64
7.816304922103882,2.71,39180.45
7.828365087509155,2.71,39204.14
7.840628147125244,2.72,39215.99
7.853047847747803,2.72,39227.85
7.865384817123413,2.72,39239.71
7.877307891845703,2.72,39221.92
7.889431953430176,2.71,39204.14
7.901567459106445,2.72,39239.71
7.91355037689209,2.72,39257.5
7.922713041305542,2.72,39227.85
7.934999704360962,2.72,39275.3
7.947257041931152,2.72,39269.37
7.959251165390015,2.72,39269.37
7.971827030181885,2.72,39239.71
7.984133243560791,2.72,39239.71
7.996590614318848,2.72,39227.85
8.00778079032898,2.72,39251.56
8.02018928527832,2.72,39221.92
8.032389402389526,2.72,39221.92
8.04465103149414,2.72,39245.64
8.056811571121216,2.72,39239.71
8.069244861602783,2.72,39227.85
8.078367948532104,2.72,39210.07
8.0906081199646,2.72,39281.25
8.101749658584595,2.72,39293.12
8.113935947418213,2.72,39263.43
8.12634825706482,2.72,39269.37
8.138715982437134,2.71,39204.14
8.150930404663086,2.72,39239.71
8.163450479507446,2.72,39263.43
8.175740957260132,2.72,39233.77
8.188035726547241,2.72,39215.99
8.20003056526184,2.72,39233.77
8.212380409240723,2.72,39227.85
8.22457218170166,2.72,39227.85
8.23685336112976,2.72,39251.56
8.24540376663208,2.72,39251.56
8.2578284740448,2.72,39275.3
8.270266771316528,2.72,39257.5
8.283154249191284,2.72,39287.17
8.294541835784912,2.72,39269.37
8.306577205657959,2.72,39263.43
8.318852663040161,2.72,39245.64
8.331207752227783,2.72,39269.37
8.343868970870972,2.72,39245.64
8.356562614440918,2.72,39275.3
8.368514776229858,2.72,39269.37
8.380651235580444,2.72,39269.37
8.392492771148682,2.72,39257.5
8.401859045028687,2.72,39257.5
8.413959503173828,2.72,39299.06
8.42650818824768,2.72,39281.25
8.438708305358887,2.72,39263.43
8.451097965240479,2.72,39281.25
8.46335244178772,2.72,39275.3
8.47546648979187,2.72,39257.5
8.487667322158813,2.72,39269.37
8.500256538391113,2.72,39257.5
8.511947870254517,2.72,39269.37
8.523600816726685,2.72,39263.43
8.536082029342651,2.72,39245.64
8.54814600944519,2.72,39263.43
8.556849479675293,2.72,39245.64
8.569281101226807,2.72,39287.17
8.58209753036499,2.72,39304.99
8.594337224960327,2.72,39287.17
8.606920003890991,2.72,39287.17
8.618832111358643,2.72,39287.17
8.63140606880188,2.72,39299.06
8.643417119979858,2.72,39257.5
8.655853748321533,2.72,39293.12
8.667973041534424,2.72,39245.64
8.680063247680664,2.72,39281.25
8.692016839981079,2.72,39281.25
8.704049110412598,2.72,39287.17
8.7131826877594,2.72,39304.99
8.725332260131836,2.72,39304.99
8.73785662651062,2.72,39310.94
8.749929666519165,2.72,39340.66
8.762341737747192,2.72,39257.5
8.774418830871582,2.72,39281.25
8.78597092628479,2.72,39316.88
8.798547744750977,2.72,39275.3
8.810596704483032,2.72,39281.25
8.823142766952515,2.72,39275.3
8.835477590560913,2.72,39293.12
8.847784996032715,2.72,39263.43
8.859687089920044,2.72,39293.12
8.871705532073975,2.72,39287.17
8.881038188934326,2.72,39275.3
8.893243074417114,2.72,39304.99
8.905657052993774,2.72,39316.88
8.918058395385742,2.72,39334.72
8.930341243743896,2.72,39316.88
8.942303657531738,2.72,39299.06
8.95492935180664,2.72,39269.37
8.967041730880737,2.72,39299.06
8.979384899139404,2.72,39316.88
8.99115777015686,2.72,39287.17
9.003411293029785,2.72,39287.17
9.015162944793701,2.72,39287.17
9.027027130126953,2.72,39245.64
9.035484075546265,2.72,39293.12
9.047808170318604,2.72,39322.83
9.060067415237427,2.72,39287.17
9.072332620620728,2.72,39304.99
9.084599256515503,2.72,39281.25
9.097165822982788,2.72,39275.3
9.109278202056885,2.72,39287.17
9.12179970741272,2.72,39293.12
9.134050130844116,2.72,39293.12
9.146281719207764,2.72,39269.37
9.158254146575928,2.72,39299.06
9.170750617980957,2.72,39310.94
9.183031558990479,2.72,39293.12
9.19155478477478,2.72,39287.17
9.204057693481445,2.72,39340.66
9.21645712852478,2.72,39287.17
9.228391408920288,2.72,39340.66
9.240431785583496,2.72,39322.83
9.252901077270508,2.72,39293.12
9.265367269515991,2.72,39346.6
9.277537107467651,2.72,39322.83
9.290192365646362,2.72,39340.66
9.302063465118408,2.72,39281.25
9.314623832702637,2.72,39299.06
9.326832294464111,2.72,39263.43
9.338825225830078,2.72,39310.94
9.348113775253296,2.72,39304.99
9.360183715820312,2.72,39340.66
9.372529983520508,2.72,39340.66
9.384820461273193,2.72,39316.88
9.397361993789673,2.72,39322.83
9.409157991409302,2.72,39316.88
9.42167353630066,2.72,39322.83
9.434108972549438,2.72,39310.94
9.446373224258423,2.72,39334.72
9.458404302597046,2.72,39287.17
9.470476388931274,2.72,39293.12
9.48254680633545,2.72,39293.12
9.494677543640137,2.72,39316.88
9.506630182266235,2.72,39299.06
9.516045093536377,2.72,39316.88
9.52835726737976,2.72,39364.45
9.539597988128662,2.72,39352.55
9.551973104476929,2.72,39340.66
9.564338207244873,2.72,39328.76
9.576646089553833,2.72,39322.83
9.5888032913208,2.72,39310.94
9.601618528366089,2.72,39304.99
9.614250898361206,2.72,39304.99
9.626209259033203,2.72,39310.94
9.63834810256958,2.72,39299.06
9.650378465652466,2.72,39304.99
9.662363290786743,2.72,39340.66
9.671493530273438,2.72,39316.88
9.683845520019531,2.72,39322.83
9.696233987808228,2.72,39340.66
9.708564281463623,2.72,39316.88
9.720587968826294,2.72,39299.06
9.733217716217041,2.72,39316.88
9.745232820510864,2.72,39293.12
9.757671117782593,2.72,39310.94
9.769696235656738,2.72,39328.76
9.781963586807251,2.72,39328.76
9.7939612865448,2.72,39304.99
9.806070804595947,2.72,39310.94
9.818175554275513,2.72,39316.88
9.827175378799438,2.72,39328.76
9.839216709136963,2.72,39352.55
9.851739168167114,2.72,39346.6
9.864089012145996,2.72,39328.76
9.876259326934814,2.72,39310.94
9.888804197311401,2.72,39328.76
9.900811433792114,2.72,39316.88
9.913257360458374,2.72,39316.88
9.925299644470215,2.72,39334.72
9.937687873840332,2.72,39322.83
9.949650287628174,2.72,39328.76
9.961721181869507,2.72,39328.76
9.973886966705322,2.72,39293.12
9.982800483703613,2.72,39322.83
9.995171308517456,2.72,39364.45
10.007318496704102,2.72,39346.6
10.019545555114746,2.72,39352.55
10.031784772872925,2.72,39334.72
10.04349160194397,2.72,39334.72
10.05586314201355,2.72,39310.94
10.068299531936646,2.72,39316.88
10.080769538879395,2.72,39310.94
10.093231201171875,2.72,39316.88
10.105394840240479,2.72,39334.72
10.11668062210083,2.72,39316.88
10.129194974899292,2.72,39310.94
10.141012191772461,2.72,39322.83
10.149686813354492,2.72,39316.88
10.161981582641602,2.72,39346.6
10.174101114273071,2.72,39358.5
10.186877489089966,2.72,39352.55
10.198921203613281,2.72,39334.72
10.211487054824829,2.72,39334.72
10.224134683609009,2.72,39340.66
10.236725091934204,2.72,39316.88
10.249061584472656,2.72,39334.72
10.260890007019043,2.72,39334.72
10.27311396598816,2.72,39352.55
10.285202980041504,2.72,39328.76
10.29723572731018,2.72,39322.83
10.306336164474487,2.72,39334.72
10.318530082702637,2.72,39358.5
10.331048488616943,2.72,39364.45
10.342986106872559,2.72,39346.6
10.355457305908203,2.72,39310.94
10.36788034439087,2.72,39328.76
10.379910230636597,2.72,39334.72
10.39139199256897,2.72,39382.31
10.403896808624268,2.72,39310.94
10.416300058364868,2.72,39316.88
10.428466796875,2.72,39340.66
10.440685272216797,2.72,39322.83
10.452903747558594,2.72,39328.76
10.46198058128357,2.72,39340.66
10.474305629730225,2.72,39376.36
10.486664295196533,2.72,39382.31
10.498918294906616,2.72,39352.55
10.51100206375122,2.72,39370.4
10.523608922958374,2.72,39352.55
10.53555154800415,2.72,39364.45
10.54726243019104,2.72,39346.6
10.55959701538086,2.72,39322.83
10.571738719940186,2.72,39346.6
10.584120988845825,2.72,39334.72
10.596564292907715,2.72,39346.6
10.608489036560059,2.72,39346.6
10.617699146270752,2.72,39334.72
10.630103826522827,2.72,39364.45
10.642053842544556,2.72,39364.45
10.654536247253418,2.72,39352.55
10.666848421096802,2.72,39346.6
10.67920446395874,2.72,39358.5
10.691228151321411,2.72,39334.72
10.703646183013916,2.72,39340.66
10.716029644012451,2.72,39340.66
10.728157758712769,2.72,39328.76
10.740288972854614,2.72,39346.6
10.752201080322266,2.72,39352.55
10.76432991027832,2.72,39334.72
10.776245355606079,2.72,39340.66
10.78565001487732,2.72,39358.5
10.797898292541504,2.72,39370.4
10.81028127670288,2.72,39382.31
10.822354793548584,2.72,39358.5
10.83476710319519,2.72,39370.4
10.847094535827637,2.72,39334.72
10.859354972839355,2.72,39364.45
10.871513605117798,2.72,39358.5
10.883970022201538,2.72,39334.72
10.89598274230957,2.72,39340.66
10.908082962036133,2.72,39346.6
10.919888019561768,2.72,39346.6
10.932000875473022,2.72,39364.45
10.94118046760559,2.72,39352.55
10.953524589538574,2.72,39382.31
10.965861797332764,2.72,39382.31
10.978168249130249,2.72,39358.5
10.990156412124634,2.72,39364.45
11.00261902809143,2.72,39334.72
11.013873100280762,2.72,39352.55
11.026120901107788,2.72,39358.5
11.03885531425476,2.72,39358.5
11.050871133804321,2.72,39346.6
11.063162803649902,2.72,39376.36
11.075311660766602,2.72,39358.5
11.087604999542236,2.72,39370.4
11.096374034881592,2.72,39376.36
11.108874320983887,2.72,39388.26
11.120330333709717,2.72,39382.31
11.13256573677063,2.72,39370.4
11.145003080368042,2.72,39352.55
11.157263278961182,2.72,39382.31
11.169571161270142,2.72,39388.26
11.182087659835815,2.72,39370.4
11.194136381149292,2.72,39346.6
11.207310676574707,2.72,39364.45
11.219443321228027,2.72,39370.4
11.231446743011475,2.72,39370.4
11.24308705329895,2.72,39370.4
11.252493619918823,2.72,39370.4
11.264865636825562,2.72,39412.09
11.27705192565918,2.72,39388.26
11.289491176605225,2.72,39382.31
11.301582336425781,2.72,39346.6
11.314094305038452,2.72,39352.55
11.326046466827393,2.72,39364.45
11.338631868362427,2.72,39358.5
11.350712299346924,2.72,39358.5
11.362653493881226,2.72,39376.36
11.374548435211182,2.72,39370.4
11.38666296005249,2.72,39376.36
11.398937702178955,2.72,39388.26
11.407593250274658,2.72,39370.4
11.419683694839478,2.72,39406.13
11.432725667953491,2.72,39376.36
11.444836378097534,2.72,39394.22
11.457415580749512,2.72,39382.31
11.469627857208252,2.72,39376.36
11.481785535812378,2.72,39370.4
11.494125604629517,2.72,39376.36
11.506494522094727,2.72,39382.31
11.518825769424438,2.72,39394.22
11.530501127243042,2.72,39406.13
11.542460203170776,2.72,39382.31
11.554434061050415,2.72,39382.31
11.563506364822388,2.72,39382.31
11.575591802597046,2.72,39406.13
11.588123321533203,2.72,39418.05
11.599749565124512,2.72,39388.26
11.61225414276123,2.72,39388.26
11.624711513519287,2.72,39376.36
11.636918067932129,2.72,39376.36
11.649698495864868,2.72,39370.4
11.662076473236084,2.72,39382.31
11.674351215362549,2.72,39388.26
11.686460494995117,2.72,39400.17
11.698232412338257,2.72,39400.17
11.710477113723755,2.72,39388.26
11.72236943244934,2.72,39376.36
11.731813669204712,2.72,39388.26
11.742910146713257,2.72,39406.13
11.755140781402588,2.72,39406.13
11.767394065856934,2.72,39388.26
11.779956817626953,2.72,39406.13
11.792278051376343,2.72,39394.22
11.804486751556396,2.72,39358.5
11.81682276725769,2.72,39376.36
11.82898235321045,2.72,39394.22
11.841561317443848,2.72,39382.31
11.853914022445679,2.72,39376.36
11.866074562072754,2.72,39394.22
11.878222227096558,2.72,39394.22
11.88744854927063,2.72,39388.26
11.899683952331543,2.72,39400.17
11.9120934009552,2.72,39429.96
11.924038887023926,2.72,39388.26
11.936443090438843,2.72,39406.13
11.948834896087646,2.72,39376.36
11.961122989654541,2.72,39394.22
11.9734947681427,2.72,39376.36
11.985615253448486,2.72,39382.31
11.99798035621643,2.72,39370.4
12.009648323059082,2.72,39394.22
12.02187991142273,2.72,39376.36
12.033869504928589,2.72,39382.31
12.042978286743164,2.72,39334.72
12.055097103118896,2.72,39424.01
12.066857814788818,2.72,39406.13
12.07912278175354,2.72,39388.26
12.091585397720337,2.72,39394.22
12.103763341903687,2.72,39388.26
12.116111516952515,2.72,39388.26
12.128067255020142,2.72,39388.26
12.140170812606812,2.72,39406.13
12.15250301361084,2.72,39388.26
12.164791107177734,2.72,39364.45
12.176859140396118,2.72,39370.4
12.189460515975952,2.72,39388.26
12.201499462127686,2.72,39388.26
12.20991587638855,2.72,39382.31
12.22300386428833,2.72,39429.96
12.235555410385132,2.72,39429.96
12.247859477996826,2.72,39400.17
12.259332656860352,2.72,39382.31
12.271269798278809,2.72,39376.36
12.284027814865112,2.72,39412.09
12.296446800231934,2.72,39376.36
12.30932354927063,2.72,39388.26
12.321152448654175,2.72,39394.22
12.33303952217102,2.72,39424.01
12.345028400421143,2.72,39412.09
12.357317686080933,2.72,39406.13
12.365795373916626,2.72,39394.22
12.378135442733765,2.72,39435.93
12.390346765518188,2.72,39418.05
12.402938604354858,2.72,39429.96
12.41590166091919,2.72,39382.31
12.427976131439209,2.72,39382.31
12.44045114517212,2.72,39406.13
12.452505826950073,2.72,39400.17
12.46486496925354,2.72,39376.36
12.476754665374756,2.72,39418.05
12.489033222198486,2.72,39394.22
12.500862836837769,2.72,39406.13
12.512892723083496,2.72,39394.22
12.5221426486969,2.72,39429.96
12.534480094909668,2.72,39429.96
12.546754121780396,2.72,39412.09
12.559165716171265,2.72,39441.89
12.571233034133911,2.72,39406.13
12.583589553833008,2.72,39412.09
12.596009492874146,2.72,39412.09
12.608298540115356,2.72,39418.05
12.620461225509644,2.72,39400.17
12.632416486740112,2.72,39406.13
12.644636631011963,2.72,39388.26
12.656783103942871,2.72,39412.09
12.668767213821411,2.72,39429.96
12.677777528762817,2.72,39418.05
12.69024658203125,2.72,39447.86
12.702215671539307,2.72,39418.05
12.714587450027466,2.72,39447.86
12.726811170578003,2.72,39412.09
12.739365816116333,2.72,39424.01
12.751698970794678,2.72,39412.09
12.763776779174805,2.72,39429.96
12.776167392730713,2.72,39412.09
12.788347482681274,2.72,39429.96
12.80030083656311,2.72,39400.17
12.812236785888672,2.72,39418.05
12.824420928955078,2.72,39447.86
12.833373308181763,2.72,39406.13
12.845707893371582,2.72,39441.89
12.858152151107788,2.72,39435.93
12.870452165603638,2.72,39424.01
12.882410764694214,2.72,39447.86
12.894972324371338,2.72,39418.05
12.907297372817993,2.72,39441.89
12.91955304145813,2.72,39412.09
12.931915760040283,2.72,39418.05
12.943939924240112,2.72,39424.01
12.956057786941528,2.72,39429.96
12.968019247055054,2.72,39435.93
12.98003077507019,2.72,39424.01
12.989259481430054,2.72,39447.86
13.001485347747803,2.72,39441.89
13.01361608505249,2.72,39453.82
13.02616262435913,2.72,39418.05
13.038260698318481,2.72,39424.01
13.050748586654663,2.72,39418.05
13.062870740890503,2.72,39424.01
13.07525086402893,2.72,39412.09
13.086362600326538,2.72,39406.13
13.09903597831726,2.72,39412.09
13.111194372177124,2.72,39441.89
13.122915029525757,2.72,39394.22
13.135213613510132,2.72,39424.01
13.143678188323975,2.72,39376.36
13.155993461608887,2.72,39459.79
13.168280363082886,2.72,39441.89
13.18158507347107,2.72,39453.82
13.193689346313477,2.72,39418.05
13.20627474784851,2.72,39453.82
13.217604398727417,2.72,39424.01
13.230059623718262,2.72,39435.93
13.242701053619385,2.72,39441.89
13.2549409866333,2.72,39429.96
13.267293691635132,2.72,39447.86
13.279093980789185,2.72,39418.05
13.290884017944336,2.72,39400.17
13.303356885910034,2.72,39400.17
13.311883449554443,2.72,39412.09
13.323869943618774,2.72,39412.09
13.336283683776855,2.72,39418.05
13.348732948303223,2.72,39412.09
13.361035585403442,2.72,39412.09
13.373663663864136,2.72,39406.13
13.386059284210205,2.72,39388.26
13.398682117462158,2.72,39394.22
13.410823345184326,2.72,39424.01
13.4229736328125,2.72,39394.22
13.434816122055054,2.72,39400.17
13.447116374969482,2.72,39406.13
13.458842039108276,2.72,39412.09
13.46838903427124,2.72,39400.17
13.480623006820679,2.72,39447.86
13.493369102478027,2.72,39424.01
13.505115509033203,2.72,39435.93
13.517489433288574,2.72,39429.96
13.529842615127563,2.72,39382.31
13.54222059249878,2.72,39441.89
13.554545402526855,2.72,39406.13
13.566601753234863,2.72,39412.09
13.578553438186646,2.72,39429.96
13.590594053268433,2.72,39424.01
13.602513313293457,2.72,39435.93
13.614696264266968,2.72,39424.01
13.62332272529602,2.72,39412.09
13.635650634765625,2.72,39453.82
13.64801573753357,2.72,39435.93
13.660206317901611,2.72,39453.82
13.673247575759888,2.72,39406.13
13.68544864654541,2.72,39429.96
13.697778463363647,2.72,39429.96
13.709965229034424,2.72,39447.86
13.722256183624268,2.72,39429.96
13.73440670967102,2.72,39441.89
13.746341943740845,2.72,39418.05
13.758252620697021,2.72,39441.89
13.77044939994812,2.72,39459.79
13.779552698135376,2.72,39412.09
13.792012214660645,2.72,39489.64
13.804244756698608,2.72,39441.89
13.816503286361694,2.72,39441.89
13.828635931015015,2.72,39459.79
13.841044902801514,2.72,39447.86
13.853421926498413,2.72,39429.96
13.865665912628174,2.72,39441.89
13.877832889556885,2.72,39447.86
13.889968633651733,2.72,39418.05
13.902081727981567,2.72,39441.89
13.914122104644775,2.72,39453.82
13.925910472869873,2.72,39441.89
13.93531084060669,2.72,39441.89
13.94760012626648,2.72,39477.69
13.959806203842163,2.72,39483.66
13.972172021865845,2.72,39435.93
13.984394550323486,2.72,39447.86
13.996628046035767,2.72,39429.96
14.008811235427856,2.72,39447.86
14.021252870559692,2.72,39424.01
14.033598184585571,2.72,39394.22
14.045578241348267,2.72,39429.96
14.057814836502075,2.72,39441.89
14.069687843322754,2.72,39483.66
14.08175539970398,2.72,39483.66
14.090633153915405,2.72,39418.05
14.102467060089111,2.72,39441.89
14.114731550216675,2.72,39471.72
14.12668251991272,2.72,39441.89
14.13888692855835,2.72,39447.86
14.151314973831177,2.72,39453.82
14.163606882095337,2.72,39471.72
14.175856113433838,2.72,39406.13
14.188148736953735,2.72,39441.89
14.200637817382812,2.72,39400.17
14.21293592453003,2.72,39418.05
14.225218772888184,2.72,39429.96
14.237499713897705,2.72,39435.93
14.246483087539673,2.72,39429.96
14.25873064994812,2.72,39483.66
14.271151542663574,2.72,39465.76
14.283456087112427,2.72,39459.79
14.295601844787598,2.72,39429.96
14.306891441345215,2.72,39441.89
14.31916093826294,2.72,39429.96
14.331677675247192,2.72,39465.76
14.343974351882935,2.72,39465.76
14.35652756690979,2.72,39447.86
14.368534326553345,2.72,39435.93
14.381139755249023,2.72,39435.93
14.393018007278442,2.72,39406.13
14.405132293701172,2.72,39435.93
14.414467334747314,2.72,39376.36
14.426931381225586,2.72,39453.82
14.439074993133545,2.72,39453.82
14.451306581497192,2.72,39441.89
14.463597774505615,2.72,39441.89
14.475984811782837,2.72,39429.96
14.488362073898315,2.72,39441.89
14.500482559204102,2.72,39429.96
14.512698650360107,2.72,39435.93
14.524781942367554,2.72,39441.89
14.536876916885376,2.72,39435.93
14.548724174499512,2.72,39429.96
14.560852527618408,2.72,39447.86
14.569916009902954,2.72,39429.96
14.582383155822754,2.72,39471.72
14.593661546707153,2.72,39441.89
14.6062753200531,2.72,39459.79
14.6184663772583,2.72,39441.89
14.630622386932373,2.72,39435.93
14.643142700195312,2.72,39465.76
14.655466556549072,2.72,39447.86
14.667767763137817,2.72,39453.82
14.679947853088379,2.72,39447.86
14.692592859268188,2.72,39441.89
14.704592227935791,2.72,39429.96
14.716679334640503,2.72,39453.82
14.725666999816895,2.72,39459.79
14.737967014312744,2.72,39477.69
14.750385999679565,2.72,39465.76
14.762508630752563,2.72,39453.82
14.774893760681152,2.72,39471.72
14.78716516494751,2.72,39441.89
14.799522876739502,2.72,39429.96
14.811663150787354,2.72,39418.05
14.824013233184814,2.72,39435.93
14.836239576339722,2.72,39429.96
14.84827208518982,2.72,39453.82
14.86021900177002,2.72,39418.05
14.87239408493042,2.72,39441.89
14.881214380264282,2.72,39435.93
14.893694400787354,2.72,39489.64
14.906111478805542,2.72,39441.89
14.91828989982605,2.72,39453.82
14.930665731430054,2.72,39483.66
14.942902565002441,2.72,39465.76
14.955283880233765,2.72,39412.09
14.96742558479309,2.72,39465.76
14.97962212562561,2.72,39447.86
14.991801023483276,2.72,39447.86
15.003905773162842,2.72,39441.89
15.015909433364868,2.72,39471.72
15.027911901473999,2.72,39471.72
15.037104845046997,2.72,39453.82
15.04948115348816,2.72,39489.64
15.061373233795166,2.72,39489.64
15.073674201965332,2.72,39435.93
15.086252689361572,2.72,39477.69
15.097365617752075,2.72,39465.76
15.110056400299072,2.72,39453.82
15.122004270553589,2.72,39453.82
15.134200811386108,2.72,39459.79
15.146400451660156,2.72,39465.76
15.158682584762573,2.72,39447.86
15.170830249786377,2.72,39471.72
15.183223009109497,2.72,39477.69
15.195408344268799,2.72,39453.82
15.205118179321289,2.72,39441.89
15.217179298400879,2.72,39495.61
15.229459047317505,2.72,39471.72
15.241846561431885,2.72,39465.76
15.254309892654419,2.72,39441.89
15.266401767730713,2.72,39459.79
15.278568029403687,2.72,39453.82
15.290740489959717,2.72,39441.89
15.303212881088257,2.72,39441.89
15.315440654754639,2.72,39453.82
15.327207326889038,2.72,39447.86
15.339140176773071,2.72,39441.89
15.351223707199097,2.72,39477.69
15.360844850540161,2.72,39459.79
15.372793674468994,2.72,39465.76
15.385236740112305,2.72,39453.82
15.397210121154785,2.72,39465.76
15.408692121505737,2.72,39453.82
15.421194791793823,2.72,39453.82
15.43354344367981,2.72,39483.66
15.445595979690552,2.72,39465.76
15.458045721054077,2.72,39459.79
15.4704909324646,2.72,39477.69
15.482654571533203,2.72,39471.72
15.494852542877197,2.72,39459.79
15.5068519115448,2.72,39477.69
15.516204833984375,2.72,39453.82
15.528306484222412,2.72,39501.58
15.54099988937378,2.72,39459.79
15.553100347518921,2.72,39471.72
15.565389633178711,2.72,39441.89
15.577773094177246,2.72,39471.72
15.589194536209106,2.72,39453.82
15.601356983184814,2.72,39447.86
15.613741874694824,2.72,39453.82
15.626087665557861,2.72,39483.66
15.638665199279785,2.72,39465.76
15.650805473327637,2.72,39477.69
15.66271686553955,2.72,39465.76
15.671689987182617,2.72,39471.72
15.684166431427002,2.72,39483.66
15.696399927139282,2.72,39477.69
15.70880126953125,2.72,39483.66
15.72135329246521,2.72,39453.82
15.733391523361206,2.72,39477.69
15.745471954345703,2.72,39483.66
15.757903575897217,2.72,39453.82
15.770263910293579,2.72,39465.76
15.782286882400513,2.72,39471.72
15.79423451423645,2.72,39465.76
15.806435585021973,2.72,39447.86
15.818498611450195,2.72,39471.72
15.827674388885498,2.72,39477.69
15.839893341064453,2.72,39519.51
15.85224437713623,2.72,39501.58
15.86436676979065,2.72,39495.61
15.876603126525879,2.72,39471.72
15.888960361480713,2.72,39507.55
15.901049852371216,2.72,39424.01
15.913445234298706,2.72,39459.79
15.925944089889526,2.72,39459.79
15.938092231750488,2.72,39489.64
15.950043678283691,2.72,39495.61
15.96204924583435,2.72,39465.76
15.97410774230957,2.72,39465.76
15.98610806465149,2.72,39471.72
15.995267629623413,2.72,39471.72
16.007943391799927,2.72,39489.64
16.020325183868408,2.72,39489.64
16.03241276741028,2.72,39489.64
16.04478883743286,2.72,39489.64
16.05685544013977,2.72,39477.69
16.069400548934937,2.72,39441.89
16.08140206336975,2.72,39495.61
16.09377431869507,2.72,39477.69
16.104788541793823,2.72,39471.72
16.117371559143066,2.72,39483.66
16.12930989265442,2.72,39513.53
16.141469717025757,2.72,39447.86
16.149901866912842,2.72,39483.66
16.16236448287964,2.73,39543.42
16.174625635147095,2.73,39537.44
16.186927795410156,2.72,39495.61
16.200305700302124,2.72,39489.64
16.21241521835327,2.72,39489.64
16.224905014038086,2.72,39459.79
16.23688840866089,2.72,39471.72
16.249397039413452,2.72,39501.58
16.261322498321533,2.72,39471.72
16.273572206497192,2.72,39489.64
16.285348653793335,2.72,39489.64
16.297626733779907,2.72,39477.69
16.306936979293823,2.72,39483.66
16.319002151489258,2.72,39507.55
16.3313148021698,2.72,39513.53
16.343651294708252,2.72,39495.61
16.354916095733643,2.72,39501.58
16.367367267608643,2.72,39483.66
16.37947154045105,2.72,39495.61
16.392022848129272,2.72,39459.79
16.40434455871582,2.72,39525.48
16.416520595550537,2.72,39477.69
16.428752183914185,2.72,39495.61
16.441240310668945,2.72,39471.72
16.45343017578125,2.72,39501.58
16.462157249450684,2.72,39477.69
16.474828481674194,2.72,39519.51
16.486737489700317,2.72,39507.55
16.499324083328247,2.73,39543.42
16.511556386947632,2.72,39501.58
16.523911476135254,2.72,39489.64
16.53625774383545,2.72,39495.61
16.54832124710083,2.72,39447.86
16.56074094772339,2.72,39489.64
16.57307243347168,2.72,39495.61
16.58506989479065,2.72,39477.69
16.596792697906494,2.72,39489.64
16.60882329940796,2.72,39489.64
16.620910167694092,2.72,39489.64
16.629483222961426,2.72,39471.72
16.641910791397095,2.72,39513.53
16.65402579307556,2.72,39519.51
16.666698455810547,2.72,39513.53
16.679349184036255,2.72,39501.58
16.691784381866455,2.72,39495.61
16.704045295715332,2.72,39495.61
16.71639370918274,2.72,39483.66
16.728537797927856,2.72,39489.64
16.74068307876587,2.72,39489.64
16.752795457839966,2.72,39471.72
16.764758110046387,2.72,39507.55
16.776683568954468,2.72,39507.55
16.786283254623413,2.72,39441.89
16.79710817337036,2.72,39501.58
16.80940270423889,2.72,39501.58
16.82165765762329,2.72,39507.55
16.834468603134155,2.72,39477.69
16.84654402732849,2.72,39483.66
16.8587646484375,2.72,39483.66
16.871065855026245,2.72,39471.72
16.88326358795166,2.72,39495.61
16.895657300949097,2.72,39483.66
16.907946348190308,2.72,39477.69
16.920473098754883,2.72,39489.64
16.93228769302368,2.72,39483.66
16.941397666931152,2.72,39471.72
16.95383381843567,2.72,39525.48
16.96623659133911,2.72,39501.58
16.97848677635193,2.72,39501.58
16.991000413894653,2.72,39495.61
17.002934455871582,2.72,39513.53
17.01529884338379,2.72,39477.69
17.027527332305908,2.72,39471.72
17.039771795272827,2.72,39453.82
17.05213212966919,2.72,39465.76
17.063990831375122,2.72,39459.79
17.07613754272461,2.72,39483.66
17.088217973709106,2.72,39483.66
17.097140073776245,2.72,39471.72
17.109334230422974,2.72,39489.64
17.120912790298462,2.73,39531.46
17.133474826812744,2.72,39489.64
17.1452214717865,2.72,39483.66
17.157449960708618,2.72,39477.69
17.16986107826233,2.72,39495.61
17.18214774131775,2.72,39477.69
17.19434404373169,2.72,39477.69
17.206937789916992,2.72,39483.66
17.219295740127563,2.72,39465.76
17.231512784957886,2.72,39489.64
17.24384355545044,2.72,39471.72
17.25249981880188,2.72,39489.64
17.265066385269165,2.72,39501.58
17.277438640594482,2.72,39483.66
17.289932250976562,2.72,39483.66
17.302225589752197,2.72,39477.69
17.314538955688477,2.72,39483.66
17.32636547088623,2.72,39483.66
17.338996648788452,2.72,39477.69
17.35007381439209,2.72,39459.79
17.3625705242157,2.72,39483.66
17.374632120132446,2.72,39489.64
17.38709259033203,2.72,39477.69
17.3991482257843,2.72,39477.69
17.411181211471558,2.72,39483.66
17.420472383499146,2.72,39477.69
17.433165550231934,2.72,39483.66
17.44611644744873,2.72,39501.58
17.45757031440735,2.72,39483.66
17.469995737075806,2.72,39495.61
17.482295751571655,2.72,39483.66
17.49373769760132,2.72,39507.55
17.505956172943115,2.72,39477.69
17.518420934677124,2.72,39489.64
17.53074288368225,2.72,39483.66
17.5430588722229,2.72,39459.79
17.55524182319641,2.72,39501.58
17.56728506088257,2.72,39489.64
17.576346397399902,2.72,39459.79
17.58790111541748,2.72,39501.58
17.59993290901184,2.72,39519.51
17.612273931503296,2.72,39477.69
17.624836683273315,2.72,39483.66
17.637208938598633,2.72,39489.64
17.649726629257202,2.72,39483.66
17.662006616592407,2.72,39471.72
17.674803972244263,2.72,39471.72
17.686877965927124,2.72,39483.66
17.698866844177246,2.72,39477.69
17.710850715637207,2.72,39483.66
17.722941398620605,2.72,39483.66
17.73209261894226,2.72,39495.61
17.744389533996582,2.73,39531.46
17.75669264793396,2.72,39507.55
17.768980979919434,2.72,39525.48
17.781198501586914,2.72,39483.66
17.793498039245605,2.72,39489.64
17.805756092071533,2.72,39465.76
17.818145275115967,2.72,39471.72
17.830331563949585,2.72,39501.58
17.842525720596313,2.72,39501.58
17.854612112045288,2.72,39507.55
17.866690635681152,2.72,39459.79
17.87853741645813,2.72,39501.58
17.887806177139282,2.72,39507.55
17.9000883102417,2.72,39525.48
17.912100553512573,2.72,39513.53
17.924763202667236,2.72,39519.51
17.935792684555054,2.72,39495.61
17.948097467422485,2.72,39501.58
17.96063995361328,2.72,39501.58
17.973129272460938,2.72,39471.72
17.98552680015564,2.72,39477.69
17.998066425323486,2.72,39501.58
18.010130167007446,2.72,39483.66
18.022276639938354,2.72,39465.76
18.034316539764404,2.72,39477.69
18.046273469924927,2.72,39513.53
18.05583357810974,2.72,39477.69
18.06820583343506,2.72,39519.51
18.079979181289673,2.72,39495.61
18.09243679046631,2.73,39531.46
18.10477089881897,2.72,39483.66
18.117247581481934,2.72,39501.58
18.1285240650177,2.72,39495.61
18.140545129776,2.72,39495.61
18.15278649330139,2.72,39495.61
18.16510844230652,2.72,39477.69
18.1773841381073,2.72,39489.64
18.189583778381348,2.72,39525.48
18.201993227005005,2.72,39471.72
18.21041989326477,2.72,39495.61
18.22276020050049,2.72,39507.55
18.23525881767273,2.72,39501.58
18.24762511253357,2.73,39537.44
18.259884357452393,2.72,39525.48
18.2727267742157,2.72,39495.61
18.285085201263428,2.72,39489.64
18.297186374664307,2.72,39483.66
18.311152935028076,2.72,39489.64
18.32154107093811,2.72,39471.72
18.333740949630737,2.72,39471.72
18.34559178352356,2.72,39459.79
18.357611417770386,2.72,39465.76
18.366092920303345,2.72,39435.93
18.37838077545166,2.72,39519.51
18.390697240829468,2.72,39471.72
18.40302610397339,2.72,39429.96
18.415676832199097,2.72,39489.64
18.428263664245605,2.72,39441.89
18.440431594848633,2.72,39453.82
18.452917098999023,2.72,39453.82
18.46519422531128,2.72,39459.79
18.477479457855225,2.72,39465.76
18.488988637924194,2.72,39453.82
18.501204013824463,2.72,39429.96
18.51330018043518,2.72,39447.86
18.52204442024231,2.72,39441.89
18.5346040725708,2.72,39495.61
18.547081232070923,2.72,39477.69
18.55936598777771,2.72,39465.76
18.571675539016724,2.72,39483.66
18.58419370651245,2.72,39453.82
18.596242904663086,2.72,39453.82
18.608494997024536,2.72,39483.66
18.62093472480774,2.72,39507.55
18.632142305374146,2.72,39477.69
18.64464521408081,2.72,39459.79
18.656847715377808,2.72,39471.72
18.66892433166504,2.72,39465.76
18.681105613708496,2.72,39489.64
18.689985513687134,2.72,39495.61
18.70256209373474,2.72,39501.58
18.71496272087097,2.72,39489.64
18.727550506591797,2.72,39477.69
18.739585399627686,2.72,39483.66
18.752073287963867,2.72,39471.72
18.7640962600708,2.72,39453.82
18.776545524597168,2.72,39459.79
18.788596153259277,2.72,39477.69
18.800780773162842,2.72,39489.64
18.812711715698242,2.72,39471.72
18.824878454208374,2.72,39447.86
18.836761951446533,2.72,39489.64
18.84609603881836,2.72,39465.76
18.858470916748047,2.72,39495.61
18.870643854141235,2.72,39507.55
18.883020401000977,2.72,39483.66
18.895500898361206,2.72,39459.79
18.90762758255005,2.72,39477.69
18.919659852981567,2.72,39483.66
18.932130575180054,2.72,39477.69
18.944339275360107,2.72,39424.01
18.955893993377686,2.72,39418.05
18.96820831298828,2.72,39346.6
18.98030948638916,2.72,39364.45
18.99261713027954,2.72,39340.66
19.001814126968384,2.72,39310.94
19.0138840675354,2.72,39346.6
19.026535511016846,2.72,39340.66
19.03882622718811,2.72,39322.83
19.0508234500885,2.72,39352.55
19.06303334236145,2.72,39322.83
19.07554578781128,2.72,39340.66
19.087795972824097,2.72,39364.45
19.099839687347412,2.72,39352.55
19.112297773361206,2.72,39364.45
19.123393058776855,2.72,39364.45
19.13592267036438,2.72,39358.5
19.14778470993042,2.72,39364.45
19.156198501586914,2.72,39346.6
19.168609857559204,2.72,39382.31
19.180922031402588,2.72,39388.26
19.19305181503296,2.72,39370.4
19.205824613571167,2.72,39376.36
19.218092441558838,2.72,39376.36
19.23042917251587,2.72,39358.5
19.242823600769043,2.72,39358.5
19.255706071853638,2.72,39352.55
19.26800513267517,2.72,39334.72
19.279762029647827,2.72,39358.5
19.29191279411316,2.72,39352.55
19.304044723510742,2.72,39382.31
19.312902688980103,2.72,39382.31
19.32544779777527,2.72,39418.05
19.337468147277832,2.72,39394.22
19.349135160446167,2.72,39376.36
19.361462354660034,2.72,39376.36
19.373788833618164,2.72,39328.76
19.38600254058838,2.72,39328.76
19.39841604232788,2.72,39352.55
19.411036729812622,2.72,39346.6
19.423535585403442,2.72,39358.5
19.435792684555054,2.72,39322.83
19.447611808776855,2.72,39322.83
19.459659576416016,2.72,39328.76
19.471580266952515,2.72,39340.66
19.480746507644653,2.72,39352.55
19.493261098861694,2.72,39358.5
19.50561547279358,2.72,39346.6
19.51789093017578,2.72,39346.6
19.53013801574707,2.72,39316.88
19.542333602905273,2.72,39328.76
19.5546658039093,2.72,39251.56
19.567046880722046,2.72,39221.92
19.57960867881775,2.72,39210.07
19.591073274612427,2.71,39162.69
19.602885484695435,2.71,39127.2
19.615182876586914,2.71,39103.57
19.627274990081787,2.71,39085.84
19.636497735977173,2.71,39056.33
19.647932529449463,2.71,39074.04
19.66012740135193,2.71,39074.04
19.67272138595581,2.71,39050.44
19.685253858566284,2.71,39038.64
19.697744846343994,2.71,39056.33
19.710480451583862,2.71,39020.95
19.722660303115845,2.71,39026.85
19.734967708587646,2.71,39026.85
19.74675965309143,2.71,39056.33
19.75901436805725,2.71,39038.64
19.770867824554443,2.71,39032.74
19.783151388168335,2.71,39020.95
19.7922203540802,2.71,39044.53
19.80449151992798,2.71,39074.04
19.816792488098145,2.71,39062.24
19.82941174507141,2.71,39044.53
19.84120225906372,2.71,39038.64
19.85371446609497,2.71,39015.06
19.865952968597412,2.71,39044.53
19.878401041030884,2.71,39044.53
19.890477895736694,2.71,39032.74
19.902695655822754,2.71,38997.38
19.9147207736969,2.71,38997.38
19.926769495010376,2.71,39056.33
19.93866515159607,2.71,39009.17
19.948004722595215,2.71,38973.82
19.960127353668213,2.71,38991.49
19.972407579421997,2.71,39003.27
19.9848210811615,2.71,39020.95
19.996864318847656,2.71,38997.38
20.00928044319153,2.71,38985.6
20.02155876159668,2.71,39009.17
20.03390383720398,2.71,38985.6
20.046327829360962,2.71,38997.38
20.05843949317932,2.71,38985.6
20.070369005203247,2.71,38991.49
20.082140922546387,2.71,38991.49
20.094470977783203,2.71,38973.82
20.10330057144165,2.71,38997.38
20.11574697494507,2.71,39032.74
20.12809109687805,2.71,39020.95
20.140340566635132,2.71,38979.72
20.152478218078613,2.71,39003.27
20.163818359375,2.71,39003.27
20.1760733127594,2.71,38997.38
20.188626766204834,2.71,39020.95
20.2008376121521,2.71,39015.06
20.213046073913574,2.71,39020.95
20.225465536117554,2.71,38991.49
20.23777461051941,2.71,38962.05
20.250001192092896,2.71,38950.28
20.25835871696472,2.71,38956.17
20.271432876586914,2.71,39009.17
20.28392457962036,2.71,38985.6
20.295987606048584,2.71,38973.82
20.308320999145508,2.71,38973.82
20.320666551589966,2.71,38956.17
20.333019256591797,2.71,38950.28
20.34503483772278,2.71,39003.27
20.35756826400757,2.71,38967.94
20.369670391082764,2.71,38985.6
20.381633520126343,2.71,38962.05
20.39341163635254,2.71,38979.72
20.405489921569824,2.71,39003.27
20.413836002349854,2.71,38991.49
20.42658042907715,2.71,39020.95
20.43839192390442,2.71,39015.06
20.45082187652588,2.71,39009.17
20.462976932525635,2.71,38985.6
20.47557783126831,2.71,38956.17
20.488065481185913,2.71,38997.38
20.50031542778015,2.71,38985.6
20.51322293281555,2.71,38985.6
20.52534031867981,2.71,39003.27
20.537365913391113,2.71,39003.27
20.54918098449707,2.71,39003.27
20.561452865600586,2.71,38985.6
20.57025384902954,2.71,38973.82
20.58192253112793,2.71,39038.64
20.59432029724121,2.71,39020.95
20.606656074523926,2.71,39009.17
20.618713855743408,2.71,39003.27
20.631335496902466,2.71,38973.82
20.644241333007812,2.71,38985.6
20.656273365020752,2.71,38991.49
20.668047666549683,2.71,38985.6
20.68026876449585,2.71,38979.72
20.692567586898804,2.71,38979.72
20.704854488372803,2.71,39020.95
20.717092514038086,2.71,38985.6
20.72625970840454,2.71,38979.72
20.738558769226074,2.71,39026.85
20.75057554244995,2.71,39020.95
20.76300311088562,2.71,39044.53
20.775291919708252,2.71,39020.95
20.787586450576782,2.71,39003.27
20.799598693847656,2.71,38997.38
20.81216335296631,2.71,38985.6
20.82451844215393,2.71,39009.17
20.83665108680725,2.71,38985.6
20.848812103271484,2.71,38962.05
20.86065649986267,2.71,38991.49
20.872698068618774,2.71,38962.05
20.88469171524048,2.71,38967.94
20.894190788269043,2.71,38932.64
20.906348943710327,2.71,38991.49
20.91891860961914,2.71,39003.27
20.93070888519287,2.71,38956.17
20.942177295684814,2.71,38979.72
20.954354763031006,2.71,38920.89
20.967489004135132,2.71,38932.64
20.9798743724823,2.71,38920.89
20.99228072166443,2.71,38932.64
21.004368782043457,2.71,38932.64
21.01639413833618,2.71,38903.26
21.028595447540283,2.71,38915.01
21.040290355682373,2.71,38920.89
21.04946208000183,2.71,38938.53
21.061952114105225,2.71,38926.77
21.07397961616516,2.71,38950.28
21.085343599319458,2.71,38938.53
21.09756588935852,2.71,38932.64
21.109910249710083,2.71,38926.77
21.12240481376648,2.71,38932.64
21.1356520652771,2.71,38938.53
21.14793348312378,2.71,38926.77
21.15897250175476,2.71,38926.77
21.17126154899597,2.71,38926.77
21.183618783950806,2.71,38938.53
21.19586706161499,2.71,38915.01
21.204290628433228,2.71,38909.13
21.21654462814331,2.71,38944.41
21.228769540786743,2.71,38944.41
21.241422176361084,2.71,38938.53
21.25386905670166,2.71,38932.64
21.2662353515625,2.71,38932.64
21.279112100601196,2.71,38944.41
21.291067838668823,2.71,38909.13
21.30351734161377,2.7,38879.76
21.315720081329346,2.7,38891.51
21.32739019393921,2.71,38903.26
21.339433670043945,2.7,38891.51
21.351785898208618,2.71,38926.77
21.360525131225586,2.71,38915.01
21.37322473526001,2.71,38950.28
21.385563373565674,2.71,38950.28
21.39766216278076,2.71,38944.41
21.409894943237305,2.71,38944.41
21.42156219482422,2.71,38956.17
21.433898210525513,2.71,38915.01
21.446329355239868,2.71,38938.53
21.45859456062317,2.71,38944.41
21.471107244491577,2.71,38962.05
21.483580350875854,2.7,38891.51
21.49533772468567,2.7,38873.9
21.507585525512695,2.71,38926.77
21.519522190093994,2.71,38915.01
21.528802633285522,2.7,38868.02
21.541244745254517,2.71,38950.28
21.553518056869507,2.71,38897.39
21.56566309928894,2.71,38903.26
21.577996253967285,2.7,38879.76
21.590381383895874,2.7,38885.64
21.60175657272339,2.7,38862.16
21.613821029663086,2.7,38885.64
21.62648367881775,2.71,38897.39
21.63877272605896,2.7,38879.76
21.651374101638794,2.71,38897.39
21.663586854934692,2.7,38844.56
21.675166130065918,2.7,38838.69
21.683683156967163,2.7,38862.16
21.695964097976685,2.71,38897.39
21.7083899974823,2.71,38909.13
21.720762014389038,2.7,38873.9
21.733588457107544,2.7,38844.56
21.745975971221924,2.7,38873.9
21.758286237716675,2.7,38879.76
21.770600080490112,2.7,38856.29
21.782716989517212,2.7,38850.42
21.795005798339844,2.7,38832.83
21.80690884590149,2.7,38844.56
21.818979501724243,2.7,38862.16
21.830778121948242,2.7,38838.69
21.83995294570923,2.7,38850.42
21.851825952529907,2.7,38832.83
21.863807439804077,2.7,38856.29
21.875940561294556,2.7,38791.81
21.888099670410156,2.7,38821.1
21.900678634643555,2.7,38809.38
21.91298270225525,2.7,38780.09
21.925284147262573,2.7,38797.66
21.937519550323486,2.7,38797.66
21.949676752090454,2.7,38797.66
21.96202826499939,2.7,38791.81
21.974517583847046,2.7,38797.66
21.98671555519104,2.7,38774.23
21.995826482772827,2.7,38780.09
22.008240699768066,2.7,38785.94
22.02013897895813,2.7,38785.94
22.032564163208008,2.7,38791.81
22.045047283172607,2.7,38744.98
22.057260751724243,2.7,38768.39
22.069631814956665,2.7,38744.98
22.081615924835205,2.7,38762.53
22.09421706199646,2.7,38692.37
22.106298446655273,2.7,38780.09
22.118251085281372,2.7,38704.05
22.12960958480835,2.7,38721.59
22.142144441604614,2.7,38686.53
22.150429487228394,2.7,38663.18
22.16267728805542,2.7,38686.53
22.174797773361206,2.7,38657.35
22.18721866607666,2.7,38663.18
22.199342966079712,2.7,38651.51
22.211828231811523,2.7,38651.51
22.225238800048828,2.7,38663.18
22.23748469352722,2.7,38663.18
22.249786376953125,2.7,38645.68
22.261783123016357,2.7,38674.85
22.27398920059204,2.7,38680.7
22.286026000976562,2.7,38657.35
22.297982215881348,2.7,38657.35
22.307013750076294,2.7,38680.7
22.3194477558136,2.7,38739.13
22.331620693206787,2.7,38686.53
22.34407138824463,2.7,38721.59
22.356139421463013,2.7,38692.37
22.368432998657227,2.7,38704.05
22.38096785545349,2.7,38680.7
22.39313840866089,2.7,38692.37
22.404335975646973,2.7,38669.02
22.416770219802856,2.7,38704.05
22.429267406463623,2.7,38709.9
22.441370725631714,2.7,38709.9
22.45356321334839,2.7,38727.44
22.465590000152588,2.7,38739.13
22.474445819854736,2.7,38744.98
22.486711263656616,2.7,38750.83
22.499286890029907,2.7,38715.75
22.51191210746765,2.7,38762.53
22.524389028549194,2.7,38715.75
22.53648567199707,2.7,38686.53
22.54856300354004,2.7,38663.18
22.56093430519104,2.7,38657.35
22.57323980331421,2.7,38663.18
22.58523392677307,2.7,38674.85
22.597503423690796,2.7,38669.02
22.609392881393433,2.7,38698.21
22.621301412582397,2.7,38686.53
22.63065242767334,2.7,38674.85
22.64307141304016,2.7,38721.59
22.655277252197266,2.7,38692.37
22.667535543441772,2.7,38698.21
22.679583311080933,2.7,38686.53
22.691439151763916,2.7,38680.7
22.703662157058716,2.7,38698.21
22.715916633605957,2.7,38709.9
22.728537559509277,2.7,38709.9
22.74121594429016,2.7,38709.9
22.753039121627808,2.7,38727.44
22.765022039413452,2.7,38715.75
22.777149438858032,2.7,38727.44
22.786299467086792,2.7,38727.44
22.798419713974,2.7,38733.28
22.810885906219482,2.7,38756.68
22.82324981689453,2.7,38733.28
22.835429191589355,2.7,38750.83
22.847999811172485,2.7,38739.13
22.859954357147217,2.7,38715.75
22.872299671173096,2.7,38733.28
22.884535551071167,2.7,38727.44
22.89673113822937,2.7,38721.59
22.90849781036377,2.7,38727.44
22.92087745666504,2.7,38739.13
22.93277883529663,2.7,38709.9
22.941977500915527,2.7,38721.59
22.9543194770813,2.7,38750.83
22.96643567085266,2.7,38791.81
22.978830337524414,2.7,38756.68
22.991241931915283,2.7,38727.44
23.00348210334778,2.7,38715.75
23.015450477600098,2.7,38721.59
23.02799129486084,2.7,38721.59
23.04025411605835,2.7,38715.75
23.052420139312744,2.7,38739.13
23.064432859420776,2.7,38756.68
23.076515436172485,2.7,38780.09
23.08858561515808,2.7,38727.44
23.10050129890442,2.7,38739.13
23.109882831573486,2.7,38774.23
23.122265577316284,2.7,38785.94
23.1343252658844,2.7,38785.94
23.146811485290527,2.7,38739.13
23.1593279838562,2.7,38774.23
23.17014193534851,2.7,38750.83
23.18238878250122,2.7,38733.28
23.194852590560913,2.7,38750.83
23.207117319107056,2.7,38768.39
23.219348669052124,2.7,38739.13
23.23166584968567,2.7,38756.68
23.24419379234314,2.7,38739.13
23.256192207336426,2.7,38756.68
23.264681816101074,2.7,38727.44
23.277514219284058,2.7,38709.9
23.28999900817871,2.7,38709.9
23.301276922225952,2.7,38727.44
23.31350827217102,2.7,38674.85
23.326225519180298,2.7,38709.9
23.339144229888916,2.7,38680.7
23.350830554962158,2.7,38704.05
23.36351776123047,2.7,38715.75
23.37589693069458,2.7,38715.75
23.38764262199402,2.7,38721.59
23.399566173553467,2.7,38657.35
23.411821603775024,2.7,38663.18
23.42033624649048,2.7,38698.21
23.432657718658447,2.7,38715.75
23.44526743888855,2.7,38704.05
23.457740306854248,2.7,38715.75
23.470086097717285,2.7,38698.21
23.481672048568726,2.7,38669.02
23.494078874588013,2.7,38680.7
23.506561994552612,2.7,38645.68
23.51901149749756,2.7,38610.69
23.531641006469727,2.7,38628.19
23.543662309646606,2.7,38616.53
23.55562424659729,2.7,38628.19
23.567484617233276,2.7,38604.87
23.576955795288086,2.7,38616.53
23.58899688720703,2.7,38604.87
23.60093641281128,2.7,38616.53
23.612917184829712,2.7,38610.69
23.62530255317688,2.7,38639.85
23.63767123222351,2.7,38610.69
23.65030527114868,2.7,38587.4
23.662566661834717,2.7,38610.69
23.675005674362183,2.69,38546.66
23.686967849731445,2.7,38604.87
23.699037790298462,2.7,38599.05
23.71126675605774,2.7,38610.69
23.723326683044434,2.7,38616.53
23.73218059539795,2.7,38599.05
23.744932651519775,2.7,38657.35
23.75720977783203,2.7,38657.35
23.769230842590332,2.7,38674.85
23.781736135482788,2.7,38651.51
23.793882608413696,2.7,38628.19
23.80623483657837,2.7,38645.68
23.818220853805542,2.7,38639.85
23.83094573020935,2.7,38628.19
23.843076705932617,2.7,38657.35
23.855122804641724,2.7,38698.21
23.866278648376465,2.7,38651.51
23.878798246383667,2.7,38639.85
23.890990495681763,2.7,38634.01
23.899644374847412,2.7,38651.51
23.912096738815308,2.7,38704.05
23.924678802490234,2.7,38669.02
23.937082290649414,2.7,38651.51
23.94930672645569,2.7,38686.53
23.96068239212036,2.7,38634.01
23.9733624458313,2.7,38645.68
23.985725164413452,2.7,38628.19
23.997856855392456,2.7,38645.68
24.010231733322144,2.7,38639.85
24.022495985031128,2.7,38616.53
24.03476047515869,2.7,38610.69
24.04668402671814,2.7,38628.19
24.056054830551147,2.7,38639.85
24.068264484405518,2.7,38674.85
24.080608367919922,2.7,38680.7
24.092846632003784,2.7,38657.35
24.10528874397278,2.7,38686.53
24.117382287979126,2.7,38674.85
24.128721952438354,2.7,38651.51
24.141932010650635,2.7,38663.18
24.154117584228516,2.7,38663.18
24.165364742279053,2.7,38669.02
24.177542686462402,2.7,38692.37
24.18986225128174,2.7,38674.85
24.202110290527344,2.7,38657.35
24.21053719520569,2.7,38692.37
24.22283673286438,2.7,38727.44
24.235427141189575,2.7,38674.85
24.24782633781433,2.7,38669.02
24.259961128234863,2.7,38657.35
24.27258324623108,2.7,38645.68
24.285338401794434,2.7,38663.18
24.297704219818115,2.7,38639.85
24.310118436813354,2.7,38663.18
24.322168827056885,2.7,38616.53
24.334036588668823,2.7,38657.35
24.34628438949585,2.7,38686.53
24.358197927474976,2.7,38657.35
24.367024898529053,2.7,38680.7
24.379241943359375,2.7,38698.21
24.391101360321045,2.7,38669.02
24.40341830253601,2.7,38692.37
24.4154269695282,2.7,38645.68
24.428080558776855,2.7,38616.53
24.440216302871704,2.7,38634.01
24.452967405319214,2.7,38639.85
24.46563220024109,2.7,38645.68
24.47781729698181,2.7,38657.35
24.490134716033936,2.7,38645.68
24.5018470287323,2.7,38669.02
24.513891220092773,2.7,38657.35
24.522988319396973,2.7,38680.7
24.535115003585815,2.7,38686.53
24.547457456588745,2.7,38715.75
24.559880256652832,2.7,38669.02
24.57196617126465,2.7,38698.21
24.584280490875244,2.7,38709.9
24.596436023712158,2.7,38674.85
24.608999013900757,2.7,38674.85
24.62126898765564,2.7,38698.21
24.633293867111206,2.7,38704.05
24.645408630371094,2.7,38739.13
24.65751338005066,2.7,38727.44
24.669586658477783,2.7,38698.21
24.678590059280396,2.7,38704.05
24.690853357315063,2.7,38780.09
24.702919483184814,2.7,38791.81
24.714786529541016,2.7,38721.59
24.727033615112305,2.7,38739.13
24.739478588104248,2.7,38721.59
24.75165629386902,2.7,38709.9
24.76428508758545,2.7,38727.44
24.776864051818848,2.7,38727.44
24.789161682128906,2.7,38721.59
24.80100655555725,2.7,38727.44
24.812977075576782,2.7,38733.28
24.825342178344727,2.7,38733.28
24.837071180343628,2.7,38709.9
24.846653938293457,2.7,38750.83
24.8586847782135,2.7,38744.98
24.871052026748657,2.7,38750.83
24.883116245269775,2.7,38733.28
24.895654678344727,2.7,38744.98
24.908266067504883,2.7,38727.44
24.92023277282715,2.7,38692.37
24.932493686676025,2.7,38692.37
24.944793701171875,2.7,38669.02
24.956884145736694,2.7,38704.05
24.968812704086304,2.7,38721.59
24.980849981307983,2.7,38657.35
24.99292826652527,2.7,38674.85
25.002132892608643,2.7,38686.53
25.014437675476074,2.7,38692.37
25.02695322036743,2.7,38715.75
25.03905439376831,2.7,38692.37
25.051205158233643,2.7,38709.9
25.06354832649231,2.7,38715.75
25.075865745544434,2.7,38686.53
25.088226556777954,2.7,38680.7
25.100178956985474,2.7,38692.37
25.112464666366577,2.7,38704.05
25.123977184295654,2.7,38709.9
25.13612389564514,2.7,38686.53
25.148244380950928,2.7,38698.21
25.15709114074707,2.7,38692.37
25.168930768966675,2.7,38686.53
25.181151390075684,2.7,38715.75
25.193612337112427,2.7,38715.75
25.20587396621704,2.7,38709.9
25.218224048614502,2.7,38686.53
25.230769634246826,2.7,38698.21
25.24275231361389,2.7,38715.75
25.255337715148926,2.7,38698.21
25.26763129234314,2.7,38704.05
25.27988886833191,2.7,38715.75
25.292205810546875,2.7,38715.75
25.30387783050537,2.7,38704.05
25.313437461853027,2.7,38704.05
25.32560133934021,2.7,38727.44
25.338016033172607,2.7,38721.59
25.350067138671875,2.7,38715.75
25.362557411193848,2.7,38686.53
25.374717235565186,2.7,38680.7
25.387278079986572,2.7,38686.53
25.39958667755127,2.7,38674.85
25.411787033081055,2.7,38680.7
25.42378067970276,2.7,38698.21
25.435872316360474,2.7,38744.98
25.447941064834595,2.7,38692.37
25.45937967300415,2.7,38680.7
25.468186378479004,2.7,38698.21
25.4806010723114,2.7,38715.75
25.49285125732422,2.7,38733.28
25.505205392837524,2.7,38715.75
25.51771903038025,2.7,38721.59
25.53036665916443,2.7,38744.98
25.54251766204834,2.7,38739.13
25.55513072013855,2.7,38750.83
25.567244291305542,2.7,38721.59
25.57958722114563,2.7,38680.7
25.591501712799072,2.7,38663.18
25.603606939315796,2.7,38628.19
25.615376949310303,2.7,38634.01
25.623960733413696,2.7,38639.85
25.636353254318237,2.7,38657.35
25.648655891418457,2.7,38639.85
25.660416841506958,2.7,38634.01
25.672982692718506,2.7,38628.19
25.685376167297363,2.7,38599.05
25.697714805603027,2.7,38610.69
25.710039138793945,2.69,38581.57
25.722184658050537,2.7,38616.53
25.734405994415283,2.7,38610.69
25.746788501739502,2.69,38575.75
25.758960962295532,2.7,38634.01
25.77123475074768,2.7,38622.35
25.783216953277588,2.7,38639.85
25.792382955551147,2.7,38634.01
25.80484676361084,2.7,38669.02
25.81696319580078,2.7,38669.02
25.829596757888794,2.7,38651.51
25.841639280319214,2.7,38628.19
25.854013919830322,2.7,38616.53
25.866350650787354,2.7,38645.68
25.87864089012146,2.7,38651.51
25.890723705291748,2.7,38657.35
25.90264654159546,2.7,38680.7
25.91498827934265,2.7,38657.35
25.927047729492188,2.7,38651.51
25.9389169216156,2.7,38639.85
25.948481559753418,2.7,38669.02
25.960471153259277,2.7,38704.05
25.97284770011902,2.7,38651.51
25.985243320465088,2.7,38680.7
25.997637033462524,2.7,38645.68
26.009581327438354,2.7,38657.35
26.022093296051025,2.7,38651.51
26.034279584884644,2.7,38669.02
26.046567916870117,2.7,38686.53
26.058573484420776,2.7,38674.85
26.07062315940857,2.7,38680.7
26.08251166343689,2.7,38686.53
26.094687700271606,2.7,38686.53
26.103915452957153,2.7,38704.05
26.116475820541382,2.7,38698.21
26.128770351409912,2.7,38733.28
26.140634298324585,2.7,38663.18
26.152987003326416,2.7,38669.02
26.16537857055664,2.7,38651.51
26.176522970199585,2.7,38622.35
26.18869638442993,2.7,38657.35
26.201082229614258,2.7,38587.4
26.21331810951233,2.7,38651.51
26.225597620010376,2.7,38639.85
26.23794913291931,2.7,38593.22
26.250145196914673,2.7,38610.69
26.258466720581055,2.7,38587.4
26.271103858947754,2.7,38639.85
26.283549785614014,2.7,38669.02
26.296255350112915,2.7,38657.35
26.308730125427246,2.7,38657.35
26.321009397506714,2.7,38639.85
26.333132028579712,2.7,38645.68
26.345557928085327,2.7,38628.19
26.359246253967285,2.7,38639.85
26.36991548538208,2.7,38616.53
26.382092714309692,2.7,38639.85
26.39406442642212,2.7,38628.19
26.40608501434326,2.7,38628.19
26.415115356445312,2.7,38634.01
26.427422761917114,2.7,38669.02
26.43979525566101,2.7,38657.35
26.4518084526062,2.7,38663.18
26.463444232940674,2.7,38669.02
26.475818872451782,2.7,38663.18
26.488116025924683,2.7,38663.18
26.500495195388794,2.7,38663.18
26.51325798034668,2.7,38645.68
26.52572536468506,2.7,38663.18
26.537780284881592,2.7,38669.02
26.549545526504517,2.7,38674.85
26.561782121658325,2.7,38674.85
26.570725202560425,2.7,38715.75
26.583342790603638,2.7,38721.59
26.595418214797974,2.7,38698.21
26.60777187347412,2.7,38698.21
26.619882822036743,2.7,38698.21
26.632221698760986,2.7,38709.9
26.644681215286255,2.7,38698.21
26.65695095062256,2.7,38704.05
26.669174194335938,2.7,38727.44
26.68124270439148,2.7,38634.01
26.693471670150757,2.7,38680.7
26.705442667007446,2.7,38698.21
26.717438220977783,2.7,38680.7
26.729337692260742,2.7,38657.35
26.73801565170288,2.7,38686.53
26.750181198120117,2.7,38715.75
26.762691736221313,2.7,38709.9
26.775030374526978,2.7,38739.13
26.787808179855347,2.7,38680.7
26.80002474784851,2.7,38680.7
26.81239604949951,2.7,38663.18
26.824795961380005,2.7,38698.21
26.8369882106781,2.7,38704.05
26.849254846572876,2.7,38674.85
26.861095905303955,2.7,38669.02
26.87313961982727,2.7,38704.05
26.8850839138031,2.7,38709.9
26.89438223838806,2.7,38715.75
26.905558347702026,2.7,38721.59
26.917810678482056,2.7,38727.44
26.930052757263184,2.7,38698.21
26.942625999450684,2.7,38698.21
26.95504879951477,2.7,38674.85
26.96722149848938,2.7,38698.21
26.97951054573059,2.7,38698.21
26.9918429851532,2.7,38715.75
27.004311084747314,2.7,38709.9
27.01617956161499,2.7,38727.44
27.028775215148926,2.7,38733.28
27.040828466415405,2.7,38739.13
27.049920320510864,2.7,38727.44
27.06227445602417,2.7,38762.53
27.074639797210693,2.7,38739.13
27.086808443069458,2.7,38744.98
27.099354028701782,2.7,38744.98
27.11134672164917,2.7,38721.59
27.123031854629517,2.7,38721.59
27.13505220413208,2.7,38715.75
27.147618055343628,2.7,38739.13
27.159798860549927,2.7,38744.98
27.172178268432617,2.7,38750.83
27.183845281600952,2.7,38774.23
27.196017503738403,2.7,38768.39
27.20461082458496,2.7,38750.83
27.216912508010864,2.7,38785.94
27.2292001247406,2.7,38826.96
27.24150013923645,2.7,38785.94
27.254100561141968,2.7,38797.66
27.266297340393066,2.7,38780.09
27.278846263885498,2.7,38756.68
27.29132652282715,2.7,38774.23
27.303998708724976,2.7,38803.52
27.31596612930298,2.7,38768.39
27.328057289123535,2.7,38762.53
27.340181827545166,2.7,38762.53
27.352192401885986,2.7,38780.09
27.36137866973877,2.7,38774.23
27.373541831970215,2.7,38785.94
27.385869026184082,2.7,38826.96
27.398108959197998,2.7,38785.94
27.410460233688354,2.7,38762.53
27.422648429870605,2.7,38774.23
27.434826135635376,2.7,38756.68
27.446152448654175,2.7,38750.83
27.458858966827393,2.7,38750.83
27.4707670211792,2.7,38733.28
27.483080625534058,2.7,38715.75
27.495445251464844,2.7,38750.83
27.507888317108154,2.7,38715.75
27.516793966293335,2.7,38704.05
27.52914333343506,2.7,38768.39
27.541433572769165,2.7,38739.13
27.553749084472656,2.7,38750.83
27.5663959980011,2.7,38733.28
27.578312635421753,2.7,38727.44
27.590638637542725,2.7,38698.21
27.602715730667114,2.7,38721.59
27.615282773971558,2.7,38698.21
27.62744665145874,2.7,38721.59
27.639580249786377,2.7,38727.44
27.651463747024536,2.7,38721.59
27.66356921195984,2.7,38698.21
27.675514221191406,2.7,38686.53
27.68478775024414,2.7,38727.44
27.697230577468872,2.7,38715.75
27.70946431159973,2.7,38733.28
27.72179365158081,2.7,38704.05
27.73379421234131,2.7,38704.05
27.7464017868042,2.7,38715.75
27.758337020874023,2.7,38715.75
27.770819902420044,2.7,38698.21
27.783300161361694,2.7,38721.59
27.795319318771362,2.7,38692.37
27.807141304016113,2.7,38709.9
27.81925892829895,2.7,38704.05
27.83126735687256,2.7,38727.44
27.840543508529663,2.7,38744.98
27.852586030960083,2.7,38721.59
27.864847660064697,2.7,38727.44
27.87742304801941,2.7,38721.59
27.88969850540161,2.7,38733.28
27.901984691619873,2.7,38715.75
27.91413402557373,2.7,38744.98
27.926530361175537,2.7,38709.9
27.93885612487793,2.7,38709.9
27.950698852539062,2.7,38739.13
27.962905883789062,2.7,38715.75
27.97496008872986,2.7,38704.05
27.98695421218872,2.7,38715.75
27.996228456497192,2.7,38733.28
28.008492708206177,2.7,38744.98
28.02066206932068,2.7,38715.75
28.033000230789185,2.7,38762.53
28.045331954956055,2.7,38733.28
28.057588815689087,2.7,38739.13
28.06985592842102,2.7,38744.98
28.08210325241089,2.7,38733.28
28.0943603515625,2.7,38750.83
28.106601238250732,2.7,38721.59
28.118577003479004,2.7,38744.98
28.129963874816895,2.7,38756.68
28.142457008361816,2.7,38739.13
28.15160894393921,2.7,38744.98
28.163893461227417,2.7,38762.53
28.176425457000732,2.7,38774.23
28.188600778579712,2.7,38750.83
28.199795484542847,2.7,38797.66
28.212028980255127,2.7,38750.83
28.224441051483154,2.7,38768.39
28.2367103099823,2.7,38774.23
28.2490131855011,2.7,38733.28
28.261610984802246,2.7,38785.94
28.273690938949585,2.7,38797.66
28.28597855567932,2.7,38803.52
28.2983295917511,2.7,38780.09
28.307061433792114,2.7,38791.81
28.319661140441895,2.7,38826.96
28.3321852684021,2.7,38803.52
28.344122171401978,2.7,38768.39
28.356536865234375,2.7,38756.68
28.368717908859253,2.7,38756.68
28.38113307952881,2.7,38744.98
28.39352560043335,2.7,38744.98
28.405686616897583,2.7,38756.68
28.417755842208862,2.7,38762.53
28.429235458374023,2.7,38762.53
28.44156527519226,2.7,38762.53
28.453786849975586,2.7,38768.39
28.46625304222107,2.7,38739.13
28.474883317947388,2.7,38750.83
28.487367630004883,2.7,38756.68
28.500101804733276,2.7,38768.39
28.512152910232544,2.7,38774.23
28.524534940719604,2.7,38762.53
28.53670358657837,2.7,38744.98
28.54925775527954,2.7,38721.59
28.561386823654175,2.7,38727.44
28.5736300945282,2.7,38692.37
28.585582494735718,2.7,38733.28
28.597774505615234,2.7,38692.37
28.60953950881958,2.7,38715.75
28.621654510498047,2.7,38634.01
28.630789041519165,2.7,38669.02
28.643309831619263,2.7,38674.85
28.65562081336975,2.7,38692.37
28.667766094207764,2.7,38645.68
28.68021535873413,2.7,38674.85
28.69233465194702,2.7,38663.18
28.704724311828613,2.7,38669.02
28.717164516448975,2.7,38663.18
28.729453086853027,2.7,38657.35
28.741147994995117,2.7,38628.19
28.75316095352173,2.7,38657.35
28.765300035476685,2.7,38669.02
28.777397394180298,2.7,38651.51
28.78587532043457,2.7,38645.68
28.79837656021118,2.7,38663.18
28.810624361038208,2.7,38674.85
28.823562383651733,2.7,38704.05
28.835675716400146,2.7,38669.02
28.84806799888611,2.7,38686.53
28.86042833328247,2.7,38698.21
28.87269687652588,2.7,38686.53
28.884812593460083,2.7,38709.9
28.89697790145874,2.7,38686.53
28.909112215042114,2.7,38727.44
28.92110586166382,2.7,38692.37
28.93323588371277,2.7,38704.05
28.942238807678223,2.7,38733.28
28.954476833343506,2.7,38750.83
28.966898679733276,2.7,38768.39
28.979273796081543,2.7,38744.98
28.99120593070984,2.7,38744.98
29.003689289093018,2.7,38774.23
29.016098499298096,2.7,38721.59
29.028067350387573,2.7,38756.68
29.03982162475586,2.7,38727.44
29.051995992660522,2.7,38744.98
29.064472436904907,2.7,38733.28
29.076526165008545,2.7,38727.44
29.088804960250854,2.7,38762.53
29.097691535949707,2.7,38756.68
29.11022162437439,2.7,38791.81
29.12251114845276,2.7,38803.52
29.13460898399353,2.7,38785.94
29.147214651107788,2.7,38762.53
29.15937042236328,2.7,38844.56
29.17142939567566,2.7,38797.66
29.18398666381836,2.7,38785.94
29.19521450996399,2.7,38809.38
29.207348823547363,2.7,38803.52
29.219575881958008,2.7,38768.39
29.231899738311768,2.7,38768.39
29.24408507347107,2.7,38756.68
29.256329774856567,2.7,38780.09
29.26586079597473,2.7,38750.83
29.27821922302246,2.7,38774.23
29.290493726730347,2.7,38780.09
29.302650928497314,2.7,38803.52
29.31483793258667,2.7,38774.23
29.32736587524414,2.7,38774.23
29.339655876159668,2.7,38785.94
29.35165548324585,2.7,38791.81
29.363829851150513,2.7,38803.52
29.375175952911377,2.7,38821.1
29.387545108795166,2.7,38762.53
29.40003204345703,2.7,38756.68
29.4120614528656,2.7,38803.52
29.420681953430176,2.7,38762.53
29.432912588119507,2.7,38791.81
29.44527769088745,2.7,38785.94
29.457738399505615,2.7,38791.81
29.470596075057983,2.7,38791.81
29.482961416244507,2.7,38780.09
29.49513602256775,2.7,38774.23
29.507493019104004,2.7,38785.94
29.51967191696167,2.7,38774.23
29.53177499771118,2.7,38774.23
29.543887615203857,2.7,38780.09
29.555847883224487,2.7,38815.24
29.567790269851685,2.7,38774.23
29.57724666595459,2.7,38785.94
29.589444875717163,2.7,38815.24
29.601643085479736,2.7,38803.52
29.613794803619385,2.7,38797.66
29.62560534477234,2.7,38803.52
29.637827396392822,2.7,38803.52
29.6503164768219,2.7,38809.38
29.66263461112976,2.7,38838.69
29.675339221954346,2.7,38809.38
29.687501430511475,2.7,38791.81
29.699646711349487,2.7,38832.83
29.71144437789917,2.7,38821.1
29.723673105239868,2.7,38838.69
29.732548713684082,2.7,38803.52
29.745135068893433,2.7,38868.02
29.756282806396484,2.7,38850.42
29.768764972686768,2.7,38838.69
29.781051874160767,2.7,38844.56
29.793511152267456,2.7,38832.83
29.80602478981018,2.7,38868.02
29.81856679916382,2.7,38868.02
29.831257581710815,2.7,38838.69
29.843175172805786,2.7,38856.29
29.855208158493042,2.7,38885.64
29.8673415184021,2.7,38862.16
29.87934947013855,2.7,38862.16
29.888378143310547,2.7,38879.76
29.900840997695923,2.71,38903.26
29.912811517715454,2.7,38891.51
29.925269603729248,2.7,38856.29
29.93747305870056,2.7,38832.83
29.949871301651,2.7,38856.29
29.962234258651733,2.71,38897.39
29.97436213493347,2.7,38850.42
29.9866623878479,2.7,38868.02
29.998948574066162,2.7,38850.42
30.010921239852905,2.7,38868.02
30.02284860610962,2.7,38879.76
30.03486967086792,2.7,38873.9
30.043938398361206,2.7,38891.51
30.056273937225342,2.7,38885.64
30.068514347076416,2.71,38897.39
30.08105778694153,2.7,38862.16
30.09300708770752,2.7,38850.42
30.10544753074646,2.7,38809.38
30.11784815788269,2.7,38844.56
30.1290180683136,2.7,38850.42
30.14150857925415,2.7,38856.29
30.154475688934326,2.7,38821.1
30.166592121124268,2.7,38785.94
30.178694009780884,2.7,38838.69
30.190609455108643,2.7,38862.16
30.202391147613525,2.7,38856.29
30.21078658103943,2.7,38832.83
30.22302770614624,2.7,38868.02
30.235508680343628,2.7,38850.42
30.24774479866028,2.7,38856.29
30.259913444519043,2.7,38850.42
30.272597551345825,2.7,38850.42
30.28467559814453,2.7,38856.29
30.297325611114502,2.7,38873.9
30.3095064163208,2.7,38856.29
30.321789264678955,2.7,38885.64
30.334425926208496,2.7,38838.69
30.346386909484863,2.7,38885.64
30.358319520950317,2.7,38891.51
30.367684364318848,2.7,38885.64
30.3798406124115,2.71,38944.41
30.39195227622986,2.71,38920.89
30.4044246673584,2.7,38885.64
30.41691517829895,2.71,38926.77
30.429221868515015,2.71,38903.26
30.441261768341064,2.7,38879.76
30.453510522842407,2.7,38885.64
30.465961933135986,2.7,38879.76
30.477985382080078,2.71,38915.01
30.489859580993652,2.71,38903.26
30.501635551452637,2.71,38909.13
30.514047384262085,2.7,38885.64
30.52232313156128,2.71,38903.26
30.534600496292114,2.71,38938.53
30.547173738479614,2.71,38938.53
30.559624195098877,2.71,38903.26
30.57235074043274,2.71,38903.26
30.584869623184204,2.71,38903.26
30.59708261489868,2.71,38909.13
30.609371423721313,2.71,38926.77
30.621464014053345,2.71,38926.77
30.633686780929565,2.71,38897.39
30.645872831344604,2.71,38920.89
30.65783953666687,2.7,38885.64
30.669572114944458,2.71,38903.26
30.678316354751587,2.7,38891.51
30.69034719467163,2.71,38938.53
30.702691793441772,2.71,38938.53
30.715351581573486,2.71,38920.89
30.727954626083374,2.71,38915.01
30.74013590812683,2.71,38926.77
30.751524209976196,2.71,38915.01
30.76372718811035,2.71,38944.41
30.776461362838745,2.71,38932.64
30.788647174835205,2.71,38909.13
30.800905227661133,2.71,38897.39
30.81318974494934,2.71,38909.13
30.82547616958618,2.7,38885.64
30.837469816207886,2.71,38897.39
30.84687566757202,2.7,38862.16
30.859275102615356,2.71,38915.01
30.87134575843811,2.71,38909.13
30.883599042892456,2.7,38879.76
30.89607048034668,2.71,38897.39
30.908331871032715,2.71,38897.39
30.92032265663147,2.7,38885.64
30.93272590637207,2.71,38897.39
30.945216178894043,2.7,38891.51
30.95706820487976,2.7,38868.02
30.969016313552856,2.7,38844.56
30.98105812072754,2.7,38850.42
30.99325203895569,2.7,38862.16
31.00229239463806,2.7,38868.02
31.014676570892334,2.7,38885.64
31.02706241607666,2.71,38897.39
31.0390625,2.7,38879.76
31.051713705062866,2.7,38891.51
31.06399154663086,2.7,38885.64
31.076370239257812,2.7,38879.76
31.088370084762573,2.71,38903.26
31.100688219070435,2.71,38903.26
31.112879037857056,2.7,38879.76
31.12404704093933,2.71,38897.39
31.13670015335083,2.71,38897.39
31.14899206161499,2.71,38909.13
31.15807008743286,2.71,38903.26
31.170340299606323,2.71,38973.82
31.18263292312622,2.71,38950.28
31.195082902908325,2.71,38956.17
31.206178426742554,2.71,38950.28
31.21841335296631,2.71,38909.13
31.230827569961548,2.71,38932.64
31.243086338043213,2.71,38920.89
31.255351066589355,2.71,38944.41
31.267972946166992,2.71,38944.41
31.280132055282593,2.71,38950.28
31.292320251464844,2.71,38915.01
31.30445408821106,2.71,38920.89
31.31332015991211,2.7,38891.51
31.326011896133423,2.71,38938.53
31.337192058563232,2.71,38932.64
31.349462032318115,2.71,38903.26
31.362138986587524,2.7,38891.51
31.374486684799194,2.71,38897.39
31.387303113937378,2.71,38909.13
31.399038553237915,2.71,38909.13
31.411874055862427,2.71,38915.01
31.42420983314514,2.71,38903.26
31.436145067214966,2.7,38885.64
31.448330640792847,2.71,38938.53
31.460445642471313,2.71,38909.13
31.472362756729126,2.71,38903.26
31.4813814163208,2.71,38915.01
31.49287748336792,2.71,38920.89
31.505447149276733,2.71,38903.26
31.517587423324585,2.71,38915.01
31.53006672859192,2.7,38891.51
31.54274082183838,2.71,38926.77
31.555381059646606,2.71,38903.26
31.567703008651733,2.71,38903.26
31.580207586288452,2.71,38903.26
31.591936826705933,2.71,38897.39
31.60399055480957,2.71,38920.89
31.615819454193115,2.7,38885.64
31.6279399394989,2.71,38926.77
31.636404991149902,2.7,38891.51
31.64905333518982,2.71,38944.41
31.661816120147705,2.71,38944.41
31.674262285232544,2.71,38938.53
31.68635106086731,2.71,38903.26
31.698948621749878,2.71,38920.89
31.710808992385864,2.71,38903.26
31.722652912139893,2.71,38926.77
31.734991788864136,2.71,38926.77
31.747392177581787,2.71,38944.41
31.75923252105713,2.71,38944.41
31.771533250808716,2.71,38938.53
31.783751487731934,2.71,38909.13
31.79227113723755,2.71,38909.13
31.804497480392456,2.71,38962.05
31.816929817199707,2.71,38973.82
31.829306840896606,2.71,38950.28
31.84223222732544,2.71,38944.41
31.854345083236694,2.71,38938.53
31.86672306060791,2.71,38938.53
31.878732204437256,2.71,38932.64
31.891292333602905,2.71,38915.01
31.903257846832275,2.71,38903.26
31.91547441482544,2.71,38920.89
31.92755675315857,2.71,38926.77
31.939362049102783,2.71,38920.89
31.948768377304077,2.71,38915.01
31.96058416366577,2.71,38915.01
31.972540616989136,2.71,38903.26
31.98443579673767,2.71,38926.77
31.996654272079468,2.7,38856.29
32.00884771347046,2.7,38891.51
32.021416664123535,2.71,38909.13
32.03366184234619,2.7,38879.76
32.045987367630005,2.7,38885.64
32.05830097198486,2.71,38897.39
32.070476770401,2.7,38879.76
32.08277153968811,2.7,38891.51
32.095152378082275,2.71,38920.89
32.1070876121521,2.71,38903.26
32.116562843322754,2.71,38909.13
32.12908744812012,2.71,38909.13
32.1410129070282,2.71,38938.53
32.15317726135254,2.71,38909.13
32.16577649116516,2.71,38926.77
32.17809748649597,2.71,38938.53
32.19002914428711,2.71,38944.41
32.20270776748657,2.71,38920.89
32.21371245384216,2.71,38920.89
32.225905418395996,2.71,38915.01
32.23808217048645,2.71,38950.28
32.250473976135254,2.71,38938.53
32.262686252593994,2.71,38938.53
32.27114796638489,2.71,38926.77
32.283610582351685,2.71,38985.6
32.2960045337677,2.71,38991.49
32.308063983917236,2.71,38973.82
32.32058525085449,2.71,38997.38
32.333091259002686,2.71,38979.72
32.345725774765015,2.71,38967.94
32.35821294784546,2.71,39015.06
32.370275259017944,2.71,38991.49
32.38266372680664,2.71,39003.27
32.394625425338745,2.71,39015.06
32.406697511672974,2.71,38979.72
32.418633460998535,2.71,39003.27
32.427979469299316,2.71,38985.6
32.43992519378662,2.71,39026.85
32.452407360076904,2.71,39062.24
32.46354103088379,2.71,39032.74
32.476288080215454,2.71,39044.53
32.48826003074646,2.71,39044.53
32.50075340270996,2.71,39020.95
32.513325214385986,2.71,39032.74
32.525967597961426,2.71,39044.53
32.53821086883545,2.71,39068.14
32.55026698112488,2.71,39050.44
32.56233739852905,2.71,39074.04
32.57443833351135,2.71,39074.04
32.58363938331604,2.71,39062.24
32.59578514099121,2.71,39074.04
32.60829281806946,2.71,39103.57
32.6202073097229,2.71,39079.94
32.632522106170654,2.71,39062.24
32.644904375076294,2.71,39085.84
32.65716886520386,2.71,39068.14
32.66933512687683,2.71,39032.74
32.681506633758545,2.71,39068.14
32.69404101371765,2.71,39062.24
32.70597815513611,2.71,39056.33
32.71758222579956,2.71,39068.14
32.72975516319275,2.71,39085.84
32.73844838142395,2.71,39056.33
32.75063347816467,2.71,39091.76
32.76329851150513,2.71,39091.76
32.77608394622803,2.71,39079.94
32.78807330131531,2.71,39074.04
32.800429821014404,2.71,39103.57
32.812782764434814,2.71,39085.84
32.82515287399292,2.71,39074.04
32.83718967437744,2.71,39074.04
32.84936022758484,2.71,39097.66
32.86183571815491,2.71,39103.57
32.87368822097778,2.71,39085.84
32.885775089263916,2.71,39079.94
32.89766979217529,2.71,39068.14
32.907121896743774,2.71,39074.04
32.91946625709534,2.71,39091.76
32.931638956069946,2.71,39074.04
32.9440233707428,2.71,39085.84
32.95628261566162,2.71,39068.14
32.96857714653015,2.71,39091.76
32.980650663375854,2.71,39103.57
32.99314022064209,2.71,39103.57
33.005260944366455,2.71,39097.66
33.01731204986572,2.71,39097.66
33.02928805351257,2.71,39103.57
33.041460275650024,2.71,39127.2
33.05320191383362,2.71,39127.2
33.0626335144043,2.71,39121.3
33.075079679489136,2.71,39109.48
33.08704853057861,2.71,39127.2
33.099409341812134,2.71,38903.26
33.11175537109375,2.7,38891.51
33.12299084663391,2.7,38832.83
33.13534498214722,2.7,38780.09
33.147645711898804,2.7,38785.94
33.16038393974304,2.7,38797.66
33.17255210876465,2.7,38762.53
33.1848680973053,2.7,38756.68
33.197101354599,2.7,38750.83
33.20912790298462,2.7,38780.09
33.21795201301575,2.7,38750.83
33.22942090034485,2.7,38739.13
33.24184846878052,2.7,38733.28
33.254132986068726,2.7,38762.53
33.266433000564575,2.7,38709.9
33.27955770492554,2.7,38715.75
33.29180645942688,2.7,38727.44
33.3034348487854,2.7,38698.21
33.315834522247314,2.7,38698.21
33.32821249961853,2.7,38709.9
33.340320348739624,2.7,38715.75
33.35259461402893,2.7,38709.9
33.36475443840027,2.7,38709.9
33.373971700668335,2.7,38709.9
33.38642907142639,2.7,38727.44
33.399927854537964,2.7,38727.44
33.410651206970215,2.7,38704.05
33.42314004898071,2.7,38709.9
33.43542814254761,2.7,38692.37
33.44654893875122,2.7,38698.21
33.45912194252014,2.7,38674.85
33.471275091171265,2.7,38704.05
33.4836311340332,2.7,38663.18
33.495949029922485,2.7,38692.37
33.508280754089355,2.7,38674.85
33.52035307884216,2.7,38674.85
33.529457569122314,2.7,38663.18
33.5418803691864,2.7,38715.75
33.554084062576294,2.7,38721.59
33.56633424758911,2.7,38692.37
33.57869625091553,2.7,38709.9
33.591015338897705,2.7,38686.53
33.60345649719238,2.7,38674.85
33.61580204963684,2.7,38686.53
33.62705612182617,2.7,38651.51
33.63942575454712,2.7,38657.35
33.6516215801239,2.7,38680.7
33.6639928817749,2.7,38692.37
33.67600464820862,2.7,38704.05
33.685330390930176,2.7,38692.37
33.697632789611816,2.7,38733.28
33.70970320701599,2.7,38709.9
33.721986055374146,2.7,38686.53
33.73332452774048,2.7,38709.9
33.74595022201538,2.7,38686.53
33.75894021987915,2.7,38692.37
33.77099394798279,2.7,38680.7
33.78357291221619,2.7,38715.75
33.795846939086914,2.7,38709.9
33.807403326034546,2.7,38704.05
33.8195641040802,2.7,38692.37
33.83174276351929,2.7,38686.53
33.84050917625427,2.7,38692.37
33.85288667678833,2.7,38698.21
33.865413665771484,2.7,38733.28
33.87765884399414,2.7,38709.9
33.890002965927124,2.7,38709.9
33.9025354385376,2.7,38721.59
33.91460347175598,2.7,38692.37
33.92709302902222,2.7,38739.13
33.93894171714783,2.7,38704.05
33.951292514801025,2.7,38686.53
33.963428020477295,2.7,38715.75
33.97552537918091,2.7,38715.75
33.98744559288025,2.7,38692.37
33.99654459953308,2.7,38733.28
34.00886821746826,2.7,38744.98
34.02088451385498,2.7,38762.53
34.033344984054565,2.7,38739.13
34.045700788497925,2.7,38715.75
34.05803680419922,2.7,38750.83
34.07025504112244,2.7,38739.13
34.082518339157104,2.7,38727.44
34.094818353652954,2.7,38739.13
34.10713315010071,2.7,38762.53
34.11902475357056,2.7,38756.68
34.13063097000122,2.7,38709.9
34.142739057540894,2.7,38762.53
34.15488910675049,2.7,38739.13
34.163838386535645,2.7,38768.39
34.1765718460083,2.7,38791.81
34.188969135284424,2.7,38809.38
34.20126819610596,2.7,38774.23
34.21354055404663,2.7,38803.52
34.22563052177429,2.7,38797.66
34.23699164390564,2.7,38803.52
34.24936008453369,2.7,38815.24
34.26167678833008,2.7,38809.38
34.27386212348938,2.7,38821.1
34.28599786758423,2.7,38821.1
34.29857087135315,2.7,38821.1
34.31076240539551,2.7,38809.38
34.319358110427856,2.7,38815.24
34.33160209655762,2.7,38826.96
34.34393668174744,2.7,38832.83
34.356245040893555,2.7,38832.83
34.36858010292053,2.7,38856.29
34.3813796043396,2.7,38850.42
34.39379334449768,2.7,38850.42
34.40608549118042,2.7,38862.16
34.41808199882507,2.7,38838.69
34.43028378486633,2.7,38838.69
34.442227602005005,2.7,38873.9
34.45404052734375,2.7,38862.16
34.46646738052368,2.7,38879.76
34.474873542785645,2.7,38879.76
34.4871506690979,2.71,38903.26
34.49970579147339,2.7,38891.51
34.51261782646179,2.7,38885.64
34.524797439575195,2.7,38873.9
34.537229776382446,2.7,38891.51
34.54945206642151,2.7,38868.02
34.5618941783905,2.71,38903.26
34.573941469192505,2.7,38885.64
34.58616805076599,2.7,38885.64
34.59821653366089,2.7,38891.51
34.61021304130554,2.71,38915.01
34.62230610847473,2.71,38897.39
34.63019514083862,2.71,38903.26
34.643569469451904,2.71,38938.53
34.655925989151,2.71,38932.64
34.66826343536377,2.71,38915.01
34.68041658401489,2.71,38967.94
34.692814350128174,2.71,38944.41
34.70489001274109,2.71,38944.41
34.71754240989685,2.71,38973.82
34.729551553726196,2.71,38938.53
34.74161100387573,2.71,38979.72
34.75388193130493,2.71,38985.6
34.76592946052551,2.71,38950.28
34.777801275253296,2.71,38991.49
34.78732466697693,2.71,38997.38
34.799152851104736,2.71,39009.17
34.811529874801636,2.71,39026.85
34.82359862327576,2.71,38991.49
34.835835456848145,2.71,39009.17
34.84815573692322,2.71,39009.17
34.86019325256348,2.71,39015.06
34.87297749519348,2.71,39020.95
34.88536834716797,2.71,38991.49
34.897592544555664,2.71,39044.53
34.909355878829956,2.71,39026.85
34.92154860496521,2.71,39026.85
34.933675050735474,2.71,39068.14
34.94555401802063,2.71,39068.14
34.95471811294556,2.71,39056.33
34.967270851135254,2.71,39062.24
34.9792845249176,2.71,39074.04
34.991863489151,2.71,39044.53
35.004379987716675,2.71,39056.33
35.01656365394592,2.71,39074.04
35.028796672821045,2.71,39091.76
35.0408148765564,2.71,39085.84
35.05316781997681,2.71,39085.84
35.06524419784546,2.71,39079.94
35.07729911804199,2.71,39062.24
35.08927392959595,2.71,39109.48
35.10122108459473,2.71,39139.03
35.11044692993164,2.71,39056.33
35.123026609420776,2.71,39085.84
35.13492131233215,2.71,39097.66
35.14747500419617,2.71,39097.66
35.15977621078491,2.71,39103.57
35.171767473220825,2.71,39074.04
35.18408560752869,2.71,39150.86
35.19634294509888,2.71,39127.2
35.2088828086853,2.71,39133.12
35.22083258628845,2.71,39144.94
35.23212432861328,2.71,39115.39
35.24431371688843,2.71,39115.39
35.25670576095581,2.71,39109.48
35.26514959335327,2.71,39121.3
35.27745747566223,2.71,39133.12
35.2898588180542,2.71,39168.61
35.30230140686035,2.71,39144.94
35.314555406570435,2.71,39162.69
35.3269522190094,2.71,39162.69
35.339115858078,2.71,39156.78
35.351396560668945,2.71,39144.94
35.363831996917725,2.71,39156.78
35.376140832901,2.71,39162.69
35.38836312294006,2.71,39139.03
35.40062212944031,2.71,39144.94
35.41241788864136,2.71,39127.2
35.421629667282104,2.71,39162.69
35.434205770492554,2.71,39192.3
35.44619059562683,2.71,39180.45
35.458704471588135,2.71,39186.37
35.47117209434509,2.71,39180.45
35.4833505153656,2.71,39150.86
35.49568462371826,2.71,39168.61
35.507750511169434,2.71,39198.22
35.52021384239197,2.72,39221.92
35.53199076652527,2.71,39192.3
35.54381227493286,2.72,39239.71
35.555994272232056,2.72,39227.85
35.56818103790283,2.72,39221.92
35.57666850090027,2.72,39233.77
35.589104413986206,2.72,39281.25
35.60150361061096,2.72,39251.56
35.614288091659546,2.72,39257.5
35.6267294883728,2.72,39257.5
35.63812303543091,2.72,39287.17
35.65038537979126,2.72,39263.43
35.66285562515259,2.72,39287.17
35.675360441207886,2.72,39299.06
35.68783617019653,2.72,39281.25
35.69993448257446,2.72,39299.06
35.7120156288147,2.72,39275.3
35.724036693573,2.72,39293.12
35.73329997062683,2.72,39299.06
35.74533987045288,2.72,39299.06
35.757009983062744,2.72,39334.72
35.76934623718262,2.72,39310.94
35.781593561172485,2.72,39352.55
35.79379200935364,2.72,39346.6
35.806323766708374,2.72,39328.76
35.81908321380615,2.72,39328.76
35.83134961128235,2.72,39346.6
35.843366861343384,2.72,39340.66
35.85541534423828,2.72,39358.5
35.86761140823364,2.72,39370.4
35.87956118583679,2.72,39370.4
35.888195514678955,2.72,39394.22
35.90082335472107,2.72,39400.17
35.913360357284546,2.72,39388.26
35.92559027671814,2.72,39394.22
35.938337087631226,2.72,39394.22
35.94998574256897,2.72,39370.4
35.96246147155762,2.72,39382.31
35.974705934524536,2.72,39358.5
35.987157344818115,2.72,39412.09
35.99922013282776,2.72,39483.66
36.01117730140686,2.72,39429.96
36.02329683303833,2.72,39435.93
36.035446882247925,2.72,39453.82
36.04736042022705,2.72,39465.76
36.056647062301636,2.72,39507.55
36.068909645080566,2.72,39495.61
36.08110046386719,2.72,39501.58
36.09356141090393,2.72,39483.66
36.10562181472778,2.72,39471.72
36.11854815483093,2.72,39483.66
36.129305601119995,2.72,39513.53
36.14257097244263,2.73,39531.46
36.15418362617493,2.72,39495.61
36.16651010513306,2.73,39561.36
36.17858600616455,2.73,39531.46
36.19080328941345,2.73,39543.42
36.203125,2.73,39543.42
36.212239503860474,2.73,39555.38
36.224528074264526,2.73,39579.31
36.23581600189209,2.73,39585.3
36.24801516532898,2.73,39549.39
36.26043438911438,2.73,39549.39
36.27271366119385,2.73,39567.34
36.285013914108276,2.73,39555.38
36.29753041267395,2.73,39543.42
36.309725761413574,2.73,39579.31
36.32201957702637,2.73,39561.36
36.33443570137024,2.73,39549.39
36.346641063690186,2.73,39573.33
36.358733892440796,2.72,39513.53
36.367263317108154,2.73,39561.36
36.37915802001953,2.73,39567.34
36.39173984527588,2.73,39549.39
36.40424656867981,2.73,39579.31
36.41629600524902,2.73,39561.36
36.42954444885254,2.73,39531.46
36.44166159629822,2.73,39549.39
36.454082012176514,2.73,39537.44
36.46633863449097,2.72,39525.48
36.478588819503784,2.73,39549.39
36.49027991294861,2.73,39561.36
36.502572536468506,2.73,39531.46
36.514628648757935,2.73,39543.42
36.52339768409729,2.73,39543.42
36.535308837890625,2.73,39561.36
36.547455072402954,2.73,39561.36
36.55962514877319,2.73,39567.34
36.57201075553894,2.73,39543.42
36.584638357162476,2.73,39543.42
36.59738492965698,2.73,39567.34
36.609697103500366,2.73,39555.38
36.6217360496521,2.73,39549.39
36.634140729904175,2.73,39549.39
36.64619278907776,2.73,39567.34
36.658286809921265,2.73,39561.36
36.67025876045227,2.73,39561.36
36.68220400810242,2.73,39549.39
36.69144558906555,2.73,39543.42
36.703852891922,2.73,39591.29
36.71621561050415,2.73,39555.38
36.72854709625244,2.73,39567.34
36.74058222770691,2.73,39543.42
36.752997398376465,2.73,39531.46
36.76533579826355,2.73,39543.42
36.776673793792725,2.72,39513.53
36.78903365135193,2.72,39501.58
36.80137872695923,2.72,39507.55
36.813660860061646,2.72,39513.53
36.825990200042725,2.73,39531.46
36.837854862213135,2.72,39489.64
36.84723997116089,2.72,39519.51
36.85855412483215,2.72,39519.51
36.87093949317932,2.72,39513.53
36.88332986831665,2.73,39537.44
36.89586400985718,2.72,39519.51
36.908406496047974,2.72,39489.64
36.92070698738098,2.72,39513.53
36.93311047554016,2.72,39513.53
36.94551467895508,2.72,39525.48
36.95754933357239,2.72,39501.58
36.969664096832275,2.72,39489.64
36.981698513031006,2.72,39501.58
36.993760108947754,2.72,39507.55
37.00277352333069,2.72,39507.55
37.01487684249878,2.72,39525.48
37.02622127532959,2.72,39501.58
37.03857183456421,2.72,39519.51
37.05076575279236,2.72,39513.53
37.06346654891968,2.72,39525.48
37.07577848434448,2.72,39489.64
37.087905168533325,2.72,39495.61
37.10006403923035,2.72,39483.66
37.11256265640259,2.72,39495.61
37.1245641708374,2.72,39507.55
37.13680171966553,2.72,39489.64
37.14925169944763,2.72,39489.64
37.16116285324097,2.72,39489.64
37.1706440448761,2.72,39477.69
37.1831796169281,2.72,39507.55
37.195242166519165,2.72,39471.72
37.207539558410645,2.72,39495.61
37.21996259689331,2.72,39495.61
37.23196220397949,2.72,39513.53
37.243321895599365,2.72,39471.72
37.255558490753174,2.72,39501.58
37.2680184841156,2.72,39483.66
37.28005838394165,2.72,39477.69
37.29245138168335,2.72,39495.61
37.30461597442627,2.72,39501.58
37.31715798377991,2.72,39477.69
37.32573485374451,2.72,39483.66
37.3381872177124,2.72,39489.64
37.35084414482117,2.72,39495.61
37.36283564567566,2.72,39471.72
37.374685764312744,2.72,39483.66
37.3870906829834,2.72,39477.69
37.39957857131958,2.72,39489.64
37.411792278289795,2.72,39501.58
37.42427611351013,2.72,39477.69
37.4367618560791,2.72,39507.55
37.448837995529175,2.72,39465.76
37.46067404747009,2.72,39471.72
37.4727623462677,2.72,39477.69
37.48201656341553,2.72,39495.61
37.49430465698242,2.72,39501.58
37.505587100982666,2.72,39513.53
37.518296241760254,2.72,39495.61
37.53031301498413,2.72,39465.76
37.54259729385376,2.72,39453.82
37.55496644973755,2.72,39453.82
37.56755757331848,2.72,39453.82
37.58012819290161,2.72,39453.82
37.59247374534607,2.72,39447.86
37.604398012161255,2.72,39465.76
37.61635899543762,2.72,39471.72
37.628549098968506,2.72,39435.93
37.63681745529175,2.72,39471.72
37.64991021156311,2.72,39465.76
37.662004470825195,2.72,39441.89
37.67445731163025,2.72,39453.82
37.686837911605835,2.72,39429.96
37.699222564697266,2.72,39441.89
37.71151351928711,2.72,39477.69
37.7234308719635,2.72,39412.09
37.73605132102966,2.72,39429.96
37.748206615448,2.72,39429.96
37.76019287109375,2.72,39394.22
37.77207851409912,2.72,39418.05
37.784093379974365,2.72,39435.93
37.79252481460571,2.72,39418.05
37.80483317375183,2.72,39453.82
37.81726670265198,2.72,39453.82
37.82985591888428,2.72,39424.01
37.8423638343811,2.72,39441.89
37.8546941280365,2.72,39412.09
37.86680006980896,2.72,39435.93
37.87892174720764,2.72,39435.93
37.89127969741821,2.72,39418.05
37.90345740318298,2.72,39441.89
37.915863275527954,2.72,39447.86
37.927897691726685,2.72,39406.13
37.93991279602051,2.72,39418.05
37.949058294296265,2.72,39429.96
37.96131229400635,2.72,39471.72
37.973405599594116,2.72,39435.93
37.98585033416748,2.72,39441.89
37.998212575912476,2.72,39435.93
38.01065993309021,2.72,39435.93
38.02268671989441,2.72,39465.76
38.035083055496216,2.72,39441.89
38.047406911849976,2.72,39424.01
38.05942678451538,2.72,39418.05
38.07161569595337,2.72,39447.86
38.083492279052734,2.72,39453.82
38.09564828872681,2.72,39429.96
38.107489824295044,2.72,39406.13
38.11678075790405,2.72,39441.89
38.12920093536377,2.72,39459.79
38.14140820503235,2.72,39429.96
38.15356087684631,2.72,39435.93
38.16613411903381,2.72,39435.93
38.17849016189575,2.72,39418.05
38.19049286842346,2.72,39424.01
38.2027792930603,2.72,39418.05
38.21508264541626,2.72,39447.86
38.2272253036499,2.72,39412.09
38.23849821090698,2.72,39406.13
38.25064039230347,2.72,39388.26
38.26284313201904,2.72,39483.66
38.27149057388306,2.72,39435.93
38.28377556800842,2.72,39465.76
38.29602861404419,2.72,39513.53
38.30859160423279,2.72,39489.64
38.321526527404785,2.72,39459.79
38.33392882347107,2.72,39489.64
38.3462073802948,2.72,39477.69
38.35828971862793,2.72,39441.89
38.37056350708008,2.72,39489.64
38.38198184967041,2.72,39519.51
38.39446496963501,2.72,39483.66
38.40663266181946,2.72,39501.58
38.418888568878174,2.72,39477.69
38.42771244049072,2.72,39513.53
38.44021821022034,2.73,39531.46
38.45287466049194,2.72,39525.48
38.464956283569336,2.72,39495.61
38.4773736000061,2.72,39525.48
38.489601373672485,2.72,39513.53
38.50078082084656,2.73,39537.44
38.5133056640625,2.72,39501.58
38.52577185630798,2.72,39525.48
38.5380494594574,2.73,39537.44
38.55043601989746,2.73,39531.46
38.56249809265137,2.73,39555.38
38.5747275352478,2.72,39519.51
38.58366250991821,2.73,39549.39
38.59612965583801,2.73,39549.39
38.60830903053284,2.73,39567.34
38.620577573776245,2.73,39567.34
38.63308620452881,2.73,39561.36
38.64514422416687,2.73,39567.34
38.65740466117859,2.73,39573.33
38.66981911659241,2.73,39585.3
38.68226742744446,2.73,39591.29
38.69425010681152,2.73,39567.34
38.706214427948,2.73,39561.36
38.71856236457825,2.73,39567.34
38.730472564697266,2.73,39591.29
38.742213010787964,2.73,39627.24
38.75203466415405,2.73,39627.24
38.76391959190369,2.73,39639.23
38.77626156806946,2.73,39627.24
38.7874596118927,2.73,39669.22
38.80017590522766,2.73,39627.24
38.81237292289734,2.73,39615.25
38.82478165626526,2.73,39621.24
38.83735918998718,2.73,39639.23
38.85009431838989,2.73,39645.22
38.862218141555786,2.73,39645.22
38.8739595413208,2.73,39621.24
38.885841846466064,2.73,39663.21
38.89814496040344,2.73,39645.22
38.907148599624634,2.73,39651.22
38.91954731941223,2.73,39669.22
38.93216586112976,2.73,39675.22
38.944552183151245,2.73,39657.22
38.95633339881897,2.73,39651.22
38.968817949295044,2.73,39681.23
38.980997800827026,2.73,39663.21
38.99332642555237,2.73,39663.21
39.00573444366455,2.73,39669.22
39.01685929298401,2.73,39687.22
39.029287576675415,2.73,39687.22
39.041449308395386,2.73,39699.23
39.05373406410217,2.73,39627.24
39.06247520446777,2.73,39699.23
39.07499575614929,2.73,39711.25
39.08762001991272,2.73,39711.25
39.099907875061035,2.73,39741.3
39.111905336380005,2.73,39741.3
39.1243052482605,2.73,39711.25
39.135716915130615,2.73,39711.25
39.148804903030396,2.73,39741.3
39.16125512123108,2.73,39717.25
39.173466205596924,2.73,39759.34
39.18540048599243,2.73,39723.27
39.197619915008545,2.73,39741.3
39.209599018096924,2.73,39741.3
39.21844291687012,2.73,39747.31
39.23096704483032,2.73,39765.36
39.24300956726074,2.73,39783.42
39.25433707237244,2.73,39753.33
39.26660466194153,2.73,39771.38
39.27905750274658,2.73,39765.36
39.291332721710205,2.73,39777.39
39.303624868392944,2.73,39765.36
39.3161096572876,2.73,39765.36
39.32839608192444,2.73,39771.38
39.34060978889465,2.73,39765.36
39.35296177864075,2.73,39759.34
39.365299224853516,2.73,39789.43
39.377112865448,2.73,39843.66
39.38640236854553,2.73,39795.46
39.39802145957947,2.73,39807.5
39.410459995269775,2.73,39789.43
39.42255711555481,2.73,39807.5
39.43525505065918,2.73,39795.46
39.44796371459961,2.73,39807.5
39.46031999588013,2.73,39807.5
39.472527503967285,2.73,39801.48
39.48463177680969,2.73,39813.53
39.49637293815613,2.73,39837.63
39.50840902328491,2.73,39825.58
39.52073836326599,2.73,39813.53
39.532938957214355,2.73,39813.53
39.541603565216064,2.73,39807.5
39.554285287857056,2.74,39855.73
39.5666708946228,2.74,39849.69
39.57901620864868,2.73,39831.6
39.59130859375,2.74,39873.82
39.603665351867676,2.73,39825.58
39.61633920669556,2.74,39904.01
