Time (s),Voltage (V),Resistance (Ohm)
0.0016493797302246094,3.48,75566.02
0.0029435157775878906,3.48,75445.63
0.004100799560546875,3.48,75848.03
0.005218029022216797,3.48,75525.85
0.006325721740722656,3.48,75673.29
0.007430076599121094,3.48,75673.29
0.00872182846069336,3.48,75432.25
0.009944677352905273,3.48,75807.65
0.011190652847290039,3.48,75512.49
0.012434005737304688,3.48,75686.71
0.013558387756347656,3.48,75552.64
0.014667034149169922,3.48,75418.9
0.015772581100463867,3.48,75753.87
0.01687765121459961,3.48,75552.64
0.017977237701416016,3.48,75606.23
0.019316911697387695,3.48,75539.25
0.02298712730407715,3.48,75432.25
0.024106979370117188,3.48,75848.03
0.025191545486450195,3.48,75659.88
0.02626943588256836,3.48,75713.56
0.027352333068847656,3.48,75566.02
0.02842402458190918,3.48,75472.35
0.029630661010742188,3.48,75659.88
0.03085947036743164,3.48,75512.49
0.03200817108154297,3.48,75633.05
0.03309822082519531,3.48,75512.49
0.03417849540710449,3.48,75418.9
0.03526186943054199,3.48,75700.14
0.03634047508239746,3.48,75592.82
0.037415266036987305,3.48,75619.62
0.0384974479675293,3.48,75525.85
0.03979301452636719,3.48,75499.1
0.04091382026672363,3.48,75767.31
0.041979312896728516,3.48,75633.05
0.04303336143493652,3.48,75646.46
0.044085025787353516,3.48,75592.82
0.045140743255615234,3.48,75352.16
0.04620027542114258,3.48,75727.0
0.047252655029296875,3.48,75418.9
0.04830646514892578,3.48,75579.42
0.049356937408447266,3.48,75566.02
0.0505673885345459,3.48,75432.25
0.05164813995361328,3.48,75727.0
0.0527188777923584,3.48,75432.25
0.05378222465515137,3.48,75673.29
0.054848670959472656,3.48,75619.62
0.05637216567993164,3.48,75432.25
0.0687103271484375,3.48,75512.49
0.08104419708251953,3.48,75485.73
0.09340548515319824,3.48,75659.88
0.10593175888061523,3.48,75579.42
0.11813569068908691,3.48,75405.53
0.13038277626037598,3.48,75552.64
0.1423358917236328,3.48,75499.1
0.154541015625,3.48,75686.71
0.16655516624450684,3.48,75512.49
0.17841887474060059,3.48,75392.19
0.18807244300842285,3.48,75539.25
0.1999669075012207,3.48,75606.23
0.2119913101196289,3.48,75659.88
0.22463440895080566,3.48,75659.88
0.2370145320892334,3.48,75338.81
0.24904417991638184,3.48,75606.23
0.2614128589630127,3.48,75405.53
0.27379751205444336,3.48,75659.88
0.2859518527984619,3.48,75592.82
0.2981090545654297,3.48,75405.53
0.310075044631958,3.48,75579.42
0.32229065895080566,3.48,75365.5
0.33419060707092285,3.48,75633.05
0.3461017608642578,3.48,75592.82
0.3554215431213379,3.48,75392.19
0.3675816059112549,3.48,75552.64
0.380403995513916,3.48,75392.19
0.39226484298706055,3.48,75821.12
0.40485620498657227,3.48,75552.64
0.41696619987487793,3.48,75378.83
0.42937660217285156,3.48,75499.1
0.44175195693969727,3.48,75312.14
0.45363736152648926,3.48,75700.14
0.4660167694091797,3.48,75552.64
0.4780600070953369,3.48,75365.5
0.49021339416503906,3.48,75525.85
0.5021877288818359,3.48,75298.82
0.5110366344451904,3.48,75686.71
0.5235323905944824,3.48,75659.88
0.5359077453613281,3.48,75418.9
0.5479304790496826,3.48,75592.82
0.5605638027191162,3.48,75445.63
0.5725917816162109,3.48,75659.88
0.5849905014038086,3.48,75525.85
0.5972380638122559,3.48,75365.5
0.6097817420959473,3.48,75566.02
0.6218628883361816,3.48,75405.53
0.6338019371032715,3.48,75727.0
0.6458678245544434,3.48,75512.49
0.6579201221466064,3.48,75365.5
0.6698572635650635,3.48,75499.1
0.6793067455291748,3.48,75378.83
0.6913900375366211,3.48,75753.87
0.702955961227417,3.48,75525.85
0.7151772975921631,3.48,75392.19
0.7275998592376709,3.48,75512.49
0.7400403022766113,3.48,75352.16
0.7525222301483154,3.48,75686.71
0.7648141384124756,3.48,75539.25
0.7772901058197021,3.48,75338.81
0.7886593341827393,3.48,75499.1
0.800835371017456,3.48,75232.22
0.8130044937133789,3.48,75673.29
0.825197696685791,3.48,75525.85
0.8337388038635254,3.48,75365.5
0.8460268974304199,3.48,75659.88
0.858349084854126,3.48,75352.16
0.8706150054931641,3.48,75753.87
0.8829095363616943,3.48,75592.82
0.8951809406280518,3.48,75365.5
0.9075174331665039,3.48,75539.25
0.9197697639465332,3.48,75392.19
0.9320189952850342,3.48,75686.71
0.9443478584289551,3.48,75445.63
0.9565238952636719,3.48,75432.25
0.9687299728393555,3.48,75485.73
0.9809210300445557,3.48,75392.19
0.9931676387786865,3.48,75619.62
1.0019011497497559,3.48,75499.1
1.0139896869659424,3.48,75432.25
1.0263159275054932,3.48,75525.85
1.0385973453521729,3.48,75432.25
1.0508360862731934,3.48,75686.71
1.063126802444458,3.48,75499.1
1.0753793716430664,3.48,75352.16
1.087693691253662,3.48,75499.1
1.099985122680664,3.48,75392.19
1.1122007369995117,3.48,75686.71
1.1244168281555176,3.48,75539.25
1.136610984802246,3.48,75325.48
1.1488416194915771,3.48,75512.49
1.1572990417480469,3.48,75338.81
1.1695916652679443,3.48,75713.56
1.1818993091583252,3.48,75606.23
1.1941452026367188,3.48,75472.35
1.2065246105194092,3.48,75592.82
1.2187645435333252,3.48,75312.14
1.2310097217559814,3.48,75673.29
1.2433276176452637,3.48,75485.73
1.2555880546569824,3.48,75392.19
1.2679057121276855,3.48,75458.99
1.280088186264038,3.48,75365.5
1.29229736328125,3.48,75646.46
1.3045318126678467,3.48,75392.19
1.316941738128662,3.48,75432.25
1.325279951095581,3.48,75472.35
1.3375723361968994,3.48,75458.99
1.3498587608337402,3.48,75807.65
1.3621432781219482,3.48,75499.1
1.3743786811828613,3.48,75472.35
1.3867237567901611,3.48,75539.25
1.3990459442138672,3.48,75365.5
1.4113106727600098,3.48,75740.42
1.4235796928405762,3.48,75472.35
1.435866117477417,3.48,75405.53
1.4479975700378418,3.48,75512.49
1.4602406024932861,3.48,75325.48
1.472416639328003,3.48,75753.87
1.4845943450927734,3.48,75458.99
1.4931707382202148,3.48,75472.35
1.5055460929870605,3.48,75592.82
1.5177199840545654,3.48,75445.63
1.5300636291503906,3.48,75740.42
1.5423731803894043,3.48,75512.49
1.554621934890747,3.48,75485.73
1.5669255256652832,3.48,75485.73
1.579211950302124,3.48,75298.82
1.5915424823760986,3.48,75646.46
1.603686809539795,3.48,75432.25
1.6159350872039795,3.48,75552.64
1.6280944347381592,3.48,75458.99
1.6402723789215088,3.48,75352.16
1.6487860679626465,3.48,75713.56
1.6610987186431885,3.48,75539.25
1.6734321117401123,3.48,75633.05
1.6857118606567383,3.48,75606.23
1.6979923248291016,3.48,75392.19
1.7102982997894287,3.48,75700.14
1.722593069076538,3.48,75472.35
1.734842300415039,3.48,75392.19
1.7471427917480469,3.48,75512.49
1.7593917846679688,3.48,75312.14
1.7716288566589355,3.48,75713.56
1.7837474346160889,3.48,75378.83
1.7959280014038086,3.48,75405.53
1.808138370513916,3.48,75405.53
1.816664695739746,3.48,75298.82
1.8290057182312012,3.48,75767.31
1.8412971496582031,3.48,75512.49
1.8535897731781006,3.48,75418.9
1.8659007549285889,3.48,75512.49
1.8781611919403076,3.48,75352.16
1.8905014991760254,3.48,75753.87
1.9027681350708008,3.48,75458.99
1.915027379989624,3.48,75539.25
1.9272828102111816,3.48,75539.25
1.9395151138305664,3.48,75352.16
1.951714277267456,3.48,75659.88
1.9638516902923584,3.48,75472.35
1.9760558605194092,3.48,75485.73
1.9846751689910889,3.48,75445.63
1.9970390796661377,3.48,75338.81
2.0093324184417725,3.48,75874.96
2.021595001220703,3.48,75472.35
2.033857822418213,3.48,75458.99
2.0461158752441406,3.48,75472.35
2.0584540367126465,3.48,75325.48
2.0707156658172607,3.48,75686.71
2.0830352306365967,3.48,75458.99
2.0952341556549072,3.48,75512.49
2.10741925239563,3.48,75418.9
2.119593858718872,3.48,75272.17
2.1317813396453857,3.48,75525.85
2.1402740478515625,3.48,75485.73
2.1525771617889404,3.48,75472.35
2.1648802757263184,3.48,75512.49
2.177159309387207,3.48,75405.53
2.189439535140991,3.48,75646.46
2.201704502105713,3.48,75485.73
2.2140088081359863,3.48,75525.85
2.226346254348755,3.48,75472.35
2.238546848297119,3.48,75365.5
2.250908613204956,3.48,75566.02
2.26313853263855,3.48,75432.25
2.2753829956054688,3.48,75539.25
2.2875242233276367,3.48,75512.49
2.299769878387451,3.48,75312.14
2.308504819869995,3.48,75659.88
2.320767879486084,3.48,75378.83
2.333073854446411,3.48,75485.73
2.345379114151001,3.48,75552.64
2.3575658798217773,3.48,75352.16
2.369835138320923,3.48,75713.56
2.382070302963257,3.48,75325.48
2.3944735527038574,3.48,75512.49
2.4066274166107178,3.48,75485.73
2.4188339710235596,3.48,75272.17
2.4309921264648438,3.48,75606.23
2.4432129859924316,3.48,75405.53
2.455423355102539,3.48,75432.25
2.4675984382629395,3.48,75485.73
2.476217269897461,3.48,75298.82
2.488924503326416,3.48,75499.1
2.501239538192749,3.48,75485.73
2.5137252807617188,3.48,75552.64
2.5259737968444824,3.48,75352.16
2.5387260913848877,3.48,75272.17
2.551044464111328,3.48,75499.1
2.563220500946045,3.48,75365.5
2.575573444366455,3.48,75499.1
2.587761402130127,3.48,75445.63
2.599616289138794,3.48,75312.14
2.6115596294403076,3.48,75512.49
2.623790740966797,3.48,75472.35
2.632819175720215,3.48,75472.35
2.645207643508911,3.48,75552.64
2.657500982284546,3.48,75338.81
2.669914722442627,3.48,75592.82
2.6818978786468506,3.47,75179.0
2.694286346435547,3.48,75512.49
2.7066705226898193,3.48,75499.1
2.7188639640808105,3.48,75245.53
2.731229305267334,3.48,75592.82
2.743439197540283,3.47,75165.71
2.7554354667663574,3.48,75539.25
2.767545461654663,3.48,75445.63
2.779334545135498,3.48,75378.83
2.7912111282348633,3.48,75418.9
2.799809694290161,3.47,75192.28
2.8120768070220947,3.48,75633.05
2.8243913650512695,3.48,75499.1
2.8366878032684326,3.48,75405.53
2.8491837978363037,3.48,75472.35
2.8615996837615967,3.48,75285.48
2.8740155696868896,3.48,75579.42
2.8863742351531982,3.48,75472.35
2.8986752033233643,3.48,75298.82
2.9108500480651855,3.48,75418.9
2.923243522644043,3.48,75258.85
2.9353935718536377,3.48,75525.85
2.947490930557251,3.48,75418.9
2.9564216136932373,3.48,75258.85
2.968778610229492,3.48,75566.02
2.9810359477996826,3.48,75352.16
2.9932873249053955,3.48,75619.62
3.005478620529175,3.48,75525.85
3.018052816390991,3.48,75325.48
3.0301103591918945,3.48,75418.9
3.0424065589904785,3.48,75285.48
3.0548319816589355,3.48,75512.49
3.0669212341308594,3.48,75445.63
3.0789644718170166,3.47,75165.71
3.091076135635376,3.48,75432.25
3.103191375732422,3.47,75192.28
3.114959478378296,3.48,75552.64
3.124376058578491,3.48,75485.73
3.1364941596984863,3.48,75445.63
3.1479275226593018,3.48,75445.63
3.1602253913879395,3.48,75258.85
3.172616958618164,3.48,75633.05
3.1851601600646973,3.48,75458.99
3.1977732181549072,3.48,75205.6
3.2100720405578613,3.48,75432.25
3.2240991592407227,3.47,75192.28
3.2347564697265625,3.48,75579.42
3.2468645572662354,3.48,75392.19
3.258667469024658,3.48,75338.81
3.270608901977539,3.48,75432.25
3.2799479961395264,3.47,75152.4
3.292263984680176,3.48,75727.0
3.3045177459716797,3.48,75686.71
3.3169329166412354,3.48,75418.9
3.329418420791626,3.48,75485.73
3.341407537460327,3.48,75338.81
3.353841543197632,3.48,75579.42
3.365852117538452,3.48,75432.25
3.3784031867980957,3.48,75285.48
3.3904712200164795,3.48,75432.25
3.4026081562042236,3.48,75312.14
3.414759874343872,3.48,75579.42
3.4264004230499268,3.48,75432.25
3.4385814666748047,3.48,75205.6
3.4477176666259766,3.48,75458.99
3.4601967334747314,3.48,75432.25
3.4725441932678223,3.48,75592.82
3.4846198558807373,3.48,75472.35
3.4969112873077393,3.48,75272.17
3.5094401836395264,3.48,75432.25
3.5217108726501465,3.48,75258.85
3.534029006958008,3.48,75619.62
3.546168804168701,3.48,75432.25
3.5584490299224854,3.48,75298.82
3.570509433746338,3.48,75418.9
3.5824038982391357,3.48,75258.85
3.5943071842193604,3.48,75579.42
3.603679656982422,3.48,75432.25
3.6157381534576416,3.48,75418.9
3.628237247467041,3.48,75552.64
3.6404974460601807,3.48,75418.9
3.652658462524414,3.48,75606.23
3.6650805473327637,3.48,75552.64
3.677316665649414,3.48,75392.19
3.689624309539795,3.48,75445.63
3.701712131500244,3.48,75285.48
3.714160680770874,3.48,75633.05
3.7261850833892822,3.48,75418.9
3.7382640838623047,3.48,75325.48
3.750260353088379,3.48,75499.1
3.762315034866333,3.48,75325.48
3.771395444869995,3.48,75633.05
3.7836062908172607,3.48,75525.85
3.795121192932129,3.48,75445.63
3.8073368072509766,3.48,75392.19
3.8196473121643066,3.48,75298.82
3.8319578170776367,3.48,75673.29
3.844261407852173,3.48,75392.19
3.8568458557128906,3.48,75338.81
3.8692495822906494,3.48,75432.25
3.8816328048706055,3.48,75272.17
3.893786907196045,3.48,75499.1
3.906357765197754,3.48,75378.83
3.918135166168213,3.48,75432.25
3.9272358417510986,3.48,75539.25
3.9392998218536377,3.48,75352.16
3.9516854286193848,3.48,75713.56
3.964060068130493,3.48,75458.99
3.9763712882995605,3.48,75365.5
3.988983392715454,3.48,75445.63
4.000760078430176,3.48,75285.48
4.013235807418823,3.48,75525.85
4.025250434875488,3.48,75405.53
4.037918567657471,3.48,75338.81
4.049659013748169,3.48,75418.9
4.061822891235352,3.48,75338.81
4.07388162612915,3.48,75633.05
4.085973262786865,3.48,75405.53
4.095030307769775,3.48,75418.9
4.107410907745361,3.48,75485.73
4.119727611541748,3.48,75352.16
4.132084131240845,3.48,75740.42
4.144297122955322,3.48,75378.83
4.15640115737915,3.48,75432.25
4.168806791305542,3.48,75418.9
4.181211233139038,3.47,75165.71
4.19341778755188,3.48,75713.56
4.205658674240112,3.48,75405.53
4.217643976211548,3.48,75432.25
4.2304158210754395,3.48,75485.73
4.241466283798218,3.48,75272.17
4.253363370895386,3.48,75606.23
4.262996435165405,3.48,75312.14
4.2753660678863525,3.48,75512.49
4.287508249282837,3.48,75485.73
4.299696207046509,3.48,75312.14
4.312127351760864,3.48,75633.05
4.3244469165802,3.48,75392.19
4.33693528175354,3.48,75392.19
4.349010467529297,3.48,75392.19
4.361378192901611,3.48,75245.53
4.373369216918945,3.48,75713.56
4.385460138320923,3.48,75298.82
4.397602081298828,3.48,75378.83
4.409484148025513,3.48,75378.83
4.418658494949341,3.48,75298.82
4.43097448348999,3.48,75767.31
4.4430320262908936,3.48,75418.9
4.455299377441406,3.48,75405.53
4.467811346054077,3.48,75352.16
4.4801201820373535,3.48,75298.82
4.49242377281189,3.48,75659.88
4.50471830368042,3.48,75405.53
4.5168609619140625,3.48,75405.53
4.529196739196777,3.48,75298.82
4.541239500045776,3.48,75218.9
4.553417921066284,3.48,75606.23
4.565154790878296,3.48,75365.5
4.577252626419067,3.48,75445.63
4.58645224571228,3.48,75392.19
4.599066734313965,3.48,75365.5
4.611221551895142,3.48,75619.62
4.6235032081604,3.48,75432.25
4.6357362270355225,3.48,75432.25
4.647950172424316,3.48,75472.35
4.6602983474731445,3.48,75218.9
4.672639608383179,3.48,75619.62
4.684967517852783,3.48,75418.9
4.697014331817627,3.48,75418.9
4.7090325355529785,3.48,75405.53
4.7208263874053955,3.48,75245.53
4.732890367507935,3.48,75633.05
4.741954565048218,3.48,75272.17
4.754568338394165,3.48,75525.85
4.766616106033325,3.48,75485.73
4.779043436050415,3.48,75298.82
4.79117751121521,3.48,75713.56
4.80269455909729,3.48,75232.22
4.814911603927612,3.48,75312.14
4.827270030975342,3.48,75365.5
4.839608669281006,3.48,75272.17
4.851839542388916,3.48,75392.19
4.864262819290161,3.48,75365.5
4.876553297042847,3.48,75432.25
4.888784885406494,3.48,75392.19
4.900881767272949,3.48,75312.14
4.910098314285278,3.48,75418.9
4.92240047454834,3.48,75472.35
4.9346795082092285,3.48,75525.85
4.947098731994629,3.48,75472.35
4.95914101600647,3.48,75205.6
4.9713568687438965,3.48,75392.19
4.98352575302124,3.48,75378.83
4.9960596561431885,3.48,75499.1
5.008263111114502,3.48,75405.53
5.020407438278198,3.48,75258.85
5.032605409622192,3.48,75405.53
5.044715404510498,3.47,75112.54
5.056819677352905,3.48,75405.53
5.068792343139648,3.48,75432.25
5.07811427116394,3.48,75205.6
5.090421438217163,3.48,75619.62
5.102662086486816,3.47,75165.71
5.11498498916626,3.48,75432.25
5.127296447753906,3.48,75365.5
5.139547824859619,3.47,75179.0
5.151643991470337,3.48,75378.83
5.164096117019653,3.48,75218.9
5.176416873931885,3.48,75485.73
5.188478231430054,3.48,75405.53
5.200418472290039,3.47,75179.0
5.212450981140137,3.48,75365.5
5.22453236579895,3.48,75218.9
5.23352313041687,3.48,75512.49
5.245852708816528,3.48,75539.25
5.258325099945068,3.48,75232.22
5.27061128616333,3.48,75365.5
5.282838821411133,3.48,75365.5
5.295182704925537,3.48,75445.63
5.307512998580933,3.48,75392.19
5.319732189178467,3.47,75192.28
5.331815958023071,3.48,75378.83
5.34374475479126,3.47,75152.4
5.35617208480835,3.48,75445.63
5.368224620819092,3.48,75338.81
5.380356788635254,3.48,75205.6
5.3892834186553955,3.48,75312.14
5.401517391204834,3.48,75272.17
5.41396164894104,3.48,75633.05
5.426287651062012,3.48,75405.53
5.438525438308716,3.48,75232.22
5.450571060180664,3.48,75405.53
5.462561845779419,3.47,75125.82
5.475182056427002,3.48,75472.35
5.487500190734863,3.48,75432.25
5.499706506729126,3.47,75179.0
5.5119688510894775,3.48,75352.16
5.524027347564697,3.47,75152.4
5.535882234573364,3.48,75552.64
5.547945499420166,3.48,75365.5
5.557257652282715,3.48,75205.6
5.569539308547974,3.48,75445.63
5.582076787948608,3.48,75245.53
5.5942299365997314,3.48,75418.9
5.606378078460693,3.48,75312.14
5.618695259094238,3.48,75232.22
5.63106632232666,3.48,75352.16
5.64318323135376,3.48,75245.53
5.655694246292114,3.48,75499.1
5.667649030685425,3.48,75405.53
5.679779767990112,3.48,75218.9
5.691839218139648,3.48,75378.83
5.7038304805755615,3.48,75232.22
5.713079214096069,3.48,75525.85
5.725054979324341,3.48,75445.63
5.737392425537109,3.48,75285.48
5.749793529510498,3.48,75472.35
5.762173414230347,3.48,75232.22
5.774414777755737,3.48,75579.42
5.786810874938965,3.48,75418.9
5.798661470413208,3.47,75179.0
5.810237169265747,3.48,75338.81
5.822470426559448,3.48,75205.6
5.834752559661865,3.48,75552.64
5.846922874450684,3.48,75285.48
5.85930609703064,3.48,75205.6
5.87147068977356,3.48,75365.5
5.88021183013916,3.48,75205.6
5.892801523208618,3.48,75499.1
5.90521240234375,3.48,75445.63
5.917616128921509,3.48,75298.82
5.929999351501465,3.48,75392.19
5.942327260971069,3.48,75232.22
5.954632043838501,3.48,75566.02
5.9666736125946045,3.48,75378.83
5.979167699813843,3.48,75298.82
5.991206645965576,3.48,75352.16
6.0034074783325195,3.48,75245.53
6.015099048614502,3.48,75499.1
6.027426719665527,3.48,75378.83
6.036412000656128,3.48,75325.48
6.048861265182495,3.48,75472.35
6.061122417449951,3.48,75285.48
6.073446750640869,3.48,75659.88
6.085582256317139,3.48,75365.5
6.098057270050049,3.48,75298.82
6.110318422317505,3.48,75352.16
6.122549772262573,3.48,75205.6
6.134809255599976,3.48,75512.49
6.1470324993133545,3.48,75338.81
6.159101963043213,3.48,75232.22
6.171182870864868,3.48,75338.81
6.1830291748046875,3.48,75218.9
6.195270538330078,3.48,75566.02
6.204512357711792,3.48,75325.48
6.21649169921875,3.48,75272.17
6.229016542434692,3.48,75405.53
6.241329908370972,3.48,75325.48
6.253563642501831,3.48,75525.85
6.26571798324585,3.48,75285.48
6.2781312465667725,3.48,75325.48
6.290430068969727,3.48,75352.16
6.302842617034912,3.48,75258.85
6.31498908996582,3.48,75458.99
6.326781988143921,3.48,75298.82
6.338823318481445,3.48,75298.82
6.350917816162109,3.48,75338.81
6.360090255737305,3.47,75152.4
6.372133731842041,3.48,75579.42
6.3845202922821045,3.48,75325.48
6.396961688995361,3.48,75378.83
6.409166574478149,3.48,75445.63
6.421461343765259,3.47,75192.28
6.433675050735474,3.48,75499.1
6.445849657058716,3.48,75258.85
6.458169937133789,3.48,75205.6
6.47061014175415,3.48,75352.16
6.482960939407349,3.48,75218.9
6.494789123535156,3.48,75592.82
6.506659507751465,3.48,75285.48
6.518553256988525,3.48,75272.17
6.527680397033691,3.48,75312.14
6.5402140617370605,3.48,75232.22
6.552513360977173,3.48,75619.62
6.5649096965789795,3.48,75378.83
6.577141761779785,3.48,75338.81
6.589333772659302,3.48,75285.48
6.601659774780273,3.47,75179.0
6.613936185836792,3.48,75646.46
6.6265599727630615,3.48,75325.48
6.638418436050415,3.48,75338.81
6.65035080909729,3.48,75365.5
6.662640571594238,3.47,75152.4
6.674588918685913,3.48,75566.02
6.683677911758423,3.48,75245.53
6.696118354797363,3.48,75458.99
6.708097457885742,3.48,75432.25
6.720478296279907,3.48,75258.85
6.732983589172363,3.48,75619.62
6.745113134384155,3.48,75298.82
6.757187604904175,3.48,75272.17
6.769579172134399,3.48,75312.14
6.782080173492432,3.47,75179.0
6.794047594070435,3.48,75566.02
6.805464267730713,3.48,75272.17
6.81757664680481,3.48,75312.14
6.829834461212158,3.48,75285.48
6.84199857711792,3.48,75205.6
6.850617170333862,3.48,75432.25
6.863083362579346,3.48,75392.19
6.875427484512329,3.48,75445.63
6.8879289627075195,3.48,75365.5
6.900159120559692,3.48,75205.6
6.9126269817352295,3.48,75485.73
6.925245046615601,3.48,75258.85
6.937592506408691,3.48,75418.9
6.949982166290283,3.48,75298.82
6.962057828903198,3.47,75099.25
6.974092483520508,3.48,75472.35
6.986126899719238,3.48,75258.85
6.99800705909729,3.48,75392.19
7.010096311569214,3.48,75312.14
7.019420623779297,3.47,75165.71
7.031919479370117,3.48,75713.56
7.043965816497803,3.48,75232.22
7.05601167678833,3.48,75392.19
7.06862998008728,3.48,75352.16
7.080719709396362,3.48,75232.22
7.093259811401367,3.48,75525.85
7.105548143386841,3.48,75232.22
7.117644786834717,3.48,75405.53
7.1298394203186035,3.48,75272.17
7.141946315765381,3.48,75232.22
7.154064893722534,3.48,75312.14
7.165998697280884,3.48,75258.85
7.175232648849487,3.48,75392.19
7.187317371368408,3.48,75378.83
7.199721336364746,3.48,75258.85
7.212051630020142,3.48,75378.83
7.224328279495239,3.48,75365.5
7.236556053161621,3.48,75378.83
7.248607158660889,3.48,75325.48
7.261230945587158,3.47,75152.4
7.273528337478638,3.48,75365.5
7.28550386428833,3.48,75245.53
7.297756195068359,3.48,75365.5
7.309528350830078,3.48,75298.82
7.321566581726074,3.48,75205.6
7.333732843399048,3.48,75418.9
7.343121528625488,3.47,75059.43
7.355340242385864,3.48,75445.63
7.367507696151733,3.48,75458.99
7.379749298095703,3.47,75179.0
7.392291307449341,3.48,75418.9
7.404550075531006,3.47,75099.25
7.416729688644409,3.48,75298.82
7.429150342941284,3.48,75298.82
7.441436767578125,3.47,75112.54
7.452874660491943,3.48,75378.83
7.465153217315674,3.47,75165.71
7.477592468261719,3.48,75378.83
7.489611625671387,3.48,75365.5
7.498514890670776,3.47,75112.54
7.510660886764526,3.48,75392.19
7.522970199584961,3.48,75232.22
7.53527569770813,3.48,75485.73
7.54753303527832,3.48,75298.82
7.559862375259399,3.47,75165.71
7.572093486785889,3.48,75312.14
7.584437608718872,3.47,75125.82
7.596349716186523,3.48,75392.19
7.608455181121826,3.48,75298.82
7.6207098960876465,3.47,75112.54
7.633021593093872,3.48,75378.83
7.645274877548218,3.47,75165.71
7.657336711883545,3.48,75472.35
7.666165113449097,3.48,75285.48
7.678494691848755,3.48,75245.53
7.691217660903931,3.48,75325.48
7.703442811965942,3.47,75085.98
7.715971946716309,3.48,75458.99
7.727441072463989,3.48,75365.5
7.739889144897461,3.47,75112.54
7.7523157596588135,3.48,75325.48
7.765053987503052,3.47,75099.25
7.776903867721558,3.48,75432.25
7.788984060287476,3.48,75272.17
7.800604820251465,3.47,75139.12
7.812694549560547,3.48,75258.85
7.824890375137329,3.47,75046.17
7.833557367324829,3.48,75352.16
7.845823526382446,3.48,75392.19
7.858150482177734,3.48,75245.53
7.870758533477783,3.48,75325.48
7.8833818435668945,3.47,75072.7
7.895581483840942,3.48,75472.35
7.908432722091675,3.48,75325.48
7.9205262660980225,3.47,75125.82
7.932907819747925,3.48,75312.14
7.94500470161438,3.47,75059.43
7.956986427307129,3.48,75485.73
7.968946695327759,3.48,75272.17
7.9811928272247314,3.47,75179.0
7.990143775939941,3.48,75338.81
8.002448797225952,3.47,75179.0
8.01501750946045,3.48,75499.1
8.026853799819946,3.48,75405.53
8.039308547973633,3.47,75099.25
8.051468849182129,3.48,75312.14
8.064183473587036,3.48,75218.9
8.075915098190308,3.48,75338.81
8.088397979736328,3.48,75285.48
8.100481986999512,3.47,75072.7
8.112406015396118,3.48,75245.53
8.124496698379517,3.47,75152.4
8.136785745620728,3.48,75392.19
8.14879035949707,3.48,75325.48
8.158175945281982,3.47,75019.65
8.170237302780151,3.48,75352.16
8.182397842407227,3.48,75218.9
8.194641828536987,3.48,75458.99
8.207006931304932,3.48,75312.14
8.219314098358154,3.47,75139.12
8.231574058532715,3.48,75312.14
8.243929862976074,3.47,75046.17
8.256180047988892,3.48,75458.99
8.26839280128479,3.48,75258.85
8.280659198760986,3.48,75245.53
8.29236626625061,3.48,75285.48
8.30435299873352,3.47,75099.25
8.313911199569702,3.48,75472.35
8.326128721237183,3.48,75365.5
8.338205814361572,3.48,75258.85
8.350882291793823,3.48,75378.83
8.362842082977295,3.47,75179.0
8.375283241271973,3.48,75432.25
8.387451410293579,3.48,75325.48
8.399983882904053,3.47,75192.28
8.411861181259155,3.48,75245.53
8.424344539642334,3.47,75152.4
8.436293601989746,3.48,75458.99
8.448375940322876,3.48,75272.17
8.460466861724854,3.47,75152.4
8.472470998764038,3.48,75285.48
8.48159408569336,3.47,75112.54
8.493936538696289,3.48,75472.35
8.506242036819458,3.48,75285.48
8.518404960632324,3.47,75152.4
8.53075623512268,3.48,75272.17
8.543125629425049,3.47,75165.71
8.555408954620361,3.48,75512.49
8.567915916442871,3.48,75298.82
8.580058097839355,3.47,75059.43
8.591844320297241,3.48,75245.53
8.604064702987671,3.47,75152.4
8.616186141967773,3.48,75472.35
8.62828278541565,3.48,75218.9
8.637269973754883,3.47,75165.71
8.649651288986206,3.48,75418.9
8.662069082260132,3.47,75165.71
8.674134731292725,3.48,75552.64
8.686411380767822,3.48,75458.99
8.69882607460022,3.48,75258.85
8.71123743057251,3.48,75285.48
8.723178625106812,3.47,75179.0
8.735428094863892,3.48,75485.73
8.74805760383606,3.48,75245.53
8.760028600692749,3.48,75218.9
8.77193570137024,3.48,75285.48
8.7839937210083,3.47,75125.82
8.79583740234375,3.48,75485.73
8.804282665252686,3.47,75152.4
8.816539764404297,3.48,75338.81
8.828760862350464,3.48,75298.82
8.8410964012146,3.48,75205.6
8.853435039520264,3.48,75525.85
8.865799903869629,3.48,75232.22
8.878314971923828,3.47,75179.0
8.89081335067749,3.48,75218.9
8.90314269065857,3.47,75165.71
8.915536165237427,3.48,75592.82
8.927754640579224,3.48,75272.17
8.939621686935425,3.48,75232.22
8.9518141746521,3.48,75258.85
8.960965633392334,3.47,75112.54
8.973252773284912,3.48,75619.62
8.985538244247437,3.48,75325.48
8.997570514678955,3.48,75298.82
9.010186672210693,3.48,75258.85
9.022454738616943,3.47,75099.25
9.035053491592407,3.48,75539.25
9.04706335067749,3.48,75285.48
9.059292078018188,3.48,75232.22
9.07159423828125,3.48,75245.53
9.083945751190186,3.47,75099.25
9.095523357391357,3.48,75499.1
9.107388496398926,3.48,75245.53
9.119360208511353,3.48,75232.22
9.128743171691895,3.48,75272.17
9.141186475753784,3.48,75205.6
9.153380870819092,3.48,75579.42
9.165796995162964,3.48,75205.6
9.178086757659912,3.48,75218.9
9.190500020980835,3.48,75258.85
9.202587366104126,3.47,75085.98
9.214984893798828,3.48,75418.9
9.227345705032349,3.48,75258.85
9.239293575286865,3.47,75192.28
9.25118374824524,3.48,75218.9
9.263495922088623,3.47,75085.98
9.275196075439453,3.48,75472.35
9.284642219543457,3.48,75258.85
9.297019958496094,3.48,75325.48
9.309229850769043,3.48,75325.48
9.321271896362305,3.47,75125.82
9.333577632904053,3.48,75539.25
9.346171379089355,3.48,75272.17
9.358381509780884,3.48,75245.53
9.370534658432007,3.48,75205.6
9.382670164108276,3.47,75099.25
9.394744634628296,3.48,75405.53
9.407022714614868,3.47,75165.71
9.419046401977539,3.48,75245.53
9.431316375732422,3.48,75232.22
9.443297624588013,3.47,75125.82
9.452199459075928,3.48,75525.85
9.464717149734497,3.48,75338.81
9.476786136627197,3.48,75298.82
9.489188194274902,3.48,75258.85
9.501736879348755,3.47,75125.82
9.513972520828247,3.48,75566.02
9.52601957321167,3.48,75258.85
9.538362741470337,3.48,75218.9
9.550818920135498,3.48,75245.53
9.563002347946167,3.47,75019.65
9.57513976097107,3.48,75312.14
9.586877346038818,3.48,75245.53
9.599209785461426,3.48,75378.83
9.611181020736694,3.48,75232.22
9.620362758636475,3.47,75125.82
9.632402420043945,3.48,75405.53
9.645039796829224,3.48,75325.48
9.657148599624634,3.48,75285.48
9.669260501861572,3.48,75285.48
9.681912183761597,3.47,75099.25
9.694069623947144,3.48,75352.16
9.706361532211304,3.47,75165.71
9.718567848205566,3.48,75245.53
9.73087191581726,3.48,75298.82
9.74277663230896,3.47,75099.25
9.754922151565552,3.48,75418.9
9.76700758934021,3.47,75059.43
9.778928995132446,3.48,75298.82
9.788182497024536,3.48,75218.9
9.80041241645813,3.47,75179.0
9.811907768249512,3.48,75592.82
9.824065685272217,3.47,75046.17
9.836320161819458,3.48,75272.17
9.848652839660645,3.48,75245.53
9.860950708389282,3.47,75112.54
9.874191761016846,3.48,75218.9
9.886385917663574,3.47,75099.25
9.898768424987793,3.48,75285.48
9.910606622695923,3.47,75192.28
9.922821521759033,3.47,75112.54
9.934573650360107,3.48,75218.9
9.944077253341675,3.47,75085.98
9.956234455108643,3.48,75392.19
9.968630313873291,3.48,75312.14
9.981159210205078,3.47,75192.28
9.992956638336182,3.48,75285.48
10.005412101745605,3.48,75205.6
10.01774525642395,3.48,75285.48
10.029866218566895,3.48,75232.22
10.042399883270264,3.47,75019.65
10.054479360580444,3.48,75218.9
10.066540241241455,3.47,74979.88
10.078460216522217,3.48,75325.48
10.090536117553711,3.48,75218.9
10.102450370788574,3.47,75059.43
10.112143993377686,3.47,75192.28
10.124060869216919,3.47,75006.39
10.136222839355469,3.48,75405.53
10.148483514785767,3.48,75205.6
10.160981893539429,3.47,75099.25
10.173056602478027,3.48,75272.17
10.185447216033936,3.47,75006.39
10.19790530204773,3.48,75272.17
10.210241794586182,3.48,75258.85
10.222252368927002,3.47,75046.17
10.234296798706055,3.48,75232.22
10.24635124206543,3.47,75046.17
10.258307456970215,3.47,75125.82
10.267463684082031,3.47,75179.0
10.279562950134277,3.48,75205.6
10.292014360427856,3.48,75258.85
10.304246664047241,3.47,75165.71
10.316798448562622,3.48,75338.81
10.329111099243164,3.48,75245.53
10.34125828742981,3.47,75032.91
10.353397607803345,3.48,75232.22
10.365924596786499,3.47,74993.14
10.377182483673096,3.48,75352.16
10.389545440673828,3.48,75205.6
10.401634216308594,3.47,75085.98
10.414042472839355,3.47,75179.0
10.426050424575806,3.47,75046.17
10.435384273529053,3.48,75325.48
10.447472333908081,3.48,75298.82
10.46006178855896,3.47,75059.43
10.47219204902649,3.48,75272.17
10.484577178955078,3.47,75006.39
10.49690318107605,3.47,75192.28
10.508135318756104,3.47,75125.82
10.520424604415894,3.47,75085.98
10.53306770324707,3.48,75245.53
10.545284271240234,3.47,75046.17
10.557539939880371,3.48,75352.16
10.569855213165283,3.48,75218.9
10.582074642181396,3.47,75085.98
10.591113328933716,3.48,75205.6
10.603285551071167,3.47,75072.7
10.615549325942993,3.48,75458.99
10.628087043762207,3.48,75258.85
10.640374422073364,3.47,75112.54
10.652302265167236,3.48,75205.6
10.664506196975708,3.47,74953.39
10.676736116409302,3.48,75378.83
10.68933916091919,3.47,75152.4
10.701558113098145,3.47,75085.98
10.713789463043213,3.47,75165.71
10.725738763809204,3.47,74900.44
10.737727403640747,3.48,75325.48
10.7497079372406,3.47,75152.4
10.759069442749023,3.47,75059.43
10.77104640007019,3.48,75378.83
10.78354787826538,3.47,75125.82
10.795958518981934,3.48,75432.25
10.807887554168701,3.48,75218.9
10.819495916366577,3.47,75019.65
10.831603288650513,3.47,75085.98
10.843981504440308,3.47,74993.14
10.85630202293396,3.48,75272.17
10.868501663208008,3.48,75232.22
10.88161325454712,3.47,75032.91
10.893539190292358,3.48,75232.22
10.905463457107544,3.47,75072.7
10.917447566986084,3.48,75298.82
10.926962614059448,3.48,75205.6
10.939181089401245,3.47,75112.54
10.951519250869751,3.48,75245.53
10.963910341262817,3.47,75072.7
10.975942134857178,3.48,75418.9
10.988210439682007,3.48,75325.48
11.000710487365723,3.47,75125.82
11.012951135635376,3.47,75139.12
11.025196313858032,3.47,74993.14
11.03727126121521,3.48,75312.14
11.049381017684937,3.47,75152.4
11.06139850616455,3.47,75139.12
11.073415994644165,3.47,75165.71
11.08248519897461,3.47,75059.43
11.094978332519531,3.48,75512.49
11.10725998878479,3.48,75272.17
11.119391202926636,3.47,75179.0
11.131526231765747,3.48,75245.53
11.144132137298584,3.47,75072.7
11.156407833099365,3.48,75338.81
11.168702840805054,3.47,75165.71
11.18073296546936,3.47,75085.98
11.19295048713684,3.47,75125.82
11.205082416534424,3.47,75059.43
11.21717119216919,3.48,75352.16
11.229318618774414,3.48,75232.22
11.241125583648682,3.47,75046.17
11.250610113143921,3.48,75232.22
11.262794733047485,3.47,75125.82
11.275070428848267,3.48,75458.99
11.287356853485107,3.48,75245.53
11.29971432685852,3.47,75085.98
11.311991214752197,3.47,75179.0
11.324116468429565,3.47,75046.17
11.336273193359375,3.48,75418.9
11.348825216293335,3.47,75165.71
11.360630512237549,3.47,75125.82
11.372570514678955,3.48,75205.6
11.385070323944092,3.47,75059.43
11.397027969360352,3.48,75378.83
11.40593695640564,3.47,75099.25
11.418429374694824,3.48,75272.17
11.430821418762207,3.48,75298.82
11.44297456741333,3.47,75085.98
11.455164432525635,3.48,75365.5
11.467886209487915,3.47,75112.54
11.479834794998169,3.47,75112.54
11.492366790771484,3.48,75258.85
11.504302740097046,3.47,74993.14
11.516703128814697,3.48,75405.53
11.528773546218872,3.47,75192.28
11.54079794883728,3.47,75152.4
11.552698135375977,3.47,75192.28
11.564961910247803,3.47,75072.7
11.57398247718811,3.48,75352.16
11.586123943328857,3.48,75312.14
11.598378658294678,3.47,75192.28
11.610981464385986,3.48,75218.9
11.623165369033813,3.47,75112.54
11.635552883148193,3.48,75405.53
11.648029327392578,3.47,75112.54
11.659968376159668,3.47,75085.98
11.672273397445679,3.48,75205.6
11.684632778167725,3.47,74966.64
11.696204423904419,3.48,75365.5
11.708565473556519,3.47,75139.12
11.720575094223022,3.47,75192.28
11.732432842254639,3.47,75139.12
11.742106676101685,3.47,75032.91
11.75415825843811,3.48,75579.42
11.766343355178833,3.48,75258.85
11.778889179229736,3.48,75218.9
11.791351795196533,3.47,75192.28
11.803219079971313,3.47,75046.17
11.814931869506836,3.48,75378.83
11.826900243759155,3.47,75165.71
11.83915090560913,3.47,74993.14
11.85137939453125,3.48,75205.6
11.863641262054443,3.47,74993.14
11.876052856445312,3.48,75325.48
11.888298749923706,3.47,75165.71
11.89696216583252,3.47,75125.82
11.909451961517334,3.48,75232.22
11.921765565872192,3.47,75085.98
11.934217929840088,3.48,75472.35
11.946779012680054,3.48,75232.22
11.959105014801025,3.47,75179.0
11.971223831176758,3.47,75165.71
11.98363471031189,3.47,75019.65
11.995678901672363,3.48,75312.14
12.008204936981201,3.47,75125.82
12.020097970962524,3.48,75205.6
12.032264709472656,3.47,75179.0
12.044308423995972,3.47,75032.91
12.056146621704102,3.48,75392.19
12.065741300582886,3.47,75072.7
12.078019380569458,3.48,75272.17
12.090184450149536,3.47,75192.28
12.1025869846344,3.47,75019.65
12.114819288253784,3.48,75352.16
12.127163171768188,3.48,75205.6
12.139257431030273,3.47,75192.28
12.151666641235352,3.47,75112.54
12.16402006149292,3.47,74993.14
12.176159143447876,3.48,75365.5
12.187962293624878,3.47,75046.17
12.200023889541626,3.47,75152.4
12.211762428283691,3.47,75112.54
12.220823287963867,3.47,74993.14
12.233577966690063,3.48,75512.49
12.245898485183716,3.47,75179.0
12.258119821548462,3.47,75179.0
12.270122766494751,3.48,75205.6
12.282564401626587,3.47,75019.65
12.294938564300537,3.47,75125.82
12.30721402168274,3.47,75139.12
12.319472312927246,3.48,75258.85
12.331841468811035,3.47,75165.71
12.343618154525757,3.47,75006.39
12.355446100234985,3.47,75179.0
12.367802381515503,3.47,75125.82
12.379777431488037,3.48,75272.17
12.388851881027222,3.47,75192.28
12.401407718658447,3.47,75019.65
12.413825035095215,3.48,75338.81
12.42601466178894,3.47,75125.82
12.438134908676147,3.48,75205.6
12.450339555740356,3.47,75179.0
12.462605953216553,3.47,74966.64
12.475173473358154,3.47,75112.54
12.487160205841064,3.47,74887.21
12.499520778656006,3.47,75192.28
12.511563777923584,3.47,75099.25
12.523645639419556,3.47,74993.14
12.535656452178955,3.48,75298.82
12.54465937614441,3.47,74900.44
12.556994199752808,3.48,75378.83
12.569381475448608,3.48,75205.6
12.581557750701904,3.47,75059.43
12.594038486480713,3.47,75179.0
12.606155395507812,3.47,75019.65
12.618218898773193,3.48,75258.85
12.62975788116455,3.47,75112.54
12.642065525054932,3.47,74953.39
12.65428376197815,3.47,75152.4
12.666466474533081,3.47,75006.39
12.678633213043213,3.48,75258.85
12.691138744354248,3.47,75046.17
12.7031888961792,3.47,74966.64
12.71203064918518,3.47,75099.25
12.724073648452759,3.47,75046.17
12.736732721328735,3.48,75312.14
12.749310731887817,3.48,75232.22
12.761924266815186,3.47,74979.88
12.774133205413818,3.47,75165.71
12.786620140075684,3.47,74940.14
12.798575639724731,3.48,75232.22
12.810742139816284,3.47,75125.82
12.822182416915894,3.47,74913.67
12.834285259246826,3.47,75139.12
12.846426486968994,3.47,74887.21
12.858704328536987,3.48,75245.53
12.867241621017456,3.47,75152.4
12.879533290863037,3.47,75046.17
12.891966819763184,3.47,75192.28
12.904524564743042,3.47,74887.21
12.91699767112732,3.48,75285.48
12.929610967636108,3.47,75165.71
12.942095518112183,3.47,74966.64
12.95415997505188,3.47,75125.82
12.966339111328125,3.47,74860.78
12.9788658618927,3.48,75272.17
12.990864992141724,3.47,75085.98
13.002982378005981,3.47,74953.39
13.015068769454956,3.47,75139.12
13.026922702789307,3.47,74860.78
13.03660798072815,3.48,75285.48
13.048376083374023,3.48,75258.85
13.060937643051147,3.47,75006.39
13.073204278945923,3.47,75179.0
13.085560083389282,3.47,74874.0
13.097752332687378,3.48,75245.53
13.110193252563477,3.47,75139.12
13.122411012649536,3.47,74953.39
13.134606838226318,3.47,75099.25
13.146825551986694,3.47,74993.14
13.15883994102478,3.47,75125.82
13.170618534088135,3.47,75112.54
13.182637691497803,3.47,74940.14
13.192058801651001,3.47,75165.71
13.203954458236694,3.47,75019.65
13.216482400894165,3.48,75352.16
13.228527069091797,3.47,75059.43
13.2409508228302,3.47,75019.65
13.25314712524414,3.47,75085.98
13.265621185302734,3.47,74900.44
13.27802300453186,3.48,75232.22
13.290432691574097,3.47,75059.43
13.302502393722534,3.47,74900.44
13.314276695251465,3.47,75152.4
13.326334476470947,3.47,74926.91
13.338710308074951,3.48,75338.81
13.350439548492432,3.47,75152.4
13.359581232070923,3.47,74926.91
13.371822834014893,3.48,75258.85
13.384395360946655,3.47,74979.88
13.396685600280762,3.48,75378.83
13.409121990203857,3.47,75179.0
13.42100977897644,3.47,75046.17
13.433511972427368,3.47,75165.71
13.446052551269531,3.47,74979.88
13.457761287689209,3.47,75179.0
13.470527410507202,3.47,75099.25
13.482333898544312,3.47,75032.91
13.494507312774658,3.47,75072.7
13.506266593933105,3.47,74979.88
13.51835036277771,3.48,75272.17
13.527797222137451,3.47,75099.25
13.540197372436523,3.47,75059.43
13.552289247512817,3.47,75179.0
13.564659357070923,3.47,74979.88
13.577016592025757,3.48,75245.53
13.589206218719482,3.47,75099.25
13.601460218429565,3.47,74993.14
13.613791227340698,3.47,75139.12
13.626171350479126,3.47,74979.88
13.638104915618896,3.48,75272.17
13.650134563446045,3.47,75099.25
13.66220211982727,3.47,74979.88
13.674301624298096,3.47,75112.54
13.683499574661255,3.47,74953.39
13.696038484573364,3.48,75365.5
13.707911014556885,3.47,75152.4
13.720362424850464,3.47,75112.54
13.73251986503601,3.47,75125.82
13.744542121887207,3.47,74953.39
13.757088422775269,3.48,75285.48
13.769412994384766,3.47,75125.82
13.781634092330933,3.47,75125.82
13.793992280960083,3.47,75072.7
13.805938720703125,3.47,75006.39
13.817777633666992,3.48,75272.17
13.829463481903076,3.47,75165.71
13.841581106185913,3.47,75099.25
13.85021686553955,3.47,75059.43
13.862580060958862,3.47,75019.65
13.874810934066772,3.48,75325.48
13.887091636657715,3.47,75099.25
13.899787664413452,3.47,75099.25
13.911969661712646,3.47,75152.4
13.924564599990845,3.47,74993.14
13.936981439590454,3.48,75365.5
13.949443817138672,3.47,75099.25
13.961629390716553,3.47,75046.17
13.97372817993164,3.47,75059.43
13.985881328582764,3.47,74940.14
13.99792742729187,3.48,75365.5
14.006848096847534,3.47,75099.25
14.019226312637329,3.47,75139.12
14.031524181365967,3.47,75165.71
14.043781280517578,3.47,74979.88
14.055370807647705,3.48,75272.17
14.067793846130371,3.47,75072.7
14.080095529556274,3.47,74913.67
14.092782497406006,3.47,74821.11
14.105118751525879,3.47,74662.82
14.117475032806396,3.47,75099.25
14.12969160079956,3.47,74755.11
14.14175009727478,3.47,74755.11
14.15356731414795,3.47,74728.72
14.165651321411133,3.47,74610.16
14.174787521362305,3.47,74913.67
14.187438249588013,3.47,74728.72
14.199563980102539,3.47,74755.11
14.211781978607178,3.47,74755.11
14.223830938339233,3.47,74544.4
14.236240148544312,3.47,74979.88
14.248752355575562,3.47,74676.0
14.26060175895691,3.47,74570.7
14.27330493927002,3.47,74728.72
14.285292387008667,3.47,74715.54
14.29714584350586,3.47,75006.39
14.309298992156982,3.47,74702.35
14.321261405944824,3.47,74715.54
14.333178520202637,3.47,74728.72
14.342468023300171,3.47,74610.16
14.354772567749023,3.47,75006.39
14.367039680480957,3.47,74781.5
14.378671884536743,3.47,74794.7
14.391268014907837,3.47,74755.11
14.403645753860474,3.47,74623.32
14.415706634521484,3.47,74900.44
14.428556203842163,3.47,74741.92
14.440892219543457,3.47,74728.72
14.452905178070068,3.47,74728.72
14.465251445770264,3.47,74649.66
14.477341413497925,3.47,75019.65
14.489378452301025,3.47,74768.31
14.498354196548462,3.47,74794.7
14.51072072982788,3.47,74926.91
14.522925853729248,3.47,74623.32
14.535083293914795,3.47,75112.54
14.547653675079346,3.47,74781.5
14.559919834136963,3.47,74755.11
14.571943521499634,3.47,74807.91
14.584678173065186,3.47,74676.0
14.59677004814148,3.47,75125.82
14.609232187271118,3.47,74794.7
14.620858192443848,3.47,74755.11
14.633127689361572,3.47,74728.72
14.645227432250977,3.47,74610.16
14.656994581222534,3.47,75032.91
14.666472434997559,3.47,74755.11
14.67839241027832,3.47,74821.11
14.690712928771973,3.47,74728.72
14.703274250030518,3.47,74583.85
14.715532541275024,3.47,74834.34
14.72779107093811,3.47,74610.16
14.739986181259155,3.47,74781.5
14.752592086791992,3.47,74662.82
14.764403104782104,3.47,74504.99
14.776525020599365,3.47,74768.31
14.788860082626343,3.47,74715.54
14.80092477798462,3.47,74649.66
14.812904357910156,3.47,74715.54
14.824734449386597,3.46,74465.61
14.833949565887451,3.47,74847.55
14.845574617385864,3.47,74768.31
14.857826471328735,3.47,74834.34
14.870101928710938,3.47,74847.55
14.882474184036255,3.47,74583.85
14.894718885421753,3.47,74913.67
14.907409191131592,3.47,74544.4
14.919547080993652,3.47,74741.92
14.93224024772644,3.47,74821.11
14.94477128982544,3.47,74570.7
14.956614971160889,3.47,74940.14
14.968777179718018,3.47,74610.16
14.980881690979004,3.47,74781.5
14.989933967590332,3.47,74689.17
15.002394914627075,3.47,74676.0
15.014430522918701,3.47,74755.11
15.026958227157593,3.47,74702.35
15.038960695266724,3.47,74834.34
15.051515340805054,3.47,74702.35
15.063675880432129,3.47,74676.0
15.075927972793579,3.47,74781.5
15.088082790374756,3.47,74689.17
15.100528955459595,3.47,74807.91
15.1123366355896,3.47,74715.54
15.124589920043945,3.47,74557.56
15.136694431304932,3.47,74781.5
15.148658514022827,3.47,74689.17
15.15780782699585,3.47,74847.55
15.17023754119873,3.47,74860.78
15.182589292526245,3.47,74557.56
15.194662809371948,3.47,74874.0
15.206976890563965,3.46,74478.74
15.219304323196411,3.47,74940.14
15.231688499450684,3.47,74755.11
15.243783712387085,3.47,74597.0
15.2560875415802,3.47,74847.55
15.268301725387573,3.47,74570.7
15.280272483825684,3.47,74834.34
15.292057275772095,3.47,74755.11
15.304322957992554,3.47,74597.0
15.313594579696655,3.47,74821.11
15.325826644897461,3.47,74623.32
15.338128805160522,3.47,74887.21
15.35039210319519,3.47,74847.55
15.362750768661499,3.47,74702.35
15.374975681304932,3.47,74807.91
15.387291193008423,3.47,74570.7
15.399340391159058,3.47,74807.91
15.411465883255005,3.47,74834.34
15.423758745193481,3.47,74518.12
15.43619680404663,3.47,74781.5
15.44749665260315,3.47,74583.85
15.459932088851929,3.47,74874.0
15.472114324569702,3.47,74755.11
15.481021881103516,3.47,74623.32
15.493789672851562,3.47,74874.0
15.505767345428467,3.47,74768.31
15.518311262130737,3.47,74913.67
15.530613899230957,3.47,74821.11
15.542662620544434,3.47,74544.4
15.554986476898193,3.47,74768.31
15.56744909286499,3.47,74623.32
15.579776763916016,3.47,74847.55
15.592027425765991,3.47,74755.11
15.604021072387695,3.47,74583.85
15.616066217422485,3.47,74794.7
15.62783432006836,3.47,74597.0
15.63718318939209,3.47,74966.64
15.649112939834595,3.47,74821.11
15.661558628082275,3.47,74715.54
15.673935651779175,3.47,74821.11
15.686250448226929,3.47,74557.56
15.698411226272583,3.47,75006.39
15.710917711257935,3.47,74781.5
15.723080396652222,3.47,74649.66
15.735279560089111,3.47,74794.7
15.74758505821228,3.47,74504.99
15.759824275970459,3.47,74966.64
15.771640062332153,3.47,74768.31
15.78380560874939,3.47,74610.16
15.795655965805054,3.47,74741.92
15.804651260375977,3.47,74531.27
15.817306995391846,3.47,75059.43
15.829623222351074,3.47,74768.31
15.841627359390259,3.47,74662.82
15.853136539459229,3.47,74807.91
15.865367412567139,3.47,74570.7
15.877743244171143,3.47,74979.88
15.890029907226562,3.47,74807.91
15.902296781539917,3.47,74689.17
15.914944887161255,3.47,74874.0
15.92726445198059,3.47,74689.17
15.939393997192383,3.47,75019.65
15.95154595375061,3.47,74794.7
15.963525772094727,3.47,74662.82
15.972904920578003,3.47,74860.78
15.985182523727417,3.47,74768.31
15.997418642044067,3.47,75072.7
16.00972819328308,3.47,74781.5
16.022207498550415,3.47,74662.82
16.034499168395996,3.47,74794.7
16.046768188476562,3.47,74636.49
16.058911085128784,3.47,74926.91
16.071362495422363,3.47,74821.11
16.08349871635437,3.47,74662.82
16.09546136856079,3.47,74768.31
16.10742735862732,3.47,74583.85
16.11943006515503,3.47,75059.43
16.128644704818726,3.47,74860.78
16.140771865844727,3.47,74834.34
16.15334463119507,3.47,74913.67
16.165181636810303,3.47,74702.35
16.177739143371582,3.47,75059.43
16.189918041229248,3.47,74860.78
16.202483415603638,3.47,74755.11
16.21463966369629,3.47,74847.55
16.227014303207397,3.47,74702.35
16.239116430282593,3.47,75085.98
16.251144409179688,3.47,74887.21
16.26326084136963,3.47,74781.5
16.275404691696167,3.47,74887.21
16.287368297576904,3.47,74715.54
16.296581029891968,3.47,74993.14
16.308881282806396,3.47,74940.14
16.320897579193115,3.47,74860.78
16.33322787284851,3.47,74913.67
16.34542989730835,3.47,74807.91
16.357936143875122,3.47,75085.98
16.369937896728516,3.47,74821.11
16.38240385055542,3.47,74728.72
16.39448881149292,3.47,74847.55
16.406721830368042,3.47,74676.0
16.41906762123108,3.47,75032.91
16.43101716041565,3.47,74834.34
16.443291425704956,3.47,74649.66
16.45484948158264,3.47,74807.91
16.46413803100586,3.47,74662.82
16.476461172103882,3.47,75125.82
16.488828659057617,3.47,74953.39
16.501253604888916,3.47,74847.55
16.513612031936646,3.47,74847.55
16.52584743499756,3.47,74689.17
16.538577795028687,3.47,75085.98
16.550562620162964,3.47,74860.78
16.562838554382324,3.47,74834.34
16.57481551170349,3.47,74807.91
16.58685851097107,3.47,74702.35
16.599002361297607,3.49,76226.32
16.611084938049316,3.47,74807.91
16.620316982269287,3.47,74926.91
16.632317781448364,3.47,74993.14
16.64477801322937,3.46,74295.27
16.6569242477417,3.49,75942.36
16.669135093688965,3.47,74676.0
16.68147087097168,3.47,74887.21
16.693941116333008,3.47,74874.0
16.706088542938232,3.46,74229.9
16.718287229537964,3.49,76063.86
16.730721712112427,3.47,74847.55
16.742834091186523,3.47,74807.91
16.754968404769897,3.47,74860.78
16.766521692276,3.46,74229.9
16.778774976730347,3.49,76063.86
16.788118362426758,3.47,74741.92
16.80022120475769,3.47,74807.91
16.812609910964966,3.47,74979.88
16.824800968170166,3.46,74295.27
16.836926698684692,3.49,76158.57
16.848455667495728,3.47,74728.72
16.86069965362549,3.47,75059.43
16.872994422912598,3.47,74887.21
16.8853178024292,3.46,74229.9
16.897547721862793,3.49,76090.91
16.910090446472168,3.47,74702.35
16.922122716903687,3.47,75099.25
16.934394121170044,3.47,74847.55
16.943233013153076,3.46,74242.96
16.955460786819458,3.49,76199.21
16.968114376068115,3.47,74781.5
16.980382680892944,3.47,75072.7
16.992886304855347,3.47,75006.39
17.00496554374695,3.46,74099.4
17.01730442047119,3.49,76117.96
17.02964162826538,3.47,74689.17
17.042004108428955,3.47,74993.14
17.05440092086792,3.47,74887.21
17.06620454788208,3.46,74190.72
17.07845187187195,3.49,76077.39
17.090423583984375,3.47,74676.0
17.102431058883667,3.47,75019.65
17.111612796783447,3.47,74900.44
17.123767137527466,3.46,74256.04
17.136197566986084,3.49,75969.33
17.148568868637085,3.47,74781.5
17.160998344421387,3.48,75245.53
17.17286777496338,3.47,74847.55
17.18535828590393,3.46,74125.46
17.197733402252197,3.49,76077.39
17.209998846054077,3.47,74741.92
17.222163438796997,3.47,75139.12
17.234050512313843,3.47,74794.7
17.246138095855713,3.46,74112.43
17.258247137069702,3.49,76185.66
17.270081520080566,3.47,74597.0
17.27969193458557,3.48,75218.9
17.291773796081543,3.47,75032.91
17.3041033744812,3.46,74216.82
17.316340446472168,3.49,76280.57
17.32867455482483,3.46,74465.61
17.340718746185303,3.47,75192.28
17.35291361808777,3.47,74874.0
17.365296602249146,3.46,74164.61
17.3774094581604,3.49,76185.66
17.38968777656555,3.47,74597.0
17.40182065963745,3.48,75205.6
17.41390037536621,3.47,74834.34
17.425914764404297,3.46,74138.52
17.435184478759766,3.47,75192.28
17.447282552719116,3.47,74715.54
17.459450244903564,3.48,75205.6
17.47213649749756,3.47,74913.67
17.4843966960907,3.46,74295.27
17.496448040008545,3.48,75392.19
17.50878095626831,3.47,74610.16
17.52113437652588,3.48,75619.62
17.533302545547485,3.47,74860.78
17.54565978050232,3.46,74112.43
17.55762004852295,3.48,75512.49
17.569636821746826,3.47,74597.0
17.581484079360962,3.48,75525.85
17.593680143356323,3.47,74847.55
17.60323405265808,3.46,74112.43
17.615494966506958,3.48,75686.71
17.627830982208252,3.45,73696.85
17.639780044555664,3.48,75539.25
17.652121543884277,3.47,74953.39
17.664443492889404,3.46,74099.4
17.67683172225952,3.48,75780.75
17.68946623802185,3.46,73930.21
17.70100235939026,3.48,75258.85
17.713093519210815,3.47,74834.34
17.725183248519897,3.46,74112.43
17.737231254577637,3.47,74821.11
17.749343633651733,3.46,73995.22
17.758392095565796,3.48,75325.48
17.770668029785156,3.47,74926.91
17.78298854827881,3.46,74216.82
17.79530692100525,3.47,74926.91
17.807565689086914,3.46,74190.72
17.819864749908447,3.48,75767.31
17.832109451293945,3.47,74794.7
17.844140768051147,3.46,74125.46
17.855906009674072,3.47,74940.14
17.868225812911987,3.46,74308.34
17.880493879318237,3.48,75713.56
17.892655849456787,3.47,74794.7
17.904903173446655,3.46,74125.46
17.91725730895996,3.47,74940.14
17.92591094970703,3.47,74504.99
17.93854570388794,3.48,75767.31
17.95101571083069,3.47,74887.21
17.963477611541748,3.46,74099.4
17.97586226463318,3.47,75152.4
17.98795986175537,3.45,73451.62
18.000389575958252,3.48,75606.23
18.01277756690979,3.47,74821.11
18.024699926376343,3.46,74034.26
18.03713345527649,3.47,75192.28
18.049122095108032,3.45,73464.49
18.0612211227417,3.48,75512.49
18.073067903518677,3.47,74821.11
18.08516573905945,3.46,74086.36
18.094507455825806,3.47,74807.91
18.10676097869873,3.45,73593.46
18.119149923324585,3.48,75592.82
18.131877899169922,3.47,74900.44
18.143657445907593,3.46,74125.46
18.15606379508972,3.47,74781.5
18.168424367904663,3.45,73554.73
18.18080973625183,3.49,75955.85
18.192904472351074,3.47,74821.11
18.204925298690796,3.46,74060.3
18.21697497367859,3.47,74847.55
18.228965997695923,3.45,73735.67
18.24086904525757,3.48,75901.91
18.25026249885559,3.47,74781.5
18.262471199035645,3.46,74151.55
18.274762630462646,3.47,74993.14
18.28696870803833,3.46,73943.21
18.299468994140625,3.48,75861.5
18.31165862083435,3.47,74860.78
18.323678731918335,3.46,74060.3
18.335989236831665,3.47,74807.91
18.34852647781372,3.46,73800.45
18.360361099243164,3.48,75807.65
18.372455596923828,3.47,74755.11
18.384750843048096,3.46,74047.29
18.396822690963745,3.47,74860.78
18.40870952606201,3.45,73670.98
18.41801691055298,3.48,75767.31
18.430448055267334,3.47,74926.91
18.44260883331299,3.46,74021.25
18.45523953437805,3.47,74874.0
18.467190265655518,3.45,73541.84
18.479557514190674,3.48,75740.42
18.491763830184937,3.47,74874.0
18.50415325164795,3.46,74008.24
18.516480684280396,3.47,74887.21
18.52850079536438,3.45,73464.49
18.540462493896484,3.49,75969.33
18.55268955230713,3.47,74794.7
18.564597129821777,3.46,74478.74
18.5736722946167,3.47,74807.91
18.586106538772583,3.45,73554.73
18.59839916229248,3.49,76117.96
18.610769271850586,3.47,74794.7
18.62296175956726,3.46,74400.02
18.635143995285034,3.47,74926.91
18.64747452735901,3.46,74086.36
18.659809112548828,3.49,76131.5
18.67197275161743,3.47,74834.34
18.684310913085938,3.46,74256.04
18.696722269058228,3.47,74926.91
18.708086729049683,3.46,74073.34
18.720101594924927,3.48,75821.12
18.732481718063354,3.47,74860.78
18.74157404899597,3.46,74229.9
18.753998517990112,3.47,75006.39
18.766173839569092,3.46,73995.22
18.77860736846924,3.49,76090.91
18.790619373321533,3.47,74755.11
18.803268909454346,3.46,74177.66
18.81536841392517,3.47,74900.44
18.827724933624268,3.46,73826.36
18.83976149559021,3.49,76199.21
18.85122847557068,3.47,74728.72
18.863457679748535,3.46,74086.36
18.87558126449585,3.47,74834.34
18.887821912765503,3.45,73722.73
18.896339893341064,3.49,76117.96
18.90865397453308,3.47,74926.91
18.922206163406372,3.47,74834.34
18.934172868728638,3.47,74940.14
18.946467638015747,3.45,73787.48
18.95892024040222,3.49,76104.45
18.97098159790039,3.47,74821.11
18.983290672302246,3.47,74702.35
18.995412588119507,3.47,74821.11
19.007809162139893,3.46,74060.3
19.02010440826416,3.49,76050.35
19.03201985359192,3.47,74689.17
19.0440354347229,3.47,74636.49
19.055997371673584,3.47,74860.78
19.065426111221313,3.46,74112.43
19.077472686767578,3.49,76158.57
19.090040683746338,3.47,74781.5
19.10224485397339,3.47,74570.7
19.11455249786377,3.47,74887.21
19.12687587738037,3.46,74060.3
19.139156103134155,3.49,75928.87
19.1513409614563,3.47,74781.5
19.163705348968506,3.47,74570.7
19.175833225250244,3.47,74913.67
19.18780493736267,3.46,74229.9
19.19980263710022,3.49,76239.88
19.21190071105957,3.47,74755.11
19.22377061843872,3.46,74347.63
19.233200073242188,3.47,74926.91
19.245605945587158,3.46,74308.34
19.25769019126892,3.49,76199.21
19.27010154724121,3.47,74768.31
19.282467365264893,3.47,74966.64
19.294659852981567,3.47,74821.11
19.30682921409607,3.46,74047.29
19.31911587715149,3.49,76158.57
19.331419229507446,3.47,74755.11
19.343363046646118,3.47,74900.44
19.355642080307007,3.47,74874.0
19.367555618286133,3.46,74060.3
19.379755973815918,3.49,76117.96
19.388773202896118,3.47,74676.0
19.400930404663086,3.47,74993.14
19.41323685646057,3.47,74953.39
19.425564765930176,3.46,74073.34
19.43798828125,3.49,76199.21
19.449995756149292,3.47,74623.32
19.462302446365356,3.47,74741.92
19.47402548789978,3.47,74860.78
19.486772537231445,3.46,74047.29
19.49904465675354,3.49,76280.57
19.51133704185486,3.47,74636.49
19.523316383361816,3.47,74728.72
19.535463094711304,3.47,74807.91
19.547385692596436,3.46,73995.22
19.557018280029297,3.49,76321.31
19.568931818008423,3.47,74821.11
19.581350326538086,3.47,75099.25
19.593435764312744,3.47,74900.44
19.60597538948059,3.46,74060.3
19.618374347686768,3.49,76253.45
19.630484342575073,3.47,74741.92
19.64280366897583,3.47,75046.17
19.655059099197388,3.47,74900.44
19.66707754135132,3.46,74060.3
19.679238080978394,3.49,76199.21
19.691216230392456,3.47,74676.0
19.70338225364685,3.47,74993.14
19.71526288986206,3.47,74807.91
19.724470376968384,3.46,74060.3
19.73713183403015,3.49,76443.67
19.749014377593994,3.47,74623.32
19.76152753829956,3.47,75006.39
19.77363109588623,3.47,74715.54
19.786209106445312,3.46,73943.21
19.7981538772583,3.49,76104.45
19.810359716415405,3.47,74636.49
19.822667121887207,3.47,74940.14
19.834761142730713,3.47,74860.78
19.84683132171631,3.46,74073.34
19.858856916427612,3.48,75888.43
19.87064290046692,3.47,74518.12
19.87916088104248,3.47,74755.11
19.89140295982361,3.47,74860.78
19.90372347831726,3.46,74334.53
19.916079998016357,3.49,76063.86
19.928316831588745,3.47,74715.54
19.940603733062744,3.48,75245.53
19.95288610458374,3.47,74807.91
19.96517777442932,3.46,74125.46
19.977723121643066,3.49,76090.91
19.989887237548828,3.47,74583.85
20.0022554397583,3.47,75179.0
20.01442551612854,3.47,74874.0
20.026861429214478,3.46,74125.46
20.038923263549805,3.49,76294.14
20.048179388046265,3.46,74282.2
20.060531616210938,3.47,75139.12
20.07313060760498,3.47,74953.39
20.085179090499878,3.46,74242.96
20.097686529159546,3.49,76362.07
20.10970973968506,3.47,74531.27
20.12197232246399,3.47,75072.7
20.134400606155396,3.47,74728.72
20.146718978881836,3.32,65086.57
20.158798217773438,3.35,66810.96
20.17058801651001,3.42,71331.33
20.182682514190674,3.39,69771.72
20.194764375686646,3.39,69556.14
20.20391869544983,3.42,71232.48
20.216334342956543,3.39,69508.36
20.228245973587036,3.4,70229.84
20.240617990493774,3.41,70643.21
20.25304675102234,3.4,69879.86
20.265450716018677,3.42,71109.17
20.277515411376953,3.44,72519.8
20.28986644744873,3.43,72317.75
20.30224084854126,3.43,72179.29
20.314438581466675,3.39,69412.91
20.32643961906433,3.39,69615.92
20.338542222976685,3.43,72317.75
20.350456714630127,3.37,68176.57
20.359631538391113,3.43,72154.15
20.372031688690186,3.42,71716.21
20.38423442840576,3.45,73143.46
20.396313905715942,3.44,73028.37
20.408678770065308,3.44,72849.82
20.420751810073853,3.44,72990.04
20.432904481887817,3.43,72091.36
20.445351362228394,3.4,70278.31
20.457598447799683,3.42,71741.13
20.470093965530396,3.4,69988.23
20.48213529586792,3.43,72355.58
20.494219064712524,3.41,70631.02
20.506061792373657,3.44,72595.78
20.51823329925537,3.45,73207.52
20.52739143371582,3.44,72760.77
20.53978943824768,3.46,73917.22
20.552173614501953,3.46,73826.36
20.564276456832886,3.42,71616.6
20.576497077941895,3.44,73002.82
20.588918209075928,3.44,72735.35
20.60121488571167,3.47,74491.85
20.6135036945343,3.4,70120.98
20.625765800476074,3.39,69580.05
20.637957096099854,3.38,68808.64
20.649996995925903,3.37,68025.57
20.661983966827393,3.39,69687.78
20.673898220062256,3.4,70314.68
20.686047315597534,3.4,70229.84
20.69548225402832,3.45,73207.52
20.70754647254944,3.42,71244.82
20.719958782196045,3.43,71890.95
20.732261896133423,3.43,71966.0
20.744659662246704,3.38,68679.25
20.75658941268921,3.43,71953.49
20.76925015449524,3.4,70024.39
20.781285047531128,3.4,70436.13
20.79359769821167,3.4,70241.96
20.805878400802612,3.38,68962.0
20.81783699989319,3.41,70998.43
20.829911947250366,3.4,69976.17
20.841967344284058,3.41,70863.41
20.850948810577393,3.38,68855.79
20.86288070678711,3.37,68351.35
20.874600410461426,3.37,68223.11
20.88684630393982,3.4,70266.19
20.899194478988647,3.44,72875.28
20.911484003067017,3.42,71604.17
20.924023389816284,3.41,71023.02
20.93646216392517,3.43,72418.68
20.948489904403687,3.36,67517.82
20.960630416870117,3.43,72254.77
20.972952604293823,3.38,68585.35
20.985448122024536,3.36,67517.82
20.997583866119385,3.36,67690.35
21.009496688842773,3.34,66450.01
21.019307374954224,3.38,69044.77
21.031166553497314,3.36,67552.28
21.043424606323242,3.34,66675.31
21.055880784988403,3.36,67483.39
21.068326950073242,3.35,66754.39
21.080142974853516,3.42,71158.45
21.0925555229187,3.4,70375.37
21.105191707611084,3.39,69222.57
21.117254495620728,3.41,70728.74
21.1293888092041,3.4,69891.89
21.141136646270752,3.43,71803.5
21.15342378616333,3.44,72519.8
21.1653995513916,3.42,71653.94
21.17441749572754,3.39,69353.36
21.186896085739136,3.32,65338.67
21.19894552230835,3.37,68515.03
21.211410999298096,3.35,66958.35
21.223851203918457,3.35,66709.17
21.236276626586914,3.35,67060.64
21.248245000839233,3.32,65448.69
21.260512113571167,3.37,68433.14
21.272952556610107,3.35,66878.94
21.285098791122437,3.34,66562.53
21.2970073223114,3.35,67037.9
21.30900764465332,3.33,66002.47
21.32125186920166,3.37,68304.68
21.330257654190063,3.35,66901.62
21.342262029647827,3.34,66551.26
21.354565143585205,3.35,67037.9
21.367109537124634,3.33,66002.47
21.379394054412842,3.37,68293.02
21.391461849212646,3.34,66675.31
21.4039306640625,3.34,66158.66
21.41601252555847,3.35,66799.65
21.428234577178955,3.33,65758.05
21.440945625305176,3.37,67956.03
21.452475786209106,3.34,66528.76
21.464555978775024,3.33,65980.21
21.477001905441284,3.34,66630.16
21.488712787628174,3.32,65349.67
21.498049020767212,3.36,67840.34
21.51037359237671,3.34,66225.75
21.522698163986206,3.32,65360.65
21.534818410873413,3.34,66225.75
21.547255039215088,3.32,65053.78
21.559484004974365,3.36,67517.82
21.57190775871277,3.33,65935.71
21.584468126296997,3.33,66058.19
21.596513271331787,3.33,66047.05
21.608484268188477,3.32,65042.86
21.62062692642212,3.36,67357.33
21.63259530067444,3.33,65824.59
21.64472723007202,3.33,65802.39
21.653746604919434,3.33,65758.05
21.666083097457886,3.32,65010.09
21.678303956985474,3.36,67323.02
21.69090962409973,3.33,65647.34
21.70272469520569,3.33,65603.13
21.715206384658813,3.33,65791.31
21.727511405944824,3.31,64857.51
21.739898681640625,3.35,67094.79
21.752198696136475,3.32,65459.7
21.764047384262085,3.32,65437.67
21.77622103691101,3.33,65614.17
21.788296461105347,3.31,64759.67
21.80041813850403,3.35,67265.86
21.80933427810669,3.32,65426.67
21.821825742721558,3.33,65824.59
21.833950757980347,3.33,65691.59
21.846312999725342,3.31,64683.71
21.858569622039795,3.35,67049.26
21.870609045028687,3.32,65426.67
21.88215160369873,3.33,65636.28
21.894405126571655,3.32,65492.76
21.90671420097351,3.31,64532.14
21.91899824142456,3.35,66981.07
21.93111228942871,3.32,65031.93
21.943674564361572,3.32,65492.76
21.955588817596436,3.32,65327.69
21.96795892715454,3.31,64370.27
21.97672390937805,3.35,66765.71
21.98935556411743,3.32,64988.26
22.001721620559692,3.32,65415.65
22.014240980148315,3.32,65119.38
22.026381492614746,3.3,64241.16
22.03903555870056,3.34,66528.76
22.051164627075195,3.31,64792.27
22.06339406967163,3.31,64868.4
22.075572967529297,3.32,64966.46
22.087956190109253,3.3,64058.82
22.099780321121216,3.34,66337.75
22.111812353134155,3.31,64618.7
22.123894691467285,3.32,65228.9
22.133062601089478,3.31,64814.01
22.145302295684814,3.3,64016.03
22.157575845718384,3.34,66371.39
22.169999599456787,3.31,64618.7
22.182143449783325,3.32,65108.44
22.19451379776001,3.31,64748.82
22.206902980804443,3.3,63930.53
22.219067573547363,3.34,66147.49
22.23128843307495,3.3,64219.67
22.24328875541687,3.31,64890.18
22.255414247512817,3.31,64803.13
22.267549753189087,3.3,63791.94
22.279518604278564,3.34,66203.37
22.28864026069641,3.3,64284.15
22.301241397857666,3.32,65021.02
22.313146591186523,3.31,64607.86
22.325318574905396,3.29,63738.73
22.337901830673218,3.32,65064.7
22.35016679763794,3.3,64262.65
22.362373113632202,3.31,64781.4
22.374661684036255,3.31,64499.73
22.387047290802002,3.29,63632.5
22.39923405647278,3.32,65283.76
22.410860538482666,3.3,64230.41
22.422845363616943,3.32,65152.21
22.435222864151,3.31,64478.12
22.444171667099,3.29,63717.46
22.45661735534668,3.32,65174.12
22.468581199645996,3.3,64262.65
22.4810733795166,3.32,65108.44
22.49320936203003,3.31,64402.6
22.505640506744385,3.29,63515.92
22.51805353164673,3.32,65371.66
22.530446529388428,3.29,63252.0
22.5423686504364,3.32,65108.44
22.55476713180542,3.3,64273.4
22.56691884994507,3.29,63515.92
22.57888150215149,3.32,65459.7
22.590960264205933,3.29,63325.76
22.602915048599243,3.31,64890.18
22.61219596862793,3.3,64284.15
22.62446689605713,3.29,63579.48
22.636943817138672,3.31,64348.72
22.649176120758057,3.29,63494.75
22.6612548828125,3.32,65294.74
22.673542022705078,3.3,64327.19
22.686066150665283,3.31,64402.6
22.69832134246826,3.32,65316.69
22.71039056777954,3.31,64586.21
22.722692251205444,3.34,66225.75
22.734554767608643,3.32,65481.74
22.74667739868164,3.31,64727.1
22.75857377052307,3.33,65724.8
22.767827033996582,3.3,64273.4
22.780211687088013,3.34,66337.75
22.79216694831848,3.3,64069.53
22.803719520568848,3.29,63262.53
22.815968990325928,3.3,64294.91
22.82866907119751,3.28,62697.26
22.841193437576294,3.25,61231.87
22.853621006011963,3.21,59082.32
22.86587691307068,3.22,59479.07
22.87732458114624,3.23,60154.55
22.889487266540527,3.2,58746.31
22.90170669555664,3.24,60700.09
22.913867950439453,3.24,60510.91
22.922481060028076,3.22,59859.66
22.934919834136963,3.24,60829.98
22.947067260742188,3.21,59227.07
22.959320068359375,3.26,61627.05
22.972054481506348,3.23,60352.19
22.98481774330139,3.22,59898.87
22.996635675430298,3.24,60710.06
23.009366273880005,3.22,59449.92
23.021536350250244,3.26,61586.37
23.033953428268433,3.24,60600.43
23.045806884765625,3.23,59957.75
23.058143615722656,3.24,60650.23
23.069957494735718,3.22,59810.69
23.08208918571472,3.25,61403.72
23.091469764709473,3.23,60253.26
23.103819370269775,3.22,59820.47
23.116178035736084,3.24,60930.12
23.128310441970825,3.23,59957.75
23.140727519989014,3.26,61769.72
23.15295433998108,3.24,60849.98
23.164997816085815,3.23,60352.19
23.177307844161987,3.24,61000.36
23.189770221710205,3.23,60095.43
23.20190453529358,3.25,61474.66
23.213736295700073,3.24,60530.8
23.22577714920044,3.22,59830.27
23.237916469573975,3.24,60660.2
23.2470805644989,3.21,59294.78
23.259174823760986,3.26,61637.22
23.271746158599854,3.24,60540.73
23.284016132354736,3.22,59703.14
23.296347618103027,3.24,60491.04
23.30862808227539,3.22,59440.22
23.320979356765747,3.25,61525.4
23.333245754241943,3.23,60352.19
23.34542226791382,3.23,60332.39
23.35753035545349,3.23,60381.91
23.369547128677368,3.22,59742.22
23.381640672683716,3.25,61191.52
23.393304586410522,3.23,60213.76
23.402432680130005,3.23,59987.21
23.41478419303894,3.23,60322.5
23.427042484283447,3.22,59517.96
23.439600229263306,3.25,61070.69
23.451986074447632,3.23,60115.12
23.46389412879944,3.26,61759.51
23.476104021072388,3.27,62262.15
23.488773584365845,3.26,61627.05
23.500997066497803,3.28,62686.84
23.51317071914673,3.25,61363.22
23.52503991127014,3.26,61586.37
23.537022590637207,3.27,62582.91
23.548985719680786,3.27,62169.44
23.561214923858643,3.29,63664.34
23.57067584991455,3.27,62489.57
23.582704782485962,3.26,61759.51
23.59512186050415,3.27,62531.03
23.6075119972229,3.26,62035.82
23.62000608444214,3.29,63685.59
23.63197660446167,3.28,62676.44
23.644268035888672,3.27,62489.57
23.65664553642273,3.27,62200.32
23.66917324066162,3.26,61902.58
23.681050062179565,3.29,63230.96
23.69295024871826,3.27,62303.42
23.70509099960327,3.27,62355.05
23.71707844734192,3.26,61902.58
23.72608780860901,3.25,61413.85
23.738608598709106,3.28,63052.39
23.75084948539734,3.26,61739.1
23.76313614845276,3.26,62005.04
23.77554988861084,3.27,62107.72
23.787688970565796,3.25,61322.77
23.799965858459473,3.28,62801.43
23.812233209609985,3.26,61810.55
23.824620246887207,3.26,61688.14
23.83681607246399,3.26,61728.91
23.84880304336548,3.24,60789.97
23.86072540283203,3.28,62811.85
23.872678995132446,3.25,61322.77
23.88161039352417,3.25,61515.25
23.893213033676147,3.26,61586.37
23.90546703338623,3.24,60860.0
23.917766094207764,3.27,62551.78
23.930068254470825,3.25,61151.21
23.942312955856323,3.26,61606.7
23.954954624176025,3.25,61363.22
23.967395782470703,3.24,60880.02
23.979649305343628,3.28,62864.05
23.99189853668213,3.25,61292.45
24.00461435317993,3.26,61902.58
24.016555547714233,3.25,61494.95
24.028499841690063,3.24,60730.03
24.040440797805786,3.27,62624.46
24.050017595291138,3.25,61151.21
24.0618577003479,3.25,61505.09
24.074385166168213,3.25,61413.85
24.086505651474,3.24,60829.98
24.098954916000366,3.28,62666.04
24.11100435256958,3.25,61494.95
24.123245239257812,3.26,61861.67
24.135486364364624,3.25,61484.82
24.14794611930847,3.24,60860.0
24.160022497177124,3.27,62169.44
24.172122716903687,3.25,61050.58
24.184325456619263,3.26,61596.53
24.196202039718628,3.25,61151.21
24.205379009246826,3.24,60510.91
24.2177734375,3.27,62210.61
24.230040073394775,3.24,60700.09
24.24246644973755,3.25,61282.35
24.254693508148193,3.24,60829.98
24.26684331893921,3.24,60600.43
24.279145002365112,3.26,61892.35
24.29154682159424,3.23,60352.19
24.30386734008789,3.24,60740.02
24.31600546836853,3.23,60431.48
24.327895164489746,3.23,60006.87
24.33988380432129,3.26,61851.44
24.351994514465332,3.23,60213.76
24.361038208007812,3.24,60720.05
24.373375415802002,3.24,60690.1
24.385762929916382,3.23,60372.01
24.397971391677856,3.24,60819.96
24.41009259223938,3.23,60421.57
24.422765493392944,3.25,61191.52
24.434751749038696,3.24,60960.21
24.447168111801147,3.23,60352.19
24.459177255630493,3.25,61363.22
24.47156858444214,3.24,60970.25
24.483296632766724,3.25,61525.4
24.49531865119934,3.25,61302.56
24.507700204849243,3.24,60740.02
24.516828775405884,3.26,61841.22
24.52885937690735,3.24,60980.28
24.541340351104736,3.26,61820.78
24.55343794822693,3.25,61444.25
24.56584882736206,3.23,60471.18
24.577788829803467,3.26,61902.58
24.589872121810913,3.23,60401.73
24.602433919906616,3.26,61892.35
24.61465549468994,3.25,61343.0
24.62704586982727,3.23,60451.33
24.63931441307068,3.26,61933.3
24.65133786201477,3.23,60282.93
24.663386583328247,3.25,61332.88
24.675164937973022,3.24,60750.0
24.68461585044861,3.23,60144.69
24.696974277496338,3.24,60930.12
24.70954418182373,3.23,60362.09
24.721789360046387,3.25,61343.0
24.733762979507446,3.24,61010.39
24.746087789535522,3.23,60372.01
24.758451223373413,3.24,60580.52
24.770859718322754,3.22,59732.45
24.782886505126953,3.24,60730.03
24.7949960231781,3.21,59111.23
24.80711579322815,3.2,58717.62
24.819180011749268,3.22,59595.85
24.83117699623108,3.22,59673.85
24.840431213378906,3.24,60720.05
24.852707862854004,3.23,60322.5
24.864945650100708,3.21,59401.39
24.876975774765015,3.23,60105.27
24.888635635375977,3.21,58957.23
24.900784015655518,3.23,60016.7
24.913026332855225,3.21,59159.46
24.92529058456421,3.18,57706.07
24.937639474868774,3.2,58794.16
24.949864149093628,3.17,57407.86
24.9623384475708,3.21,59401.39
24.974504947662354,3.21,59323.83
24.986509561538696,3.2,58918.8
24.995544910430908,3.22,59693.38
25.00821876525879,3.2,58899.6
25.020378828048706,3.24,60710.06
25.032893180847168,3.22,59840.06
25.045039653778076,3.22,59440.22
25.057339906692505,3.22,59800.91
25.069838285446167,3.2,58794.16
25.082222938537598,3.24,60880.02
25.094202995300293,3.23,59957.75
25.106330394744873,3.21,59265.76
25.1185359954834,3.22,59625.08
25.130540132522583,3.21,58986.06
25.1423442363739,3.23,60322.5
25.151793241500854,3.21,59333.52
25.163790941238403,3.2,58842.06
25.176378965377808,3.22,59459.63
25.188345432281494,3.19,58403.25
25.20088005065918,3.22,59732.45
25.21313738822937,3.2,58832.47
25.225422382354736,3.19,58043.91
25.237377405166626,3.2,58650.75
25.25002932548523,3.18,57650.0
25.26207160949707,3.21,59005.3
25.273929834365845,3.18,57855.91
25.286180019378662,3.17,57259.49
25.298171997070312,3.18,57659.34
25.307296752929688,3.16,56725.73
25.31948471069336,3.2,58698.5
25.331891536712646,3.18,57500.83
25.343873023986816,3.17,57056.29
25.35646629333496,3.16,56826.47
25.36881422996521,3.14,55811.15
25.381145238876343,3.18,57687.37
25.393089294433594,3.16,56670.87
25.405646562576294,3.16,56488.5
25.41779088973999,3.16,56616.08
25.42979884147644,3.14,55945.79
25.44185757637024,3.18,57556.72
25.453855752944946,3.16,56570.47
25.465612173080444,3.16,56452.1
25.474849939346313,3.15,56388.5
25.487107515335083,3.14,55793.22
25.49989366531372,3.17,57213.23
25.511818647384644,3.15,56171.12
25.52424430847168,3.14,55909.84
25.53665328025818,3.15,56062.82
25.548912286758423,3.13,55365.25
25.56117057800293,3.17,56973.42
25.573243141174316,3.14,55659.03
25.585286140441895,3.13,55436.28
25.59763765335083,3.14,55525.25
25.609270095825195,3.11,54252.53
25.621423482894897,3.13,55400.75
25.630831718444824,3.11,54399.85
25.64333701133728,3.11,54451.97
25.655303716659546,3.11,54382.5
25.667624473571777,3.1,53625.55
25.68005633354187,3.13,55073.4
25.69221043586731,3.11,54097.09
25.704517364501953,3.11,54166.11
25.716936826705933,3.1,53899.27
25.728995084762573,3.09,53404.39
25.741152048110962,3.12,54757.21
25.753254652023315,3.1,53727.99
25.765365600585938,3.1,53916.44
25.777202606201172,3.1,53822.12
25.786473274230957,3.09,53311.18
25.798871994018555,3.12,54669.78
25.810790061950684,3.1,53685.28
25.823246002197266,3.1,53770.75
25.8356192111969,3.1,53753.64
25.848095417022705,3.08,53100.06
25.860002517700195,3.12,54608.68
25.872401237487793,3.09,53591.45
25.8848819732666,3.1,53967.98
25.89661717414856,3.1,53727.99
25.908140420913696,3.09,53192.83
25.920345067977905,3.12,54730.96
25.932573795318604,3.1,53668.2
25.941124200820923,3.11,54114.34
25.953365564346313,3.11,54174.74
25.965923309326172,3.11,54278.49
25.97827982902527,3.15,56234.41
25.990723371505737,3.12,54941.37
26.00284457206726,3.13,55188.13
26.01558756828308,3.12,54871.13
26.027984380722046,3.11,54330.47
26.040420055389404,3.15,55972.76
26.05246329307556,3.12,54906.24
26.06474995613098,3.13,55170.46
26.07656168937683,3.13,55170.46
26.088664531707764,3.12,54573.81
26.09782600402832,3.15,56116.93
26.110315561294556,3.12,54967.75
26.12208867073059,3.12,54958.95
26.134525537490845,3.12,54941.37
26.146944522857666,3.12,54556.38
26.159149408340454,3.14,55596.55
26.171502828598022,3.12,54915.02
26.183744192123413,3.14,55685.84
26.1959810256958,3.14,55847.0
26.208287477493286,3.15,56008.76
26.220303058624268,3.17,57389.29
26.232144117355347,3.15,56261.56
26.244304180145264,3.17,56964.21
26.256265878677368,3.15,56361.27
26.265453815460205,3.14,55909.84
26.277742385864258,3.16,56643.46
26.29011106491089,3.13,55055.77
26.3025324344635,3.14,55685.84
26.31485867500305,3.13,55276.6
26.32706928253174,3.12,54827.28
26.339425563812256,3.16,56606.96
26.351463317871094,3.14,55882.91
26.364024877548218,3.16,56780.65
26.377371072769165,3.16,56716.58
26.38794255256653,3.14,55936.81
26.400049686431885,3.16,56698.29
26.412096738815308,3.15,56053.8
26.42127013206482,3.16,56606.96
26.43359351158142,3.16,56534.02
26.445655345916748,3.15,56125.96
26.45791721343994,3.16,56716.58
26.47015118598938,3.15,56415.76
26.482795476913452,3.17,57176.25
26.494823932647705,3.15,56198.23
26.507250547409058,3.13,55320.9
26.519638776779175,3.15,56162.07
26.53173851966858,3.14,55945.79
26.54370093345642,3.16,56606.96
26.555644750595093,3.14,55659.03
26.56773543357849,3.13,55029.35
26.57711386680603,3.14,55507.44
26.589256763458252,3.11,54330.47
26.60168170928955,3.14,55650.1
26.613726139068604,3.12,54879.9
26.62613606452942,3.1,54045.41
26.63810682296753,3.13,55073.4
26.650464057922363,3.1,53736.54
26.66287922859192,3.13,55276.6
26.675204515457153,3.12,54748.46
26.68770170211792,3.12,54556.38
26.699461460113525,3.12,54994.14
26.711382627487183,3.1,53864.97
26.72354531288147,3.14,55543.07
26.73260259628296,3.12,54713.47
26.744784116744995,3.11,54122.96
26.75720977783203,3.11,54373.82
26.769378900527954,3.1,53804.99
26.781514883041382,3.13,55082.21
26.793991088867188,3.11,54295.81
26.806107997894287,3.1,53933.61
26.81864047050476,3.12,54591.24
26.830875158309937,3.1,53976.57
26.843045234680176,3.13,55170.46
26.855041980743408,3.11,54166.11
26.867148399353027,3.09,53370.48
26.87923836708069,3.09,53463.82
26.88818907737732,3.08,52797.85
26.900266408920288,3.11,54183.39
26.911822080612183,3.09,53167.5
26.92406177520752,3.07,52290.6
26.936384677886963,3.07,52555.96
26.948675632476807,3.05,51683.24
26.960953950881958,3.08,52965.48
26.973437309265137,3.07,52315.41
26.98583745956421,3.06,51895.65
26.998271226882935,3.07,52506.07
27.010272979736328,3.05,51797.48
27.022593021392822,3.09,53548.87
27.03484034538269,3.08,52931.91
27.046753644943237,3.09,53370.48
27.056077241897583,3.1,53787.87
27.068363666534424,3.08,53032.71
27.080788612365723,3.12,54634.85
27.093108415603638,3.1,53779.3
27.105141639709473,3.09,53446.83
27.117509603500366,3.09,53489.32
27.12984585762024,3.08,52906.74
27.142216682434082,3.1,53985.17
27.154268264770508,3.09,53192.83
27.166103839874268,3.08,52889.97
27.17847204208374,3.09,53260.42
27.190521478652954,3.07,52630.89
27.202392101287842,3.1,53762.19
27.2115581035614,3.08,52889.97
27.224170684814453,3.07,52630.89
27.23638129234314,3.08,52982.28
27.248695135116577,3.06,52257.55
27.260701417922974,3.09,53599.96
27.273152351379395,3.07,52605.89
27.285595655441284,3.07,52340.23
27.297930240631104,3.07,52705.93
27.310502767562866,3.06,52026.89
27.32193350791931,3.09,53362.0
27.334153652191162,3.07,52614.22
27.34622859954834,3.07,52564.27
27.35825204849243,3.07,52447.96
27.36759352684021,3.06,51920.22
27.381308555603027,3.09,53167.5
27.392051458358765,3.06,52265.82
27.404338359832764,3.06,52158.55
27.416724920272827,3.06,51903.84
27.42878246307373,3.04,51068.4
27.440794706344604,3.07,52282.33
27.453105449676514,3.04,51342.36
27.465494394302368,3.04,51342.36
27.47772455215454,3.04,51245.46
27.48984980583191,3.03,50692.62
27.501981496810913,3.05,51781.14
27.513993978500366,3.03,50812.18
27.5231671333313,3.03,50876.1
27.535475492477417,3.04,50988.17
27.547688484191895,3.02,50407.05
27.56005573272705,3.05,51691.39
27.572388887405396,3.03,50708.55
27.584269285202026,3.03,50636.94
27.596895694732666,3.03,50740.4
27.609164714813232,3.02,50170.56
27.621497869491577,3.05,51593.69
27.633472681045532,3.03,50613.09
27.645601987838745,3.03,50684.66
27.657649517059326,3.03,50605.16
27.669366359710693,3.02,50217.76
27.681602478027344,3.04,51301.96
27.69094729423523,3.02,50438.68
27.703293800354004,3.03,50628.99
27.715380668640137,3.03,50573.39
27.727670431137085,3.01,50068.5
27.740225553512573,3.04,51334.26
27.752479314804077,3.02,50335.96
27.76466679573059,3.02,50517.87
27.777096271514893,3.02,50391.24
27.789336681365967,3.01,49927.6
27.80130171775818,3.04,51197.1
27.813311100006104,3.02,50170.56
27.825414657592773,3.02,50494.1
27.83729910850525,3.02,50375.44
27.846532821655273,3.01,49896.35
27.85913610458374,3.03,50948.11
27.871143579483032,3.02,50194.16
27.883670330047607,3.02,50494.1
27.895594358444214,3.02,50257.12
27.90719962120056,3.01,49740.47
27.91936206817627,3.03,50948.11
27.931654691696167,3.01,49982.33
27.94390559196472,3.02,50359.65
27.95612359046936,3.01,50115.57
27.9683096408844,3.01,49763.81
27.980896711349487,3.03,50892.09
27.992961168289185,3.0,49678.28
28.001452207565308,3.02,50312.3
28.014042854309082,3.01,50076.34
28.02657175064087,3.0,49623.94
28.039133310317993,3.03,50892.09
28.051461219787598,3.01,49857.32
28.063650608062744,3.02,50186.28
28.075955629348755,3.01,49966.69
28.088332653045654,3.0,49592.91
28.10071086883545,3.01,50076.34
28.112622499465942,3.01,49849.53
28.124654054641724,3.02,50139.14
28.13680124282837,3.01,49904.16
28.14887261390686,3.0,49546.44
28.157973527908325,3.02,50123.43
28.170326232910156,3.01,49787.17
28.18225073814392,3.02,50312.3
28.19464349746704,3.01,49904.16
28.207218885421753,3.0,49445.9
28.219244241714478,3.02,50131.28
28.231600999832153,3.0,49654.98
28.244129180908203,3.02,50202.01
28.256399869918823,3.01,49951.05
28.268210887908936,3.0,49337.9
28.280469179153442,3.02,50178.43
28.292553901672363,2.99,49092.1
28.304476499557495,3.02,50194.16
28.316481828689575,3.0,49678.28
28.32579731941223,3.0,49337.9
28.33811092376709,3.01,50115.57
28.35041880607605,2.99,49191.78
28.362785577774048,3.01,49943.23
28.375046491622925,3.0,49670.51
28.38721251487732,2.99,49276.32
28.399475812911987,3.01,49826.12
28.411787271499634,2.99,49069.14
28.42379879951477,3.01,49865.12
28.43614435195923,3.0,49662.74
28.448206424713135,2.99,49191.78
28.460060834884644,3.0,49662.74
28.4722683429718,2.99,49092.1
28.481372117996216,3.02,50123.43
28.493768215179443,3.0,49631.69
28.505948066711426,2.99,49138.08
28.518373012542725,3.0,49592.91
28.530641794204712,2.99,49122.75
28.542826414108276,3.01,50005.82
28.555204153060913,3.0,49515.47
28.567513704299927,2.99,49130.41
28.579766035079956,3.01,49919.78
28.59173846244812,2.99,49084.45
28.603893756866455,3.02,50170.56
28.61595582962036,3.0,49608.42
28.627912282943726,2.99,48939.23
28.63720679283142,3.0,49500.0
28.64931058883667,2.98,48718.57
28.66154980659485,3.01,49880.73
28.67376708984375,3.0,49415.01
28.686317682266235,2.99,48939.23
28.698654413223267,3.0,49415.01
28.710517406463623,2.98,48544.4
28.723199605941772,3.01,50029.31
28.73535704612732,2.99,49268.62
28.747483491897583,2.99,48901.09
28.759672164916992,2.99,49276.32
28.77162480354309,2.97,48446.28
28.783641576766968,3.01,49849.53
28.793018102645874,2.99,49122.75
28.804937601089478,2.99,48946.86
28.8173189163208,3.0,49299.4
28.82949137687683,2.98,48529.29
28.842048168182373,3.01,49888.54
28.854044675827026,2.99,49268.62
28.86657166481018,2.99,48923.98
28.8787362575531,3.0,49345.6
28.89109182357788,2.99,48931.6
28.90357255935669,3.01,49935.41
28.91502857208252,2.99,49153.42
28.926644563674927,2.99,48923.98
28.93884563446045,2.99,49092.1
28.951019525527954,2.98,48559.51
28.959587812423706,3.0,49623.94
28.97192621231079,2.99,49015.6
28.98459005355835,2.98,48642.75
28.99676275253296,2.99,48962.12
29.00928831100464,2.98,48536.85
29.021735191345215,3.0,49693.82
29.03401756286621,2.99,48923.98
29.04656434059143,2.98,48604.9
29.058987379074097,2.99,48969.76
29.07114338874817,2.97,48318.34
29.08310627937317,3.0,49585.17
29.094954252243042,2.99,48885.86
29.107218265533447,2.99,48885.86
29.11641240119934,2.99,48969.76
29.128490447998047,2.98,48627.61
29.140697240829468,3.0,49608.42
29.152998685836792,2.98,48840.16
29.165247678756714,2.98,48786.92
29.178106784820557,2.99,48985.03
29.19004535675049,2.98,48499.1
29.20252299308777,3.0,49546.44
29.214358806610107,2.98,48741.33
29.22651505470276,2.98,48635.17
29.2386257648468,2.98,48840.16
29.250823259353638,2.98,48484.0
29.262831449508667,3.0,49577.41
29.271942138671875,2.98,48840.16
29.284297466278076,2.98,48764.13
29.297107458114624,2.98,48748.93
29.308600425720215,2.97,48288.29
29.32083797454834,3.0,49461.35
29.333433628082275,2.98,48620.03
29.34554147720337,2.97,48401.08
29.35828685760498,2.98,48817.34
29.370361328125,2.97,48190.8
29.38258385658264,3.0,49353.31
29.396016120910645,2.97,48446.28
29.40663766860962,2.98,48551.96
29.41861319541931,2.97,48461.37
29.427655696868896,2.97,48093.53
29.440168619155884,2.99,49199.46
29.452344179153442,2.97,48408.61
29.464295387268066,2.97,48476.45
29.476806163787842,2.97,48446.28
29.48903775215149,2.96,47959.24
29.50138258934021,2.99,49023.24
29.513518571853638,2.97,48235.76
29.52557873725891,2.97,48280.79
29.538163423538208,2.97,48258.27
29.55027675628662,2.96,47877.4
29.56214427947998,2.99,48908.72
29.574373722076416,2.97,48130.91
29.586103439331055,2.97,48273.28
29.5953950881958,2.97,48228.27
29.60800862312317,2.96,47855.1
29.620347499847412,2.98,48840.16
29.632309675216675,2.97,48101.01
29.644737005233765,2.97,48325.86
29.657036304473877,2.97,48145.88
29.669504404067993,2.96,47743.82
29.6814444065094,2.98,48855.39
29.693928241729736,2.96,48026.33
29.705928325653076,2.97,48386.03
29.7179958820343,2.97,48198.29
29.729846715927124,2.96,47751.23
29.741965293884277,2.98,48863.0
29.75104832649231,2.96,48056.18
29.76335644721985,2.97,48288.29
29.77590537071228,2.96,47981.6
29.788092136383057,2.95,47625.46
29.8002872467041,2.98,48688.22
29.812437534332275,2.96,47840.25
29.82503581047058,2.97,48228.27
29.837275743484497,2.96,47914.58
29.84936809539795,2.95,47529.54
29.861913204193115,2.98,48551.96
29.873716354370117,2.96,47684.59
29.885788202285767,2.96,47899.7
29.89776611328125,2.96,47817.98
29.909542560577393,2.95,47411.8
29.918187856674194,2.96,48071.12
29.930402278900146,2.95,47655.02
29.94268250465393,2.96,48003.96
29.954975843429565,2.96,47751.23
29.967267990112305,2.95,47294.42
29.979747772216797,2.97,48138.4
29.992178916931152,2.95,47463.27
30.004472494125366,2.96,47855.1
30.016942977905273,2.95,47559.03
30.02914595603943,2.94,47213.91
30.04146146774292,2.96,48033.8
30.05347776412964,2.94,47002.42
30.065556526184082,2.95,47640.24
30.074729919433594,2.95,47485.35
30.087072610855103,2.94,47060.66
30.09946894645691,2.99,48923.98
30.111708402633667,2.96,47974.14
30.12427306175232,2.98,48748.93
30.13618779182434,2.97,48453.83
30.148367404937744,2.97,48273.28
30.160726070404053,2.97,48340.89
30.173084020614624,2.95,47463.27
30.185324907302856,2.96,47936.91
30.19717240333557,2.95,47647.62
30.209346055984497,2.95,47323.73
30.221330404281616,2.96,48011.41
30.230279445648193,2.98,48665.48
30.242451906204224,3.0,49322.49
30.255021572113037,2.98,48650.33
30.267186641693115,2.95,47500.08
30.279374599456787,2.98,48491.54
30.29187321662903,2.96,48011.41
30.304307222366333,2.97,48340.89
30.316302061080933,2.95,47529.54
30.328840732574463,2.93,46878.97
30.340957403182983,2.97,48476.45
30.352983474731445,2.94,47265.12
30.36496090888977,2.95,47353.07
30.377124309539795,2.96,48063.65
30.38895559310913,2.95,47338.39
30.398272275924683,2.96,47929.46
30.409998893737793,2.94,46937.01
30.422547578811646,2.98,48582.2
30.43497586250305,2.95,47485.35
30.4473717212677,2.94,47031.53
30.458852291107178,2.94,47191.97
30.47170877456665,2.92,46367.46
30.4840030670166,2.94,47191.97
30.496418952941895,2.93,46849.98
30.50840973854065,2.93,46568.4
30.52070927619934,2.94,46951.54
30.532766580581665,2.92,46295.95
30.54488778114319,2.95,47331.06
30.553956508636475,2.93,46835.49
30.566224813461304,2.92,46489.35
30.57867193222046,2.93,46893.48
30.590946435928345,2.92,46367.46
30.602923154830933,2.94,47243.16
30.615338802337646,2.93,46683.67
30.62776803970337,2.92,46346.0
30.64006543159485,2.93,46784.82
30.652146100997925,2.92,46245.96
30.664337158203125,2.94,46995.16
30.676470041275024,2.92,46331.69
30.688311338424683,2.91,46011.17
30.700494289398193,2.92,46353.15
30.709639310836792,2.91,45770.7
30.721670150756836,2.93,46712.55
30.734242916107178,2.92,46188.91
30.7463698387146,2.91,45975.71
30.758429527282715,2.93,46900.73
30.770851612091064,2.92,46210.3
30.783212423324585,2.95,47397.12
30.795777559280396,2.94,46907.99
30.808022022247314,2.93,46546.82
30.820411920547485,2.93,46900.73
30.832067251205444,2.92,46167.54
30.84421467781067,2.93,46647.62
30.856297254562378,2.93,46712.55
30.868208646774292,2.92,46360.31
30.877636432647705,2.92,46260.24
30.88975214958191,2.91,45933.21
30.901833057403564,2.93,46640.41
30.914083003997803,2.92,46181.79
30.925615787506104,2.92,46203.16
30.937878608703613,2.91,45926.12
30.95017409324646,2.9,45510.67
30.962504148483276,2.92,46295.95
30.974697828292847,2.9,45700.26
30.987002849578857,2.9,45503.68
30.999608993530273,2.9,45686.18
31.011425733566284,2.89,45252.36
31.02350664138794,2.91,46131.94
31.032063722610474,2.9,45489.67
31.044329404830933,2.89,45231.5
31.05670976638794,2.89,45377.82
31.06894063949585,2.88,44981.92
31.081222534179688,2.91,45798.92
31.09350824356079,2.89,45231.5
31.105790615081787,2.89,45044.17
31.118067026138306,2.9,45433.7
31.13039779663086,2.89,45037.25
31.14262557029724,2.91,45869.54
31.15480637550354,2.9,45447.69
31.167060613632202,2.89,45363.86
31.179466485977173,2.9,45601.84
31.188300132751465,2.88,44713.34
31.20066213607788,2.9,45517.68
31.212809324264526,2.88,44857.73
31.225460052490234,2.88,44885.3
31.238162994384766,2.88,44878.41
31.25018572807312,2.87,44460.24
31.26263403892517,2.89,45259.32
31.27463126182556,2.87,44501.17
31.287071466445923,2.87,44576.33
31.299304962158203,2.88,44679.04
31.311323165893555,2.87,44310.53
31.323475122451782,2.89,45134.25
31.33550500869751,2.87,44473.88
31.347355842590332,2.87,44494.35
31.35698890686035,2.87,44603.69
31.369227170944214,2.89,45141.19
31.381202936172485,2.88,44975.01
31.393544673919678,2.89,45203.69
31.40586757659912,2.91,45820.09
31.418193817138672,2.89,45023.41
31.43018674850464,2.89,45308.07
31.442883253097534,2.92,46331.69
31.455078601837158,2.9,45686.18
31.466996669769287,2.89,45259.32
31.47895622253418,2.89,45155.07
31.49086284637451,2.89,45113.44
31.503212690353394,2.91,46082.17
31.51250123977661,2.88,44665.33
31.52444815635681,2.9,45524.69
31.53691601753235,2.89,45245.41
31.549148082733154,2.88,44954.29
31.561678171157837,2.9,45665.07
31.57374405860901,2.88,44899.08
31.585893154144287,2.88,44933.58
31.59839940071106,2.87,44324.12
31.610929489135742,2.84,43424.27
31.62291407585144,2.86,44276.59
31.63486361503601,2.85,43583.89
31.646801233291626,2.86,44006.09
31.659077405929565,2.85,43844.71
31.66810154914856,2.84,43391.1
31.68015146255493,2.86,44127.58
31.692529439926147,2.85,43744.19
31.705058574676514,2.85,43597.23
31.717187881469727,2.84,43504.0
31.72940230369568,2.92,46310.24
31.741669416427612,2.93,46647.62
31.754071474075317,2.92,46388.95
31.766274452209473,2.94,47053.37
31.77838945388794,2.9,45405.75
31.790321826934814,2.85,43757.57
31.802281141281128,2.87,44419.36
31.81456446647644,2.86,43979.16
31.82641100883484,2.87,44487.53
31.836031198501587,2.86,44256.23
31.84811758995056,2.85,43797.76
31.860641717910767,2.85,43885.0
31.8727924823761,2.84,43291.76
31.8850154876709,2.84,43457.47
31.897205591201782,2.84,43377.84
31.90969944000244,2.82,42792.37
31.92172074317932,2.85,43684.0
31.93327569961548,2.83,42949.37
31.94545292854309,2.84,43232.28
31.95767116546631,2.83,43093.85
31.969825267791748,2.82,42636.03
31.98202133178711,2.83,43179.49
31.990652561187744,2.83,42916.61
32.00327754020691,2.83,43100.43
32.015650510787964,2.83,43080.69
32.02807903289795,2.83,43028.11
32.04093027114868,2.84,43417.63
32.05300784111023,2.83,43087.27
32.06521654129028,2.84,43430.91
32.077658891677856,2.83,43186.07
32.089828968048096,2.82,42857.71
32.10211706161499,2.84,43404.36
32.11393857002258,2.84,43258.7
32.12613821029663,2.84,43324.84
32.138089656829834,2.83,43205.87
32.14715766906738,2.83,42962.48
32.159443855285645,2.84,43537.27
32.171868562698364,2.83,43001.84
32.18421769142151,2.85,43570.56
32.19665575027466,2.84,43377.84
32.208829164505005,2.83,43113.59
32.22102379798889,2.85,43717.43
32.23330116271973,2.83,43014.98
32.24573349952698,2.84,43550.58
32.25781464576721,2.84,43397.73
32.269956827163696,2.83,43087.27
32.281776666641235,2.84,43377.84
32.293877363204956,2.83,43126.76
32.30551195144653,2.85,43577.23
32.31477499008179,2.84,43384.47
32.32746458053589,2.83,43133.35
32.339757442474365,2.84,43437.55
32.35198426246643,2.83,43159.7
32.36486315727234,2.85,43777.67
32.37565016746521,2.84,43464.11
32.38818168640137,2.83,43153.11
32.40082573890686,2.84,43430.91
32.41325664520264,2.84,43271.92
32.425676584243774,2.85,43724.11
32.437626361846924,2.84,43450.82
32.449626207351685,2.83,43139.93
32.46136784553528,2.84,43450.82
32.470484495162964,2.83,42896.96
32.48285698890686,2.84,43543.93
32.49531102180481,2.84,43384.47
32.507689476013184,2.83,43113.59
32.519872188568115,2.84,43504.0
32.532137632369995,2.83,42910.06
32.54459738731384,2.85,43730.81
32.556987047195435,2.84,43430.91
32.5692617893219,2.83,43146.53
32.58121109008789,2.84,43523.96
32.5932514667511,2.83,42870.78
32.605345726013184,2.85,43724.11
32.61737012863159,2.84,43484.05
32.62645888328552,2.83,43172.89
32.63896298408508,2.84,43523.96
32.65092587471008,2.83,43021.53
32.66341018676758,2.85,43898.43
32.675633907318115,2.84,43457.47
32.6879780292511,2.84,43298.38
32.70014238357544,2.84,43510.65
32.71247100830078,2.83,43186.07
32.72500824928284,2.86,44006.09
32.73684573173523,2.85,43650.6
32.74888777732849,2.84,43404.36
32.76103663444519,2.85,43697.36
32.77305364608765,2.84,43417.63
32.784849643707275,2.87,44296.95
32.79449224472046,2.86,44012.83
32.80667042732239,2.85,43838.0
32.81872820854187,2.87,44378.51
32.83086609840393,2.86,44039.81
32.843621492385864,2.88,44843.95
32.85574007034302,2.87,44378.51
32.86811351776123,2.86,44195.24
32.88041853904724,2.87,44535.32
32.89291572570801,2.86,44181.7
32.90473461151123,2.88,44940.49
32.91679620742798,2.87,44603.69
32.92846608161926,2.87,44317.32
32.94037652015686,2.88,44706.48
32.948970079422,2.86,44256.23
32.96132445335388,2.89,45155.07
32.97353005409241,2.88,44706.48
32.985924243927,2.88,44685.91
32.998164653778076,2.88,44788.91
33.01056265830994,2.87,44330.91
33.022884130477905,2.89,45245.41
33.03511071205139,2.88,44713.34
33.04741621017456,2.88,44672.19
33.059611797332764,2.88,44740.81
33.07184982299805,2.87,44467.07
33.08418416976929,2.89,45182.84
33.096205949783325,2.88,44658.48
33.10506558418274,2.87,44501.17
33.11754560470581,2.88,44706.48
33.13020205497742,2.87,44371.71
33.142338275909424,2.89,45064.93
33.154749631881714,2.87,44494.35
33.167052030563354,2.87,44330.91
33.179545879364014,2.87,44596.85
33.19152808189392,2.86,44256.23
33.204055070877075,2.88,45009.57
33.21607255935669,2.87,44473.88
33.228140115737915,2.87,44344.5
33.240315437316895,2.87,44617.38
33.25222182273865,2.86,44276.59
33.26415753364563,2.89,45155.07
33.27350187301636,2.87,44555.82
33.285892963409424,2.88,44685.91
33.29793930053711,2.88,44658.48
33.31048631668091,2.86,44263.02
33.32274580001831,2.89,45196.74
33.334787368774414,2.88,44679.04
33.346983194351196,2.88,44823.3
33.359577894210815,2.88,44850.85
33.371681928634644,2.87,44590.01
33.3838791847229,2.9,45440.7
33.39585757255554,2.88,44905.98
33.407782793045044,2.88,45002.66
33.420100688934326,2.89,45058.01
33.42896580696106,2.88,44706.48
33.441505670547485,2.9,45594.82
33.45358180999756,2.88,44954.29
33.46525740623474,2.88,44961.2
33.477823972702026,2.88,45009.57
33.49061870574951,2.88,44740.81
33.50283765792847,2.9,45672.11
33.51502275466919,2.88,44981.92
33.527451515197754,2.88,44968.1
33.53958320617676,2.89,45051.08
33.55179309844971,2.88,44775.16
33.56353044509888,2.9,45749.55
33.57575058937073,2.89,45106.51
33.584920167922974,2.89,45252.36
33.59696316719055,2.89,45238.45
33.60959529876709,2.89,45037.25
33.622010469436646,2.91,45926.12
33.63408660888672,2.89,45356.87
33.64621090888977,2.9,45510.67
33.65828204154968,2.9,45447.69
33.67064118385315,2.89,45134.25
33.68306255340576,2.92,46146.18
33.69531035423279,2.9,45447.69
33.707358598709106,2.9,45749.55
33.71920466423035,2.9,45658.05
33.73120641708374,2.89,45335.95
33.74052619934082,2.92,46181.79
33.75273132324219,2.9,45622.91
33.76500654220581,2.91,45855.4
33.77750372886658,2.91,45798.92
33.789555311203,2.9,45447.69
33.80191159248352,2.92,46360.31
33.81410050392151,2.91,45770.7
33.82660150527954,2.91,45989.89
33.83906579017639,2.91,45855.4
33.850956201553345,2.9,45608.86
33.86273002624512,2.93,46532.44
33.875096797943115,2.91,45890.75
33.88714551925659,2.91,46089.27
33.89633250236511,2.91,46032.45
33.908244132995605,2.91,45784.81
33.92083191871643,2.93,46669.25
33.93280482292175,2.91,46011.17
33.9442880153656,2.92,46288.8
33.95653247833252,2.92,46153.3
33.96889114379883,2.91,45820.09
33.98113036155701,2.93,46835.49
33.993476152420044,2.91,46032.45
34.006728649139404,2.92,46374.63
34.018739461898804,2.92,46245.96
34.03068017959595,2.91,45982.8
34.04278039932251,2.94,46937.01
34.054776668548584,2.92,46146.18
34.064244747161865,2.92,46460.63
34.07647728919983,2.92,46288.8
34.088579416275024,2.91,46096.39
34.101038217544556,2.92,46474.99
34.11308479309082,2.92,46210.3
34.1255099773407,2.93,46712.55
34.137752294540405,2.92,46353.15
34.14999556541443,2.91,46060.85
34.16249346733093,2.93,46611.59
34.1744544506073,2.92,46403.27
34.186729192733765,2.93,46698.11
34.19856810569763,2.92,46317.39
34.21055316925049,2.91,46053.75
34.21977257728577,2.93,46763.13
34.23190903663635,2.91,45904.9
34.24431228637695,2.93,46842.74
34.25657033920288,2.93,46590.0
34.26874804496765,2.92,46260.24
34.28111958503723,2.94,46929.76
34.29331302642822,2.91,46110.61
34.30578422546387,2.93,46878.97
34.31809449195862,2.93,46568.4
34.33028030395508,2.92,46295.95
34.3420307636261,2.94,46980.61
34.35421943664551,2.91,46124.84
34.36631536483765,2.93,46770.35
34.37510561943054,2.93,46582.79
34.387264013290405,2.92,46310.24
34.40007519721985,2.93,46654.83
34.41222596168518,2.92,46224.56
34.424564361572266,2.94,47097.09
34.436790227890015,2.93,46705.33
34.449134349823,2.92,46403.27
34.461276054382324,2.93,46777.59
34.4735746383667,2.92,46489.35
34.4859893321991,2.94,47250.48
34.497801303863525,2.93,46886.22
34.50992679595947,2.92,46446.28
34.522047996520996,2.93,46886.22
34.533921003341675,2.92,46360.31
34.54302144050598,2.95,47331.06
34.55522274971008,2.94,46980.61
34.567848682403564,2.93,46669.25
34.580092668533325,2.94,47111.67
34.59239602088928,2.92,46353.15
34.604686975479126,2.95,47433.85
34.61692523956299,2.94,47024.25
34.629143476486206,2.93,46734.21
34.641501903533936,2.94,47184.67
34.65362501144409,2.92,46510.89
34.66567516326904,2.95,47581.16
34.678187131881714,2.94,47177.37
34.68972945213318,2.93,46871.72
34.69870615005493,2.94,47265.12
34.71134400367737,2.93,46647.62
34.72348761558533,2.96,47907.14
34.73598623275757,2.95,47433.85
34.74801969528198,2.94,47111.67
34.76031804084778,2.95,47536.92
34.77264475822449,2.94,47126.26
34.78505778312683,2.97,48370.98
34.79746341705322,2.96,47840.25
34.809316873550415,2.95,47544.28
34.821499824523926,2.96,47877.4
34.83347797393799,2.95,47463.27
34.84551548957825,2.97,48423.68
34.85742926597595,2.96,47944.35
34.86728477478027,2.95,47610.69
34.87917232513428,2.96,48011.41
34.89126181602478,2.95,47551.66
34.90334725379944,2.98,48597.33
34.91593313217163,2.96,47959.24
34.928056478500366,2.96,47721.6
34.93963146209717,2.97,48108.48
34.951831579208374,2.95,47655.02
34.96408414840698,2.98,48703.39
34.9763400554657,2.97,48130.91
34.988659620285034,2.96,47766.05
35.000837326049805,2.96,48078.59
35.01324987411499,2.95,47595.92
35.02195405960083,2.98,48870.62
35.034480571746826,2.97,48265.78
35.04703736305237,2.96,47855.1
35.05937194824219,2.97,48280.79
35.07176470756531,2.95,47632.84
35.084003925323486,2.99,48901.09
35.09619760513306,2.97,48258.27
35.1086208820343,2.97,48243.27
35.120853424072266,2.97,48408.61
35.1329665184021,2.96,48056.18
35.14485502243042,2.99,49030.89
35.1569926738739,2.97,48408.61
35.16907525062561,2.97,48303.31
35.178173780441284,2.97,48461.37
35.19043946266174,2.96,48018.87
35.20278358459473,2.99,49076.79
35.214959144592285,2.97,48461.37
35.227816343307495,2.97,48340.89
35.239558935165405,2.98,48688.22
35.25191783905029,2.97,48235.76
35.264381408691406,2.99,49153.42
35.276681661605835,2.98,48514.19
35.28873038291931,2.97,48295.81
35.30078363418579,2.98,48506.64
35.312718868255615,2.97,48235.76
35.324846267700195,2.99,49284.0
35.33678340911865,2.98,48521.74
35.346100091934204,2.97,48310.83
35.358237743377686,2.98,48627.61
35.370375871658325,2.97,48190.8
35.382885456085205,2.99,49284.0
35.39516305923462,2.98,48597.33
35.4072380065918,2.98,48688.22
35.419742584228516,2.98,48695.81
35.43187880516052,2.97,48265.78
35.44424271583557,3.0,49345.6
35.45639514923096,2.98,48627.61
35.467756271362305,2.98,48695.81
35.48038911819458,2.98,48688.22
35.49242973327637,2.97,48295.81
35.501585721969604,3.0,49299.4
35.51400303840637,2.98,48627.61
35.526060581207275,2.98,48650.33
35.53823518753052,2.98,48665.48
35.55074715614319,2.97,48303.31
35.56320858001709,3.0,49376.44
35.575281381607056,2.98,48582.2
35.587448596954346,2.98,48673.06
35.59990429878235,2.98,48695.81
35.61206650733948,2.97,48310.83
35.624072790145874,3.0,49445.9
35.636223793029785,2.98,48589.77
35.64803218841553,2.99,48931.6
35.65737509727478,2.98,48688.22
35.66963529586792,2.97,48355.93
35.68195366859436,3.0,49453.63
35.694133043289185,2.98,48673.06
35.706499338150024,2.98,48847.77
35.71879029273987,2.98,48710.98
35.73114776611328,2.97,48348.41
35.7430739402771,3.0,49507.74
35.75572848320007,2.98,48589.77
35.767876386642456,2.98,48817.34
35.77986526489258,2.98,48756.53
35.79175519943237,2.97,48363.46
35.80394530296326,3.0,49399.57
35.81303668022156,2.98,48551.96
35.82515907287598,2.99,48893.48
35.83749508857727,2.98,48756.53
35.84975004196167,2.97,48363.46
35.862178564071655,3.0,49469.07
35.87459063529968,2.98,48620.03
35.88667154312134,2.98,48794.52
35.89883637428284,2.98,48741.33
35.911231994628906,2.97,48273.28
35.923309326171875,2.99,49268.62
35.93521761894226,2.98,48673.06
35.94690012931824,2.99,48931.6
35.95905256271362,2.98,48764.13
35.97131419181824,2.97,48393.55
35.97990274429321,3.0,49330.2
35.99218153953552,2.98,48650.33
36.0048451423645,2.99,48954.49
36.01717734336853,2.98,48726.15
36.02957820892334,2.97,48243.27
36.04222249984741,3.0,49353.31
36.054715394973755,2.97,48453.83
36.06666827201843,2.99,48946.86
36.0792236328125,2.98,48794.52
36.09135127067566,2.97,48340.89
36.1033673286438,3.0,49484.53
36.115225076675415,2.98,48521.74
36.12740969657898,2.99,48923.98
36.136467695236206,2.98,48688.22
36.148645639419556,2.97,48363.46
36.16114926338196,3.0,49484.53
36.173415422439575,2.98,48589.77
36.18560481071472,2.99,48893.48
36.19794416427612,2.98,48657.91
36.210270404815674,2.97,48333.37
36.222349882125854,2.98,48870.62
36.23479628562927,2.98,48551.96
36.24713754653931,2.99,49099.77
36.2590434551239,2.98,48733.75
36.271140336990356,2.97,48393.55
36.28291583061218,2.99,48969.76
36.29508566856384,2.98,48589.77
36.304417848587036,2.99,49122.75
36.316718101501465,2.98,48741.33
36.32883310317993,2.97,48318.34
36.34123778343201,2.99,49099.77
36.35365891456604,2.96,48056.18
36.36575388908386,2.99,49130.41
36.378347873687744,2.98,48710.98
36.39026856422424,2.97,48318.34
36.402785778045654,2.99,49122.75
36.41496658325195,2.96,48056.18
36.426828384399414,2.99,48977.39
36.43916082382202,2.98,48771.72
36.45093774795532,2.97,48340.89
36.4598491191864,2.99,49237.86
36.472368240356445,2.97,48325.86
36.48465633392334,2.99,49092.1
36.497023582458496,2.98,48764.13
36.50901412963867,2.97,48370.98
36.521239042282104,2.98,48764.13
36.53355693817139,2.97,48370.98
36.5460479259491,2.99,49230.18
36.55835151672363,2.98,48703.39
36.57046365737915,2.97,48333.37
36.58237147331238,2.98,48741.33
36.594481468200684,2.97,48393.55
36.60658144950867,2.99,49222.51
36.61553931236267,2.98,48764.13
36.627986431121826,2.97,48243.27
36.64033794403076,2.98,48756.53
36.65238666534424,2.96,48018.87
36.66465353965759,2.99,49168.76
36.67694401741028,2.98,48695.81
36.689297914505005,2.97,48295.81
36.701682329177856,2.98,48809.73
36.714077949523926,2.96,48041.26
36.72602081298828,2.99,49207.14
36.73832964897156,2.98,48748.93
36.750367403030396,2.97,48370.98
36.76240158081055,2.99,48885.86
36.77431535720825,2.96,48011.41
36.78352069854736,2.99,49222.51
36.79619765281677,2.98,48786.92
36.80831599235535,2.97,48325.86
36.82070541381836,2.98,48764.13
36.83302879333496,2.96,48018.87
36.845075607299805,3.0,49353.31
36.85742378234863,2.99,48939.23
36.8697555065155,2.97,48355.93
36.88200330734253,2.98,48771.72
36.894054651260376,2.97,48086.06
36.90602493286133,3.0,49391.86
36.918158531188965,2.98,48650.33
36.93020820617676,2.97,48393.55
36.93913912773132,2.98,48764.13
36.95065712928772,2.97,48273.28
36.962801694869995,3.0,49337.9
36.975141286849976,2.98,48764.13
36.98744988441467,2.97,48378.51
36.999736070632935,2.98,48809.73
37.012107133865356,2.97,48258.27
37.0245156288147,3.0,49330.2
37.03703951835632,2.98,48710.98
37.04914832115173,2.97,48401.08
