Time (s),Voltage (V),Resistance (Ohm)
0.0011279582977294922,3.15,55963.78
0.0020704269409179688,3.15,56053.8
0.002898693084716797,3.15,55990.76
0.0037064552307128906,3.14,55936.81
0.00465846061706543,3.15,56035.78
0.005499839782714844,3.15,56044.8
0.006307125091552734,3.15,56035.78
0.007147312164306641,3.15,55999.77
0.007945775985717773,3.15,56071.83
0.00876474380493164,3.15,55999.77
0.009581565856933594,3.14,55882.91
0.010379314422607422,3.14,55847.0
0.011184215545654297,3.14,55909.84
0.011987686157226562,3.15,56008.76
0.012785196304321289,3.15,55999.77
0.013588428497314453,3.14,55945.79
0.014917135238647461,3.15,56008.76
0.015712261199951172,3.14,55712.66
0.0164797306060791,3.14,55757.4
0.017242431640625,3.15,55999.77
0.018001556396484375,3.14,55945.79
0.018767595291137695,3.15,56062.82
0.01952385902404785,3.15,55999.77
0.02028059959411621,3.14,55936.81
0.021036624908447266,3.15,56116.93
0.021808862686157227,3.15,56062.82
0.022576570510864258,3.14,55873.93
0.023347139358520508,3.15,56080.85
0.02410721778869629,3.15,56171.12
0.024870872497558594,3.15,56216.32
0.025638341903686523,3.15,56216.32
0.026412487030029297,3.15,56270.62
0.02718186378479004,3.15,56306.85
0.0279388427734375,3.15,56107.91
0.028710603713989258,3.15,56288.73
0.02947092056274414,3.15,56171.12
0.03023695945739746,3.15,56225.36
0.03100419044494629,3.15,56397.58
0.03177189826965332,3.15,56334.06
0.032538414001464844,3.15,56379.42
0.03330540657043457,3.15,56180.15
0.034087419509887695,3.15,56406.66
0.03486227989196777,3.16,56506.7
0.03563833236694336,3.16,56443.02
0.036405324935913086,3.15,56162.07
0.04624223709106445,3.14,55936.81
0.05853581428527832,3.15,55999.77
0.07098174095153809,3.15,56116.93
0.08322644233703613,3.15,56198.23
0.09548449516296387,3.15,56198.23
0.10768461227416992,3.15,56270.62
0.11983323097229004,3.15,56243.46
0.13205575942993164,3.15,56270.62
0.14094018936157227,3.15,56207.28
0.15329885482788086,3.15,56324.98
0.16576004028320312,3.15,56397.58
0.1778545379638672,3.15,56315.92
0.1900346279144287,3.15,56334.06
0.20241069793701172,3.15,56334.06
0.21479105949401855,3.15,56397.58
0.22719717025756836,3.15,56315.92
0.2394106388092041,3.15,56207.28
0.2513551712036133,3.15,56279.67
0.2633993625640869,3.15,56415.76
0.27547502517700195,3.15,56270.62
0.28736352920532227,3.16,56497.59
0.29657506942749023,3.15,56379.42
0.3087899684906006,3.16,56479.4
0.32125258445739746,3.16,56479.4
0.33348631858825684,3.16,56524.91
0.3458378314971924,3.16,56597.82
0.35808515548706055,3.16,56606.96
0.37024736404418945,3.16,56506.7
0.3829810619354248,3.16,56534.02
0.39502787590026855,3.16,56461.2
0.4070112705230713,3.16,56534.02
0.4189896583557129,3.16,56652.6
0.4311368465423584,3.16,56606.96
0.44310641288757324,3.16,56698.29
0.4522593021392822,3.16,56643.46
0.4637298583984375,3.16,56570.47
0.4759252071380615,3.16,56506.7
0.48818254470825195,3.16,56497.59
0.5004556179046631,3.15,56234.41
0.5128152370452881,3.15,56279.67
0.5253019332885742,3.15,56171.12
0.5375256538391113,3.15,56198.23
0.5505871772766113,3.15,56261.56
0.5625820159912109,3.15,56189.19
0.5746016502380371,3.15,56144.02
0.5868353843688965,3.15,56008.76
0.5990533828735352,3.15,56089.87
0.6079368591308594,3.15,56134.98
0.6208643913269043,3.15,56216.32
0.6324307918548584,3.15,56144.02
0.6447880268096924,3.15,56053.8
0.6572449207305908,3.15,56098.88
0.669581413269043,3.15,56080.85
0.6817429065704346,3.15,56062.82
0.6941328048706055,3.15,56008.76
0.7061727046966553,3.14,55909.84
0.7183678150177002,3.15,56044.8
0.7305154800415039,3.15,56071.83
0.7425425052642822,3.15,55999.77
0.7545492649078369,3.14,55945.79
0.7635293006896973,3.15,55990.76
0.7758917808532715,3.15,56080.85
0.7880747318267822,3.15,55963.78
0.8003625869750977,3.15,56053.8
0.8126547336578369,3.14,55829.07
0.8259119987487793,3.15,56071.83
0.8371791839599609,3.15,56107.91
0.8496537208557129,3.15,56144.02
0.8618581295013428,3.15,56234.41
0.873986005783081,3.15,56252.51
0.8861052989959717,3.15,56107.91
0.8981785774230957,3.15,56198.23
0.9102025032043457,3.15,56144.02
0.9220640659332275,3.15,55990.76
0.9315934181213379,3.15,56071.83
0.9436759948730469,3.15,55954.78
0.9560363292694092,3.15,56008.76
0.9683525562286377,3.15,56035.78
0.9805665016174316,3.15,56071.83
0.9932036399841309,3.15,56089.87
1.004551649093628,3.14,55909.84
1.0169811248779297,3.15,56062.82
1.0295860767364502,3.15,56062.82
1.041686773300171,3.15,56035.78
1.0538208484649658,3.15,56116.93
1.066089153289795,3.15,56189.19
1.0776822566986084,3.15,56171.12
1.0870962142944336,3.15,56216.32
1.0997834205627441,3.15,56162.07
1.1116247177124023,3.15,56252.51
1.123917818069458,3.15,56153.05
1.1363673210144043,3.15,56144.02
1.1487054824829102,3.15,56144.02
1.1608595848083496,3.15,56153.05
1.173032283782959,3.15,56162.07
1.185579776763916,3.15,56134.98
1.1974174976348877,3.15,56153.05
1.2094385623931885,3.15,56216.32
1.221567153930664,3.15,56116.93
1.2336056232452393,3.15,56107.91
1.2426908016204834,3.15,56098.88
1.2551844120025635,3.15,56144.02
1.2673020362854004,3.15,56189.19
1.2795295715332031,3.15,56288.73
1.2918570041656494,3.14,55891.88
1.3043513298034668,3.15,55999.77
1.3166875839233398,3.15,55963.78
1.3288848400115967,3.14,55838.04
1.3410086631774902,3.15,56044.8
1.3533484935760498,3.15,55990.76
1.3659186363220215,3.14,55936.81
1.3771564960479736,3.15,56008.76
1.3892786502838135,3.15,56171.12
1.3983922004699707,3.15,56008.76
1.4106419086456299,3.15,56071.83
1.4228801727294922,3.15,56035.78
1.4353313446044922,3.15,56080.85
1.4477241039276123,3.15,55954.78
1.459742784500122,3.15,55963.78
1.471259355545044,3.14,55927.82
1.4835052490234375,3.14,55936.81
1.4957406520843506,3.15,56144.02
1.5080060958862305,3.15,56098.88
1.5201547145843506,3.15,56107.91
1.532623052597046,3.15,56089.87
1.5448377132415771,3.15,56225.36
1.5534276962280273,3.15,56243.46
1.5660603046417236,3.15,56189.19
1.5785934925079346,3.15,56279.67
1.5911152362823486,3.15,56270.62
1.6031649112701416,3.15,56243.46
1.6154227256774902,3.15,56053.8
1.6278040409088135,3.15,56098.88
1.6400837898254395,3.15,56144.02
1.6522977352142334,3.15,56162.07
1.6647136211395264,3.15,56125.96
1.6766979694366455,3.15,56098.88
1.6887238025665283,3.15,56062.82
1.7008790969848633,3.15,56062.82
1.709608793258667,3.15,56071.83
1.7219657897949219,3.15,56153.05
1.73421311378479,3.15,56162.07
1.7466583251953125,3.15,56207.28
1.758730411529541,3.15,56406.66
1.7710793018341064,3.15,56243.46
1.7835278511047363,3.15,56225.36
1.7958543300628662,3.16,56433.92
1.80802321434021,3.15,56388.5
1.8202710151672363,3.15,56361.27
1.8322629928588867,3.15,56406.66
1.844280481338501,3.16,56443.02
1.8563718795776367,3.16,56479.4
1.868225336074829,3.15,56352.19
1.87772798538208,3.15,56252.51
1.8901329040527344,3.15,56270.62
1.902221918106079,3.15,56180.15
1.9143881797790527,3.15,56162.07
1.9269781112670898,3.15,56080.85
1.9391608238220215,3.15,56153.05
1.9512596130371094,3.15,56125.96
1.9636704921722412,3.15,56225.36
1.97590970993042,3.15,56171.12
1.987849235534668,3.15,56116.93
2.0002453327178955,3.15,56225.36
2.011948347091675,3.15,56080.85
2.0237984657287598,3.15,56017.77
2.033339023590088,3.15,56189.19
2.0455892086029053,3.15,56189.19
2.0578062534332275,3.15,56153.05
2.070207118988037,3.15,56098.88
2.0823869705200195,3.15,56107.91
2.0946152210235596,3.15,56098.88
2.106975793838501,3.15,56189.19
2.1191787719726562,3.15,56107.91
2.1317217350006104,3.15,56243.46
2.1435608863830566,3.15,56198.23
2.1555724143981934,3.15,56297.8
2.1676344871520996,3.15,56270.62
2.179751396179199,3.15,56225.36
2.188875436782837,3.15,56352.19
2.2010562419891357,3.15,56243.46
2.2135722637176514,3.15,56189.19
2.225792407989502,3.15,56189.19
2.2381582260131836,3.15,56162.07
2.2504866123199463,3.15,56279.67
2.2625181674957275,3.15,56297.8
2.2747950553894043,3.15,56352.19
2.287198781967163,3.15,56334.06
2.2992637157440186,3.15,56216.32
2.3113791942596436,3.15,56315.92
2.32331919670105,3.15,56370.34
2.335393190383911,3.15,56334.06
2.3454558849334717,3.15,56352.19
2.3567607402801514,3.15,56162.07
2.3690707683563232,3.15,56279.67
2.381498098373413,3.15,56361.27
2.3936777114868164,3.15,56243.46
2.4058730602264404,3.15,56234.41
2.4181723594665527,3.15,56297.8
2.430588722229004,3.15,56252.51
2.4430389404296875,3.15,56388.5
2.4548134803771973,3.15,56134.98
2.4670212268829346,3.15,56315.92
2.4785239696502686,3.15,56334.06
2.4906725883483887,3.15,56315.92
2.4991583824157715,3.15,56243.46
2.5115323066711426,3.15,56324.98
2.5238583087921143,3.15,56270.62
2.536151647567749,3.15,56370.34
2.5488083362579346,3.15,56270.62
2.5620808601379395,3.15,56352.19
2.5735464096069336,3.15,56343.12
2.5859670639038086,3.15,56261.56
2.5987181663513184,3.15,56297.8
2.610551357269287,3.15,56270.62
2.6226673126220703,3.15,56288.73
2.6346657276153564,3.15,56352.19
2.646714925765991,3.15,56352.19
2.655710458755493,3.15,56415.76
2.668056011199951,3.16,56479.4
2.6804404258728027,3.16,56506.7
2.692615509033203,3.16,56461.2
2.70489764213562,3.16,56543.13
2.717367649078369,3.16,56443.02
2.7296688556671143,3.16,56470.3
2.741823196411133,3.16,56543.13
2.754279613494873,3.16,56597.82
2.766751289367676,3.16,56661.73
2.778273582458496,3.16,56643.46
2.7904624938964844,3.16,56570.47
2.802734375,3.16,56561.35
2.8114778995513916,3.16,56506.7
2.823728561401367,3.16,56588.71
2.8359670639038086,3.16,56689.14
2.848288059234619,3.16,56570.47
2.8607046604156494,3.16,56689.14
2.8730826377868652,3.16,56670.87
2.8850796222686768,3.16,56698.29
2.8973910808563232,3.16,56725.73
2.9097399711608887,3.16,56789.81
2.922718048095703,3.16,56753.17
2.9340431690216064,3.16,56680.0
2.9459054470062256,3.16,56808.14
2.9579741954803467,3.16,56670.87
2.9672493934631348,3.16,56707.43
2.979304790496826,3.16,56661.73
2.99167537689209,3.16,56689.14
3.0039076805114746,3.16,56698.29
3.016223669052124,3.16,56798.98
3.028451919555664,3.16,56798.98
3.040940046310425,3.16,56634.33
3.0533957481384277,3.16,56689.14
3.065302848815918,3.16,56597.82
3.0775341987609863,3.16,56606.96
3.0898118019104004,3.16,56680.0
3.101952314376831,3.16,56579.58
3.113853693008423,3.16,56698.29
3.125581741333008,3.16,56643.46
3.134942054748535,3.16,56771.49
3.1475064754486084,3.16,56826.47
3.159640312194824,3.17,56955.02
3.171971559524536,3.16,56835.64
3.1842904090881348,3.16,56808.14
3.197340965270996,3.16,56707.43
3.208698034286499,3.16,56707.43
3.2210474014282227,3.16,56853.98
3.2332375049591064,3.16,56725.73
3.245256185531616,3.16,56597.82
3.2571909427642822,3.16,56881.53
3.2696518898010254,3.16,56780.65
3.2813825607299805,3.16,56863.17
3.290680408477783,3.16,56890.7
3.3029847145080566,3.17,56936.63
3.315072536468506,3.17,56936.63
3.3276143074035645,3.17,57111.61
3.339766502380371,3.17,56955.02
3.3520278930664062,3.16,56899.88
3.364368438720703,3.16,56909.07
3.376779079437256,3.16,56844.82
3.3889617919921875,3.17,56918.25
3.4011759757995605,3.16,56817.31
3.4131407737731934,3.16,56881.53
3.4251511096954346,3.16,56890.7
3.4370453357696533,3.16,56780.65
3.446364641189575,3.16,56670.87
3.45883846282959,3.16,56780.65
3.4707703590393066,3.16,56808.14
3.4823317527770996,3.16,56872.34
3.494565486907959,3.17,56927.45
3.506789445877075,3.17,56927.45
3.519097328186035,3.16,56890.7
3.5313568115234375,3.16,56744.02
3.5437793731689453,3.16,56707.43
3.5563278198242188,3.16,56753.17
3.5685601234436035,3.16,56643.46
3.580526113510132,3.16,56780.65
3.592841386795044,3.16,56716.58
3.6019015312194824,3.16,56744.02
3.614156484603882,3.16,56780.65
3.626424789428711,3.16,56780.65
3.638821601867676,3.16,56707.43
3.65130877494812,3.16,56771.49
3.6633052825927734,3.16,56661.73
3.6757168769836426,3.16,56561.35
3.6879780292510986,3.16,56443.02
3.7002484798431396,3.16,56597.82
3.712589740753174,3.16,56452.1
3.7244248390197754,3.16,56524.91
3.736515760421753,3.16,56552.24
3.7486112117767334,3.16,56452.1
3.757570505142212,3.16,56561.35
3.7697982788085938,3.16,56561.35
3.7823450565338135,3.16,56588.71
3.7943475246429443,3.16,56470.3
3.806715965270996,3.16,56443.02
3.8189432621002197,3.16,56488.5
3.8313958644866943,3.16,56479.4
3.8435146808624268,3.15,56297.8
3.855959892272949,3.15,56415.76
3.868168354034424,3.16,56452.1
3.8802311420440674,3.16,56470.3
3.892490863800049,3.16,56524.91
3.9043381214141846,3.16,56479.4
3.9131340980529785,3.16,56452.1
3.9254097938537598,3.16,56488.5
3.9377849102020264,3.15,56424.83
3.950159788131714,3.15,56388.5
3.9629926681518555,3.15,56424.83
3.974637031555176,3.15,56424.83
3.9870123863220215,3.15,56334.06
3.9992876052856445,3.15,56153.05
4.01151967048645,3.15,56306.85
4.0236780643463135,3.15,56134.98
4.0359625816345215,3.15,56234.41
4.047807931900024,3.15,56153.05
4.05982232093811,3.15,56125.96
4.068778038024902,3.15,56080.85
4.081190824508667,3.15,56261.56
4.093401193618774,3.15,56216.32
4.105717182159424,3.15,56198.23
4.117943525314331,3.15,56053.8
4.130517244338989,3.15,56207.28
4.142607688903809,3.15,56243.46
4.1551196575164795,3.15,56116.93
4.167182922363281,3.15,56306.85
4.179577827453613,3.15,56334.06
4.19140362739563,3.15,56424.83
4.203602313995361,3.15,56324.98
4.215567350387573,3.15,56343.12
4.2275168895721436,3.15,56234.41
4.236573219299316,3.15,56270.62
4.249001741409302,3.15,56306.85
4.261313438415527,3.15,56397.58
4.27374267578125,3.15,56252.51
4.28589129447937,3.15,56379.42
4.298169136047363,3.15,56424.83
4.310430526733398,3.15,56288.73
4.322730541229248,3.15,56415.76
4.335131883621216,3.15,56388.5
4.346951007843018,3.16,56479.4
4.358866214752197,3.15,56415.76
4.371235609054565,3.16,56470.3
4.382913112640381,3.16,56452.1
4.392233610153198,3.15,56352.19
4.4046595096588135,3.15,56352.19
4.4171202182769775,3.16,56470.3
4.429219484329224,3.16,56506.7
4.442363977432251,3.15,56379.42
4.45397686958313,3.16,56461.2
4.466104507446289,3.16,56461.2
4.477718830108643,3.16,56470.3
4.489839553833008,3.15,56397.58
4.501964092254639,3.16,56433.92
4.514191150665283,3.16,56452.1
4.5263566970825195,3.16,56433.92
4.538542985916138,3.16,56524.91
4.548097848892212,3.16,56561.35
4.560215950012207,3.16,56443.02
4.5726330280303955,3.16,56506.7
4.585203170776367,3.16,56488.5
4.597337245941162,3.15,56361.27
4.609653472900391,3.15,56379.42
4.621809959411621,3.15,56352.19
4.63401198387146,3.15,56388.5
4.64651894569397,3.16,56524.91
4.658507347106934,3.16,56479.4
4.670581340789795,3.15,56397.58
4.682477712631226,3.16,56506.7
4.694308519363403,3.16,56433.92
4.703739404678345,3.16,56534.02
4.715170383453369,3.16,56443.02
4.728631496429443,3.16,56461.2
4.740341424942017,3.16,56534.02
4.752871513366699,3.16,56552.24
4.7662177085876465,3.16,56515.8
4.777759790420532,3.16,56588.71
4.789926767349243,3.16,56515.8
4.80205225944519,3.16,56561.35
4.814009428024292,3.16,56579.58
4.8260016441345215,3.16,56570.47
4.83817982673645,3.16,56588.71
4.850259780883789,3.16,56780.65
4.859281063079834,3.16,56689.14
4.871589183807373,3.16,56625.2
4.88396430015564,3.16,56661.73
4.896188497543335,3.16,56588.71
4.9086620807647705,3.16,56689.14
4.9207165241241455,3.16,56597.82
4.93320369720459,3.16,56670.87
4.9453794956207275,3.16,56634.33
4.957642316818237,3.16,56689.14
4.969767093658447,3.16,56716.58
4.981755495071411,3.16,56670.87
4.993876934051514,3.16,56680.0
5.006084203720093,3.16,56689.14
5.015074968338013,3.16,56835.64
5.027275323867798,3.16,56826.47
5.039479494094849,3.16,56881.53
5.051884651184082,3.16,56652.6
5.064178943634033,3.16,56643.46
5.076308727264404,3.16,56625.2
5.088517904281616,3.16,56661.73
5.100804567337036,3.16,56670.87
5.113109350204468,3.16,56734.88
5.125237941741943,3.16,56716.58
5.137324333190918,3.16,56734.88
5.149325609207153,3.16,56606.96
5.1613171100616455,3.16,56680.0
5.170102119445801,3.16,56817.31
5.182226657867432,3.16,56909.07
5.19436502456665,3.16,56890.7
5.206768989562988,3.16,56762.33
5.219018936157227,3.16,56817.31
5.231547594070435,3.16,56771.49
5.244035243988037,3.16,56899.88
5.256777763366699,3.16,56899.88
5.268949747085571,3.16,56872.34
5.281080007553101,3.16,56909.07
5.293058395385742,3.16,56899.88
5.305079698562622,3.16,56817.31
5.31733775138855,3.16,56798.98
5.326158285140991,3.17,56927.45
5.339075326919556,3.16,56817.31
5.350970506668091,3.17,56936.63
5.3632612228393555,3.16,56890.7
5.375622987747192,3.16,56844.82
5.3877880573272705,3.16,56909.07
5.400038242340088,3.16,56890.7
5.4122700691223145,3.17,56982.62
5.424752950668335,3.17,57001.02
5.4371397495269775,3.17,57074.73
5.448594093322754,3.17,57056.29
5.4608094692230225,3.17,56927.45
5.472864866256714,3.17,56991.82
5.484679460525513,3.16,56881.53
5.493317365646362,3.17,56982.62
5.505550384521484,3.17,57037.86
5.517882585525513,3.17,57157.78
5.530156850814819,3.17,57001.02
5.542719841003418,3.17,57056.29
5.554919719696045,3.17,57019.44
5.56727147102356,3.17,57074.73
5.579908132553101,3.17,57102.39
5.592119216918945,3.17,57047.07
5.604457139968872,3.17,57157.78
5.616671800613403,3.17,57176.25
5.628490447998047,3.17,57130.07
5.640822172164917,3.17,57028.64
5.649740695953369,3.17,57037.86
5.662427186965942,3.17,57083.94
5.674423456192017,3.17,57065.5
5.686813116073608,3.17,57148.54
5.698979139328003,3.17,57139.31
5.711381912231445,3.17,57130.07
5.723655939102173,3.17,57111.61
5.735846042633057,3.17,57203.99
5.748068571090698,3.17,57157.78
5.760282516479492,3.17,57231.73
5.772168397903442,3.17,57268.76
5.784254550933838,3.17,57250.25
5.796234846115112,3.17,57231.73
5.8053672313690186,3.17,57259.49
5.8180460929870605,3.17,57259.49
5.830087661743164,3.17,57250.25
5.84238076210022,3.17,57250.25
5.854996919631958,3.17,57287.28
5.866883277893066,3.17,57380.01
5.8791704177856445,3.17,57370.72
5.891637325286865,3.17,57287.28
5.903971433639526,3.17,57333.62
5.915786027908325,3.17,57370.72
5.927852392196655,3.18,57426.44
5.939908027648926,3.17,57352.17
5.952003240585327,3.18,57500.83
5.961042642593384,3.18,57417.16
5.973691701889038,3.18,57547.4
5.98586630821228,3.18,57575.36
5.9980127811431885,3.18,57519.46
6.0101869106292725,3.18,57584.68
6.0224833488464355,3.18,57566.05
6.034774303436279,3.18,57594.01
6.047125339508057,3.18,57510.15
6.059349060058594,3.18,57500.83
6.071708679199219,3.18,57528.77
6.083633899688721,3.18,57556.72
6.095658302307129,3.17,57398.58
6.107958078384399,3.18,57491.53
6.119818449020386,3.18,57603.33
6.128972053527832,3.18,57584.68
6.141402959823608,3.18,57622.0
6.153566122055054,3.18,57790.29
6.165966749191284,3.18,57734.12
6.178128004074097,3.18,57594.01
6.190518617630005,3.18,57612.67
6.202751159667969,3.18,57631.33
6.215214252471924,3.18,57650.0
6.227532386779785,3.18,57622.0
6.239366769790649,3.18,57715.41
6.251518964767456,3.18,57566.05
6.263541221618652,3.18,57575.36
6.275660037994385,3.18,57622.0
6.285719394683838,3.18,57734.12
6.296997547149658,3.19,57931.01
6.309133529663086,3.19,57931.01
6.321358680725098,3.18,57874.67
6.3338682651519775,3.18,57846.52
6.346352577209473,3.18,57762.2
6.358404636383057,3.18,57687.37
6.3707358837127686,3.18,57827.78
6.383022785186768,3.18,57827.78
6.394978046417236,3.18,57734.12
6.407185077667236,3.18,57715.41
6.419108867645264,3.18,57818.39
6.43126368522644,3.18,57650.0
6.440237522125244,3.18,57668.68
6.452989101409912,3.18,57724.77
6.464951038360596,3.18,57734.12
6.477221727371216,3.18,57734.12
6.489295959472656,3.18,57659.34
6.500881671905518,3.18,57734.12
6.513148307800293,3.18,57837.15
6.525476455688477,3.18,57631.33
6.537717580795288,3.18,57799.65
6.54998517036438,3.18,57734.12
6.562447786331177,3.18,57874.67
6.574482679367065,3.18,57752.83
6.586670637130737,3.19,57968.61
6.598930597305298,3.19,57912.23
6.608191251754761,3.18,57780.92
6.620558261871338,3.18,57809.03
6.63289999961853,3.18,57884.05
6.645080804824829,3.18,57902.83
6.657609701156616,3.19,57912.23
6.669679164886475,3.18,57893.44
6.682121515274048,3.19,57940.41
6.694389343261719,3.18,57874.67
6.7066380977630615,3.18,57874.67
6.7185609340667725,3.18,57874.67
6.730616331100464,3.18,57865.28
6.742804050445557,3.18,57902.83
6.754584789276123,3.18,57818.39
6.763888359069824,3.18,57724.77
6.776402235031128,3.19,57968.61
6.788400173187256,3.18,57809.03
6.800813913345337,3.19,57949.8
6.8129661083221436,3.18,57884.05
6.825275897979736,3.19,57912.23
6.837826251983643,3.18,57865.28
6.850096225738525,3.18,57771.56
6.863154411315918,3.18,57865.28
6.874445915222168,3.19,57949.8
6.8863232135772705,3.19,57949.8
6.898440837860107,3.18,57734.12
6.910780906677246,3.19,57959.21
6.919737339019775,3.19,58006.24
6.9318766593933105,3.19,58138.19
6.944142580032349,3.19,58062.74
6.9565749168396,3.18,57893.44
6.969144582748413,3.19,57940.41
6.9809253215789795,3.19,58006.24
6.993301868438721,3.18,57837.15
7.005708456039429,3.18,57809.03
7.017921447753906,3.19,57968.61
7.029955863952637,3.19,57921.62
7.04215145111084,3.19,58053.32
7.0543553829193115,3.19,58128.75
7.06624960899353,3.19,58100.45
7.0782411098480225,3.19,58175.97
7.087536573410034,3.19,58100.45
7.09974217414856,3.19,58242.14
7.1121368408203125,3.19,58384.26
7.124540328979492,3.19,58232.68
7.136739253997803,3.19,58242.14
7.14911675453186,3.19,58213.76
7.16113543510437,3.19,58289.47
7.173422336578369,3.19,58213.76
7.185787200927734,3.19,58175.97
7.197866439819336,3.19,58346.32
7.209951162338257,3.19,58175.97
7.221954107284546,3.19,58279.99
7.233910799026489,3.19,58327.37
7.2441911697387695,3.19,58270.53
7.255732774734497,3.19,58289.47
7.267613649368286,3.19,58393.76
7.2799975872039795,3.2,58469.75
7.292296409606934,3.2,58469.75
7.30435848236084,3.2,58555.41
7.316832780838013,3.2,58469.75
7.329071283340454,3.2,58431.73
7.341525077819824,3.2,58412.74
7.353492736816406,3.2,58422.24
7.365598440170288,3.19,58365.28
7.377732515335083,3.2,58460.25
7.3896729946136475,3.19,58403.25
7.398767709732056,3.2,58460.25
7.411190986633301,3.2,58460.25
7.423213005065918,3.2,58526.84
7.43563437461853,3.2,58536.35
7.448009014129639,3.2,58498.28
7.461150169372559,3.2,58574.46
7.472516775131226,3.2,58469.75
7.484928846359253,3.2,58441.24
7.497073173522949,3.2,58660.3
7.508415460586548,3.2,58631.67
7.5205512046813965,3.2,58650.75
7.532834529876709,3.2,58526.84
7.544904708862305,3.2,58708.07
7.553482294082642,3.2,58688.95
7.566162347793579,3.2,58755.87
7.578289747238159,3.2,58669.85
7.590518951416016,3.2,58717.62
7.602877855300903,3.2,58755.87
7.614985466003418,3.2,58775.01
7.627146482467651,3.2,58803.73
7.639355659484863,3.2,58688.95
7.651896238327026,3.2,58641.21
7.664109706878662,3.2,58842.06
7.676535606384277,3.2,58660.3
7.688655614852905,3.2,58755.87
7.7007365226745605,3.2,58583.98
7.712983846664429,3.21,58957.23
7.721819162368774,3.2,58784.58
7.734296083450317,3.2,58631.67
7.747063398361206,3.2,58803.73
7.759188890457153,3.2,58765.44
7.771756887435913,3.2,58870.82
7.78378963470459,3.2,58794.16
7.7959513664245605,3.2,58765.44
7.808380842208862,3.2,58679.4
7.820564031600952,3.2,58794.16
7.832790851593018,3.2,58822.89
7.844703435897827,3.2,58909.21
7.856811761856079,3.2,58746.31
7.86878776550293,3.2,58641.21
7.87790584564209,3.2,58861.24
7.890170574188232,3.2,58803.73
7.902555704116821,3.2,58861.24
7.914779424667358,3.2,58746.31
7.927232027053833,3.2,58890.01
7.939406871795654,3.2,58851.64
7.951589822769165,3.2,58803.73
7.964003324508667,3.2,58794.16
7.97617244720459,3.19,58006.24
7.989084005355835,3.19,58053.32
8.000440835952759,3.19,58194.85
8.012590885162354,3.19,58006.24
8.024941205978394,3.19,58072.17
8.033586978912354,3.19,58308.41
8.045868635177612,3.2,58479.25
8.05808973312378,3.19,58355.8
8.070461511611938,3.2,58574.46
8.082782506942749,3.2,58555.41
8.094980716705322,3.19,58365.28
8.107402563095093,3.19,58317.88
8.119680404663086,3.19,58403.25
8.131970405578613,3.19,58365.28
8.144653797149658,3.2,58526.84
8.15640664100647,3.2,58574.46
8.16828179359436,3.2,58669.85
8.18031930923462,3.2,58583.98
8.192069053649902,3.2,58688.95
8.201535940170288,3.2,58708.07
8.213866710662842,3.2,58775.01
8.22617483139038,3.2,58650.75
8.238581418991089,3.2,58583.98
8.250734329223633,3.2,58679.4
8.263048648834229,3.2,58679.4
8.275184631347656,3.2,58660.3
8.287436723709106,3.2,58641.21
8.299641370773315,3.2,58736.74
8.311981916427612,3.2,58794.16
8.323857307434082,3.2,58870.82
8.336088418960571,3.2,58727.19
8.347976684570312,3.2,58851.64
8.357162952423096,3.21,58947.62
8.369552373886108,3.2,58851.64
8.381736755371094,3.21,58976.45
8.394129037857056,3.21,59053.42
8.406615734100342,3.21,59014.92
8.418541193008423,3.21,59169.12
8.430891990661621,3.21,59217.41
8.443222522735596,3.21,59101.6
8.45563554763794,3.21,59207.75
8.467535495758057,3.21,59236.75
8.479663133621216,3.21,59120.87
8.491592407226562,3.21,59188.42
8.503568887710571,3.21,59140.16
8.512017250061035,3.21,59130.52
8.524173974990845,3.21,59178.77
8.53638243675232,3.21,59352.91
8.548791408538818,3.21,59246.41
8.561046361923218,3.21,59198.09
8.573493003845215,3.21,59314.15
8.585719347000122,3.21,59323.83
8.598109006881714,3.21,59343.21
8.610620737075806,3.21,59323.83
8.623380661010742,3.21,59343.21
8.635260820388794,3.21,59285.11
8.647299766540527,3.21,59401.39
8.65933871269226,3.21,59314.15
8.668548345565796,3.21,59227.07
8.680659770965576,3.21,59352.91
8.693428993225098,3.22,59469.35
8.705240249633789,3.21,59256.08
8.717530250549316,3.21,59372.3
8.729982852935791,3.21,59323.83
8.742094278335571,3.21,59294.78
8.754443407058716,3.21,59391.68
8.766727924346924,3.22,59566.62
8.779051065444946,3.22,59508.24
8.7911696434021,3.22,59449.92
8.803627490997314,3.21,59352.91
8.814900636672974,3.21,59352.91
8.824019432067871,3.21,59381.98
8.836360692977905,3.21,59381.98
8.848855257034302,3.21,59246.41
8.860987663269043,3.21,59111.23
8.873632669448853,3.21,59140.16
8.885467290878296,3.21,59207.75
8.897730588912964,3.21,59207.75
8.910109519958496,3.21,59236.75
8.922604322433472,3.21,59072.68
8.934612274169922,3.21,59246.41
8.94670057296753,3.21,59323.83
8.958698749542236,3.21,59246.41
8.970701217651367,3.21,59314.15
8.982682943344116,3.21,59043.8
8.99216365814209,3.21,58986.06
9.004274368286133,3.21,58957.23
9.016505002975464,3.21,58986.06
9.028890371322632,3.2,58870.82
9.041394472122192,3.2,58851.64
9.053894996643066,3.2,58870.82
9.065666198730469,3.21,59207.75
9.078138589859009,3.21,59101.6
9.090325593948364,3.21,59256.08
9.102462768554688,3.21,59236.75
9.114429950714111,3.21,59111.23
9.126646757125854,3.21,59101.6
9.138490438461304,3.21,59256.08
9.147690773010254,3.21,59285.11
9.15997838973999,3.21,59343.21
9.172396421432495,3.21,59372.3
9.184521675109863,3.22,59488.79
9.196775436401367,3.22,59449.92
9.209106922149658,3.22,59547.14
9.221304416656494,3.22,59469.35
9.23384165763855,3.21,59372.3
9.246241092681885,3.21,59381.98
9.258131504058838,3.21,59420.8
9.270379543304443,3.22,59615.33
9.282180309295654,3.22,59440.22
9.294287919998169,3.22,59576.36
9.303466796875,3.22,59673.85
9.315924167633057,3.22,59488.79
9.327883243560791,3.22,59586.1
9.340164184570312,3.22,59703.14
9.352530717849731,3.23,59957.75
9.365806341171265,3.23,60065.88
9.37682843208313,3.23,60016.7
9.389137744903564,3.22,59898.87
9.401646375656128,3.23,60006.87
9.413974523544312,3.22,59938.12
9.425634384155273,3.22,59918.49
9.437774181365967,3.22,59742.22
9.449854612350464,3.22,59810.69
9.458889245986938,3.23,60144.69
9.471190929412842,3.23,59987.21
9.483438730239868,3.23,59987.21
9.495731592178345,3.22,59859.66
9.508029699325562,3.22,59810.69
9.519556522369385,3.22,59761.77
9.531789302825928,3.22,59673.85
9.544009923934937,3.22,59859.66
9.556304454803467,3.22,59820.47
9.568517684936523,3.21,59362.59
9.581036806106567,3.21,59372.3
9.593143463134766,3.21,59159.46
9.60546588897705,3.21,59381.98
9.614124774932861,3.21,59333.52
9.626686811447144,3.21,59217.41
9.639181852340698,3.21,59246.41
9.651636123657227,3.21,59246.41
9.663751363754272,3.21,59111.23
9.676218032836914,3.21,59265.76
9.688209295272827,3.21,59304.47
9.700530529022217,3.21,59391.68
9.713085889816284,3.21,59372.3
9.725029230117798,3.21,59285.11
9.7372567653656,3.21,59149.82
9.7493155002594,3.21,59207.75
9.761302471160889,3.21,59314.15
9.773178100585938,3.21,59285.11
9.782443523406982,3.21,59207.75
9.794685125350952,3.21,59227.07
9.807032823562622,3.21,59304.47
9.819437026977539,3.21,59391.68
9.831740856170654,3.21,59343.21
9.844113111495972,3.22,59498.51
9.857194423675537,3.22,59440.22
9.868374824523926,3.22,59508.24
9.880863428115845,3.21,59381.98
9.892819166183472,3.22,59488.79
9.904820442199707,3.22,59488.79
9.916844606399536,3.22,59517.96
9.92905306816101,3.22,59527.69
9.938146591186523,3.22,59586.1
9.950348138809204,3.22,59644.58
9.962650537490845,3.22,59673.85
9.974951982498169,3.22,59751.99
9.987598419189453,3.22,59634.83
9.999504089355469,3.22,59791.12
10.01197624206543,3.22,59830.27
10.024157285690308,3.22,59859.66
10.036474466323853,3.22,59928.29
10.048611164093018,3.23,59967.57
10.061542987823486,3.23,59967.57
10.072688579559326,3.22,59947.93
10.084685325622559,3.23,60006.87
10.093832969665527,3.23,60105.27
10.106086254119873,3.22,59938.12
10.118501663208008,3.22,59879.26
10.130656480789185,3.22,59928.29
10.143049478530884,3.22,59820.47
10.155160427093506,3.23,60026.54
10.1674325466156,3.23,59977.39
10.179730892181396,3.23,60233.51
10.192057847976685,3.23,60115.12
10.20442795753479,3.23,60213.76
10.216131925582886,3.23,60263.15
10.228168725967407,3.23,60174.28
10.240186214447021,3.23,60194.01
10.249205827713013,3.23,60332.39
10.261549711227417,3.23,60302.71
10.273785829544067,3.23,60352.19
10.286151647567749,3.23,60352.19
10.298385381698608,3.23,60302.71
10.310342073440552,3.23,60421.57
10.32240891456604,3.23,60362.09
10.334524393081665,3.23,60401.73
10.34689474105835,3.23,60391.83
10.359082221984863,3.23,60381.91
10.371342658996582,3.24,60560.62
10.383734464645386,3.24,60590.47
10.395875215530396,3.24,60510.91
10.407992601394653,3.24,60630.3
10.417291164398193,3.24,60700.09
10.429689168930054,3.24,60670.17
10.441962957382202,3.24,60600.43
10.454172611236572,3.24,60630.3
10.466439723968506,3.23,60441.41
10.478718519210815,3.23,60421.57
10.491106033325195,3.23,60451.33
10.504151582717896,3.23,60411.64
10.515542984008789,3.24,60580.52
10.526987552642822,3.24,60769.98
10.53911805152893,3.24,60580.52
10.551380634307861,3.24,60730.03
10.563515663146973,3.24,60940.14
10.572017908096313,3.24,60910.07
10.584626197814941,3.24,60990.31
10.597020387649536,3.25,61070.69
10.60925030708313,3.26,61596.53
10.622025728225708,3.26,61984.53
10.634531021118164,3.27,62179.72
10.646726369857788,3.27,62551.78
10.659145832061768,3.27,62510.3
10.67171859741211,3.27,62572.52
10.683393955230713,3.27,62541.4
10.695444822311401,3.27,62448.14
10.708519697189331,3.27,62448.14
10.720513105392456,3.27,62593.29
10.728630542755127,3.27,62562.16
10.741003513336182,3.27,62520.66
10.753413677215576,3.27,62510.3
10.765434265136719,3.28,62801.43
10.77777624130249,3.28,62926.75
10.790007829666138,3.28,62853.6
10.802377223968506,3.27,62614.07
10.81450080871582,3.28,62686.84
10.827058792114258,3.28,62801.43
10.839215755462646,3.28,62895.39
10.851288318634033,3.28,62686.84
10.863317489624023,3.27,62645.24
10.875271558761597,3.27,62551.78
10.887232780456543,3.27,62582.91
10.896564245223999,3.27,62520.66
10.909114599227905,3.27,62614.07
10.922080993652344,3.27,62634.85
10.933300495147705,3.28,62895.39
10.94665813446045,3.28,62738.89
10.957874774932861,3.28,62759.73
10.970443964004517,3.28,62937.21
10.982682466506958,3.28,62853.6
10.994771003723145,3.28,62905.83
11.00692105293274,3.28,62832.73
11.019011974334717,3.28,62718.06
11.031050443649292,3.28,62832.73
11.042988538742065,3.27,62593.29
11.052236795425415,3.27,62531.03
11.064594984054565,3.27,62634.85
11.077061891555786,3.28,62666.04
11.088985443115234,3.27,62520.66
11.102314949035645,3.27,62334.39
11.113635540008545,3.27,62448.14
11.125958919525146,3.27,62427.43
11.138511419296265,3.27,62468.85
11.150384187698364,3.27,62510.3
11.16276240348816,3.27,62479.21
11.174581289291382,3.27,62406.74
11.186680555343628,3.27,62479.21
11.198849201202393,3.27,62344.72
11.208009719848633,3.27,62365.39
11.220313787460327,3.27,62365.39
11.232463836669922,3.27,62396.4
11.244656324386597,3.27,62386.07
11.256996631622314,3.27,62386.07
11.269187211990356,3.27,62190.01
11.281492948532104,3.27,62282.78
11.293837785720825,3.27,62231.22
11.306052207946777,3.27,62303.42
11.318397521972656,3.27,62231.22
11.330504894256592,3.27,62241.54
11.342238426208496,3.27,62458.5
11.35432243347168,3.27,62417.09
11.363550424575806,3.27,62334.39
11.375694274902344,3.27,62386.07
11.388012647628784,3.27,62365.39
11.400377750396729,3.27,62386.07
11.412557601928711,3.27,62572.52
11.42565393447876,3.27,62593.29
11.43722939491272,3.27,62603.68
11.449454069137573,3.27,62417.09
11.461801290512085,3.27,62624.46
11.475085973739624,3.28,62707.66
11.486239194869995,3.28,62666.04
11.498108148574829,3.28,62666.04
11.510165929794312,3.28,62791.0
11.521937131881714,3.28,62676.44
11.530540466308594,3.28,62822.3
11.542781829833984,3.28,62666.04
11.555009603500366,3.28,62666.04
11.567343711853027,3.28,62718.06
11.579566478729248,3.28,62738.89
11.592262983322144,3.28,62832.73
11.604612350463867,3.27,62634.85
11.617026805877686,3.28,62728.48
11.629148960113525,3.27,62582.91
11.641679048538208,3.28,62655.64
11.653971433639526,3.27,62499.92
11.665804624557495,3.27,62499.92
11.677843809127808,3.27,62572.52
11.68705415725708,3.27,62551.78
11.69924521446228,3.27,62572.52
11.711506843566895,3.27,62551.78
11.72396206855774,3.27,62645.24
11.73619556427002,3.27,62520.66
11.748423099517822,3.27,62499.92
11.760744094848633,3.27,62645.24
11.773004055023193,3.28,62655.64
11.785272598266602,3.27,62645.24
11.797640323638916,3.27,62562.16
11.81066370010376,3.27,62634.85
11.82172155380249,3.27,62582.91
11.833593130111694,3.27,62603.68
11.842674016952515,3.27,62614.07
11.855172395706177,3.27,62531.03
11.867299795150757,3.27,62593.29
11.879623174667358,3.27,62551.78
11.891910552978516,3.27,62603.68
11.904200792312622,3.27,62489.57
11.916365146636963,3.27,62437.79
11.92893671989441,3.27,62437.79
11.940919637680054,3.27,62417.09
11.953231811523438,3.27,62448.14
11.965170621871948,3.27,62510.3
11.977470636367798,3.27,62624.46
11.9894380569458,3.27,62541.4
12.00136113166809,3.27,62624.46
12.01085352897644,3.27,62634.85
12.02287220954895,3.28,62770.16
12.035423040390015,3.27,62510.3
12.047348499298096,3.27,62603.68
12.059704780578613,3.27,62531.03
12.072219610214233,3.27,62572.52
12.084519624710083,3.27,62479.21
12.096639633178711,3.28,62801.43
12.109033584594727,3.27,62541.4
12.121134519577026,3.27,62396.4
12.133132696151733,3.27,62582.91
12.145026922225952,3.27,62510.3
12.157195806503296,3.27,62355.05
12.166350364685059,3.27,62468.85
12.178618907928467,3.27,62458.5
12.19078016281128,3.28,62686.84
12.203055381774902,3.27,62603.68
12.215311527252197,3.28,62697.26
12.227641105651855,3.28,62655.64
12.239900827407837,3.27,62468.85
12.25234055519104,3.27,62468.85
12.264456272125244,3.27,62479.21
12.278266906738281,3.27,62562.16
12.288902282714844,3.27,62520.66
12.300884008407593,3.27,62489.57
12.312804460525513,3.27,62200.32
12.322051763534546,3.27,62468.85
12.334049463272095,3.27,62510.3
12.346363067626953,3.27,62406.74
12.358813285827637,3.27,62572.52
12.370996713638306,3.27,62614.07
12.3834388256073,3.28,62697.26
12.395689964294434,3.28,62666.04
12.407978057861328,3.28,62749.32
12.420209407806396,3.28,62770.16
12.432612180709839,3.28,62864.05
12.444620609283447,3.27,62572.52
12.457146644592285,3.28,62686.84
12.46860122680664,3.28,62697.26
12.480811357498169,3.28,62655.64
12.489745140075684,3.28,62759.73
12.502050638198853,3.28,62926.75
12.514381408691406,3.28,62832.73
12.526618719100952,3.28,62937.21
12.538151264190674,3.28,62749.32
12.550354242324829,3.28,62676.44
12.562596559524536,3.28,62989.53
12.574903011322021,3.28,62916.3
12.587201833724976,3.28,62926.75
12.599814176559448,3.28,62801.43
12.611769914627075,3.28,62770.16
12.624146699905396,3.28,62770.16
12.636387825012207,3.28,62864.05
12.645604372024536,3.28,62958.12
12.657837867736816,3.28,62979.06
12.670183897018433,3.28,62843.17
12.682350397109985,3.28,62874.5
12.694570779800415,3.28,62770.16
12.706872463226318,3.28,62968.59
12.71907091140747,3.28,62947.67
12.731470108032227,3.28,62947.67
12.743705987930298,3.28,62916.3
12.756103992462158,3.28,62780.58
12.768154382705688,3.28,62801.43
12.780341148376465,3.28,62884.94
12.792155742645264,3.28,62947.67
12.804201126098633,3.28,62843.17
12.813371181488037,3.28,62884.94
12.825600862503052,3.28,62822.3
12.837901830673218,3.28,62843.17
12.850318431854248,3.28,62895.39
12.862709522247314,3.28,62905.83
12.874752044677734,3.28,62853.6
12.887416362762451,3.28,62843.17
12.899441719055176,3.28,62958.12
12.91160798072815,3.28,62843.17
12.923880815505981,3.28,62874.5
12.935770273208618,3.28,62884.94
12.947880268096924,3.28,62874.5
12.959872484207153,3.28,63000.0
12.968961238861084,3.28,62937.21
12.98126769065857,3.29,63315.21
12.993682146072388,3.28,63062.88
13.006213426589966,3.28,63136.34
13.018372535705566,3.28,63094.35
13.03040599822998,3.28,63052.39
13.042847633361816,3.28,63083.86
13.055128335952759,3.28,63115.34
13.067498207092285,3.28,62916.3
13.079581499099731,3.28,63083.86
13.0919508934021,3.28,63083.86
13.103508949279785,3.29,63273.06
13.115843296051025,3.29,63346.84
13.12753963470459,3.29,63357.4
13.136937379837036,3.29,63262.53
13.14933443069458,3.29,63399.63
13.16157603263855,3.29,63346.84
13.1737380027771,3.29,63262.53
13.18625521659851,3.29,63336.3
13.19840669631958,3.29,63463.02
13.21064043045044,3.29,63315.21
13.22303318977356,3.29,63399.63
13.23530387878418,3.29,63252.0
13.247493028640747,3.29,63336.3
13.259324550628662,3.29,63325.76
13.27135419845581,3.29,63262.53
13.283350467681885,3.29,63452.46
13.292516946792603,3.29,63526.51
13.305048942565918,3.29,63441.88
13.317039966583252,3.29,63505.34
13.329237937927246,3.29,63410.18
13.341736555099487,3.29,63452.46
13.354059934616089,3.29,63590.07
13.366262435913086,3.29,63590.07
13.378620386123657,3.29,63579.48
13.391132831573486,3.29,63590.07
13.403107404708862,3.29,63590.07
13.415189981460571,3.29,63568.87
13.427059650421143,3.29,63685.59
13.439191341400146,3.29,63760.01
13.448152303695679,3.29,63706.84
13.460538625717163,3.3,63802.58
13.472913980484009,3.3,63898.52
13.485059261322021,3.3,63887.84
13.497358560562134,3.3,63866.52
13.509626388549805,3.29,63749.37
13.52200984954834,3.3,63802.58
13.53417682647705,3.3,63866.52
13.545671224594116,3.29,63547.69
13.557878255844116,3.29,63505.34
13.570090770721436,3.29,63294.13
13.582257986068726,3.29,63420.74
13.59450387954712,3.29,63389.06
13.60688328742981,3.29,63262.53
13.61613655090332,3.29,63315.21
13.62842059135437,3.29,63241.48
13.640676498413086,3.29,63241.48
13.653194665908813,3.29,63357.4
13.665270805358887,3.29,63526.51
13.677715539932251,3.29,63484.17
13.689930200576782,3.29,63452.46
13.702218532562256,3.29,63547.69
13.714385986328125,3.29,63494.75
13.72684645652771,3.29,63420.74
13.73857569694519,3.29,63441.88
13.750663995742798,3.29,63515.92
13.762866497039795,3.29,63717.46
13.771767139434814,3.3,63781.29
13.784088134765625,3.29,63760.01
13.796314716339111,3.29,63600.69
13.808538436889648,3.3,63813.23
13.820770263671875,3.3,63802.58
13.833021879196167,3.3,63962.57
13.845356941223145,3.3,63909.18
13.857994079589844,3.3,63813.23
13.870147228240967,3.3,63813.23
13.882176399230957,3.3,63855.85
13.89438533782959,3.3,64037.41
13.906349897384644,3.3,64176.72
13.918187141418457,3.3,64166.0
13.927310943603516,3.3,63930.53
13.939556360244751,3.3,64123.1
13.951831817626953,3.3,64058.82
13.964134454727173,3.3,64187.46
13.976405143737793,3.3,64166.0
13.988977193832397,3.3,64241.16
14.001363515853882,3.31,64359.49
14.013386726379395,3.31,64391.82
14.026594400405884,3.31,64586.21
14.038006067276001,3.31,64478.12
14.049912929534912,3.3,64262.65
14.061925888061523,3.31,64456.53
14.074166536331177,3.3,64208.92
14.083064079284668,3.31,64445.75
14.095296144485474,3.31,64424.17
14.107666730880737,3.3,64305.66
14.119855880737305,3.31,64402.6
14.132257223129272,3.31,64348.72
14.144486427307129,3.3,64316.43
14.156776666641235,3.31,64445.75
14.169125080108643,3.31,64488.92
14.18151593208313,3.31,64402.6
14.193663835525513,3.31,64424.17
14.20556092262268,3.31,64445.75
14.21781611442566,3.31,64467.33
14.229865312576294,3.31,64532.14
14.241711139678955,3.31,64672.87
14.251054525375366,3.31,64553.76
14.263304948806763,3.31,64683.71
14.275131464004517,3.31,64510.52
14.287610054016113,3.31,64542.96
14.299747228622437,3.31,64553.76
14.3124361038208,3.31,64618.7
14.324703693389893,3.31,64618.7
14.337544679641724,3.31,64618.7
14.349390506744385,3.31,64683.71
14.361300230026245,3.31,64694.56
14.373328685760498,3.31,64651.19
14.385331153869629,3.31,64672.87
14.397133350372314,3.31,64716.26
14.406887531280518,3.31,64694.56
14.41896367073059,3.31,64890.18
14.431254148483276,3.32,64933.74
14.443554639816284,3.31,64792.27
14.455691814422607,3.32,64922.85
14.468199729919434,3.31,64911.95
14.480594873428345,3.31,64868.4
14.492997407913208,3.31,64901.06
14.505154371261597,3.31,64803.13
14.51689624786377,3.31,64814.01
14.528913497924805,3.31,64727.1
14.54070496559143,3.31,64521.33
14.552735805511475,3.31,64607.86
14.561362028121948,3.31,64629.52
14.57371735572815,3.31,64824.88
14.586025714874268,3.31,64694.56
14.598219156265259,3.31,64662.04
14.610761880874634,3.31,64629.52
14.623015642166138,3.31,64672.87
14.635409832000732,3.31,64803.13
14.648147344589233,3.31,64618.7
14.660677671432495,3.31,64586.21
14.672882318496704,3.31,64662.04
14.684751510620117,3.31,64575.4
14.696910381317139,3.31,64445.75
14.708862543106079,3.31,64629.52
14.717945098876953,3.31,64532.14
14.730356216430664,3.31,64521.33
14.742565155029297,3.31,64521.33
14.754751682281494,3.31,64542.96
14.767107248306274,3.31,64391.82
14.779317140579224,3.31,64456.53
14.791561126708984,3.31,64424.17
14.803942680358887,3.31,64499.73
14.81638479232788,3.31,64575.4
14.82863974571228,3.31,64445.75
14.840453147888184,3.31,64575.4
14.852490425109863,3.31,64597.05
14.864708662033081,3.31,64402.6
14.873621463775635,3.31,64542.96
14.885940313339233,3.31,64391.82
14.898079633712769,3.31,64499.73
14.910479068756104,3.31,64391.82
14.922660827636719,3.31,64402.6
14.934911489486694,3.3,64251.9
14.94749927520752,3.3,64337.96
14.959632873535156,3.3,64284.15
14.971881866455078,3.3,64208.92
14.98401689529419,3.3,64090.96
14.99647855758667,3.3,64133.81
15.00820779800415,3.3,64048.12
15.020127773284912,3.3,64294.91
15.03219223022461,3.3,63919.86
15.04154109954834,3.3,64155.26
15.053730726242065,3.3,64208.92
15.066059589385986,3.3,64048.12
15.078459978103638,3.3,64133.81
15.090665817260742,3.31,64402.6
15.102969408035278,3.3,64176.72
15.115262269973755,3.3,64112.37
15.127580642700195,3.3,64187.46
15.13992428779602,3.3,64176.72
15.151784181594849,3.3,64005.33
15.163958072662354,3.3,63973.26
15.176157474517822,3.3,63941.22
15.188061237335205,3.3,64133.81
15.197134494781494,3.3,64080.24
15.20936107635498,3.3,63930.53
15.221919775009155,3.3,63877.18
15.233941316604614,3.3,63845.2
15.24549412727356,3.29,63346.84
15.257727146148682,3.29,63420.74
15.270162105560303,3.29,63484.17
15.282726049423218,3.29,63410.18
15.294872999191284,3.29,63283.6
15.307581424713135,3.29,63304.68
15.31964921951294,3.29,63431.32
15.331871271133423,3.29,63473.6
15.34347653388977,3.29,63336.3
15.352600812911987,3.29,63304.68
15.364910364151001,3.29,63367.95
15.377233028411865,3.29,63273.06
15.389570474624634,3.29,63378.51
15.40179967880249,3.29,63515.92
15.414108037948608,3.29,63515.92
15.42644214630127,3.29,63220.43
15.438639163970947,3.29,63357.4
15.451006889343262,3.29,63315.21
15.46320629119873,3.29,63346.84
15.474986791610718,3.29,63262.53
15.487089157104492,3.28,63136.34
15.499101400375366,3.29,63273.06
15.511317491531372,3.29,63294.13
15.520211219787598,3.29,63315.21
15.532596588134766,3.29,63346.84
15.544475317001343,3.29,63283.6
15.556640863418579,3.28,63115.34
15.568875789642334,3.29,63283.6
15.581162691116333,3.28,62989.53
15.593488693237305,3.28,63146.84
15.605899095535278,3.28,63136.34
15.618354082107544,3.28,63146.84
15.630686521530151,3.28,63041.91
15.64296269416809,3.28,63199.39
15.655269622802734,3.28,63083.86
15.667222023010254,3.28,62884.94
15.67650818824768,3.28,62968.59
15.688737869262695,3.28,62905.83
15.701157808303833,3.28,63073.37
15.713238716125488,3.28,62989.53
15.725478172302246,3.28,63062.88
15.737764596939087,3.28,63031.42
15.750114917755127,3.28,63052.39
15.762761116027832,3.28,63073.37
15.774611473083496,3.28,63094.35
15.786794185638428,3.28,62947.67
15.798802137374878,3.28,63010.48
15.810791730880737,3.28,63041.91
15.822879791259766,3.28,63000.0
15.83480429649353,3.28,63020.95
15.84415340423584,3.28,62916.3
15.856440544128418,3.28,62968.59
15.86872148513794,3.28,62937.21
15.881235361099243,3.28,62895.39
15.893468379974365,3.28,62884.94
15.905717611312866,3.28,62884.94
15.917992353439331,3.28,62989.53
15.930307865142822,3.28,62989.53
15.943060159683228,3.28,62916.3
15.954592943191528,3.28,62947.67
15.96709418296814,3.28,63104.83
15.978675127029419,3.28,62989.53
15.990803003311157,3.28,63000.0
15.999901533126831,3.28,62947.67
16.012346982955933,3.28,62958.12
16.024494409561157,3.28,62968.59
16.036669731140137,3.28,63094.35
16.049036741256714,3.28,62916.3
16.061439275741577,3.28,63020.95
16.073893785476685,3.28,63020.95
16.086078643798828,3.28,63083.86
16.0981388092041,3.28,63031.42
16.110452890396118,3.28,62968.59
16.122389554977417,3.28,63052.39
16.134531259536743,3.28,62979.06
16.146656274795532,3.28,63115.34
16.158549308776855,3.28,63041.91
16.167909860610962,3.28,62843.17
16.18009328842163,3.28,62822.3
16.192366361618042,3.28,62895.39
16.205639600753784,3.28,62895.39
16.217013835906982,3.28,63094.35
16.22923731803894,3.28,63020.95
16.240821838378906,3.28,62937.21
16.253387689590454,3.28,63052.39
16.265536308288574,3.28,62958.12
16.278181552886963,3.28,62937.21
16.2904109954834,3.28,63052.39
16.3021981716156,3.28,62947.67
16.31431770324707,3.28,62791.0
16.323701858520508,3.28,62916.3
16.335699558258057,3.28,62916.3
16.3481285572052,3.28,63041.91
16.361305713653564,3.28,62916.3
16.372555017471313,3.28,63073.37
16.384109497070312,3.28,62791.0
16.396645545959473,3.28,62916.3
16.409095525741577,3.28,62832.73
16.421616554260254,3.28,62926.75
16.43395972251892,3.28,62780.58
16.4459011554718,3.28,62937.21
16.45799970626831,3.28,62874.5
16.4699809551239,3.28,62780.58
16.479108572006226,3.28,62905.83
16.49143099784851,3.28,62853.6
16.50378704071045,3.28,62937.21
16.51612162590027,3.28,62874.5
16.52822971343994,3.28,62916.3
16.54051113128662,3.28,62811.85
16.55213737487793,3.28,62770.16
16.564263105392456,3.28,62979.06
16.576509475708008,3.28,62979.06
16.58877468109131,3.28,62979.06
16.600954055786133,3.28,62926.75
16.613362789154053,3.28,62926.75
16.626251935958862,3.28,62926.75
16.634081602096558,3.28,62832.73
16.646763563156128,3.28,62979.06
16.659234046936035,3.28,63000.0
16.671671152114868,3.28,62947.67
16.683873891830444,3.28,62968.59
16.6968834400177,3.28,62853.6
16.70845103263855,3.28,62853.6
16.720746278762817,3.28,62895.39
16.733020782470703,3.28,63125.83
16.74547815322876,3.28,63083.86
16.757460355758667,3.26,61912.82
16.769668579101562,3.26,61994.78
16.78140425682068,3.27,62489.57
16.79358959197998,3.28,62666.04
16.802953720092773,3.28,62791.0
16.814944744110107,3.28,62905.83
16.82747721672058,3.28,62926.75
16.839842319488525,3.28,62853.6
16.85196328163147,3.28,62958.12
16.864222288131714,3.28,62811.85
16.876460313796997,3.28,62979.06
16.88861918449402,3.28,62780.58
16.90100622177124,3.28,63031.42
16.913276433944702,3.28,63052.39
16.925095319747925,3.28,63083.86
16.937162399291992,3.29,63220.43
16.94927191734314,3.28,63125.83
16.958324193954468,3.29,63283.6
16.97067379951477,3.29,63346.84
16.98306441307068,3.29,63230.96
16.995344638824463,3.29,63304.68
17.007561445236206,3.29,63463.02
17.01979970932007,3.29,63304.68
17.03200054168701,3.29,63420.74
17.04442811012268,3.29,63410.18
17.057548761367798,3.29,63410.18
17.068819522857666,3.29,63410.18
17.080876350402832,3.29,63283.6
17.093183279037476,3.29,63304.68
17.105217218399048,3.29,63241.48
17.116841316223145,3.28,63157.35
17.126272201538086,3.28,63115.34
17.13866639137268,3.29,63262.53
17.150761127471924,3.29,63473.6
17.163187742233276,3.29,63357.4
17.175331592559814,3.29,63367.95
17.187657117843628,3.29,63230.96
17.200013399124146,3.29,63399.63
17.212223291397095,3.29,63346.84
17.224850177764893,3.29,63336.3
17.236607789993286,3.29,63304.68
17.248685836791992,3.29,63230.96
17.260826349258423,3.29,63294.13
17.272819995880127,3.29,63367.95
17.281856775283813,3.29,63367.95
17.295168161392212,3.29,63431.32
17.3064866065979,3.29,63230.96
17.318941116333008,3.29,63431.32
17.331080436706543,3.29,63452.46
17.343653678894043,3.29,63357.4
17.35552978515625,3.29,63399.63
17.36775016784668,3.29,63252.0
17.380204677581787,3.29,63590.07
17.392416954040527,3.29,63431.32
17.40459442138672,3.29,63728.1
17.416452169418335,3.29,63643.11
17.428619623184204,3.29,63515.92
17.44072699546814,3.29,63632.5
17.44983959197998,3.3,63823.89
17.46222686767578,3.29,63558.28
17.474717140197754,3.29,63484.17
17.486743450164795,3.29,63473.6
17.49918818473816,3.29,63463.02
17.51133680343628,3.29,63568.87
17.523509740829468,3.29,63346.84
17.535935878753662,3.29,63547.69
17.548065423965454,3.29,63484.17
17.55947971343994,3.29,63568.87
17.571617364883423,3.29,63717.46
17.583791255950928,3.29,63547.69
17.59595274925232,3.29,63484.17
17.604549407958984,3.29,63473.6
17.61686420440674,3.29,63452.46
17.62943696975708,3.29,63674.97
17.64158320426941,3.29,63515.92
17.654795169830322,3.29,63526.51
17.66702151298523,3.29,63621.9
17.67931365966797,3.29,63728.1
17.6916446685791,3.3,63802.58
17.703821659088135,3.29,63674.97
17.71586561203003,3.3,63791.94
17.72797441482544,3.29,63674.97
17.739970922470093,3.3,64016.03
17.75221538543701,3.29,63760.01
17.761047840118408,3.29,63579.48
17.773425102233887,3.29,63664.34
17.78565287590027,3.3,63802.58
17.797903060913086,3.3,63877.18
17.810553073883057,3.29,63685.59
17.822569131851196,3.29,63717.46
17.834790468215942,3.29,63505.34
17.84736180305481,3.29,63547.69
17.859360218048096,3.29,63590.07
17.87171459197998,3.29,63473.6
17.883679151535034,3.29,63441.88
17.895655632019043,3.29,63600.69
17.907874822616577,3.29,63579.48
17.916894912719727,3.29,63674.97
17.929173946380615,3.29,63664.34
17.94133710861206,3.29,63653.73
17.953798294067383,3.29,63558.28
17.965993404388428,3.29,63547.69
17.978129148483276,3.29,63484.17
17.990514993667603,3.29,63558.28
18.002814769744873,3.29,63537.09
18.0150945186615,3.29,63526.51
18.027467966079712,3.29,63515.92
18.03946042060852,3.29,63378.51
18.051504611968994,3.29,63484.17
18.06347346305847,3.29,63558.28
18.07547950744629,3.29,63505.34
18.084688901901245,3.29,63558.28
18.097350597381592,3.29,63674.97
18.109206438064575,3.29,63717.46
18.12169313430786,3.29,63568.87
18.133793592453003,3.29,63262.53
18.146223545074463,3.29,63410.18
18.158894300460815,3.29,63547.69
18.17075252532959,3.29,63346.84
18.18306803703308,3.29,63484.17
18.19557523727417,3.29,63441.88
18.20736026763916,3.29,63315.21
18.219354391098022,3.29,63441.88
18.231499910354614,3.29,63590.07
18.240257263183594,3.29,63653.73
18.253058195114136,3.29,63526.51
18.264967441558838,3.29,63579.48
18.277193784713745,3.29,63590.07
18.28944444656372,3.29,63643.11
18.302693367004395,3.3,63855.85
18.314002752304077,3.3,63781.29
18.32624840736389,3.29,63770.65
18.33876061439514,3.3,63791.94
18.350744009017944,3.29,63760.01
18.362781286239624,3.3,63845.2
18.375298023223877,3.29,63770.65
18.386974096298218,3.3,64069.53
18.399022579193115,3.3,63930.53
18.408515691757202,3.3,63802.58
18.420554161071777,3.29,63770.65
18.432796001434326,3.29,63717.46
18.445262908935547,3.29,63547.69
18.45748805999756,3.29,63389.06
18.4698326587677,3.29,63441.88
18.48200273513794,3.29,63685.59
18.494330883026123,3.29,63558.28
18.507086277008057,3.29,63760.01
18.518023252487183,3.3,63823.89
18.53031325340271,3.29,63537.09
18.54292392730713,3.29,63420.74
18.55472493171692,3.29,63632.5
18.563886404037476,3.29,63547.69
18.5752854347229,3.29,63728.1
18.58754587173462,3.29,63696.22
18.59988808631897,3.3,63845.2
18.61212134361267,3.29,63547.69
18.624431133270264,3.29,63749.37
18.636959314346313,3.29,63600.69
18.649585485458374,3.29,63706.84
18.661799669265747,3.3,63813.23
18.67417287826538,3.3,63919.86
18.686290979385376,3.3,63866.52
18.69842553138733,3.3,63930.53
18.71053409576416,3.3,63845.2
18.719775915145874,3.3,63866.52
18.731741428375244,3.3,63877.18
18.744149208068848,3.3,63823.89
18.756420612335205,3.3,63919.86
18.76865267753601,3.3,63909.18
18.78103518486023,3.3,63855.85
18.793231964111328,3.3,63877.18
18.805549383163452,3.3,63941.22
18.817890644073486,3.3,64005.33
18.830068826675415,3.3,64005.33
18.84217596054077,3.3,64026.72
18.85421586036682,3.3,63983.94
18.86624002456665,3.3,63930.53
18.87804675102234,3.3,63877.18
18.887590169906616,3.3,63823.89
18.899715900421143,3.3,63919.86
18.912014484405518,3.3,63919.86
18.92444109916687,3.3,64016.03
18.936750650405884,3.3,63887.84
18.949010610580444,3.3,63951.89
18.961480855941772,3.3,64037.41
18.9735586643219,3.3,63898.52
18.98579430580139,3.3,64069.53
18.9978449344635,3.3,64155.26
19.0098774433136,3.3,64187.46
19.021780490875244,3.3,64273.4
19.033671855926514,3.29,63738.73
19.043025970458984,3.3,63834.54
19.055431604385376,3.3,63898.52
19.067708015441895,3.3,63887.84
19.07998824119568,3.3,64069.53
19.092376708984375,3.3,63930.53
19.104506731033325,3.3,64037.41
19.116865158081055,3.3,63973.26
19.129157781600952,3.3,64026.72
19.141361951828003,3.3,63941.22
19.153557300567627,3.3,63941.22
19.165789365768433,3.3,63951.89
19.177482843399048,3.3,63951.89
19.189534425735474,3.29,63696.22
19.198874711990356,3.3,63834.54
19.21108651161194,3.3,63898.52
19.223479986190796,3.3,64026.72
19.235536813735962,3.3,63973.26
19.247881650924683,3.3,63983.94
19.26004457473755,3.3,63951.89
19.272305488586426,3.3,63930.53
19.28455090522766,3.3,63834.54
19.297255754470825,3.3,63823.89
19.309297561645508,3.3,63855.85
19.32121777534485,3.3,64037.41
19.333385229110718,3.3,63909.18
19.3455650806427,3.3,63866.52
19.354287147521973,3.3,63866.52
19.366732835769653,3.3,63973.26
19.37905478477478,3.3,63898.52
19.39138174057007,3.3,63877.18
19.403718948364258,3.3,63834.54
19.415780544281006,3.3,63898.52
19.428131818771362,3.3,63845.2
19.44030237197876,3.3,63823.89
19.452502965927124,3.3,63983.94
19.464898586273193,3.29,63706.84
19.47692608833313,3.29,63760.01
19.48890256881714,3.3,63802.58
19.500924110412598,3.3,63962.57
19.512991189956665,3.29,63653.73
19.522279977798462,3.3,63930.53
19.534741640090942,3.3,63877.18
19.546975135803223,3.3,63813.23
19.559140920639038,3.29,63728.1
19.570920705795288,3.29,63706.84
19.582883834838867,3.29,63643.11
19.59510064125061,3.29,63696.22
19.60740852355957,3.29,63717.46
19.61966633796692,3.3,63994.64
19.632407665252686,3.29,63579.48
19.644227504730225,3.29,63664.34
19.656533241271973,3.29,63547.69
19.6687171459198,3.29,63537.09
19.67758870124817,3.29,63294.13
19.69015336036682,3.29,63600.69
19.70260787010193,3.29,63621.9
19.7148654460907,3.29,63420.74
19.727043390274048,3.29,63420.74
19.73939561843872,3.29,63526.51
19.75163698196411,3.29,63696.22
19.76410460472107,3.29,63558.28
19.77638030052185,3.29,63664.34
19.788485527038574,3.29,63494.75
19.800435543060303,3.29,63653.73
19.812429189682007,3.29,63674.97
19.825639486312866,3.3,63898.52
19.836623907089233,3.29,63664.34
19.84596276283264,3.3,63845.2
19.858125925064087,3.29,63643.11
19.870431900024414,3.29,63558.28
19.882681608200073,3.29,63367.95
19.895172595977783,3.29,63399.63
19.907268524169922,3.29,63410.18
19.919538497924805,3.29,63568.87
19.931950092315674,3.29,63558.28
19.944156408309937,3.29,63600.69
19.956448554992676,3.29,63674.97
19.96821665763855,3.29,63621.9
19.98026704788208,3.29,63579.48
19.992355823516846,3.3,63791.94
20.001577615737915,3.29,63621.9
20.013969898223877,3.3,63866.52
20.026219844818115,3.29,63611.28
20.038322925567627,3.29,63484.17
20.050681352615356,3.29,63526.51
20.063082218170166,3.29,63590.07
20.07526731491089,3.29,63526.51
20.087866067886353,3.29,63473.6
20.0998957157135,3.29,63770.65
20.112058639526367,3.29,63749.37
20.12427067756653,3.29,63621.9
20.136017322540283,3.29,63632.5
20.148295640945435,3.29,63611.28
20.157499313354492,3.29,63728.1
20.16944169998169,3.29,63547.69
20.181700229644775,3.29,63621.9
20.19402813911438,3.3,63791.94
20.206798791885376,3.29,63717.46
20.218945741653442,3.3,63877.18
20.230952501296997,3.3,63941.22
20.24348783493042,3.3,64005.33
20.255768537521362,3.29,63717.46
20.267666339874268,3.29,63674.97
20.280357122421265,3.3,63866.52
20.29172992706299,3.29,63685.59
20.303888082504272,3.29,63738.73
20.315886735916138,3.3,63813.23
20.325188398361206,3.29,63674.97
20.33737802505493,3.29,63696.22
20.34959578514099,3.29,63621.9
20.36186933517456,3.3,63823.89
20.37415361404419,3.29,63674.97
20.386510848999023,3.29,63728.1
20.39882254600525,3.29,63515.92
20.411197900772095,3.29,63441.88
20.423314332962036,3.29,63441.88
20.435275077819824,3.29,63484.17
20.44757342338562,3.29,63717.46
20.459545850753784,3.3,63877.18
20.4716956615448,3.29,63770.65
20.480770587921143,3.3,63823.89
20.492931842803955,3.3,64123.1
20.50512170791626,3.3,64069.53
20.517487049102783,3.3,63941.22
20.529759168624878,3.3,64026.72
20.541985273361206,3.3,63781.29
20.55426859855652,3.3,63909.18
20.566678285598755,3.3,64144.55
20.578071117401123,3.3,64016.03
20.59027886390686,3.3,64219.67
20.60257077217102,3.3,64123.1
20.614697217941284,3.3,64198.19
20.62697124481201,3.3,64155.26
20.63584041595459,3.3,64230.41
20.647955417633057,3.3,64219.67
20.660292625427246,3.3,64294.91
20.67310857772827,3.3,64166.0
20.685657739639282,3.3,64176.72
20.69784927368164,3.3,63962.57
20.710185289382935,3.29,63749.37
20.72241735458374,3.3,63866.52
20.73480725288391,3.29,63674.97
20.74690580368042,3.29,63537.09
20.758825302124023,3.3,63919.86
20.771174430847168,3.3,63930.53
20.782920122146606,3.3,63823.89
20.79201912879944,3.29,63760.01
20.805306673049927,3.3,63781.29
20.81654167175293,3.3,64273.4
20.829018115997314,3.3,63973.26
20.841367483139038,3.3,64166.0
20.85346293449402,3.3,64166.0
20.865816354751587,3.3,64166.0
20.87796711921692,3.3,63845.2
20.89036226272583,3.3,63898.52
20.9022536277771,3.3,63887.84
20.914560556411743,3.3,63845.2
20.926552295684814,3.29,63674.97
20.938645601272583,3.3,63930.53
20.94766855239868,3.29,63738.73
20.960522890090942,3.3,63834.54
20.973086833953857,3.3,63898.52
20.984631061553955,3.3,64080.24
20.99713635444641,3.3,63973.26
21.009238958358765,3.3,63877.18
21.022350311279297,3.3,64080.24
21.033778429031372,3.3,64037.41
21.045889616012573,3.3,63941.22
21.05825185775757,3.3,64058.82
21.07030725479126,3.3,63983.94
21.082216501235962,3.3,63951.89
21.09438967704773,3.3,64123.1
21.10620093345642,3.3,64123.1
21.115662336349487,3.3,64080.24
21.12788438796997,3.3,63962.57
21.140092849731445,3.3,64112.37
21.152592182159424,3.3,63855.85
21.164798498153687,3.3,63834.54
21.177215337753296,3.3,64005.33
21.189273357391357,3.3,63909.18
21.201667308807373,3.3,64016.03
21.214162826538086,3.3,63962.57
21.226083755493164,3.3,63887.84
21.237916469573975,3.3,63834.54
21.250043153762817,3.3,63962.57
21.261807203292847,3.3,63909.18
21.271235466003418,3.3,63813.23
21.28346061706543,3.3,63791.94
21.295884609222412,3.3,63909.18
21.308103322982788,3.3,63781.29
21.3203182220459,3.3,63877.18
21.33403515815735,3.3,63813.23
21.345120906829834,3.3,63802.58
21.357587814331055,3.29,63728.1
21.369525909423828,3.29,63749.37
21.38158869743347,3.3,63834.54
21.393661737442017,3.29,63611.28
21.405566215515137,3.29,63760.01
21.41745638847351,3.29,63674.97
21.42702078819275,3.3,63919.86
21.439134120941162,3.29,63696.22
21.45136833190918,3.3,63855.85
21.4636447429657,3.29,63738.73
21.476081609725952,3.3,63791.94
21.488256216049194,3.29,63590.07
21.501549005508423,3.3,63791.94
21.512906074523926,3.3,63951.89
21.52500343322754,3.29,63674.97
21.53644585609436,3.3,63802.58
21.548648357391357,3.29,63717.46
21.560832023620605,3.29,63515.92
21.572965621948242,3.29,63452.46
21.581488370895386,3.29,63399.63
21.593799114227295,3.3,63909.18
21.60607099533081,3.3,63823.89
21.618332386016846,3.29,63696.22
21.630635976791382,3.3,63802.58
21.64286780357361,3.3,63834.54
21.655205965042114,3.3,63887.84
21.667437076568604,3.3,63813.23
21.679718255996704,3.3,63898.52
21.691982746124268,3.29,63760.01
21.704193592071533,3.3,63791.94
21.716418743133545,3.3,63866.52
21.72864556312561,3.3,63962.57
21.73708152770996,3.3,63813.23
21.74937629699707,3.3,63909.18
21.76166009902954,3.3,64026.72
21.773946285247803,3.3,63909.18
21.786221265792847,3.29,63770.65
21.7985098361969,3.3,63909.18
21.810800790786743,3.3,63951.89
21.82319164276123,3.3,64144.55
21.835549354553223,3.3,64069.53
21.847909450531006,3.3,63941.22
21.86015558242798,3.3,63919.86
21.87236523628235,3.3,64155.26
21.885199308395386,3.3,64208.92
21.89667797088623,3.3,64026.72
21.90640687942505,3.3,64112.37
21.918574571609497,3.3,64112.37
21.930573225021362,3.3,64037.41
21.94289493560791,3.3,64069.53
21.955365419387817,3.3,64080.24
21.967567443847656,3.3,64058.82
21.979731559753418,3.3,63983.94
21.99214005470276,3.3,64048.12
22.00447130203247,3.3,63866.52
22.016502380371094,3.29,63749.37
22.02863049507141,3.29,63621.9
22.04038977622986,3.3,63813.23
22.05260944366455,3.29,63568.87
22.06165099143982,3.3,63781.29
22.07409143447876,3.3,63781.29
22.086358547210693,3.29,63770.65
22.098748683929443,3.3,63802.58
22.110751628875732,3.3,63845.2
22.12308669090271,3.29,63643.11
22.135608196258545,3.3,63845.2
22.147835969924927,3.3,64037.41
22.16000771522522,3.3,63941.22
22.172187089920044,3.3,63791.94
22.184389352798462,3.3,63855.85
22.19618844985962,3.29,63749.37
22.20845866203308,3.3,63983.94
22.217264413833618,3.3,63962.57
22.22960925102234,3.3,64090.96
22.24201726913452,3.3,63973.26
22.25422692298889,3.3,63877.18
22.266530752182007,3.29,63770.65
22.278708696365356,3.29,63770.65
22.29112672805786,3.29,63770.65
22.30341339111328,3.29,63579.48
22.31561017036438,3.29,63760.01
22.327857971191406,3.3,63823.89
22.340048789978027,3.3,63823.89
22.351898193359375,3.3,63781.29
22.363999128341675,3.3,63877.18
22.376561164855957,3.3,63866.52
22.38524103164673,3.3,63919.86
22.397390842437744,3.3,64080.24
22.40996026992798,3.3,64016.03
22.422187089920044,3.3,64327.19
22.43435025215149,3.3,64176.72
22.446672439575195,3.3,64090.96
22.45893883705139,3.3,64080.24
22.471379041671753,3.3,64176.72
22.48365545272827,3.3,64230.41
22.495660543441772,3.3,64080.24
22.50767683982849,3.3,64005.33
22.519922018051147,3.3,64037.41
22.531781673431396,3.3,63973.26
22.540888786315918,3.3,64048.12
22.553224325180054,3.3,63994.64
22.56544017791748,3.3,64090.96
22.576974868774414,3.3,64166.0
22.589168310165405,3.3,63887.84
22.601458311080933,3.3,64037.41
22.613757133483887,3.3,63855.85
22.626031160354614,3.3,63887.84
22.638431787490845,3.3,63845.2
22.650794506072998,3.3,63962.57
22.662987232208252,3.3,63887.84
22.675113439559937,3.3,63823.89
22.687275171279907,3.3,63930.53
22.69661831855774,3.3,63898.52
22.708991050720215,3.3,63951.89
22.72116494178772,3.3,64026.72
22.733347415924072,3.3,63813.23
22.74579691886902,3.3,63994.64
22.758064031600952,3.3,63983.94
22.77021026611328,3.3,64016.03
22.782655954360962,3.3,63994.64
22.794818878173828,3.3,63941.22
22.806957006454468,3.3,64166.0
22.81915044784546,3.3,63951.89
22.830667972564697,3.3,64176.72
22.842931509017944,3.3,63877.18
22.85199284553528,3.3,63919.86
22.864497423171997,3.3,63855.85
22.87670660018921,3.3,64037.41
22.889041900634766,3.3,64026.72
22.901447534561157,3.3,64187.46
22.913676023483276,3.3,64005.33
22.92532181739807,3.3,63994.64
22.937808990478516,3.3,64058.82
22.950617790222168,3.3,64316.43
22.962719202041626,3.3,64187.46
22.974581241607666,3.3,64037.41
22.98678493499756,3.3,64058.82
22.998709440231323,3.3,64241.16
23.00790047645569,3.3,64241.16
23.02008366584778,3.3,64251.9
23.03235626220703,3.3,63909.18
23.044750928878784,3.29,63738.73
23.057044744491577,3.29,63579.48
23.069196939468384,3.29,63600.69
23.081612586975098,3.29,63410.18
23.09391450881958,3.29,63537.09
23.106217861175537,3.29,63336.3
23.118303775787354,3.28,63052.39
23.13032293319702,3.28,63167.86
23.14251947402954,3.28,62979.06
23.15454888343811,3.28,63052.39
23.1664617061615,3.28,63125.83
23.175776481628418,3.28,63125.83
23.188189029693604,3.29,63378.51
23.200572967529297,3.29,63346.84
23.212507486343384,3.28,63104.83
23.22504425048828,3.28,63136.34
23.237166166305542,3.28,63199.39
23.249447345733643,3.29,63283.6
23.261775016784668,3.29,63273.06
23.274131536483765,3.28,63136.34
23.28665518760681,3.28,63146.84
23.298461437225342,3.29,63209.92
23.31034755706787,3.28,63199.39
23.322239875793457,3.29,63283.6
23.331597328186035,3.28,63188.88
23.34365677833557,3.29,63336.3
23.35600256919861,3.29,63378.51
23.368235111236572,3.29,63515.92
23.38050603866577,3.29,63346.84
23.39266324043274,3.28,63188.88
23.405200004577637,3.29,63241.48
23.41744589805603,3.29,63389.06
23.4296715259552,3.29,63494.75
23.44196581840515,3.29,63579.48
23.45409059524536,3.29,63590.07
23.4661865234375,3.29,63441.88
23.477988719940186,3.29,63505.34
23.487139225006104,3.29,63537.09
23.499252319335938,3.29,63568.87
23.51158881187439,3.29,63579.48
23.52388286590576,3.29,63505.34
23.5362389087677,3.29,63431.32
23.549211025238037,3.29,63484.17
23.560770511627197,3.29,63346.84
23.572994232177734,3.29,63420.74
23.58451795578003,3.29,63315.21
23.596726417541504,3.29,63441.88
23.608930110931396,3.29,63410.18
23.621167421340942,3.29,63473.6
23.633268117904663,3.29,63484.17
23.64572310447693,3.29,63505.34
23.654234886169434,3.29,63515.92
23.666764736175537,3.29,63378.51
23.678903341293335,3.29,63410.18
23.691757917404175,3.29,63547.69
23.704147338867188,3.29,63505.34
23.71746826171875,3.29,63526.51
23.72879719734192,3.29,63696.22
23.740954160690308,3.29,63547.69
23.753344535827637,3.29,63378.51
23.765591144561768,3.29,63674.97
23.77748680114746,3.29,63728.1
23.789599657058716,3.29,63568.87
23.801811933517456,3.29,63760.01
23.810591220855713,3.29,63283.6
23.82291030883789,3.29,63494.75
23.835245370864868,3.29,63473.6
23.84751009941101,3.29,63568.87
23.85981011390686,3.29,63325.76
23.87213969230652,3.28,62968.59
23.884485483169556,3.29,63315.21
23.89670729637146,3.29,63357.4
23.9089674949646,3.29,63420.74
23.921236038208008,3.29,63357.4
23.933318853378296,3.29,63315.21
23.94533085823059,3.29,63410.18
23.95826768875122,3.29,63389.06
23.96950078010559,3.29,63241.48
23.978538036346436,3.28,63031.42
23.9908607006073,3.29,63220.43
24.00307846069336,3.29,63357.4
24.0155508518219,3.29,63252.0
24.027670860290527,3.29,63230.96
24.04005265235901,3.28,63178.36
24.05257296562195,3.28,63167.86
24.064558744430542,3.29,63230.96
24.076932430267334,3.28,63146.84
24.08899164199829,3.29,63294.13
24.101115465164185,3.29,63346.84
24.113041400909424,3.28,63115.34
24.125154733657837,3.29,63252.0
24.134217739105225,3.29,63336.3
24.146539449691772,3.29,63389.06
24.15919542312622,3.29,63367.95
24.171184062957764,3.28,63199.39
24.18338656425476,3.29,63325.76
24.195598125457764,3.29,63209.92
24.207998037338257,3.28,63146.84
24.22013545036316,3.28,63136.34
24.232682704925537,3.29,63230.96
24.245110511779785,3.28,63167.86
24.25681209564209,3.28,63199.39
24.268943309783936,3.28,63125.83
24.280978679656982,3.28,63052.39
24.292839765548706,3.28,62895.39
24.30212712287903,3.28,63157.35
24.314388275146484,3.28,62905.83
24.326890230178833,3.28,62989.53
24.338921785354614,3.28,63146.84
24.351218938827515,3.28,63188.88
24.363590717315674,3.29,63273.06
24.37577986717224,3.29,63283.6
24.38811421394348,3.29,63294.13
24.400779247283936,3.29,63220.43
24.412445068359375,3.29,63220.43
24.424652576446533,3.29,63315.21
24.436528205871582,3.28,63199.39
24.44870948791504,3.29,63209.92
24.457866668701172,3.28,63199.39
24.469936847686768,3.28,63000.0
24.482126235961914,3.28,62989.53
24.494881629943848,3.28,62968.59
24.50697374343872,3.28,62884.94
24.51913332939148,3.28,62895.39
24.531536102294922,3.28,62770.16
24.543744564056396,3.28,62697.26
24.55612277984619,3.28,62832.73
24.568485260009766,3.28,62864.05
24.580199241638184,3.28,63136.34
24.591813802719116,3.28,62811.85
24.603971004486084,3.28,62738.89
24.616116046905518,3.28,62686.84
24.624763011932373,3.28,62832.73
24.637084007263184,3.28,62759.73
24.649858236312866,3.28,62728.48
24.661749124526978,3.27,62489.57
24.67429780960083,3.27,62614.07
24.68652844429016,3.27,62634.85
24.69930911064148,3.27,62645.24
24.711862087249756,3.28,62707.66
24.724032163619995,3.27,62645.24
24.73619532585144,3.28,62697.26
24.748777866363525,3.27,62645.24
24.760082483291626,3.27,62551.78
24.772090435028076,3.27,62499.92
24.781259298324585,3.27,62582.91
24.793560028076172,3.27,62614.07
24.805959939956665,3.27,62624.46
24.81812357902527,3.27,62541.4
24.83065366744995,3.27,62531.03
24.84273672103882,3.27,62634.85
24.855024576187134,3.27,62582.91
24.86743402481079,3.28,62718.06
24.879557371139526,3.28,62655.64
24.89170551300049,3.27,62603.68
24.903913974761963,3.27,62645.24
24.915874481201172,3.28,62780.58
24.928009748458862,3.28,62718.06
24.93708634376526,3.27,62572.52
24.949224710464478,3.28,62676.44
24.96162247657776,3.28,62666.04
24.973807096481323,3.28,62676.44
24.98624587059021,3.28,62707.66
24.99863362312317,3.28,62728.48
25.010695457458496,3.28,62749.32
25.023095846176147,3.27,62562.16
25.035467624664307,3.27,62572.52
25.04744529724121,3.28,62655.64
25.05955410003662,3.27,62531.03
25.071569442749023,3.27,62593.29
25.083706617355347,3.27,62531.03
25.095503568649292,3.27,62499.92
25.105044841766357,3.27,62210.61
25.117586374282837,3.27,62313.75
25.12942337989807,3.27,62251.84
25.141952991485596,3.27,62251.84
25.154107570648193,3.27,62231.22
25.167232036590576,3.27,62406.74
25.178845405578613,3.27,62386.07
25.190953493118286,3.27,62272.46
25.203131198883057,3.27,62437.79
25.215292930603027,3.27,62355.05
25.227215051651,3.27,62313.75
25.2394015789032,3.27,62365.39
25.251330852508545,3.27,62427.43
25.260555267333984,3.27,62499.92
25.273041486740112,3.27,62386.07
25.285137176513672,3.27,62365.39
25.297382831573486,3.27,62406.74
25.310006856918335,3.27,62251.84
25.322426080703735,3.27,62251.84
25.33423638343811,3.27,62272.46
25.346471786499023,3.27,62355.05
25.360390186309814,3.27,62324.07
25.370900630950928,3.27,62262.15
25.383070707321167,3.27,62355.05
25.395265817642212,3.27,62262.15
25.407094955444336,3.27,62468.85
25.416211366653442,3.27,62562.16
25.428396701812744,3.28,62791.0
25.440850734710693,3.28,62801.43
25.452964067459106,3.28,62728.48
25.46480369567871,3.28,62666.04
25.476829528808594,3.27,62572.52
25.489139556884766,3.28,62676.44
25.501535177230835,3.28,62738.89
25.51401162147522,3.28,62728.48
25.52656078338623,3.28,62697.26
25.538752555847168,3.28,62686.84
25.55091691017151,3.28,62884.94
25.562828540802002,3.28,62770.16
25.574698209762573,3.28,62884.94
25.58434557914734,3.28,62697.26
25.596348524093628,3.28,62905.83
25.607778072357178,3.27,62614.07
25.62005639076233,3.28,62749.32
25.63233757019043,3.28,62676.44
25.64461398124695,3.28,62895.39
25.656888723373413,3.28,62749.32
25.669246435165405,3.27,62593.29
25.681584358215332,3.27,62624.46
25.694595336914062,3.27,62562.16
25.706187963485718,3.27,62520.66
25.718483686447144,3.27,62520.66
25.730841875076294,3.27,62386.07
25.73975133895874,3.27,62614.07
25.752105951309204,3.27,62448.14
25.76453399658203,3.27,62572.52
25.77663803100586,3.27,62479.21
25.78901958465576,3.27,62551.78
25.801259517669678,3.27,62468.85
25.813406229019165,3.27,62551.78
25.82575035095215,3.27,62572.52
25.83801007270813,3.27,62541.4
25.850223541259766,3.27,62468.85
25.862195014953613,3.27,62437.79
25.874298095703125,3.27,62531.03
25.886459589004517,3.28,62686.84
25.898200273513794,3.28,62686.84
25.907730102539062,3.27,62603.68
25.919912815093994,3.28,62707.66
25.932238817214966,3.28,62853.6
25.944639921188354,3.27,62645.24
25.95691704750061,3.27,62510.3
25.969186544418335,3.27,62479.21
25.9815616607666,3.27,62448.14
25.993932962417603,3.27,62386.07
26.00593090057373,3.27,62437.79
26.01804757118225,3.27,62572.52
26.03007698059082,3.27,62603.68
26.041941165924072,3.27,62572.52
26.05410099029541,3.27,62479.21
26.06325101852417,3.27,62582.91
26.075697898864746,3.28,62666.04
26.08796191215515,3.28,62697.26
26.10029935836792,3.28,62655.64
26.11271047592163,3.28,62822.3
26.125003814697266,3.28,62676.44
26.13706612586975,3.27,62562.16
26.1494038105011,3.27,62634.85
26.161664485931396,3.27,62645.24
26.17402672767639,3.27,62614.07
26.18572688102722,3.27,62593.29
26.19792103767395,3.28,62676.44
26.20999550819397,3.28,62655.64
26.21910047531128,3.28,62697.26
26.231223583221436,3.28,62738.89
26.243645429611206,3.27,62624.46
26.25597643852234,3.28,62676.44
26.268409252166748,3.27,62572.52
26.280330181121826,3.27,62614.07
26.292850732803345,3.27,62531.03
26.305078983306885,3.28,62738.89
26.317445039749146,3.27,62634.85
26.32966661453247,3.28,62780.58
26.341492414474487,3.28,62895.39
26.35454225540161,3.28,62770.16
26.36579179763794,3.28,62926.75
26.377569437026978,3.28,62874.5
26.387032508850098,3.28,62979.06
26.399132251739502,3.28,63010.48
26.411794900894165,3.28,63125.83
26.423790216445923,3.28,63041.91
26.43589687347412,3.28,63094.35
26.448124170303345,3.28,62905.83
26.460521459579468,3.28,62958.12
26.472994089126587,3.28,62926.75
26.485119581222534,3.28,62937.21
26.49730396270752,3.28,62968.59
26.50935125350952,3.28,62989.53
26.521222352981567,3.28,63041.91
26.53335213661194,3.28,62874.5
26.542700052261353,3.28,62864.05
26.554701805114746,3.28,62791.0
26.567176580429077,3.28,62801.43
26.579529285430908,3.28,62979.06
26.59159779548645,3.28,62968.59
26.603158473968506,3.28,62905.83
26.615331649780273,3.28,62822.3
26.627634525299072,3.28,62801.43
26.63989281654358,3.27,62582.91
26.652151584625244,3.28,62718.06
26.664539337158203,3.27,62645.24
26.67674946784973,3.28,62822.3
26.689059257507324,3.28,62759.73
26.69763469696045,3.28,62655.64
26.710336208343506,3.28,62958.12
26.7226619720459,3.28,62926.75
26.73497438430786,3.28,62937.21
26.747262716293335,3.28,62811.85
26.75964593887329,3.28,62770.16
26.771966218948364,3.28,62853.6
26.784142017364502,3.28,62759.73
26.79665756225586,3.28,62905.83
26.808868646621704,3.28,62738.89
26.82058811187744,3.28,63031.42
26.832627534866333,3.28,63062.88
26.844674587249756,3.28,62895.39
26.856974124908447,3.28,63010.48
26.86650562286377,3.28,62895.39
26.878303289413452,3.28,63020.95
26.8909273147583,3.28,62958.12
26.903054237365723,3.28,63041.91
26.915297031402588,3.28,62989.53
26.927574157714844,3.28,62780.58
26.939798831939697,3.28,63010.48
26.952112197875977,3.28,62801.43
26.96442222595215,3.28,62738.89
26.976765155792236,3.28,62832.73
26.988442420959473,3.28,63020.95
27.000591039657593,3.28,62801.43
27.012656688690186,3.28,62843.17
27.02177405357361,3.28,62843.17
27.034077167510986,3.28,62926.75
27.04665231704712,3.28,62884.94
27.058571577072144,3.28,62937.21
27.070999145507812,3.28,62770.16
27.08340334892273,3.28,62738.89
27.095396518707275,3.28,62707.66
27.107745885849,3.27,62614.07
27.1200213432312,3.28,62676.44
27.13244891166687,3.28,62749.32
27.144395351409912,3.28,62728.48
27.15645980834961,3.28,62780.58
27.168488264083862,3.28,62749.32
27.1805362701416,3.28,62801.43
27.189629077911377,3.28,62738.89
27.201948881149292,3.28,62822.3
27.214146375656128,3.28,63041.91
27.227007150650024,3.28,62937.21
27.238763332366943,3.28,62832.73
27.251025438308716,3.28,62937.21
27.263534784317017,3.28,62811.85
27.275755882263184,3.28,63010.48
27.287978172302246,3.28,63125.83
27.300057649612427,3.28,62791.0
27.312094926834106,3.28,62989.53
27.325133800506592,3.28,63031.42
27.33621621131897,3.28,62926.75
27.345257997512817,3.28,63041.91
27.357588291168213,3.28,63115.34
27.369855165481567,3.28,63157.35
27.382065057754517,3.28,63094.35
27.394526720046997,3.28,62947.67
27.406839847564697,3.28,63010.48
27.41913938522339,3.28,62979.06
27.43113684654236,3.28,62884.94
27.443686485290527,3.28,62926.75
27.45589852333069,3.28,62864.05
27.467791318893433,3.28,63146.84
27.47987723350525,3.28,62979.06
27.491997957229614,3.28,62979.06
27.503915071487427,3.28,62853.6
27.513383150100708,3.28,62905.83
27.52548623085022,3.28,62811.85
27.537847757339478,3.28,62770.16
27.55024003982544,3.27,62624.46
27.562626123428345,3.27,62624.46
27.574761390686035,3.28,62759.73
27.587135791778564,3.27,62541.4
27.599316120147705,3.27,62355.05
27.610718965530396,3.27,62551.78
27.62284207344055,3.28,62655.64
27.635010957717896,3.27,62499.92
27.64713191986084,3.27,62499.92
27.659419298171997,3.27,62603.68
27.66846251487732,3.27,62458.5
27.68054223060608,3.27,62458.5
27.693026542663574,3.27,62365.39
27.70557737350464,3.27,62479.21
27.717973232269287,3.27,62614.07
27.730417490005493,3.27,62645.24
27.74250864982605,3.27,62624.46
27.754968404769897,3.27,62624.46
27.767215251922607,3.27,62479.21
27.779531955718994,3.27,62448.14
27.791271686553955,3.27,62437.79
27.80344271659851,3.27,62375.72
27.81534171104431,3.27,62386.07
27.8244411945343,3.27,62324.07
27.836790084838867,3.27,62396.4
27.849199533462524,3.27,62427.43
27.861347436904907,3.27,62375.72
27.873735904693604,3.27,62427.43
27.885883808135986,3.27,62159.14
27.898391008377075,3.27,62437.79
27.910555601119995,3.27,62282.78
27.92285704612732,3.27,62344.72
27.93507146835327,3.27,62375.72
27.947010278701782,3.27,62231.22
27.95902442932129,3.27,62262.15
27.97121500968933,3.27,62355.05
27.9802565574646,3.27,62220.92
27.992403030395508,3.27,62282.78
28.004741430282593,3.27,62375.72
28.01696538925171,3.27,62344.72
28.029427528381348,3.27,62355.05
28.04162335395813,3.27,62365.39
28.05403971672058,3.27,62386.07
28.06708574295044,3.27,62386.07
28.078450679779053,3.27,62355.05
28.090707778930664,3.27,62344.72
28.102716207504272,3.27,62262.15
28.11513590812683,3.27,62272.46
28.126935720443726,3.27,62293.1
28.138814210891724,3.27,62396.4
28.148085355758667,3.27,62282.78
28.160400390625,3.27,62231.22
28.172605514526367,3.27,62313.75
28.184953689575195,3.27,62210.61
28.1973614692688,3.27,62200.32
28.209564447402954,3.27,62179.72
28.221750020980835,3.27,62210.61
28.234068632125854,3.27,62159.14
28.246482610702515,3.27,62138.56
28.258418798446655,3.27,62210.61
28.270612955093384,3.27,62210.61
28.282710075378418,3.27,62231.22
28.29457688331604,3.27,62220.92
28.303703546524048,3.27,62293.1
28.31604528427124,3.27,62396.4
28.328349113464355,3.27,62272.46
28.340545415878296,3.27,62272.46
28.352897882461548,3.27,62138.56
28.365171909332275,3.27,62220.92
28.377456665039062,3.27,62396.4
28.389857053756714,3.27,62169.44
28.40195894241333,3.27,62344.72
28.41394877433777,3.27,62251.84
28.426178216934204,3.27,62510.3
28.43818163871765,3.27,62427.43
28.45020842552185,3.27,62386.07
28.459216117858887,3.27,62427.43
28.471434116363525,3.27,62614.07
28.48374605178833,3.27,62572.52
28.496031522750854,3.27,62582.91
28.508325338363647,3.27,62272.46
28.520659685134888,3.27,62313.75
28.53305196762085,3.27,62169.44
28.545482397079468,3.27,62262.15
28.557690382003784,3.27,62241.54
28.569775104522705,3.27,62169.44
28.582035303115845,3.27,62262.15
28.593878984451294,3.27,62334.39
28.605932474136353,3.27,62303.42
28.61772608757019,3.27,62582.91
28.626418352127075,3.27,62334.39
28.638660669326782,3.27,62468.85
28.650996685028076,3.27,62541.4
28.663243532180786,3.27,62334.39
28.675724267959595,3.27,62138.56
28.688164710998535,3.27,62220.92
28.70057988166809,3.27,62128.28
28.712992668151855,3.26,62066.62
28.725507974624634,3.27,62231.22
28.737834930419922,3.27,62107.72
28.74979329109192,3.27,62169.44
28.762357234954834,3.27,62220.92
28.77372431755066,3.27,62293.1
28.782784461975098,3.27,62231.22
28.795143127441406,3.27,62262.15
28.80756139755249,3.27,62241.54
28.81988263130188,3.27,62313.75
28.832287788391113,3.27,62148.85
28.844297885894775,3.27,62479.21
28.856809616088867,3.27,62448.14
28.86916756629944,3.27,62324.07
28.881227016448975,3.27,62479.21
28.893510818481445,3.27,62468.85
28.905369997024536,3.27,62510.3
28.91756510734558,3.27,62593.29
28.92977476119995,3.27,62479.21
28.938650131225586,3.27,62541.4
28.951056718826294,3.27,62645.24
28.96316933631897,3.27,62614.07
28.975749731063843,3.27,62406.74
28.987700939178467,3.27,62448.14
28.99995470046997,3.27,62489.57
29.012248516082764,3.27,62468.85
29.024807691574097,3.27,62520.66
29.036803245544434,3.27,62562.16
29.04913878440857,3.27,62531.03
29.06126832962036,3.27,62541.4
29.073208332061768,3.27,62437.79
29.085370779037476,3.27,62386.07
29.09707283973694,3.27,62531.03
29.1066734790802,3.27,62386.07
29.11881446838379,3.27,62479.21
29.131042003631592,3.27,62551.78
29.143537759780884,3.27,62551.78
29.155584812164307,3.27,62468.85
29.167895555496216,3.27,62417.09
29.180415153503418,3.27,62541.4
29.192518949508667,3.27,62406.74
29.2047381401062,3.27,62551.78
29.21700167655945,3.27,62541.4
29.228826761245728,3.27,62614.07
29.240883588790894,3.28,62666.04
29.25307846069336,3.27,62562.16
29.262165307998657,3.27,62531.03
29.274347066879272,3.28,62780.58
29.286993503570557,3.28,62853.6
29.29912495613098,3.28,62749.32
29.311296939849854,3.28,62718.06
29.323530197143555,3.27,62562.16
29.335923433303833,3.27,62624.46
29.34817147254944,3.28,62676.44
29.3603572845459,3.28,62686.84
29.372557640075684,3.28,62676.44
29.38542127609253,3.27,62582.91
29.396626234054565,3.28,62728.48
29.408628702163696,3.28,62843.17
29.417757511138916,3.28,62864.05
29.43010377883911,3.28,62916.3
29.44237756729126,3.28,62916.3
29.454798221588135,3.28,62832.73
29.467001914978027,3.28,62884.94
29.479169130325317,3.28,62801.43
29.49226212501526,3.28,62728.48
29.503612995147705,3.28,62676.44
29.515931129455566,3.28,62947.67
29.529093742370605,3.28,62864.05
29.54050374031067,3.28,62874.5
29.552504062652588,3.28,63010.48
29.564383268356323,3.28,63083.86
29.57637095451355,3.28,63010.48
29.58590531349182,3.28,62979.06
29.598065853118896,3.28,63041.91
29.610255002975464,3.29,63230.96
29.621768712997437,3.28,63178.36
29.63396382331848,3.29,63230.96
29.646230697631836,3.29,63220.43
29.658462524414062,3.28,63178.36
29.67083168029785,3.29,63209.92
29.683270931243896,3.29,63325.76
29.695537328720093,3.29,63336.3
29.70796012878418,3.29,63273.06
29.720051050186157,3.28,63000.0
29.732362270355225,3.28,63167.86
29.741274118423462,3.28,63104.83
29.75357484817505,3.29,63336.3
29.766064882278442,3.29,63241.48
29.77814531326294,3.29,63315.21
29.790523052215576,3.29,63273.06
29.802929878234863,3.29,63357.4
29.81505012512207,3.29,63325.76
29.827471017837524,3.29,63336.3
29.839701414108276,3.29,63346.84
29.851813793182373,3.29,63357.4
29.864150285720825,3.29,63315.21
29.876036405563354,3.29,63389.06
29.887989282608032,3.29,63273.06
29.899881839752197,3.29,63378.51
29.909284114837646,3.29,63241.48
29.92156672477722,3.29,63452.46
29.933722972869873,3.29,63484.17
29.94609808921814,3.29,63431.32
29.958351612091064,3.29,63367.95
29.970719814300537,3.29,63463.02
29.982943296432495,3.29,63410.18
29.995511531829834,3.29,63494.75
30.007607221603394,3.29,63547.69
30.019604206085205,3.29,63643.11
30.031731605529785,3.29,63653.73
30.04397416114807,3.3,63919.86
30.055829524993896,3.3,63930.53
30.064932823181152,3.29,63632.5
30.077274084091187,3.29,63738.73
30.089593648910522,3.3,63781.29
30.10271453857422,3.3,63813.23
30.114182949066162,3.3,63813.23
30.126276969909668,3.3,64005.33
30.13862133026123,3.3,63951.89
30.151002407073975,3.3,64048.12
30.163093328475952,3.3,64166.0
30.175495147705078,3.3,64144.55
30.18787956237793,3.3,64294.91
30.199461936950684,3.3,64316.43
30.21154808998108,3.31,64424.17
30.22056531906128,3.31,64694.56
30.232794046401978,3.31,64348.72
30.245213747024536,3.31,64467.33
30.257511138916016,3.31,64445.75
30.269649028778076,3.3,64262.65
30.28199005126953,3.3,64305.66
30.294206142425537,3.32,65053.78
30.307255029678345,3.32,65108.44
30.318881273269653,3.32,65250.84
30.33089542388916,3.31,64488.92
30.343480110168457,3.29,63770.65
30.355165243148804,3.29,63494.75
30.367146730422974,3.29,63473.6
30.37613010406494,3.28,62738.89
30.388553142547607,3.28,62905.83
30.400787353515625,3.28,62728.48
30.41300892829895,3.27,62582.91
30.4254891872406,3.27,62634.85
30.43759846687317,3.27,62427.43
30.4501371383667,3.27,62551.78
30.46284770965576,3.27,62593.29
30.47468900680542,3.27,62624.46
30.486618518829346,3.28,62676.44
30.49860143661499,3.27,62468.85
30.51084065437317,3.27,62510.3
30.522847414016724,3.27,62489.57
30.534788131713867,3.27,62458.5
30.54415273666382,3.27,62520.66
30.556456327438354,3.27,62200.32
30.56864881515503,3.26,62015.29
30.58097553253174,3.27,62200.32
30.5933039188385,3.27,62190.01
30.60568928718567,3.27,62159.14
30.61806559562683,3.27,62210.61
30.63005757331848,3.26,62035.82
30.641571760177612,3.26,61943.53
30.65370488166809,3.26,62005.04
30.66594886779785,3.26,61953.78
30.678050994873047,3.26,61953.78
30.69021439552307,3.26,62097.44
30.69887399673462,3.27,62159.14
30.711143493652344,3.26,61923.05
30.72353768348694,3.26,62056.35
30.736230850219727,3.26,62056.35
30.74813175201416,3.27,62179.72
30.760547876358032,3.27,62107.72
30.772863626480103,3.27,62200.32
30.785741806030273,3.26,62097.44
30.798100233078003,3.26,62097.44
30.810282468795776,3.26,62056.35
30.82244110107422,3.26,62056.35
30.834232807159424,3.26,62025.56
30.846293210983276,3.26,62035.82
30.855764389038086,3.27,62179.72
30.867605447769165,3.27,62169.44
30.8799729347229,3.27,62148.85
30.892553567886353,3.27,62241.54
30.904472589492798,3.27,62128.28
30.91708278656006,3.27,62190.01
30.929176092147827,3.27,62220.92
30.941566228866577,3.27,62159.14
30.95359992980957,3.27,62179.72
30.96589469909668,3.27,62169.44
30.977954626083374,3.27,62220.92
30.99004292488098,3.27,62138.56
31.001948356628418,3.26,62046.08
31.01405668258667,3.27,62117.99
31.02330732345581,3.27,62117.99
31.035672426223755,3.26,62046.08
31.048008680343628,3.26,62066.62
31.06012201309204,3.27,62190.01
31.07244563102722,3.26,62087.16
31.084721088409424,3.27,62128.28
31.09708547592163,3.27,62138.56
31.109471797943115,3.26,62097.44
31.121642589569092,3.26,62046.08
31.1339168548584,3.27,62272.46
31.146066904067993,3.27,62200.32
31.15773034095764,3.27,62386.07
31.169877290725708,3.27,62355.05
31.179105281829834,3.27,62375.72
31.19120144844055,3.27,62375.72
31.203588485717773,3.27,62344.72
31.215797424316406,3.27,62437.79
31.228115797042847,3.27,62324.07
31.24062156677246,3.27,62231.22
31.252820014953613,3.27,62148.85
31.265138387680054,3.27,62169.44
31.277495622634888,3.26,62076.89
31.289387941360474,3.27,62179.72
31.301568746566772,3.27,62386.07
31.313560485839844,3.27,62282.78
31.325552701950073,3.27,62179.72
31.334718942642212,3.27,62231.22
31.3471040725708,3.27,62148.85
31.3591468334198,3.27,62128.28
31.371447563171387,3.27,62262.15
31.38378667831421,3.27,62241.54
31.39623236656189,3.27,62293.1
31.4082989692688,3.27,62179.72
31.420564651489258,3.27,62210.61
31.432878255844116,3.27,62179.72
31.44513177871704,3.27,62128.28
31.45752787590027,3.27,62334.39
31.469167709350586,3.26,62097.44
31.48098349571228,3.27,62190.01
31.490079402923584,3.27,62324.07
31.502748727798462,3.27,62251.84
31.514784574508667,3.27,62107.72
31.527150869369507,3.27,62251.84
31.539344549179077,3.27,62272.46
31.55163550376892,3.27,62231.22
31.563925981521606,3.27,62210.61
31.577207803726196,3.27,62241.54
31.58876872062683,3.27,62365.39
31.60080099105835,3.27,62334.39
31.61287808418274,3.27,62417.09
31.62488079071045,3.27,62282.78
31.636541843414307,3.27,62365.39
31.648707389831543,3.27,62241.54
31.657269716262817,3.27,62344.72
31.66954493522644,3.27,62541.4
31.681817531585693,3.27,62489.57
31.694161415100098,3.27,62375.72
31.706658363342285,3.27,62313.75
31.718968629837036,3.27,62365.39
31.731527090072632,3.27,62417.09
31.74403667449951,3.27,62437.79
31.756651878356934,3.27,62396.4
31.76853656768799,3.27,62458.5
31.780649662017822,3.27,62386.07
31.792664527893066,3.27,62499.92
31.804670572280884,3.27,62355.05
31.8148090839386,3.27,62386.07
31.826127529144287,3.27,62489.57
31.83830738067627,3.27,62375.72
31.85065245628357,3.27,62417.09
31.862927436828613,3.27,62355.05
31.87520980834961,3.27,62365.39
31.88768482208252,3.27,62241.54
31.89974856376648,3.27,62293.1
31.91206383705139,3.27,62241.54
31.924319982528687,3.27,62324.07
31.93647074699402,3.27,62293.1
31.9486083984375,3.27,62231.22
31.96053910255432,3.27,62200.32
31.972623586654663,3.27,62210.61
31.981721878051758,3.27,62282.78
31.994032859802246,3.27,62386.07
32.00649452209473,3.27,62344.72
32.01885008811951,3.27,62448.14
32.0311017036438,3.27,62396.4
32.04312610626221,3.27,62355.05
32.055625677108765,3.27,62355.05
32.06768560409546,3.27,62458.5
32.08003830909729,3.27,62324.07
32.091973066329956,3.27,62313.75
32.10411977767944,3.27,62169.44
32.116071939468384,3.27,62282.78
32.128018379211426,3.27,62231.22
32.13738656044006,3.27,62159.14
32.14963126182556,3.27,62241.54
32.161998987197876,3.27,62355.05
32.17416739463806,3.27,62272.46
32.18667960166931,3.27,62334.39
32.198907136917114,3.27,62375.72
32.211090326309204,3.27,62344.72
32.223712682724,3.27,62375.72
32.235665798187256,3.27,62386.07
32.2479407787323,3.27,62344.72
32.25982403755188,3.27,62437.79
32.272197008132935,3.27,62313.75
32.28403401374817,3.27,62272.46
32.29309821128845,3.27,62334.39
32.305399656295776,3.27,62396.4
32.31759548187256,3.27,62479.21
32.32999563217163,3.27,62386.07
32.3421995639801,3.27,62386.07
32.354408740997314,3.27,62262.15
32.36669373512268,3.27,62272.46
32.37899446487427,3.27,62282.78
32.39138150215149,3.27,62241.54
32.40341401100159,3.27,62251.84
32.415650844573975,3.27,62200.32
32.42773771286011,3.27,62303.42
32.43984389305115,3.27,62334.39
32.44864892959595,3.27,62251.84
32.460787296295166,3.27,62251.84
32.4733350276947,3.27,62262.15
32.48574161529541,3.27,62313.75
32.498133420944214,3.27,62169.44
32.51005172729492,3.27,62386.07
32.52244162559509,3.27,62262.15
32.53460621833801,3.27,62313.75
32.54692268371582,3.27,62303.42
32.559240102767944,3.27,62344.72
32.57131385803223,3.27,62241.54
32.58331751823425,3.26,62097.44
32.59531211853027,3.27,62128.28
32.60724139213562,3.26,62015.29
32.61656713485718,3.26,62025.56
32.62889742851257,3.26,62025.56
32.64112305641174,3.27,62107.72
32.65253496170044,3.26,62025.56
32.66478180885315,3.27,62107.72
32.677088022232056,3.26,62025.56
32.689398765563965,3.26,62056.35
32.70161032676697,3.26,62005.04
32.71449160575867,3.26,61943.53
32.726438999176025,3.26,61984.53
32.73853826522827,3.26,62005.04
32.75086712837219,3.26,61994.78
32.76307725906372,3.26,61953.78
32.77237558364868,3.26,61974.28
32.78459548950195,3.27,62107.72
32.796818017959595,3.27,62107.72
32.80926704406738,3.27,62117.99
32.82141876220703,3.26,62046.08
32.83360171318054,3.27,62138.56
32.84598970413208,3.27,62169.44
32.858190298080444,3.27,62169.44
32.87052798271179,3.26,62035.82
32.88274621963501,3.26,61800.35
32.894781827926636,3.26,61933.3
32.90683054924011,3.26,61841.22
32.91891050338745,3.26,61933.3
32.92795515060425,3.26,61943.53
32.94012260437012,3.26,61882.11
32.952468395233154,3.26,61871.89
32.96470808982849,3.26,61861.67
32.977388858795166,3.26,61810.55
32.98936080932617,3.26,61810.55
33.00176024436951,3.26,61820.78
33.01398730278015,3.26,61779.92
33.02686166763306,3.26,61677.95
33.03841519355774,3.26,61810.55
33.050410985946655,3.26,61667.76
33.06268239021301,3.26,61790.14
33.07482314109802,3.26,61800.35
33.0834641456604,3.26,61861.67
33.0957396030426,3.26,61994.78
33.10814929008484,3.26,61953.78
33.12055706977844,3.26,61830.99
33.132689237594604,3.26,61810.55
33.14490246772766,3.26,61830.99
33.15729761123657,3.26,61708.52
33.169639348983765,3.26,61779.92
33.182265281677246,3.26,61830.99
33.194034576416016,3.26,61851.44
33.20609450340271,3.26,61790.14
33.21830487251282,3.26,61749.31
33.23039484024048,3.26,61851.44
33.24218940734863,3.26,61902.58
33.25115466117859,3.26,61933.3
33.2631402015686,3.26,61912.82
33.27578520774841,3.26,61820.78
33.288349866867065,3.26,61820.78
33.300543785095215,3.26,61861.67
33.313084840774536,3.26,61820.78
33.32519054412842,3.26,61800.35
33.33767294883728,3.26,61698.33
33.350022077560425,3.26,61728.91
33.36184215545654,3.26,61779.92
33.37398862838745,3.26,61759.51
33.38619375228882,3.26,61739.1
33.397974252700806,3.26,61759.51
33.40710973739624,3.26,61708.52
33.41949701309204,3.26,61861.67
33.431764125823975,3.26,61800.35
33.44385480880737,3.26,61739.1
33.45604157447815,3.26,61728.91
33.468421936035156,3.26,61739.1
33.480912923812866,3.26,61739.1
33.49322819709778,3.26,61790.14
33.50534272193909,3.26,61820.78
33.51754403114319,3.26,61923.05
33.52962350845337,3.26,61943.53
33.5416316986084,3.26,61902.58
33.55382537841797,3.26,61912.82
33.562658071517944,3.26,61984.53
33.575005769729614,3.26,61974.28
33.58741044998169,3.26,61984.53
33.599825620651245,3.26,61943.53
33.611881256103516,3.26,61871.89
33.62413716316223,3.26,61933.3
33.63641357421875,3.26,61953.78
33.647937297821045,3.26,61882.11
33.660120487213135,3.26,61902.58
33.67237687110901,3.26,61902.58
33.68463969230652,3.26,61882.11
33.69680142402649,3.26,61933.3
33.70923852920532,3.26,61902.58
33.72128391265869,3.26,61882.11
33.72991681098938,3.26,61871.89
33.74246597290039,3.26,61943.53
33.754942655563354,3.26,61830.99
33.76746654510498,3.26,61974.28
33.77975797653198,3.26,61974.28
33.79306983947754,3.26,61984.53
33.80444526672363,3.26,61964.03
33.81667637825012,3.26,62015.29
33.82898306846619,3.26,62056.35
33.8410062789917,3.26,62066.62
33.8539776802063,3.26,62025.56
33.865267753601074,3.26,62076.89
33.87704110145569,3.27,62107.72
33.88627219200134,3.26,61994.78
33.89890813827515,3.26,62076.89
33.91117310523987,3.26,62035.82
33.92312002182007,3.26,62015.29
33.93559265136719,3.26,62035.82
33.947776079177856,3.26,62056.35
33.959938764572144,3.26,61984.53
33.97229051589966,3.26,61964.03
33.98452091217041,3.26,62087.16
33.99687671661377,3.27,62107.72
34.00878095626831,3.26,62035.82
34.02089881896973,3.26,62056.35
34.03288698196411,3.26,61953.78
34.041959047317505,3.26,62056.35
34.05517506599426,3.26,62097.44
34.067161083221436,3.27,62210.61
34.07894849777222,3.26,62056.35
34.091123819351196,3.26,62076.89
34.103442907333374,3.26,62066.62
34.11565661430359,3.26,61994.78
34.12795424461365,3.26,62035.82
34.14057016372681,3.26,62035.82
34.15297555923462,3.26,61923.05
34.1644971370697,3.26,61994.78
34.17662477493286,3.26,62035.82
34.18851184844971,3.26,61923.05
34.20057201385498,3.27,62117.99
34.20989155769348,3.26,61964.03
34.22228193283081,3.26,62005.04
34.23440861701965,3.27,62117.99
34.2466254234314,3.26,62097.44
34.25895428657532,3.27,62148.85
34.27132201194763,3.27,62117.99
34.28381395339966,3.26,62076.89
34.295917987823486,3.26,62097.44
34.308093547821045,3.26,62056.35
34.32023882865906,3.26,62066.62
34.332205295562744,3.27,62179.72
34.34435224533081,3.26,61994.78
34.356112241744995,3.26,62066.62
34.365561962127686,3.26,62056.35
34.37761473655701,3.26,62035.82
34.390146017074585,3.26,62025.56
34.402493953704834,3.26,62087.16
34.41583299636841,3.27,62128.28
34.42688202857971,3.26,62076.89
34.43922996520996,3.26,62015.29
34.45175886154175,3.26,62076.89
34.46372413635254,3.26,62066.62
34.47699975967407,3.26,62066.62
34.4879789352417,3.27,62138.56
34.499961137771606,3.27,62117.99
34.51228857040405,3.26,62066.62
34.52142310142517,3.26,62076.89
34.53421115875244,3.27,62190.01
34.546669006347656,3.27,62148.85
34.559008836746216,3.27,62159.14
34.571412801742554,3.27,62107.72
34.58354711532593,3.26,62087.16
34.595014333724976,3.26,62005.04
34.60685420036316,3.26,61984.53
34.61883878707886,3.26,61902.58
34.63109230995178,3.26,61902.58
34.64322280883789,3.26,62035.82
34.65512657165527,3.26,62046.08
34.66730880737305,3.26,62097.44
34.675883054733276,3.26,62025.56
34.688172340393066,3.27,62128.28
34.70050525665283,3.26,62046.08
34.712883949279785,3.26,61994.78
34.725056648254395,3.26,62066.62
34.73734188079834,3.26,62076.89
34.74969148635864,3.26,62015.29
34.761953353881836,3.26,61994.78
34.77420139312744,3.26,62025.56
34.78646183013916,3.26,61912.82
34.79864478111267,3.26,62015.29
34.8108696937561,3.26,61943.53
34.82302904129028,3.26,61964.03
34.83534646034241,3.26,61933.3
34.843918323516846,3.26,61943.53
34.85619282722473,3.26,61943.53
34.86847925186157,3.26,61994.78
34.880690574645996,3.26,62025.56
34.892969369888306,3.26,61994.78
34.905285596847534,3.26,61974.28
34.91754341125488,3.26,62005.04
34.92979550361633,3.26,62066.62
34.94210624694824,3.26,62087.16
34.95427227020264,3.26,62025.56
34.966474294662476,3.26,62035.82
34.97868728637695,3.26,61943.53
34.990824937820435,3.26,61974.28
34.99947547912598,3.26,61953.78
35.01172924041748,3.26,62025.56
35.02398872375488,3.26,61953.78
35.03623294830322,3.26,62035.82
35.04854917526245,3.26,62076.89
35.060853242874146,3.27,62128.28
35.07310128211975,3.27,62272.46
35.0854971408844,3.27,62128.28
35.097769021987915,3.27,62251.84
35.10995101928711,3.27,62293.1
35.12212347984314,3.27,62272.46
35.134307861328125,3.27,62210.61
35.14653730392456,3.27,62128.28
35.155054569244385,3.27,62220.92
35.16736197471619,3.27,62251.84
35.179659605026245,3.27,62272.46
35.19192981719971,3.27,62334.39
35.20422673225403,3.27,62231.22
35.21650457382202,3.27,62210.61
35.229034423828125,3.27,62282.78
35.24142837524414,3.27,62303.42
35.2535035610199,3.27,62334.39
35.26645493507385,3.27,62386.07
35.27824878692627,3.27,62251.84
35.290135860443115,3.27,62210.61
35.30243134498596,3.27,62231.22
35.311272859573364,3.27,62293.1
35.323644399642944,3.27,62282.78
35.33628821372986,3.27,62190.01
35.348543643951416,3.27,62200.32
35.360713481903076,3.27,62334.39
35.373130083084106,3.27,62293.1
35.38630723953247,3.27,62303.42
35.39757823944092,3.27,62324.07
35.410008907318115,3.27,62334.39
35.423797607421875,3.27,62355.05
35.434081077575684,3.27,62293.1
35.44627642631531,3.27,62334.39
35.458433389663696,3.27,62251.84
35.47027659416199,3.27,62251.84
35.4796187877655,3.27,62210.61
35.491822242736816,3.27,62324.07
35.50438618659973,3.27,62303.42
35.51639008522034,3.27,62303.42
35.528515338897705,3.27,62262.15
35.541948080062866,3.27,62272.46
35.553322553634644,3.27,62251.84
35.56569838523865,3.27,62303.42
35.57777714729309,3.27,62251.84
35.58982610702515,3.27,62282.78
35.60199427604675,3.27,62220.92
35.61412501335144,3.27,62190.01
35.626160621643066,3.27,62241.54
35.635117530822754,3.27,62251.84
35.64777112007141,3.27,62282.78
35.6593062877655,3.27,62396.4
35.67117667198181,3.27,62324.07
35.683473348617554,3.27,62324.07
35.695701360702515,3.27,62210.61
35.70802307128906,3.27,62251.84
35.7206506729126,3.27,62241.54
35.73265290260315,3.27,62231.22
35.74496650695801,3.27,62406.74
35.75714159011841,3.27,62313.75
35.76937699317932,3.27,62313.75
35.78145742416382,3.27,62344.72
35.790266275405884,3.27,62386.07
35.802576303482056,3.27,62437.79
35.814953327178955,3.27,62510.3
35.827327489852905,3.27,62479.21
35.83966636657715,3.27,62417.09
35.85220432281494,3.27,62458.5
35.864622592926025,3.27,62396.4
35.87701654434204,3.27,62427.43
35.8891704082489,3.27,62417.09
35.90135192871094,3.27,62324.07
35.91341781616211,3.27,62468.85
35.92551326751709,3.27,62489.57
35.93750619888306,3.27,62499.92
35.946627378463745,3.27,62437.79
35.95883798599243,3.27,62551.78
35.97108721733093,3.27,62510.3
35.983654499053955,3.27,62541.4
35.99561047554016,3.27,62572.52
36.00797486305237,3.27,62437.79
36.02081537246704,3.27,62582.91
36.032732248306274,3.27,62510.3
36.04472994804382,3.27,62531.03
36.05722951889038,3.27,62520.66
36.06938362121582,3.27,62510.3
36.08111524581909,3.27,62479.21
36.09324383735657,3.27,62458.5
36.105433225631714,3.27,62572.52
36.11435866355896,3.27,62541.4
36.12669777870178,3.27,62603.68
36.13906002044678,3.27,62593.29
36.15143966674805,3.27,62510.3
36.163599729537964,3.27,62499.92
36.17588138580322,3.27,62510.3
36.188159704208374,3.27,62582.91
36.20040678977966,3.28,62655.64
36.21264982223511,3.27,62614.07
36.2248637676239,3.27,62645.24
36.23685121536255,3.27,62489.57
36.24899864196777,3.27,62406.74
36.260846853256226,3.27,62365.39
36.270164251327515,3.27,62334.39
36.2825608253479,3.27,62386.07
36.29520630836487,3.27,62396.4
36.30716156959534,3.27,62293.1
36.3192720413208,3.27,62427.43
36.331642150878906,3.27,62427.43
36.34374499320984,3.27,62562.16
36.356080532073975,3.27,62562.16
36.36835837364197,3.27,62572.52
36.380441188812256,3.27,62499.92
36.39267039299011,3.27,62593.29
36.4046266078949,3.27,62510.3
36.416677951812744,3.27,62458.5
36.42571139335632,3.27,62551.78
36.43812942504883,3.28,62655.64
36.45035910606384,3.27,62582.91
36.46251177787781,3.27,62572.52
36.47480893135071,3.27,62541.4
36.487425088882446,3.27,62551.78
36.49937105178833,3.27,62582.91
36.511521100997925,3.27,62582.91
36.523885011672974,3.27,62448.14
36.53624892234802,3.27,62437.79
36.54830551147461,3.27,62458.5
36.56023955345154,3.27,62479.21
36.57229804992676,3.27,62520.66
36.584190130233765,3.27,62458.5
36.59357786178589,3.27,62510.3
36.605854749679565,3.27,62479.21
36.61831092834473,3.27,62448.14
36.63056778907776,3.27,62437.79
36.6429762840271,3.27,62427.43
36.655046224594116,3.27,62479.21
36.666582107543945,3.27,62437.79
36.67874073982239,3.27,62479.21
36.69096112251282,3.27,62406.74
36.70313119888306,3.27,62624.46
36.715381145477295,3.27,62417.09
36.72759509086609,3.27,62458.5
36.73995542526245,3.27,62479.21
36.748658895492554,3.27,62468.85
36.76112508773804,3.27,62427.43
36.773650884628296,3.27,62468.85
36.786137342453,3.27,62355.05
36.79862594604492,3.27,62468.85
36.8107967376709,3.27,62386.07
36.82304334640503,3.27,62365.39
36.835270404815674,3.27,62458.5
36.847678899765015,3.27,62479.21
36.85967135429382,3.27,62448.14
36.87173104286194,3.27,62479.21
36.883708238601685,3.27,62406.74
36.89584445953369,3.27,62551.78
36.904985666275024,3.27,62365.39
36.91750979423523,3.27,62551.78
36.92949843406677,3.27,62531.03
36.941720724105835,3.27,62468.85
36.954084157943726,3.27,62427.43
36.966338872909546,3.27,62437.79
36.978620529174805,3.27,62427.43
36.99101257324219,3.27,62334.39
37.00342154502869,3.27,62406.74
37.01545834541321,3.27,62334.39
37.02750611305237,3.27,62406.74
37.039464235305786,3.27,62375.72
37.05147647857666,3.27,62344.72
37.06064033508301,3.27,62427.43
37.07300281524658,3.27,62448.14
37.085285663604736,3.27,62417.09
37.09744739532471,3.27,62458.5
37.10970211029053,3.27,62386.07
37.12208390235901,3.27,62458.5
37.13452482223511,3.27,62448.14
37.14654493331909,3.27,62489.57
37.15880298614502,3.27,62468.85
37.171184062957764,3.27,62572.52
37.18298649787903,3.27,62603.68
37.195101499557495,3.27,62541.4
37.2071008682251,3.27,62645.24
37.21633505821228,3.27,62572.52
37.22859835624695,3.27,62614.07
37.24089789390564,3.27,62614.07
37.25328993797302,3.27,62562.16
37.265276193618774,3.27,62489.57
37.27761197090149,3.27,62324.07
37.28999423980713,3.27,62499.92
37.30218529701233,3.27,62562.16
37.31459355354309,3.27,62510.3
37.3266966342926,3.27,62572.52
37.33878183364868,3.28,62686.84
37.35101890563965,3.27,62582.91
37.36288380622864,3.27,62510.3
37.374722719192505,3.27,62541.4
37.3841712474823,3.27,62551.78
37.396830558776855,3.27,62624.46
37.4086377620697,3.27,62572.52
37.421037673950195,3.27,62645.24
37.433215856552124,3.27,62520.66
37.44573664665222,3.27,62562.16
37.457791805267334,3.27,62603.68
37.47008204460144,3.27,62499.92
37.48264527320862,3.27,62468.85
37.49444818496704,3.27,62624.46
37.50637936592102,3.27,62531.03
37.51848912239075,3.27,62593.29
37.530603885650635,3.27,62624.46
37.53970122337341,3.27,62572.52
37.5521719455719,3.27,62572.52
37.56463861465454,3.27,62624.46
37.57602024078369,3.27,62603.68
37.588290214538574,3.27,62582.91
37.600720167160034,3.27,62572.52
37.612839460372925,3.27,62624.46
37.625012159347534,3.27,62624.46
37.63763952255249,3.28,62707.66
37.64967179298401,3.28,62718.06
37.661664962768555,3.28,62697.26
37.67372679710388,3.28,62655.64
37.685848236083984,3.28,62686.84
37.694398164749146,3.27,62520.66
37.7067551612854,3.27,62634.85
37.71907901763916,3.28,62718.06
37.731605052948,3.28,62655.64
37.74380421638489,3.28,62676.44
37.756258487701416,3.27,62572.52
37.76878547668457,3.28,62666.04
37.78154540061951,3.28,62738.89
37.79369926452637,3.27,62624.46
37.80598449707031,3.28,62738.89
37.817875385284424,3.27,62593.29
37.83003258705139,3.27,62531.03
37.84193801879883,3.27,62551.78
37.85405206680298,3.27,62593.29
37.86336898803711,3.27,62499.92
37.87563753128052,3.27,62572.52
37.887951612472534,3.27,62541.4
37.900352239608765,3.27,62582.91
37.912697315216064,3.27,62531.03
37.92573666572571,3.27,62510.3
37.937506437301636,3.27,62489.57
37.9492712020874,3.27,62510.3
37.96168065071106,3.27,62499.92
37.97389245033264,3.27,62541.4
37.98567080497742,3.27,62437.79
37.99770140647888,3.28,62676.44
38.00987720489502,3.27,62551.78
38.018996715545654,3.27,62582.91
38.03121542930603,3.27,62593.29
38.04360032081604,3.27,62624.46
38.0558340549469,3.27,62531.03
38.06827402114868,3.27,62551.78
38.08049559593201,3.27,62531.03
38.092756271362305,3.27,62499.92
38.1049268245697,3.27,62551.78
38.117239236831665,3.27,62582.91
38.12933897972107,3.28,62707.66
38.141480684280396,3.27,62603.68
38.15367937088013,3.27,62489.57
38.165449142456055,3.27,62417.09
38.174598693847656,3.27,62489.57
38.18683576583862,3.27,62520.66
38.19914698600769,3.27,62603.68
38.211535692214966,3.27,62468.85
38.223711252212524,3.27,62582.91
38.23602247238159,3.27,62593.29
38.248345136642456,3.28,62686.84
38.26075863838196,3.27,62593.29
38.27297568321228,3.27,62614.07
38.28513836860657,3.27,62572.52
38.29721808433533,3.27,62551.78
38.309380292892456,3.27,62603.68
38.3214328289032,3.28,62707.66
38.330313205718994,3.28,62697.26
38.3426239490509,3.28,62728.48
38.35488796234131,3.28,62791.0
38.36715793609619,3.28,62853.6
38.379419803619385,3.28,62707.66
38.39171600341797,3.28,62707.66
38.403982639312744,3.28,62666.04
38.41618609428406,3.28,62770.16
38.42849612236023,3.28,62666.04
38.44183087348938,3.28,62780.58
38.45281147956848,3.27,62603.68
38.464723348617554,3.27,62603.68
38.47673726081848,3.27,62603.68
38.488815784454346,3.28,62676.44
38.498101234436035,3.28,62718.06
38.51036214828491,3.28,62780.58
38.52269530296326,3.28,62707.66
38.53510808944702,3.28,62718.06
38.54728436470032,3.28,62686.84
38.55956244468689,3.28,62749.32
38.57193160057068,3.28,62676.44
38.584357023239136,3.28,62697.26
38.59651207923889,3.28,62791.0
38.60889792442322,3.28,62780.58
38.62075638771057,3.28,62811.85
38.63265299797058,3.28,62707.66
38.64465093612671,3.28,62759.73
38.65412473678589,3.27,62634.85
38.66606664657593,3.28,62770.16
38.67762517929077,3.28,62655.64
38.68981885910034,3.28,62686.84
38.70205521583557,3.27,62614.07
38.71431279182434,3.27,62624.46
38.72661089897156,3.27,62624.46
38.739124059677124,3.28,62697.26
38.751280546188354,3.28,62666.04
38.76469802856445,3.27,62582.91
38.77697491645813,3.27,62582.91
38.78834080696106,3.27,62634.85
38.8004686832428,3.28,62676.44
38.80939722061157,3.27,62634.85
38.821911573410034,3.28,62791.0
38.83416152000427,3.28,62853.6
38.84635663032532,3.28,62822.3
38.858784437179565,3.28,62738.89
38.8711211681366,3.28,62728.48
38.883140325546265,3.28,62666.04
38.895689249038696,3.28,62738.89
38.90778088569641,3.28,62728.48
38.91997766494751,3.28,62728.48
38.93207144737244,3.28,62676.44
38.94427537918091,3.28,62874.5
38.956087589263916,3.28,62864.05
38.96814489364624,3.28,62822.3
38.97763133049011,3.28,62811.85
38.98960566520691,3.28,62916.3
39.001933336257935,3.28,62759.73
39.014302253723145,3.28,62770.16
39.026702642440796,3.28,62811.85
39.0392107963562,3.28,62801.43
39.051177978515625,3.28,62843.17
39.063634157180786,3.28,62811.85
39.07563400268555,3.28,62958.12
39.087806940078735,3.28,62968.59
39.09997487068176,3.28,62958.12
39.11187529563904,3.28,62832.73
39.12388205528259,3.28,62874.5
39.13309574127197,3.28,62895.39
39.14525890350342,3.28,62979.06
39.15762996673584,3.28,62947.67
39.169885873794556,3.28,62811.85
39.182208776474,3.28,62937.21
39.194387435913086,3.28,62937.21
39.20681285858154,3.28,62968.59
39.21908760070801,3.28,62979.06
39.23124122619629,3.28,62864.05
39.24359583854675,3.28,62864.05
39.255653619766235,3.28,62811.85
39.26761865615845,3.28,62811.85
39.28009057044983,3.28,62822.3
39.29200553894043,3.28,62707.66
39.30189347267151,3.28,62738.89
39.313271045684814,3.28,62853.6
39.32547998428345,3.28,62791.0
39.33774137496948,3.28,62655.64
39.35006928443909,3.28,62979.06
39.3624792098999,3.28,62759.73
39.37488412857056,3.28,62791.0
39.38694715499878,3.28,62780.58
39.39948105812073,3.28,62780.58
39.41132307052612,3.28,62822.3
39.42334580421448,3.28,62780.58
39.435351610183716,3.28,62738.89
39.447277545928955,3.28,62822.3
39.45653319358826,3.28,62770.16
39.46902894973755,3.28,62958.12
39.48111438751221,3.28,62947.67
39.493496894836426,3.28,62958.12
39.50574278831482,3.28,62958.12
39.51797795295715,3.28,62853.6
39.530344009399414,3.28,62822.3
39.542558670043945,3.28,62697.26
39.554853677749634,3.28,62874.5
39.5667564868927,3.28,62905.83
39.57903003692627,3.28,62926.75
39.59108257293701,3.28,62958.12
39.60311579704285,3.28,62843.17
39.61221885681152,3.28,62884.94
39.62454056739807,3.28,63062.88
39.636826515197754,3.28,63020.95
39.64904427528381,3.28,62916.3
39.66127395629883,3.28,62937.21
39.67363905906677,3.28,62937.21
39.68511247634888,3.28,62947.67
39.69733762741089,3.28,62905.83
39.70962929725647,3.28,62926.75
39.72193479537964,3.28,62822.3
39.734068393707275,3.28,62843.17
39.746490478515625,3.28,62738.89
39.75861930847168,3.28,62822.3
39.770750761032104,3.28,62780.58
39.77968978881836,3.28,62770.16
39.792019844055176,3.28,62937.21
39.80476427078247,3.28,62947.67
39.81727337837219,3.28,62843.17
39.829389333724976,3.28,63041.91
39.84151744842529,3.28,62947.67
39.85388493537903,3.28,62843.17
39.86694264411926,3.28,62853.6
39.87922143936157,3.28,63052.39
39.89057159423828,3.28,63115.34
39.9027361869812,3.28,63083.86
39.91495633125305,3.28,62947.67
39.926658391952515,3.28,63115.34
39.93574047088623,3.28,63052.39
39.94905710220337,3.29,63230.96
39.96029806137085,3.29,63262.53
39.97274327278137,3.29,63304.68
39.98528027534485,3.28,63178.36
39.99725914001465,3.28,63178.36
40.009583950042725,3.29,63220.43
40.02205038070679,3.29,63283.6
40.03413963317871,3.28,63167.86
40.046241998672485,3.28,63136.34
40.05843496322632,3.28,63073.37
40.07045936584473,3.28,63188.88
40.08244752883911,3.28,63146.84
40.09432554244995,3.29,63283.6
40.103697299957275,3.28,63041.91
40.11608147621155,3.28,63125.83
40.12835168838501,3.29,63273.06
40.14056396484375,3.29,63294.13
40.15293765068054,3.29,63230.96
40.165172815322876,3.29,63367.95
40.177578926086426,3.29,63441.88
40.18969464302063,3.29,63463.02
40.202396392822266,3.29,63749.37
40.2150981426239,3.28,62697.26
40.226285219192505,3.28,62666.04
40.238186836242676,3.27,62624.46
40.25027370452881,3.28,62697.26
40.25930070877075,3.28,62666.04
40.271723985672,3.28,62718.06
40.28396677970886,3.27,62603.68
40.29644536972046,3.27,62603.68
40.308449029922485,3.27,62645.24
40.32078719139099,3.28,62801.43
40.333147048950195,3.28,62811.85
40.34593677520752,3.28,62707.66
40.35767221450806,3.27,62510.3
40.369922399520874,3.28,62905.83
40.381903648376465,3.28,62801.43
40.394042015075684,3.28,63010.48
40.406145334243774,3.28,63115.34
40.418004274368286,3.29,63357.4
40.42735171318054,3.28,63000.0
40.439494609832764,3.27,62634.85
40.451961517333984,3.27,62468.85
40.46512746810913,3.27,62303.42
40.476765632629395,3.27,62458.5
40.488683462142944,3.27,62448.14
40.50100016593933,3.27,62499.92
40.51340651512146,3.27,62510.3
40.525633335113525,3.27,62562.16
40.53763818740845,3.27,62499.92
40.54950404167175,3.27,62427.43
40.561511516571045,3.27,62593.29
40.5739529132843,3.27,62479.21
40.58289289474487,3.27,62386.07
40.59516644477844,3.27,62437.79
40.607470750808716,3.27,62499.92
40.619805335998535,3.28,62697.26
40.632246255874634,3.28,62822.3
40.64442801475525,3.28,62759.73
40.656769037246704,3.28,62686.84
40.66888952255249,3.28,62728.48
40.68118858337402,3.28,62884.94
40.69265532493591,3.28,62728.48
40.704771995544434,3.28,62676.44
40.7169406414032,3.27,62396.4
40.729135274887085,3.27,62531.03
40.737693548202515,3.27,62458.5
40.7499303817749,3.27,62541.4
40.76240563392639,3.27,62468.85
40.77478241920471,3.28,62770.16
40.78724908828735,3.28,62822.3
40.799936056137085,3.27,62593.29
40.812244176864624,3.27,62406.74
40.82445955276489,3.27,62614.07
40.83679723739624,3.27,62468.85
40.84888219833374,3.27,62479.21
40.860925912857056,3.28,62697.26
40.87298774719238,3.27,62634.85
40.8850519657135,3.27,62417.09
40.8969783782959,3.27,62645.24
40.9062979221344,3.28,62666.04
40.91826248168945,3.29,63241.48
40.93035697937012,3.29,63241.48
40.94244861602783,3.28,63031.42
40.95492100715637,3.28,62822.3
40.96710681915283,3.28,62979.06
40.979673624038696,3.28,63041.91
40.99176335334778,3.28,62968.59
41.00529074668884,3.28,62843.17
41.016802072525024,3.28,62853.6
41.028892993927,3.28,62874.5
41.040836334228516,3.28,62843.17
41.05295419692993,3.28,62905.83
41.06217360496521,3.28,62874.5
41.07443022727966,3.28,62895.39
41.08685255050659,3.28,62884.94
41.098956823349,3.28,62832.73
41.11127543449402,3.28,62686.84
41.12353324890137,3.28,62686.84
41.135953187942505,3.27,62624.46
41.14810299873352,3.27,62541.4
41.16063904762268,3.27,62375.72
41.1725537776947,3.27,62344.72
41.18468141555786,3.27,62262.15
41.19664931297302,3.27,62324.07
41.20881462097168,3.27,62520.66
41.2177369594574,3.27,62634.85
41.23028826713562,3.27,62593.29
41.24254107475281,3.27,62614.07
41.254621505737305,3.27,62551.78
41.26697015762329,3.27,62603.68
41.27931213378906,3.27,62313.75
41.291465282440186,3.27,62200.32
41.30409121513367,3.27,62148.85
41.31624507904053,3.27,62241.54
41.328298807144165,3.26,62056.35
41.34049105644226,3.27,62138.56
41.35236573219299,3.27,62138.56
41.36444568634033,3.27,62138.56
41.376290798187256,3.26,61933.3
41.38563895225525,3.26,61902.58
41.39813685417175,3.27,62117.99
41.410234689712524,3.26,61790.14
41.42253804206848,3.26,61861.67
41.43484926223755,3.26,61943.53
41.447232484817505,3.26,61974.28
41.45940566062927,3.26,62015.29
41.471763610839844,3.26,62005.04
41.484172105789185,3.26,61984.53
41.49604916572571,3.26,61974.28
41.508057594299316,3.26,62005.04
41.52017426490784,3.26,61964.03
41.531962633132935,3.26,61882.11
41.541144609451294,3.26,61964.03
41.55369758605957,3.26,62076.89
41.565887212753296,3.26,61964.03
41.578272342681885,3.26,61933.3
41.590572118759155,3.26,61892.35
41.60285305976868,3.26,61923.05
41.615171909332275,3.26,62005.04
41.6273934841156,3.26,61964.03
41.63987350463867,3.27,62107.72
41.65170669555664,3.26,61953.78
41.66381812095642,3.26,61902.58
41.67578101158142,3.26,61698.33
41.68773889541626,3.26,61606.7
41.69618058204651,3.26,61606.7
41.70839238166809,3.26,61759.51
41.72066068649292,3.26,61627.05
41.73291325569153,3.26,61576.21
41.74517631530762,3.26,61698.33
41.757633686065674,3.26,61667.76
41.76999592781067,3.26,61718.72
41.782437562942505,3.26,61627.05
41.794885873794556,3.26,61718.72
41.80726146697998,3.26,61718.72
41.81956720352173,3.26,61667.76
41.83147048950195,3.26,61708.52
41.84359169006348,3.26,61555.88
41.852797508239746,3.26,61606.7
41.86496090888977,3.26,61769.72
41.87717080116272,3.26,61708.52
41.889527320861816,3.26,61616.87
41.901870250701904,3.26,61769.72
41.914098501205444,3.26,61647.41
41.92650318145752,3.26,61606.7
41.938714265823364,3.26,61800.35
41.95108127593994,3.26,61779.92
41.9632728099823,3.26,61606.7
41.97540545463562,3.26,61677.95
41.98737621307373,3.25,61484.82
41.99927473068237,3.25,61515.25
42.0116012096405,3.25,61413.85
42.020575761795044,3.25,61444.25
42.03276586532593,3.25,61423.98
42.0452663898468,3.26,61647.41
42.05766415596008,3.25,61454.38
42.06967091560364,3.25,61413.85
42.08193826675415,3.25,61413.85
42.094226360321045,3.25,61423.98
42.10653829574585,3.25,61494.95
42.1188862323761,3.25,61413.85
42.130900144577026,3.26,61698.33
42.143107175827026,3.26,61892.35
42.15511178970337,3.26,61902.58
42.16706323623657,3.26,61892.35
42.17626237869263,3.26,61871.89
42.18837094306946,3.26,62005.04
42.200796365737915,3.27,62138.56
42.21318483352661,3.26,61964.03
42.225421667099,3.26,61943.53
42.23774242401123,3.26,61943.53
42.24995708465576,3.26,62046.08
42.26216006278992,3.26,61984.53
42.27458739280701,3.26,61984.53
42.286635398864746,3.27,62117.99
42.29866600036621,3.26,61974.28
42.31074666976929,3.26,61657.58
42.32289004325867,3.26,61718.72
42.33185839653015,3.26,61861.67
42.34429335594177,3.26,61912.82
42.35739350318909,3.26,61923.05
42.368900537490845,3.26,61851.44
42.38108682632446,3.26,61871.89
42.393224477767944,3.26,61882.11
42.40549850463867,3.26,61820.78
42.418034076690674,3.26,61841.22
42.43018102645874,3.26,61739.1
42.44265174865723,3.26,61800.35
42.45436477661133,3.26,61718.72
42.4664568901062,3.26,61779.92
42.47850799560547,3.26,61739.1
42.49031639099121,3.26,61933.3
42.49978518486023,3.26,61810.55
42.51208186149597,3.26,61912.82
42.52415728569031,3.26,61871.89
42.53665089607239,3.26,61892.35
42.54896283149719,3.26,61830.99
42.56112790107727,3.26,61933.3
42.57350969314575,3.26,61933.3
42.58573770523071,3.26,61964.03
42.59813594818115,3.26,61861.67
42.61026668548584,3.26,61830.99
42.622459173202515,3.26,61882.11
42.634177446365356,3.26,61759.51
42.64611029624939,3.26,61871.89
42.655351638793945,3.26,61892.35
42.6676504611969,3.26,61882.11
42.68007493019104,3.26,61820.78
42.692238092422485,3.26,61871.89
42.703691482543945,3.26,61841.22
42.71592617034912,3.26,61779.92
42.72817921638489,3.26,61779.92
42.74053978919983,3.26,61810.55
42.75284695625305,3.26,61728.91
42.76516652107239,3.26,61708.52
42.77812838554382,3.26,61698.33
42.789592027664185,3.26,61800.35
42.801888942718506,3.26,61708.52
42.81090831756592,3.26,61718.72
42.82337832450867,3.26,61769.72
42.835604190826416,3.26,61749.31
42.84794855117798,3.26,61677.95
42.86012887954712,3.26,61769.72
42.8724091053009,3.26,61698.33
42.885733127593994,3.26,61698.33
42.89712834358215,3.26,61576.21
42.90939140319824,3.26,61688.14
42.92153334617615,3.26,61759.51
42.933669090270996,3.26,61769.72
42.94564914703369,3.26,61810.55
42.95785403251648,3.26,61861.67
42.96985983848572,3.26,61759.51
42.97907543182373,3.26,61779.92
42.99149560928345,3.26,61759.51
43.003485918045044,3.26,61698.33
43.01565766334534,3.26,61739.1
43.02791714668274,3.26,61779.92
43.04022192955017,3.26,61728.91
43.05248260498047,3.26,61739.1
43.06478810310364,3.26,61688.14
43.07721400260925,3.26,61708.52
43.089287757873535,3.26,61800.35
43.10144400596619,3.26,61616.87
43.113343238830566,3.26,61698.33
43.125531911849976,3.26,61769.72
43.13464975357056,3.26,61728.91
43.14695072174072,3.26,61810.55
43.15918231010437,3.26,61728.91
43.171719789505005,3.26,61779.92
43.183836221694946,3.26,61769.72
43.19628024101257,3.26,61790.14
43.209227085113525,3.26,61841.22
43.22065806388855,3.26,61718.72
43.232898235321045,3.26,61616.87
43.245020151138306,3.26,61749.31
43.257022857666016,3.26,61749.31
43.26908731460571,3.26,61708.52
43.28127646446228,3.26,61739.1
43.29020547866821,3.26,61779.92
43.30278515815735,3.26,61830.99
43.31479287147522,3.26,61790.14
43.3272180557251,3.26,61861.67
43.339613914489746,3.26,61953.78
43.35166525840759,3.26,61841.22
43.36400389671326,3.26,61830.99
43.37629055976868,3.26,61841.22
43.38855028152466,3.26,61871.89
43.40072703361511,3.26,61882.11
43.4127414226532,3.26,61830.99
43.42481184005737,3.26,61667.76
43.43683981895447,3.26,61800.35
43.44604158401489,3.26,61718.72
43.45821261405945,3.26,61759.51
43.470475912094116,3.26,61698.33
43.4828085899353,3.26,61677.95
43.495057582855225,3.26,61769.72
43.50721192359924,3.26,61708.52
43.51943612098694,3.26,61606.7
43.53187966346741,3.26,61677.95
43.544187784194946,3.26,61790.14
43.5565972328186,3.26,61861.67
43.56851887702942,3.26,61698.33
43.580485582351685,3.26,61841.22
43.5926079750061,3.26,61810.55
43.60462427139282,3.26,61728.91
43.6138961315155,3.26,61779.92
43.626320600509644,3.26,61820.78
43.63851881027222,3.26,61830.99
43.65063834190369,3.26,61749.31
43.66303992271423,3.26,61769.72
43.675437450408936,3.26,61647.41
43.687806367874146,3.26,61759.51
43.699833154678345,3.26,61688.14
43.71128487586975,3.26,61667.76
43.72345805168152,3.26,61892.35
43.73560428619385,3.26,61749.31
43.74776530265808,3.26,61841.22
43.760051012039185,3.26,61851.44
43.76850605010986,3.26,61739.1
43.780986309051514,3.26,61830.99
43.793522357940674,3.26,61902.58
43.80578398704529,3.26,61790.14
43.81840705871582,3.26,61779.92
43.830785512924194,3.26,61851.44
43.84315872192383,3.26,61851.44
43.855502128601074,3.26,61810.55
43.867825984954834,3.26,61790.14
43.88003158569336,3.26,61861.67
43.892181158065796,3.26,61769.72
43.904109716415405,3.26,61841.22
43.916027784347534,3.26,61810.55
43.925201177597046,3.26,61769.72
43.93761348724365,3.26,61871.89
43.949634075164795,3.26,61871.89
43.9629340171814,3.26,61810.55
43.9744815826416,3.26,61769.72
43.98656988143921,3.26,61902.58
43.99891972541809,3.26,61912.82
44.0111927986145,3.26,61769.72
44.023542404174805,3.26,61851.44
44.03576683998108,3.26,61790.14
44.04768347740173,3.26,61800.35
44.06005573272705,3.26,61892.35
44.07174825668335,3.26,61800.35
44.083723306655884,3.26,61820.78
44.093233823776245,3.26,61871.89
44.10551929473877,3.26,61779.92
44.11756896972656,3.26,61861.67
44.129860639572144,3.26,61974.28
44.14233875274658,3.26,61892.35
44.154579162597656,3.26,61871.89
44.16669321060181,3.26,61994.78
44.179192304611206,3.26,61943.53
44.191293478012085,3.26,61861.67
44.20345187187195,3.26,61974.28
44.21557927131653,3.26,61892.35
44.227498292922974,3.26,61974.28
44.23961567878723,3.26,62035.82
44.248626470565796,3.26,61964.03
44.2611129283905,3.27,62107.72
44.27333045005798,3.26,62076.89
44.285545110702515,3.26,62066.62
44.29799675941467,3.26,62097.44
44.31013822555542,3.26,62066.62
44.322367429733276,3.26,62025.56
44.334853649139404,3.27,62107.72
44.34697246551514,3.26,62046.08
44.35923171043396,3.27,62159.14
44.371448278427124,3.26,61994.78
44.38317251205444,3.26,62025.56
44.39528799057007,3.26,62076.89
44.40449500083923,3.27,62107.72
44.416629791259766,3.27,62190.01
44.42895150184631,3.27,62210.61
44.44132089614868,3.27,62231.22
44.453531980514526,3.27,62282.78
44.46567893028259,3.27,62241.54
44.47797155380249,3.27,62241.54
44.490129709243774,3.27,62220.92
44.50257349014282,3.27,62190.01
44.51486825942993,3.27,62179.72
44.527119636535645,3.27,62169.44
44.53896522521973,3.27,62200.32
44.551037549972534,3.27,62159.14
44.562995195388794,3.26,62025.56
44.572426557540894,3.27,62148.85
44.584635972976685,3.27,62200.32
44.59674835205078,3.26,62097.44
44.60931587219238,3.26,62097.44
44.62148571014404,3.27,62138.56
44.63385987281799,3.27,62148.85
44.646000146865845,3.27,62117.99
44.65823292732239,3.27,62128.28
44.67076802253723,3.27,62128.28
44.68255543708801,3.27,62190.01
44.694679975509644,3.27,62107.72
44.70652365684509,3.27,62117.99
44.718435764312744,3.26,62046.08
44.7270302772522,3.26,62005.04
44.73920297622681,3.26,62025.56
44.75149846076965,3.26,62076.89
44.76386260986328,3.26,62066.62
44.77695059776306,3.27,62128.28
44.78928542137146,3.27,62169.44
44.801557540893555,3.26,62087.16
44.81387639045715,3.27,62282.78
44.82707071304321,3.27,62251.84
44.83844256401062,3.27,62210.61
44.8504581451416,3.27,62293.1
44.86240005493164,3.27,62251.84
44.87452554702759,3.27,62303.42
44.88360786437988,3.27,62313.75
44.895883083343506,3.27,62406.74
44.90809416770935,3.27,62520.66
44.92082238197327,3.27,62417.09
44.93274235725403,3.27,62334.39
44.94508337974548,3.27,62417.09
44.95727801322937,3.27,62375.72
44.97001624107361,3.27,62334.39
44.9817590713501,3.27,62365.39
44.994067430496216,3.27,62355.05
45.006056785583496,3.27,62406.74
45.01812410354614,3.27,62520.66
45.03017497062683,3.27,62406.74
45.04217171669006,3.27,62448.14
45.05139636993408,3.27,62448.14
45.06369638442993,3.27,62479.21
45.07597064971924,3.27,62489.57
45.08836627006531,3.27,62344.72
45.100679874420166,3.27,62427.43
45.11296844482422,3.27,62499.92
45.125168561935425,3.27,62448.14
45.13749599456787,3.27,62520.66
45.14967060089111,3.27,62344.72
45.16189455986023,3.27,62468.85
45.17407417297363,3.27,62479.21
45.18589162826538,3.27,62479.21
45.1981143951416,3.27,62406.74
45.20727729797363,3.27,62396.4
45.21942973136902,3.27,62499.92
45.231759548187256,3.27,62344.72
45.24387741088867,3.27,62406.74
45.256163597106934,3.27,62417.09
45.268468618392944,3.27,62251.84
45.2808403968811,3.27,62262.15
45.29304075241089,3.27,62159.14
45.30554008483887,3.27,62210.61
45.31751084327698,3.27,62169.44
45.32972717285156,3.26,62076.89
45.34171533584595,3.27,62159.14
45.35365319252014,3.27,62117.99
45.36268901824951,3.27,62241.54
45.37516260147095,3.27,62293.1
45.38735795021057,3.27,62282.78
45.399534702301025,3.26,62087.16
45.411890745162964,3.27,62200.32
45.42410898208618,3.27,62200.32
45.4364218711853,3.27,62231.22
45.448832511901855,3.26,62066.62
45.46103239059448,3.26,62097.44
45.473196506500244,3.27,62169.44
45.4853618144989,3.27,62169.44
45.49756598472595,3.27,62272.46
45.509456634521484,3.27,62293.1
45.52119970321655,3.27,62148.85
45.53086042404175,3.27,62200.32
45.543142795562744,3.27,62272.46
45.555264472961426,3.27,62148.85
45.56750464439392,3.27,62293.1
45.5797598361969,3.27,62148.85
45.59191083908081,3.27,62220.92
45.604347944259644,3.27,62282.78
45.61668372154236,3.27,62272.46
45.62916421890259,3.27,62272.46
45.64091920852661,3.27,62344.72
45.6531662940979,3.27,62324.07
45.66521883010864,3.27,62272.46
45.67717123031616,3.27,62313.75
45.686636447906494,3.27,62262.15
45.69874286651611,3.27,62324.07
45.71051502227783,3.27,62437.79
45.72254228591919,3.27,62241.54
45.73479604721069,3.27,62324.07
45.747082471847534,3.27,62406.74
45.759092807769775,3.27,62437.79
45.771403074264526,3.27,62489.57
45.78487014770508,3.27,62499.92
45.796144008636475,3.27,62479.21
45.808387756347656,3.27,62324.07
45.821383476257324,3.27,62427.43
45.83291840553284,3.27,62572.52
45.8423535823822,3.27,62614.07
45.854430198669434,3.27,62614.07
45.86664891242981,3.28,62697.26
45.87899613380432,3.27,62437.79
45.8912410736084,3.27,62448.14
45.903456926345825,3.27,62541.4
45.915647745132446,3.27,62479.21
45.927905559539795,3.27,62541.4
45.94029951095581,3.27,62645.24
45.95229935646057,3.27,62406.74
45.9643440246582,3.27,62417.09
45.97634410858154,3.27,62510.3
45.98834276199341,3.27,62437.79
46.00032949447632,3.27,62541.4
46.009740591049194,3.27,62365.39
46.021989583969116,3.27,62458.5
46.0342435836792,3.27,62365.39
46.04662322998047,3.27,62448.14
46.058496713638306,3.27,62489.57
46.070494174957275,3.27,62489.57
46.08275485038757,3.27,62614.07
46.09510159492493,3.28,62666.04
46.10750198364258,3.28,62707.66
46.119754791259766,3.28,62697.26
46.13185954093933,3.27,62645.24
46.14452910423279,3.28,62738.89
46.15617656707764,3.28,62759.73
46.16560506820679,3.28,62697.26
46.17779612541199,3.28,62707.66
46.190067291259766,3.28,62770.16
46.202680826187134,3.28,62801.43
46.2146418094635,3.28,62738.89
46.226891040802,3.28,62884.94
46.23934316635132,3.28,62728.48
46.25164747238159,3.28,62759.73
46.263741970062256,3.28,62718.06
46.27594232559204,3.28,62728.48
46.28820061683655,3.28,62728.48
46.30003786087036,3.28,62801.43
46.31227517127991,3.28,62749.32
46.32124972343445,3.27,62614.07
46.333481788635254,3.28,62759.73
46.34566283226013,3.28,62895.39
46.358022689819336,3.28,62853.6
46.370988607406616,3.27,62531.03
46.3827018737793,3.27,62634.85
46.39551758766174,3.28,62697.26
46.407410860061646,3.27,62603.68
46.41978859901428,3.27,62562.16
46.431533336639404,3.27,62489.57
46.44409441947937,3.27,62531.03
46.45563626289368,3.27,62551.78
46.46771597862244,3.27,62603.68
46.479857206344604,3.27,62520.66
46.4892418384552,3.27,62614.07
46.50126934051514,3.28,62791.0
46.513787031173706,3.28,62707.66
46.52620196342468,3.28,62895.39
46.53838276863098,3.28,62749.32
46.550637006759644,3.28,62822.3
46.56267547607422,3.27,62458.5
46.57491731643677,3.27,62624.46
46.58731412887573,3.27,62634.85
46.59938979148865,3.27,62624.46
46.6115198135376,3.27,62541.4
46.62340807914734,3.27,62541.4
46.63557291030884,3.28,62655.64
46.64474654197693,3.27,62645.24
46.65714383125305,3.28,62759.73
46.669249057769775,3.28,62738.89
46.68154168128967,3.27,62624.46
46.693865060806274,3.28,62666.04
46.70609426498413,3.28,62666.04
46.71761679649353,3.27,62603.68
46.729865312576294,3.27,62510.3
46.74205493927002,3.27,62634.85
46.754419803619385,3.28,62666.04
46.766560554504395,3.27,62634.85
46.77890706062317,3.27,62551.78
46.791154861450195,3.28,62655.64
46.79967021942139,3.27,62572.52
46.81203269958496,3.28,62738.89
46.824631690979004,3.28,62666.04
46.83754205703735,3.27,62603.68
46.84957265853882,3.27,62645.24
46.86275863647461,3.27,62520.66
46.87407565116882,3.27,62645.24
46.88639259338379,3.27,62603.68
46.898831844329834,3.28,62676.44
46.91090202331543,3.28,62676.44
46.922931432724,3.27,62551.78
46.93500542640686,3.28,62655.64
46.94705843925476,3.27,62582.91
46.95897054672241,3.27,62582.91
46.968266248703,3.28,62686.84
46.98064923286438,3.28,62718.06
46.992804288864136,3.28,62686.84
47.00519347190857,3.28,62676.44
47.01746606826782,3.28,62697.26
47.029685497283936,3.28,62728.48
47.04205274581909,3.28,62770.16
47.05444931983948,3.28,62832.73
47.066643714904785,3.28,62811.85
47.07859802246094,3.28,62791.0
47.09067988395691,3.28,62801.43
47.10291361808777,3.28,62738.89
47.11479377746582,3.28,62666.04
47.1239128112793,3.28,62749.32
47.136144399642944,3.27,62645.24
47.14865493774414,3.27,62624.46
47.16081762313843,3.27,62614.07
47.173139333724976,3.28,62728.48
47.18530631065369,3.27,62614.07
47.19766402244568,3.27,62603.68
47.20988631248474,3.27,62458.5
47.22217869758606,3.27,62551.78
47.23470115661621,3.27,62562.16
47.246323347091675,3.27,62489.57
47.258455753326416,3.27,62458.5
47.27047276496887,3.27,62468.85
47.279765605926514,3.27,62572.52
47.29189682006836,3.27,62645.24
47.304282665252686,3.28,62666.04
47.31672644615173,3.28,62770.16
47.32866954803467,3.28,62749.32
47.34095215797424,3.28,62707.66
47.35333228111267,3.28,62749.32
47.36565136909485,3.27,62520.66
47.37799429893494,3.28,62655.64
47.39035367965698,3.28,62686.84
47.4025981426239,3.28,62749.32
47.4147264957428,3.28,62655.64
47.42621469497681,3.28,62655.64
47.43823051452637,3.27,62645.24
47.447648763656616,3.27,62645.24
47.45982217788696,3.28,62791.0
47.472010135650635,3.27,62634.85
47.48433971405029,3.27,62572.52
47.496784687042236,3.28,62655.64
47.5091335773468,3.28,62666.04
47.521180629730225,3.27,62603.68
47.533578634262085,3.28,62666.04
47.54573941230774,3.28,62655.64
47.55787944793701,3.27,62614.07
47.569793939590454,3.28,62791.0
47.58189511299133,3.28,62770.16
47.593913555145264,3.28,62759.73
47.603079080581665,3.28,62801.43
47.61548471450806,3.28,62958.12
47.62763833999634,3.28,62864.05
47.64003539085388,3.28,62884.94
47.65222692489624,3.28,62853.6
47.66454243659973,3.28,62822.3
47.67691898345947,3.28,62884.94
47.68908619880676,3.28,62853.6
47.70139956474304,3.28,62832.73
47.71344017982483,3.28,62811.85
47.724976778030396,3.28,62801.43
47.737123250961304,3.28,62822.3
47.749274015426636,3.28,62853.6
47.75789546966553,3.28,62874.5
47.77016043663025,3.28,62884.94
47.78268337249756,3.28,62853.6
47.7951180934906,3.28,62916.3
47.8072624206543,3.28,62884.94
47.81992506980896,3.28,62968.59
47.8330180644989,3.28,62916.3
47.84475350379944,3.28,62905.83
47.85743594169617,3.28,62791.0
47.869340658187866,3.28,62832.73
47.881436824798584,3.28,62843.17
47.89336824417114,3.28,62738.89
47.905388593673706,3.28,62676.44
47.917563676834106,3.28,62759.73
47.92680549621582,3.28,62853.6
47.93948006629944,3.28,62801.43
47.95162582397461,3.28,62843.17
47.96367001533508,3.28,62989.53
47.9758780002594,3.28,63041.91
47.988128423690796,3.28,63041.91
48.000401735305786,3.28,62979.06
48.01279830932617,3.28,63000.0
48.02493762969971,3.28,62905.83
48.037050008773804,3.28,62884.94
48.049219369888306,3.28,62853.6
48.061367988586426,3.28,62937.21
48.073302030563354,3.28,63125.83
48.08233165740967,3.28,63052.39
48.09471273422241,3.28,63031.42
48.106924295425415,3.28,63073.37
48.11912202835083,3.28,62916.3
48.13143515586853,3.28,62968.59
48.14381551742554,3.28,62947.67
48.15628480911255,3.28,62968.59
48.168463945388794,3.28,62895.39
48.180641174316406,3.28,62947.67
48.1930296421051,3.28,62989.53
48.204989433288574,3.28,62884.94
48.217082500457764,3.28,62926.75
48.22984528541565,3.28,62947.67
48.24109482765198,3.28,63020.95
48.250231981277466,3.28,62947.67
48.26269197463989,3.28,63062.88
48.274898529052734,3.28,62989.53
48.287078619003296,3.28,63010.48
48.299397706985474,3.28,62822.3
48.31169843673706,3.28,62822.3
48.3241868019104,3.28,62895.39
48.336233377456665,3.28,63010.48
48.34921836853027,3.28,62843.17
48.360888719558716,3.28,62853.6
48.37263059616089,3.28,62832.73
48.38475012779236,3.28,62801.43
48.39672112464905,3.28,62853.6
48.40595579147339,3.28,62811.85
48.418161153793335,3.28,62926.75
48.43043398857117,3.28,62895.39
48.442950963974,3.28,62937.21
48.45518469810486,3.28,62926.75
48.467307567596436,3.28,62979.06
48.47975158691406,3.28,62895.39
48.49189305305481,3.28,63020.95
48.504181146621704,3.28,63000.0
48.516332387924194,3.28,63052.39
48.52785110473633,3.28,63041.91
48.54009294509888,3.28,63000.0
48.55225896835327,3.28,62874.5
48.56153059005737,3.28,62905.83
48.57385468482971,3.28,63031.42
48.58623719215393,3.28,63062.88
48.598443269729614,3.28,62926.75
48.6108980178833,3.28,62958.12
48.62310552597046,3.28,62958.12
48.63531541824341,3.28,62989.53
48.64754939079285,3.28,63010.48
48.659870862960815,3.28,62958.12
48.672144651412964,3.28,62958.12
48.68426513671875,3.28,62905.83
48.69627594947815,3.28,62864.05
48.70816516876221,3.28,62864.05
48.71990656852722,3.28,62958.12
48.72859334945679,3.28,63010.48
48.74080491065979,3.28,63125.83
48.75309777259827,3.28,63104.83
48.76540422439575,3.28,63157.35
48.77764534950256,3.28,63083.86
48.79007387161255,3.28,63125.83
48.80253863334656,3.28,63062.88
48.815033197402954,3.28,63041.91
48.827491998672485,3.28,63052.39
48.83984565734863,3.28,63136.34
48.85194230079651,3.28,63062.88
48.864063024520874,3.28,63104.83
48.87594819068909,3.28,63083.86
48.885085582733154,3.28,63104.83
48.89743137359619,3.28,63136.34
48.90982675552368,3.28,63167.86
48.922022342681885,3.29,63294.13
48.93422842025757,3.29,63230.96
48.946516275405884,3.28,63125.83
48.958797216415405,3.28,63188.88
48.9712119102478,3.28,63104.83
48.983489751815796,3.28,63188.88
48.99569892883301,3.28,63178.36
49.00764012336731,3.28,63167.86
49.01968288421631,3.28,63073.37
49.03184461593628,3.28,63136.34
49.04468655586243,3.28,63052.39
49.053107023239136,3.28,63104.83
49.06525897979736,3.28,63167.86
49.07760810852051,3.28,63157.35
49.089998960494995,3.28,63094.35
49.10241985321045,3.28,63052.39
49.11456298828125,3.28,63052.39
49.12680959701538,3.29,63241.48
49.13911986351013,3.29,63304.68
49.15150594711304,3.29,63220.43
49.163461685180664,3.28,63199.39
49.17550730705261,3.29,63262.53
49.187577962875366,3.28,63188.88
49.1995632648468,3.29,63220.43
49.20864224433899,3.29,63262.53
49.220948934555054,3.29,63315.21
49.233205795288086,3.29,63262.53
49.24566340446472,3.29,63505.34
49.25782132148743,3.29,63410.18
49.27027773857117,3.29,63357.4
49.28265738487244,3.29,63378.51
49.295119762420654,3.29,63315.21
49.30692720413208,3.29,63378.51
49.31914234161377,3.29,63547.69
49.33117198944092,3.29,63410.18
49.34337615966797,3.29,63526.51
49.35527181625366,3.29,63431.32
49.36721110343933,3.29,63325.76
49.376564025878906,3.29,63441.88
49.388893842697144,3.29,63410.18
49.40100908279419,3.29,63515.92
49.413310527801514,3.29,63399.63
49.42566442489624,3.29,63357.4
49.4379997253418,3.29,63410.18
49.45032238960266,3.29,63304.68
49.46248936653137,3.28,63178.36
49.47481083869934,3.29,63252.0
49.48689413070679,3.29,63273.06
49.4991180896759,3.29,63283.6
49.51103615760803,3.29,63294.13
49.52310276031494,3.29,63294.13
49.53214764595032,3.29,63283.6
49.544501066207886,3.29,63315.21
49.55686092376709,3.29,63346.84
49.569056272506714,3.29,63357.4
49.581512451171875,3.29,63431.32
49.59364295005798,3.29,63399.63
49.606045961380005,3.29,63346.84
49.61840796470642,3.29,63431.32
49.630507469177246,3.29,63315.21
49.642653703689575,3.29,63389.06
49.654706954956055,3.29,63367.95
49.666276693344116,3.29,63315.21
49.67847394943237,3.29,63463.02
49.690638303756714,3.29,63505.34
49.699336767196655,3.29,63590.07
49.711617946624756,3.29,63674.97
49.723771810531616,3.29,63515.92
49.736093282699585,3.29,63515.92
49.74868392944336,3.29,63611.28
49.76069211959839,3.29,63431.32
49.772977352142334,3.29,63473.6
49.785239696502686,3.29,63664.34
49.79755973815918,3.29,63579.48
49.80975794792175,3.29,63547.69
49.82213759422302,3.29,63600.69
49.834242820739746,3.29,63621.9
49.84650468826294,3.29,63537.09
49.85512113571167,3.29,63643.11
49.86743950843811,3.3,63781.29
49.87991380691528,3.29,63696.22
49.89248251914978,3.29,63653.73
49.905104637145996,3.29,63664.34
49.917529344558716,3.29,63696.22
49.92964029312134,3.29,63674.97
49.941776275634766,3.29,63600.69
49.953957080841064,3.29,63611.28
49.96610760688782,3.29,63653.73
49.97863411903381,3.3,63823.89
49.99032187461853,3.29,63653.73
50.002336502075195,3.3,63791.94
50.011290073394775,3.29,63643.11
50.02358675003052,3.29,63674.97
50.0358681678772,3.29,63717.46
50.04814529418945,3.29,63590.07
50.06044602394104,3.29,63632.5
50.07279181480408,3.29,63717.46
50.08461594581604,3.29,63653.73
50.096681118011475,3.29,63484.17
50.1089026927948,3.29,63558.28
50.121092557907104,3.29,63685.59
50.133265256881714,3.29,63696.22
50.14549493789673,3.29,63558.28
50.1578094959259,3.29,63632.5
50.16983413696289,3.29,63579.48
50.178449869155884,3.29,63664.34
50.19072079658508,3.29,63611.28
50.20303773880005,3.29,63653.73
50.21618890762329,3.29,63579.48
50.22842478752136,3.29,63526.51
50.24078321456909,3.29,63537.09
50.25299119949341,3.29,63441.88
50.26524758338928,3.29,63399.63
50.27754092216492,3.29,63643.11
50.289642572402954,3.29,63621.9
50.30144143104553,3.29,63717.46
50.313570976257324,3.29,63632.5
50.32577443122864,3.29,63568.87
50.334869384765625,3.29,63220.43
50.34713411331177,3.29,63357.4
50.359636545181274,3.29,63378.51
50.3718421459198,3.29,63441.88
50.38406252861023,3.29,63336.3
50.39630365371704,3.29,63294.13
50.40859794616699,3.29,63230.96
50.42088794708252,3.29,63441.88
50.43316960334778,3.29,63357.4
50.44540286064148,3.29,63441.88
50.45710635185242,3.29,63399.63
50.46918487548828,3.29,63463.02
50.48139667510986,3.29,63367.95
50.49361276626587,3.29,63410.18
50.502463817596436,3.29,63441.88
50.51490759849548,3.29,63367.95
50.52775502204895,3.29,63526.51
50.53982329368591,3.29,63473.6
50.55211925506592,3.29,63452.46
50.564308404922485,3.29,63452.46
50.57654047012329,3.29,63399.63
50.58910632133484,3.29,63262.53
50.60130000114441,3.29,63526.51
50.61336159706116,3.29,63357.4
50.62547707557678,3.29,63547.69
50.637428522109985,3.29,63463.02
50.649569272994995,3.29,63547.69
50.65896201133728,3.29,63674.97
50.670846700668335,3.29,63621.9
50.683265924453735,3.29,63621.9
50.69554924964905,3.29,63441.88
50.70792293548584,3.29,63463.02
50.720113039016724,3.29,63325.76
50.73151969909668,3.29,63209.92
50.743719816207886,3.29,63241.48
50.75600624084473,3.29,63241.48
50.768237352371216,3.29,63431.32
50.7804069519043,3.29,63346.84
50.792720794677734,3.29,63431.32
50.80519199371338,3.29,63441.88
50.81713128089905,3.29,63346.84
50.82623767852783,3.29,63325.76
50.83889412879944,3.29,63473.6
50.85105848312378,3.29,63494.75
50.86329984664917,3.29,63632.5
50.878769874572754,3.29,63590.07
50.89082860946655,3.29,63717.46
50.899566411972046,3.29,63515.92
50.91179370880127,3.29,63579.48
50.9242103099823,3.29,63346.84
50.936803340911865,3.29,63378.51
50.948912620544434,3.29,63431.32
50.96099925041199,3.29,63410.18
50.9732711315155,3.29,63399.63
50.98237490653992,3.29,63452.46
50.99465584754944,3.29,63399.63
51.00680422782898,3.29,63315.21
51.01907730102539,3.29,63304.68
51.03135442733765,3.29,63304.68
51.04373049736023,3.29,63336.3
51.05587291717529,3.29,63410.18
51.06825518608093,3.29,63537.09
51.08068513870239,3.29,63484.17
51.092525243759155,3.29,63537.09
51.10451531410217,3.29,63357.4
51.1165668964386,3.29,63389.06
51.12859892845154,3.29,63252.0
51.13762307167053,3.28,63199.39
51.14993500709534,3.29,63367.95
51.162282943725586,3.29,63283.6
51.17445731163025,3.29,63241.48
51.186280727386475,3.29,63209.92
51.198450326919556,3.28,63188.88
51.210710525512695,3.29,63252.0
51.2231342792511,3.28,63083.86
51.235422134399414,3.28,63188.88
51.24769902229309,3.28,63115.34
51.26078009605408,3.28,63041.91
51.27220821380615,3.28,63073.37
51.28453803062439,3.28,63146.84
51.29658484458923,3.29,63241.48
51.305909395217896,3.29,63220.43
51.31814503669739,3.29,63336.3
51.330235719680786,3.29,63325.76
51.342621088027954,3.29,63357.4
51.35498595237732,3.29,63399.63
51.367247104644775,3.29,63463.02
51.37953233718872,3.29,63463.02
51.3918616771698,3.28,63136.34
51.40418100357056,3.28,63104.83
51.41611456871033,3.28,63125.83
51.428271770477295,3.28,63167.86
51.44020891189575,3.28,63199.39
51.45220971107483,3.29,63262.53
51.461740255355835,3.28,63052.39
51.473610401153564,3.29,63336.3
51.48588156700134,3.29,63220.43
51.498143911361694,3.28,63157.35
51.51043152809143,3.29,63252.0
51.52267241477966,3.29,63262.53
51.53501892089844,3.28,63104.83
51.54726791381836,3.28,63073.37
51.55957818031311,3.28,63157.35
51.57145833969116,3.28,63073.37
51.58340311050415,3.28,63094.35
51.59557867050171,3.28,63199.39
51.60769081115723,3.28,63167.86
51.61987376213074,3.28,63104.83
51.628634214401245,3.28,63104.83
51.64088463783264,3.28,63104.83
51.65337610244751,3.28,63083.86
51.66563272476196,3.28,63020.95
51.677897214889526,3.28,63020.95
51.69017934799194,3.28,63041.91
51.702507972717285,3.28,63052.39
51.71473717689514,3.28,62937.21
51.72714686393738,3.28,62968.59
51.73890519142151,3.28,63020.95
51.751062631607056,3.28,62979.06
51.76325869560242,3.28,63041.91
51.775476694107056,3.28,63031.42
51.783987522125244,3.28,63052.39
51.79623007774353,3.28,63136.34
51.80854940414429,3.28,63136.34
51.8208110332489,3.29,63294.13
51.83314657211304,3.28,63136.34
51.84537720680237,3.29,63273.06
51.857677936553955,3.29,63220.43
51.869972944259644,3.29,63325.76
51.8822762966156,3.28,63115.34
51.894530057907104,3.28,63125.83
51.906747341156006,3.28,63167.86
51.91893458366394,3.28,63125.83
51.931156396865845,3.28,63083.86
51.943373680114746,3.28,63062.88
51.9519419670105,3.29,63220.43
51.96418881416321,3.28,63136.34
51.976463079452515,3.28,63178.36
51.98873519897461,3.29,63209.92
52.00103759765625,3.28,63178.36
52.01333999633789,3.28,63041.91
52.02562642097473,3.28,63115.34
52.03798866271973,3.28,63167.86
52.05022096633911,3.28,63052.39
52.06242108345032,3.28,63188.88
52.07458758354187,3.29,63209.92
52.086838483810425,3.29,63262.53
52.09906506538391,3.29,63241.48
52.107547998428345,3.29,63294.13
52.120012044906616,3.29,63283.6
52.1322762966156,3.29,63294.13
52.144712686538696,3.29,63304.68
52.15707015991211,3.29,63220.43
52.16952085494995,3.28,63178.36
52.1820969581604,3.28,63083.86
52.19451117515564,3.28,63052.39
52.2070050239563,3.29,63241.48
52.21912169456482,3.29,63241.48
52.2313277721405,3.29,63273.06
52.24313569068909,3.29,63262.53
52.25521659851074,3.29,63241.48
52.26722311973572,3.28,63199.39
52.276471853256226,3.28,63178.36
52.2887761592865,3.29,63252.0
52.30095911026001,3.29,63389.06
52.31323957443237,3.29,63230.96
52.32578897476196,3.29,63346.84
52.337995767593384,3.29,63241.48
52.35012221336365,3.29,63283.6
52.36244058609009,3.29,63209.92
52.374794244766235,3.29,63209.92
52.386990785598755,3.28,63178.36
52.39888405799866,3.28,63199.39
52.41093826293945,3.29,63220.43
52.42300009727478,3.29,63262.53
52.43220233917236,3.29,63273.06
52.44464111328125,3.28,63157.35
52.456705808639526,3.28,63167.86
52.46896529197693,3.29,63230.96
52.48135781288147,3.29,63283.6
52.493635416030884,3.28,63052.39
52.506030321121216,3.28,63136.34
52.51797914505005,3.29,63294.13
52.53168511390686,3.29,63209.92
52.54276657104492,3.28,63115.34
52.55449414253235,3.28,63157.35
52.56689143180847,3.28,63146.84
52.579028844833374,3.29,63304.68
52.59090614318848,3.29,63367.95
52.59995150566101,3.29,63452.46
52.61238479614258,3.29,63473.6
52.6246497631073,3.29,63526.51
52.63686466217041,3.29,63526.51
52.64929485321045,3.29,63283.6
52.662416219711304,3.29,63325.76
52.6738920211792,3.29,63399.63
52.68604135513306,3.29,63336.3
52.698498010635376,3.29,63410.18
52.71043348312378,3.29,63431.32
52.72241520881653,3.29,63473.6
52.73438882827759,3.29,63473.6
52.74618864059448,3.29,63378.51
52.75477838516235,3.29,63431.32
52.76701736450195,3.29,63378.51
52.77935814857483,3.29,63325.76
52.791646003723145,3.29,63294.13
52.80394005775452,3.29,63273.06
52.81686878204346,3.29,63315.21
52.828728675842285,3.29,63294.13
52.84115672111511,3.29,63262.53
52.85383653640747,3.29,63273.06
52.86617302894592,3.29,63336.3
52.878440856933594,3.29,63484.17
52.890400409698486,3.29,63494.75
52.90241622924805,3.29,63505.34
52.91435766220093,3.29,63389.06
52.923677921295166,3.29,63590.07
52.935871601104736,3.29,63463.02
52.94823098182678,3.29,63367.95
52.960522413253784,3.29,63526.51
52.97294235229492,3.29,63484.17
52.9852499961853,3.29,63505.34
52.99749398231506,3.29,63410.18
53.009742736816406,3.29,63473.6
53.02209949493408,3.29,63441.88
53.03417372703552,3.29,63558.28
53.04613184928894,3.29,63579.48
53.05800652503967,3.29,63547.69
53.070168018341064,3.29,63537.09
53.079171895980835,3.29,63494.75
53.09170317649841,3.29,63325.76
53.10372996330261,3.29,63484.17
53.116143465042114,3.29,63410.18
53.12855362892151,3.29,63420.74
53.14068412780762,3.29,63463.02
53.15314841270447,3.29,63410.18
53.16554069519043,3.29,63410.18
53.17759919166565,3.29,63325.76
53.189759969711304,3.29,63494.75
53.20179986953735,3.29,63568.87
53.21384954452515,3.29,63590.07
53.22607922554016,3.29,63568.87
53.237752199172974,3.29,63632.5
53.247283935546875,3.29,63664.34
53.259594678878784,3.29,63770.65
53.27188587188721,3.29,63770.65
53.284087896347046,3.29,63738.73
53.29632782936096,3.29,63706.84
53.30872106552124,3.29,63696.22
53.32109355926514,3.29,63696.22
53.33330202102661,3.29,63696.22
53.345730781555176,3.29,63674.97
53.357739210128784,3.29,63653.73
53.3695809841156,3.29,63611.28
53.38159918785095,3.29,63590.07
53.39377999305725,3.29,63706.84
53.402764081954956,3.29,63706.84
53.41503691673279,3.3,63781.29
53.42750525474548,3.3,63802.58
53.439759254455566,3.29,63749.37
53.45188760757446,3.3,63823.89
53.464200019836426,3.29,63738.73
53.476996183395386,3.29,63696.22
53.488770961761475,3.29,63696.22
53.501139640808105,3.29,63738.73
53.513296604156494,3.29,63685.59
53.525349617004395,3.29,63770.65
53.53746938705444,3.3,63802.58
53.54967212677002,3.3,63813.23
53.55861258506775,3.29,63706.84
53.57077741622925,3.3,63802.58
53.583112716674805,3.29,63706.84
53.59539580345154,3.29,63706.84
53.60782504081726,3.29,63674.97
53.62000775337219,3.29,63717.46
53.632118463516235,3.29,63728.1
53.64440989494324,3.29,63717.46
53.65655207633972,3.29,63664.34
53.66931343078613,3.29,63653.73
53.68101263046265,3.29,63738.73
53.693251609802246,3.3,63781.29
53.70515966415405,3.29,63706.84
53.71708035469055,3.29,63611.28
53.726444721221924,3.29,63717.46
53.738646268844604,3.29,63685.59
53.75008225440979,3.29,63664.34
53.76236343383789,3.29,63717.46
53.77459192276001,3.29,63674.97
53.78693723678589,3.29,63728.1
53.799192905426025,3.29,63728.1
53.81147050857544,3.29,63728.1
53.82403016090393,3.3,63823.89
53.836506605148315,3.3,63887.84
53.84839391708374,3.3,63845.2
53.86091923713684,3.3,63898.52
53.87275552749634,3.3,63813.23
53.88209652900696,3.3,63877.18
53.894232988357544,3.3,63941.22
53.90663814544678,3.3,63887.84
53.91893172264099,3.3,63877.18
53.93128323554993,3.3,63855.85
53.94348955154419,3.3,63802.58
53.95565366744995,3.3,63823.89
53.96803879737854,3.29,63770.65
53.98035907745361,3.3,63887.84
53.99290323257446,3.29,63738.73
54.004387855529785,3.29,63643.11
54.01658630371094,3.29,63685.59
54.028481006622314,3.29,63717.46
54.03763127326965,3.29,63537.09
54.049999952316284,3.29,63706.84
54.06240510940552,3.29,63717.46
54.07444214820862,3.3,63834.54
54.086753368377686,3.29,63749.37
54.09921073913574,3.29,63770.65
54.111326694488525,3.29,63717.46
54.12353277206421,3.29,63728.1
54.135782957077026,3.29,63664.34
54.14735746383667,3.3,63802.58
54.159688234329224,3.3,63834.54
54.17188572883606,3.3,64005.33
54.18411159515381,3.3,63962.57
54.19313716888428,3.3,63887.84
54.2054603099823,3.3,63887.84
54.217798471450806,3.3,64005.33
54.230000495910645,3.3,64080.24
54.24237370491028,3.3,64219.67
54.254682779312134,3.3,64198.19
54.26686239242554,3.3,64284.15
54.27923941612244,3.3,64219.67
54.29138731956482,3.3,64208.92
54.303749322891235,3.3,64305.66
54.31575417518616,3.3,64262.65
54.32771849632263,3.3,64337.96
54.339765548706055,3.31,64370.27
54.35173749923706,3.3,64251.9
54.36108636856079,3.3,64305.66
54.373374462127686,3.3,64284.15
54.38563895225525,3.3,64327.19
54.39792060852051,3.31,64424.17
54.41028308868408,3.31,64424.17
54.42250442504883,3.31,64499.73
54.434775590896606,3.31,64413.39
54.447075843811035,3.31,64359.49
54.45943760871887,3.3,64305.66
54.47146511077881,3.31,64434.94
54.483861207962036,3.31,64359.49
54.495551109313965,3.31,64348.72
54.50752663612366,3.3,64294.91
54.51681423187256,3.31,64348.72
54.52898573875427,3.31,64575.4
54.54128813743591,3.31,64478.12
54.55359196662903,3.31,64532.14
54.56588554382324,3.31,64467.33
54.57814383506775,3.31,64434.94
54.59042811393738,3.31,64478.12
54.60286498069763,3.31,64467.33
54.61498188972473,3.31,64348.72
54.627156257629395,3.31,64391.82
54.639134645462036,3.31,64467.33
54.65124797821045,3.31,64510.52
54.663291215896606,3.31,64629.52
54.673195600509644,3.31,64694.56
54.684701681137085,3.31,64575.4
54.69684720039368,3.31,64575.4
54.709128618240356,3.31,64683.71
54.72143220901489,3.31,64640.36
54.73368310928345,3.31,64629.52
54.7459671497345,3.31,64629.52
54.75759196281433,3.31,64618.7
54.76982498168945,3.31,64575.4
54.782028913497925,3.31,64575.4
54.79423999786377,3.31,64662.04
54.80640745162964,3.31,64857.51
54.818620681762695,3.31,64857.51
54.82715201377869,3.31,64792.27
54.83945417404175,3.32,64977.36
54.85167908668518,3.31,64705.4
54.864041805267334,3.33,65902.34
54.87631702423096,3.32,65492.76
54.88858985900879,3.32,65437.67
54.90096163749695,3.33,65581.03
54.91320276260376,3.33,65536.88
54.925424098968506,3.33,65791.31
54.93768548965454,3.32,65130.32
54.94989633560181,3.32,65470.71
54.96206331253052,3.33,65547.92
54.974321603775024,3.33,65758.05
54.98279929161072,3.33,66035.91
54.995081663131714,3.34,66125.15
55.0073504447937,3.33,65902.34
55.01963210105896,3.33,65680.53
55.03192591667175,3.33,65880.1
55.04420614242554,3.33,65525.85
55.0564923286438,3.33,65702.67
55.06880235671997,3.33,65680.53
55.08107399940491,3.33,65735.89
55.09338092803955,3.33,65746.96
55.105530977249146,3.33,65902.34
55.117873430252075,3.33,65636.28
55.12999176979065,3.33,65514.81
55.14217233657837,3.33,65603.13
55.15074038505554,3.33,65791.31
55.16302275657654,3.33,65680.53
55.17529606819153,3.33,65724.8
55.187577962875366,3.33,65603.13
55.19989466667175,3.33,65891.23
55.21218752861023,3.33,65969.08
55.22442984580994,3.33,65880.1
55.23674941062927,3.33,65880.1
55.24903202056885,3.33,65946.82
55.26126289367676,3.33,65835.7
55.27343702316284,3.33,65902.34
55.285629749298096,3.33,65802.39
55.29785180091858,3.33,65658.4
55.306342124938965,3.33,65636.28
55.318642139434814,3.33,65569.99
55.33093047142029,3.33,65702.67
55.34326171875,3.33,65558.96
55.35549736022949,3.33,65581.03
55.36782693862915,3.32,65492.76
55.3800904750824,3.32,65470.71
55.39240074157715,3.32,65503.79
55.404698610305786,3.32,65437.67
55.41693329811096,3.32,65437.67
55.42909264564514,3.32,65448.69
55.441293239593506,3.32,65141.27
55.4534957408905,3.32,65228.9
55.462037801742554,3.32,65294.74
55.47434449195862,3.32,65250.84
55.48661971092224,3.32,65108.44
55.49896049499512,3.32,65119.38
55.51125192642212,3.32,65174.12
55.523510217666626,3.32,65228.9
55.53582692146301,3.32,65163.16
55.54812216758728,3.32,65283.76
55.56040072441101,3.32,65163.16
55.57261085510254,3.32,65108.44
55.58482122421265,3.32,65250.84
55.596986532211304,3.32,65261.8
55.609163999557495,3.32,65185.06
55.6177453994751,3.32,64999.19
55.63010549545288,3.32,65250.84
55.64230513572693,3.32,65283.76
55.65463471412659,3.32,65327.69
55.66690921783447,3.32,65316.69
55.67917823791504,3.32,65349.67
55.69147324562073,3.32,65163.16
55.703773736953735,3.32,65152.21
55.716042280197144,3.32,65196.03
55.72827076911926,3.32,65042.86
55.740482330322266,3.32,65141.27
55.75267219543457,3.32,65130.32
55.76476168632507,3.32,65141.27
55.776912689208984,3.32,65108.44
55.785499811172485,3.32,65010.09
55.797797203063965,3.32,65239.86
55.81020498275757,3.32,65185.06
55.82243275642395,3.32,65130.32
55.83473181724548,3.32,65010.09
55.84698820114136,3.31,64879.28
55.85928463935852,3.31,64890.18
55.871546506881714,3.31,64803.13
55.8838632106781,3.31,64879.28
55.89603900909424,3.31,64857.51
55.90822410583496,3.32,65031.93
55.920422315597534,3.32,64999.19
55.93264961242676,3.32,65086.57
55.941195249557495,3.32,64977.36
55.953505754470825,3.32,64944.65
55.96576380729675,3.31,64857.51
55.978100299835205,3.31,64857.51
55.99033808708191,3.31,64835.75
56.00264501571655,3.32,65010.09
56.01488709449768,3.31,64640.36
56.02715754508972,3.31,64672.87
56.039504528045654,3.31,64748.82
56.05161643028259,3.31,64803.13
56.06383180618286,3.31,64651.19
56.07611536979675,3.31,64683.71
56.08830165863037,3.31,64879.28
56.096822023391724,3.31,64835.75
56.109124422073364,3.32,64922.85
56.12150955200195,3.31,64824.88
56.13382840156555,3.32,64977.36
56.14619755744934,3.31,64814.01
56.158536434173584,3.31,64814.01
56.170804023742676,3.32,64933.74
56.183080196380615,3.32,65021.02
56.19533109664917,3.32,65042.86
56.207481145858765,3.32,64977.36
56.21964883804321,3.32,65010.09
56.23183822631836,3.32,64977.36
56.24398684501648,3.32,65053.78
56.252657890319824,3.32,64955.55
56.26490116119385,3.32,64922.85
56.27719330787659,3.31,64868.4
56.28947925567627,3.32,64933.74
56.30202269554138,3.32,65064.7
56.31433629989624,3.32,65119.38
56.32673001289368,3.32,65108.44
56.3389527797699,3.32,65064.7
56.351401567459106,3.32,65130.32
56.36384296417236,3.32,65086.57
56.376479148864746,3.32,65064.7
56.38805389404297,3.32,65097.51
56.40021991729736,3.32,65097.51
56.4092059135437,3.32,65086.57
56.421467542648315,3.32,65064.7
56.433650732040405,3.31,64890.18
56.44591236114502,3.31,64868.4
56.458250761032104,3.32,64944.65
56.47074890136719,3.31,64857.51
56.482778549194336,3.31,64890.18
56.49519443511963,3.31,64824.88
56.50743293762207,3.31,64748.82
56.51959824562073,3.31,64716.26
56.531615257263184,3.31,64618.7
56.543694734573364,3.31,64499.73
56.55592226982117,3.31,64586.21
56.564706802368164,3.31,64597.05
56.577088594436646,3.31,64748.82
56.58987593650818,3.31,64727.1
56.60148215293884,3.31,64857.51
56.61395192146301,3.31,64814.01
56.62616419792175,3.31,64803.13
56.63835167884827,3.31,64792.27
56.65085482597351,3.31,64737.97
56.663126945495605,3.31,64662.04
56.6752142906189,3.31,64683.71
56.68721103668213,3.31,64662.04
56.69936156272888,3.31,64672.87
56.71138381958008,3.31,64651.19
56.72331929206848,3.31,64542.96
56.732820987701416,3.31,64737.97
56.74508357048035,3.31,64803.13
56.75722408294678,3.31,64901.06
56.768738985061646,3.31,64824.88
56.78088331222534,3.31,64748.82
56.793144941329956,3.31,64814.01
56.80542254447937,3.31,64824.88
56.81778645515442,3.31,64716.26
56.830031633377075,3.31,64803.13
56.84236216545105,3.31,64803.13
56.855005741119385,3.31,64694.56
56.866814851760864,3.32,64933.74
56.87893271446228,3.31,64846.64
56.888405084609985,3.31,64857.51
56.90064740180969,3.31,64824.88
56.9128782749176,3.31,64835.75
56.9251389503479,3.31,64846.64
56.93753242492676,3.32,64966.46
56.950000524520874,3.31,64911.95
56.962042570114136,3.31,64901.06
56.97430610656738,3.31,64911.95
56.98664927482605,3.31,64868.4
56.998799324035645,3.32,64944.65
57.01080250740051,3.32,65086.57
57.02284073829651,3.32,64999.19
57.03485083580017,3.32,64955.55
57.044034481048584,3.32,64922.85
57.0563018321991,3.32,64966.46
57.06873822212219,3.32,65042.86
57.08077359199524,3.32,65053.78
57.09304928779602,3.32,64999.19
57.105456590652466,3.31,64737.97
57.1179301738739,3.31,64835.75
57.129908323287964,3.31,64835.75
57.141403913497925,3.31,64846.64
57.15362095832825,3.32,64933.74
57.16605472564697,3.31,64835.75
57.178058385849,3.31,64781.4
57.190308809280396,3.31,64824.88
57.199204444885254,3.31,64748.82
57.21193051338196,3.31,64824.88
57.224374532699585,3.31,64770.54
57.23655915260315,3.31,64597.05
57.24869227409363,3.31,64618.7
57.26108717918396,3.31,64564.59
57.27348065376282,3.31,64402.6
57.28564453125,3.31,64467.33
57.2979679107666,3.3,64337.96
57.30988168716431,3.31,64478.12
57.32208967208862,3.31,64391.82
57.33435010910034,3.31,64370.27
57.34640455245972,3.3,64273.4
57.35518836975098,3.3,64294.91
57.36758327484131,3.31,64370.27
57.37987518310547,3.31,64445.75
57.39224052429199,3.31,64381.03
57.40435194969177,3.31,64499.73
57.41679573059082,3.31,64542.96
57.428959369659424,3.31,64651.19
57.44121599197388,3.31,64521.33
57.4536509513855,3.31,64651.19
57.46599626541138,3.31,64564.59
57.47791385650635,3.31,64521.33
57.48988127708435,3.31,64467.33
57.502294301986694,3.31,64445.75
57.51376438140869,3.31,64488.92
57.5231568813324,3.31,64510.52
57.535478830337524,3.31,64672.87
57.54777264595032,3.31,64478.12
57.5602126121521,3.31,64553.76
57.57235383987427,3.31,64488.92
57.5845308303833,3.31,64521.33
57.59673094749451,3.31,64640.36
57.609190940856934,3.31,64824.88
57.62140989303589,3.31,64846.64
57.63331580162048,3.31,64890.18
57.6453697681427,3.31,64586.21
57.657379388809204,3.31,64672.87
57.66929388046265,3.31,64553.76
57.67856979370117,3.31,64737.97
57.69106483459473,3.31,64705.4
57.70342254638672,3.31,64824.88
57.7156183719635,3.31,64683.71
57.727930545806885,3.31,64651.19
57.740330934524536,3.31,64532.14
57.75261831283569,3.31,64618.7
57.76495957374573,3.31,64542.96
57.7769889831543,3.31,64662.04
57.78840684890747,3.31,64705.4
57.80058193206787,3.31,64759.67
57.812806129455566,3.31,64607.86
57.825013637542725,3.31,64705.4
57.83353066444397,3.31,64510.52
57.846487522125244,3.31,64521.33
57.85845446586609,3.31,64488.92
57.870808839797974,3.31,64521.33
57.88324570655823,3.31,64402.6
57.89594745635986,3.31,64488.92
57.90824341773987,3.3,64316.43
57.92062449455261,3.3,64327.19
57.932682037353516,3.3,64294.91
57.9447979927063,3.31,64456.53
57.956963539123535,3.31,64413.39
57.969093561172485,3.31,64391.82
57.98087477684021,3.3,64327.19
57.990217208862305,3.3,64327.19
58.00302863121033,3.31,64553.76
58.014594078063965,3.31,64521.33
58.02738928794861,3.31,64532.14
58.03917574882507,3.31,64424.17
58.051602840423584,3.31,64381.03
58.06391358375549,3.31,64467.33
58.07620811462402,3.31,64424.17
58.08847427368164,3.3,64327.19
58.10047268867493,3.31,64359.49
58.1125271320343,3.31,64413.39
58.12478804588318,3.31,64445.75
58.13667607307434,3.31,64413.39
58.14589333534241,3.31,64402.6
58.15815567970276,3.31,64434.94
58.17036819458008,3.31,64402.6
58.182597160339355,3.31,64510.52
58.1949827671051,3.31,64651.19
58.207502365112305,3.31,64575.4
58.219406843185425,3.31,64553.76
58.231714725494385,3.31,64618.7
58.24412417411804,3.31,64727.1
58.25662612915039,3.31,64781.4
58.268308877944946,3.31,64662.04
58.28030776977539,3.31,64651.19
58.29229664802551,3.31,64694.56
58.301536560058594,3.31,64662.04
58.313692808151245,3.31,64618.7
58.3267617225647,3.31,64586.21
58.33823919296265,3.31,64521.33
58.350484132766724,3.31,64521.33
58.36279511451721,3.31,64381.03
58.375186920166016,3.3,64208.92
58.38761901855469,3.3,64198.19
58.399561643600464,3.3,64155.26
58.411872148513794,3.3,64294.91
58.42395329475403,3.3,64101.66
58.43615174293518,3.3,64069.53
58.44793653488159,3.3,64037.41
58.457005739212036,3.3,63919.86
58.46951603889465,3.3,63983.94
58.481531381607056,3.3,64016.03
58.493871212005615,3.3,64037.41
58.50620698928833,3.3,64026.72
58.51769709587097,3.3,64090.96
58.53004598617554,3.3,64133.81
58.542664527893066,3.3,64166.0
58.55542016029358,3.3,64037.41
58.567659854888916,3.3,64005.33
58.579856395721436,3.3,63919.86
58.591657400131226,3.3,63855.85
58.60381841659546,3.3,63951.89
58.61562752723694,3.3,63983.94
58.624879121780396,3.3,63887.84
58.637247800827026,3.3,64069.53
58.649702310562134,3.3,63898.52
58.661760330200195,3.3,63930.53
58.674063205718994,3.3,63845.2
58.686229944229126,3.3,63919.86
58.69848132133484,3.3,63877.18
58.710856199264526,3.3,63877.18
58.7234001159668,3.3,63877.18
58.73544692993164,3.3,63887.84
58.747411489486694,3.3,63813.23
58.759408712387085,3.3,63845.2
58.771275758743286,3.3,63813.23
58.77968955039978,3.29,63590.07
58.79201364517212,3.29,63600.69
58.80444025993347,3.3,63781.29
58.81658101081848,3.29,63674.97
58.82883071899414,3.29,63579.48
58.84107494354248,3.29,63579.48
58.853676080703735,3.29,63611.28
58.86621880531311,3.29,63653.73
58.87863206863403,3.29,63600.69
58.890660524368286,3.29,63674.97
58.90317249298096,3.29,63653.73
58.915016174316406,3.29,63515.92
58.92723798751831,3.29,63283.6
58.936293601989746,3.29,63568.87
58.94841933250427,3.3,63813.23
58.96076512336731,3.29,63653.73
58.973291873931885,3.29,63770.65
58.985387086868286,3.29,63749.37
58.99775195121765,3.29,63770.65
59.01007843017578,3.29,63749.37
59.02219748497009,3.29,63537.09
59.0346622467041,3.29,63315.21
59.046847343444824,3.29,63505.34
59.05887413024902,3.29,63537.09
59.070850133895874,3.29,63294.13
59.08301901817322,3.29,63252.0
59.09504747390747,3.28,63188.88
59.10410404205322,3.28,63031.42
59.11639475822449,3.29,63346.84
59.12868356704712,3.29,63252.0
59.14105463027954,3.28,63146.84
59.153337240219116,3.28,62979.06
59.165669679641724,3.28,62895.39
59.17800760269165,3.28,62853.6
59.190378189086914,3.28,63010.48
59.20239233970642,3.28,62864.05
59.214497327804565,3.28,62968.59
59.22671437263489,3.28,62884.94
59.23860239982605,3.28,62811.85
59.2506639957428,3.28,62728.48
59.259713888168335,3.28,62811.85
59.2720365524292,3.28,63125.83
59.28451371192932,3.28,63010.48
59.296693086624146,3.28,63031.42
59.309051275253296,3.28,62989.53
59.32118511199951,3.28,63020.95
59.33346176147461,3.28,63020.95
59.34581780433655,3.28,62905.83
59.358237504959106,3.28,62958.12
59.37013578414917,3.28,62926.75
59.382241010665894,3.28,62958.12
59.3943145275116,3.28,62770.16
59.40624785423279,3.28,62864.05
59.41541647911072,3.28,62676.44
59.427682638168335,3.28,62811.85
59.43996047973633,3.28,62968.59
59.45267081260681,3.28,63000.0
59.46461868286133,3.28,63031.42
59.47833752632141,3.28,62853.6
59.48851251602173,3.28,62853.6
59.501166105270386,3.28,62738.89
59.51387548446655,3.28,62947.67
59.525537729263306,3.28,62874.5
59.537596225738525,3.28,62874.5
59.550026655197144,3.28,62843.17
59.56239151954651,3.28,63010.48
59.57409715652466,3.28,62843.17
59.58329105377197,3.28,62697.26
59.59558629989624,3.28,62780.58
59.60775661468506,3.28,62926.75
59.62018704414368,3.28,62853.6
59.63263559341431,3.28,62749.32
59.64495062828064,3.28,62686.84
59.65705060958862,3.28,62707.66
59.66945195198059,3.27,62645.24
59.681755781173706,3.27,62551.78
59.69377064704895,3.27,62520.66
59.705931425094604,3.27,62355.05
59.717792987823486,3.27,62448.14
59.729877948760986,3.27,62479.21
59.738964319229126,3.27,62386.07
59.75139379501343,3.27,62417.09
59.7635862827301,3.27,62386.07
59.77587056159973,3.27,62499.92
59.787243604660034,3.27,62355.05
59.799625873565674,3.27,62313.75
59.81185293197632,3.27,62282.78
59.82414412498474,3.27,62210.61
59.836376428604126,3.27,62220.92
59.84857392311096,3.27,62406.74
59.860838413238525,3.27,62262.15
59.87295174598694,3.27,62293.1
59.88517189025879,3.26,62056.35
59.89367961883545,3.26,62056.35
59.90593099594116,3.27,62107.72
59.91826677322388,3.27,62179.72
59.93051815032959,3.27,62210.61
59.942798376083374,3.26,62046.08
59.9551043510437,3.26,62076.89
59.96734285354614,3.26,62087.16
59.97967195510864,3.26,61974.28
59.99195313453674,3.26,62025.56
60.00422644615173,3.26,62056.35
60.016396045684814,3.26,62066.62
60.02860975265503,3.26,61933.3
60.040852308273315,3.26,61923.05
60.05295968055725,3.26,61871.89
60.06157326698303,3.26,61871.89
60.07384634017944,3.26,61912.82
60.08613967895508,3.26,61953.78
60.09844446182251,3.26,61769.72
60.11079716682434,3.26,61677.95
60.1230583190918,3.26,61637.22
60.13618540763855,3.26,61688.14
60.148749351501465,3.26,61698.33
60.16072678565979,3.26,61688.14
60.17302370071411,3.26,61677.95
60.18510985374451,3.26,61698.33
60.196837186813354,3.26,61677.95
60.20922875404358,3.26,61718.72
60.21826887130737,3.26,61688.14
60.23046875,3.26,61749.31
60.24308919906616,3.26,61728.91
60.25505089759827,3.26,61698.33
60.26751947402954,3.25,61484.82
60.27994394302368,3.26,61606.7
60.29201674461365,3.25,61545.71
60.304261684417725,3.25,61413.85
60.31677055358887,3.25,61413.85
60.32875466346741,3.26,61637.22
60.34072494506836,3.25,61535.56
60.352845191955566,3.25,61403.72
60.36491298675537,3.25,61282.35
60.37404537200928,3.25,61353.11
60.38620400428772,3.25,61322.77
60.39836668968201,3.25,61535.56
60.41064238548279,3.25,61494.95
60.422893047332764,3.25,61515.25
60.435336112976074,3.25,61474.66
60.447664737701416,3.26,61566.03
60.45984196662903,3.26,61606.7
60.47201919555664,3.25,61464.53
60.48436641693115,3.25,61535.56
60.496365785598755,3.25,61505.09
60.50836730003357,3.25,61484.82
60.5203959941864,3.25,61353.11
60.532434940338135,3.25,61332.88
60.54163479804993,3.25,61282.35
60.553946018218994,3.25,61393.6
60.56619739532471,3.25,61322.77
60.5785756111145,3.25,61393.6
60.59048366546631,3.25,61322.77
60.60243463516235,3.25,61312.66
60.61492681503296,3.25,61322.77
60.626909494400024,3.25,61322.77
60.639238119125366,3.25,61423.98
60.65140652656555,3.25,61454.38
60.663639068603516,3.25,61332.88
60.675824880599976,3.25,61262.15
60.68808054924011,3.25,61373.35
60.69652581214905,3.25,61322.77
60.70885992050171,3.25,61413.85
60.72112798690796,3.25,61434.11
60.73392915725708,3.25,61262.15
60.74570441246033,3.25,61403.72
60.7580246925354,3.25,61353.11
60.77034521102905,3.25,61191.52
60.78304958343506,3.25,61191.52
60.79485821723938,3.25,61231.87
60.807085037231445,3.25,61121.0
60.81933546066284,3.24,61000.36
60.8316867351532,3.25,61171.36
60.84358477592468,3.25,61241.96
60.8558406829834,3.25,61100.87
60.865386962890625,3.25,61121.0
60.87768363952637,3.25,61241.96
60.889891386032104,3.25,61131.07
60.902353048324585,3.25,61151.21
60.91458749771118,3.25,61080.75
60.92688775062561,3.25,61141.14
60.93922734260559,3.25,61040.54
60.95158052444458,3.25,61151.21
60.96375799179077,3.25,61141.14
60.975892543792725,3.25,61171.36
60.987629890441895,3.25,61131.07
60.99963188171387,3.25,61131.07
61.01162099838257,3.25,61131.07
61.020831823349,3.25,61131.07
61.033106327056885,3.25,61191.52
61.04577159881592,3.25,61161.29
61.05802011489868,3.25,61060.64
61.0701470375061,3.24,60960.21
61.08259129524231,3.25,61040.54
61.09480834007263,3.25,61070.69
61.10709524154663,3.25,61090.82
61.119569301605225,3.25,61100.87
61.13145446777344,3.25,61090.82
61.143510818481445,3.25,61151.21
61.15553259849548,3.25,61080.75
61.16749548912048,3.24,60940.14
61.17689657211304,3.25,61151.21
61.18913006782532,3.25,61100.87
61.20134472846985,3.25,61201.61
61.213557720184326,3.25,61080.75
61.22599506378174,3.25,61030.49
61.23813796043396,3.25,61070.69
61.25045680999756,3.25,61131.07
61.26288557052612,3.25,61040.54
61.27518129348755,3.25,61060.64
61.287206172943115,3.24,60990.31
61.29916286468506,3.25,61181.45
61.31118583679199,3.25,61080.75
61.323113679885864,3.25,61060.64
61.33504390716553,3.24,60990.31
61.344353675842285,3.25,61050.58
61.35667157173157,3.24,60990.31
61.36909103393555,3.24,61010.39
61.380945920944214,3.25,61060.64
61.39308190345764,3.25,61252.06
61.405083417892456,3.25,61040.54
61.4175341129303,3.24,60670.17
61.430166244506836,3.24,60620.33
61.442467212677,3.24,60670.17
61.45473575592041,3.24,60590.47
61.466609954833984,3.24,60560.62
61.47887086868286,3.24,60590.47
61.491028785705566,3.24,60590.47
61.50009226799011,3.24,60690.1
61.51305341720581,3.24,60600.43
61.524797439575195,3.24,60630.3
61.537447929382324,3.24,60590.47
61.54954767227173,3.24,60491.04
61.561691999435425,3.24,60560.62
61.573997020721436,3.24,60660.2
61.586607933044434,3.24,60560.62
61.597774267196655,3.24,60540.73
61.610164165496826,3.24,60650.23
61.62286829948425,3.24,60670.17
61.63495469093323,3.24,60580.52
61.64673900604248,3.24,60700.09
61.65869450569153,3.24,60700.09
61.66834902763367,3.24,60720.05
61.680442094802856,3.24,60860.0
61.69279217720032,3.24,60650.23
61.705326318740845,3.24,60690.1
61.71740531921387,3.24,60670.17
61.72976231575012,3.24,60700.09
61.74222755432129,3.24,60590.47
61.75431418418884,3.24,60610.38
61.766441106796265,3.24,60620.33
61.77849841117859,3.24,60560.62
61.78996801376343,3.23,60421.57
61.80207443237305,3.23,60481.1
61.8142626285553,3.24,60530.8
61.82292604446411,3.24,60550.67
61.835083961486816,3.24,60590.47
61.847501277923584,3.24,60600.43
61.86005687713623,3.24,60670.17
61.872397899627686,3.24,60680.14
61.88467192649841,3.24,60690.1
61.89715576171875,3.24,60660.2
61.90958070755005,3.24,60640.26
61.92208981513977,3.24,60590.47
61.93456554412842,3.24,60590.47
61.94626212120056,3.24,60630.3
61.95837712287903,3.24,60640.26
61.97031092643738,3.24,60620.33
61.9795777797699,3.24,60660.2
61.99190402030945,3.24,60750.0
62.00402021408081,3.24,60700.09
62.016528844833374,3.24,60740.02
62.028613567352295,3.24,60789.97
62.040910482406616,3.24,60690.1
62.05319905281067,3.24,60650.23
62.065418004989624,3.24,60700.09
62.07763361930847,3.24,60650.23
62.08972191810608,3.24,60640.26
62.1017279624939,3.24,60680.14
62.11415719985962,3.24,60750.0
62.126031160354614,3.24,60600.43
62.137917280197144,3.24,60620.33
62.14745020866394,3.24,60680.14
62.159664154052734,3.24,60809.97
62.17203330993652,3.24,60809.97
62.18437743186951,3.24,60860.0
62.19662022590637,3.24,60819.96
62.20900583267212,3.24,60799.96
62.221839427948,3.24,60809.97
62.2335159778595,3.24,60829.98
62.245784759521484,3.24,60809.97
62.25791668891907,3.24,60760.0
62.2698175907135,3.24,60779.97
62.281760931015015,3.24,60769.98
62.29365038871765,3.24,60700.09
62.30314111709595,3.24,60760.0
62.31545424461365,3.24,60819.96
62.327635526657104,3.24,60789.97
62.33996868133545,3.24,60760.0
62.35224676132202,3.24,60720.05
62.36473250389099,3.24,60779.97
62.376850843429565,3.24,60799.96
62.38908815383911,3.24,60829.98
62.40161323547363,3.24,60870.0
62.41324996948242,3.24,60819.96
62.42532300949097,3.24,60839.98
62.437174797058105,3.24,60900.06
62.44924712181091,3.24,60849.98
62.45845079421997,3.24,60829.98
62.47093462944031,3.24,60870.0
62.48333501815796,3.24,61010.39
62.49559211730957,3.25,61040.54
62.508010149002075,3.25,61121.0
62.52012395858765,3.25,61131.07
62.53233075141907,3.25,61121.0
62.54467487335205,3.25,61141.14
62.557058811187744,3.25,61181.45
62.56910705566406,3.25,61191.52
62.581400632858276,3.25,61191.52
62.59442734718323,3.25,61282.35
62.60523772239685,3.25,61221.77
62.61451005935669,3.25,61272.25
62.626752614974976,3.25,61272.25
62.63891816139221,3.25,61423.98
62.651447772979736,3.25,61231.87
62.66340756416321,3.25,61413.85
62.67588949203491,3.25,61201.61
62.68798327445984,3.25,61181.45
62.70015263557434,3.25,61211.69
62.712682247161865,3.25,61141.14
62.72487545013428,3.25,61262.15
62.736759662628174,3.25,61252.06
62.748923540115356,3.25,61221.77
62.76073694229126,3.25,61393.6
62.77276086807251,3.25,61221.77
62.78214073181152,3.25,61312.66
62.79363703727722,3.25,61302.56
62.805792808532715,3.25,61272.25
62.818092584609985,3.25,61272.25
62.830445528030396,3.25,61252.06
62.84270000457764,3.25,61262.15
62.85518980026245,3.25,61312.66
62.86744809150696,3.25,61201.61
62.87978434562683,3.25,61252.06
62.891988039016724,3.25,61262.15
62.9045946598053,3.25,61221.77
62.91664266586304,3.25,61131.07
62.92859411239624,3.25,61252.06
62.937772035598755,3.25,61141.14
62.9502968788147,3.25,61090.82
62.96250009536743,3.25,61131.07
62.974676847457886,3.25,61231.87
62.98721742630005,3.25,61060.64
62.99931764602661,3.25,61211.69
63.01178526878357,3.25,61181.45
63.024014472961426,3.25,61201.61
63.03643774986267,3.25,61241.96
63.04854917526245,3.25,61141.14
63.060352087020874,3.25,61282.35
63.07228398323059,3.25,61171.36
63.08434295654297,3.25,61221.77
63.09350228309631,3.25,61211.69
63.105844497680664,3.25,61201.61
63.1182017326355,3.25,61231.87
63.13047480583191,3.25,61171.36
63.14288568496704,3.25,61191.52
63.15535879135132,3.25,61252.06
63.16741442680359,3.25,61272.25
63.17949295043945,3.25,61282.35
63.19187808036804,3.25,61272.25
63.20388841629028,3.25,61231.87
63.21603488922119,3.25,61191.52
63.22802019119263,3.25,61302.56
63.24004936218262,3.25,61272.25
63.24917817115784,3.25,61201.61
63.261263608932495,3.25,61282.35
63.273521900177,3.25,61353.11
63.28580570220947,3.25,61241.96
63.298083782196045,3.25,61282.35
63.31039905548096,3.25,61302.56
63.32263660430908,3.25,61231.87
63.33490967750549,3.25,61121.0
63.34721374511719,3.25,61231.87
63.359519243240356,3.25,61241.96
63.37151050567627,3.25,61272.25
63.38326597213745,3.25,61191.52
63.39535689353943,3.25,61151.21
63.407517433166504,3.25,61161.29
63.41636943817139,3.25,61252.06
63.42841601371765,3.25,61484.82
63.4407103061676,3.25,61312.66
63.452940702438354,3.25,61181.45
63.46528911590576,3.25,61312.66
63.4775071144104,3.25,61332.88
63.4907705783844,3.25,61201.61
63.503137826919556,3.25,61413.85
63.51574897766113,3.25,61393.6
63.527512311935425,3.25,61282.35
63.53968572616577,3.25,61292.45
63.551767110824585,3.25,61292.45
63.56355309486389,3.25,61201.61
63.572731733322144,3.25,61353.11
63.585023403167725,3.25,61363.22
63.597224950790405,3.25,61403.72
63.609718799591064,3.25,61262.15
63.62196350097656,3.25,61343.0
63.633978843688965,3.25,61353.11
63.64624094963074,3.25,61413.85
63.6586480140686,3.25,61343.0
63.67091608047485,3.25,61373.35
63.68313813209534,3.25,61403.72
63.69525599479675,3.25,61332.88
63.707306146621704,3.25,61363.22
63.71923565864563,3.25,61383.46
63.731154441833496,3.25,61484.82
63.74081110954285,3.25,61322.77
63.75304055213928,3.25,61434.11
63.76547312736511,3.25,61373.35
63.77763104438782,3.25,61282.35
63.78971982002258,3.25,61282.35
63.80120038986206,3.25,61373.35
63.81342935562134,3.25,61423.98
63.82575058937073,3.25,61343.0
63.83799886703491,3.25,61373.35
63.85020852088928,3.25,61373.35
63.86249399185181,3.25,61343.0
63.87489032745361,3.25,61464.53
63.8870062828064,3.25,61403.72
63.89557123184204,3.25,61332.88
63.90791893005371,3.25,61282.35
63.920387983322144,3.25,61363.22
63.93307113647461,3.25,61282.35
63.94553256034851,3.25,61241.96
63.95764207839966,3.25,61241.96
63.96991777420044,3.25,61201.61
63.98241591453552,3.25,61252.06
63.994564056396484,3.25,61141.14
64.00658345222473,3.25,61231.87
64.01872515678406,3.25,61241.96
64.03066945075989,3.25,61272.25
64.04272556304932,3.25,61292.45
64.0520076751709,3.25,61322.77
64.06418991088867,3.25,61373.35
64.07655477523804,3.25,61383.46
64.08868765830994,3.25,61413.85
64.10099840164185,3.25,61262.15
64.11349773406982,3.25,61423.98
64.12554240226746,3.25,61403.72
64.13791012763977,3.25,61373.35
64.15006470680237,3.25,61252.06
64.1622805595398,3.25,61241.96
64.1742889881134,3.25,61252.06
64.18632483482361,3.25,61292.45
64.19838356971741,3.25,61302.56
64.20743775367737,3.25,61292.45
64.21970891952515,3.25,61292.45
64.23237538337708,3.25,61302.56
64.24452590942383,3.25,61322.77
64.25685095787048,3.25,61383.46
64.26894426345825,3.25,61373.35
64.28139591217041,3.25,61494.95
64.29377746582031,3.25,61393.6
64.30614614486694,3.25,61363.22
64.3180501461029,3.25,61403.72
64.33009362220764,3.25,61464.53
64.34226155281067,3.25,61494.95
64.35425114631653,3.25,61464.53
64.36610722541809,3.25,61474.66
64.37568855285645,3.25,61423.98
64.38783693313599,3.26,61616.87
64.3999707698822,3.25,61474.66
64.41256499290466,3.25,61464.53
64.42469787597656,3.26,61576.21
64.43687963485718,3.25,61494.95
64.44922280311584,3.25,61474.66
64.46138739585876,3.25,61423.98
64.47380757331848,3.25,61454.38
64.48582172393799,3.25,61423.98
64.49789834022522,3.25,61403.72
64.51010155677795,3.25,61434.11
64.52181887626648,3.25,61332.88
64.5305871963501,3.25,61413.85
64.54274129867554,3.26,61555.88
64.55542874336243,3.25,61373.35
64.56780672073364,3.25,61444.25
64.5801146030426,3.25,61444.25
64.59233450889587,3.25,61413.85
64.60463166236877,3.25,61383.46
64.61695432662964,3.25,61393.6
64.62932991981506,3.25,61383.46
64.64141345024109,3.25,61373.35
64.65350580215454,3.25,61474.66
64.66528844833374,3.25,61474.66
64.67735862731934,3.25,61515.25
64.68601417541504,3.25,61505.09
64.69813275337219,3.26,61566.03
64.71045088768005,3.26,61596.53
64.72270083427429,3.26,61576.21
64.73508906364441,3.26,61739.1
64.74730062484741,3.26,61698.33
64.76035165786743,3.26,61657.58
64.7731282711029,3.26,61677.95
64.78514361381531,3.26,61616.87
64.79716324806213,3.26,61647.41
64.80849933624268,3.26,61637.22
64.82071113586426,3.26,61739.1
64.83296918869019,3.26,61779.92
64.8450813293457,3.26,61790.14
64.85376381874084,3.26,61830.99
64.86611342430115,3.26,61739.1
64.87871813774109,3.26,61667.76
64.89085745811462,3.26,61698.33
64.90342283248901,3.26,61688.14
64.91610360145569,3.26,61616.87
64.92828702926636,3.26,61566.03
64.94072890281677,3.26,61596.53
64.95288014411926,3.26,61688.14
64.96506881713867,3.26,61606.7
64.97695517539978,3.26,61637.22
64.98895907402039,3.26,61637.22
65.00111603736877,3.26,61657.58
65.0102379322052,3.26,61576.21
65.0227689743042,3.26,61566.03
65.03497004508972,3.26,61657.58
65.0472412109375,3.26,61728.91
65.0593614578247,3.26,61759.51
65.07178926467896,3.26,61566.03
65.0839433670044,3.26,61606.7
65.09626913070679,3.26,61576.21
65.10853338241577,3.25,61535.56
65.12131452560425,3.26,61667.76
65.132821559906,3.26,61657.58
65.14484310150146,3.26,61728.91
65.15679979324341,3.26,61616.87
65.16604256629944,3.26,61576.21
65.17821478843689,3.26,61667.76
65.19051551818848,3.26,61677.95
65.20275259017944,3.26,61698.33
65.21527028083801,3.26,61708.52
65.22750997543335,3.26,61708.52
65.23981618881226,3.26,61677.95
65.25215578079224,3.26,61566.03
65.26435232162476,3.26,61667.76
65.27662181854248,3.25,61464.53
65.28859949111938,3.25,61464.53
65.3006157875061,3.25,61515.25
65.31249046325684,3.25,61474.66
65.32444715499878,3.25,61454.38
65.33346128463745,3.25,61383.46
65.34584307670593,3.25,61464.53
65.35858702659607,3.25,61413.85
65.37082719802856,3.25,61525.4
65.3830635547638,3.25,61535.56
65.39563274383545,3.26,61596.53
65.40825009346008,3.25,61474.66
65.41925168037415,3.26,61566.03
65.43186593055725,3.25,61525.4
65.44432520866394,3.26,61566.03
65.45645141601562,3.26,61596.53
65.46832633018494,3.26,61586.37
65.48033332824707,3.26,61576.21
65.48970127105713,3.25,61545.71
65.50182056427002,3.26,61688.14
65.51417183876038,3.26,61677.95
65.52654719352722,3.26,61667.76
65.5393316745758,3.26,61677.95
65.55098366737366,3.26,61637.22
65.56339740753174,3.26,61688.14
65.57574367523193,3.26,61647.41
65.58797311782837,3.26,61657.58
65.60004234313965,3.26,61688.14
65.61226630210876,3.26,61637.22
65.62404251098633,3.26,61667.76
65.63612174987793,3.26,61718.72
65.64535975456238,3.26,61749.31
65.65777850151062,3.26,61851.44
65.66978788375854,3.26,61698.33
65.68211460113525,3.26,61749.31
65.69445896148682,3.26,61759.51
65.70658135414124,3.26,61769.72
65.71899485588074,3.26,61820.78
65.73097276687622,3.26,61820.78
65.74341320991516,3.26,61790.14
65.75571727752686,3.26,61779.92
65.76766729354858,3.26,61790.14
65.77983546257019,3.26,61708.52
65.79169797897339,3.26,61708.52
65.8035295009613,3.26,61779.92
65.81217169761658,3.26,61902.58
65.82442235946655,3.26,62097.44
65.83679962158203,3.26,61994.78
65.84899616241455,3.26,61933.3
65.86126971244812,3.26,61923.05
65.8737382888794,3.26,62046.08
65.88646531105042,3.26,62087.16
65.89845752716064,3.26,62076.89
65.91053009033203,3.26,62087.16
65.92298984527588,3.27,62107.72
65.93511843681335,3.27,62107.72
65.94734001159668,3.27,62148.85
65.95961332321167,3.27,62262.15
65.96924829483032,3.27,62179.72
65.9810118675232,3.27,62148.85
65.99363899230957,3.27,62117.99
66.00567197799683,3.26,62087.16
66.01798152923584,3.26,62046.08
66.03020858764648,3.26,62046.08
66.04238438606262,3.26,62005.04
66.05475044250488,3.26,61739.1
66.06704711914062,3.26,61923.05
66.07935190200806,3.26,61902.58
66.09124803543091,3.26,61933.3
66.10322952270508,3.26,62025.56
66.11541366577148,3.27,62159.14
66.12450933456421,3.27,62117.99
66.13673734664917,3.27,62138.56
66.14904475212097,3.27,62148.85
66.16152000427246,3.26,62015.29
66.17354273796082,3.26,61974.28
66.18593668937683,3.26,61964.03
66.19835019111633,3.27,62117.99
66.21032476425171,3.27,62179.72
66.22259616851807,3.27,62220.92
66.2350811958313,3.27,62262.15
66.24708104133606,3.27,62241.54
66.25879240036011,3.27,62262.15
66.27093267440796,3.27,62293.1
66.2801103591919,3.27,62262.15
66.29223084449768,3.27,62406.74
66.30465197563171,3.27,62437.79
66.31694531440735,3.27,62406.74
66.32909321784973,3.27,62468.85
66.34162783622742,3.27,62510.3
66.35372257232666,3.27,62572.52
66.36636400222778,3.27,62593.29
66.37830209732056,3.27,62541.4
66.39044785499573,3.27,62386.07
66.40257024765015,3.27,62406.74
66.41472625732422,3.27,62365.39
66.42647457122803,3.27,62520.66
66.4354407787323,3.27,62468.85
66.44777250289917,3.27,62531.03
66.46000504493713,3.27,62406.74
66.47235107421875,3.27,62562.16
66.48465847969055,3.27,62572.52
66.4969174861908,3.27,62489.57
66.50929427146912,3.27,62562.16
66.52141213417053,3.27,62510.3
66.53328061103821,3.27,62417.09
66.54555320739746,3.27,62386.07
66.55783319473267,3.27,62334.39
66.57004737854004,3.27,62499.92
66.58236598968506,3.27,62520.66
66.59414839744568,3.27,62437.79
66.60374164581299,3.27,62510.3
66.61589980125427,3.27,62520.66
66.62836599349976,3.27,62572.52
66.64047527313232,3.27,62593.29
66.65281891822815,3.27,62499.92
66.66521143913269,3.27,62458.5
66.67742371559143,3.27,62510.3
66.68947148323059,3.27,62562.16
66.70193290710449,3.27,62531.03
66.7137598991394,3.27,62582.91
66.72576665878296,3.27,62520.66
66.73785376548767,3.27,62614.07
66.74990129470825,3.27,62582.91
66.7591905593872,3.27,62510.3
66.7715573310852,3.28,62686.84
66.78375673294067,3.27,62499.92
66.79600119590759,3.27,62603.68
66.80750274658203,3.27,62520.66
66.81976318359375,3.27,62427.43
66.83196210861206,3.27,62334.39
66.84429717063904,3.27,62324.07
66.85655379295349,3.27,62386.07
66.86903238296509,3.27,62427.43
66.88118696212769,3.27,62417.09
66.89343643188477,3.27,62479.21
66.90567255020142,3.27,62541.4
66.91480731964111,3.27,62520.66
66.92709732055664,3.27,62624.46
66.93954467773438,3.27,62396.4
66.95164728164673,3.27,62282.78
66.96396374702454,3.27,62448.14
66.97650480270386,3.27,62479.21
66.98862767219543,3.27,62520.66
67.00086092948914,3.27,62437.79
67.01336574554443,3.27,62572.52
67.02527785301208,3.27,62624.46
67.03736567497253,3.27,62520.66
67.04963994026184,3.27,62562.16
67.06143975257874,3.27,62645.24
67.07335186004639,3.27,62614.07
67.08268308639526,3.27,62593.29
67.09501028060913,3.27,62634.85
67.10720086097717,3.28,62655.64
67.11950850486755,3.28,62686.84
67.13188624382019,3.27,62572.52
67.14426040649414,3.27,62541.4
67.15644860267639,3.27,62499.92
67.1687273979187,3.27,62593.29
67.18090867996216,3.27,62489.57
67.19302797317505,3.27,62510.3
67.20511794090271,3.27,62593.29
67.21726727485657,3.27,62531.03
67.22918963432312,3.27,62624.46
67.23843002319336,3.27,62520.66
67.25073146820068,3.28,62686.84
67.26305818557739,3.28,62655.64
67.27521967887878,3.27,62582.91
67.2875247001648,3.27,62603.68
67.29984712600708,3.27,62499.92
67.3122296333313,3.27,62593.29
67.32448220252991,3.27,62541.4
67.33666157722473,3.27,62562.16
67.34881544113159,3.27,62541.4
67.36072778701782,3.27,62614.07
67.37279272079468,3.27,62582.91
67.385005235672,3.27,62614.07
67.39410829544067,3.27,62603.68
67.40654802322388,3.27,62572.52
67.41858386993408,3.28,62738.89
67.43092918395996,3.28,62697.26
67.4432430267334,3.28,62676.44
67.45544648170471,3.27,62614.07
67.4678955078125,3.27,62645.24
67.48002481460571,3.28,62707.66
67.49242115020752,3.28,62686.84
67.50462651252747,3.28,62686.84
67.51680755615234,3.28,62749.32
67.52870178222656,3.28,62738.89
67.54076719284058,3.28,62666.04
67.55276656150818,3.28,62655.64
67.56190371513367,3.27,62603.68
67.57480001449585,3.28,62749.32
67.58670830726624,3.28,62759.73
67.59886360168457,3.28,62666.04
67.61134076118469,3.27,62624.46
67.62332034111023,3.28,62738.89
67.6356635093689,3.28,62718.06
67.64811515808105,3.27,62520.66
67.66034984588623,3.28,62676.44
67.67240476608276,3.28,62738.89
67.68438625335693,3.28,62666.04
67.69630646705627,3.28,62822.3
67.70819759368896,3.28,62655.64
67.71694469451904,3.28,62738.89
67.72902369499207,3.27,62603.68
67.74129629135132,3.28,62749.32
67.75368237495422,3.28,62811.85
67.76615238189697,3.28,62832.73
67.77871084213257,3.28,62822.3
67.79091739654541,3.28,62811.85
67.80342841148376,3.28,62801.43
67.81501007080078,3.28,62801.43
67.82729601860046,3.28,62832.73
67.83940243721008,3.28,62738.89
67.85163044929504,3.28,62676.44
67.86380672454834,3.28,62655.64
67.8723816871643,3.28,62749.32
67.88501691818237,3.28,62884.94
67.8971471786499,3.28,62811.85
67.90953493118286,3.28,62905.83
67.92231965065002,3.28,62718.06
67.93471789360046,3.28,62926.75
67.9469268321991,3.28,62926.75
67.95934510231018,3.28,63020.95
67.97182488441467,3.28,63031.42
67.98400521278381,3.28,63000.0
67.9958221912384,3.28,63010.48
68.00807070732117,3.28,62989.53
68.02021169662476,3.28,63062.88
68.03194189071655,3.28,63146.84
68.041100025177,3.28,62979.06
68.0535340309143,3.28,63157.35
68.06568717956543,3.28,62968.59
68.07797169685364,3.28,62979.06
68.090327501297,3.28,62937.21
68.10279107093811,3.28,62989.53
68.1148772239685,3.28,62916.3
68.12733602523804,3.28,62895.39
68.139408826828,3.28,62884.94
68.15148949623108,3.28,62895.39
68.16375494003296,3.28,62905.83
