Time (s),Voltage (V),Resistance (Ohm)
0.0014238357543945312,3.5,76826.12
0.0027174949645996094,3.5,77004.59
0.003851652145385742,3.5,77073.39
0.004957675933837891,3.5,76730.26
0.006052494049072266,3.5,77169.85
0.007153749465942383,3.5,76867.25
0.008486032485961914,3.5,76853.54
0.009804010391235352,3.5,76922.15
0.010948896408081055,3.5,76675.55
0.012086153030395508,3.5,77238.86
0.013217687606811523,3.5,76716.57
0.014348268508911133,3.5,76853.54
0.015473127365112305,3.5,76867.25
0.016600847244262695,3.5,76730.26
0.017733097076416016,3.5,77169.85
0.01892852783203125,3.5,76977.09
0.020050525665283203,3.5,76922.15
0.021198272705078125,3.5,76894.69
0.022242069244384766,3.5,76730.26
0.023347854614257812,3.5,77059.62
0.026306629180908203,3.5,76812.41
0.027346372604370117,3.5,76949.62
0.028336763381958008,3.5,76880.96
0.029324769973754883,3.5,76730.26
0.030312776565551758,3.5,77128.48
0.03129887580871582,3.5,76949.62
0.032286643981933594,3.5,76880.96
0.03342914581298828,3.5,77073.39
0.034423828125,3.5,76757.62
0.03542375564575195,3.5,77225.04
0.03641057014465332,3.5,76743.93
0.03740572929382324,3.5,76853.54
0.03838348388671875,3.5,76922.15
0.03936576843261719,3.5,76743.93
0.040465354919433594,3.5,77238.86
0.04146385192871094,3.5,76785.0
0.04244589805603027,3.5,76812.41
0.04343247413635254,3.5,76826.12
0.044416189193725586,3.5,76675.55
0.045560598373413086,3.5,76785.0
0.046561479568481445,3.5,76757.62
0.04755806922912598,3.5,76977.09
0.04854941368103027,3.5,76922.15
0.04953813552856445,3.5,76716.57
0.05052828788757324,3.5,76935.88
0.05151772499084473,3.5,76757.62
0.059093475341796875,3.5,76963.35
0.0715186595916748,3.5,76798.71
0.08391785621643066,3.49,76620.9
0.09601926803588867,3.5,76990.84
0.10780715942382812,3.5,76757.62
0.1200416088104248,3.5,76949.62
0.1320960521697998,3.5,76771.32
0.14142155647277832,3.5,76689.21
0.15352368354797363,3.5,77169.85
0.16583490371704102,3.5,76648.21
0.1779460906982422,3.5,77018.35
0.19022464752197266,3.5,76977.09
0.20254087448120117,3.5,76634.57
0.21491718292236328,3.5,77045.86
0.22690987586975098,3.5,76648.21
0.23921418190002441,3.5,76867.25
0.25166964530944824,3.5,76894.69
0.2637157440185547,3.49,76620.9
0.27547144889831543,3.5,76853.54
0.2878143787384033,3.5,76675.55
0.29969191551208496,3.5,76812.41
0.3088557720184326,3.5,76867.25
0.3214759826660156,3.5,76853.54
0.33381223678588867,3.5,76894.69
0.34605908393859863,3.5,76675.55
0.35804176330566406,3.5,77018.35
0.3704664707183838,3.5,76771.32
0.3828134536743164,3.49,76620.9
0.3950963020324707,3.5,76949.62
0.40720152854919434,3.5,76730.26
0.41947078704833984,3.5,76990.84
0.43152356147766113,3.5,76826.12
0.4435296058654785,3.49,76620.9
0.45560193061828613,3.5,76963.35
0.4647822380065918,3.49,76579.96
0.47705912590026855,3.5,77045.86
0.4891822338104248,3.5,76977.09
0.5016145706176758,3.5,76716.57
0.5139315128326416,3.5,76949.62
0.5259931087493896,3.49,76566.29
0.5383172035217285,3.5,77059.62
0.5506384372711182,3.5,76839.82
0.563101053237915,3.5,76716.57
0.5748507976531982,3.5,76949.62
0.5864434242248535,3.49,76552.67
0.5985476970672607,3.5,76935.88
0.610764741897583,3.5,76839.82
0.6193535327911377,3.5,76661.87
0.6315863132476807,3.5,76949.62
0.6442067623138428,3.49,76607.25
0.6565096378326416,3.5,77087.16
0.6688780784606934,3.5,76894.69
0.6813516616821289,3.5,76661.87
0.6936750411987305,3.5,76880.96
0.7063703536987305,3.49,76607.25
0.7185649871826172,3.5,77045.86
0.7309250831604004,3.5,76908.41
0.7428538799285889,3.5,76661.87
0.7550427913665771,3.5,76839.82
0.7670061588287354,3.5,76634.57
0.7789695262908936,3.5,77059.62
0.7882339954376221,3.5,76826.12
0.8005068302154541,3.5,76716.57
0.812868595123291,3.5,76894.69
0.8251609802246094,3.5,76661.87
0.8372488021850586,3.5,77142.28
0.8496739864349365,3.5,76826.12
0.8620977401733398,3.49,76552.67
0.8743932247161865,3.5,76935.88
0.8866913318634033,3.49,76593.59
0.898766040802002,3.5,76963.35
0.9107129573822021,3.5,76798.71
0.9227855205535889,3.5,76675.55
0.9348306655883789,3.5,76922.15
0.9438610076904297,3.5,76675.55
0.9563007354736328,3.5,77183.64
0.9682638645172119,3.5,76949.62
0.9808158874511719,3.5,76730.26
0.9928302764892578,3.5,76867.25
1.0053691864013672,3.5,76648.21
1.0173630714416504,3.5,77142.28
1.0297319889068604,3.5,76826.12
1.0420572757720947,3.5,76743.93
1.0545427799224854,3.5,76826.12
1.0664503574371338,3.5,76702.89
1.0782995223999023,3.5,77087.16
1.0905735492706299,3.5,76949.62
1.099473237991333,3.5,76785.0
1.1118438243865967,3.5,76963.35
1.1241610050201416,3.5,76785.0
1.1365530490875244,3.5,77142.28
1.1486937999725342,3.5,76839.82
1.160991907119751,3.5,76757.62
1.1733577251434326,3.5,76894.69
1.1856367588043213,3.5,76648.21
1.197967290878296,3.5,77045.86
1.2099955081939697,3.5,76785.0
1.222168207168579,3.5,76648.21
1.2341854572296143,3.5,76826.12
1.2462520599365234,3.5,76716.57
1.2578692436218262,3.5,77142.28
1.2669520378112793,3.5,76771.32
1.2792260646820068,3.5,76839.82
1.2916018962860107,3.5,76894.69
1.3044800758361816,3.5,76716.57
1.316734790802002,3.5,77100.92
1.3286876678466797,3.5,76812.41
1.3413307666778564,3.5,76812.41
1.3535487651824951,3.5,76771.32
1.3658759593963623,3.49,76498.14
1.3779115676879883,3.5,76935.88
1.3899893760681152,3.5,76716.57
1.4019489288330078,3.5,76675.55
1.4139928817749023,3.5,76771.32
1.4231836795806885,3.5,76634.57
1.4355483055114746,3.5,77087.16
1.4477903842926025,3.5,76826.12
1.4598662853240967,3.5,76743.93
1.4722378253936768,3.5,76853.54
1.4846103191375732,3.5,76661.87
1.4969444274902344,3.5,76949.62
1.5089812278747559,3.5,76798.71
1.5213758945465088,3.5,76648.21
1.5337193012237549,3.5,76853.54
1.5456242561340332,3.5,76689.21
1.5578913688659668,3.5,77142.28
1.5695397853851318,3.5,76798.71
1.5813953876495361,3.5,76716.57
1.5900418758392334,3.5,76798.71
1.6023023128509521,3.5,76648.21
1.6146361827850342,3.5,77156.06
1.6268727779388428,3.5,76922.15
1.639115333557129,3.5,76853.54
1.651667594909668,3.5,76785.0
1.664222002029419,3.5,76634.57
1.6762559413909912,3.5,77100.92
1.6885402202606201,3.5,76757.62
1.7009987831115723,3.5,76757.62
1.7133262157440186,3.5,76743.93
1.7253351211547852,3.5,76716.57
1.737527847290039,3.5,77045.86
1.74678373336792,3.5,76743.93
1.7588098049163818,3.5,76894.69
1.771296501159668,3.5,76798.71
1.7836699485778809,3.5,76702.89
1.7958333492279053,3.5,77045.86
1.8082807064056396,3.5,76785.0
1.820326805114746,3.5,76812.41
1.832813024520874,3.5,76812.41
1.8449175357818604,3.5,76648.21
1.8573129177093506,3.5,77114.71
1.8691520690917969,3.5,76812.41
1.8812696933746338,3.5,76867.25
1.893167495727539,3.5,76785.0
1.9022884368896484,3.5,76661.87
1.9146170616149902,3.5,77183.64
1.9268267154693604,3.5,77018.35
1.9389312267303467,3.5,76894.69
1.9514198303222656,3.5,77004.59
1.962951421737671,3.5,76675.55
1.9753313064575195,3.5,77169.85
1.9882972240447998,3.5,76826.12
2.000566244125366,3.5,76798.71
2.01281476020813,3.5,76812.41
2.0252294540405273,3.49,76607.25
2.036914825439453,3.5,77128.48
2.0489954948425293,3.5,76771.32
2.060883045196533,3.5,76730.26
2.070192813873291,3.5,76785.0
2.08262300491333,3.5,76785.0
2.0947625637054443,3.5,76922.15
2.107168436050415,3.5,76771.32
2.119452476501465,3.5,76798.71
2.1314640045166016,3.5,76757.62
2.143897533416748,3.49,76579.96
2.1563353538513184,3.5,76908.41
2.168672561645508,3.5,76689.21
2.1808230876922607,3.5,76730.26
2.192530870437622,3.5,76757.62
2.204679012298584,3.5,76634.57
2.2168784141540527,3.5,77032.1
2.2258355617523193,3.5,76702.89
2.238448143005371,3.5,76867.25
2.2501611709594727,3.5,76839.82
2.2627217769622803,3.49,76620.9
2.2752504348754883,3.5,77045.86
2.28751802444458,3.49,76579.96
2.2997565269470215,3.5,76689.21
2.311843156814575,3.5,76661.87
2.3243088722229004,3.49,76579.96
2.3358519077301025,3.5,76894.69
2.3483431339263916,3.49,76607.25
2.3602418899536133,3.5,76675.55
2.372548818588257,3.5,76675.55
2.381476879119873,3.49,76552.67
2.3937299251556396,3.5,76990.84
2.4061715602874756,3.5,76785.0
2.418541669845581,3.5,76935.88
2.430593729019165,3.5,76743.93
2.4428389072418213,3.49,76607.25
2.4553394317626953,3.5,76839.82
2.4676473140716553,3.5,76798.71
2.4795942306518555,3.5,76880.96
2.4922409057617188,3.5,76757.62
2.5041518211364746,3.5,76675.55
2.5162806510925293,3.5,76894.69
2.528207540512085,3.5,76798.71
2.5401599407196045,3.5,76908.41
2.549227714538574,3.5,76853.54
2.5618112087249756,3.5,76675.55
2.573861837387085,3.5,77059.62
2.5853404998779297,3.49,76511.77
2.5975759029388428,3.5,76908.41
2.6098263263702393,3.5,76867.25
2.6222071647644043,3.5,76634.57
2.6344637870788574,3.5,77073.39
2.6471993923187256,3.49,76620.9
2.6591453552246094,3.5,76894.69
2.6716246604919434,3.5,76771.32
2.68387508392334,3.49,76579.96
2.6960713863372803,3.5,77059.62
2.705284833908081,3.5,76648.21
2.7175068855285645,3.5,76935.88
2.729477882385254,3.5,76826.12
2.74198317527771,3.49,76566.29
2.7542824745178223,3.5,76771.32
2.7666025161743164,3.49,76511.77
2.7787349224090576,3.5,76839.82
2.791048288345337,3.5,76743.93
2.8035566806793213,3.49,76607.25
2.815772294998169,3.5,76702.89
2.827725887298584,3.5,76702.89
2.839674949645996,3.5,76839.82
2.851863384246826,3.5,76743.93
2.8638687133789062,3.49,76525.39
2.873136281967163,3.5,76812.41
2.8854737281799316,3.5,76894.69
2.897796154022217,3.5,76922.15
2.909752130508423,3.5,76935.88
2.9221439361572266,3.49,76579.96
2.9346156120300293,3.5,76785.0
2.9467477798461914,3.49,76457.28
2.9591050148010254,3.5,76894.69
2.971306562423706,3.5,76730.26
2.983523368835449,3.49,76593.59
2.99545955657959,3.5,76743.93
3.0075719356536865,3.49,76443.67
3.019599199295044,3.5,76785.0
3.0284640789031982,3.5,76730.26
3.040921926498413,3.5,76675.55
3.0532407760620117,3.5,76730.26
3.065657615661621,3.49,76484.52
3.0775835514068604,3.5,76922.15
3.089168071746826,3.5,76661.87
3.10139536857605,3.49,76607.25
3.113687753677368,3.5,76689.21
3.1259591579437256,3.49,76443.67
3.1381990909576416,3.5,76894.69
3.1505720615386963,3.5,76743.93
3.162747621536255,3.49,76511.77
3.1750130653381348,3.5,76716.57
3.1870901584625244,3.49,76457.28
3.1960132122039795,3.5,76908.41
3.2083747386932373,3.5,76826.12
3.220879316329956,3.49,76579.96
3.2333614826202393,3.5,76785.0
3.2456679344177246,3.49,76416.46
3.2578747272491455,3.5,76839.82
3.2702507972717285,3.5,76675.55
3.282438278198242,3.49,76457.28
3.2947356700897217,3.5,76757.62
3.3068084716796875,3.49,76457.28
3.3188817501068115,3.5,76826.12
3.330768585205078,3.5,76634.57
3.3427677154541016,3.49,76430.06
3.3517215251922607,3.5,76675.55
3.3640146255493164,3.49,76484.52
3.3766391277313232,3.5,76990.84
3.3890371322631836,3.5,76867.25
3.401552677154541,3.49,76470.89
3.413709878921509,3.5,76716.57
3.4261343479156494,3.49,76307.72
3.4380316734313965,3.5,76894.69
3.4505457878112793,3.5,76702.89
3.462671995162964,3.49,76579.96
3.4747390747070312,3.5,76675.55
3.4866678714752197,3.49,76362.07
3.49884033203125,3.5,76812.41
3.5076608657836914,3.5,76661.87
3.5202317237854004,3.49,76620.9
3.5324997901916504,3.5,76826.12
3.544689893722534,3.49,76552.67
3.557204246520996,3.5,76908.41
3.569221019744873,3.5,76648.21
3.5813944339752197,3.49,76552.67
3.592921018600464,3.5,76675.55
3.6051270961761475,3.49,76457.28
3.617445945739746,3.5,76853.54
3.6297168731689453,3.5,76661.87
3.641843795776367,3.49,76402.84
3.6540536880493164,3.5,76675.55
3.6664509773254395,3.49,76443.67
3.6753318309783936,3.5,76990.84
3.6878397464752197,3.5,76743.93
3.700263261795044,3.49,76511.77
3.712662935256958,3.5,76661.87
3.725046157836914,3.49,76484.52
3.737360715866089,3.5,76922.15
3.7494287490844727,3.5,76702.89
3.761723518371582,3.5,76661.87
3.774169921875,3.5,76702.89
3.7862446308135986,3.49,76457.28
3.798269510269165,3.5,76908.41
3.8100788593292236,3.5,76702.89
3.8222692012786865,3.49,76579.96
3.8314499855041504,3.49,76566.29
3.8436501026153564,3.49,76607.25
3.856088876724243,3.5,77032.1
3.868485689163208,3.5,76661.87
3.8805906772613525,3.5,76648.21
3.8930130004882812,3.5,76702.89
3.9052395820617676,3.49,76566.29
3.9176506996154785,3.5,76908.41
3.9297380447387695,3.5,76675.55
3.941892623901367,3.49,76511.77
3.9539859294891357,3.5,76702.89
3.9657387733459473,3.49,76552.67
3.9779610633850098,3.5,76935.88
3.987151622772217,3.5,76661.87
3.99912691116333,3.5,76689.21
4.011603593826294,3.5,76757.62
4.02402400970459,3.5,76648.21
4.036335229873657,3.5,76935.88
4.048662185668945,3.5,76648.21
4.0606043338775635,3.5,76661.87
4.073170185089111,3.5,76689.21
4.0854246616363525,3.49,76539.03
4.097742557525635,3.5,76867.25
4.109707832336426,3.5,76648.21
4.121793031692505,3.5,76648.21
4.133762359619141,3.5,76634.57
4.14557671546936,3.49,76430.06
4.154712200164795,3.5,76880.96
4.167255163192749,3.5,76689.21
4.179412126541138,3.5,76730.26
4.191920042037964,3.5,76757.62
4.204192399978638,3.49,76430.06
4.216609001159668,3.5,76867.25
4.229987382888794,3.5,76675.55
4.240989923477173,3.49,76552.67
4.253281831741333,3.5,76689.21
4.265571594238281,3.49,76416.46
4.277276515960693,3.5,76963.35
4.289480447769165,3.5,76634.57
4.301588296890259,3.49,76566.29
4.310424327850342,3.5,76675.55
4.3226542472839355,3.5,76648.21
4.335336446762085,3.5,77059.62
4.34732460975647,3.5,76757.62
4.359837770462036,3.5,76634.57
4.372112274169922,3.5,76743.93
4.384485721588135,3.49,76443.67
4.396595001220703,3.5,76977.09
4.409230947494507,3.5,76675.55
4.421133756637573,3.5,76702.89
4.433231830596924,3.49,76552.67
4.445262432098389,3.49,76498.14
4.457342147827148,3.5,76990.84
4.46916937828064,3.5,76661.87
4.478551626205444,3.5,76648.21
4.4908740520477295,3.5,76798.71
4.503173112869263,3.49,76579.96
4.515559911727905,3.5,76867.25
4.527630090713501,3.5,76689.21
4.539931058883667,3.5,76648.21
4.5523762702941895,3.5,76730.26
4.564639329910278,3.49,76525.39
4.577091217041016,3.5,76853.54
4.588685035705566,3.49,76620.9
4.6002116203308105,3.5,76634.57
4.61241602897644,3.5,76648.21
4.624658584594727,3.49,76552.67
4.63322377204895,3.5,76812.41
4.645511150360107,3.5,76785.0
4.6582725048065186,3.5,76771.32
4.670518159866333,3.49,76620.9
4.683075666427612,3.49,76511.77
4.695366144180298,3.5,76853.54
4.708115100860596,3.5,76634.57
4.7200493812561035,3.5,76648.21
4.73250937461853,3.49,76579.96
4.744468688964844,3.49,76430.06
4.756788730621338,3.5,76743.93
4.768714904785156,3.49,76443.67
4.780728340148926,3.49,76566.29
4.790000677108765,3.49,76511.77
4.80194091796875,3.49,76566.29
4.814384937286377,3.5,76963.35
4.826981782913208,3.49,76593.59
4.83919095993042,3.5,76689.21
4.851294755935669,3.5,76634.57
4.863601207733154,3.49,76402.84
4.875925779342651,3.5,76853.54
4.888224124908447,3.49,76498.14
4.9006288051605225,3.49,76416.46
4.912617206573486,3.49,76484.52
4.924723148345947,3.49,76402.84
4.93668532371521,3.49,76620.9
4.948626279830933,3.49,76539.03
4.957953214645386,3.5,76634.57
4.970203161239624,3.5,76716.57
4.98238730430603,3.49,76470.89
4.994460105895996,3.5,76675.55
5.006982803344727,3.5,76689.21
5.019308090209961,3.5,76634.57
5.0315327644348145,3.49,76525.39
5.043934106826782,3.49,76389.25
5.056143522262573,3.5,76661.87
5.068314790725708,3.49,76607.25
5.080145359039307,3.5,76634.57
5.092366933822632,3.49,76579.96
5.104420900344849,3.49,76389.25
5.113357782363892,3.5,76757.62
5.125890254974365,3.49,76470.89
5.138070106506348,3.5,76812.41
5.14965295791626,3.49,76539.03
5.162090539932251,3.49,76402.84
5.174742698669434,3.5,76785.0
5.18729043006897,3.49,76416.46
5.199561357498169,3.49,76552.67
5.21174955368042,3.49,76593.59
5.224098205566406,3.49,76239.88
5.236078977584839,3.49,76511.77
5.2481372356414795,3.49,76375.64
5.259994268417358,3.5,76689.21
5.272247552871704,3.49,76593.59
5.2813098430633545,3.49,76362.07
5.293843746185303,3.5,76689.21
5.305710315704346,3.5,76702.89
5.317628383636475,3.5,76730.26
5.329732656478882,3.49,76552.67
5.342341899871826,3.49,76375.64
5.355008602142334,3.5,76634.57
5.367534160614014,3.49,76443.67
5.3797056674957275,3.49,76607.25
5.3917882442474365,3.49,76593.59
5.4039084911346436,3.49,76375.64
5.41600489616394,3.49,76607.25
5.427964925765991,3.49,76239.88
5.437113523483276,3.5,76648.21
5.449399709701538,3.5,76648.21
5.461341857910156,3.49,76498.14
5.473893642425537,3.5,76771.32
5.486207723617554,3.49,76294.14
5.498390436172485,3.49,76607.25
5.510644197463989,3.49,76525.39
5.523011207580566,3.49,76375.64
5.535378932952881,3.49,76511.77
5.547630548477173,3.49,76212.76
5.5597288608551025,3.49,76579.96
5.571789264678955,3.49,76552.67
5.583519220352173,3.49,76362.07
5.595353603363037,3.49,76539.03
5.603893280029297,3.49,76253.45
5.616175651550293,3.5,76785.0
5.628530979156494,3.49,76607.25
5.640771865844727,3.49,76416.46
5.653390645980835,3.49,76539.03
5.665741205215454,3.49,76334.88
5.677883625030518,3.5,76675.55
5.690206050872803,3.49,76552.67
5.702883720397949,3.49,76362.07
5.715378761291504,3.49,76430.06
5.727315664291382,3.49,76239.88
5.739586591720581,3.5,76675.55
5.751594066619873,3.49,76552.67
5.763514280319214,3.49,76334.88
5.772905111312866,3.49,76457.28
5.785221576690674,3.49,76307.72
5.797476291656494,3.5,76661.87
5.809761047363281,3.49,76443.67
5.821984529495239,3.49,76294.14
5.834368467330933,3.49,76430.06
5.84651255607605,3.49,76185.66
5.85912823677063,3.49,76498.14
5.87116265296936,3.49,76457.28
5.882954120635986,3.49,76226.32
5.8951897621154785,3.49,76511.77
5.9073309898376465,3.49,76131.5
5.919219017028809,3.49,76498.14
5.928407907485962,3.49,76430.06
5.940670967102051,3.49,76334.88
5.952919960021973,3.49,76539.03
5.9653542041778564,3.49,76172.12
5.977788209915161,3.5,76634.57
5.989776849746704,3.49,76525.39
6.002150535583496,3.49,76321.31
6.014530897140503,3.49,76498.14
6.026822805404663,3.49,76185.66
6.03924036026001,3.49,76607.25
6.051195859909058,3.49,76402.84
6.063091516494751,3.49,76348.48
6.075150012969971,3.49,76362.07
6.087310552597046,3.49,76307.72
6.09647536277771,3.49,76607.25
6.108816862106323,3.5,76661.87
6.121116876602173,3.49,76348.48
6.133261442184448,3.49,76552.67
6.145387172698975,3.49,76280.57
6.158021688461304,3.5,76702.89
6.170408725738525,3.49,76457.28
6.182422161102295,3.49,76307.72
6.194657564163208,3.49,76470.89
6.207026243209839,3.49,76212.76
6.2188990116119385,3.49,76607.25
6.230862617492676,3.49,76498.14
6.24301290512085,3.49,76321.31
6.251963376998901,3.49,76457.28
6.264365911483765,3.49,76348.48
6.276734113693237,3.5,76757.62
6.288729429244995,3.49,76566.29
6.301110029220581,3.49,76334.88
6.3134307861328125,3.49,76484.52
6.325904607772827,3.49,76239.88
6.338144063949585,3.5,76716.57
6.3504416942596436,3.49,76430.06
6.362529516220093,3.49,76389.25
6.3746864795684814,3.49,76457.28
6.3867480754852295,3.49,76294.14
6.398766279220581,3.5,76648.21
6.410725116729736,3.49,76525.39
6.420085906982422,3.49,76389.25
6.432189702987671,3.49,76620.9
6.444594621658325,3.49,76430.06
6.456968545913696,3.5,76716.57
6.468964099884033,3.49,76511.77
6.481095552444458,3.49,76375.64
6.493350982666016,3.49,76566.29
6.506177186965942,3.49,76307.72
6.5183398723602295,3.5,76716.57
6.530345916748047,3.49,76552.67
6.542529344558716,3.49,76389.25
6.554555654525757,3.49,76525.39
6.566528558731079,3.49,76348.48
6.575739145278931,3.5,76730.26
6.587769508361816,3.49,76607.25
6.599231719970703,3.49,76334.88
6.611492395401001,3.5,76634.57
6.623713970184326,3.49,76321.31
6.636060953140259,3.5,76743.93
6.648325681686401,3.49,76430.06
6.661402463912964,3.49,76470.89
6.67390775680542,3.49,76525.39
6.68632960319519,3.49,76253.45
6.698289632797241,3.5,76689.21
6.710137605667114,3.49,76443.67
6.7223899364471436,3.49,76402.84
6.734362602233887,3.49,76484.52
6.743615388870239,3.49,76348.48
6.755928039550781,3.5,76867.25
6.768175840377808,3.49,76457.28
6.7804131507873535,3.49,76525.39
6.792747974395752,3.49,76552.67
6.8049914836883545,3.49,76430.06
6.817453861236572,3.5,76675.55
6.829510450363159,3.49,76484.52
6.841662406921387,3.49,76375.64
6.854137420654297,3.49,76498.14
6.86583137512207,3.49,76307.72
6.877965450286865,3.5,76702.89
6.890086889266968,3.49,76498.14
6.899203300476074,3.49,76348.48
6.91159725189209,3.49,76620.9
6.92393946647644,3.49,76416.46
6.935872793197632,3.5,76826.12
6.948122024536133,3.49,76498.14
6.960742950439453,3.49,76457.28
6.972997665405273,3.49,76430.06
6.985371828079224,3.49,76307.72
6.9974822998046875,3.5,76743.93
7.009848356246948,3.49,76416.46
7.021812200546265,3.49,76416.46
7.033958673477173,3.49,76402.84
7.0458619594573975,3.49,76294.14
7.0579283237457275,3.5,76689.21
7.0669145584106445,3.49,76511.77
7.079210996627808,3.49,76566.29
7.091742753982544,3.49,76607.25
7.104066371917725,3.49,76348.48
7.116183280944824,3.5,76730.26
7.128418445587158,3.49,76416.46
7.140926361083984,3.49,76457.28
7.153048515319824,3.49,76484.52
7.1654698848724365,3.49,76294.14
7.177505731582642,3.5,76716.57
7.189701557159424,3.49,76457.28
7.2017598152160645,3.49,76484.52
7.2137041091918945,3.49,76416.46
7.222798824310303,3.49,76212.76
7.2351861000061035,3.5,76826.12
7.247255802154541,3.49,76539.03
7.25956130027771,3.49,76484.52
7.27170205116272,3.49,76470.89
7.283863306045532,3.49,76348.48
7.2963151931762695,3.5,76757.62
7.308775901794434,3.49,76498.14
7.321225881576538,3.49,76498.14
7.333416223526001,3.49,76525.39
7.345300674438477,3.49,76375.64
7.35747504234314,3.5,76826.12
7.369234561920166,3.49,76498.14
7.381649494171143,3.49,76498.14
7.390729665756226,3.49,76552.67
7.403124570846558,3.49,76443.67
7.415306568145752,3.5,76798.71
7.427629232406616,3.49,76566.29
7.4399168491363525,3.49,76511.77
7.452150106430054,3.49,76416.46
7.464361190795898,3.49,76321.31
7.476623773574829,3.5,76826.12
7.489044666290283,3.49,76430.06
7.50131630897522,3.49,76389.25
7.513233661651611,3.49,76457.28
7.525069713592529,3.49,76593.59
7.537262678146362,3.5,76716.57
7.549283981323242,3.49,76402.84
7.558624029159546,3.49,76470.89
7.57099175453186,3.49,76539.03
7.583367347717285,3.49,76457.28
7.59543776512146,3.5,76702.89
7.606812000274658,3.49,76402.84
7.619044065475464,3.49,76511.77
7.631282329559326,3.49,76430.06
7.643635511398315,3.49,76307.72
7.655874729156494,3.5,76675.55
7.6686131954193115,3.49,76416.46
7.680612802505493,3.49,76470.89
7.692975759506226,3.49,76470.89
7.7048070430755615,3.49,76321.31
7.714081287384033,3.5,76730.26
7.7263503074646,3.49,76525.39
7.738914966583252,3.49,76552.67
7.751176357269287,3.49,76579.96
7.763304710388184,3.49,76334.88
7.775601387023926,3.5,76634.57
7.787980556488037,3.49,76498.14
7.80031418800354,3.49,76430.06
7.8124072551727295,3.49,76484.52
7.824910879135132,3.49,76267.0
7.836580038070679,3.5,76689.21
7.8488523960113525,3.49,76430.06
7.86090350151062,3.49,76375.64
7.872836351394653,3.49,76470.89
7.882257461547852,3.49,76362.07
7.894649982452393,3.49,76620.9
7.906870603561401,3.49,76525.39
7.919039249420166,3.49,76498.14
7.931373357772827,3.49,76511.77
7.943695306777954,3.49,76334.88
7.955981254577637,3.49,76579.96
7.968202590942383,3.49,76416.46
7.9804160594940186,3.49,76498.14
7.992719411849976,3.49,76402.84
8.00472617149353,3.49,76253.45
8.016614437103271,3.49,76607.25
8.02856731414795,3.49,76443.67
8.037712812423706,3.49,76430.06
8.0500648021698,3.5,76634.57
8.062289953231812,3.49,76348.48
8.074808120727539,3.5,76743.93
8.087173700332642,3.49,76212.76
8.09924864768982,3.49,76457.28
8.111708641052246,3.49,76457.28
8.123937606811523,3.49,76334.88
8.13631296157837,3.49,76620.9
8.148118019104004,3.49,76294.14
8.160037755966187,3.49,76402.84
8.172112941741943,3.49,76457.28
8.184176206588745,3.49,76280.57
8.196109294891357,3.49,76443.67
8.20536470413208,3.49,76280.57
8.217636823654175,3.49,76511.77
8.229890584945679,3.49,76552.67
8.242226600646973,3.49,76321.31
8.254199266433716,3.49,76457.28
8.266359090805054,3.49,76416.46
8.278466701507568,3.49,76511.77
8.291197776794434,3.49,76484.52
8.303480625152588,3.49,76280.57
8.31560730934143,3.49,76457.28
8.327858686447144,3.49,76539.03
8.340105056762695,3.49,76511.77
8.352170467376709,3.49,76457.28
8.360834836959839,3.49,76199.21
8.373274564743042,3.5,76689.21
8.386007308959961,3.49,76470.89
8.398073434829712,3.49,76579.96
8.410577297210693,3.49,76579.96
8.422841787338257,3.49,76307.72
8.435254335403442,3.49,76539.03
8.447226762771606,3.49,76239.88
8.4597487449646,3.49,76511.77
8.472078084945679,3.49,76443.67
8.484043598175049,3.49,76172.12
8.495915412902832,3.49,76539.03
8.508006811141968,3.49,76294.14
8.520149230957031,3.49,76362.07
8.529186248779297,3.49,76443.67
8.541726350784302,3.49,76443.67
8.553703784942627,3.49,76552.67
8.566317796707153,3.49,76348.48
8.578295946121216,3.49,76470.89
8.590620994567871,3.49,76375.64
8.602126836776733,3.49,76145.03
8.614312648773193,3.49,76443.67
8.626604557037354,3.49,76348.48
8.63887333869934,3.49,76566.29
8.651034593582153,3.49,76172.12
8.663533449172974,3.49,76185.66
8.675935983657837,3.49,76402.84
8.684407949447632,3.49,76389.25
8.696630477905273,3.5,76771.32
8.709185123443604,3.49,76443.67
8.721776723861694,3.49,76239.88
8.734192609786987,3.49,76498.14
8.746996402740479,3.49,76307.72
8.757898569107056,3.49,76566.29
8.770546436309814,3.49,76375.64
8.782921552658081,3.49,76239.88
8.795839786529541,3.49,76498.14
8.807718753814697,3.49,76185.66
8.81965947151184,3.49,76525.39
8.831718921661377,3.49,76362.07
8.843845844268799,3.49,76172.12
8.853070497512817,3.49,76498.14
8.865309953689575,3.49,76253.45
8.877252340316772,3.49,76579.96
8.889842510223389,3.49,76498.14
8.90212631225586,3.49,76362.07
8.914248704910278,3.49,76470.89
8.92651629447937,3.49,76104.45
8.938865900039673,3.49,76620.9
8.95133376121521,3.49,76552.67
8.963247299194336,3.49,76226.32
8.975541830062866,3.49,76389.25
8.987338304519653,3.49,76199.21
8.999603509902954,3.49,76593.59
9.01124119758606,3.49,76430.06
9.020309925079346,3.49,76212.76
9.03263783454895,3.49,76579.96
9.045598983764648,3.49,76321.31
9.057624340057373,3.49,76593.59
9.069967031478882,3.49,76470.89
9.082338094711304,3.49,76172.12
9.094610452651978,3.49,76375.64
9.106642484664917,3.49,76172.12
9.1190505027771,3.49,76525.39
9.131308794021606,3.49,76362.07
9.143376588821411,3.49,76172.12
9.15546441078186,3.49,76348.48
9.167312145233154,3.49,76158.57
9.176620244979858,3.49,76552.67
9.188662767410278,3.49,76498.14
9.201059341430664,3.49,76321.31
9.213170766830444,3.49,76416.46
9.225694179534912,3.49,76117.96
9.237714052200317,3.49,76525.39
9.250186920166016,3.49,76402.84
9.262655258178711,3.49,76185.66
9.274808883666992,3.49,76307.72
9.28723406791687,3.49,76104.45
9.299043416976929,3.49,76620.9
9.311148881912231,3.49,76416.46
9.323143720626831,3.49,76145.03
9.3353111743927,3.49,76389.25
9.344432830810547,3.49,76023.34
9.356462240219116,3.5,76675.55
9.368512868881226,3.49,76470.89
9.3810453414917,3.49,76294.14
9.393713474273682,3.49,76334.88
9.405996322631836,3.49,76172.12
9.418004512786865,3.49,76484.52
9.430246114730835,3.49,76280.57
9.442704916000366,3.49,76172.12
9.454922914505005,3.49,76430.06
9.46703815460205,3.49,76321.31
9.478939533233643,3.49,76498.14
9.49113655090332,3.49,76362.07
9.499976396560669,3.49,76185.66
9.51250958442688,3.49,76470.89
9.524688959121704,3.49,76226.32
9.536994695663452,3.49,76566.29
9.549185276031494,3.49,76294.14
9.561509132385254,3.49,76131.5
9.57386064529419,3.49,76334.88
9.58628535270691,3.49,76063.86
9.598060131072998,3.49,76416.46
9.609638214111328,3.49,76334.88
9.62178087234497,3.49,76294.14
9.634037494659424,3.49,76348.48
9.646222829818726,3.49,76036.85
9.65866470336914,3.49,76579.96
9.666990995407104,3.49,76294.14
9.679377794265747,3.49,76321.31
9.691992282867432,3.49,76362.07
9.70468258857727,3.49,76050.35
9.717269897460938,3.49,76539.03
9.729540586471558,3.49,76294.14
9.741766691207886,3.49,76226.32
9.753769636154175,3.49,76348.48
9.766443967819214,3.49,76172.12
9.778624773025513,3.49,76552.67
9.790472507476807,3.49,76267.0
9.802580833435059,3.49,76199.21
9.814622163772583,3.49,76307.72
9.826567888259888,3.49,76104.45
9.835934400558472,3.49,76375.64
9.848076343536377,3.49,76267.0
9.860390424728394,3.49,76199.21
9.872836351394653,3.49,76280.57
9.885091304779053,3.49,76077.39
9.897137880325317,3.49,76443.67
9.909690618515015,3.49,76294.14
9.92187237739563,3.49,76280.57
9.934200763702393,3.49,76362.07
9.946336030960083,3.49,76145.03
9.958372592926025,3.49,76525.39
9.970460414886475,3.49,76267.0
9.98245882987976,3.49,76212.76
9.99163269996643,3.49,76307.72
10.00385046005249,3.49,76199.21
10.016178846359253,3.5,76634.57
10.028536796569824,3.49,76457.28
10.040662050247192,3.49,76334.88
10.053035259246826,3.49,76375.64
10.06517744064331,3.49,76212.76
10.077486276626587,3.49,76607.25
10.089786529541016,3.49,76375.64
10.102060556411743,3.49,76362.07
10.113837003707886,3.49,76294.14
10.126187324523926,3.49,76145.03
10.138183116912842,3.49,76539.03
10.15022087097168,3.49,76280.57
10.159604549407959,3.49,76239.88
10.171823740005493,3.49,76484.52
10.18399977684021,3.49,76226.32
10.196509599685669,3.49,76525.39
10.208639144897461,3.49,76334.88
10.22068476676941,3.49,76402.84
10.233158826828003,3.49,76348.48
10.245412588119507,3.49,76172.12
10.25779104232788,3.49,76498.14
10.269912719726562,3.49,76253.45
10.281784772872925,3.49,76185.66
10.294106006622314,3.49,76226.32
10.306155920028687,3.49,76117.96
10.315052032470703,3.49,76498.14
10.327536582946777,3.49,76402.84
10.339457511901855,3.49,76185.66
10.351782083511353,3.49,76348.48
10.364062786102295,3.49,76158.57
10.37663745880127,3.49,76539.03
10.388899326324463,3.49,76212.76
10.401016235351562,3.49,76253.45
10.413353681564331,3.49,76280.57
10.425699710845947,3.49,76172.12
10.437778234481812,3.49,76511.77
10.449670791625977,3.49,76267.0
10.461897134780884,3.49,76226.32
10.473865985870361,3.49,76253.45
10.483001232147217,3.49,76077.39
10.495404243469238,3.5,76661.87
10.507665395736694,3.49,76334.88
10.519936084747314,3.49,76321.31
10.5321524143219,3.49,76307.72
10.544244766235352,3.49,76199.21
10.556826114654541,3.49,76402.84
10.569194555282593,3.49,76280.57
10.581119298934937,3.49,76443.67
10.593339920043945,3.49,76321.31
10.604796409606934,3.49,76212.76
10.616957664489746,3.49,76511.77
10.629144668579102,3.49,76307.72
10.641350746154785,3.49,76212.76
10.649932861328125,3.49,76334.88
10.662507772445679,3.49,76267.0
10.674904346466064,3.49,76566.29
10.6873459815979,3.49,76348.48
10.699447631835938,3.49,76321.31
10.712159872055054,3.49,76389.25
10.724823713302612,3.49,76050.35
10.737059354782104,3.49,76511.77
10.749341487884521,3.49,76199.21
10.761255979537964,3.49,76280.57
10.773426532745361,3.49,76253.45
10.785505056381226,3.49,76117.96
10.79730224609375,3.49,76566.29
10.806699752807617,3.49,76307.72
10.818852663040161,3.49,76389.25
10.830979585647583,3.49,76267.0
10.843507289886475,3.49,76050.35
10.855860233306885,3.49,76498.14
10.867838859558105,3.49,76158.57
10.880202770233154,3.49,76226.32
10.892770528793335,3.49,76226.32
10.904975414276123,3.49,76050.35
10.917247295379639,3.49,76498.14
10.929214715957642,3.49,76212.76
10.941347122192383,3.49,76158.57
10.953470468521118,3.49,76307.72
10.965297222137451,3.49,76131.5
10.974539756774902,3.49,76511.77
10.986883401870728,3.49,76334.88
10.998846530914307,3.49,76294.14
11.01147985458374,3.49,76267.0
11.023731470108032,3.49,76050.35
11.036006450653076,3.49,76566.29
11.04814338684082,3.49,76199.21
11.060686111450195,3.49,76239.88
11.072618961334229,3.49,76253.45
11.085066318511963,3.49,76036.85
11.096917390823364,3.49,76470.89
11.109163761138916,3.49,76090.91
11.120657920837402,3.49,76253.45
11.132770299911499,3.49,76172.12
11.142056703567505,3.49,76050.35
11.15436577796936,3.49,76566.29
11.166606664657593,3.49,76212.76
11.178969383239746,3.49,76253.45
11.19165849685669,3.49,76253.45
11.203770160675049,3.49,76090.91
11.216265678405762,3.49,76484.52
11.228624105453491,3.49,76158.57
11.240837574005127,3.49,76294.14
11.252977848052979,3.49,76267.0
11.264821767807007,3.49,76117.96
11.276919841766357,3.49,76498.14
11.289005279541016,3.49,76212.76
11.297871828079224,3.49,76199.21
11.310536623001099,3.49,76389.25
11.322766304016113,3.49,76226.32
11.334662437438965,3.49,76430.06
11.346391201019287,3.49,76267.0
11.359020233154297,3.49,76362.07
11.371337175369263,3.49,76185.66
11.383599758148193,3.49,76199.21
11.396377325057983,3.49,76348.48
11.408752202987671,3.49,76307.72
11.42078161239624,3.49,76294.14
11.432833671569824,3.49,76145.03
11.444768905639648,3.49,76131.5
11.456787109375,3.49,76457.28
11.465848207473755,3.49,76145.03
11.478286027908325,3.49,76389.25
11.490649700164795,3.49,76375.64
11.50294280052185,3.49,76117.96
11.514966487884521,3.49,76443.67
11.527449607849121,3.49,76131.5
11.539844989776611,3.49,76239.88
11.552058696746826,3.49,76226.32
11.564209222793579,3.49,76090.91
11.57645583152771,3.49,76552.67
11.588460683822632,3.49,76199.21
11.600316047668457,3.49,76267.0
11.612080574035645,3.49,76267.0
11.620661973953247,3.49,76009.84
11.632895708084106,3.49,76280.57
11.645257472991943,3.49,76253.45
11.657522201538086,3.49,76199.21
11.670140504837036,3.49,76185.66
11.682379722595215,3.49,76009.84
11.694642305374146,3.49,76185.66
11.707003116607666,3.49,76145.03
11.719512462615967,3.49,76239.88
11.73209810256958,3.49,76104.45
11.744040727615356,3.49,76009.84
11.756162643432617,3.49,76294.14
11.768459558486938,3.49,76131.5
11.780263185501099,3.49,76362.07
11.78969931602478,3.49,76226.32
11.80188250541687,3.49,76090.91
11.814183712005615,3.49,76416.46
11.826373815536499,3.49,76077.39
11.838817834854126,3.49,76334.88
11.851111650466919,3.49,76267.0
11.863421440124512,3.49,76063.86
11.875349521636963,3.49,76267.0
11.88806939125061,3.49,75982.83
11.900046586990356,3.49,76253.45
11.912176847457886,3.49,76267.0
11.92392086982727,3.49,76023.34
11.936169147491455,3.49,76402.84
11.945208072662354,3.49,76063.86
11.957297801971436,3.49,76484.52
11.969877004623413,3.49,76389.25
11.982090711593628,3.49,76185.66
11.994271516799927,3.49,76253.45
12.00658106803894,3.49,76131.5
12.01908564567566,3.49,76430.06
12.031102418899536,3.49,76267.0
12.043617486953735,3.49,76050.35
12.055799722671509,3.49,76253.45
12.067786931991577,3.49,76145.03
12.080024242401123,3.49,76307.72
12.091890811920166,3.49,76280.57
12.10394549369812,3.49,75996.32
12.113356828689575,3.49,76239.88
12.125470399856567,3.49,76239.88
12.137775421142578,3.49,76362.07
12.150074243545532,3.49,76321.31
12.162465810775757,3.49,76036.85
12.174362182617188,3.49,76117.96
12.186864614486694,3.49,75942.36
12.199132442474365,3.49,76321.31
12.21157956123352,3.49,76145.03
12.22380256652832,3.49,75969.33
12.235616683959961,3.49,76226.32
12.247624635696411,3.48,75874.96
12.259823083877563,3.49,76389.25
12.271849870681763,3.49,76145.03
12.281014919281006,3.49,75996.32
12.293659210205078,3.49,76199.21
12.305619239807129,3.49,75915.39
12.317669868469238,3.49,76334.88
12.329902410507202,3.49,76145.03
12.34261965751648,3.49,76023.34
12.354603290557861,3.49,76185.66
12.366888761520386,3.48,75901.91
12.379542589187622,3.49,76389.25
12.391578435897827,3.49,76145.03
12.403807878494263,3.49,75942.36
12.415513277053833,3.49,76226.32
12.427684307098389,3.49,75915.39
12.436748743057251,3.49,76375.64
12.448978185653687,3.49,76307.72
12.461364984512329,3.49,76104.45
12.473741054534912,3.49,76239.88
12.485870599746704,3.49,76009.84
12.498001098632812,3.49,76334.88
12.51052212715149,3.49,76226.32
12.522809982299805,3.49,76009.84
12.534811019897461,3.49,76212.76
12.547343492507935,3.49,75982.83
12.559393167495728,3.49,76348.48
12.57132601737976,3.49,76253.45
12.583381652832031,3.49,76063.86
12.595362186431885,3.49,76226.32
12.604514837265015,3.49,76009.84
12.616710186004639,3.49,76389.25
12.628238439559937,3.49,76226.32
12.64045524597168,3.49,75955.85
12.652835130691528,3.49,76158.57
12.665069818496704,3.49,75928.87
12.677544116973877,3.49,76416.46
12.69002628326416,3.49,76158.57
12.702368021011353,3.49,76050.35
12.714620351791382,3.49,76185.66
12.726831197738647,3.49,76009.84
12.73933720588684,3.49,76470.89
12.751187086105347,3.49,76090.91
12.76043438911438,3.49,76063.86
12.772710084915161,3.49,76307.72
12.784685134887695,3.49,76036.85
12.797266721725464,3.49,76416.46
12.809511423110962,3.49,76267.0
12.821857690811157,3.49,76077.39
12.833948135375977,3.49,76158.57
12.846234560012817,3.49,76023.34
12.8581063747406,3.49,76362.07
12.869927883148193,3.49,76117.96
12.882306337356567,3.49,76023.34
12.8943612575531,3.49,76117.96
12.90683126449585,3.49,76063.86
12.919021129608154,3.49,76362.07
12.927918910980225,3.49,76199.21
12.940490484237671,3.49,76077.39
12.952933311462402,3.49,76212.76
12.965010404586792,3.49,76009.84
12.977399587631226,3.49,76362.07
12.9896559715271,3.49,76172.12
13.001948595046997,3.49,75955.85
13.014462232589722,3.49,76158.57
13.026438236236572,3.49,75996.32
13.03870177268982,3.49,76402.84
13.050768613815308,3.49,76158.57
13.062807559967041,3.49,75969.33
13.074936866760254,3.49,76145.03
13.083801507949829,3.49,75996.32
13.096200227737427,3.49,76552.67
13.108336448669434,3.49,76334.88
13.120799779891968,3.49,76117.96
13.132942914962769,3.49,76199.21
13.145361423492432,3.49,75915.39
13.157711267471313,3.49,76402.84
13.169618368148804,3.49,76036.85
13.181978464126587,3.49,76063.86
13.194502592086792,3.49,76185.66
13.206608772277832,3.49,76023.34
13.218547344207764,3.49,76362.07
13.230822086334229,3.49,76117.96
13.242839097976685,3.49,76090.91
13.251828670501709,3.49,76077.39
13.264344930648804,3.49,76158.57
13.276403188705444,3.49,76430.06
13.289636611938477,3.49,76158.57
13.300625562667847,3.49,76131.5
13.312261819839478,3.49,76158.57
13.324643611907959,3.49,76009.84
13.337018013000488,3.49,76321.31
13.349154472351074,3.49,76158.57
13.361418008804321,3.49,76145.03
13.373585939407349,3.49,76172.12
13.385922908782959,3.49,76009.84
13.39814805984497,3.49,76430.06
13.410260200500488,3.49,76104.45
13.419143676757812,3.49,76063.86
13.431480407714844,3.49,76253.45
13.44426679611206,3.49,76117.96
13.45662236213684,3.49,76470.89
13.468739748001099,3.49,76145.03
13.481216430664062,3.49,76185.66
13.493510961532593,3.49,76117.96
13.505840301513672,3.49,75969.33
13.518072366714478,3.49,76375.64
13.530217170715332,3.49,76050.35
13.542140483856201,3.49,76158.57
13.554229021072388,3.49,76131.5
13.566253185272217,3.49,75955.85
13.57549262046814,3.49,76334.88
13.587761402130127,3.49,76185.66
13.599937677383423,3.49,76158.57
13.612051963806152,3.49,76226.32
13.623564720153809,3.49,76023.34
13.635805368423462,3.49,76280.57
13.648027896881104,3.49,76158.57
13.660390138626099,3.49,76199.21
13.672649145126343,3.49,76104.45
13.685282230377197,3.49,75915.39
13.69764256477356,3.49,76402.84
13.709738492965698,3.49,76104.45
13.721951961517334,3.49,75969.33
13.734186887741089,3.49,76212.76
13.743367433547974,3.49,76009.84
13.755641222000122,3.49,76470.89
13.767803192138672,3.49,76294.14
13.780173778533936,3.49,76090.91
13.792453050613403,3.49,76172.12
13.805000066757202,3.49,75982.83
13.816924095153809,3.49,76348.48
13.82935094833374,3.49,76023.34
13.841708183288574,3.49,76063.86
13.853876829147339,3.49,76131.5
13.865626811981201,3.49,75969.33
13.877954244613647,3.49,76375.64
13.889947652816772,3.49,76131.5
13.901872873306274,3.49,76158.57
13.911331415176392,3.49,76212.76
13.923640012741089,3.49,76023.34
13.935573816299438,3.49,76416.46
13.948149919509888,3.49,76104.45
13.960201263427734,3.49,76145.03
13.97276496887207,3.49,76145.03
13.984933376312256,3.49,75982.83
13.99718689918518,3.49,76402.84
14.009574174880981,3.49,76104.45
14.021714687347412,3.49,76185.66
14.033650636672974,3.49,76172.12
14.04570722579956,3.49,75969.33
14.057774782180786,3.49,76362.07
14.066629409790039,3.49,76172.12
14.079129934310913,3.49,76226.32
14.09147334098816,3.49,76185.66
14.103852033615112,3.49,75982.83
14.115777492523193,3.49,76389.25
14.128343343734741,3.49,76117.96
14.140632152557373,3.49,76145.03
14.152939081192017,3.49,76199.21
14.165324687957764,3.49,76023.34
14.177323341369629,3.49,76416.46
14.189514398574829,3.49,76104.45
14.201477527618408,3.49,76131.5
14.213576793670654,3.49,76063.86
14.225404977798462,3.49,75982.83
14.23469877243042,3.49,76375.64
14.24700927734375,3.49,76090.91
14.259246110916138,3.49,76212.76
14.27169680595398,3.49,76239.88
14.283851146697998,3.49,75969.33
14.296952962875366,3.49,76607.25
14.308453559875488,3.49,76077.39
14.320882558822632,3.49,76050.35
14.332850456237793,3.49,76104.45
14.345351219177246,3.48,75901.91
14.357213258743286,3.49,76362.07
14.369334697723389,3.49,76117.96
14.38116455078125,3.49,75996.32
14.390186309814453,3.49,76117.96
14.40243935585022,3.49,76104.45
14.415525674819946,3.49,76307.72
14.427241086959839,3.49,76077.39
14.43963623046875,3.49,76158.57
14.451831340789795,3.49,76172.12
14.464233636856079,3.49,75982.83
14.476253747940063,3.49,76402.84
14.48873496055603,3.49,76104.45
14.500957012176514,3.49,76158.57
14.513232231140137,3.49,76117.96
14.525200843811035,3.49,75928.87
14.537195920944214,3.49,76375.64
14.549108743667603,3.49,76172.12
14.558358430862427,3.49,76185.66
14.570701360702515,3.49,76212.76
14.582751989364624,3.49,76023.34
14.595388889312744,3.49,76484.52
14.60747742652893,3.49,76036.85
14.61958622932434,3.49,76226.32
14.631141424179077,3.49,76158.57
14.6433584690094,3.49,75996.32
14.655629396438599,3.49,76334.88
14.667921543121338,3.49,76063.86
14.68007493019104,3.49,76185.66
14.69251561164856,3.49,76104.45
14.704875946044922,3.48,75901.91
14.716817378997803,3.49,76117.96
14.725667238235474,3.49,76117.96
14.738082885742188,3.49,76321.31
14.750689029693604,3.49,76172.12
14.763214588165283,3.49,75996.32
14.775650024414062,3.49,76226.32
14.787689208984375,3.49,75969.33
14.799908638000488,3.49,76253.45
14.812363624572754,3.49,76172.12
14.824684619903564,3.49,75915.39
14.836642503738403,3.49,76185.66
14.848618745803833,3.49,76036.85
14.860897302627563,3.49,76267.0
14.87284541130066,3.49,76145.03
14.8821439743042,3.49,75928.87
14.894346237182617,3.49,76348.48
14.906638860702515,3.49,76185.66
14.918668031692505,3.49,76280.57
14.931097507476807,3.49,76145.03
14.943525552749634,3.49,75982.83
14.95567536354065,3.49,76253.45
14.967961072921753,3.48,75861.5
14.980268239974976,3.49,76199.21
14.992573976516724,3.49,76104.45
15.004693508148193,3.49,76009.84
15.016395568847656,3.49,76226.32
15.02857255935669,3.49,75969.33
15.04079794883728,3.49,76077.39
15.049664974212646,3.49,76104.45
15.062253713607788,3.49,76050.35
15.074567079544067,3.49,76131.5
15.08657455444336,3.49,76023.34
15.099026203155518,3.49,76145.03
15.11120891571045,3.49,76145.03
15.12363338470459,3.48,75874.96
15.135817289352417,3.49,76131.5
15.148324251174927,3.48,75861.5
15.160078048706055,3.49,76348.48
15.172272682189941,3.49,76185.66
15.18441128730774,3.49,75969.33
15.196405172348022,3.49,76158.57
15.20554232597351,3.49,75969.33
15.217780828475952,3.49,76402.84
15.23025631904602,3.49,76212.76
15.242350339889526,3.49,76009.84
15.254630327224731,3.49,76104.45
15.26673412322998,3.48,75874.96
15.279346704483032,3.49,76267.0
15.291433811187744,3.49,76104.45
15.303823709487915,3.49,75969.33
15.315936088562012,3.49,76199.21
15.328158140182495,3.48,75874.96
15.340149402618408,3.49,76226.32
15.352293729782104,3.49,76145.03
15.36426854133606,3.49,75969.33
15.37324857711792,3.49,76199.21
15.385352611541748,3.49,75942.36
15.39805006980896,3.49,76389.25
15.410366296768188,3.49,76212.76
15.42253851890564,3.49,76077.39
15.43487548828125,3.49,76307.72
15.447230100631714,3.49,75942.36
15.459500789642334,3.49,76294.14
15.471782207489014,3.49,76117.96
15.483839511871338,3.49,76009.84
15.49595308303833,3.49,76117.96
15.508076190948486,3.48,75834.57
15.519888639450073,3.49,76267.0
15.52920937538147,3.49,76104.45
15.54134225845337,3.49,76036.85
15.553537607192993,3.49,76267.0
15.56596040725708,3.49,76023.34
15.57824182510376,3.49,76334.88
15.590530395507812,3.49,76253.45
15.602710485458374,3.49,75982.83
15.615125179290771,3.49,76131.5
15.626518964767456,3.49,76009.84
15.638642311096191,3.49,76321.31
15.650785684585571,3.49,76117.96
15.663005352020264,3.48,75874.96
15.675246000289917,3.49,76077.39
15.687509536743164,3.49,75915.39
15.696325540542603,3.49,76185.66
15.708697319030762,3.49,76212.76
15.720643281936646,3.49,76063.86
15.733178853988647,3.49,76199.21
15.745697021484375,3.48,75901.91
15.758199691772461,3.49,76294.14
15.770897626876831,3.49,76145.03
15.782845735549927,3.49,75942.36
15.795258045196533,3.49,76239.88
15.80765438079834,3.49,75928.87
15.819542169570923,3.49,76389.25
15.831416368484497,3.49,76199.21
15.84364914894104,3.49,76009.84
15.855546712875366,3.49,76158.57
15.864952325820923,3.48,75807.65
15.877362966537476,3.49,76457.28
15.88953161239624,3.49,76212.76
15.901659727096558,3.49,76145.03
15.914068937301636,3.49,76185.66
15.92636752128601,3.49,76063.86
15.938695430755615,3.49,76362.07
15.95093846321106,3.49,76158.57
15.963054895401001,3.49,76023.34
15.975412130355835,3.49,76104.45
15.987449884414673,3.49,75928.87
15.999308347702026,3.49,76199.21
16.011555671691895,3.49,76077.39
16.02057671546936,3.49,75955.85
16.032784700393677,3.49,76226.32
16.04520058631897,3.49,75982.83
16.057547092437744,3.49,76416.46
16.069724798202515,3.49,76117.96
16.081913232803345,3.49,76023.34
16.094350576400757,3.49,76172.12
16.10665774345398,3.48,75888.43
16.118858337402344,3.49,76321.31
16.131337642669678,3.49,76117.96
16.143019914627075,3.49,75942.36
16.15500497817993,3.49,76212.76
16.166977405548096,3.49,75955.85
16.178985357284546,3.49,76334.88
16.188150882720947,3.49,76199.21
16.200443744659424,3.49,76199.21
16.212632417678833,3.49,76172.12
16.225184202194214,3.49,76050.35
16.237684965133667,3.49,76362.07
16.24971055984497,3.49,76212.76
16.2619788646698,3.49,76036.85
16.274429082870483,3.49,76036.85
16.286738634109497,3.49,75969.33
16.299198865890503,3.49,76362.07
16.312708616256714,3.49,76131.5
16.323103666305542,3.49,76063.86
16.335119247436523,3.49,76077.39
16.347121953964233,3.49,75915.39
16.35648226737976,3.49,76253.45
16.368454456329346,3.49,76212.76
16.380661249160767,3.49,76172.12
16.393292903900146,3.49,76185.66
16.40554976463318,3.49,75955.85
16.417656660079956,3.49,76443.67
16.430320262908936,3.49,76104.45
16.44219732284546,3.49,75996.32
16.454752683639526,3.49,76185.66
16.466708660125732,3.49,75982.83
16.478922367095947,3.49,76362.07
16.491005182266235,3.49,76131.5
16.502897024154663,3.49,75996.32
16.51199984550476,3.49,76131.5
16.524324655532837,3.49,76117.96
16.536689043045044,3.49,76430.06
16.549011707305908,3.49,76239.88
16.561304807662964,3.49,76199.21
16.57344675064087,3.49,76104.45
16.585707426071167,3.49,75955.85
16.5981547832489,3.49,76334.88
16.610470294952393,3.49,76226.32
16.622379779815674,3.49,76090.91
16.63437271118164,3.49,76145.03
16.64599585533142,3.49,75955.85
16.658148288726807,3.49,76348.48
16.670403242111206,3.49,76090.91
16.678959608078003,3.49,76145.03
16.691160202026367,3.49,76253.45
16.703824520111084,3.49,76009.84
16.716008186340332,3.49,76334.88
16.728627920150757,3.49,76117.96
16.741202116012573,3.49,76145.03
16.75368571281433,3.49,76131.5
16.76619267463684,3.49,75982.83
16.778339862823486,3.49,76294.14
16.790661811828613,3.49,76131.5
16.80233645439148,3.49,76077.39
16.81455111503601,3.49,76104.45
16.82664465904236,3.49,75942.36
16.835679054260254,3.49,76389.25
16.84798502922058,3.49,76185.66
16.86027765274048,3.49,76226.32
16.872283697128296,3.49,76226.32
16.884658813476562,3.49,76104.45
16.897159337997437,3.49,76402.84
16.90946054458618,3.49,76145.03
16.921778917312622,3.49,76158.57
16.933759927749634,3.49,76063.86
16.946147918701172,3.49,75955.85
16.958265781402588,3.49,76402.84
16.970306873321533,3.49,76023.34
16.98255467414856,3.49,76117.96
16.99440360069275,3.49,76212.76
17.003443241119385,3.49,75969.33
17.01585602760315,3.49,76539.03
17.02825689315796,3.49,76212.76
17.040149211883545,3.49,76158.57
17.052713632583618,3.49,76226.32
17.065085649490356,3.49,75969.33
17.07740616798401,3.49,76253.45
17.089585542678833,3.49,76063.86
17.101866483688354,3.49,76077.39
17.113998413085938,3.49,76104.45
17.126128673553467,3.49,75969.33
17.138110876083374,3.49,76239.88
17.15000081062317,3.49,76104.45
17.16211438179016,3.49,76117.96
17.17159938812256,3.49,76063.86
17.183586597442627,3.49,76023.34
17.195958852767944,3.49,76430.06
17.20820116996765,3.49,76077.39
17.22059202194214,3.49,76063.86
17.233115196228027,3.49,75996.32
17.2451114654541,3.48,75901.91
17.257424354553223,3.49,76267.0
17.26972794532776,3.49,76036.85
17.281959772109985,3.49,76117.96
17.29384732246399,3.49,76090.91
17.305988550186157,3.49,75915.39
17.31805396080017,3.49,76362.07
17.326863527297974,3.49,75996.32
17.339486598968506,3.49,76239.88
17.351467609405518,3.49,76185.66
17.363638401031494,3.49,75915.39
17.376042366027832,3.49,76457.28
17.387900590896606,3.49,75982.83
17.40012550354004,3.49,76117.96
17.41279125213623,3.49,76090.91
17.425402879714966,3.48,75821.12
17.437742471694946,3.49,76334.88
17.449970960617065,3.49,76050.35
17.46176505088806,3.49,76131.5
17.4738130569458,3.49,76023.34
17.485674142837524,3.48,75874.96
17.495055198669434,3.49,76212.76
17.507341623306274,3.49,76158.57
17.51961660385132,3.49,76185.66
17.531951189041138,3.49,76145.03
17.544118881225586,3.49,76009.84
17.556475400924683,3.49,76199.21
17.568702697753906,3.49,75942.36
17.581169605255127,3.49,76172.12
17.593144416809082,3.49,76063.86
17.60559916496277,3.49,75928.87
17.617318630218506,3.49,76239.88
17.629334449768066,3.49,76104.45
17.641115427017212,3.49,76158.57
17.649667978286743,3.49,76063.86
17.661948680877686,3.49,75996.32
17.674270153045654,3.49,76430.06
17.686537742614746,3.48,75848.03
17.699262619018555,3.49,76145.03
17.711627960205078,3.49,75996.32
17.723766088485718,3.49,76023.34
17.73621368408203,3.49,76307.72
17.74867582321167,3.49,75955.85
17.76148271560669,3.49,76158.57
17.773226976394653,3.49,76050.35
17.785271167755127,3.48,75834.57
17.797417879104614,3.49,76090.91
17.809427738189697,3.49,75996.32
17.818565130233765,3.49,76009.84
17.831013202667236,3.49,76158.57
17.843099355697632,3.49,76023.34
17.855467319488525,3.49,76077.39
17.86759924888611,3.49,75996.32
17.880089282989502,3.49,76185.66
17.892269372940063,3.49,76077.39
17.90470266342163,3.49,75915.39
17.917272806167603,3.49,76090.91
17.92930245399475,3.49,76050.35
17.941191911697388,3.49,76172.12
17.95306396484375,3.49,76158.57
17.96538281440735,3.48,75888.43
17.977193117141724,3.49,76090.91
17.986499786376953,3.49,76063.86
17.998875856399536,3.49,76280.57
18.01117253303528,3.49,76172.12
18.02338457107544,3.49,75915.39
18.035701751708984,3.49,76226.32
18.048083782196045,3.48,75780.75
18.060423851013184,3.49,76253.45
18.072354078292847,3.49,76050.35
18.084639310836792,3.48,75888.43
18.09714126586914,3.49,76158.57
18.109114170074463,3.48,75848.03
18.121090173721313,3.49,76145.03
18.133074045181274,3.49,76077.39
18.142296314239502,3.48,75848.03
18.154398679733276,3.49,76117.96
18.166911125183105,3.49,75915.39
18.179149389266968,3.49,76253.45
18.19146728515625,3.49,76077.39
18.203639268875122,3.48,75888.43
18.21588897705078,3.49,76050.35
18.228260040283203,3.48,75874.96
18.240604877471924,3.49,76199.21
18.25260353088379,3.49,76050.35
18.26477885246277,3.48,75807.65
18.276868104934692,3.49,76009.84
18.28887677192688,3.49,75955.85
18.300790786743164,3.49,76172.12
18.31018042564392,3.49,75996.32
18.32261085510254,3.49,75915.39
18.33444905281067,3.49,76063.86
18.34702444076538,3.48,75861.5
18.359367847442627,3.49,76158.57
18.3716402053833,3.49,76077.39
18.383610010147095,3.48,75874.96
18.395800590515137,3.49,76023.34
18.40809392929077,3.48,75794.21
18.420210123062134,3.49,76172.12
18.43233013153076,3.48,75901.91
18.44443154335022,3.48,75807.65
18.45640754699707,3.48,75901.91
18.468430280685425,3.48,75780.75
18.477701663970947,3.49,76063.86
18.489728450775146,3.49,76009.84
18.501641750335693,3.49,75942.36
18.513869762420654,3.49,76023.34
18.52657151222229,3.48,75753.87
18.538716554641724,3.49,76131.5
18.55099844932556,3.49,76050.35
18.56348443031311,3.48,75794.21
18.576058864593506,3.49,75996.32
18.588119983673096,3.48,75753.87
18.60048794746399,3.49,76158.57
18.61251473426819,3.49,75982.83
18.62465000152588,3.48,75794.21
18.633533716201782,3.49,76009.84
18.64501428604126,3.48,75807.65
18.657185554504395,3.49,76239.88
18.669483184814453,3.49,76077.39
18.681874752044678,3.48,75848.03
18.694130897521973,3.49,76050.35
18.706929922103882,3.48,75848.03
18.718965530395508,3.49,76185.66
18.73151683807373,3.49,75969.33
18.743887662887573,3.48,75807.65
18.756289958953857,3.49,75996.32
18.76805281639099,3.48,75848.03
18.78040313720703,3.49,76172.12
18.79224967956543,3.49,75942.36
18.80138897895813,3.48,75727.0
18.813957452774048,3.49,76077.39
18.826231718063354,3.49,75982.83
18.838263511657715,3.49,76104.45
18.850839853286743,3.49,75982.83
18.863139152526855,3.48,75834.57
18.875482082366943,3.49,76050.35
18.887696981430054,3.48,75821.12
18.89993953704834,3.49,76267.0
18.912021160125732,3.49,75982.83
18.924094200134277,3.48,75807.65
18.936174392700195,3.49,76023.34
18.948140621185303,3.48,75686.71
18.957372903823853,3.49,76199.21
18.96947956085205,3.49,76199.21
18.981913566589355,3.48,75888.43
18.994174003601074,3.49,76050.35
19.00645089149475,3.48,75780.75
19.01848006248474,3.49,76226.32
19.031095266342163,3.49,76009.84
19.04332208633423,3.48,75874.96
19.05569076538086,3.49,76063.86
19.067798376083374,3.48,75861.5
19.07989811897278,3.49,76226.32
19.092015743255615,3.49,75969.33
19.104054927825928,3.48,75807.65
19.115829467773438,3.49,75969.33
19.125232219696045,3.48,75834.57
19.13750720024109,3.49,76185.66
19.149744033813477,3.49,76090.91
19.162127256393433,3.48,75901.91
19.174360275268555,3.49,75996.32
19.186524391174316,3.48,75821.12
19.198692083358765,3.49,76199.21
19.21126914024353,3.49,76023.34
19.223552703857422,3.48,75834.57
19.235601902008057,3.49,75969.33
19.2476065158844,3.48,75807.65
19.259791374206543,3.49,76199.21
19.271809816360474,3.49,75915.39
19.28081774711609,3.49,75955.85
19.29304027557373,3.49,76172.12
19.305424451828003,3.48,75848.03
19.317947387695312,3.49,76199.21
19.329724073410034,3.49,75996.32
19.342328786849976,3.48,75888.43
19.354516983032227,3.48,75874.96
19.366958141326904,3.48,75767.31
19.378883123397827,3.49,76104.45
19.391406536102295,3.49,75955.85
19.403422594070435,3.48,75848.03
19.415631771087646,3.49,75942.36
19.42724370956421,3.48,75767.31
19.439358949661255,3.49,76145.03
19.448670625686646,3.48,75861.5
19.46096396446228,3.49,75982.83
19.473313093185425,3.49,76063.86
19.485385417938232,3.48,75834.57
19.498003721237183,3.49,76063.86
19.51000142097473,3.49,75915.39
19.52243423461914,3.48,75767.31
19.53471279144287,3.49,75982.83
19.54711937904358,3.48,75753.87
19.559540271759033,3.49,76145.03
19.571385145187378,3.48,75901.91
19.583415985107422,3.48,75901.91
19.59552264213562,3.49,75982.83
19.607593536376953,3.48,75834.57
19.61651086807251,3.49,76117.96
19.62904143333435,3.49,76036.85
19.640995264053345,3.48,75861.5
19.652539491653442,3.49,75915.39
19.664766550064087,3.48,75807.65
19.67712640762329,3.49,76104.45
19.689437866210938,3.48,75713.56
19.70260787010193,3.48,75874.96
19.71505069732666,3.48,75888.43
19.727221965789795,3.48,75780.75
19.739153146743774,3.49,76185.66
19.751021146774292,3.49,75928.87
19.763269186019897,3.49,75928.87
19.77207899093628,3.49,75969.33
19.784430027008057,3.48,75901.91
19.796916961669922,3.49,76212.76
19.80899691581726,3.49,75942.36
19.821403980255127,3.49,75955.85
19.833784103393555,3.48,75861.5
19.846193075180054,3.48,75686.71
19.85839009284973,3.49,75982.83
19.870540618896484,3.49,76036.85
19.88301396369934,3.48,75888.43
19.895151376724243,3.49,75942.36
19.907033443450928,3.48,75753.87
19.919105529785156,3.49,76172.12
19.93108034133911,3.48,75888.43
19.940393924713135,3.48,75794.21
19.95233964920044,3.49,76009.84
19.964916944503784,3.48,75807.65
19.97715663909912,3.49,76226.32
19.989357709884644,3.49,75915.39
20.00151538848877,3.49,75955.85
20.013906240463257,3.49,75942.36
20.026269674301147,3.48,75753.87
20.03851628303528,3.49,76199.21
20.050885915756226,3.48,75807.65
20.062817811965942,3.48,75901.91
20.07496428489685,3.49,75928.87
20.086922645568848,3.48,75740.42
20.098948001861572,3.49,76185.66
20.1082661151886,3.48,75874.96
20.120432376861572,3.49,76063.86
20.132691621780396,3.49,76090.91
20.14508891105652,3.48,75807.65
20.157456398010254,3.49,76212.76
20.169401168823242,3.49,75928.87
20.181703805923462,3.48,75821.12
20.194159746170044,3.49,75955.85
20.206502676010132,3.48,75767.31
20.218493700027466,3.49,76023.34
20.230743885040283,3.48,75888.43
20.242717504501343,3.49,75928.87
20.254892826080322,3.48,75901.91
20.263779163360596,3.48,75700.14
20.276224851608276,3.49,76172.12
20.28835129737854,3.49,75928.87
20.300954818725586,3.49,76023.34
20.312865018844604,3.49,75915.39
20.32533288002014,3.48,75807.65
20.337547063827515,3.49,76226.32
20.349902391433716,3.48,75834.57
20.362048387527466,3.48,75901.91
20.374415636062622,3.49,75942.36
20.386388301849365,3.48,75633.05
20.398582220077515,3.49,76117.96
20.410314321517944,3.48,75821.12
20.422250509262085,3.48,75874.96
20.431554555892944,3.48,75901.91
20.44397211074829,3.48,75848.03
20.456196308135986,3.49,76239.88
20.46857476234436,3.48,75901.91
20.48105549812317,3.49,75928.87
20.49319839477539,3.48,75901.91
20.505486249923706,3.48,75740.42
20.517855882644653,3.49,76172.12
20.53006887435913,3.49,75915.39
20.542177438735962,3.48,75874.96
20.554290771484375,3.48,75861.5
20.566463947296143,3.48,75727.0
20.578349113464355,3.49,76117.96
20.5873544216156,3.48,75848.03
20.59970211982727,3.49,75982.83
20.61181664466858,3.49,75982.83
20.624220371246338,3.48,75834.57
20.636368989944458,3.49,75969.33
20.64782404899597,3.48,75834.57
20.660115003585815,3.49,75928.87
20.672314882278442,3.48,75780.75
20.684624910354614,3.48,75767.31
20.696998119354248,3.49,76009.84
20.709555864334106,3.49,75915.39
20.721598148345947,3.49,75969.33
20.733909845352173,3.49,75915.39
20.74612855911255,3.48,75767.31
20.755017280578613,3.49,75969.33
20.767596006393433,3.49,75969.33
20.780032634735107,3.49,76023.34
20.791967630386353,3.49,75969.33
20.804479122161865,3.48,75753.87
20.816800594329834,3.49,76185.66
20.829206943511963,3.48,75713.56
20.84122109413147,3.49,75955.85
20.853522777557373,3.48,75861.5
20.865936994552612,3.48,75727.0
20.877893686294556,3.49,76117.96
20.889815092086792,3.48,75713.56
20.901809215545654,3.48,75807.65
20.91397523880005,3.49,75928.87
20.923340559005737,3.48,75727.0
20.935481071472168,3.49,76009.84
20.947835206985474,3.48,75861.5
20.95998191833496,3.49,75942.36
20.9723904132843,3.48,75727.0
20.984781742095947,3.48,75740.42
20.997010707855225,3.48,75901.91
21.009443759918213,3.48,75767.31
21.0214684009552,3.49,75996.32
21.033600091934204,3.48,75834.57
21.045713186264038,3.48,75646.46
21.05769109725952,3.48,75834.57
21.06971788406372,3.48,75901.91
21.07905387878418,3.49,75928.87
21.09107780456543,3.49,75915.39
21.103370904922485,3.48,75727.0
21.115861415863037,3.49,76036.85
21.12817406654358,3.48,75606.23
21.140127420425415,3.49,75928.87
21.152446508407593,3.48,75901.91
21.164927005767822,3.48,75673.29
21.177297830581665,3.49,75928.87
21.189375638961792,3.48,75646.46
21.201473712921143,3.49,75955.85
21.213598489761353,3.49,75942.36
21.225576877593994,3.48,75727.0
21.2374005317688,3.48,75834.57
21.246864318847656,3.48,75606.23
21.259225606918335,3.49,76009.84
21.27115225791931,3.48,75901.91
21.283629179000854,3.48,75794.21
21.296008110046387,3.48,75888.43
21.308279514312744,3.48,75659.88
21.32047700881958,3.49,76063.86
21.332748413085938,3.48,75901.91
21.345162630081177,3.48,75673.29
21.35734796524048,3.49,75915.39
21.369174480438232,3.48,75686.71
21.38126492500305,3.49,76036.85
21.39309525489807,3.48,75888.43
21.40218758583069,3.48,75700.14
21.414226770401,3.49,76023.34
21.426570415496826,3.48,75834.57
21.438762426376343,3.49,76077.39
21.451524019241333,3.49,75955.85
21.463913679122925,3.48,75646.46
21.476223945617676,3.48,75794.21
21.488403797149658,3.48,75659.88
21.50058150291443,3.49,75982.83
21.51301622390747,3.49,75915.39
21.525025367736816,3.48,75753.87
21.537033557891846,3.48,75834.57
21.549376249313354,3.48,75606.23
21.561169385910034,3.49,75915.39
21.570189237594604,3.48,75861.5
21.582606554031372,3.48,75834.57
21.594987154006958,3.49,75982.83
21.60736107826233,3.48,75633.05
21.61941123008728,3.49,76009.84
21.631728649139404,3.48,75834.57
21.643904447555542,3.48,75619.62
21.655454874038696,3.49,75928.87
21.66765594482422,3.48,75566.02
21.67984962463379,3.49,76063.86
21.69209933280945,3.48,75888.43
21.704267263412476,3.48,75780.75
21.716866731643677,3.48,75874.96
21.725340127944946,3.48,75552.64
21.737565517425537,3.49,76117.96
21.749736070632935,3.49,76036.85
21.762564659118652,3.48,75753.87
21.775029182434082,3.49,75928.87
21.787459135055542,3.48,75673.29
21.799761295318604,3.49,75982.83
21.812013864517212,3.48,75807.65
21.824434518814087,3.48,75700.14
21.83640480041504,3.48,75888.43
21.84879446029663,3.48,75646.46
21.86070680618286,3.49,75969.33
21.87284207344055,3.48,75848.03
21.884926557540894,3.48,75686.71
21.89388418197632,3.49,75915.39
21.906163930892944,3.48,75740.42
21.918756246566772,3.49,76158.57
21.93071722984314,3.48,75888.43
21.943034172058105,3.48,75713.56
21.95517373085022,3.48,75888.43
21.967819690704346,3.48,75606.23
21.97997212409973,3.49,76063.86
21.992197513580322,3.48,75848.03
22.00436305999756,3.48,75579.42
22.01623558998108,3.48,75834.57
22.02865433692932,3.48,75539.25
22.040581941604614,3.49,76023.34
22.052329778671265,3.48,75767.31
22.061877489089966,3.48,75727.0
22.07417321205139,3.49,75915.39
22.08631157875061,3.48,75659.88
22.098888635635376,3.49,76090.91
22.11101770401001,3.48,75848.03
22.12328267097473,3.48,75727.0
22.135866165161133,3.48,75861.5
22.147942304611206,3.48,75646.46
22.15994095802307,3.49,76090.91
22.172223806381226,3.48,75861.5
22.18443012237549,3.48,75700.14
22.196375846862793,3.48,75861.5
22.20834493637085,3.48,75646.46
22.21755075454712,3.49,76063.86
22.229874849319458,3.49,75955.85
22.24207091331482,3.48,75767.31
22.25429940223694,3.48,75861.5
22.26669716835022,3.48,75659.88
22.279051303863525,3.49,76063.86
22.291279792785645,3.48,75848.03
22.303318738937378,3.48,75659.88
22.315945386886597,3.48,75861.5
22.32811689376831,3.48,75619.62
22.33987069129944,3.49,76117.96
22.351996660232544,3.48,75874.96
22.364150285720825,3.48,75807.65
22.372970819473267,3.48,75767.31
22.385116815567017,3.48,75753.87
22.397820234298706,3.49,76117.96
22.41007947921753,3.48,75901.91
22.422053575515747,3.48,75740.42
22.434581995010376,3.48,75821.12
22.44700002670288,3.48,75633.05
22.4594407081604,3.48,75874.96
22.471227407455444,3.48,75713.56
22.483726978302002,3.48,75633.05
22.495853662490845,3.48,75686.71
22.507969856262207,3.48,75619.62
22.519731283187866,3.49,76063.86
22.531994581222534,3.48,75780.75
22.540960550308228,3.48,75740.42
22.553223133087158,3.48,75834.57
22.56571912765503,3.48,75700.14
22.578017711639404,3.49,76131.5
22.590251207351685,3.48,75767.31
22.60259771347046,3.48,75659.88
22.614858150482178,3.48,75794.21
22.62715220451355,3.48,75606.23
22.63949704170227,3.49,76036.85
22.65130639076233,3.48,75700.14
22.66283869743347,3.48,75633.05
22.6750009059906,3.48,75753.87
22.68724513053894,3.48,75552.64
22.69948172569275,3.49,75982.83
22.70799994468689,3.48,75713.56
22.720294952392578,3.48,75821.12
22.73288583755493,3.48,75848.03
22.74537491798401,3.48,75686.71
22.75780200958252,3.49,76009.84
22.770211935043335,3.48,75700.14
22.782679319381714,3.48,75740.42
22.795154333114624,3.48,75753.87
22.807413578033447,3.48,75579.42
22.81972885131836,3.49,76009.84
22.831541776657104,3.48,75673.29
22.843710899353027,3.48,75727.0
22.85563349723816,3.48,75727.0
22.8647358417511,3.48,75552.64
22.87703514099121,3.49,76090.91
22.88920569419861,3.48,75767.31
22.901535987854004,3.48,75794.21
22.913797855377197,3.48,75767.31
22.92619252204895,3.48,75579.42
22.938300371170044,3.49,76063.86
22.950510025024414,3.48,75713.56
22.96298909187317,3.48,75753.87
22.97533941268921,3.48,75767.31
22.987064838409424,3.48,75566.02
22.999571800231934,3.49,75996.32
23.011226654052734,3.48,75686.71
23.023470163345337,3.48,75767.31
23.032453060150146,3.48,75713.56
23.044966459274292,3.48,75619.62
23.05722212791443,3.49,76023.34
23.069719076156616,3.48,75780.75
23.081753253936768,3.48,75713.56
23.094096660614014,3.48,75686.71
23.106224298477173,3.48,75552.64
23.118617296218872,3.49,75982.83
23.1306209564209,3.48,75700.14
23.143039226531982,3.48,75740.42
23.155155658721924,3.48,75727.0
23.16715431213379,3.48,75539.25
23.179327964782715,3.49,75996.32
23.18818426132202,3.48,75686.71
23.200451612472534,3.48,75807.65
23.212735176086426,3.48,75821.12
23.22518277168274,3.48,75579.42
23.237165927886963,3.49,76023.34
23.2497079372406,3.48,75673.29
23.261725425720215,3.48,75767.31
23.274223566055298,3.48,75740.42
23.28666067123413,3.48,75512.49
23.298855304718018,3.48,75874.96
23.310788869857788,3.48,75646.46
23.323034286499023,3.48,75727.0
23.334978818893433,3.48,75740.42
23.34708595275879,3.48,75458.99
23.356154680252075,3.48,75861.5
23.36846685409546,3.48,75821.12
23.38058614730835,3.48,75834.57
23.393051862716675,3.48,75740.42
23.405243158340454,3.48,75552.64
23.417741060256958,3.48,75901.91
23.430031299591064,3.48,75740.42
23.442086219787598,3.48,75740.42
23.454198598861694,3.48,75727.0
23.46667981147766,3.48,75485.73
23.478363752365112,3.49,76009.84
23.490346431732178,3.48,75552.64
23.502337217330933,3.48,75673.29
23.514670848846436,3.48,75512.49
23.523518085479736,3.48,75405.53
23.53580951690674,3.49,76077.39
23.548303604125977,3.48,75566.02
23.560535192489624,3.48,75606.23
23.572816133499146,3.48,75646.46
23.585113525390625,3.48,75539.25
23.5979061126709,3.48,75821.12
23.609128713607788,3.48,75418.9
23.62131404876709,3.48,75499.1
23.63350248336792,3.48,75659.88
23.645964860916138,3.48,75352.16
23.657894134521484,3.48,75673.29
23.670058965682983,3.48,75606.23
23.67868661880493,3.48,75700.14
23.690974712371826,3.48,75700.14
23.703218460083008,3.48,75472.35
23.715993642807007,3.48,75713.56
23.728307723999023,3.48,75579.42
23.74061155319214,3.48,75686.71
23.75280475616455,3.48,75579.42
23.765326499938965,3.48,75485.73
23.77779483795166,3.48,75700.14
23.790189743041992,3.48,75579.42
23.802273511886597,3.48,75713.56
23.814491987228394,3.48,75700.14
23.826382875442505,3.48,75445.63
23.83852744102478,3.48,75740.42
23.847716093063354,3.48,75378.83
23.860050678253174,3.48,75807.65
23.87229609489441,3.48,75713.56
23.88452982902527,3.48,75566.02
23.896761417388916,3.48,75780.75
23.909137725830078,3.48,75432.25
23.92115592956543,3.48,75633.05
23.933654069900513,3.48,75633.05
23.946004390716553,3.48,75432.25
23.957857847213745,3.48,75606.23
23.97001314163208,3.48,75378.83
23.982125520706177,3.48,75673.29
23.9943368434906,3.48,75592.82
24.003315687179565,3.48,75418.9
24.015632152557373,3.48,75646.46
24.027973413467407,3.48,75606.23
24.040130615234375,3.48,75753.87
24.052435398101807,3.48,75673.29
24.064921855926514,3.48,75552.64
24.077144622802734,3.48,75579.42
24.08923840522766,3.48,75325.48
24.101556301116943,3.48,75740.42
24.113967418670654,3.48,75633.05
24.12588667869568,3.48,75392.19
24.137855291366577,3.48,75579.42
24.150039196014404,3.48,75352.16
24.161993741989136,3.48,75673.29
24.17100167274475,3.48,75606.23
24.183451414108276,3.48,75525.85
24.195899486541748,3.48,75794.21
24.208187341690063,3.48,75312.14
24.220521926879883,3.48,75753.87
24.23259973526001,3.48,75552.64
24.244905471801758,3.48,75378.83
24.25730609893799,3.48,75566.02
24.269625663757324,3.48,75312.14
24.281679391860962,3.48,75740.42
24.293790340423584,3.48,75566.02
24.30580449104309,3.48,75325.48
24.31784176826477,3.48,75566.02
24.329869270324707,3.48,75272.17
24.339112758636475,3.48,75659.88
24.351579904556274,3.48,75659.88
24.363791704177856,3.48,75539.25
24.37587881088257,3.48,75606.23
24.388094902038574,3.48,75312.14
24.400653839111328,3.48,75740.42
24.412884950637817,3.48,75552.64
24.42516326904297,3.48,75405.53
24.437233686447144,3.48,75592.82
24.44975233078003,3.48,75325.48
24.461281538009644,3.48,75807.65
24.47343945503235,3.48,75606.23
24.485676050186157,3.48,75405.53
24.494729042053223,3.48,75606.23
24.506882190704346,3.48,75512.49
24.51937484741211,3.48,75834.57
24.53182077407837,3.48,75753.87
24.543983936309814,3.48,75472.35
24.556240558624268,3.48,75606.23
24.56863260269165,3.48,75298.82
24.580928802490234,3.48,75767.31
24.593006134033203,3.48,75619.62
24.605180740356445,3.48,75485.73
24.61746120452881,3.48,75539.25
24.629523754119873,3.48,75378.83
24.641268730163574,3.48,75794.21
24.653271436691284,3.48,75552.64
24.662426948547363,3.48,75325.48
24.674002408981323,3.48,75686.71
24.68619656562805,3.48,75445.63
24.69856309890747,3.48,75848.03
24.710721492767334,3.48,75552.64
24.723207473754883,3.48,75378.83
24.735897541046143,3.48,75579.42
24.74825692176819,3.48,75285.48
24.760735511779785,3.48,75713.56
24.773009300231934,3.48,75539.25
24.7852623462677,3.48,75458.99
24.79711675643921,3.48,75552.64
24.809306144714355,3.48,75298.82
24.821213483810425,3.48,75727.0
24.831023454666138,3.48,75579.42
24.842886209487915,3.48,75552.64
24.855085849761963,3.48,75713.56
24.867640733718872,3.48,75472.35
24.879897117614746,3.48,75780.75
24.891884803771973,3.48,75552.64
24.904228448867798,3.48,75445.63
24.916626453399658,3.48,75552.64
24.928986072540283,3.48,75472.35
24.94109869003296,3.48,75807.65
24.95307207107544,3.48,75552.64
24.96518087387085,3.48,75472.35
24.97713351249695,3.48,75552.64
24.986438035964966,3.48,75338.81
24.99864888191223,3.48,75874.96
25.011043548583984,3.48,75713.56
25.023197412490845,3.48,75458.99
25.03545594215393,3.48,75579.42
25.047876358032227,3.48,75432.25
25.06006932258606,3.48,75807.65
25.07207226753235,3.48,75619.62
25.084612607955933,3.48,75458.99
25.09673261642456,3.48,75579.42
25.108822107315063,3.48,75392.19
25.120710611343384,3.48,75700.14
25.132444620132446,3.48,75592.82
25.14474868774414,3.48,75512.49
25.153544187545776,3.48,75619.62
25.166147232055664,3.48,75499.1
25.178581953048706,3.48,75888.43
25.191086292266846,3.48,75713.56
25.203153133392334,3.48,75539.25
25.2154061794281,3.48,75552.64
25.228012800216675,3.48,75445.63
25.240137338638306,3.48,75821.12
25.252589464187622,3.48,75566.02
25.264567852020264,3.48,75485.73
25.27673029899597,3.48,75633.05
25.28870964050293,3.48,75445.63
25.300805807113647,3.48,75713.56
25.309919118881226,3.48,75592.82
25.322022438049316,3.48,75619.62
25.334168195724487,3.48,75619.62
25.34679865837097,3.48,75512.49
25.359164714813232,3.48,75848.03
25.371165990829468,3.48,75539.25
25.38333511352539,3.48,75485.73
25.395776748657227,3.48,75592.82
25.4082133769989,3.48,75405.53
25.420562505722046,3.48,75753.87
25.432481288909912,3.48,75539.25
25.444143056869507,3.48,75566.02
25.4564950466156,3.48,75552.64
25.46845006942749,3.48,75405.53
25.47788953781128,3.48,75807.65
25.489848613739014,3.48,75659.88
25.502543687820435,3.48,75633.05
25.51453948020935,3.48,75646.46
25.527029037475586,3.48,75445.63
25.539100408554077,3.48,75767.31
25.551605463027954,3.48,75606.23
25.56364607810974,3.48,75566.02
25.576029062271118,3.48,75659.88
25.58804202079773,3.48,75445.63
25.600377559661865,3.48,75821.12
25.612325191497803,3.48,75579.42
25.62436532974243,3.48,75512.49
25.633213758468628,3.48,75646.46
25.645633697509766,3.48,75579.42
25.657782077789307,3.49,75942.36
25.66930913925171,3.48,75673.29
25.681522130966187,3.48,75552.64
25.69381093978882,3.48,75633.05
25.706135749816895,3.48,75285.48
25.718444108963013,3.48,75713.56
25.731099128723145,3.48,75485.73
25.743271350860596,3.48,75378.83
25.755550384521484,3.48,75485.73
25.767877340316772,3.48,75365.5
25.780121088027954,3.48,75727.0
25.792032957077026,3.48,75418.9
25.80159282684326,3.48,75512.49
25.813624620437622,3.48,75646.46
25.825962781906128,3.48,75352.16
25.83809185028076,3.48,75861.5
25.85060167312622,3.48,75552.64
25.86263680458069,3.48,75512.49
25.875033378601074,3.48,75566.02
25.887608289718628,3.48,75418.9
25.89970326423645,3.48,75888.43
25.911808729171753,3.48,75539.25
25.923775672912598,3.48,75579.42
25.93600034713745,3.48,75472.35
25.947981119155884,3.48,75392.19
25.956802368164062,3.48,75874.96
25.96932601928711,3.48,75753.87
25.98181390762329,3.48,75673.29
25.993847846984863,3.48,75579.42
26.006130933761597,3.48,75445.63
26.018462419509888,3.48,75713.56
26.030802011489868,3.48,75525.85
26.042912244796753,3.48,75566.02
26.055067777633667,3.48,75700.14
26.067604064941406,3.48,75352.16
26.079596996307373,3.48,75848.03
26.091695070266724,3.48,75458.99
26.103838205337524,3.48,75499.1
26.115843534469604,3.48,75619.62
26.124914169311523,3.48,75378.83
26.13631534576416,3.48,75901.91
26.149206161499023,3.48,75633.05
26.161656379699707,3.48,75619.62
26.174020290374756,3.48,75579.42
26.18646812438965,3.48,75445.63
26.1986882686615,3.48,75780.75
26.211069107055664,3.48,75539.25
26.223194360733032,3.48,75606.23
26.23538088798523,3.48,75539.25
26.24752378463745,3.48,75325.48
26.259488821029663,3.48,75794.21
26.271332025527954,3.48,75512.49
26.280630588531494,3.48,75512.49
26.292815446853638,3.48,75633.05
26.304959774017334,3.48,75458.99
26.31750512123108,3.48,75888.43
26.32971715927124,3.48,75485.73
26.341988563537598,3.48,75525.85
26.354321718215942,3.48,75458.99
26.366613388061523,3.48,75218.9
26.379010438919067,3.48,75499.1
26.39121413230896,3.48,75432.25
26.403143405914307,3.48,75579.42
26.415393114089966,3.48,75512.49
26.427027225494385,3.48,75432.25
26.438952922821045,3.48,75566.02
26.44858980178833,3.48,75378.83
26.460882663726807,3.48,75673.29
26.472193956375122,3.48,75512.49
26.484519481658936,3.48,75338.81
26.497258186340332,3.48,75566.02
26.50983500480652,3.48,75499.1
26.522135734558105,3.48,75619.62
26.534228324890137,3.48,75633.05
26.546762704849243,3.48,75352.16
26.558961391448975,3.48,75619.62
26.57115912437439,3.48,75245.53
26.583173036575317,3.48,75566.02
26.5950448513031,3.48,75485.73
26.604084491729736,3.48,75338.81
26.61618971824646,3.48,75686.71
26.628758430480957,3.48,75445.63
26.640944719314575,3.48,75700.14
26.653504610061646,3.48,75592.82
26.665303945541382,3.48,75418.9
26.67682695388794,3.48,75512.49
26.689075469970703,3.48,75418.9
26.70141839981079,3.48,75405.53
26.713774919509888,3.48,75512.49
26.725917100906372,3.48,75245.53
26.738311767578125,3.48,75499.1
26.750617027282715,3.48,75405.53
26.762554168701172,3.48,75566.02
26.771350622177124,3.48,75592.82
26.7839617729187,3.48,75512.49
26.79643964767456,3.48,75686.71
26.808927297592163,3.48,75633.05
26.821514129638672,3.48,75659.88
26.833428144454956,3.48,75485.73
26.84572696685791,3.48,75352.16
26.85806941986084,3.48,75525.85
26.870479583740234,3.48,75272.17
26.8826744556427,3.48,75592.82
26.8945894241333,3.48,75432.25
26.906598329544067,3.48,75352.16
26.918724060058594,3.48,75512.49
26.930760383605957,3.48,75325.48
26.939976930618286,3.48,75646.46
26.952332735061646,3.48,75673.29
26.964327096939087,3.48,75418.9
26.97683048248291,3.48,75659.88
26.98893690109253,3.47,75192.28
27.00145173072815,3.48,75579.42
27.01357078552246,3.48,75552.64
27.025957107543945,3.48,75392.19
27.03848671913147,3.48,75552.64
27.0504949092865,3.48,75325.48
27.062444925308228,3.48,75673.29
27.074511528015137,3.48,75592.82
27.08670997619629,3.48,75325.48
27.095624208450317,3.48,75579.42
27.10785222053528,3.48,75485.73
27.120277166366577,3.48,75807.65
27.13270854949951,3.48,75592.82
27.144779443740845,3.48,75392.19
27.156935691833496,3.48,75579.42
27.1693594455719,3.48,75432.25
27.18176007270813,3.48,75713.56
27.19372296333313,3.48,75525.85
27.205974102020264,3.48,75418.9
27.218175649642944,3.48,75566.02
27.23031735420227,3.48,75352.16
27.24239444732666,3.48,75673.29
27.254333019256592,3.48,75700.14
27.263426303863525,3.48,75405.53
27.275771379470825,3.48,75727.0
27.288252115249634,3.48,75338.81
27.300477981567383,3.48,75659.88
27.31273365020752,3.48,75499.1
27.324905157089233,3.48,75378.83
27.337246894836426,3.48,75512.49
27.34966516494751,3.48,75298.82
27.36188316345215,3.48,75713.56
27.373976230621338,3.48,75606.23
27.38609290122986,3.48,75325.48
27.39784002304077,3.48,75552.64
27.409862756729126,3.48,75285.48
27.41886258125305,3.48,75753.87
27.431512117385864,3.48,75673.29
27.44358229637146,3.48,75512.49
27.45587944984436,3.48,75592.82
27.46841859817505,3.48,75285.48
27.480733156204224,3.48,75713.56
27.492932558059692,3.48,75432.25
27.505273818969727,3.48,75392.19
27.51751708984375,3.48,75606.23
27.529883861541748,3.48,75418.9
27.541923761367798,3.48,75673.29
27.553762912750244,3.48,75485.73
27.565964698791504,3.48,75338.81
27.57801604270935,3.48,75499.1
27.58709716796875,3.48,75272.17
27.599491834640503,3.48,75780.75
27.61180567741394,3.48,75458.99
27.62372922897339,3.48,75378.83
27.636279821395874,3.48,75579.42
27.648605585098267,3.48,75285.48
27.660977840423584,3.48,75686.71
27.672924995422363,3.48,75458.99
27.684412956237793,3.48,75418.9
27.696712732315063,3.48,75445.63
27.708838939666748,3.48,75272.17
27.720994234085083,3.48,75566.02
27.733277082443237,3.48,75472.35
27.74564266204834,3.48,75285.48
27.754502296447754,3.48,75525.85
27.76678442955017,3.48,75432.25
27.779277324676514,3.48,75794.21
27.791879892349243,3.48,75525.85
27.804123163223267,3.48,75539.25
27.81645131111145,3.48,75525.85
27.82884907722473,3.47,75179.0
27.84099507331848,3.48,75686.71
27.853251457214355,3.48,75432.25
27.865335941314697,3.48,75378.83
27.87747883796692,3.48,75365.5
27.889408826828003,3.48,75325.48
27.901607990264893,3.48,75727.0
27.91071057319641,3.48,75499.1
27.92289924621582,3.48,75539.25
27.935299158096313,3.48,75659.88
27.94751501083374,3.48,75405.53
27.959638833999634,3.48,75740.42
27.972290515899658,3.48,75485.73
27.98452854156494,3.48,75405.53
27.996700763702393,3.48,75525.85
28.00903010368347,3.48,75418.9
28.02126455307007,3.48,75659.88
28.033200979232788,3.48,75512.49
28.045243740081787,3.48,75392.19
28.057262420654297,3.48,75525.85
28.069377422332764,3.48,75272.17
28.078654527664185,3.48,75700.14
28.09085178375244,3.48,75592.82
28.103359937667847,3.48,75458.99
28.11544370651245,3.48,75499.1
28.12788486480713,3.48,75312.14
28.13982129096985,3.48,75767.31
28.15244174003601,3.48,75432.25
28.164628744125366,3.48,75485.73
28.17685604095459,3.48,75499.1
28.18900489807129,3.48,75325.48
28.20110058784485,3.48,75700.14
28.213170766830444,3.48,75552.64
28.225245237350464,3.48,75405.53
28.234021186828613,3.48,75325.48
28.24652886390686,3.48,75378.83
28.258765697479248,3.48,75780.75
28.271174907684326,3.48,75499.1
28.283589601516724,3.48,75566.02
28.295630931854248,3.48,75592.82
28.308003902435303,3.48,75338.81
28.320273637771606,3.48,75713.56
28.332704067230225,3.48,75499.1
28.344722509384155,3.48,75485.73
28.356807470321655,3.48,75499.1
28.368942499160767,3.48,75338.81
28.38095760345459,3.48,75713.56
28.393918752670288,3.48,75445.63
28.40226411819458,3.48,75392.19
28.414453983306885,3.48,75633.05
28.426735639572144,3.48,75392.19
28.439295053482056,3.48,75740.42
28.451368808746338,3.48,75485.73
28.463818073272705,3.48,75485.73
28.475967168807983,3.48,75499.1
28.488275289535522,3.48,75325.48
28.500524520874023,3.48,75673.29
28.51237940788269,3.48,75445.63
28.52422785758972,3.48,75485.73
28.536415100097656,3.48,75458.99
28.548675060272217,3.48,75272.17
28.557305335998535,3.48,75753.87
28.569907426834106,3.48,75512.49
28.582552909851074,3.48,75606.23
28.594565868377686,3.48,75552.64
28.60679864883423,3.48,75325.48
28.61935257911682,3.48,75780.75
28.631715774536133,3.48,75392.19
28.643834590911865,3.48,75365.5
28.65587067604065,3.48,75472.35
28.668181896209717,3.48,75285.48
28.679600954055786,3.48,75646.46
28.691778659820557,3.48,75432.25
28.703938245773315,3.48,75418.9
28.716105699539185,3.48,75512.49
28.724814414978027,3.48,75258.85
28.737406015396118,3.48,75780.75
28.74972629547119,3.48,75552.64
28.762085676193237,3.48,75566.02
28.774282217025757,3.48,75432.25
28.786432027816772,3.48,75392.19
28.79894208908081,3.48,75646.46
28.811614990234375,3.48,75445.63
28.823768377304077,3.48,75485.73
28.83599066734314,3.48,75432.25
28.8479266166687,3.48,75312.14
28.86001682281494,3.48,75727.0
28.872047662734985,3.48,75539.25
28.884015560150146,3.48,75499.1
28.89331293106079,3.48,75485.73
28.905790090560913,3.48,75418.9
28.917919158935547,3.48,75780.75
28.930193424224854,3.48,75352.16
28.942432165145874,3.48,75458.99
28.954669952392578,3.48,75445.63
28.966981649398804,3.48,75338.81
28.979281902313232,3.48,75700.14
28.991604804992676,3.48,75365.5
29.00363516807556,3.48,75352.16
29.01579260826111,3.48,75445.63
29.0278263092041,3.48,75285.48
29.039894580841064,3.48,75659.88
29.048959970474243,3.48,75418.9
29.06120491027832,3.48,75646.46
29.073497772216797,3.48,75445.63
29.08575749397278,3.48,75325.48
29.09807538986206,3.48,75405.53
29.11029839515686,3.48,75338.81
29.12270998954773,3.48,75432.25
29.13487458229065,3.48,75338.81
29.14717125892639,3.47,75112.54
29.159382581710815,3.48,75445.63
29.171464443206787,3.48,75338.81
29.183539390563965,3.48,75432.25
29.195652961730957,3.48,75352.16
29.20775556564331,3.47,75165.71
29.21683168411255,3.48,75499.1
29.229058504104614,3.48,75445.63
29.241344928741455,3.48,75499.1
29.253661632537842,3.48,75552.64
29.265923261642456,3.47,75165.71
29.27821922302246,3.48,75499.1
29.2905113697052,3.48,75205.6
29.302785873413086,3.48,75445.63
29.315093517303467,3.48,75405.53
29.32723355293274,3.47,75192.28
29.33933186531067,3.48,75646.46
29.35142946243286,3.47,75179.0
29.363454818725586,3.48,75445.63
29.372625827789307,3.48,75365.5
29.384693145751953,3.48,75232.22
29.397005319595337,3.48,75405.53
29.409327745437622,3.48,75245.53
29.421574354171753,3.48,75432.25
29.43389320373535,3.48,75352.16
29.446141958236694,3.48,75272.17
29.458434104919434,3.48,75378.83
29.4707350730896,3.48,75285.48
29.483076572418213,3.48,75512.49
29.495131492614746,3.48,75298.82
29.507262229919434,3.47,75179.0
29.51919984817505,3.48,75312.14
29.531348943710327,3.48,75218.9
29.540342330932617,3.48,75485.73
29.55270481109619,3.48,75418.9
29.56426453590393,3.47,75165.71
29.576582193374634,3.48,75338.81
29.58884358406067,3.47,75125.82
29.60113000869751,3.48,75445.63
29.613468408584595,3.48,75338.81
29.625770330429077,3.47,75165.71
29.63807988166809,3.48,75392.19
29.65030813217163,3.47,75006.39
29.66251254081726,3.48,75485.73
29.674686908721924,3.48,75352.16
29.68687415122986,3.47,75125.82
29.695347547531128,3.48,75432.25
29.707685708999634,3.47,75125.82
29.71994638442993,3.48,75525.85
29.732228755950928,3.48,75352.16
29.744484901428223,3.48,75365.5
29.756784439086914,3.48,75365.5
29.76908254623413,3.47,75125.82
29.78136706352234,3.48,75485.73
29.79370427131653,3.48,75378.83
29.80591869354248,3.47,75139.12
29.81813097000122,3.48,75352.16
29.830347537994385,3.48,75205.6
29.842501878738403,3.48,75525.85
29.854732751846313,3.48,75245.53
29.863330602645874,3.47,75139.12
29.87563681602478,3.48,75445.63
29.88782811164856,3.48,75205.6
29.900184631347656,3.48,75539.25
29.912534713745117,3.48,75338.81
29.92483949661255,3.47,75192.28
29.93715190887451,3.48,75325.48
29.949430227279663,3.47,75099.25
29.96174693107605,3.48,75445.63
29.97392964363098,3.48,75325.48
29.986104726791382,3.47,75165.71
29.998441457748413,3.48,75352.16
30.010571241378784,3.47,75059.43
30.019249439239502,3.48,75458.99
30.031540870666504,3.48,75525.85
30.043815851211548,3.47,75152.4
30.05610752105713,3.48,75352.16
30.06836986541748,3.47,75072.7
30.080686569213867,3.48,75445.63
30.092989206314087,3.48,75298.82
30.105254411697388,3.47,75112.54
30.11754059791565,3.48,75232.22
30.12982678413391,3.47,74953.39
30.14200735092163,3.48,75525.85
30.154276132583618,3.48,75365.5
30.166352033615112,3.47,75112.54
30.178418397903442,3.48,75298.82
30.18731451034546,3.47,75032.91
30.199625730514526,3.48,75606.23
30.21186113357544,3.48,75445.63
30.224162101745605,3.48,75218.9
30.236547708511353,3.48,75325.48
30.248828649520874,3.48,75232.22
30.26122546195984,3.48,75458.99
30.273476362228394,3.48,75298.82
30.28577756881714,3.48,75205.6
30.298033714294434,3.48,75312.14
30.31000328063965,3.48,75205.6
30.32221269607544,3.48,75458.99
30.334211349487305,3.48,75298.82
30.346250295639038,3.47,75152.4
30.355417728424072,3.48,75458.99
30.36770486831665,3.48,75312.14
30.379997730255127,3.48,75700.14
30.39247727394104,3.48,75405.53
30.404581785202026,3.48,75245.53
30.41683554649353,3.48,75338.81
30.429078817367554,3.47,75139.12
30.441375255584717,3.48,75499.1
30.45370388031006,3.48,75352.16
30.465771436691284,3.47,75152.4
30.477982759475708,3.48,75338.81
30.489999771118164,3.47,75112.54
30.5020968914032,3.48,75499.1
30.511043787002563,3.48,75325.48
30.52339816093445,3.48,75352.16
30.535664558410645,3.48,75525.85
30.54792308807373,3.47,75112.54
30.560182809829712,3.48,75566.02
30.57179307937622,3.48,75338.81
30.58408522605896,3.48,75232.22
30.59642791748047,3.48,75258.85
30.60876178741455,3.47,75165.71
30.62113928794861,3.48,75552.64
30.633368492126465,3.48,75338.81
30.64560556411743,3.48,75218.9
30.657731771469116,3.48,75352.16
30.6698739528656,3.47,75125.82
30.67863893508911,3.48,75539.25
30.690647840499878,3.48,75378.83
30.7029287815094,3.48,75325.48
30.715193033218384,3.48,75298.82
30.727511167526245,3.48,75218.9
30.739790439605713,3.48,75552.64
30.752034187316895,3.48,75258.85
30.764350175857544,3.47,75072.7
30.77668285369873,3.48,75325.48
30.788891315460205,3.47,75072.7
30.801032543182373,3.48,75512.49
30.813294649124146,3.48,75245.53
30.82547926902771,3.48,75272.17
30.83396053314209,3.48,75312.14
30.846251249313354,3.48,75232.22
30.858561038970947,3.48,75619.62
30.87084722518921,3.48,75432.25
30.883134603500366,3.48,75218.9
30.89539933204651,3.48,75352.16
30.90768527984619,3.47,75139.12
30.920010805130005,3.48,75512.49
30.932263612747192,3.48,75205.6
30.944570064544678,3.48,75312.14
30.95677423477173,3.48,75325.48
30.968971252441406,3.47,75192.28
30.981160640716553,3.48,75445.63
30.993432760238647,3.48,75298.82
31.001908779144287,3.48,75298.82
31.014184951782227,3.48,75418.9
31.02649974822998,3.48,75272.17
31.03878116607666,3.48,75619.62
31.05105447769165,3.48,75298.82
31.063331127166748,3.48,75272.17
31.07566499710083,3.48,75272.17
31.087889432907104,3.47,75046.17
31.100178241729736,3.48,75392.19
31.1124587059021,3.48,75298.82
31.124698400497437,3.48,75232.22
31.136892080307007,3.48,75312.14
31.14911198616028,3.47,75112.54
31.161375761032104,3.48,75566.02
31.170300006866455,3.48,75285.48
31.182666301727295,3.48,75365.5
31.195032358169556,3.48,75338.81
31.207248210906982,3.48,75298.82
31.219552278518677,3.48,75606.23
31.231809377670288,3.48,75352.16
31.24412250518799,3.48,75272.17
31.25642204284668,3.48,75312.14
31.268807411193848,3.48,75232.22
31.28094458580017,3.48,75552.64
31.29303550720215,3.48,75338.81
31.30512499809265,3.48,75325.48
31.31721830368042,3.48,75258.85
31.326127290725708,3.47,75152.4
31.338189363479614,3.48,75673.29
31.350345134735107,3.48,75272.17
31.362591981887817,3.48,75392.19
31.374924182891846,3.48,75472.35
31.38709306716919,3.47,75152.4
31.39939522743225,3.48,75566.02
31.411635398864746,3.48,75325.48
31.423938751220703,3.48,75325.48
31.43617606163025,3.48,75312.14
31.448394775390625,3.47,75112.54
31.460610389709473,3.48,75499.1
31.472790241241455,3.47,75192.28
31.485116720199585,3.48,75365.5
31.49389362335205,3.48,75285.48
31.506357669830322,3.48,75325.48
31.519006967544556,3.48,75539.25
31.53152847290039,3.48,75365.5
31.54364776611328,3.48,75338.81
31.555861473083496,3.48,75325.48
31.56818962097168,3.47,75139.12
31.580616235733032,3.48,75539.25
31.592740058898926,3.48,75298.82
31.60486650466919,3.48,75312.14
31.617000341415405,3.48,75338.81
31.629180669784546,3.47,75192.28
31.640920162200928,3.48,75525.85
31.653069734573364,3.48,75205.6
31.66259789466858,3.48,75285.48
31.674650192260742,3.48,75432.25
31.686834812164307,3.47,75179.0
31.69831347465515,3.48,75659.88
31.71051287651062,3.48,75272.17
31.722768545150757,3.47,75192.28
31.735120058059692,3.48,75272.17
31.74742817878723,3.47,75125.82
31.759780883789062,3.48,75525.85
31.77234125137329,3.48,75272.17
31.784263134002686,3.48,75325.48
31.796753883361816,3.48,75298.82
31.808879137039185,3.47,75125.82
31.817891597747803,3.48,75378.83
31.830427169799805,3.48,75418.9
31.842498779296875,3.48,75392.19
31.854888200759888,3.48,75392.19
31.86716866493225,3.48,75245.53
31.87946319580078,3.48,75445.63
31.891545057296753,3.48,75272.17
31.904207229614258,3.48,75378.83
31.91622281074524,3.48,75285.48
31.927592277526855,3.47,75099.25
31.93982195854187,3.48,75405.53
31.952032327651978,3.48,75338.81
31.964235305786133,3.48,75352.16
31.976765155792236,3.48,75218.9
31.985201835632324,3.47,75179.0
31.997939348220825,3.48,75579.42
32.01040291786194,3.47,75179.0
32.02289175987244,3.48,75378.83
32.0354642868042,3.48,75298.82
32.04711437225342,3.47,75139.12
32.05959916114807,3.48,75405.53
32.07203269004822,3.47,75099.25
32.08427929878235,3.48,75232.22
32.09614396095276,3.48,75298.82
32.10819888114929,3.48,75218.9
32.12054467201233,3.48,75285.48
32.13264465332031,3.47,75192.28
32.14148736000061,3.48,75338.81
32.153932094573975,3.48,75405.53
32.16602420806885,3.47,75192.28
32.178438901901245,3.48,75312.14
32.190948486328125,3.48,75245.53
32.20317482948303,3.48,75392.19
32.2154815196991,3.48,75338.81
32.22751188278198,3.47,75139.12
32.239877223968506,3.48,75338.81
32.25219249725342,3.48,75285.48
32.26430320739746,3.48,75392.19
32.27636766433716,3.47,75192.28
32.288426876068115,3.47,75099.25
32.30026340484619,3.48,75325.48
32.309484004974365,3.47,74993.14
32.321903228759766,3.48,75458.99
32.33430504798889,3.48,75378.83
32.34621000289917,3.47,75152.4
32.358582496643066,3.48,75445.63
32.371087312698364,3.47,75006.39
32.38334655761719,3.48,75338.81
32.39564871788025,3.48,75272.17
32.40790128707886,3.47,75112.54
32.4201135635376,3.48,75405.53
32.43216109275818,3.47,75019.65
32.4434859752655,3.48,75445.63
32.455955505371094,3.48,75285.48
32.46488285064697,3.47,75006.39
32.47693228721619,3.48,75392.19
32.489577293395996,3.47,75139.12
32.502203702926636,3.48,75485.73
32.51440453529358,3.48,75352.16
32.526453495025635,3.48,75258.85
32.53894400596619,3.48,75325.48
32.55136704444885,3.47,75112.54
32.56360483169556,3.48,75418.9
32.57558798789978,3.48,75298.82
32.58786964416504,3.47,75085.98
32.600056886672974,3.48,75245.53
32.611934185028076,3.47,75072.7
32.623873472213745,3.48,75445.63
32.63321781158447,3.48,75272.17
32.64546799659729,3.48,75245.53
32.65790581703186,3.48,75392.19
32.67015290260315,3.47,75046.17
32.68236255645752,3.48,75445.63
32.69437074661255,3.48,75338.81
32.70585536956787,3.47,75125.82
32.71806883811951,3.48,75338.81
32.73036336898804,3.47,75046.17
32.742706060409546,3.48,75392.19
32.754929065704346,3.48,75232.22
32.76734662055969,3.47,75032.91
32.779703855514526,3.48,75298.82
32.79175925254822,3.47,75032.91
32.80058026313782,3.48,75418.9
32.81312394142151,3.48,75338.81
32.82531785964966,3.47,75165.71
32.8378119468689,3.48,75312.14
32.85032367706299,3.47,75032.91
32.86249232292175,3.48,75552.64
32.87501335144043,3.48,75258.85
32.88696551322937,3.47,75059.43
32.89952039718628,3.48,75272.17
32.91150236129761,3.47,75059.43
32.923633337020874,3.48,75485.73
32.935598373413086,3.48,75312.14
32.94767880439758,3.47,75179.0
32.95679044723511,3.48,75298.82
32.9690477848053,3.47,75192.28
32.981399059295654,3.48,75525.85
32.99362087249756,3.48,75325.48
33.005675077438354,3.47,75112.54
33.01816725730896,3.48,75205.6
33.03048491477966,3.47,75072.7
33.04267072677612,3.48,75378.83
33.05520558357239,3.48,75285.48
33.06720542907715,3.47,75046.17
33.079424142837524,3.47,75179.0
33.09127688407898,3.47,75046.17
33.10346269607544,3.48,75445.63
33.11537837982178,3.48,75218.9
33.124818563461304,3.47,75152.4
33.13702082633972,3.48,75325.48
33.1491973400116,3.47,75099.25
33.16154861450195,3.48,75499.1
33.17393231391907,3.48,75205.6
33.18612551689148,3.47,75125.82
33.198357582092285,3.48,75218.9
33.21060800552368,3.47,75072.7
33.22298216819763,3.48,75365.5
33.235098361968994,3.48,75232.22
33.24697017669678,3.47,75192.28
33.259143114089966,3.48,75218.9
33.271183490753174,3.47,75032.91
33.280189752578735,3.48,75445.63
33.2923686504364,3.48,75245.53
33.30488848686218,3.48,75205.6
33.31720209121704,3.48,75272.17
33.32940220832825,3.47,75099.25
33.34184718132019,3.48,75392.19
33.35413217544556,3.48,75298.82
33.366377115249634,3.47,75112.54
33.378527879714966,3.47,75112.54
33.390908002853394,3.47,75085.98
33.40292000770569,3.48,75338.81
33.415050983428955,3.48,75205.6
33.428302526474,3.47,75179.0
33.43908405303955,3.48,75258.85
33.447983503341675,3.47,75059.43
33.46043825149536,3.48,75659.88
33.47284817695618,3.48,75312.14
33.48514223098755,3.48,75272.17
33.49751543998718,3.48,75258.85
33.509599447250366,3.47,75085.98
33.52199721336365,3.48,75525.85
33.533982038497925,3.48,75272.17
33.546074628829956,3.47,75125.82
33.558391094207764,3.48,75272.17
33.570746183395386,3.47,75099.25
33.58286452293396,3.48,75472.35
33.59489679336548,3.47,75192.28
33.6039342880249,3.48,75258.85
33.61633372306824,3.48,75325.48
33.628209829330444,3.47,75152.4
33.64069581031799,3.48,75552.64
33.65307331085205,3.48,75218.9
33.665351152420044,3.47,75165.71
33.67751860618591,3.47,75152.4
33.6896436214447,3.47,75006.39
33.70117163658142,3.48,75445.63
33.713380336761475,3.48,75205.6
33.72566246986389,3.47,75192.28
33.73772978782654,3.48,75218.9
33.74993634223938,3.47,75019.65
33.76211071014404,3.48,75405.53
33.770684480667114,3.47,75179.0
33.782984495162964,3.48,75218.9
33.79548168182373,3.48,75205.6
33.807809352874756,3.47,75125.82
33.82018303871155,3.48,75445.63
33.83254051208496,3.48,75205.6
33.84507179260254,3.47,75059.43
33.85753011703491,3.48,75285.48
33.86999487876892,3.47,75072.7
33.882344245910645,3.48,75472.35
33.89415740966797,3.48,75205.6
33.9062340259552,3.48,75338.81
33.91851258277893,3.48,75232.22
33.927380323410034,3.47,74979.88
33.93976283073425,3.48,75525.85
33.952014684677124,3.48,75365.5
33.96410799026489,3.48,75245.53
33.97639274597168,3.48,75258.85
33.98882222175598,3.47,75099.25
34.001280307769775,3.48,75445.63
34.013564109802246,3.47,75139.12
34.025625467300415,3.48,75232.22
34.03776717185974,3.47,75125.82
34.05014681816101,3.47,75019.65
34.062145948410034,3.48,75418.9
34.074196577072144,3.47,75192.28
34.08620285987854,3.48,75245.53
34.09531354904175,3.48,75205.6
34.10741639137268,3.47,75125.82
34.119956731796265,3.48,75579.42
34.13225722312927,3.48,75232.22
34.14451360702515,3.47,75099.25
34.15687370300293,3.47,75179.0
34.16907620429993,3.47,75152.4
34.181459188461304,3.48,75445.63
34.193596839904785,3.47,75139.12
34.20595693588257,3.48,75232.22
34.21788692474365,3.48,75285.48
34.2300226688385,3.47,74979.88
34.241862297058105,3.48,75499.1
34.25392723083496,3.47,75112.54
34.26344132423401,3.47,75139.12
34.27565932273865,3.48,75285.48
34.2876398563385,3.47,75139.12
34.30016279220581,3.48,75512.49
34.31238794326782,3.47,75165.71
34.32492280006409,3.48,75232.22
34.337104082107544,3.47,75099.25
34.3492705821991,3.47,75032.91
34.361616373062134,3.48,75525.85
34.373839139938354,3.47,75179.0
34.38579535484314,3.48,75245.53
34.39764189720154,3.48,75232.22
34.40973353385925,3.47,75125.82
34.41883635520935,3.48,75352.16
34.43132758140564,3.48,75325.48
34.443413496017456,3.48,75312.14
34.45598816871643,3.48,75232.22
34.467968225479126,3.47,75099.25
34.48043990135193,3.48,75566.02
34.49248552322388,3.48,75258.85
34.505062103271484,3.48,75205.6
34.51720666885376,3.48,75205.6
34.5290961265564,3.47,75059.43
34.54159355163574,3.48,75472.35
34.55338907241821,3.48,75258.85
34.56563425064087,3.48,75258.85
34.57743310928345,3.47,75152.4
34.58706307411194,3.48,75205.6
34.599215269088745,3.48,75458.99
34.61141920089722,3.47,75152.4
34.623839378356934,3.47,75179.0
34.63626408576965,3.48,75245.53
34.64833116531372,3.47,74887.21
34.660467863082886,3.48,75392.19
34.672937631607056,3.47,75179.0
34.68520379066467,3.47,75125.82
34.697338342666626,3.48,75232.22
34.70855474472046,3.47,75072.7
34.72071194648743,3.48,75432.25
34.73286771774292,3.47,75072.7
34.7414391040802,3.48,75218.9
34.75377678871155,3.48,75245.53
34.7663254737854,3.47,75125.82
34.778693199157715,3.48,75472.35
34.79119849205017,3.47,75125.82
34.803574323654175,3.48,75258.85
34.81602883338928,3.48,75205.6
34.828476428985596,3.47,74966.64
34.840832471847534,3.48,75218.9
34.853018045425415,3.47,75112.54
34.86511731147766,3.48,75232.22
34.87717366218567,3.47,75165.71
34.889259576797485,3.47,75112.54
34.90101337432861,3.48,75272.17
34.9102840423584,3.48,75272.17
34.92271876335144,3.48,75338.81
34.93502473831177,3.48,75338.81
34.94741487503052,3.47,74913.67
34.959420919418335,3.48,75298.82
34.971802949905396,3.47,75019.65
34.98423790931702,3.48,75218.9
34.99656367301941,3.47,75139.12
35.00884032249451,3.47,75006.39
35.02090239524841,3.48,75418.9
35.03292798995972,3.47,74926.91
35.044984579086304,3.48,75272.17
35.05697298049927,3.48,75285.48
35.0661997795105,3.47,75046.17
35.07833409309387,3.48,75418.9
35.09059429168701,3.47,75032.91
35.10296559333801,3.48,75365.5
35.11535596847534,3.47,75152.4
35.12727499008179,3.47,74993.14
35.13981008529663,3.48,75232.22
35.152135133743286,3.47,74979.88
35.164480686187744,3.48,75205.6
35.176512718200684,3.47,75139.12
35.18857407569885,3.47,74913.67
35.20084238052368,3.48,75218.9
35.21275043487549,3.47,75072.7
35.224969148635864,3.48,75365.5
35.23409581184387,3.47,75165.71
35.246259927749634,3.47,75179.0
35.25850987434387,3.48,75272.17
35.270904302597046,3.47,75179.0
35.28323674201965,3.48,75285.48
35.295445919036865,3.48,75218.9
35.30756092071533,3.47,74926.91
35.319979667663574,3.47,75165.71
35.33242082595825,3.47,74913.67
35.34432601928711,3.48,75258.85
35.35641288757324,3.47,75099.25
35.36858105659485,3.47,74900.44
35.38059735298157,3.48,75258.85
35.389628887176514,3.47,74926.91
35.401691913604736,3.48,75258.85
35.41427969932556,3.48,75245.53
35.42654585838318,3.47,75059.43
35.43852710723877,3.48,75378.83
35.451141595840454,3.47,74860.78
35.463457107543945,3.47,75085.98
35.475932359695435,3.47,75099.25
35.48793339729309,3.47,74860.78
35.49996829032898,3.47,75125.82
35.51194953918457,3.47,74966.64
35.52430081367493,3.48,75298.82
35.53621506690979,3.47,75165.71
35.54833436012268,3.47,74940.14
35.55735778808594,3.48,75205.6
35.56981682777405,3.47,75085.98
35.58215594291687,3.48,75405.53
35.59441518783569,3.47,75152.4
35.606788635253906,3.47,74979.88
35.619044065475464,3.47,75112.54
35.63134956359863,3.47,74874.0
35.643413066864014,3.48,75298.82
35.656044721603394,3.47,75179.0
35.667914152145386,3.47,75019.65
35.68017053604126,3.48,75218.9
35.6922972202301,3.47,74940.14
35.70421314239502,3.48,75352.16
35.713050365448,3.47,75165.71
35.724488735198975,3.47,75006.39
35.73675489425659,3.48,75218.9
35.74900579452515,3.47,74900.44
35.761303424835205,3.48,75378.83
35.77361822128296,3.47,75099.25
35.78613805770874,3.47,74913.67
35.79857015609741,3.47,75072.7
35.810864210128784,3.47,74940.14
35.82326674461365,3.48,75205.6
35.835782051086426,3.47,75125.82
35.84791684150696,3.47,75059.43
35.85968041419983,3.47,75152.4
35.87191867828369,3.47,74768.31
35.88113284111023,3.48,75352.16
35.893258810043335,3.47,75059.43
35.90583157539368,3.47,74993.14
35.91802787780762,3.47,75139.12
35.93026661872864,3.47,74900.44
35.94268727302551,3.48,75325.48
35.95487403869629,3.47,75179.0
35.96701264381409,3.47,75032.91
35.97941732406616,3.47,75139.12
35.991734743118286,3.47,74913.67
36.00371193885803,3.48,75298.82
36.015663146972656,3.47,75019.65
36.02768921852112,3.47,74993.14
36.03966450691223,3.47,75125.82
36.04893445968628,3.47,74926.91
36.06123089790344,3.48,75405.53
36.07362771034241,3.47,75192.28
36.085681438446045,3.47,75032.91
36.09836506843567,3.48,75218.9
36.11036777496338,3.47,75006.39
36.12251281738281,3.48,75312.14
36.13509654998779,3.47,75179.0
36.14738655090332,3.47,75006.39
36.159565925598145,3.47,75192.28
36.17132329940796,3.47,74940.14
36.183350563049316,3.48,75378.83
36.195563554763794,3.47,75139.12
36.20474863052368,3.47,74993.14
36.21714162826538,3.48,75245.53
36.22919583320618,3.47,75019.65
36.241740465164185,3.48,75405.53
36.25382161140442,3.48,75352.16
36.26611852645874,3.47,75099.25
36.278374671936035,3.47,75112.54
36.290868043899536,3.47,74900.44
36.30289697647095,3.48,75352.16
36.31523585319519,3.47,75112.54
36.32709002494812,3.47,75032.91
36.33934545516968,3.47,75085.98
36.35117769241333,3.47,74966.64
36.363311529159546,3.48,75365.5
36.37238788604736,3.47,75165.71
36.38492131233215,3.47,75125.82
36.39726948738098,3.47,75165.71
36.40981698036194,3.47,75019.65
36.421651124954224,3.48,75392.19
36.43407225608826,3.47,75125.82
36.44634985923767,3.47,75152.4
36.458627223968506,3.47,75139.12
36.47107791900635,3.47,74979.88
36.48285698890686,3.48,75312.14
36.494741439819336,3.47,75085.98
36.507280349731445,3.47,75046.17
36.51923680305481,3.47,75165.71
36.52801465988159,3.47,75019.65
36.54064178466797,3.48,75458.99
36.55272436141968,3.48,75245.53
36.56510400772095,3.47,75139.12
36.577229738235474,3.47,75179.0
36.58982300758362,3.47,75099.25
36.601773500442505,3.48,75392.19
36.61434078216553,3.47,75072.7
36.62670969963074,3.47,75192.28
36.63898301124573,3.47,75072.7
36.65100431442261,3.47,74979.88
36.66295385360718,3.48,75392.19
36.67491674423218,3.47,75046.17
36.687100410461426,3.47,75192.28
36.696202754974365,3.47,75179.0
36.70847535133362,3.47,75085.98
36.72061038017273,3.48,75458.99
36.7320716381073,3.47,75112.54
36.74430298805237,3.47,75139.12
36.756643295288086,3.47,75139.12
36.768925189971924,3.47,74979.88
36.78111481666565,3.48,75325.48
36.793697118759155,3.47,75099.25
36.80607533454895,3.47,75125.82
36.81841683387756,3.47,75072.7
36.83066701889038,3.47,74874.0
36.842535972595215,3.48,75325.48
36.851643800735474,3.47,75112.54
36.86417531967163,3.48,75205.6
36.876577615737915,3.48,75232.22
36.8887300491333,3.47,75019.65
36.90107226371765,3.48,75485.73
36.913296699523926,3.47,75099.25
36.925535678863525,3.47,75085.98
36.93788027763367,3.47,75139.12
36.950154542922974,3.47,74993.14
36.96244668960571,3.48,75405.53
36.9744393825531,3.47,75165.71
36.98654317855835,3.47,75139.12
36.99865102767944,3.47,75125.82
37.010679960250854,3.47,74979.88
37.01981019973755,3.48,75432.25
37.031792402267456,3.47,75165.71
37.04415011405945,3.47,75139.12
37.05678939819336,3.48,75218.9
37.068681478500366,3.47,74953.39
37.08125948905945,3.48,75405.53
37.09363412857056,3.47,75046.17
37.10587763786316,3.47,75112.54
37.118184328079224,3.47,75139.12
37.130396366119385,3.47,74940.14
37.14204978942871,3.48,75285.48
37.15410590171814,3.47,75059.43
37.16611838340759,3.47,75072.7
37.17849111557007,3.47,75072.7
37.187790632247925,3.47,74874.0
37.2000777721405,3.48,75312.14
37.2121741771698,3.47,75099.25
37.22453570365906,3.47,75179.0
37.23678946495056,3.47,75059.43
37.249138832092285,3.47,74860.78
37.26122570037842,3.48,75338.81
37.273600816726685,3.47,75192.28
37.28601288795471,3.47,75165.71
37.298163414001465,3.47,75059.43
37.31008219718933,3.47,74993.14
37.32211685180664,3.48,75392.19
37.33421611785889,3.47,75125.82
37.3433678150177,3.47,75152.4
37.35566711425781,3.48,75312.14
37.36794924736023,3.47,74993.14
37.380125284194946,3.48,75418.9
37.392313957214355,3.47,75085.98
37.40458035469055,3.47,75085.98
37.41651654243469,3.47,75152.4
37.42914056777954,3.47,74979.88
37.44244122505188,3.48,75325.48
37.45367097854614,3.47,75099.25
37.465943574905396,3.47,75099.25
37.47775053977966,3.47,75165.71
37.48979425430298,3.47,74913.67
37.5018949508667,3.48,75285.48
37.51111721992493,3.47,75059.43
37.52345561981201,3.47,75152.4
37.535813331604004,3.47,75179.0
37.548163652420044,3.47,75046.17
37.56065630912781,3.47,75192.28
37.57241678237915,3.47,75032.91
37.58503866195679,3.47,75192.28
37.597227573394775,3.47,75019.65
37.60954451560974,3.47,74847.55
37.62162971496582,3.48,75218.9
37.633692264556885,3.47,75179.0
37.645819902420044,3.47,75179.0
37.65780544281006,3.47,75085.98
37.66703677177429,3.47,74979.88
37.67909383773804,3.48,75338.81
37.69143748283386,3.47,74900.44
37.70371890068054,3.48,75272.17
37.71590280532837,3.48,75218.9
37.727351903915405,3.47,74913.67
37.73959445953369,3.48,75312.14
37.75182890892029,3.47,74940.14
37.7641921043396,3.47,75046.17
37.776406049728394,3.47,75085.98
37.78903150558472,3.47,74887.21
37.80134439468384,3.48,75272.17
37.813316106796265,3.47,74979.88
37.82554030418396,3.47,75099.25
37.8344030380249,3.47,75179.0
37.846914291381836,3.47,75019.65
37.859511852264404,3.47,75139.12
37.871851682662964,3.47,75099.25
37.883883476257324,3.47,75152.4
37.89622378349304,3.47,75085.98
37.908676624298096,3.47,75006.39
37.92087507247925,3.47,75139.12
37.9328978061676,3.47,75019.65
37.94515347480774,3.48,75258.85
37.95710277557373,3.47,75072.7
37.96945524215698,3.47,74874.0
37.98145318031311,3.47,75099.25
37.990485429763794,3.47,74966.64
38.002570152282715,3.48,75325.48
38.01505136489868,3.47,75179.0
38.0275182723999,3.47,74913.67
38.03971576690674,3.47,75179.0
38.052040576934814,3.47,74794.7
38.06413459777832,3.48,75205.6
38.07657551765442,3.47,75059.43
38.08900022506714,3.47,74781.5
38.10112237930298,3.47,75192.28
38.11294770240784,3.47,74755.11
38.12505006790161,3.47,75125.82
38.13707184791565,3.47,75032.91
38.14903926849365,3.47,74926.91
38.158507108688354,3.47,75099.25
38.170732736587524,3.47,74926.91
38.182756662368774,3.48,75245.53
38.19501447677612,3.47,75072.7
38.20768690109253,3.47,74887.21
38.21986532211304,3.47,75019.65
38.23230862617493,3.47,74913.67
38.24421453475952,3.47,75192.28
38.256797313690186,3.47,75152.4
38.26896142959595,3.47,74887.21
38.28090953826904,3.47,75099.25
38.292675733566284,3.47,75032.91
38.304929971694946,3.47,75192.28
38.31381916999817,3.47,75019.65
38.326494216918945,3.47,74940.14
38.33865404129028,3.47,75099.25
38.35097408294678,3.47,74834.34
38.36316275596619,3.47,75112.54
38.375444650650024,3.47,75046.17
38.38784742355347,3.47,74860.78
38.400108337402344,3.47,75046.17
38.41226387023926,3.47,74728.72
38.42454981803894,3.47,75139.12
38.43674111366272,3.47,75046.17
38.44871211051941,3.47,74821.11
38.4606409072876,3.47,74953.39
38.47272992134094,3.47,74741.92
38.48201370239258,3.47,75139.12
38.49431371688843,3.48,75272.17
38.50656747817993,3.47,74847.55
38.518858909606934,3.47,75059.43
38.531126499176025,3.47,74755.11
38.54329013824463,3.47,75179.0
38.55565690994263,3.47,75072.7
38.56775212287903,3.47,74860.78
38.579216718673706,3.47,75112.54
38.591771602630615,3.47,74874.0
38.60403037071228,3.48,75205.6
38.616328954696655,3.47,75099.25
38.62846541404724,3.47,74993.14
38.6377170085907,3.47,75032.91
38.650004863739014,3.47,74966.64
38.66200304031372,3.48,75392.19
38.67436766624451,3.47,75019.65
38.68679761886597,3.47,74926.91
38.69911313056946,3.47,75046.17
38.71125626564026,3.47,74940.14
38.723402976989746,3.47,75179.0
38.73495841026306,3.47,74953.39
38.747143507003784,3.47,74860.78
38.75933289527893,3.47,75059.43
38.771628618240356,3.47,74874.0
38.78373074531555,3.48,75258.85
38.79584312438965,3.47,75059.43
38.804458141326904,3.47,74887.21
38.816792011260986,3.47,75112.54
38.829147815704346,3.47,74847.55
38.84146976470947,3.48,75338.81
38.85373663902283,3.47,74966.64
38.86639714241028,3.47,74821.11
38.878584146499634,3.47,74966.64
38.89116144180298,3.47,74755.11
38.903687477111816,3.48,75258.85
38.915977001190186,3.47,75006.39
38.92789149284363,3.47,74900.44
38.94016790390015,3.47,74993.14
38.95210838317871,3.47,74860.78
38.964110374450684,3.47,75112.54
38.973249197006226,3.47,74979.88
38.98571705818176,3.47,75112.54
38.99798011779785,3.47,75099.25
39.01043462753296,3.47,74860.78
39.022663831710815,3.48,75272.17
39.03486490249634,3.47,75006.39
39.04723834991455,3.47,74926.91
39.05956220626831,3.47,74979.88
39.0718994140625,3.47,74860.78
39.083667278289795,3.47,75192.28
39.095826625823975,3.47,74940.14
39.10800790786743,3.47,74847.55
39.12008547782898,3.47,75099.25
39.12887215614319,3.47,74860.78
39.141446590423584,3.48,75405.53
39.15347743034363,3.47,75032.91
39.16588616371155,3.47,74926.91
39.17815184593201,3.47,74900.44
39.19061803817749,3.47,74781.5
39.202836990356445,3.47,75165.71
39.215035915374756,3.47,74966.64
39.227559328079224,3.47,74860.78
39.23974561691284,3.47,75032.91
39.25189471244812,3.47,74847.55
39.26372241973877,3.48,75285.48
39.275938987731934,3.47,75019.65
39.28797698020935,3.47,75006.39
39.29697036743164,3.47,75032.91
39.30937194824219,3.47,74874.0
39.32181406021118,3.48,75378.83
39.333659410476685,3.47,75152.4
39.346121311187744,3.47,75006.39
39.35857033729553,3.47,74993.14
39.37081837654114,3.47,74847.55
39.382911682128906,3.48,75232.22
39.39516353607178,3.47,74966.64
39.4076042175293,3.47,74966.64
39.41960334777832,3.47,74979.88
39.43171453475952,3.47,74781.5
39.443610429763794,3.48,75218.9
39.45276141166687,3.47,74953.39
39.46485638618469,3.47,75046.17
39.477171659469604,3.47,75072.7
39.489604234695435,3.47,74900.44
39.50197672843933,3.48,75218.9
39.51403498649597,3.47,74940.14
39.52637791633606,3.47,74940.14
39.5386848449707,3.47,74966.64
39.55069851875305,3.47,74768.31
39.56294059753418,3.48,75205.6
39.57541370391846,3.47,75099.25
39.58735418319702,3.47,74926.91
39.599355936050415,3.47,74993.14
39.611326932907104,3.47,74847.55
39.620615005493164,3.48,75245.53
39.63297891616821,3.47,75099.25
39.645034313201904,3.47,75059.43
39.657477378845215,3.47,75072.7
39.66985583305359,3.47,74953.39
39.68216037750244,3.48,75285.48
39.694382429122925,3.47,75006.39
39.70658779144287,3.47,74993.14
39.718998432159424,3.47,74953.39
39.730793714523315,3.47,74821.11
39.74232292175293,3.48,75232.22
39.75458478927612,3.47,74993.14
39.76668334007263,3.47,74887.21
39.77895188331604,3.47,74966.64
39.78750681877136,3.47,74821.11
39.8001811504364,3.47,75179.0
39.81222677230835,3.47,75099.25
39.82465076446533,3.47,75019.65
39.83719086647034,3.47,74966.64
39.84981966018677,3.47,74807.91
39.86214900016785,3.47,75112.54
39.87431979179382,3.47,74913.67
39.886765480041504,3.47,74847.55
39.89899253845215,3.47,74993.14
39.911320209503174,3.47,74821.11
39.9225652217865,3.47,75152.4
39.93485164642334,3.47,74900.44
39.94383358955383,3.47,75059.43
39.95623326301575,3.47,75139.12
39.968599796295166,3.47,74887.21
39.98102307319641,3.48,75258.85
39.993377685546875,3.47,74993.14
40.00554156303406,3.47,75032.91
40.0179557800293,3.47,74887.21
40.03016185760498,3.47,74794.7
40.042579650878906,3.48,75218.9
40.054641246795654,3.47,75046.17
40.06688714027405,3.47,74993.14
40.07873582839966,3.47,74979.88
40.09109544754028,3.47,74847.55
40.10300087928772,3.48,75245.53
40.111953020095825,3.47,74807.91
40.12448072433472,3.47,75046.17
40.136555433273315,3.47,75032.91
40.14892625808716,3.47,74755.11
40.16141057014465,3.48,75258.85
40.17356848716736,3.47,75059.43
40.18560791015625,3.47,74953.39
40.198060750961304,3.47,74993.14
40.21042513847351,3.47,74847.55
40.22274088859558,3.47,75179.0
40.234670877456665,3.47,74913.67
40.24676489830017,3.47,74887.21
40.25874376296997,3.47,75006.39
40.2709002494812,3.47,74807.91
40.28003120422363,3.47,75112.54
40.292423725128174,3.47,75072.7
40.30472135543823,3.47,74979.88
40.316853523254395,3.47,74940.14
40.328989028930664,3.47,74768.31
40.3415265083313,3.47,75139.12
40.353943824768066,3.47,74993.14
40.366016149520874,3.47,74979.88
40.378366470336914,3.47,74966.64
40.39052224159241,3.47,74728.72
40.402506589889526,3.47,75046.17
40.41441226005554,3.47,74953.39
40.42666745185852,3.47,74979.88
40.43864297866821,3.47,74953.39
40.447970390319824,3.47,74755.11
40.46026086807251,3.47,75192.28
40.47259998321533,3.47,74807.91
40.48491811752319,3.47,74913.67
40.49705195426941,3.47,75019.65
40.509528160095215,3.47,74741.92
40.52183270454407,3.47,75099.25
40.53403353691101,3.47,74807.91
40.54596781730652,3.47,74781.5
40.55824398994446,3.47,74874.0
40.57036209106445,3.47,74715.54
40.5822696685791,3.47,74847.55
40.5943169593811,3.47,74847.55
40.60372567176819,3.47,74926.91
40.61573767662048,3.47,74993.14
40.62822127342224,3.47,74807.91
40.640625953674316,3.47,74953.39
40.652865171432495,3.47,74913.67
40.66489839553833,3.47,74979.88
40.677340507507324,3.47,74874.0
40.689624071121216,3.47,74768.31
40.70195746421814,3.47,74940.14
40.71407222747803,3.47,74755.11
40.725961446762085,3.47,74940.14
40.73755073547363,3.47,74821.11
40.74966359138489,3.47,74636.49
40.76182746887207,3.47,74979.88
40.770540714263916,3.47,74794.7
40.782795906066895,3.47,75046.17
40.795055866241455,3.47,74940.14
40.80779004096985,3.47,74702.35
40.8202588558197,3.47,75099.25
40.832568407058716,3.47,74610.16
40.845055103302,3.47,74993.14
40.857606410980225,3.47,74794.7
40.86986589431763,3.47,74649.66
40.88199543952942,3.47,74953.39
40.89396071434021,3.47,74715.54
40.90605664253235,3.47,74926.91
40.918193101882935,3.47,74940.14
40.92716670036316,3.47,74676.0
40.93944311141968,3.47,74913.67
40.95187973976135,3.47,74794.7
40.96381974220276,3.47,75006.39
40.976343631744385,3.47,74874.0
40.98866319656372,3.47,74781.5
41.00096607208252,3.47,74913.67
41.01296663284302,3.47,74781.5
41.02536463737488,3.47,75059.43
41.037808895111084,3.47,74900.44
41.049808979034424,3.47,74755.11
41.061965227127075,3.47,74900.44
41.073875427246094,3.47,74702.35
41.08574151992798,3.47,75006.39
41.094839096069336,3.47,74874.0
41.107356548309326,3.47,74755.11
41.11978340148926,3.47,74926.91
41.13195872306824,3.47,74636.49
41.144431591033936,3.47,75032.91
41.15655446052551,3.47,75019.65
41.16896200180054,3.47,74728.72
41.18101382255554,3.47,74807.91
41.19355082511902,3.47,74676.0
41.20553517341614,3.47,75059.43
41.21754837036133,3.47,74979.88
41.229408264160156,3.47,74728.72
41.24165368080139,3.47,74900.44
41.25078272819519,3.47,74649.66
41.262853384017944,3.47,75085.98
41.27505564689636,3.47,74993.14
41.28749752044678,3.47,74702.35
41.299822092056274,3.47,74887.21
41.31237554550171,3.47,74597.0
41.324583768844604,3.47,75059.43
41.3367817401886,3.47,74821.11
41.34905672073364,3.47,74702.35
41.361361503601074,3.47,74834.34
41.37349557876587,3.47,74768.31
41.385382413864136,3.47,75072.7
41.39742159843445,3.47,74860.78
41.40945029258728,3.47,74702.35
41.418686389923096,3.47,74926.91
41.43083477020264,3.47,74768.31
41.443355321884155,3.47,75099.25
41.45526051521301,3.47,74966.64
41.467718839645386,3.47,74689.17
41.47988319396973,3.47,74860.78
41.49235439300537,3.47,74741.92
41.5047390460968,3.47,75032.91
41.51672077178955,3.47,74926.91
41.52888035774231,3.47,74702.35
41.54122853279114,3.47,74887.21
41.55328917503357,3.47,74715.54
41.56507849693298,3.47,75059.43
41.57728171348572,3.47,74940.14
41.586491107940674,3.47,74755.11
41.59886980056763,3.47,75032.91
41.61120963096619,3.47,74847.55
41.623531341552734,3.48,75205.6
41.63557267189026,3.47,74926.91
41.64793300628662,3.47,74781.5
41.66040325164795,3.47,74926.91
41.6726598739624,3.47,74662.82
41.684983253479004,3.47,75099.25
41.69697284698486,3.47,74807.91
41.70910906791687,3.47,74689.17
41.72122645378113,3.47,74807.91
41.732922315597534,3.47,74662.82
41.74126625061035,3.47,75059.43
41.75347113609314,3.47,74940.14
41.76570105552673,3.47,74874.0
41.778080701828,3.47,74940.14
41.79036355018616,3.47,74676.0
41.8036367893219,3.47,75046.17
41.81583595275879,3.47,74860.78
41.82822108268738,3.47,74728.72
41.84060072898865,3.47,74781.5
41.85300254821777,3.47,74715.54
41.86479949951172,3.47,75019.65
41.87686014175415,3.47,74821.11
41.88888096809387,3.47,74755.11
41.90097761154175,3.47,74913.67
41.91025948524475,3.47,74636.49
41.92257380485535,3.47,75192.28
41.93456745147705,3.47,74887.21
41.946765184402466,3.47,74807.91
41.959306955337524,3.47,74807.91
41.971433877944946,3.47,74689.17
41.98397207260132,3.47,74953.39
41.99613070487976,3.47,74728.72
42.008602142333984,3.47,74741.92
42.020774841308594,3.47,74834.34
42.03271222114563,3.47,74662.82
42.04470658302307,3.47,75059.43
42.05677032470703,3.47,74781.5
42.06875038146973,3.47,74807.91
42.07802629470825,3.47,74821.11
42.09039521217346,3.47,74781.5
42.10264873504639,3.47,75099.25
42.11487054824829,3.47,74794.7
42.12771153450012,3.47,74768.31
42.1385817527771,3.47,74636.49
42.15141201019287,3.47,74636.49
42.163636207580566,3.47,74953.39
42.17627263069153,3.47,74728.72
42.18859553337097,3.47,74781.5
42.200546741485596,3.47,74874.0
42.212435722351074,3.47,74583.85
42.22460985183716,3.47,75059.43
42.23391151428223,3.47,74821.11
42.246159076690674,3.47,74887.21
42.25833868980408,3.47,74900.44
42.27059841156006,3.47,74676.0
42.282904863357544,3.47,75139.12
42.295079946517944,3.47,74834.34
42.30743718147278,3.47,74676.0
42.31980061531067,3.47,74781.5
42.33192849159241,3.47,74649.66
42.344242811203,3.47,75099.25
42.35628008842468,3.47,74741.92
42.368412256240845,3.47,74662.82
42.380383253097534,3.47,74781.5
42.3923442363739,3.47,74623.32
42.40170669555664,3.47,75019.65
42.41381049156189,3.47,74860.78
42.42615866661072,3.47,74781.5
42.4385552406311,3.47,74821.11
42.45076060295105,3.47,74583.85
42.463196992874146,3.47,75059.43
42.47527313232422,3.47,74807.91
42.48762083053589,3.47,74768.31
42.49995565414429,3.47,74807.91
42.51177668571472,3.47,74610.16
42.52378034591675,3.47,75072.7
42.53614044189453,3.47,74689.17
42.547993898391724,3.47,74794.7
42.55734968185425,3.47,74794.7
42.56970262527466,3.47,74755.11
42.58186078071594,3.47,75019.65
42.59436368942261,3.47,74781.5
42.60631728172302,3.47,74807.91
42.61872577667236,3.47,74728.72
42.63080859184265,3.47,74597.0
42.64325499534607,3.47,74993.14
42.65550446510315,3.47,74781.5
42.667845249176025,3.47,74728.72
42.679728984832764,3.47,74755.11
42.691964864730835,3.47,74570.7
42.703773021698,3.47,75006.39
42.71599745750427,3.47,74715.54
42.724989891052246,3.47,74794.7
42.737295389175415,3.47,74794.7
42.748807430267334,3.47,74728.72
42.76102328300476,3.47,75032.91
42.77324867248535,3.47,74689.17
42.78562951087952,3.47,74768.31
42.79789972305298,3.47,74715.54
42.811243295669556,3.47,74570.7
42.822733879089355,3.47,74993.14
42.835041522979736,3.47,74662.82
42.847338914871216,3.47,74702.35
42.85964798927307,3.47,74728.72
42.87195897102356,3.47,74610.16
42.883849143981934,3.47,75006.39
42.89326810836792,3.47,74755.11
42.905170917510986,3.47,74887.21
42.91773581504822,3.47,74900.44
42.92998957633972,3.47,74649.66
42.94231629371643,3.47,75032.91
42.95463585853577,3.47,74715.54
42.96675992012024,3.47,74768.31
42.97918653488159,3.47,74768.31
42.9914972782135,3.47,74544.4
43.00377583503723,3.47,74913.67
43.015401124954224,3.47,74689.17
43.027761697769165,3.47,74715.54
43.039708852767944,3.47,74715.54
43.04876780509949,3.47,74557.56
43.061224699020386,3.47,74821.11
43.073392391204834,3.47,74781.5
43.08561897277832,3.47,74794.7
43.097822189331055,3.47,74728.72
43.11031150817871,3.47,74610.16
43.12251591682434,3.47,74847.55
43.134153604507446,3.47,74768.31
43.14637804031372,3.47,74821.11
43.15906643867493,3.47,74768.31
43.17132878303528,3.47,74544.4
43.18345403671265,3.47,74847.55
43.19546890258789,3.47,74715.54
43.20747089385986,3.47,74794.7
43.216705322265625,3.47,74702.35
43.229084730148315,3.47,74623.32
43.241381883621216,3.47,75085.98
43.253660440444946,3.47,74583.85
43.265604734420776,3.47,74794.7
43.27818560600281,3.47,74715.54
43.29047107696533,3.47,74531.27
43.3027822971344,3.47,74993.14
43.31495904922485,3.47,74570.7
43.327152729034424,3.47,74741.92
43.33931350708008,3.47,74702.35
43.35130739212036,3.47,74531.27
43.36315393447876,3.47,74887.21
43.37506341934204,3.47,74623.32
43.38481426239014,3.47,74781.5
43.396833181381226,3.47,74821.11
43.40918850898743,3.47,74676.0
43.42159104347229,3.47,74728.72
43.43375897407532,3.47,74741.92
43.44585394859314,3.47,74807.91
43.45831322669983,3.47,74755.11
43.470712661743164,3.46,74478.74
43.4828519821167,3.47,74741.92
43.4966082572937,3.47,74728.72
43.50706744194031,3.47,74821.11
43.51924204826355,3.47,74676.0
43.531128883361816,3.47,74557.56
43.54036211967468,3.47,74807.91
43.55260252952576,3.47,74794.7
43.564661502838135,3.47,74913.67
43.57691264152527,3.47,74821.11
43.5893976688385,3.47,74518.12
43.601531982421875,3.47,74781.5
43.6136360168457,3.46,74439.37
43.626073598861694,3.47,74794.7
43.63857173919678,3.47,74728.72
43.650656938552856,3.47,74597.0
43.66266226768494,3.47,74821.11
43.675060510635376,3.47,74504.99
43.68704581260681,3.47,74781.5
43.69884157180786,3.47,74676.0
43.70821189880371,3.46,74478.74
43.720627784729004,3.47,74794.7
43.732728242874146,3.46,74465.61
43.744882345199585,3.47,74847.55
43.756388425827026,3.47,74702.35
43.76860547065735,3.47,74623.32
43.780922651290894,3.47,74662.82
43.79324150085449,3.47,74583.85
43.80556011199951,3.47,74847.55
43.81803226470947,3.47,74689.17
43.8300461769104,3.46,74465.61
43.842528104782104,3.47,74676.0
43.85487222671509,3.47,74504.99
43.86388063430786,3.47,74860.78
43.87581133842468,3.47,74781.5
43.8879771232605,3.47,74583.85
43.900339126586914,3.47,74781.5
43.91197943687439,3.46,74452.48
43.92427968978882,3.47,74900.44
43.93652844429016,3.47,74662.82
43.949058294296265,3.47,74531.27
43.96141576766968,3.46,74452.48
43.97390532493591,3.46,74465.61
43.985939741134644,3.47,74807.91
43.998170137405396,3.47,74728.72
44.0104603767395,3.47,74570.7
44.022589445114136,3.47,74702.35
44.03157353401184,3.46,74439.37
44.044121980667114,3.47,74953.39
44.05611824989319,3.47,74728.72
44.06869721412659,3.47,74649.66
44.08079767227173,3.47,74676.0
44.09323167800903,3.46,74452.48
44.10567235946655,3.47,74887.21
44.1177179813385,3.47,74728.72
44.13013696670532,3.47,74518.12
44.14235758781433,3.47,74676.0
44.15434217453003,3.46,74308.34
44.166258335113525,3.47,74807.91
44.178407430648804,3.47,74610.16
44.187337160110474,3.47,74570.7
44.199745178222656,3.47,74781.5
44.212029695510864,3.46,74465.61
44.2243218421936,3.47,74900.44
44.23668026924133,3.47,74715.54
44.24861741065979,3.47,74610.16
44.26116895675659,3.47,74702.35
44.273492097854614,3.47,74531.27
44.285890340805054,3.47,74807.91
44.297786235809326,3.47,74676.0
44.31003284454346,3.47,74518.12
44.322081565856934,3.47,74715.54
44.33416676521301,3.46,74452.48
44.346296548843384,3.47,74741.92
44.35547161102295,3.47,74649.66
44.367615938186646,3.47,74636.49
44.37991118431091,3.47,74728.72
44.39223885536194,3.47,74557.56
44.40468096733093,3.47,74847.55
44.41674089431763,3.47,74702.35
44.429129123687744,3.47,74583.85
44.441383838653564,3.47,74689.17
44.45373296737671,3.46,74452.48
44.46592593193054,3.47,74900.44
44.47782254219055,3.47,74689.17
44.490046977996826,3.47,74504.99
44.50205588340759,3.47,74689.17
44.513713121414185,3.47,74491.85
44.523346185684204,3.47,74847.55
44.535730838775635,3.47,74874.0
44.54768633842468,3.47,74662.82
44.56024146080017,3.47,74636.49
44.57247829437256,3.47,74557.56
44.58447551727295,3.47,74900.44
44.596638917922974,3.47,74728.72
44.6093053817749,3.47,74636.49
44.62157106399536,3.47,74610.16
44.633424043655396,3.47,74544.4
44.64573311805725,3.47,74940.14
44.657795667648315,3.47,74702.35
44.66982364654541,3.47,74583.85
44.67864727973938,3.47,74715.54
44.691312313079834,3.47,74649.66
44.70358419418335,3.47,75139.12
44.7156937122345,3.47,74715.54
44.727962493896484,3.47,74531.27
44.740182399749756,3.47,74715.54
44.7516667842865,3.47,74610.16
44.7638897895813,3.47,74953.39
44.77614688873291,3.47,74702.35
44.78849387168884,3.47,74531.27
44.80068874359131,3.47,74702.35
44.813364028930664,3.46,74426.25
44.82534337043762,3.47,74926.91
44.837424993515015,3.47,74676.0
44.846118211746216,3.47,74676.0
44.858925580978394,3.47,74741.92
44.87149739265442,3.47,74649.66
44.88372588157654,3.47,74966.64
44.89577102661133,3.47,74755.11
44.90816807746887,3.47,74623.32
44.920607566833496,3.47,74636.49
44.93274164199829,3.47,74518.12
44.945313453674316,3.47,74874.0
44.9569935798645,3.47,74649.66
44.96923756599426,3.47,74662.82
44.981192111968994,3.47,74583.85
44.99342465400696,3.47,74531.27
45.00259304046631,3.47,74926.91
45.014628171920776,3.47,74755.11
45.02684569358826,3.47,74741.92
45.03940463066101,3.47,74728.72
45.051597356796265,3.47,74610.16
45.064056158065796,3.47,74979.88
45.076356649398804,3.47,74676.0
45.08846998214722,3.47,74583.85
45.100810527801514,3.47,74728.72
45.113197565078735,3.47,74636.49
45.125239849090576,3.47,74913.67
45.13715147972107,3.47,74768.31
45.149129152297974,3.47,74689.17
45.16122078895569,3.47,74821.11
45.17047905921936,3.47,74570.7
45.182607650756836,3.47,75072.7
45.19511270523071,3.47,74702.35
45.207125425338745,3.47,74728.72
45.21961975097656,3.47,74715.54
45.231642723083496,3.47,74557.56
45.24415898323059,3.47,74900.44
45.256375789642334,3.47,74689.17
45.268754720687866,3.47,74662.82
45.28104209899902,3.47,74689.17
45.2929744720459,3.47,74570.7
45.30502772331238,3.47,74874.0
45.317031383514404,3.47,74636.49
45.326122522354126,3.47,74636.49
45.33823347091675,3.47,74755.11
45.35040807723999,3.47,74544.4
45.36260962486267,3.47,75059.43
45.37485218048096,3.47,74662.82
45.387149810791016,3.47,74636.49
45.39934253692627,3.47,74702.35
45.41165471076965,3.47,74531.27
45.424336671829224,3.47,74755.11
45.43635320663452,3.47,74662.82
45.44847011566162,3.47,74623.32
45.460933685302734,3.47,74702.35
45.472782135009766,3.46,74439.37
45.48491191864014,3.47,74887.21
45.49414277076721,3.47,74689.17
45.50646090507507,3.47,74821.11
45.51829552650452,3.47,74702.35
45.53117108345032,3.47,74689.17
45.54313325881958,3.47,74900.44
45.55542278289795,3.47,74741.92
45.567567110061646,3.47,74821.11
45.579627990722656,3.47,74676.0
45.592344522476196,3.47,74518.12
45.60443091392517,3.47,74900.44
45.616509675979614,3.47,74676.0
45.6285240650177,3.47,74755.11
45.64071536064148,3.47,74676.0
45.652581453323364,3.47,74570.7
45.66188597679138,3.47,74966.64
45.674261808395386,3.47,74583.85
45.686593532562256,3.47,74755.11
45.69855356216431,3.47,74676.0
45.71110701560974,3.47,74570.7
45.72344660758972,3.47,74900.44
45.73567867279053,3.47,74570.7
45.7477765083313,3.47,74676.0
45.75961518287659,3.47,74662.82
45.77138090133667,3.47,74491.85
45.78360295295715,3.47,74662.82
45.79585409164429,3.47,74610.16
45.80799865722656,3.47,74636.49
45.81646180152893,3.47,74676.0
45.82918381690979,3.47,74702.35
45.84156918525696,3.47,74794.7
45.85391640663147,3.47,74755.11
45.8662748336792,3.47,74821.11
45.878862380981445,3.47,74728.72
45.89129447937012,3.47,74518.12
45.90369129180908,3.47,74728.72
45.9157452583313,3.47,74676.0
45.928048610687256,3.47,74689.17
45.94018626213074,3.47,74702.35
45.952311277389526,3.47,74518.12
45.96424674987793,3.47,74755.11
45.97611331939697,3.46,74452.48
45.985487937927246,3.47,74794.7
45.99755501747131,3.47,74847.55
46.01005291938782,3.47,74531.27
46.02235960960388,3.47,75032.91
46.03457808494568,3.46,74478.74
46.04697394371033,3.47,74689.17
46.05921506881714,3.47,74662.82
46.071521282196045,3.46,74465.61
46.08378005027771,3.47,74728.72
46.09612154960632,3.47,74531.27
46.10796523094177,3.47,74676.0
46.12007927894592,3.47,74702.35
46.13198781013489,3.47,74610.16
46.1441388130188,3.47,74728.72
46.15351867675781,3.47,74491.85
46.1654736995697,3.47,74900.44
46.17786121368408,3.47,74768.31
46.190253257751465,3.47,74544.4
46.20255756378174,3.47,74741.92
46.21505165100098,3.46,74478.74
46.22694778442383,3.47,74860.78
46.23941445350647,3.47,74610.16
46.25178146362305,3.47,74504.99
46.26389145851135,3.47,74636.49
46.2759907245636,3.46,74478.74
46.28789567947388,3.47,74781.5
46.299882650375366,3.47,74689.17
46.308820724487305,3.46,74439.37
46.32143592834473,3.47,74755.11
46.333521604537964,3.46,74478.74
46.34599542617798,3.47,74847.55
46.358176469802856,3.47,74662.82
46.370535373687744,3.46,74478.74
46.38258099555969,3.47,74702.35
46.395153760910034,3.46,74439.37
46.4070885181427,3.47,74755.11
46.41963171958923,3.47,74689.17
46.43156933784485,3.46,74413.14
46.4437472820282,3.47,74728.72
46.45579433441162,3.46,74400.02
46.467578649520874,3.47,74781.5
46.477094888687134,3.47,74610.16
46.48919701576233,3.47,74689.17
46.50156855583191,3.47,74676.0
46.513874530792236,3.46,74465.61
46.52618861198425,3.47,74794.7
46.53827500343323,3.47,74649.66
46.55048656463623,3.47,74518.12
46.562347412109375,3.47,74636.49
46.57496905326843,3.46,74439.37
46.58725023269653,3.47,74807.91
46.599416971206665,3.47,74662.82
46.61164355278015,3.47,74531.27
46.62360405921936,3.47,74702.35
46.63563680648804,3.46,74426.25
46.645039558410645,3.47,74834.34
46.65738368034363,3.47,74781.5
46.669379472732544,3.47,74491.85
46.68189024925232,3.47,74755.11
46.694175481796265,3.47,74518.12
46.70635533332825,3.47,74834.34
46.71843481063843,3.47,74728.72
46.73092007637024,3.47,74491.85
46.743326902389526,3.47,74557.56
46.755067110061646,3.47,74518.12
46.76662755012512,3.47,74860.78
46.77877068519592,3.47,74623.32
46.79093790054321,3.47,74491.85
46.799554109573364,3.47,74689.17
46.811774253845215,3.47,74544.4
46.82506203651428,3.47,74874.0
46.83755970001221,3.47,74689.17
46.84968185424805,3.47,74570.7
46.86201238632202,3.47,74610.16
46.874359369277954,3.46,74478.74
46.886608600616455,3.47,74887.21
46.89869713783264,3.47,74676.0
46.910987854003906,3.46,74386.92
46.923115968704224,3.47,74623.32
46.93522787094116,3.46,74334.53
46.94723701477051,3.47,74834.34
46.959287881851196,3.47,74557.56
46.968196630477905,3.47,74583.85
46.98074460029602,3.47,74715.54
46.99315524101257,3.47,74531.27
47.00539779663086,3.47,74874.0
47.017579317092896,3.47,74715.54
47.02984046936035,3.47,74518.12
47.04219436645508,3.47,74610.16
47.05458307266235,3.47,74491.85
47.06663250923157,3.47,74755.11
47.07870078086853,3.47,74649.66
47.09093928337097,3.47,74531.27
47.10304665565491,3.47,74636.49
47.11491107940674,3.47,74518.12
47.124184370040894,3.47,74794.7
47.13639855384827,3.47,74781.5
47.148635149002075,3.47,74676.0
47.16091203689575,3.47,74715.54
47.17333674430847,3.47,74557.56
47.18553113937378,3.47,74953.39
47.19800877571106,3.47,74702.35
47.210045337677,3.46,74465.61
47.22252130508423,3.47,74676.0
47.23458933830261,3.46,74465.61
47.246745586395264,3.47,74887.21
47.25880146026611,3.47,74676.0
47.270874977111816,3.47,74623.32
47.28282332420349,3.47,74689.17
47.292001724243164,3.46,74465.61
47.304391860961914,3.47,74953.39
47.316378116607666,3.47,74649.66
47.328721046447754,3.47,74702.35
47.34110641479492,3.47,74676.0
47.35349082946777,3.47,74504.99
47.365681886672974,3.47,74887.21
47.37824726104736,3.47,74755.11
47.39032483100891,3.47,74610.16
47.40255546569824,3.47,74583.85
47.41431641578674,3.47,74544.4
47.42665719985962,3.47,74860.78
47.438647508621216,3.47,74702.35
47.450544595718384,3.47,74597.0
47.45988178253174,3.47,74662.82
47.47224235534668,3.47,74610.16
47.484517097473145,3.47,74940.14
47.49689340591431,3.47,74597.0
47.50899124145508,3.47,74583.85
47.521130323410034,3.47,74636.49
47.53344464302063,3.47,74544.4
47.54564380645752,3.47,74953.39
47.558425426483154,3.47,74597.0
47.570273637771606,3.46,74465.61
47.58227872848511,3.47,74610.16
47.59447360038757,3.47,74544.4
47.6064133644104,3.47,74834.34
47.615803956985474,3.47,74557.56
47.62804579734802,3.47,74689.17
47.64029264450073,3.47,74715.54
47.65239953994751,3.47,74662.82
47.66485238075256,3.47,74940.14
47.6771399974823,3.47,74623.32
47.68949818611145,3.47,74610.16
47.701587438583374,3.47,74583.85
47.71394205093384,3.46,74478.74
47.726221561431885,3.47,74821.11
47.73832130432129,3.47,74518.12
47.75020980834961,3.47,74610.16
47.761995792388916,3.47,74649.66
47.77392220497131,3.46,74426.25
47.782503843307495,3.47,74807.91
47.79476308822632,3.47,74649.66
47.8071084022522,3.47,74662.82
47.8194043636322,3.47,74597.0
47.83173847198486,3.46,74426.25
47.84442400932312,3.47,74913.67
47.85669732093811,3.47,74597.0
47.86898326873779,3.47,74557.56
47.88143014907837,3.47,74610.16
47.89385008811951,3.46,74452.48
47.90613508224487,3.47,74834.34
47.91787314414978,3.47,74610.16
47.930140256881714,3.46,74465.61
47.93905782699585,3.47,74623.32
47.951417446136475,3.47,74597.0
47.9638876914978,3.47,74913.67
47.975847482681274,3.47,74755.11
47.98845720291138,3.47,74583.85
48.00055956840515,3.47,74636.49
48.01279878616333,3.46,74413.14
48.025224685668945,3.47,74834.34
48.03761601448059,3.47,74623.32
48.04959535598755,3.47,74597.0
48.06185793876648,3.47,74583.85
48.07384252548218,3.46,74452.48
48.085917711257935,3.47,74913.67
48.09777283668518,3.47,74531.27
48.107210636138916,3.47,74557.56
48.11928462982178,3.47,74702.35
48.131723165512085,3.46,74478.74
48.14404582977295,3.47,74953.39
48.15631580352783,3.47,74531.27
48.16833281517029,3.47,74583.85
48.18091058731079,3.47,74623.32
48.1931586265564,3.46,74386.92
48.20549011230469,3.47,74728.72
48.21755027770996,3.47,74544.4
48.22956466674805,3.47,74557.56
48.241780281066895,3.47,74570.7
48.25378489494324,3.46,74386.92
48.26553010940552,3.47,74741.92
48.27504110336304,3.46,74478.74
48.28735876083374,3.47,74689.17
48.29967427253723,3.47,74636.49
48.311795234680176,3.46,74465.61
48.324230432510376,3.47,74715.54
48.33653235435486,3.47,74557.56
48.34899926185608,3.47,74649.66
48.36093878746033,3.47,74583.85
48.373432636260986,3.46,74439.37
48.38536810874939,3.47,74807.91
48.39750695228577,3.47,74649.66
48.4096736907959,3.47,74636.49
48.42155456542969,3.47,74557.56
48.43075466156006,3.46,74413.14
48.44303226470947,3.47,74966.64
48.455323219299316,3.47,74544.4
48.467485189437866,3.47,74755.11
48.47959327697754,3.47,74597.0
48.49215888977051,3.46,74426.25
48.504472494125366,3.47,74821.11
48.51652979850769,3.46,74478.74
48.530531883239746,3.47,74623.32
48.54118275642395,3.47,74583.85
48.55332708358765,3.46,74452.48
48.56541991233826,3.47,74544.4
48.57738423347473,3.47,74491.85
48.5892071723938,3.47,74544.4
48.598732471466064,3.47,74544.4
48.61085629463196,3.47,74597.0
48.623111724853516,3.47,74636.49
48.635220527648926,3.47,74544.4
48.64743137359619,3.47,74689.17
48.65981721878052,3.47,74570.7
48.672319650650024,3.46,74413.14
48.68436241149902,3.47,74583.85
48.696956157684326,3.47,74597.0
48.709057092666626,3.47,74636.49
48.72099161148071,3.47,74597.0
48.732938289642334,3.46,74426.25
48.74512076377869,3.47,74583.85
48.754332065582275,3.46,74308.34
48.766382932662964,3.47,74755.11
48.777814865112305,3.47,74636.49
48.79006886482239,3.46,74452.48
48.80233287811279,3.47,74715.54
48.81468319892883,3.46,74295.27
48.826974868774414,3.47,74662.82
48.839428663253784,3.47,74518.12
48.85189342498779,3.47,74531.27
48.86428499221802,3.47,74570.7
48.87647533416748,3.46,74321.44
48.88883066177368,3.47,74649.66
48.90088248252869,3.47,74544.4
48.912824869155884,3.46,74413.14
48.92211580276489,3.47,74557.56
48.93435263633728,3.47,74623.32
48.946805477142334,3.47,74741.92
48.959216833114624,3.47,74636.49
48.9709849357605,3.46,74439.37
48.98327660560608,3.47,74557.56
48.99545645713806,3.46,74413.14
49.0077600479126,3.47,74728.72
49.02002573013306,3.46,74478.74
49.03223514556885,3.46,74426.25
49.04422736167908,3.47,74544.4
49.056286334991455,3.46,74308.34
49.06828284263611,3.47,74649.66
49.076926708221436,3.46,74465.61
49.08909583091736,3.46,74426.25
49.10176396369934,3.47,74649.66
49.11404871940613,3.46,74360.72
49.12638473510742,3.47,74662.82
49.13895869255066,3.47,74531.27
49.15122318267822,3.46,74400.02
49.16378927230835,3.47,74623.32
49.176233768463135,3.46,74347.63
49.18843412399292,3.47,74755.11
49.20027256011963,3.47,74518.12
49.2124719619751,3.46,74452.48
49.224642276763916,3.47,74557.56
49.23655366897583,3.46,74308.34
49.24579381942749,3.47,74715.54
49.25816011428833,3.47,74570.7
49.270206689834595,3.47,74504.99
49.28256893157959,3.47,74649.66
49.29503059387207,3.46,74256.04
49.30727958679199,3.47,74715.54
49.31941509246826,3.47,74570.7
49.331775426864624,3.47,74504.99
49.343982219696045,3.47,74557.56
49.35630774497986,3.46,74321.44
49.36819577217102,3.47,74728.72
49.3803391456604,3.47,74610.16
49.392343282699585,3.47,74491.85
49.40397644042969,3.47,74610.16
49.41321015357971,3.46,74426.25
49.425644874572754,3.47,74874.0
49.43817138671875,3.47,74623.32
49.45038104057312,3.46,74413.14
49.46275091171265,3.47,74676.0
49.47515058517456,3.46,74334.53
49.48745656013489,3.47,74636.49
49.499990940093994,3.47,74518.12
49.51186561584473,3.46,74386.92
49.524113178253174,3.46,74452.48
49.536049127578735,3.46,74190.72
49.548261880874634,3.47,74702.35
49.56007385253906,3.47,74504.99
49.569281339645386,3.46,74229.9
49.58147478103638,3.47,74583.85
49.593931436538696,3.46,74360.72
49.606184005737305,3.47,74715.54
49.618207693099976,3.46,74478.74
49.630455017089844,3.46,74347.63
49.64292550086975,3.47,74504.99
49.65519452095032,3.46,74138.52
49.6675488948822,3.47,74676.0
49.67957258224487,3.46,74478.74
49.69154143333435,3.46,74386.92
49.70360732078552,3.47,74518.12
49.71574306488037,3.46,74269.11
49.72762203216553,3.47,74662.82
49.73692297935486,3.46,74465.61
49.74925923347473,3.47,74518.12
49.761510133743286,3.47,74728.72
49.7730495929718,3.46,74373.82
49.78530812263489,3.47,74689.17
49.79757261276245,3.47,74491.85
49.809924364089966,3.46,74373.82
49.82214546203613,3.46,74413.14
49.834800720214844,3.46,74400.02
49.84711575508118,3.47,74728.72
49.859211444854736,3.47,74504.99
49.871450901031494,3.46,74321.44
49.88364362716675,3.47,74518.12
49.89258551597595,3.46,74321.44
49.9052472114563,3.47,74807.91
49.917279958724976,3.47,74597.0
49.9298996925354,3.47,74518.12
49.94182300567627,3.47,74518.12
49.954259395599365,3.46,74439.37
49.966792583465576,3.47,74781.5
49.97867393493652,3.47,74504.99
49.99083185195923,3.47,74504.99
50.00370121002197,3.47,74544.4
50.015586614608765,3.46,74373.82
50.0273642539978,3.47,74755.11
50.039637327194214,3.47,74544.4
50.0515501499176,3.47,74597.0
50.060643672943115,3.47,74557.56
50.07312560081482,3.46,74426.25
50.08534598350525,3.47,74794.7
50.09774994850159,3.47,74623.32
50.11001777648926,3.47,74491.85
50.12221598625183,3.47,74570.7
50.13434648513794,3.46,74400.02
50.146857261657715,3.47,74768.31
50.159184217453,3.47,74518.12
50.17127299308777,3.47,74504.99
50.18339681625366,3.47,74518.12
50.19535160064697,3.46,74373.82
50.207396507263184,3.47,74662.82
50.21938896179199,3.47,74491.85
50.22886800765991,3.46,74465.61
50.24082326889038,3.47,74544.4
50.25326657295227,3.47,74491.85
50.26570391654968,3.47,74741.92
50.277944803237915,3.47,74544.4
50.29029965400696,3.46,74439.37
50.302340507507324,3.47,74570.7
50.31472897529602,3.46,74321.44
50.327089071273804,3.47,74741.92
50.339160680770874,3.46,74478.74
50.3509418964386,3.47,74504.99
50.36309266090393,3.47,74557.56
50.37523937225342,3.46,74400.02
50.38419437408447,3.47,74781.5
50.396769523620605,3.47,74570.7
50.40904760360718,3.47,74544.4
50.421225786209106,3.47,74570.7
50.433592319488525,3.46,74321.44
50.445820331573486,3.47,74702.35
50.45817494392395,3.47,74491.85
50.47063446044922,3.47,74491.85
50.48257637023926,3.47,74531.27
50.49487376213074,3.46,74295.27
50.50695323944092,3.47,74610.16
50.518954038619995,3.47,74531.27
50.53088974952698,3.47,74504.99
50.542715549468994,3.46,74478.74
50.55215573310852,3.46,74295.27
50.56456398963928,3.47,74834.34
50.57697939872742,3.47,74544.4
50.58919954299927,3.46,74478.74
50.6011757850647,3.47,74531.27
50.61341166496277,3.46,74308.34
50.62610650062561,3.47,74768.31
50.638317346572876,3.47,74518.12
50.65078854560852,3.47,74531.27
50.66272687911987,3.47,74518.12
50.67478895187378,3.46,74347.63
50.68686509132385,3.47,74715.54
50.69885993003845,3.47,74518.12
50.70802068710327,3.47,74531.27
50.72021436691284,3.47,74583.85
50.73246693611145,3.46,74413.14
50.74485206604004,3.47,74807.91
50.75714349746704,3.46,74478.74
50.769131660461426,3.47,74491.85
50.780701875686646,3.47,74504.99
50.792877435684204,3.46,74321.44
50.80518698692322,3.47,74807.91
50.817548513412476,3.46,74465.61
50.829729080200195,3.47,74531.27
50.842215061187744,3.46,74465.61
50.85449433326721,3.46,74308.34
50.86639070510864,3.47,74689.17
50.87540102005005,3.46,74439.37
50.887855768203735,3.47,74557.56
50.90059995651245,3.47,74531.27
50.91277480125427,3.46,74373.82
50.925126791000366,3.47,74860.78
50.93730044364929,3.47,74491.85
50.94971299171448,3.46,74465.61
50.96179962158203,3.47,74518.12
50.97420644760132,3.46,74373.82
50.98641109466553,3.47,74557.56
50.9984233379364,3.46,74347.63
51.01028394699097,3.46,74347.63
51.02249550819397,3.46,74465.61
51.03428411483765,3.46,74229.9
51.04373264312744,3.47,74623.32
51.05607867240906,3.47,74583.85
51.06820034980774,3.47,74623.32
51.080726623535156,3.47,74544.4
51.09273362159729,3.46,74295.27
51.105265855789185,3.47,74597.0
51.11751866340637,3.46,74426.25
51.129878282547,3.47,74518.12
51.14212346076965,3.46,74452.48
51.15415573120117,3.46,74321.44
51.16624736785889,3.47,74597.0
51.17834281921387,3.46,74269.11
51.19039535522461,3.47,74504.99
51.199496269226074,3.47,74491.85
51.21184945106506,3.47,74504.99
51.22378134727478,3.47,74887.21
51.23626708984375,3.46,74347.63
51.24873065948486,3.46,74439.37
51.26088047027588,3.46,74400.02
51.27314805984497,3.46,74269.11
51.28543567657471,3.46,74439.37
51.29789733886719,3.46,74347.63
51.31011939048767,3.47,74518.12
51.3222222328186,3.46,74386.92
51.33394742012024,3.46,74229.9
51.34605836868286,3.46,74465.61
51.358154296875,3.46,74347.63
51.36759567260742,3.47,74531.27
51.379722118377686,3.47,74518.12
51.39202332496643,3.46,74386.92
51.40400695800781,3.47,74491.85
51.41657066345215,3.47,74491.85
51.42890429496765,3.47,74557.56
51.44108724594116,3.46,74413.14
51.45328736305237,3.46,74308.34
51.46556210517883,3.47,74531.27
51.47787809371948,3.46,74373.82
51.48987674713135,3.47,74544.4
51.50188159942627,3.46,74334.53
51.51390838623047,3.46,74295.27
51.52317023277283,3.47,74583.85
51.53504228591919,3.46,74347.63
51.54770088195801,3.47,74649.66
51.55981492996216,3.47,74491.85
51.57223558425903,3.46,74321.44
51.58411240577698,3.47,74649.66
51.596176624298096,3.46,74203.77
51.60862493515015,3.46,74465.61
51.620702266693115,3.46,74426.25
51.633331298828125,3.46,74308.34
51.6456196308136,3.46,74465.61
51.6577525138855,3.46,74203.77
51.66970181465149,3.47,74518.12
51.681517124176025,3.46,74426.25
51.69059133529663,3.46,74295.27
51.70285940170288,3.47,74518.12
51.7154815196991,3.46,74478.74
51.7278790473938,3.47,74597.0
51.74012589454651,3.46,74426.25
51.75217652320862,3.46,74386.92
51.764429807662964,3.47,74491.85
51.775991439819336,3.46,74373.82
51.788214445114136,3.47,74583.85
51.80042552947998,3.46,74386.92
51.81269288063049,3.46,74256.04
51.82483625411987,3.46,74439.37
51.83744239807129,3.46,74256.04
51.84948658943176,3.47,74557.56
51.85824656486511,3.46,74439.37
51.87032699584961,3.46,74347.63
51.88286089897156,3.47,74518.12
51.89558792114258,3.46,74177.66
51.90800428390503,3.47,74597.0
51.92036437988281,3.47,74504.99
51.93252611160278,3.46,74321.44
51.94490623474121,3.46,74478.74
51.95720458030701,3.46,74295.27
51.969250202178955,3.47,74636.49
51.981186628341675,3.46,74465.61
51.993327140808105,3.46,74229.9
52.00544333457947,3.47,74491.85
52.01444745063782,3.46,74164.61
52.02678728103638,3.47,74689.17
52.03907656669617,3.47,74636.49
52.051199436187744,3.46,74478.74
52.06360197067261,3.47,74504.99
52.07606768608093,3.46,74256.04
52.088181018829346,3.47,74662.82
52.10081362724304,3.47,74491.85
52.11228609085083,3.46,74360.72
52.124762296676636,3.47,74491.85
52.13691735267639,3.46,74216.82
52.149266719818115,3.47,74689.17
52.161144971847534,3.46,74360.72
52.17323398590088,3.46,74334.53
52.18234133720398,3.46,74478.74
52.19473218917847,3.46,74373.82
52.20711612701416,3.47,74755.11
52.2190728187561,3.47,74557.56
52.231391191482544,3.46,74386.92
52.24385404586792,3.47,74531.27
52.25624918937683,3.46,74360.72
52.26829719543457,3.47,74583.85
52.28086757659912,3.47,74504.99
52.292937994003296,3.46,74256.04
52.304954528808594,3.46,74465.61
52.31717872619629,3.46,74321.44
52.32909321784973,3.47,74728.72
52.34079551696777,3.47,74504.99
52.35049247741699,3.46,74308.34
52.36254572868347,3.47,74583.85
52.37489104270935,3.46,74360.72
52.38712930679321,3.47,74662.82
52.399573802948,3.47,74491.85
52.41153383255005,3.46,74347.63
52.42408013343811,3.47,74491.85
52.43624687194824,3.46,74373.82
52.44873404502869,3.47,74676.0
52.460901975631714,3.47,74491.85
52.4727246761322,3.46,74439.37
52.48470950126648,3.47,74531.27
52.49697208404541,3.46,74282.2
52.50603747367859,3.47,74715.54
52.51831912994385,3.47,74491.85
52.530600786209106,3.46,74373.82
52.542611837387085,3.47,74636.49
52.555124282836914,3.46,74321.44
52.56744050979614,3.47,74689.17
52.579888582229614,3.46,74439.37
52.59213638305664,3.46,74373.82
52.60425114631653,3.46,74413.14
52.61660838127136,3.46,74308.34
52.62864637374878,3.47,74636.49
52.64067625999451,3.46,74400.02
52.65251278877258,3.46,74308.34
52.66471815109253,3.47,74504.99
52.67367148399353,3.46,74295.27
52.68585181236267,3.47,74702.35
52.698591470718384,3.46,74465.61
52.710782527923584,3.46,74321.44
52.72284936904907,3.46,74478.74
52.73520541191101,3.46,74203.77
52.74770426750183,3.47,74728.72
52.76000761985779,3.46,74478.74
52.77231168746948,3.46,74334.53
52.78414297103882,3.47,74518.12
52.795636892318726,3.46,74347.63
52.807793617248535,3.47,74649.66
52.820040702819824,3.46,74426.25
52.83223843574524,3.46,74465.61
52.84083914756775,3.46,74452.48
52.85401916503906,3.46,74360.72
52.866495847702026,3.47,74755.11
52.87877941131592,3.47,74583.85
52.89115500450134,3.46,74465.61
52.90321636199951,3.46,74478.74
52.91563153266907,3.46,74360.72
52.92804217338562,3.47,74662.82
52.940337896347046,3.46,74426.25
52.95200967788696,3.46,74439.37
52.96432328224182,3.47,74518.12
52.976353883743286,3.46,74295.27
52.988489866256714,3.47,74676.0
52.99755573272705,3.46,74373.82
53.00984334945679,3.47,74544.4
53.02195429801941,3.47,74518.12
53.03433036804199,3.46,74386.92
53.04663443565369,3.47,74768.31
53.05889439582825,3.46,74465.61
53.07121801376343,3.46,74347.63
53.08363056182861,3.46,74452.48
53.09555387496948,3.46,74347.63
53.10799598693848,3.47,74715.54
53.12003016471863,3.46,74439.37
53.132224798202515,3.46,74452.48
53.144330739974976,3.46,74439.37
53.15613770484924,3.46,74413.14
53.165358781814575,3.47,74689.17
53.17774152755737,3.47,74518.12
53.19014310836792,3.46,74478.74
53.20213508605957,3.46,74478.74
53.21465563774109,3.46,74308.34
53.226821184158325,3.47,74689.17
53.23914694786072,3.46,74426.25
53.251587867736816,3.46,74439.37
53.26383376121521,3.47,74544.4
53.27565956115723,3.46,74229.9
53.28794503211975,3.47,74702.35
53.29993391036987,3.46,74386.92
53.31208658218384,3.46,74400.02
53.32100296020508,3.46,74373.82
53.333454608917236,3.46,74321.44
53.34561467170715,3.47,74741.92
53.35786724090576,3.46,74373.82
53.37015199661255,3.46,74413.14
53.38253617286682,3.46,74426.25
53.39484691619873,3.46,74229.9
53.406965017318726,3.47,74702.35
53.419185161590576,3.46,74439.37
53.43176078796387,3.46,74269.11
53.44375729560852,3.46,74386.92
53.45564675331116,3.46,74295.27
53.46797752380371,3.47,74570.7
53.47997760772705,3.46,74413.14
53.48906087875366,3.46,74400.02
53.50137734413147,3.47,74544.4
53.51363658905029,3.46,74334.53
53.52565240859985,3.47,74662.82
53.53805708885193,3.47,74504.99
53.55039310455322,3.46,74360.72
53.562801361083984,3.46,74465.61
53.5751736164093,3.46,74229.9
53.58724403381348,3.47,74636.49
53.59950613975525,3.46,74308.34
53.61150407791138,3.46,74334.53
53.62333059310913,3.46,74400.02
53.635220766067505,3.46,74216.82
53.64437985420227,3.47,74583.85
53.65627908706665,3.46,74413.14
53.66917610168457,3.46,74308.34
53.681443214416504,3.46,74400.02
53.693196058273315,3.46,74256.04
53.705610036849976,3.47,74636.49
53.7182343006134,3.46,74269.11
53.72984552383423,3.46,74386.92
53.74199438095093,3.46,74321.44
53.75423526763916,3.46,74203.77
53.7664430141449,3.46,74413.14
53.77870154380798,3.46,74321.44
53.79083609580994,3.46,74347.63
53.80292582511902,3.46,74269.11
53.811548471450806,3.46,74190.72
53.82392191886902,3.47,74491.85
53.83613300323486,3.46,74360.72
53.84837532043457,3.46,74413.14
53.8607714176178,3.46,74400.02
53.87301063537598,3.46,74190.72
53.8852276802063,3.46,74400.02
53.89751625061035,3.46,74334.53
53.90986514091492,3.46,74413.14
53.92210102081299,3.46,74229.9
53.93422079086304,3.46,74190.72
53.946462631225586,3.46,74478.74
53.958655834198,3.46,74190.72
53.97079062461853,3.46,74295.27
53.97951316833496,3.46,74360.72
53.99182486534119,3.46,74321.44
54.004350662231445,3.47,74741.92
54.01668739318848,3.46,74256.04
54.02874970436096,3.46,74400.02
54.04098606109619,3.46,74308.34
54.05335736274719,3.46,74282.2
54.06560158729553,3.46,74386.92
54.07784342765808,3.46,74216.82
54.08999991416931,3.46,74373.82
54.10214829444885,3.46,74321.44
54.11430478096008,3.46,74269.11
54.12654972076416,3.46,74347.63
54.13509654998779,3.46,74360.72
54.14743232727051,3.47,74531.27
54.1598858833313,3.46,74400.02
54.171977519989014,3.46,74164.61
54.18427753448486,3.46,74439.37
54.19651770591736,3.46,74295.27
54.20884442329407,3.47,74491.85
54.22114372253418,3.46,74334.53
54.233375549316406,3.46,74138.52
54.245675563812256,3.46,74439.37
54.25784420967102,3.46,74099.4
54.27001357078552,3.47,74544.4
54.28223466873169,3.46,74426.25
54.29437971115112,3.46,74177.66
54.30335187911987,3.46,74439.37
54.31529235839844,3.46,74177.66
54.32758331298828,3.47,74623.32
54.33984351158142,3.46,74386.92
54.3521831035614,3.46,74203.77
54.364420652389526,3.47,74518.12
54.37667465209961,3.46,74125.46
54.388960123062134,3.46,74439.37
54.40125584602356,3.46,74386.92
54.41347360610962,3.46,74164.61
54.425705432891846,3.46,74413.14
54.43793487548828,3.46,74086.36
54.4500834941864,3.47,74531.27
54.45864176750183,3.46,74373.82
54.47093367576599,3.46,74216.82
54.48322367668152,3.46,74386.92
54.4954617023468,3.46,74295.27
54.50774621963501,3.47,74623.32
54.520108461380005,3.46,74413.14
54.53235650062561,3.46,74242.96
54.54470229148865,3.46,74373.82
54.55689239501953,3.46,74203.77
54.569169998168945,3.47,74544.4
54.581377267837524,3.46,74439.37
54.59355902671814,3.46,74203.77
54.60576868057251,3.46,74360.72
54.61796307563782,3.46,74203.77
54.62652921676636,3.46,74465.61
54.63880777359009,3.47,74491.85
54.65108585357666,3.46,74256.04
54.66343116760254,3.46,74373.82
54.67592263221741,3.46,74190.72
54.68925952911377,3.47,74557.56
54.70057153701782,3.46,74413.14
54.71274948120117,3.46,74203.77
54.724976778030396,3.46,74360.72
54.737133741378784,3.46,74138.52
54.74929332733154,3.46,74426.25
54.76154160499573,3.46,74360.72
54.77366089820862,3.46,74060.3
54.78583860397339,3.46,74386.92
54.794586181640625,3.46,74034.26
54.80696773529053,3.47,74583.85
54.8190598487854,3.46,74426.25
54.83157444000244,3.46,74308.34
54.84372591972351,3.46,74347.63
54.85586881637573,3.46,74086.36
54.86817908287048,3.47,74504.99
54.880467653274536,3.46,74269.11
54.89272451400757,3.46,74229.9
54.90490365028381,3.46,74321.44
54.917120695114136,3.46,74190.72
54.92930364608765,3.47,74531.27
54.94155836105347,3.46,74203.77
54.95005464553833,3.46,74242.96
54.9623498916626,3.46,74478.74
54.97474384307861,3.46,74203.77
54.98707461357117,3.47,74518.12
54.99933695793152,3.46,74334.53
55.01157903671265,3.46,74125.46
55.02390098571777,3.46,74321.44
55.03618001937866,3.46,74086.36
55.04845452308655,3.47,74518.12
55.06068801879883,3.46,74321.44
55.072845220565796,3.46,74190.72
55.08511137962341,3.46,74308.34
55.09725618362427,3.46,74086.36
55.109459400177,3.47,74544.4
55.11801195144653,3.46,74282.2
55.13032245635986,3.46,74151.55
55.14260768890381,3.46,74413.14
55.15488028526306,3.46,74256.04
55.167158365249634,3.47,74570.7
55.17939352989197,3.46,74321.44
55.191755533218384,3.46,74334.53
55.204038858413696,3.46,74321.44
55.21630883216858,3.46,74190.72
55.228622913360596,3.47,74570.7
55.24070954322815,3.46,74439.37
55.25292897224426,3.46,74282.2
55.26522493362427,3.46,74334.53
55.27377462387085,3.46,74151.55
55.28617286682129,3.47,74636.49
55.298373222351074,3.46,74478.74
55.31064772605896,3.46,74334.53
55.32295799255371,3.46,74386.92
55.33523917198181,3.46,74190.72
55.34748435020447,3.46,74439.37
55.35972762107849,3.46,74334.53
55.37198543548584,3.46,74216.82
55.3842658996582,3.46,74373.82
55.39645290374756,3.46,74229.9
55.4086389541626,3.47,74504.99
55.420838356018066,3.46,74360.72
55.433037757873535,3.46,74321.44
55.441569805145264,3.46,74360.72
55.453879594802856,3.46,74282.2
55.46613001823425,3.47,74649.66
55.478426933288574,3.46,74426.25
55.490737438201904,3.46,74256.04
55.50298857688904,3.46,74373.82
55.51541590690613,3.46,74151.55
55.52787899971008,3.47,74570.7
55.54043412208557,3.46,74400.02
55.55224251747131,3.46,74347.63
55.564311265945435,3.46,74386.92
55.576576471328735,3.46,74177.66
55.58876442909241,3.47,74610.16
55.5972945690155,3.46,74347.63
55.60973048210144,3.46,74452.48
55.62187886238098,3.47,74504.99
55.6341233253479,3.46,74242.96
55.646445512771606,3.47,74583.85
55.65878224372864,3.46,74360.72
55.671058654785156,3.46,74347.63
55.68326711654663,3.46,74400.02
55.69555926322937,3.46,74229.9
55.707828998565674,3.47,74583.85
55.720016956329346,3.46,74386.92
55.73222589492798,3.46,74256.04
55.744473695755005,3.46,74347.63
55.75660490989685,3.46,74190.72
55.76511764526367,3.47,74544.4
55.77745771408081,3.46,74413.14
55.789748668670654,3.46,74360.72
55.80206513404846,3.46,74373.82
55.814284324645996,3.46,74190.72
55.82654595375061,3.47,74649.66
55.838855504989624,3.46,74347.63
55.85128688812256,3.46,74347.63
55.863882303237915,3.46,74295.27
55.87582182884216,3.46,74177.66
55.888017654418945,3.47,74531.27
55.90017223358154,3.46,74334.53
55.91231179237366,3.46,74308.34
55.92448687553406,3.46,74373.82
55.93313145637512,3.46,74229.9
55.94540739059448,3.47,74662.82
55.95769453048706,3.46,74400.02
55.96996784210205,3.46,74413.14
55.98231792449951,3.46,74360.72
55.99453377723694,3.46,74216.82
56.00680732727051,3.47,74689.17
56.019078969955444,3.46,74282.2
56.03141403198242,3.46,74308.34
56.04359459877014,3.46,74347.63
56.055784463882446,3.46,74190.72
56.06797552108765,3.47,74491.85
56.08019709587097,3.46,74269.11
56.08880352973938,3.46,74308.34
56.10112261772156,3.46,74400.02
56.11339068412781,3.46,74321.44
56.12564396858215,3.47,74518.12
56.138038873672485,3.46,74321.44
56.150224924087524,3.46,74373.82
56.16248607635498,3.46,74295.27
56.1747670173645,3.46,74242.96
56.18703746795654,3.47,74544.4
56.19931936264038,3.46,74347.63
56.2115113735199,3.46,74386.92
56.22369384765625,3.46,74360.72
56.235864877700806,3.46,74203.77
56.24802780151367,3.47,74623.32
56.256654500961304,3.46,74426.25
56.2689642906189,3.46,74439.37
56.28122878074646,3.46,74413.14
56.29353737831116,3.46,74164.61
56.30583930015564,3.47,74531.27
56.318124294281006,3.46,74308.34
56.330352783203125,3.46,74282.2
56.34268498420715,3.46,74308.34
56.35493040084839,3.46,74138.52
56.36716032028198,3.47,74610.16
56.37935423851013,3.46,74295.27
56.391952991485596,3.46,74334.53
56.4038143157959,3.46,74334.53
56.41241502761841,3.46,74242.96
56.4248833656311,3.47,74702.35
56.437199115753174,3.46,74400.02
56.44945955276489,3.46,74439.37
56.46219277381897,3.46,74295.27
56.47466444969177,3.46,74229.9
56.48687195777893,3.46,74400.02
56.499489068984985,3.46,74282.2
56.511828899383545,3.46,74452.48
56.5237398147583,3.46,74360.72
56.5359890460968,3.46,74151.55
56.54810190200806,3.46,74426.25
56.56013202667236,3.46,74321.44
56.5719096660614,3.46,74413.14
56.58141279220581,3.46,74308.34
56.59367036819458,3.46,74308.34
56.60564613342285,3.46,74465.61
56.61834359169006,3.46,74439.37
56.63023519515991,3.46,74413.14
56.642332553863525,3.46,74229.9
56.65473937988281,3.46,74151.55
56.66707158088684,3.46,74413.14
56.67965602874756,3.46,74112.43
56.691797971725464,3.46,74386.92
56.703688859939575,3.46,74334.53
56.71584630012512,3.46,74203.77
56.728020906448364,3.47,74504.99
56.737051010131836,3.46,74151.55
56.74934959411621,3.46,74426.25
56.761707067489624,3.46,74373.82
56.774004220962524,3.46,74282.2
56.78610277175903,3.46,74373.82
56.798139333724976,3.46,74190.72
56.809685945510864,3.46,74321.44
56.82194757461548,3.46,74295.27
56.8342182636261,3.46,74021.25
56.84656047821045,3.46,74321.44
56.85872530937195,3.46,74073.34
56.87162160873413,3.46,74400.02
56.883644819259644,3.46,74400.02
56.89581036567688,3.46,74086.36
56.90470314025879,3.46,74269.11
56.917237997055054,3.46,74373.82
56.92941904067993,3.47,74518.12
56.94183015823364,3.46,74426.25
56.95371747016907,3.46,74138.52
56.96634221076965,3.46,74308.34
56.9785532951355,3.46,74086.36
56.99091577529907,3.46,74373.82
57.00305509567261,3.46,74360.72
57.01537203788757,3.46,74099.4
57.02747893333435,3.46,74386.92
57.03942656517029,3.46,74047.29
57.05165934562683,3.46,74413.14
57.06354784965515,3.46,74282.2
57.07257556915283,3.46,74099.4
57.08511209487915,3.47,74583.85
57.09742522239685,3.46,74125.46
57.109819650650024,3.46,74452.48
57.122053146362305,3.46,74347.63
57.134167432785034,3.46,74190.72
57.14652609825134,3.46,74373.82
57.158862829208374,3.46,74112.43
57.170937061309814,3.47,74531.27
57.18313813209534,3.46,74360.72
57.19527554512024,3.46,74125.46
57.2074658870697,3.46,74386.92
57.21942710876465,3.46,74138.52
57.22860550880432,3.47,74491.85
57.24083471298218,3.46,74439.37
57.25278067588806,3.46,74177.66
57.26541352272034,3.46,74321.44
57.27736735343933,3.46,74229.9
57.28948426246643,3.46,74426.25
57.30189871788025,3.46,74334.53
57.31395673751831,3.46,74190.72
57.32629346847534,3.46,74334.53
57.338565826416016,3.46,74125.46
57.350637912750244,3.46,74452.48
57.36269807815552,3.46,74308.34
57.37483024597168,3.46,74190.72
57.386828899383545,3.46,74295.27
57.39546847343445,3.46,74047.29
57.407601833343506,3.47,74597.0
57.41990041732788,3.46,74360.72
57.432133436203,3.46,74099.4
57.44443321228027,3.46,74295.27
57.45674657821655,3.46,74047.29
57.468993186950684,3.46,74413.14
57.48129415512085,3.46,74256.04
57.493632078170776,3.46,74138.52
57.50582766532898,3.46,74229.9
57.517996311187744,3.46,73969.21
57.53021740913391,3.46,74413.14
57.54241871833801,3.46,74229.9
57.55090308189392,3.46,74073.34
57.563233852386475,3.46,74347.63
57.57551383972168,3.46,74151.55
57.58782887458801,3.47,74518.12
57.600154638290405,3.46,74426.25
57.6123366355896,3.46,74190.72
57.62469172477722,3.46,74151.55
57.636897802352905,3.46,74034.26
57.649210929870605,3.46,74478.74
57.661505460739136,3.46,74269.11
57.67375731468201,3.46,74112.43
57.685950756073,3.46,74360.72
57.698118686676025,3.46,74086.36
57.71028423309326,3.46,74426.25
57.718814849853516,3.46,74256.04
57.731117486953735,3.46,74203.77
57.74338388442993,3.46,74413.14
57.755855083465576,3.46,74203.77
57.76801776885986,3.47,74491.85
57.780336141586304,3.46,74282.2
57.792667627334595,3.46,74099.4
57.80495595932007,3.46,74308.34
57.81717038154602,3.46,74099.4
57.82940411567688,3.46,74334.53
57.841559648513794,3.46,74242.96
57.8537392616272,3.46,74086.36
57.86597681045532,3.46,74269.11
57.878137826919556,3.46,74047.29
57.88677144050598,3.47,74491.85
57.89909267425537,3.46,74360.72
57.91140007972717,3.46,74295.27
57.92370963096619,3.46,74334.53
57.93591904640198,3.46,74086.36
57.948209047317505,3.47,74518.12
57.96045970916748,3.46,74203.77
57.9728000164032,3.46,74216.82
57.98512530326843,3.46,74256.04
57.99734139442444,3.46,74138.52
58.00957798957825,3.46,74439.37
58.021724462509155,3.46,74360.72
58.033891916275024,3.46,74164.61
58.04240608215332,3.46,74269.11
58.05466651916504,3.46,74177.66
58.06699585914612,3.47,74597.0
58.07928514480591,3.46,74308.34
58.091636419296265,3.46,74190.72
58.10393142700195,3.46,74308.34
58.11619257926941,3.46,74047.29
58.12843918800354,3.46,74413.14
58.14071226119995,3.46,74229.9
58.15300130844116,3.46,74086.36
58.16521716117859,3.46,74282.2
58.17738604545593,3.46,74073.34
58.18958401679993,3.47,74544.4
58.20175099372864,3.46,74269.11
58.210350036621094,3.46,74073.34
58.22266912460327,3.46,74269.11
58.234880447387695,3.46,74216.82
58.24718761444092,3.47,74504.99
58.25945687294006,3.46,74321.44
58.271750926971436,3.46,74282.2
58.28404784202576,3.46,74308.34
58.29631733894348,3.46,74177.66
58.308629512786865,3.47,74491.85
58.3208384513855,3.46,74151.55
58.33329916000366,3.46,74282.2
58.345524311065674,3.46,74256.04
58.35778069496155,3.46,74151.55
58.36622953414917,3.46,74478.74
58.37869358062744,3.46,74373.82
58.391061544418335,3.46,74360.72
58.40358638763428,3.46,74465.61
58.41605854034424,3.46,74164.61
58.42857050895691,3.47,74518.12
58.44073843955994,3.46,74282.2
58.453046560287476,3.46,74269.11
58.46544361114502,3.46,74269.11
58.47770023345947,3.46,74047.29
58.489553928375244,3.46,74413.14
58.50181269645691,3.46,74229.9
58.51379704475403,3.46,74190.72
58.52591276168823,3.46,74216.82
58.535167932510376,3.46,74138.52
58.547367334365845,3.47,74597.0
58.55971169471741,3.46,74308.34
58.57168412208557,3.46,74229.9
58.584181785583496,3.46,74256.04
58.59660339355469,3.46,74021.25
58.60888695716858,3.46,74452.48
58.6211895942688,3.46,74203.77
58.6333544254303,3.46,74269.11
58.64561176300049,3.46,74177.66
58.65754675865173,3.46,74138.52
58.669387102127075,3.47,74544.4
58.68163847923279,3.46,74269.11
58.69363307952881,3.46,74256.04
58.70270133018494,3.46,74282.2
58.71479773521423,3.46,74151.55
58.72765254974365,3.47,74623.32
58.739537477493286,3.46,74216.82
58.752153635025024,3.46,74242.96
58.764424085617065,3.46,74321.44
58.77679228782654,3.46,74086.36
58.78885531425476,3.46,74386.92
58.80099558830261,3.46,74216.82
58.81244730949402,3.46,74099.4
58.8245906829834,3.46,74229.9
58.8367862701416,3.46,74086.36
58.84905815124512,3.46,74413.14
58.85758900642395,3.46,74190.72
58.87018346786499,3.46,74282.2
58.88252067565918,3.46,74282.2
58.89496469497681,3.46,74321.44
58.90756106376648,3.46,74465.61
58.91981029510498,3.46,74256.04
58.9322726726532,3.46,74269.11
58.9447295665741,3.46,74360.72
58.95686101913452,3.46,74216.82
58.969350814819336,3.47,74491.85
58.98107695579529,3.46,74151.55
58.993292808532715,3.46,74203.77
59.00507664680481,3.46,74229.9
59.01714611053467,3.46,74138.52
59.026557207107544,3.47,74491.85
59.03865718841553,3.46,74321.44
59.051026344299316,3.46,74334.53
59.06346011161804,3.46,74334.53
59.0756459236145,3.46,74086.36
59.08818244934082,3.46,74347.63
59.10001730918884,3.46,74151.55
59.11245799064636,3.46,74269.11
59.124754428863525,3.46,74282.2
59.13701891899109,3.46,74073.34
59.14900803565979,3.47,74544.4
59.16099190711975,3.46,74190.72
59.17301058769226,3.46,74321.44
59.18191409111023,3.46,74242.96
59.1942036151886,3.46,74242.96
59.206406354904175,3.46,74321.44
59.21865153312683,3.46,74216.82
59.2313187122345,3.46,74295.27
59.24256682395935,3.46,74112.43
59.254857778549194,3.46,74047.29
59.26714754104614,3.46,74295.27
59.279428482055664,3.46,74216.82
59.291990995407104,3.46,74256.04
59.3041615486145,3.46,74216.82
59.31668162345886,3.46,74060.3
59.32902407646179,3.46,74360.72
59.340686082839966,3.46,74177.66
59.350199699401855,3.46,74242.96
59.362140417099,3.46,74308.34
59.37463712692261,3.46,74086.36
59.38698983192444,3.46,74452.48
59.39946937561035,3.46,74034.26
59.411423206329346,3.46,74164.61
59.423765897750854,3.46,74177.66
59.43617248535156,3.46,74021.25
59.44843888282776,3.46,74400.02
59.46042799949646,3.46,74021.25
59.47257328033447,3.46,74216.82
59.4847936630249,3.46,74112.43
59.496777057647705,3.46,73982.22
59.508750915527344,3.46,74426.25
59.51815700531006,3.46,74125.46
59.530216693878174,3.46,74334.53
59.542561292648315,3.46,74256.04
59.55512094497681,3.46,74060.3
59.56720161437988,3.46,74269.11
59.579524993896484,3.46,74112.43
59.59145784378052,3.46,74321.44
59.603575706481934,3.46,74177.66
59.61587333679199,3.46,74086.36
59.62802290916443,3.46,74112.43
59.640103816986084,3.46,74177.66
59.6518976688385,3.46,74229.9
59.66419959068298,3.46,74177.66
59.672773599624634,3.46,73982.22
59.68511199951172,3.46,74373.82
59.697514295578,3.46,74242.96
59.709946393966675,3.46,74400.02
59.72253084182739,3.46,74347.63
59.735044956207275,3.46,74008.24
59.747360706329346,3.46,74164.61
59.759655237197876,3.46,73865.29
59.77173590660095,3.46,74242.96
59.78424286842346,3.46,74164.61
59.79616451263428,3.46,74034.26
59.80796456336975,3.46,74308.34
59.81975317001343,3.46,73917.22
59.83190369606018,3.46,74321.44
59.84052062034607,3.46,74073.34
59.852856159210205,3.46,74073.34
59.86516761779785,3.46,74138.52
59.877381801605225,3.46,73969.21
59.889768838882446,3.46,74282.2
59.90248131752014,3.46,74151.55
59.91505813598633,3.46,74060.3
59.927571535110474,3.46,74151.55
59.93964457511902,3.46,73943.21
59.9517982006073,3.46,74308.34
59.963996171951294,3.46,74138.52
59.97595810890198,3.46,73917.22
59.98805546760559,3.46,74138.52
59.9973886013031,3.46,73930.21
60.009493589401245,3.46,74439.37
60.0219247341156,3.46,74334.53
60.03403043746948,3.46,74008.24
60.04649877548218,3.46,74203.77
60.05862784385681,3.46,73969.21
60.070738077163696,3.46,74242.96
60.08318567276001,3.46,74047.29
60.095682859420776,3.46,74008.24
60.107754707336426,3.46,74138.52
60.11998271942139,3.46,73956.21
60.131977558135986,3.46,74242.96
60.14399862289429,3.46,74151.55
60.15603065490723,3.46,73969.21
60.16519069671631,3.46,74190.72
60.17754530906677,3.46,74034.26
60.18958139419556,3.46,74308.34
60.20198392868042,3.46,74164.61
60.21428656578064,3.46,74060.3
60.22662043571472,3.46,74203.77
60.238019943237305,3.46,73982.22
60.25062417984009,3.46,74203.77
60.263184547424316,3.46,74112.43
60.27571702003479,3.46,74034.26
60.28781080245972,3.46,74190.72
60.29975867271423,3.46,73852.31
60.31188988685608,3.46,74334.53
60.32373762130737,3.46,74112.43
60.332993030548096,3.46,73982.22
60.3454794883728,3.46,74229.9
60.35763359069824,3.46,73943.21
60.37009882926941,3.46,74282.2
60.38219499588013,3.46,74190.72
60.394591331481934,3.46,73995.22
60.406598806381226,3.46,74060.3
60.41918158531189,3.46,73982.22
60.431281089782715,3.46,74334.53
60.44358968734741,3.46,74099.4
60.45547389984131,3.46,73930.21
60.46766662597656,3.46,74047.29
60.47958493232727,3.46,73995.22
60.489036560058594,3.46,74282.2
60.50091862678528,3.46,74216.82
60.513309955596924,3.46,74034.26
60.52551078796387,3.46,74308.34
60.53798484802246,3.46,73917.22
60.55015850067139,3.46,74256.04
60.562249183654785,3.46,74086.36
60.574650287628174,3.46,73956.21
60.58702301979065,3.46,74099.4
60.59952259063721,3.46,73826.36
60.61152362823486,3.46,74282.2
60.62333869934082,3.46,74047.29
60.63556098937988,3.46,73956.21
60.64745855331421,3.46,74125.46
60.65645432472229,3.46,73943.21
60.66897797584534,3.46,74426.25
60.68107628822327,3.46,74229.9
60.69314455986023,3.46,74034.26
60.70572543144226,3.46,74151.55
60.718109130859375,3.46,73917.22
60.730467796325684,3.46,74282.2
60.74261403083801,3.46,74125.46
60.755130767822266,3.46,74021.25
60.7672336101532,3.46,74073.34
60.77916955947876,3.46,73969.21
60.791194677352905,3.46,74269.11
60.803003787994385,3.46,74177.66
60.814879179000854,3.46,73982.22
60.823522329330444,3.46,74008.24
60.835753440856934,3.46,74008.24
60.8481011390686,3.46,74347.63
60.86038064956665,3.46,74112.43
60.872756242752075,3.46,73969.21
60.88540577888489,3.46,74125.46
60.897869348526,3.46,73917.22
60.910009145736694,3.46,74308.34
60.922282457351685,3.46,74125.46
60.93493628501892,3.46,74047.29
60.94715881347656,3.46,74125.46
60.959110498428345,3.46,73943.21
60.9710693359375,3.46,74295.27
60.98043251037598,3.46,74073.34
60.992443323135376,3.46,74034.26
61.004799365997314,3.46,74177.66
61.017189502716064,3.46,73982.22
61.02966928482056,3.46,74334.53
61.04163408279419,3.46,74073.34
61.05395293235779,3.46,74112.43
61.06635785102844,3.46,74112.43
61.07858729362488,3.46,73995.22
61.090712785720825,3.46,74282.2
61.1029851436615,3.46,74151.55
61.11480379104614,3.46,74086.36
61.12698769569397,3.46,74034.26
61.13876223564148,3.46,73956.21
61.14817786216736,3.46,74334.53
61.16060209274292,3.46,74164.61
61.17273569107056,3.46,74151.55
61.18513464927673,3.46,74229.9
61.197338581085205,3.46,73956.21
61.209654569625854,3.46,74400.02
61.22204613685608,3.46,74138.52
61.234333992004395,3.46,73982.22
61.246378898620605,3.46,74190.72
61.258636713027954,3.46,73995.22
61.27083492279053,3.46,74347.63
61.28280258178711,3.46,74177.66
61.29459857940674,3.46,74034.26
61.306735038757324,3.46,74203.77
61.31598711013794,3.46,73982.22
61.32835245132446,3.46,74439.37
61.34039497375488,3.46,74138.52
61.35307598114014,3.46,74151.55
61.36523938179016,3.46,74177.66
61.37741994857788,3.46,74125.46
61.389652252197266,3.46,74386.92
61.402106046676636,3.46,74190.72
61.41457939147949,3.46,74151.55
61.42639946937561,3.46,74164.61
61.43861150741577,3.46,73995.22
61.450727462768555,3.46,74426.25
61.46271800994873,3.46,74112.43
61.471946477890015,3.46,74125.46
61.48407030105591,3.46,74308.34
61.49638628959656,3.46,74021.25
61.508573055267334,3.46,74413.14
61.52095913887024,3.46,74099.4
61.53320264816284,3.46,74125.46
61.54562854766846,3.46,74125.46
61.557717084884644,3.46,74021.25
61.569983959198,3.46,74400.02
61.58235216140747,3.46,74177.66
61.59439420700073,3.46,74151.55
61.606196641922,3.46,74112.43
61.61821961402893,3.46,73943.21
61.63054299354553,3.46,74426.25
61.63956308364868,3.46,74151.55
61.65198493003845,3.46,74203.77
61.66395449638367,3.46,74216.82
61.6762375831604,3.46,74151.55
61.68875598907471,3.46,74413.14
61.70114612579346,3.46,74216.82
61.71340775489807,3.46,74151.55
61.72573494911194,3.46,74164.61
61.73781609535217,3.46,73995.22
61.75016665458679,3.46,74465.61
61.762221574783325,3.46,74099.4
61.77416515350342,3.46,74164.61
61.786057233810425,3.46,74138.52
61.79818248748779,3.46,73995.22
61.80736255645752,3.46,74347.63
61.81885623931885,3.46,74256.04
61.831077575683594,3.46,74203.77
61.84330868721008,3.46,74086.36
61.85566592216492,3.46,73956.21
61.86794376373291,3.46,74426.25
61.881157636642456,3.46,74060.3
61.89355254173279,3.46,74073.34
61.90620756149292,3.46,74125.46
61.918015480041504,3.46,73956.21
61.929962158203125,3.46,74321.44
61.942020654678345,3.46,74086.36
61.95407485961914,3.46,73982.22
61.96330380439758,3.46,74112.43
61.97533583641052,3.46,74112.43
61.98752737045288,3.46,74295.27
62.00016808509827,3.46,74190.72
62.01238965988159,3.46,74138.52
62.02457046508789,3.46,74086.36
62.03701329231262,3.46,73891.25
62.049139976501465,3.46,74229.9
62.06149506568909,3.46,74112.43
62.07350397109985,3.46,74177.66
62.08596086502075,3.46,74099.4
62.09766125679016,3.46,73982.22
62.109888553619385,3.46,74334.53
62.121920585632324,3.46,74086.36
62.13127112388611,3.46,74216.82
62.143351554870605,3.46,74295.27
62.15610313415527,3.46,73969.21
62.16800332069397,3.46,74360.72
62.18027091026306,3.46,74216.82
62.19248843193054,3.46,74138.52
62.20490336418152,3.46,74125.46
62.216880321502686,3.46,73956.21
62.22935104370117,3.46,74386.92
62.24132442474365,3.46,74060.3
62.253719329833984,3.46,74099.4
62.26573610305786,3.46,74151.55
62.277684926986694,3.46,73917.22
62.28675413131714,3.46,74373.82
62.29903817176819,3.46,74112.43
62.311487913131714,3.46,74295.27
62.32349348068237,3.46,74203.77
62.33633995056152,3.46,73995.22
62.34766674041748,3.46,74125.46
62.35994577407837,3.46,73995.22
62.372790813446045,3.46,74216.82
62.385119915008545,3.46,74125.46
62.397157430648804,3.46,73969.21
62.40944314002991,3.46,74112.43
62.42151761054993,3.46,73930.21
62.43359899520874,3.46,74190.72
62.4456672668457,3.46,74086.36
62.454708099365234,3.46,73904.24
62.46677875518799,3.46,74321.44
62.479228496551514,3.46,74216.82
62.49147319793701,3.46,74203.77
62.503742694854736,3.46,74112.43
62.51621460914612,3.46,73917.22
62.5281867980957,3.46,74242.96
62.54058480262756,3.46,73878.26
62.553128719329834,3.46,74125.46
62.56545543670654,3.46,74073.34
62.577292680740356,3.46,73956.21
62.589441776275635,3.46,74203.77
62.60142278671265,3.46,73852.31
62.61327028274536,3.46,74125.46
62.62273836135864,3.46,74086.36
62.63498330116272,3.46,74060.3
62.64686560630798,3.46,74360.72
62.65950036048889,3.46,73917.22
62.67190337181091,3.46,74242.96
62.68410873413086,3.46,74086.36
62.69633769989014,3.46,73930.21
62.70861840248108,3.46,74047.29
62.72091054916382,3.46,73904.24
62.733214139938354,3.46,74060.3
62.74518060684204,3.46,74060.3
62.75699996948242,3.46,73930.21
62.769261598587036,3.46,74125.46
62.77826905250549,3.46,73865.29
62.790359020233154,3.46,74321.44
62.802878618240356,3.46,74216.82
62.814937353134155,3.46,73917.22
62.82638740539551,3.46,74073.34
62.838679790496826,3.46,74073.34
62.85090255737305,3.46,74229.9
62.8632378578186,3.46,74112.43
62.87558841705322,3.46,73852.31
62.88813662528992,3.46,74047.29
62.9004693031311,3.46,73904.24
62.91271376609802,3.46,74177.66
62.92475342750549,3.46,74099.4
62.93703484535217,3.46,73943.21
62.946250915527344,3.46,74073.34
62.95844268798828,3.46,73943.21
62.97070121765137,3.46,74282.2
62.9831702709198,3.46,74216.82
62.995516538619995,3.46,73930.21
63.007452726364136,3.46,74190.72
63.019994020462036,3.45,73748.62
63.032315492630005,3.46,74138.52
63.04452991485596,3.46,74086.36
63.05682158470154,3.46,73904.24
63.06883120536804,3.46,74008.24
63.08090138435364,3.45,73709.79
63.09284996986389,3.46,74047.29
63.104796409606934,3.46,74021.25
63.11417555809021,3.46,73878.26
63.12645149230957,3.46,74138.52
63.138680934906006,3.46,73969.21
63.1510283946991,3.46,74216.82
63.16333198547363,3.46,74099.4
63.17555832862854,3.46,73878.26
63.18761658668518,3.46,74060.3
63.2001428604126,3.46,73878.26
63.21258878707886,3.46,74229.9
63.224443674087524,3.46,74047.29
63.23641920089722,3.46,73826.36
63.24861717224121,3.46,74086.36
63.26074957847595,3.46,73891.25
63.26957035064697,3.46,74177.66
63.28205490112305,3.46,74086.36
63.294280767440796,3.46,73995.22
63.30690598487854,3.46,74099.4
63.318840742111206,3.46,73878.26
63.33129668235779,3.46,74138.52
63.343464612960815,3.46,74099.4
63.3559627532959,3.46,73943.21
63.36795902252197,3.46,74008.24
63.38037824630737,3.46,73813.4
63.392369747161865,3.46,74190.72
63.40446186065674,3.46,74034.26
63.4165678024292,3.46,73826.36
63.42852282524109,3.46,74060.3
63.437761068344116,3.46,73813.4
63.45002198219299,3.46,74334.53
63.462353467941284,3.46,74112.43
63.474365234375,3.46,73943.21
63.48708724975586,3.46,74073.34
63.49908208847046,3.46,73917.22
63.511467933654785,3.46,74269.11
63.52395486831665,3.46,73995.22
63.53611135482788,3.46,73969.21
63.54801416397095,3.46,74047.29
63.56024193763733,3.45,73683.92
63.572433948516846,3.46,74216.82
63.584388732910156,3.46,74021.25
63.596349477767944,3.46,73904.24
63.60578155517578,3.46,73995.22
63.61796498298645,3.46,73930.21
63.630188941955566,3.46,74242.96
63.64237642288208,3.46,74086.36
63.6547908782959,3.46,73852.31
63.66719341278076,3.46,74099.4
63.6792151927948,3.46,73865.29
63.691391944885254,3.46,74242.96
63.704044580459595,3.46,74008.24
63.7161169052124,3.46,73891.25
63.727936029434204,3.46,74008.24
63.740044593811035,3.46,73930.21
63.75201201438904,3.46,74216.82
63.76063108444214,3.46,74008.24
63.77326226234436,3.46,73943.21
63.785746335983276,3.46,74073.34
63.79789423942566,3.46,73904.24
63.81023454666138,3.46,74190.72
63.82172346115112,3.46,73904.24
63.83393120765686,3.46,73878.26
63.84617829322815,3.46,74021.25
63.8585147857666,3.46,73878.26
63.87082028388977,3.46,74242.96
63.88324284553528,3.46,73995.22
63.895607709884644,3.46,74034.26
63.90774202346802,3.46,74086.36
63.91999554634094,3.45,73709.79
63.92875385284424,3.46,74125.46
63.94114875793457,3.46,74112.43
63.95384073257446,3.46,74047.29
63.966121673583984,3.46,73995.22
63.97840332984924,3.46,73891.25
63.99069690704346,3.46,74216.82
64.00301814079285,3.46,73995.22
64.01528882980347,3.46,73878.26
64.02773880958557,3.46,73969.21
64.03962779045105,3.46,73852.31
64.05191826820374,3.46,74099.4
64.06382489204407,3.46,73956.21
64.07583236694336,3.46,73852.31
64.08779239654541,3.46,74034.26
64.09733295440674,3.46,73878.26
64.10939002037048,3.46,74295.27
64.12189555168152,3.46,74034.26
64.13400363922119,3.46,74034.26
64.14644956588745,3.46,73982.22
64.1583182811737,3.46,73826.36
64.17088961601257,3.46,74242.96
64.18313217163086,3.46,74034.26
64.19546842575073,3.45,73787.48
64.20744132995605,3.46,73995.22
64.21952795982361,3.46,73826.36
64.23164868354797,3.46,74203.77
64.24367785453796,3.46,74034.26
64.25279378890991,3.46,73930.21
64.26514410972595,3.46,74125.46
64.2773916721344,3.46,73917.22
64.28939962387085,3.46,74256.04
64.30155324935913,3.46,74112.43
64.31394028663635,3.46,73995.22
64.32617235183716,3.46,73930.21
64.33833003044128,3.46,73865.29
64.35062956809998,3.46,74242.96
64.36292266845703,3.46,74047.29
64.37493944168091,3.46,73982.22
64.38701438903809,3.46,74034.26
64.39901351928711,3.46,73865.29
64.41105437278748,3.46,74203.77
64.41969513893127,3.46,73982.22
64.43213295936584,3.46,74138.52
64.44445419311523,3.46,74060.3
64.45699548721313,3.46,73969.21
64.46913409233093,3.46,74242.96
64.48169422149658,3.46,74060.3
64.49404096603394,3.46,73982.22
64.50688576698303,3.46,74008.24
64.51889276504517,3.46,73813.4
64.5312557220459,3.46,74242.96
64.54326844215393,3.46,73982.22
64.55531167984009,3.46,74021.25
64.56711459159851,3.46,74047.29
64.57930612564087,3.46,73865.29
64.58852243423462,3.46,74295.27
64.60089778900146,3.46,74047.29
64.61297559738159,3.46,74060.3
64.62523698806763,3.46,74112.43
64.63777709007263,3.46,73917.22
64.64986753463745,3.46,74295.27
64.66202664375305,3.46,74021.25
64.67456007003784,3.46,74008.24
64.68701171875,3.46,73995.22
64.69878911972046,3.46,73891.25
64.7110481262207,3.46,74242.96
64.72293663024902,3.46,74021.25
64.73484516143799,3.46,73956.21
64.74431085586548,3.46,73982.22
64.75667929649353,3.46,74021.25
64.76861262321472,3.46,74386.92
64.78107500076294,3.46,73982.22
64.79337787628174,3.46,74008.24
64.80581760406494,3.46,74060.3
64.81782722473145,3.46,73839.34
64.82922101020813,3.46,74256.04
64.84147715568542,3.46,74021.25
64.85370135307312,3.46,74086.36
64.86593770980835,3.46,74073.34
64.87818336486816,3.46,73813.4
64.89041209220886,3.46,74256.04
64.90275692939758,3.46,73917.22
64.9116313457489,3.46,73982.22
64.9241201877594,3.46,74125.46
64.93654608726501,3.46,73943.21
64.94882988929749,3.46,74386.92
64.96130323410034,3.46,73995.22
64.97369194030762,3.46,74138.52
64.9859390258789,3.46,74060.3
64.99844074249268,3.46,73852.31
65.01038956642151,3.46,74242.96
65.02259826660156,3.46,74008.24
65.03481936454773,3.46,74034.26
65.0468122959137,3.46,74034.26
65.05876135826111,3.46,73891.25
65.06801795959473,3.46,74229.9
65.0801260471344,3.46,74047.29
65.09217500686646,3.46,74125.46
65.10480904579163,3.46,74034.26
65.11712789535522,3.46,73917.22
65.12918829917908,3.46,74347.63
65.14138412475586,3.46,73943.21
65.15387797355652,3.46,74008.24
65.16624331474304,3.46,74060.3
65.17816948890686,3.46,73930.21
65.19048738479614,3.46,74138.52
65.20265626907349,3.46,73956.21
65.21458435058594,3.46,73917.22
65.22664523124695,3.46,74021.25
65.23585844039917,3.46,73891.25
65.24807453155518,3.46,74256.04
65.2602686882019,3.46,74125.46
65.27272725105286,3.46,74021.25
65.28497838973999,3.46,74047.29
65.2973849773407,3.46,73813.4
65.30939674377441,3.46,74203.77
65.32177257537842,3.46,74060.3
65.33414101600647,3.46,74008.24
65.34642505645752,3.46,74047.29
65.358065366745,3.46,73878.26
65.37028121948242,3.46,74216.82
65.38245368003845,3.46,73852.31
65.39442348480225,3.46,73969.21
65.40376091003418,3.46,73995.22
65.41608047485352,3.46,73930.21
65.42824149131775,3.46,74282.2
65.44047784805298,3.46,73865.29
65.45290207862854,3.46,74099.4
65.46530675888062,3.46,73995.22
65.4773440361023,3.46,73865.29
65.48953890800476,3.46,74295.27
65.50201511383057,3.46,73982.22
65.51420426368713,3.46,73904.24
65.526043176651,3.46,73982.22
65.53822660446167,3.46,73891.25
65.55027556419373,3.46,74047.29
65.55909991264343,3.46,73943.21
65.57151246070862,3.46,74151.55
65.58403635025024,3.46,74073.34
65.59625172615051,3.46,73943.21
65.60833692550659,3.46,74060.3
65.6206521987915,3.46,73904.24
65.6331102848053,3.46,73982.22
65.64529800415039,3.46,73891.25
65.6577672958374,3.45,73696.85
65.6698808670044,3.46,73956.21
65.68190145492554,3.45,73787.48
65.69407367706299,3.46,73969.21
65.70609903335571,3.46,73969.21
65.717853307724,3.45,73787.48
65.72625350952148,3.46,74034.26
65.73909902572632,3.46,73800.45
65.75123167037964,3.46,74086.36
65.76361107826233,3.46,74073.34
65.77614259719849,3.46,73813.4
65.78877782821655,3.46,74216.82
65.80086135864258,3.46,73813.4
65.81307673454285,3.46,73969.21
65.82456684112549,3.46,73943.21
65.8368091583252,3.46,73826.36
65.84894824028015,3.46,74086.36
65.86122226715088,3.46,73852.31
65.87339234352112,3.46,73982.22
65.88597917556763,3.46,73982.22
65.89506125450134,3.46,73852.31
65.90767455101013,3.46,74021.25
65.91965222358704,3.46,73917.22
65.93211388587952,3.46,74060.3
65.9443633556366,3.46,73891.25
65.95677542686462,3.46,73878.26
65.96866154670715,3.46,73982.22
65.98127460479736,3.46,73878.26
65.99343991279602,3.46,74073.34
66.00565981864929,3.46,74060.3
66.01753377914429,3.46,73813.4
66.02976417541504,3.46,73969.21
66.04160261154175,3.46,73891.25
66.05085897445679,3.46,74047.29
66.06315588951111,3.46,74047.29
66.07526230812073,3.46,73891.25
66.08762955665588,3.46,73982.22
66.09995913505554,3.45,73696.85
66.11219882965088,3.46,74099.4
66.12462282180786,3.46,73930.21
66.13658022880554,3.46,73839.34
66.14911532402039,3.46,74125.46
66.16135263442993,3.45,73748.62
66.1735405921936,3.46,74125.46
66.18556594848633,3.46,73956.21
66.19756722450256,3.46,73826.36
66.20963072776794,3.46,73930.21
66.21868181228638,3.45,73735.67
66.2311577796936,3.46,74151.55
66.24327349662781,3.46,74034.26
66.25579738616943,3.46,73852.31
66.26776719093323,3.46,73917.22
66.28015279769897,3.45,73722.73
66.29235124588013,3.46,74125.46
66.30493712425232,3.46,73969.21
66.3169207572937,3.46,73813.4
66.32926988601685,3.46,73917.22
66.34152245521545,3.46,73839.34
66.35344576835632,3.46,74099.4
66.36544251441956,3.46,73982.22
66.3774926662445,3.46,73800.45
66.38643956184387,3.46,74008.24
66.39894318580627,3.46,73956.21
66.41117334365845,3.46,74138.52
66.42368698120117,3.46,74099.4
66.4359085559845,3.45,73787.48
66.44803094863892,3.46,73956.21
66.4601891040802,3.45,73774.53
66.47237038612366,3.46,74034.26
66.48488759994507,3.46,73917.22
66.49624061584473,3.45,73748.62
66.50848126411438,3.46,73969.21
66.52110719680786,3.45,73658.05
66.53333401679993,3.46,73930.21
66.54513883590698,3.46,73956.21
66.55476665496826,3.45,73735.67
66.56682205200195,3.46,74086.36
66.57910203933716,3.45,73787.48
66.59161019325256,3.46,74112.43
66.60382652282715,3.46,73904.24
66.61614274978638,3.45,73748.62
66.62806367874146,3.46,73943.21
66.64079785346985,3.45,73683.92
66.65298295021057,3.46,74164.61
66.66517162322998,3.46,73995.22
66.67697191238403,3.45,73696.85
66.68919134140015,3.46,73943.21
66.70121312141418,3.45,73658.05
66.71000480651855,3.46,74060.3
66.72219777107239,3.46,74060.3
66.7350811958313,3.46,73852.31
66.74702596664429,3.46,74034.26
66.75925755500793,3.45,73709.79
66.77174282073975,3.46,74034.26
66.78405427932739,3.46,73891.25
66.79612731933594,3.45,73774.53
66.80864667892456,3.46,73930.21
66.82066321372986,3.46,73813.4
66.83195376396179,3.46,74034.26
66.84411382675171,3.46,73917.22
66.85627698898315,3.45,73722.73
66.86853313446045,3.46,73878.26
66.87713432312012,3.45,73748.62
66.88942790031433,3.46,74190.72
66.90205645561218,3.46,73995.22
66.91441607475281,3.45,73761.57
66.9266185760498,3.46,73956.21
66.93903636932373,3.45,73761.57
66.95147132873535,3.46,74047.29
66.9639687538147,3.46,73982.22
66.97623252868652,3.45,73774.53
66.98878860473633,3.46,73956.21
67.00084471702576,3.45,73774.53
67.01282620429993,3.46,74177.66
67.02494978904724,3.46,73917.22
67.03673434257507,3.46,73826.36
67.04602527618408,3.46,73982.22
67.05837678909302,3.45,73787.48
67.07061386108398,3.46,74203.77
67.08310747146606,3.46,73969.21
67.09533643722534,3.46,73865.29
67.10750198364258,3.46,73943.21
67.11981916427612,3.45,73683.92
67.13218808174133,3.46,74125.46
67.14442467689514,3.46,73865.29
67.156334400177,3.46,73839.34
67.16824674606323,3.46,73930.21
67.18063259124756,3.46,73878.26
67.19244480133057,3.46,74190.72
67.20188593864441,3.46,73917.22
67.21411442756653,3.46,73917.22
67.22617602348328,3.46,74125.46
67.23855972290039,3.46,73852.31
67.25084447860718,3.46,74190.72
67.26326131820679,3.46,73904.24
67.27579760551453,3.46,73813.4
67.28755640983582,3.46,73943.21
67.30007028579712,3.45,73774.53
67.31234383583069,3.46,74086.36
67.32441234588623,3.46,73969.21
67.33644485473633,3.45,73774.53
67.34854817390442,3.46,73917.22
67.36056303977966,3.45,73748.62
67.36964654922485,3.46,74203.77
67.38197708129883,3.46,74047.29
67.39414501190186,3.46,73943.21
67.40635585784912,3.46,74008.24
67.41876602172852,3.45,73774.53
67.43086290359497,3.46,74177.66
67.44319486618042,3.46,73956.21
67.45589399337769,3.46,73930.21
67.46788597106934,3.46,73969.21
67.48027086257935,3.45,73761.57
67.49234509468079,3.46,74138.52
67.50447535514832,3.46,73930.21
67.51637053489685,3.46,73904.24
67.52846956253052,3.46,73930.21
67.53753590583801,3.46,73813.4
67.54989409446716,3.46,74216.82
67.56223130226135,3.46,74112.43
67.5745279788971,3.46,73930.21
67.5866277217865,3.46,73917.22
67.59904646873474,3.46,73839.34
67.61125802993774,3.46,74099.4
67.62374544143677,3.46,73943.21
67.63602066040039,3.46,73852.31
67.64807772636414,3.46,73969.21
67.65990281105042,3.45,73761.57
67.67233204841614,3.46,74099.4
67.6842052936554,3.46,73969.21
67.69591236114502,3.46,73852.31
67.70486950874329,3.46,73956.21
67.71710395812988,3.46,73956.21
67.72935032844543,3.46,74229.9
67.742112159729,3.46,74021.25
67.75479483604431,3.46,73826.36
67.76685500144958,3.46,73930.21
67.77922081947327,3.46,73826.36
67.79171204566956,3.46,74177.66
67.80392527580261,3.46,73917.22
67.81610059738159,3.46,73891.25
67.82774639129639,3.46,73943.21
67.83933186531067,3.45,73787.48
67.85153245925903,3.46,74151.55
67.86003541946411,3.46,73865.29
67.8723840713501,3.46,73982.22
67.88474321365356,3.46,74008.24
67.89739060401917,3.46,73813.4
67.90956902503967,3.46,74164.61
67.92209005355835,3.46,73904.24
67.93470478057861,3.46,73930.21
67.94697117805481,3.46,74008.24
67.95948076248169,3.46,73826.36
67.97155833244324,3.46,74177.66
67.98388409614563,3.46,73917.22
67.99568343162537,3.46,73969.21
68.00791096687317,3.46,73930.21
68.01993942260742,3.45,73787.48
68.02914214134216,3.46,74138.52
68.04152083396912,3.46,74086.36
68.05379509925842,3.46,73995.22
68.06600880622864,3.46,73930.21
68.07819151878357,3.46,73826.36
68.0905237197876,3.46,74216.82
68.10295939445496,3.46,73943.21
68.11531209945679,3.46,73891.25
68.12718200683594,3.46,73956.21
68.13962364196777,3.46,73813.4
68.15177750587463,3.46,74190.72
68.1638970375061,3.46,73865.29
68.17568349838257,3.46,73969.21
68.18782353401184,3.46,73904.24
68.19691872596741,3.46,73839.34
68.20946455001831,3.46,74242.96
68.22165393829346,3.46,74047.29
68.2339916229248,3.46,73969.21
68.24602818489075,3.46,73943.21
68.25850653648376,3.46,73839.34
68.27077865600586,3.46,74164.61
68.28314518928528,3.46,73969.21
68.29533767700195,3.46,73852.31
68.30749130249023,3.46,73917.22
68.319655418396,3.46,73800.45
68.33164262771606,3.46,74151.55
68.3436369895935,3.46,73917.22
68.35551834106445,3.46,73891.25
68.36498141288757,3.46,73904.24
68.37700819969177,3.46,73891.25
68.38948631286621,3.46,74256.04
68.40186738967896,3.46,73852.31
68.41410255432129,3.46,73943.21
68.42621731758118,3.46,73917.22
68.43859696388245,3.45,73722.73
68.45113849639893,3.46,74164.61
68.46322226524353,3.46,73891.25
68.47562670707703,3.46,73813.4
68.48742508888245,3.46,73865.29
68.49955534934998,3.45,73709.79
68.5115954875946,3.46,74099.4
68.52053093910217,3.46,73826.36
68.53286409378052,3.46,73982.22
68.54502415657043,3.46,73930.21
68.5574688911438,3.46,73800.45
68.56971168518066,3.46,74138.52
68.58198356628418,3.45,73761.57
68.59409379959106,3.46,73930.21
68.60668134689331,3.46,73891.25
68.61884212493896,3.45,73722.73
68.63126158714294,3.46,74060.3
68.64311003684998,3.46,73800.45
68.65545845031738,3.46,73852.31
68.6687536239624,3.46,73878.26
68.67943239212036,3.45,73683.92
68.68848180770874,3.46,74138.52
68.70087385177612,3.46,73956.21
68.71319651603699,3.46,73943.21
68.72550582885742,3.46,73904.24
68.73756551742554,3.45,73683.92
68.74969005584717,3.46,74177.66
68.76214456558228,3.46,73839.34
68.77459907531738,3.46,73813.4
68.78661894798279,3.46,73852.31
68.79869985580444,3.45,73632.21
68.81093144416809,3.46,73969.21
68.8228816986084,3.46,73813.4
68.8345901966095,3.45,73748.62
68.84677743911743,3.46,73852.31
68.85537242889404,3.45,73658.05
68.86776518821716,3.46,73995.22
68.88000464439392,3.46,73891.25
68.89258241653442,3.46,73878.26
68.90508985519409,3.46,73904.24
68.91719555854797,3.45,73709.79
68.92974615097046,3.46,74060.3
68.94228625297546,3.46,73813.4
68.95486950874329,3.46,73865.29
68.96664619445801,3.46,73839.34
68.97890615463257,3.45,73683.92
68.99106979370117,3.46,74034.26
69.00309824943542,3.46,73800.45
69.01213049888611,3.46,73878.26
69.0244026184082,3.46,73943.21
69.03643751144409,3.46,73813.4
69.0488338470459,3.46,74177.66
69.06108164787292,3.45,73774.53
69.07368063926697,3.46,73943.21
69.08588457107544,3.46,73904.24
69.09800386428833,3.45,73722.73
69.11021256446838,3.46,74099.4
69.12272071838379,3.46,73813.4
69.13472008705139,3.46,73865.29
69.14667057991028,3.46,73813.4
69.15879201889038,3.45,73735.67
69.17088866233826,3.46,73891.25
69.18010449409485,3.45,73787.48
69.19235229492188,3.46,74034.26
69.20464992523193,3.46,73917.22
69.21669363975525,3.46,73878.26
69.22912669181824,3.46,73930.21
69.2414870262146,3.46,73865.29
69.25389337539673,3.46,73969.21
69.26611709594727,3.46,73865.29
69.27823877334595,3.45,73722.73
69.2905592918396,3.46,73956.21
69.3026180267334,3.46,73826.36
69.31483006477356,3.46,73943.21
69.32654118537903,3.45,73787.48
69.33859753608704,3.45,73606.37
69.34790253639221,3.46,73969.21
69.3602843284607,3.46,73891.25
69.3722915649414,3.46,73995.22
69.38480520248413,3.46,73904.24
69.39706158638,3.45,73722.73
69.40965175628662,3.46,74047.29
69.42142844200134,3.45,73696.85
69.43360686302185,3.46,73917.22
69.44590306282043,3.45,73774.53
69.4580192565918,3.45,73606.37
69.47038316726685,3.46,74021.25
69.48214101791382,3.45,73645.12
69.49419069290161,3.46,73852.31
69.50318717956543,3.45,73787.48
69.51484704017639,3.45,73761.57
69.52710771560669,3.46,73800.45
69.53983044624329,3.45,73709.79
69.552077293396,3.46,74008.24
69.56458878517151,3.45,73748.62
69.5766932964325,3.45,73774.53
69.58963990211487,3.46,73826.36
69.60184836387634,3.45,73722.73
69.61424279212952,3.46,73930.21
69.62638425827026,3.46,73852.31
69.63835859298706,3.45,73709.79
69.65022301673889,3.45,73787.48
69.66240930557251,3.45,73683.92
69.67123627662659,3.46,74008.24
69.68349981307983,3.46,73943.21
69.69602870941162,3.45,73709.79
69.70842862129211,3.46,73852.31
69.7208023071289,3.46,73826.36
69.7327527999878,3.46,73891.25
69.74457144737244,3.46,73891.25
69.75713729858398,3.45,73658.05
69.76972031593323,3.46,73826.36
69.78189063072205,3.45,73593.46
69.79390954971313,3.46,73904.24
69.80617475509644,3.46,73813.4
69.81821632385254,3.45,73619.29
69.82995653152466,3.46,73878.26
69.83843994140625,3.45,73541.84
69.8507170677185,3.46,74034.26
69.86293339729309,3.46,73813.4
69.87528252601624,3.45,73683.92
69.88758635520935,3.46,73826.36
69.90091705322266,3.45,73619.29
69.91305494308472,3.46,73852.31
69.92550325393677,3.46,73826.36
69.93787384033203,3.45,73670.98
69.95017862319946,3.46,73813.4
69.961909532547,3.45,73670.98
69.97376346588135,3.46,73969.21
69.9860110282898,3.45,73748.62
69.99802017211914,3.45,73670.98
70.0075135231018,3.46,73878.26
70.01973295211792,3.46,73839.34
70.03167366981506,3.46,74073.34
70.04408931732178,3.46,73956.21
70.05661010742188,3.45,73632.21
70.0688087940216,3.46,73839.34
70.08121347427368,3.45,73670.98
70.09361433982849,3.46,73956.21
70.10575032234192,3.45,73761.57
70.11777091026306,3.45,73619.29
70.12973237037659,3.45,73722.73
70.1417453289032,3.45,73580.54
70.1539056301117,3.46,73904.24
70.1629433631897,3.45,73787.48
70.17523574829102,3.45,73709.79
70.18761920928955,3.46,73995.22
70.19994163513184,3.45,73632.21
70.2121033668518,3.46,74112.43
70.2243537902832,3.46,73852.31
70.2367959022522,3.45,73709.79
70.24915814399719,3.46,73878.26
70.26116275787354,3.45,73593.46
70.27348709106445,3.46,73904.24
70.28576135635376,3.45,73761.57
70.29749178886414,3.45,73580.54
70.30953335762024,3.46,73813.4
70.3215696811676,3.45,73554.73
70.33088898658752,3.46,73943.21
70.34302711486816,3.46,73813.4
70.35543441772461,3.45,73683.92
70.36791133880615,3.46,73852.31
70.38011026382446,3.45,73632.21
70.39217710494995,3.46,73982.22
70.40459752082825,3.45,73696.85
70.41708612442017,3.45,73658.05
70.42916417121887,3.45,73722.73
70.44140148162842,3.45,73645.12
70.45338797569275,3.46,73943.21
70.4655909538269,3.46,73852.31
70.4773416519165,3.45,73619.29
70.48952054977417,3.45,73722.73
70.49894690513611,3.45,73683.92
70.51101231575012,3.46,74073.34
70.52339911460876,3.46,73839.34
70.53577899932861,3.45,73554.73
70.54798007011414,3.46,73826.36
70.56050300598145,3.45,73619.29
70.57228422164917,3.46,74047.29
70.5848708152771,3.46,73813.4
70.59715127944946,3.45,73567.64
70.60939073562622,3.46,73813.4
70.62146925926208,3.45,73658.05
70.63340330123901,3.46,74008.24
70.64536809921265,3.45,73748.62
70.65447497367859,3.45,73645.12
70.66698408126831,3.46,73930.21
70.67905187606812,3.45,73696.85
70.69151592254639,3.46,74125.46
70.70360326766968,3.46,73891.25
70.71591997146606,3.45,73709.79
70.72802877426147,3.45,73774.53
70.74055528640747,3.45,73606.37
70.75294733047485,3.46,74047.29
70.76478791236877,3.46,73865.29
70.77725148200989,3.45,73722.73
70.78927230834961,3.45,73761.57
70.80133056640625,3.45,73683.92
70.81317901611328,3.46,74060.3
70.8227310180664,3.46,73852.31
70.8345136642456,3.46,73800.45
70.84596633911133,3.46,73956.21
70.85822939872742,3.45,73658.05
70.87057447433472,3.46,74060.3
70.88282132148743,3.46,73813.4
70.89544105529785,3.45,73619.29
70.90777683258057,3.46,73839.34
70.92027163505554,3.45,73645.12
70.93242168426514,3.46,73878.26
70.9445583820343,3.46,73826.36
70.95711302757263,3.45,73645.12
70.9691276550293,3.45,73787.48
70.97790718078613,3.45,73735.67
70.99047422409058,3.46,74125.46
71.00272393226624,3.46,73826.36
71.01484799385071,3.46,73813.4
71.02753376960754,3.46,73956.21
71.03955483436584,3.45,73748.62
71.05193710327148,3.46,74008.24
71.06397700309753,3.46,73852.31
71.07619071006775,3.46,73852.31
71.08871078491211,3.46,73839.34
71.10073924064636,3.45,73554.73
71.11236500740051,3.46,73969.21
71.12432384490967,3.45,73761.57
71.13661885261536,3.45,73761.57
71.14569902420044,3.46,73839.34
71.15789532661438,3.45,73709.79
71.17029428482056,3.46,74060.3
71.18271708488464,3.46,73852.31
71.19497561454773,3.45,73774.53
71.20750308036804,3.45,73748.62
71.21988797187805,3.45,73722.73
71.23204803466797,3.46,74060.3
71.24434661865234,3.45,73787.48
71.25658011436462,3.45,73748.62
71.26864910125732,3.45,73774.53
71.28070664405823,3.45,73658.05
71.29239058494568,3.46,74008.24
71.30456590652466,3.45,73761.57
71.31380701065063,3.45,73735.67
71.3262267112732,3.46,73839.34
71.33851790428162,3.45,73774.53
71.350830078125,3.46,74073.34
71.36311888694763,3.46,73800.45
71.37542676925659,3.46,73800.45
71.38777422904968,3.46,73826.36
71.40005135536194,3.45,73709.79
71.41203713417053,3.46,74021.25
71.42440009117126,3.45,73696.85
71.43642902374268,3.45,73787.48
71.44851589202881,3.45,73774.53
71.4604880809784,3.45,73658.05
71.46969389915466,3.46,74099.4
71.48180031776428,3.46,73865.29
71.49420475959778,3.46,73839.34
71.5063865184784,3.46,73904.24
71.5187873840332,3.45,73593.46
71.53101372718811,3.46,73982.22
71.54339671134949,3.45,73748.62
71.55557203292847,3.45,73748.62
71.56795191764832,3.45,73658.05
71.58016180992126,3.45,73606.37
71.5924425125122,3.46,73995.22
71.60425591468811,3.45,73761.57
71.61634373664856,3.45,73722.73
71.62834000587463,3.46,73813.4
71.63761687278748,3.45,73658.05
71.64983582496643,3.46,74073.34
71.66189384460449,3.46,73813.4
71.67415046691895,3.46,73852.31
71.68664145469666,3.45,73761.57
71.69897866249084,3.45,73632.21
71.71148705482483,3.46,73969.21
71.72341990470886,3.45,73774.53
71.7355887889862,3.46,73800.45
71.74763464927673,3.45,73735.67
71.76006531715393,3.45,73593.46
71.77225613594055,3.46,74034.26
71.78398013114929,3.45,73709.79
71.79604983329773,3.45,73774.53
71.80539059638977,3.46,73813.4
71.81779885292053,3.45,73645.12
71.82985830307007,3.46,73982.22
71.84126877784729,3.45,73774.53
71.85352754592896,3.45,73632.21
71.86575770378113,3.45,73748.62
71.8781406879425,3.45,73516.04
71.89041638374329,3.46,74060.3
71.9027578830719,3.45,73748.62
71.91527962684631,3.45,73774.53
71.92742323875427,3.45,73787.48
71.9397714138031,3.45,73606.37
71.95192790031433,3.46,74047.29
71.96121096611023,3.45,73761.57
71.97342944145203,3.46,73865.29
71.98565292358398,3.45,73774.53
71.99791026115417,3.45,73761.57
72.01027584075928,3.46,73904.24
72.02268099784851,3.45,73748.62
72.03466510772705,3.46,73865.29
72.04705023765564,3.45,73735.67
72.0594732761383,3.45,73593.46
72.07172298431396,3.46,73982.22
72.08346486091614,3.45,73761.57
72.09556984901428,3.46,73852.31
72.10791873931885,3.46,73852.31
72.11987614631653,3.45,73619.29
72.12878704071045,3.46,73930.21
72.14130020141602,3.46,73800.45
72.1533625125885,3.46,73826.36
72.1658935546875,3.46,73839.34
72.17839026451111,3.45,73580.54
72.19047403335571,3.46,74034.26
72.20287799835205,3.45,73761.57
72.21501159667969,3.46,73800.45
72.22723293304443,3.45,73683.92
72.23962116241455,3.45,73632.21
72.25166606903076,3.46,73969.21
72.26364326477051,3.45,73722.73
72.27573871612549,3.45,73761.57
72.2877562046051,3.45,73735.67
72.2968897819519,3.45,73619.29
72.3093192577362,3.46,74099.4
72.32151961326599,3.45,73787.48
72.33362078666687,3.46,73826.36
72.34582304954529,3.46,73800.45
72.35850882530212,3.45,73683.92
72.37068772315979,3.46,73865.29
72.38299512863159,3.45,73787.48
72.39509701728821,3.45,73787.48
72.40742683410645,3.46,73813.4
72.41944456100464,3.45,73619.29
72.4315493106842,3.46,73865.29
72.44334077835083,3.45,73735.67
72.45272541046143,3.46,73852.31
72.46483182907104,3.46,73878.26
72.47720623016357,3.45,73696.85
72.4895122051239,3.46,73956.21
72.50198793411255,3.46,73852.31
72.51380109786987,3.46,73826.36
72.52624559402466,3.45,73787.48
72.53861451148987,3.45,73632.21
72.55099368095398,3.46,73917.22
72.56306099891663,3.46,73826.36
72.5752112865448,3.46,73917.22
72.58747434616089,3.45,73619.29
72.5994040966034,3.45,73606.37
72.61123824119568,3.45,73722.73
72.620609998703,3.45,73580.54
72.63291025161743,3.46,73930.21
72.64512515068054,3.46,73826.36
72.65736889839172,3.45,73709.79
72.66963768005371,3.46,74073.34
72.68191623687744,3.45,73619.29
72.69444513320923,3.45,73722.73
72.706467628479,3.45,73761.57
72.71885466575623,3.45,73670.98
72.7307116985321,3.45,73787.48
72.74273157119751,3.45,73632.21
72.75510907173157,3.45,73683.92
72.76717615127563,3.45,73735.67
72.77887916564941,3.45,73593.46
72.78835773468018,3.45,73761.57
72.80076813697815,3.45,73735.67
72.81278443336487,3.46,73956.21
72.82538390159607,3.46,73839.34
72.83733463287354,3.45,73593.46
72.84881925582886,3.45,73787.48
72.8610692024231,3.45,73658.05
72.8733422756195,3.46,73852.31
72.88574433326721,3.45,73709.79
72.8979012966156,3.45,73619.29
72.9104835987091,3.45,73735.67
72.92280077934265,3.45,73528.94
72.93459701538086,3.46,73813.4
72.94383597373962,3.46,73839.34
72.9560558795929,3.45,73696.85
72.96872878074646,3.46,73852.31
72.98082733154297,3.45,73516.04
72.99336528778076,3.46,73943.21
73.00550603866577,3.45,73774.53
73.01782822608948,3.45,73632.21
73.03003478050232,3.46,73956.21
73.04240393638611,3.45,73477.39
73.05454921722412,3.45,73774.53
73.06668543815613,3.45,73748.62
73.07866978645325,3.45,73696.85
73.09083271026611,3.46,73852.31
73.10294556617737,3.45,73528.94
73.1122076511383,3.46,73891.25
73.12407445907593,3.46,73878.26
73.13650512695312,3.46,73826.36
73.14886045455933,3.45,73735.67
73.16121363639832,3.45,73528.94
73.17353296279907,3.45,73774.53
73.18572902679443,3.45,73670.98
73.19798278808594,3.45,73541.84
73.21030855178833,3.45,73619.29
73.22265219688416,3.45,73477.39
73.23437023162842,3.46,73904.24
73.246502161026,3.46,73839.34
73.25874280929565,3.45,73619.29
73.27052187919617,3.45,73787.48
73.27970361709595,3.45,73541.84
73.29225420951843,3.46,74034.26
73.30427384376526,3.46,73930.21
73.31675624847412,3.45,73593.46
73.32897734642029,3.45,73735.67
73.34136772155762,3.45,73541.84
73.35377430915833,3.45,73774.53
73.36582446098328,3.45,73735.67
73.37824988365173,3.45,73541.84
73.39042043685913,3.45,73696.85
73.4023666381836,3.45,73477.39
73.41444301605225,3.46,73839.34
73.42644596099854,3.45,73748.62
73.43547558784485,3.45,73503.16
73.44780278205872,3.46,73865.29
73.46025514602661,3.45,73503.16
73.47242331504822,3.46,73943.21
73.48452234268188,3.45,73709.79
73.49697709083557,3.45,73516.04
73.50933241844177,3.45,73722.73
73.52171421051025,3.45,73438.74
73.53398275375366,3.46,73943.21
73.54598045349121,3.45,73722.73
73.55829071998596,3.45,73593.46
73.57020902633667,3.45,73696.85
73.58225536346436,3.45,73477.39
73.59413242340088,3.46,73904.24
73.60366606712341,3.45,73645.12
73.61573219299316,3.45,73658.05
73.62818741798401,3.46,73852.31
73.64040660858154,3.45,73593.46
73.65276384353638,3.46,73930.21
73.66488313674927,3.45,73761.57
73.67725157737732,3.45,73567.64
73.68954849243164,3.45,73748.62
73.70182538032532,3.45,73554.73
73.71384453773499,3.46,73813.4
73.7259533405304,3.45,73632.21
73.73809313774109,3.45,73451.62
73.75020051002502,3.45,73722.73
73.761892080307,3.45,73490.26
73.77149820327759,3.46,73878.26
73.78390264511108,3.45,73735.67
73.79583311080933,3.45,73516.04
73.80843687057495,3.45,73658.05
73.82032084465027,3.45,73438.74
73.83250713348389,3.46,73917.22
73.84483528137207,3.45,73709.79
73.85636615753174,3.45,73528.94
73.86873173713684,3.45,73658.05
73.88092756271362,3.45,73413.01
73.8930606842041,3.46,73852.31
73.905508518219,3.45,73735.67
73.91777276992798,3.45,73541.84
73.9264190196991,3.45,73632.21
73.93882346153259,3.45,73464.49
73.9512689113617,3.46,73956.21
73.96370649337769,3.45,73670.98
73.97619485855103,3.45,73580.54
73.98859167098999,3.45,73748.62
74.00086808204651,3.45,73554.73
74.01293444633484,3.46,73826.36
74.02528476715088,3.45,73658.05
74.03755593299866,3.45,73528.94
74.04968667030334,3.45,73683.92
74.06179785728455,3.45,73528.94
74.07354402542114,3.46,73813.4
74.08578896522522,3.45,73683.92
74.09499788284302,3.45,73606.37
74.10727310180664,3.45,73774.53
74.11960053443909,3.45,73528.94
74.13177371025085,3.46,73982.22
74.14401268959045,3.45,73722.73
74.15631556510925,3.45,73593.46
74.16882014274597,3.45,73722.73
74.18099427223206,3.45,73541.84
74.19348096847534,3.46,73891.25
74.20545744895935,3.45,73709.79
74.21760416030884,3.45,73580.54
74.22941970825195,3.45,73735.67
74.24162173271179,3.45,73516.04
74.25336503982544,3.46,73956.21
74.26279735565186,3.45,73722.73
74.27513337135315,3.45,73709.79
74.2874402999878,3.45,73774.53
74.29979681968689,3.45,73593.46
74.31216335296631,3.46,73969.21
74.3241171836853,3.46,73813.4
74.33668327331543,3.45,73658.05
74.34896397590637,3.45,73735.67
74.3613166809082,3.45,73580.54
74.37340378761292,3.46,73826.36
74.38529372215271,3.45,73722.73
74.39743876457214,3.45,73645.12
74.40942788124084,3.45,73787.48
74.41833305358887,3.45,73606.37
74.43048977851868,3.46,74021.25
74.4427559375763,3.46,73813.4
74.45501685142517,3.45,73658.05
74.46733903884888,3.45,73761.57
74.47952890396118,3.45,73567.64
74.49211430549622,3.46,73904.24
74.50450134277344,3.45,73683.92
74.51680874824524,3.45,73503.16
74.52944707870483,3.45,73696.85
74.54083371162415,3.45,73645.12
74.5528872013092,3.46,73969.21
74.56489419937134,3.45,73722.73
74.57693719863892,3.45,73632.21
74.58601880073547,3.45,73761.57
74.59831500053406,3.45,73748.62
74.61060905456543,3.46,74060.3
74.62269639968872,3.46,73826.36
74.63460898399353,3.45,73658.05
74.64682149887085,3.45,73787.48
74.65932655334473,3.45,73541.84
74.67165017127991,3.46,73904.24
74.68379068374634,3.45,73670.98
74.69619655609131,3.45,73696.85
74.70864129066467,3.45,73632.21
74.72095513343811,3.45,73477.39
74.73309254646301,3.46,73865.29
74.74509382247925,3.45,73670.98
74.75419282913208,3.45,73645.12
74.76671600341797,3.45,73774.53
74.77911043167114,3.45,73606.37
74.79133939743042,3.46,73995.22
74.80338978767395,3.45,73658.05
74.81539177894592,3.45,73554.73
74.82815098762512,3.45,73722.73
74.84023785591125,3.45,73464.49
74.8517746925354,3.45,73774.53
74.86384582519531,3.45,73670.98
74.87601327896118,3.45,73619.29
74.88831353187561,3.45,73735.67
74.90048861503601,3.45,73438.74
74.90924954414368,3.46,73917.22
74.92174363136292,3.46,73839.34
74.9337477684021,3.45,73696.85
74.94612455368042,3.46,73800.45
74.95878958702087,3.45,73580.54
74.97103834152222,3.46,73930.21
74.98382544517517,3.45,73658.05
74.99610137939453,3.45,73658.05
75.00834488868713,3.45,73722.73
75.0207872390747,3.45,73477.39
75.03266668319702,3.46,73891.25
75.04445624351501,3.45,73632.21
75.05669522285461,3.45,73645.12
75.06898355484009,3.45,73735.67
75.07802152633667,3.45,73554.73
75.09034371376038,3.46,74047.29
75.1025881767273,3.45,73670.98
75.11473345756531,3.45,73696.85
75.12706565856934,3.45,73670.98
75.13951086997986,3.45,73580.54
75.15187644958496,3.46,73891.25
75.1637978553772,3.45,73645.12
75.17627239227295,3.45,73761.57
75.18847727775574,3.45,73696.85
75.20042681694031,3.45,73593.46
75.21262407302856,3.46,73852.31
75.22451519966125,3.45,73516.04
75.23371315002441,3.45,73709.79
75.24586343765259,3.45,73787.48
75.25818014144897,3.45,73658.05
75.27058386802673,3.46,73930.21
75.28269362449646,3.45,73696.85
75.29485821723938,3.45,73748.62
75.30729055404663,3.45,73722.73
75.31971764564514,3.45,73580.54
75.3319365978241,3.46,73956.21
75.34441089630127,3.45,73580.54
75.35618925094604,3.45,73722.73
75.36840081214905,3.45,73735.67
75.38015460968018,3.45,73503.16
75.39241170883179,3.46,73930.21
75.40169644355774,3.45,73696.85
75.41374278068542,3.46,73800.45
75.42599964141846,3.46,73865.29
75.43840098381042,3.45,73593.46
75.45072221755981,3.46,74021.25
75.46316623687744,3.45,73670.98
75.4750623703003,3.45,73683.92
75.48760080337524,3.45,73670.98
75.4998414516449,3.45,73541.84
75.51215982437134,3.46,73865.29
75.52416038513184,3.45,73606.37
75.53611516952515,3.45,73593.46
75.54822087287903,3.45,73722.73
75.56020331382751,3.45,73554.73
75.5695333480835,3.45,73774.53
75.5816764831543,3.45,73722.73
75.5942440032959,3.45,73696.85
75.60621070861816,3.45,73722.73
75.61867165565491,3.45,73567.64
75.63069224357605,3.46,73800.45
75.64335131645203,3.45,73709.79
75.65526843070984,3.46,73813.4
75.66775727272034,3.45,73658.05
75.68006443977356,3.45,73387.28
75.69199585914612,3.46,73800.45
75.70417714118958,3.45,73632.21
75.7158465385437,3.45,73683.92
75.72486424446106,3.45,73658.05
75.73735523223877,3.45,73567.64
75.74971222877502,3.46,73956.21
75.76206851005554,3.45,73490.26
75.77440285682678,3.45,73787.48
75.78630805015564,3.45,73787.48
75.7984848022461,3.45,73425.86
75.81112241744995,3.45,73761.57
75.82347917556763,3.45,73580.54
75.83545184135437,3.45,73670.98
75.84744453430176,3.45,73658.05
75.8590726852417,3.45,73477.39
75.87121748924255,3.46,73852.31
75.88345766067505,3.45,73567.64
75.89198970794678,3.45,73632.21
75.90429186820984,3.45,73683.92
75.91694951057434,3.45,73516.04
75.92941880226135,3.45,73658.05
75.94176697731018,3.45,73593.46
75.95398783683777,3.45,73735.67
75.96646976470947,3.45,73632.21
75.97917580604553,3.45,73451.62
75.9913387298584,3.45,73683.92
76.00366950035095,3.45,73554.73
76.01552629470825,3.45,73709.79
76.02769374847412,3.45,73593.46
76.03968119621277,3.45,73490.26
76.05174160003662,3.45,73774.53
76.06101727485657,3.45,73606.37
76.0733585357666,3.46,73800.45
76.0855872631073,3.45,73645.12
76.09771656990051,3.45,73490.26
76.10997295379639,3.46,73813.4
76.12247252464294,3.45,73451.62
76.13447165489197,3.45,73722.73
76.14696383476257,3.45,73645.12
76.15935015678406,3.45,73490.26
76.17157220840454,3.45,73761.57
76.18350291252136,3.45,73400.13
76.195485830307,3.45,73735.67
76.20756506919861,3.45,73658.05
76.21637511253357,3.45,73541.84
76.22894763946533,3.46,73800.45
76.24126386642456,3.45,73554.73
76.25370001792908,3.45,73774.53
76.26565623283386,3.45,73683.92
76.27809381484985,3.45,73451.62
76.2903504371643,3.45,73645.12
76.30269408226013,3.45,73490.26
76.31467318534851,3.45,73761.57
76.32721066474915,3.45,73619.29
76.339271068573,3.45,73554.73
76.35147380828857,3.45,73593.46
76.36324334144592,3.45,73503.16
76.37531733512878,3.46,73826.36
76.38456296920776,3.45,73567.64
76.39695692062378,3.45,73503.16
76.40927767753601,3.45,73645.12
76.42149519920349,3.45,73735.67
76.43373084068298,3.45,73761.57
76.44585418701172,3.45,73645.12
76.4582405090332,3.45,73425.86
76.47058606147766,3.45,73593.46
76.48284220695496,3.45,73438.74
76.49481177330017,3.45,73683.92
76.50708651542664,3.45,73606.37
76.51917481422424,3.45,73464.49
76.5311439037323,3.45,73554.73
76.54312825202942,3.45,73335.85
76.55259847640991,3.45,73683.92
76.56454348564148,3.45,73658.05
76.57699084281921,3.45,73503.16
76.58935976028442,3.45,73619.29
76.6016674041748,3.45,73374.4
76.61406350135803,3.45,73709.79
76.62610578536987,3.45,73606.37
76.63844990730286,3.45,73451.62
76.65069770812988,3.45,73593.46
76.6630494594574,3.45,73413.01
76.6748366355896,3.46,73865.29
76.68698954582214,3.45,73619.29
76.69897079467773,3.45,73477.39
76.70810580253601,3.45,73658.05
76.72048807144165,3.45,73490.26
76.73262214660645,3.46,73865.29
76.74476480484009,3.45,73748.62
76.75720882415771,3.45,73503.16
76.76930809020996,3.45,73619.29
76.78083610534668,3.45,73374.4
76.79376697540283,3.45,73722.73
76.80602288246155,3.45,73619.29
76.81829500198364,3.45,73438.74
76.83057308197021,3.45,73554.73
76.84249353408813,3.45,73425.86
76.85422110557556,3.45,73696.85
76.86639761924744,3.45,73593.46
76.87495708465576,3.45,73477.39
76.88732814788818,3.46,73813.4
76.8995463848114,3.45,73387.28
76.91210651397705,3.45,73748.62
76.92458868026733,3.45,73567.64
76.93683743476868,3.45,73451.62
76.94924807548523,3.45,73606.37
76.96185302734375,3.45,73335.85
76.9745225906372,3.45,73722.73
76.98642230033875,3.45,73619.29
76.99848437309265,3.45,73425.86
77.01059865951538,3.45,73632.21
77.02268075942993,3.45,73387.28
77.03146195411682,3.45,73774.53
77.04402279853821,3.46,73826.36
77.0563759803772,3.45,73567.64
77.06852674484253,3.45,73683.92
77.08090138435364,3.45,73374.4
77.09319853782654,3.45,73787.48
77.10536623001099,3.45,73567.64
77.11770296096802,3.45,73541.84
77.13003587722778,3.45,73632.21
77.1424081325531,3.45,73451.62
77.15434503555298,3.45,73722.73
77.16634559631348,3.45,73528.94
77.17847323417664,3.45,73438.74
77.19055414199829,3.45,73619.29
77.1995177268982,3.45,73490.26
77.21097326278687,3.46,73878.26
77.22378659248352,3.45,73670.98
77.23621702194214,3.45,73490.26
77.24866557121277,3.45,73748.62
77.2611973285675,3.45,73438.74
77.2733826637268,3.45,73761.57
77.28536891937256,3.45,73606.37
77.29774069786072,3.45,73425.86
77.31034851074219,3.45,73645.12
77.32223272323608,3.45,73387.28
77.33430981636047,3.45,73722.73
77.34619116783142,3.45,73606.37
77.3583459854126,3.45,73438.74
77.36750221252441,3.45,73619.29
77.37988591194153,3.45,73567.64
77.39224052429199,3.46,73852.31
77.40446877479553,3.45,73658.05
77.41656517982483,3.45,73580.54
77.42896008491516,3.45,73619.29
77.44108700752258,3.45,73284.47
77.4535744190216,3.46,73800.45
77.46560525894165,3.45,73606.37
77.47800850868225,3.45,73541.84
77.49005341529846,3.45,73619.29
77.50215911865234,3.45,73490.26
77.51399350166321,3.45,73748.62
77.52321100234985,3.45,73528.94
77.53529167175293,3.45,73580.54
77.5477077960968,3.46,73800.45
77.56004095077515,3.45,73554.73
77.5723648071289,3.46,73839.34
77.58459186553955,3.45,73593.46
77.59682559967041,3.45,73490.26
77.60921812057495,3.45,73658.05
77.6215009689331,3.45,73425.86
77.633704662323,3.46,73826.36
77.64561557769775,3.45,73580.54
77.65787601470947,3.45,73554.73
77.67001986503601,3.45,73580.54
77.68188619613647,3.45,73451.62
77.69112706184387,3.46,73865.29
77.70349264144897,3.45,73735.67
77.71538376808167,3.45,73580.54
77.72772121429443,3.45,73670.98
77.74027919769287,3.45,73516.04
77.75231719017029,3.45,73722.73
77.76457118988037,3.45,73658.05
77.77708101272583,3.45,73593.46
77.78938150405884,3.45,73658.05
77.8013870716095,3.45,73477.39
77.81377339363098,3.46,73839.34
77.82570552825928,3.45,73606.37
77.83749485015869,3.45,73567.64
77.84933710098267,3.45,73606.37
77.85798454284668,3.45,73503.16
77.8702597618103,3.46,73943.21
77.88258099555969,3.45,73774.53
77.89486598968506,3.45,73658.05
77.90734195709229,3.45,73735.67
77.91981744766235,3.45,73425.86
77.93203234672546,3.46,73826.36
77.94461917877197,3.45,73593.46
77.95671319961548,3.45,73567.64
77.96889352798462,3.45,73606.37
77.98113870620728,3.45,73438.74
77.99363708496094,3.46,73826.36
78.0055558681488,3.45,73580.54
78.01759147644043,3.45,73464.49
78.0268325805664,3.45,73593.46
78.0392198562622,3.45,73541.84
78.05162286758423,3.46,73982.22
78.06402063369751,3.45,73658.05
78.07587337493896,3.45,73593.46
78.08845925331116,3.45,73645.12
78.10067105293274,3.45,73387.28
78.11300230026245,3.45,73670.98
78.12528347969055,3.45,73528.94
78.13736915588379,3.45,73658.05
78.14932632446289,3.45,73567.64
78.16138648986816,3.45,73464.49
78.17353248596191,3.46,73839.34
78.18236064910889,3.45,73709.79
78.19503450393677,3.45,73787.48
78.20705986022949,3.46,73826.36
78.21945023536682,3.45,73567.64
78.23162603378296,3.46,74034.26
78.24405026435852,3.45,73464.49
78.25612711906433,3.45,73528.94
78.26854276657104,3.45,73619.29
78.28088283538818,3.45,73451.62
78.29316687583923,3.46,73878.26
78.30516386032104,3.45,73593.46
78.31725811958313,3.45,73593.46
78.32924437522888,3.45,73632.21
78.34130907058716,3.45,73516.04
78.35046625137329,3.46,73852.31
78.36285090446472,3.45,73696.85
78.37513065338135,3.45,73658.05
78.38731956481934,3.45,73632.21
78.39963746070862,3.45,73490.26
78.41209411621094,3.45,73761.57
78.42437291145325,3.45,73541.84
78.43633437156677,3.45,73541.84
78.4486575126648,3.45,73645.12
78.46101641654968,3.45,73438.74
78.4731867313385,3.46,73891.25
78.48523330688477,3.45,73606.37
78.49725461006165,3.45,73632.21
78.50909900665283,3.45,73645.12
78.51836228370667,3.45,73413.01
78.53077602386475,3.46,73917.22
78.54312539100647,3.45,73632.21
78.55544710159302,3.45,73580.54
78.56755924224854,3.45,73528.94
78.57997035980225,3.45,73425.86
78.5921528339386,3.46,73904.24
78.6046187877655,3.45,73541.84
78.61682605743408,3.45,73606.37
78.62856388092041,3.45,73528.94
78.64092445373535,3.45,73425.86
78.65300679206848,3.45,73748.62
78.66479182243347,3.45,73541.84
78.67422342300415,3.45,73516.04
78.68632364273071,3.45,73567.64
78.6985433101654,3.45,73464.49
78.71085667610168,3.46,73904.24
78.72321963310242,3.45,73528.94
78.73561477661133,3.45,73503.16
78.74802255630493,3.45,73567.64
78.76009774208069,3.45,73451.62
78.77239513397217,3.45,73748.62
78.78457808494568,3.45,73541.84
78.79667615890503,3.45,73541.84
78.80873370170593,3.45,73593.46
78.82075357437134,3.45,73464.49
78.83288025856018,3.45,73761.57
78.84185886383057,3.45,73503.16
78.85336184501648,3.45,73619.29
78.86556434631348,3.45,73464.49
78.87782979011536,3.45,73387.28
78.89018058776855,3.46,73813.4
78.90245866775513,3.45,73606.37
78.91498565673828,3.45,73580.54
78.92731928825378,3.45,73606.37
78.93993401527405,3.45,73516.04
78.95213842391968,3.45,73774.53
78.9647126197815,3.45,73477.39
78.97650742530823,3.45,73541.84
78.98866081237793,3.45,73554.73
79.00065398216248,3.45,73374.4
79.01000380516052,3.45,73748.62
79.02233648300171,3.45,73593.46
79.03455710411072,3.45,73683.92
79.0466959476471,3.45,73516.04
79.05914640426636,3.45,73361.56
79.0715000629425,3.45,73658.05
79.08369851112366,3.45,73451.62
79.0958297252655,3.45,73503.16
79.10830545425415,3.45,73528.94
79.12039184570312,3.45,73361.56
79.13223099708557,3.45,73619.29
79.1444251537323,3.45,73477.39
79.15653729438782,3.45,73554.73
79.16546177864075,3.45,73464.49
79.17787051200867,3.45,73490.26
79.19027209281921,3.45,73709.79
79.20238184928894,3.45,73709.79
79.2145848274231,3.45,73683.92
79.22704672813416,3.45,73593.46
79.23942279815674,3.45,73374.4
79.25158190727234,3.45,73683.92
79.26383876800537,3.45,73593.46
79.27608919143677,3.45,73541.84
79.28815126419067,3.45,73541.84
79.30027031898499,3.45,73361.56
79.31233859062195,3.45,73632.21
79.32415223121643,3.45,73348.69
79.33342432975769,3.45,73580.54
79.34578394889832,3.45,73554.73
79.35814595222473,3.45,73490.26
79.37046670913696,3.45,73761.57
79.3825249671936,3.45,73413.01
79.39471745491028,3.45,73541.84
79.40719842910767,3.45,73554.73
79.41952276229858,3.45,73335.85
79.43210005760193,3.45,73477.39
79.4437563419342,3.45,73451.62
79.45593190193176,3.45,73528.94
79.46811938285828,3.45,73503.16
79.48014831542969,3.45,73335.85
79.48927116394043,3.45,73541.84
79.50143790245056,3.45,73567.64
79.51369309425354,3.45,73658.05
79.52608609199524,3.45,73619.29
79.5383243560791,3.45,73413.01
79.55047345161438,3.45,73593.46
79.56306147575378,3.45,73438.74
79.57515931129456,3.45,73606.37
79.58749723434448,3.45,73464.49
79.59954118728638,3.45,73310.15
79.61184120178223,3.45,73541.84
79.6236219406128,3.45,73143.46
79.63584566116333,3.45,73567.64
79.64785695075989,3.45,73503.16
79.65686273574829,3.45,73361.56
79.66902947425842,3.45,73619.29
79.68134093284607,3.45,73284.47
79.69360041618347,3.45,73516.04
79.70577144622803,3.45,73477.39
79.71819114685059,3.45,73284.47
79.73036670684814,3.45,73490.26
79.74275517463684,3.45,73335.85
79.75499892234802,3.45,73464.49
79.76720929145813,3.45,73490.26
79.77922940254211,3.45,73323.01
79.79136157035828,3.45,73516.04
79.80337047576904,3.45,73310.15
79.81564474105835,3.45,73451.62
79.82499885559082,3.45,73503.16
79.83708071708679,3.45,73413.01
79.84919834136963,3.45,73528.94
79.86121869087219,3.45,73400.13
79.8730981349945,3.45,73658.05
79.88541507720947,3.45,73490.26
79.89776539802551,3.45,73284.47
79.91005659103394,3.45,73477.39
79.92254996299744,3.45,73361.56
79.93486857414246,3.45,73632.21
79.94724726676941,3.45,73528.94
79.95911598205566,3.45,73361.56
79.97122144699097,3.45,73554.73
79.98056769371033,3.45,73284.47
79.99286341667175,3.45,73722.73
80.0053038597107,3.45,73632.21
80.01751279830933,3.45,73387.28
80.03025794029236,3.45,73632.21
80.04121685028076,3.45,73258.8
80.05385041236877,3.45,73528.94
80.06604051589966,3.45,73554.73
80.07907271385193,3.45,73361.56
80.09099221229553,3.45,73490.26
80.10319638252258,3.45,73284.47
80.11528873443604,3.45,73516.04
80.12728691101074,3.45,73528.94
80.13913917541504,3.45,73400.13
80.14881324768066,3.45,73464.49
80.16063117980957,3.45,73335.85
80.17313861846924,3.45,73696.85
80.18537616729736,3.45,73451.62
80.19782733917236,3.45,73438.74
80.21026587486267,3.45,73516.04
80.22232031822205,3.45,73233.16
80.23451733589172,3.45,73696.85
80.24696660041809,3.45,73425.86
80.25902080535889,3.45,73323.01
80.271000623703,3.45,73464.49
80.28306746482849,3.45,73207.52
80.2952036857605,3.45,73490.26
80.30723524093628,3.45,73271.64
80.31628894805908,3.45,73310.15
80.3290364742279,3.45,73606.37
80.34084010124207,3.45,73271.64
80.35334920883179,3.45,73670.98
80.36581516265869,3.45,73464.49
80.37800931930542,3.45,73323.01
80.39018154144287,3.45,73619.29
80.40245914459229,3.45,73271.64
80.41487455368042,3.45,73567.64
80.42656922340393,3.45,73580.54
80.43905282020569,3.45,73361.56
80.45094776153564,3.45,73554.73
80.4630446434021,3.45,73258.8
80.47210884094238,3.45,73658.05
80.48437929153442,3.45,73541.84
80.49689054489136,3.45,73451.62
80.50917553901672,3.45,73503.16
80.52118730545044,3.45,73284.47
80.5333468914032,3.45,73670.98
80.54598689079285,3.45,73503.16
80.5582823753357,3.45,73271.64
80.57020449638367,3.45,73451.62
80.58251571655273,3.45,73156.27
80.59480285644531,3.45,73632.21
80.60681366920471,3.45,73438.74
80.61884617805481,3.45,73348.69
80.63073587417603,3.45,73425.86
80.64014673233032,3.45,73169.07
80.65231132507324,3.45,73774.53
80.66476249694824,3.45,73580.54
80.67695045471191,3.45,73400.13
80.68932962417603,3.45,73528.94
80.70153212547302,3.45,73348.69
80.71387219429016,3.45,73658.05
80.72615194320679,3.45,73477.39
80.73849129676819,3.45,73323.01
80.75092768669128,3.45,73438.74
80.76250338554382,3.45,73374.4
80.77471208572388,3.45,73490.26
80.7866723537445,3.45,73413.01
80.79580426216125,3.45,73348.69
80.8080382347107,3.45,73528.94
80.8201847076416,3.45,73413.01
80.83251166343689,3.45,73735.67
80.84449696540833,3.45,73490.26
80.85682582855225,3.45,73335.85
80.86842560768127,3.45,73541.84
80.88071846961975,3.45,73233.16
80.89295482635498,3.45,73722.73
80.90531015396118,3.45,73425.86
80.91749167442322,3.45,73464.49
80.92996716499329,3.45,73413.01
80.94217300415039,3.45,73220.32
80.95446586608887,3.45,73683.92
80.9631974697113,3.45,73425.86
80.97573280334473,3.45,73503.16
80.98825287818909,3.45,73580.54
81.00030016899109,3.45,73258.8
81.01270270347595,3.45,73606.37
81.0250952243805,3.45,73451.62
81.03742718696594,3.45,73400.13
81.0495936870575,3.45,73425.86
81.06179714202881,3.45,73348.69
81.07417225837708,3.45,73683.92
81.0862135887146,3.45,73477.39
81.09824228286743,3.45,73310.15
81.1103196144104,3.45,73413.01
81.12215161323547,3.45,73271.64
81.13167762756348,3.45,73516.04
81.14376091957092,3.45,73541.84
81.15614891052246,3.45,73425.86
81.16836810112,3.45,73438.74
81.18080019950867,3.45,73348.69
81.19305038452148,3.45,73670.98
81.20532250404358,3.45,73451.62
81.217449426651,3.45,73323.01
81.23001599311829,3.45,73438.74
81.24189925193787,3.45,73258.8
81.25400424003601,3.45,73709.79
81.26587677001953,3.45,73516.04
81.27805972099304,3.45,73361.56
81.28727269172668,3.45,73335.85
81.29974722862244,3.45,73516.04
81.31155729293823,3.45,73748.62
81.32414531707764,3.45,73503.16
81.33633399009705,3.45,73425.86
81.34870314598083,3.45,73490.26
81.36096978187561,3.45,73284.47
81.37314701080322,3.45,73632.21
81.38543605804443,3.45,73348.69
81.39780712127686,3.45,73438.74
81.40990567207336,3.45,73451.62
81.42158246040344,3.45,73323.01
81.43384432792664,3.45,73528.94
81.4458236694336,3.45,73425.86
81.45531749725342,3.45,73387.28
81.46723794937134,3.45,73528.94
81.47986006736755,3.45,73438.74
81.49198031425476,3.45,73735.67
81.50436401367188,3.45,73438.74
81.51650953292847,3.45,73413.01
81.52889251708984,3.45,73413.01
81.54108476638794,3.45,73335.85
81.55348920822144,3.45,73709.79
81.56586074829102,3.45,73387.28
81.57756209373474,3.45,73438.74
81.5897867679596,3.45,73374.4
81.6016526222229,3.45,73335.85
81.61092853546143,3.45,73670.98
81.62302255630493,3.45,73374.4
81.63537502288818,3.45,73503.16
81.64778232574463,3.45,73593.46
81.66007852554321,3.45,73271.64
81.67215991020203,3.45,73632.21
81.6843683719635,3.45,73503.16
81.69695734977722,3.45,73387.28
81.70911169052124,3.45,73425.86
81.72113871574402,3.45,73297.32
81.73327541351318,3.45,73658.05
81.74551606178284,3.45,73413.01
81.75757479667664,3.45,73374.4
81.76951026916504,3.45,73438.74
81.77880644798279,3.45,73284.47
81.79112553596497,3.46,73878.26
81.80324602127075,3.45,73516.04
81.81532335281372,3.45,73541.84
81.8274884223938,3.45,73477.39
81.8403468132019,3.45,73258.8
81.85223746299744,3.45,73709.79
81.86376285552979,3.45,73400.13
81.87601351737976,3.45,73516.04
81.88818335533142,3.45,73438.74
81.90040159225464,3.45,73438.74
81.91265916824341,3.45,73722.73
81.92511248588562,3.45,73413.01
81.93727779388428,3.45,73516.04
81.94600462913513,3.45,73464.49
81.95842337608337,3.45,73464.49
81.9708251953125,3.45,73722.73
81.98305940628052,3.45,73541.84
81.99590063095093,3.45,73516.04
82.0080919265747,3.45,73451.62
82.02037119865417,3.45,73181.89
82.03242659568787,3.45,73696.85
82.04492926597595,3.45,73425.86
82.05718278884888,3.45,73425.86
82.06900238990784,3.45,73516.04
82.08093094825745,3.45,73335.85
82.09322428703308,3.45,73670.98
82.10230350494385,3.45,73516.04
82.11456561088562,3.45,73516.04
82.12695980072021,3.45,73438.74
82.13928866386414,3.45,73348.69
82.1513774394989,3.45,73774.53
82.16376852989197,3.45,73425.86
82.17607021331787,3.45,73516.04
82.18842053413391,3.45,73451.62
82.2004771232605,3.45,73207.52
82.21273756027222,3.45,73477.39
82.22473049163818,3.45,73413.01
82.23694920539856,3.45,73477.39
82.24897241592407,3.45,73451.62
82.26091027259827,3.45,73387.28
82.27023696899414,3.45,73619.29
82.28237771987915,3.45,73400.13
82.29471707344055,3.45,73477.39
82.3071539402008,3.45,73438.74
82.31935405731201,3.45,73271.64
82.3314220905304,3.45,73632.21
82.34395241737366,3.45,73323.01
82.35620212554932,3.45,73438.74
82.36841058731079,3.45,73490.26
82.38071322441101,3.45,73233.16
82.39245772361755,3.45,73580.54
82.4048261642456,3.45,73258.8
82.41657185554504,3.45,73425.86
82.42600703239441,3.45,73425.86
82.43828225135803,3.45,73413.01
82.45032620429993,3.46,73800.45
82.46263551712036,3.45,73335.85
82.47486758232117,3.45,73490.26
82.48726511001587,3.45,73348.69
82.49974703788757,3.45,73220.32
82.51166415214539,3.45,73528.94
82.52406287193298,3.45,73348.69
82.53641510009766,3.45,73400.13
82.5487174987793,3.45,73425.86
82.56055617332458,3.45,73258.8
82.57265591621399,3.45,73400.13
82.5845718383789,3.45,73323.01
82.59372901916504,3.45,73528.94
82.60613894462585,3.45,73528.94
82.61827158927917,3.45,73258.8
82.63070726394653,3.45,73490.26
82.64296197891235,3.45,73361.56
82.65523958206177,3.45,73438.74
82.66732501983643,3.45,73451.62
82.67981958389282,3.45,73207.52
82.69185400009155,3.45,73464.49
82.70424103736877,3.45,73374.4
82.71660470962524,3.45,73451.62
82.72834968566895,3.45,73245.99
82.74051022529602,3.45,73194.69
82.75235056877136,3.45,73593.46
82.76150059700012,3.45,73194.69
82.7737169265747,3.45,73606.37
82.78619241714478,3.45,73593.46
82.79863381385803,3.45,73323.01
82.81056332588196,3.45,73400.13
82.82240295410156,3.45,73220.32
82.83453178405762,3.45,73413.01
82.84734725952148,3.45,73464.49
82.85952258110046,3.45,73284.47
82.87117409706116,3.45,73374.4
82.88333868980408,3.45,73207.52
82.89558219909668,3.45,73348.69
82.90780782699585,3.45,73413.01
82.91627335548401,3.45,73335.85
82.92905139923096,3.45,73516.04
82.94103527069092,3.45,73387.28
82.95361185073853,3.45,73554.73
82.96605706214905,3.45,73425.86
82.97846722602844,3.45,73361.56
82.99118280410767,3.45,73516.04
83.0033745765686,3.45,73258.8
83.01565432548523,3.45,73490.26
83.02794361114502,3.45,73464.49
83.03985404968262,3.45,73207.52
83.05193424224854,3.45,73413.01
83.06402707099915,3.45,73169.07
83.07599687576294,3.45,73516.04
83.08518838882446,3.45,73451.62
83.0977087020874,3.45,73374.4
83.10986495018005,3.45,73528.94
83.12192845344543,3.45,73130.66
83.13423895835876,3.45,73528.94
83.14677572250366,3.45,73425.86
83.15902519226074,3.45,73207.52
83.17133975028992,3.45,73528.94
83.1836256980896,3.45,73143.46
83.19574284553528,3.45,73490.26
83.20781898498535,3.45,73361.56
83.21974563598633,3.45,73194.69
83.23171782493591,3.45,73400.13
83.24102711677551,3.45,73156.27
83.25321507453918,3.45,73541.84
83.26553606987,3.45,73400.13
83.27778601646423,3.45,73323.01
83.29025149345398,3.45,73374.4
83.30225157737732,3.45,73220.32
83.31455731391907,3.45,73554.73
83.32697629928589,3.45,73387.28
83.33929061889648,3.45,73284.47
83.3512794971466,3.45,73451.62
83.36359739303589,3.45,73335.85
83.37562012672424,3.45,73516.04
83.38774251937866,3.45,73348.69
83.39973306655884,3.45,73245.99
83.40888905525208,3.45,73400.13
83.42121744155884,3.45,73310.15
83.43346381187439,3.45,73632.21
83.4457848072052,3.45,73413.01
83.4580020904541,3.45,73130.66
83.47036719322205,3.45,73348.69
83.48252892494202,3.45,73194.69
83.49488067626953,3.45,73310.15
83.50721836090088,3.45,73310.15
83.51939702033997,3.45,73194.69
83.53116488456726,3.45,73323.01
83.5434923171997,3.44,73053.92
83.55547833442688,3.45,73464.49
83.5672402381897,3.45,73310.15
83.57682681083679,3.45,73233.16
83.58913326263428,3.45,73503.16
83.60119318962097,3.45,73130.66
83.61353874206543,3.45,73567.64
83.6257221698761,3.45,73400.13
83.6381561756134,3.45,73284.47
83.65068578720093,3.45,73335.85
83.66276741027832,3.45,73117.86
83.67556428909302,3.45,73567.64
83.6871087551117,3.45,73335.85
83.69930362701416,3.45,73233.16
83.71121001243591,3.45,73413.01
83.72328233718872,3.44,73066.7
83.73214507102966,3.45,73490.26
83.7447521686554,3.45,73413.01
83.75703239440918,3.45,73297.32
83.76926779747009,3.45,73516.04
83.78175783157349,3.45,73284.47
83.79349637031555,3.45,73438.74
83.80608654022217,3.45,73374.4
83.81829690933228,3.45,73156.27
83.83078145980835,3.45,73387.28
83.84307289123535,3.45,73194.69
83.85481357574463,3.45,73541.84
83.86689853668213,3.45,73374.4
83.87850713729858,3.45,73194.69
83.89067840576172,3.45,73400.13
83.89929676055908,3.45,73207.52
83.9115698337555,3.45,73554.73
83.92386937141418,3.45,73361.56
83.9361183643341,3.45,73233.16
83.94843029975891,3.45,73400.13
83.96086144447327,3.44,72990.04
83.97311353683472,3.45,73580.54
83.98555779457092,3.45,73271.64
83.99790668487549,3.45,73207.52
84.01045346260071,3.45,73374.4
84.02270722389221,3.45,73207.52
84.0346896648407,3.45,73606.37
84.04707741737366,3.45,73335.85
84.05894088745117,3.45,73348.69
84.068124294281,3.45,73348.69
84.08062076568604,3.45,73233.16
84.09263777732849,3.45,73632.21
84.10510587692261,3.45,73400.13
84.11758279800415,3.45,73271.64
84.12992930412292,3.45,73451.62
84.14200496673584,3.45,73245.99
84.15419459342957,3.45,73477.39
84.16663813591003,3.45,73323.01
84.17867112159729,3.45,73297.32
84.19072699546814,3.45,73361.56
84.20271134376526,3.45,73220.32
84.21481156349182,3.45,73503.16
84.22388982772827,3.45,73348.69
84.23614192008972,3.45,73348.69
84.2485921382904,3.45,73425.86
84.2609441280365,3.45,73245.99
84.27293753623962,3.45,73528.94
84.28510999679565,3.45,73348.69
84.29770970344543,3.45,73258.8
84.3099799156189,3.45,73413.01
84.32202315330505,3.45,73130.66
84.3344156742096,3.45,73554.73
84.34643912315369,3.45,73297.32
84.35857939720154,3.45,73310.15
84.37063527107239,3.45,73374.4
84.38252878189087,3.45,73169.07
84.39190125465393,3.45,73541.84
84.4040949344635,3.45,73516.04
84.41648554801941,3.45,73233.16
84.42876744270325,3.45,73220.32
84.44110035896301,3.44,73092.28
84.45329856872559,3.45,73503.16
84.46564817428589,3.45,73323.01
84.47792315483093,3.45,73284.47
84.49023032188416,3.45,73413.01
84.5019953250885,3.45,73143.46
84.51425814628601,3.45,73516.04
84.52625775337219,3.45,73220.32
84.53844094276428,3.45,73117.86
84.54750537872314,3.45,73271.64
84.55978870391846,3.45,73245.99
84.57182717323303,3.45,73645.12
84.58400559425354,3.45,73143.46
84.59629583358765,3.45,73233.16
84.60846209526062,3.45,73284.47
84.62082600593567,3.45,73156.27
84.63307023048401,3.45,73593.46
84.64534211158752,3.45,73348.69
84.65735220909119,3.45,73271.64
84.66929340362549,3.45,73310.15
84.68139982223511,3.44,73066.7
84.69352269172668,3.45,73554.73
84.70575976371765,3.45,73335.85
84.71440196037292,3.45,73284.47
84.72681283950806,3.45,73464.49
84.73912954330444,3.45,73271.64
84.751380443573,3.45,73593.46
84.76392269134521,3.45,73323.01
84.77640342712402,3.45,73361.56
84.78882932662964,3.45,73335.85
84.8016562461853,3.45,73169.07
84.81351709365845,3.45,73580.54
84.82549095153809,3.45,73323.01
84.83758616447449,3.45,73220.32
84.84957671165466,3.45,73361.56
84.86166024208069,3.45,73181.89
84.8707320690155,3.45,73451.62
84.8823492527008,3.45,73323.01
84.89459419250488,3.45,73387.28
84.90688514709473,3.45,73348.69
84.91920971870422,3.45,73181.89
84.93149638175964,3.45,73516.04
84.94394397735596,3.45,73284.47
84.9562873840332,3.45,73194.69
84.96865105628967,3.45,73335.85
84.98121666908264,3.45,73271.64
84.99335193634033,3.45,73567.64
85.00572347640991,3.45,73310.15
85.01766586303711,3.45,73297.32
85.02991008758545,3.45,73387.28
85.03908324241638,3.45,73297.32
85.0514190196991,3.45,73658.05
85.06357622146606,3.45,73464.49
85.07581543922424,3.45,73284.47
85.08806371688843,3.45,73335.85
85.1005129814148,3.45,73143.46
85.11291766166687,3.45,73490.26
85.1249692440033,3.45,73361.56
85.13727402687073,3.45,73348.69
85.14963126182556,3.45,73374.4
85.16152667999268,3.45,73169.07
85.17356443405151,3.45,73567.64
85.18557906150818,3.45,73297.32
85.19756150245667,3.45,73284.47
85.20691061019897,3.45,73361.56
85.21901035308838,3.45,73310.15
85.23155188560486,3.45,73606.37
85.24378085136414,3.45,73258.8
85.25614666938782,3.45,73361.56
85.26840496063232,3.45,73335.85
85.28066492080688,3.45,73220.32
85.29288148880005,3.45,73528.94
85.30517220497131,3.45,73323.01
85.3173565864563,3.45,73387.28
85.32941627502441,3.45,73374.4
85.34148979187012,3.44,73079.48
85.35337114334106,3.45,73593.46
85.362300157547,3.45,73348.69
85.37479877471924,3.45,73464.49
85.38702583312988,3.45,73387.28
85.39951133728027,3.45,73220.32
85.41180801391602,3.45,73541.84
85.42394018173218,3.45,73541.84
85.43617057800293,3.45,73374.4
85.44857335090637,3.45,73361.56
85.46108150482178,3.44,73092.28
85.47284889221191,3.45,73683.92
85.48497128486633,3.45,73361.56
85.49716377258301,3.45,73310.15
85.50918555259705,3.45,73323.01
85.52113938331604,3.45,73233.16
85.53058767318726,3.45,73490.26
85.54254913330078,3.45,73323.01
85.55495953559875,3.45,73323.01
85.56739974021912,3.45,73361.56
85.57963562011719,3.45,73156.27
85.59203600883484,3.45,73670.98
85.60414624214172,3.45,73271.64
85.61654233932495,3.45,73374.4
85.62879467010498,3.45,73310.15
85.64109063148499,3.45,73220.32
85.65292143821716,3.45,73554.73
85.66499400138855,3.45,73348.69
85.67703294754028,3.45,73361.56
85.68587517738342,3.45,73310.15
85.69848918914795,3.45,73413.01
85.71069431304932,3.45,73748.62
85.72272205352783,3.45,73335.85
85.7352385520935,3.45,73425.86
85.7475938796997,3.45,73361.56
85.75984525680542,3.45,73181.89
85.77221298217773,3.45,73554.73
85.78416633605957,3.45,73297.32
85.7969331741333,3.45,73348.69
85.80893182754517,3.45,73361.56
85.82084012031555,3.45,73130.66
85.83289647102356,3.45,73554.73
85.84484076499939,3.45,73284.47
85.8539662361145,3.45,73348.69
85.86610412597656,3.45,73438.74
85.87829852104187,3.45,73207.52
85.88990902900696,3.45,73683.92
85.90212726593018,3.45,73271.64
85.9143922328949,3.45,73271.64
85.92678427696228,3.45,73310.15
85.93904495239258,3.45,73143.46
85.95137548446655,3.45,73528.94
85.96396565437317,3.45,73207.52
85.97586011886597,3.45,73130.66
85.98850345611572,3.45,73258.8
86.00075697898865,3.45,73169.07
86.0126485824585,3.45,73413.01
86.02176260948181,3.45,73271.64
86.03419756889343,3.45,73425.86
86.04658818244934,3.45,73310.15
86.05897808074951,3.45,73207.52
86.07114386558533,3.45,73413.01
86.08326125144958,3.45,73169.07
86.09578013420105,3.45,73335.85
86.10806560516357,3.45,73271.64
86.12018895149231,3.45,73130.66
86.13222122192383,3.45,73413.01
86.1443817615509,3.45,73194.69
86.15653347969055,3.45,73284.47
86.16834163665771,3.45,73310.15
86.17767858505249,3.45,73143.46
86.18984866142273,3.45,73580.54
86.20198702812195,3.45,73220.32
86.21441674232483,3.45,73387.28
86.22677254676819,3.45,73245.99
86.23905205726624,3.45,73117.86
86.25173497200012,3.45,73464.49
86.26357936859131,3.45,73156.27
86.27592253684998,3.45,73310.15
86.28815865516663,3.45,73271.64
86.30035138130188,3.45,73117.86
86.31232357025146,3.45,73245.99
86.32426238059998,3.45,73194.69
86.336341381073,3.45,73284.47
86.34549522399902,3.45,73245.99
86.3579204082489,3.45,73207.52
86.37010884284973,3.45,73335.85
86.38227653503418,3.45,73323.01
86.3945472240448,3.45,73335.85
86.40698957443237,3.45,73169.07
86.41912198066711,3.44,73079.48
86.43171668052673,3.45,73297.32
86.44366669654846,3.45,73323.01
86.45592164993286,3.45,73310.15
86.46812319755554,3.45,73323.01
86.4800214767456,3.44,73053.92
86.4920597076416,3.45,73310.15
86.5013952255249,3.44,72977.28
86.51337265968323,3.45,73425.86
86.52576684951782,3.45,73425.86
86.53805923461914,3.44,73079.48
86.55043649673462,3.45,73516.04
86.5626745223999,3.44,73066.7
86.57489013671875,3.45,73284.47
86.58706307411194,3.45,73348.69
86.59957575798035,3.44,73105.07
86.61185026168823,3.45,73490.26
86.6235978603363,3.45,73245.99
86.63568902015686,3.45,73284.47
86.64795112609863,3.45,73258.8
86.65996670722961,3.44,73079.48
86.66913914680481,3.45,73297.32
86.68149137496948,3.45,73181.89
86.69344425201416,3.45,73464.49
86.70593571662903,3.45,73284.47
86.7183039188385,3.45,73156.27
86.73057246208191,3.45,73284.47
86.74257588386536,3.45,73169.07
86.75501990318298,3.45,73400.13
86.76749396324158,3.45,73271.64
86.7797954082489,3.45,73117.86
86.792884349823,3.45,73271.64
86.80364346504211,3.45,73130.66
86.8157970905304,3.45,73400.13
86.82764768600464,3.45,73181.89
86.83681082725525,3.44,73079.48
86.84904956817627,3.45,73425.86
86.86137247085571,3.44,73066.7
86.87367081642151,3.45,73335.85
86.88518905639648,3.45,73245.99
86.89744520187378,3.45,73117.86
86.90968298912048,3.45,73310.15
86.92204761505127,3.44,72990.04
86.93430471420288,3.45,73413.01
86.94689750671387,3.45,73271.64
86.95922565460205,3.44,73092.28
86.97125363349915,3.45,73323.01
86.98352408409119,3.45,73143.46
86.99199557304382,3.45,73361.56
87.00476002693176,3.45,73413.01
87.01725578308105,3.45,73220.32
87.02960276603699,3.45,73361.56
87.04185748100281,3.44,73105.07
87.054119348526,3.45,73490.26
87.06639957427979,3.45,73348.69
87.07877850532532,3.45,73117.86
87.09119033813477,3.45,73258.8
87.10298299789429,3.45,73143.46
87.11539125442505,3.45,73400.13
87.12737202644348,3.45,73233.16
87.13934683799744,3.44,73079.48
87.15126490592957,3.45,73297.32
87.16066527366638,3.45,73156.27
87.17265033721924,3.45,73490.26
87.18520951271057,3.45,73361.56
87.19752287864685,3.45,73169.07
87.20990419387817,3.45,73297.32
87.22205448150635,3.44,73015.58
87.23408484458923,3.45,73425.86
87.2466824054718,3.45,73297.32
87.2589921951294,3.44,73053.92
87.27109169960022,3.45,73284.47
87.28283548355103,3.44,73092.28
87.29526472091675,3.45,73425.86
87.30722975730896,3.45,73220.32
87.31629371643066,3.44,73092.28
87.3285927772522,3.45,73374.4
87.34113478660583,3.45,73130.66
87.35291814804077,3.45,73528.94
87.36545944213867,3.45,73297.32
87.37768363952637,3.44,73066.7
87.38983035087585,3.45,73207.52
87.40272831916809,3.44,73105.07
87.41457748413086,3.45,73464.49
87.42706847190857,3.45,73258.8
87.43860411643982,3.45,73207.52
87.45091819763184,3.45,73220.32
87.46298027038574,3.44,73015.58
87.47504258155823,3.45,73413.01
87.48424243927002,3.45,73335.85
87.49653172492981,3.45,73233.16
87.50868511199951,3.45,73374.4
87.52098107337952,3.44,73092.28
87.53335523605347,3.45,73400.13
87.54566860198975,3.45,73297.32
87.5580484867096,3.44,73079.48
87.56999778747559,3.45,73220.32
87.58257627487183,3.44,73079.48
87.59470725059509,3.45,73387.28
87.60678219795227,3.45,73310.15
87.61887621879578,3.44,73066.7
87.63087439537048,3.45,73310.15
87.64272379875183,3.44,73053.92
87.65221810340881,3.45,73438.74
87.66446161270142,3.45,73413.01
87.67674970626831,3.45,73194.69
87.68887543678284,3.45,73297.32
87.70122170448303,3.44,73079.48
87.7136402130127,3.45,73503.16
87.72588443756104,3.45,73233.16
87.73802876472473,3.44,73092.28
87.75033736228943,3.45,73271.64
87.7624933719635,3.44,72964.53
87.77451968193054,3.45,73477.39
87.78639578819275,3.45,73361.56
87.79854416847229,3.45,73194.69
87.8077883720398,3.45,73284.47
87.8198356628418,3.45,73117.86
87.83214235305786,3.45,73516.04
87.84425449371338,3.45,73323.01
87.85702776908875,3.45,73117.86
87.8689968585968,3.45,73348.69
87.88124108314514,3.45,73169.07
87.89275407791138,3.45,73374.4
87.90500545501709,3.45,73245.99
87.91721940040588,3.44,73105.07
87.92948079109192,3.45,73297.32
87.94168329238892,3.44,73105.07
87.95419120788574,3.45,73374.4
87.96635293960571,3.45,73245.99
87.9749846458435,3.44,73066.7
87.98736047744751,3.45,73323.01
87.99979186058044,3.45,73143.46
88.01233792304993,3.45,73619.29
88.02497124671936,3.45,73233.16
88.0369040966034,3.44,73015.58
88.04914975166321,3.45,73258.8
88.06171917915344,3.45,73130.66
88.07408452033997,3.45,73413.01
88.08629512786865,3.45,73245.99
88.09833598136902,3.44,73066.7
88.11007833480835,3.45,73258.8
88.12224173545837,3.44,73002.82
88.13128590583801,3.45,73528.94
88.1436915397644,3.45,73374.4
88.15591478347778,3.45,73297.32
88.16829633712769,3.45,73335.85
88.18036341667175,3.44,73066.7
88.19291520118713,3.45,73413.01
88.20507574081421,3.45,73271.64
88.21753978729248,3.45,73194.69
88.2294511795044,3.45,73245.99
88.24193692207336,3.45,73117.86
88.2536826133728,3.45,73490.26
88.26608610153198,3.45,73220.32
88.27796053886414,3.45,73169.07
88.29014730453491,3.45,73258.8
88.29911541938782,3.45,73117.86
88.31160998344421,3.45,73606.37
88.3238754272461,3.45,73284.47
88.33643245697021,3.45,73220.32
88.34851312637329,3.45,73245.99
88.36056351661682,3.44,73079.48
88.37291860580444,3.45,73413.01
88.38533043861389,3.45,73245.99
88.39764046669006,3.45,73117.86
88.4094512462616,3.45,73194.69
88.42160034179688,3.44,72964.53
88.43373250961304,3.45,73438.74
88.4458634853363,3.45,73169.07
88.45482230186462,3.45,73194.69
88.46721315383911,3.45,73361.56
88.47939920425415,3.45,73194.69
88.49177575111389,3.45,73490.26
88.50379371643066,3.45,73220.32
88.51635432243347,3.45,73130.66
88.52869296073914,3.45,73220.32
88.54084300994873,3.45,73130.66
88.55337691307068,3.45,73413.01
88.56547117233276,3.45,73207.52
88.5776960849762,3.45,73181.89
88.58939027786255,3.45,73130.66
88.60161590576172,3.44,73015.58
88.61370038986206,3.45,73400.13
88.6227297782898,3.45,73181.89
88.63515663146973,3.45,73271.64
88.64755439758301,3.45,73258.8
88.65944623947144,3.44,73079.48
88.67194414138794,3.45,73348.69
88.68437671661377,3.45,73117.86
88.6965708732605,3.44,73028.37
88.70864915847778,3.45,73143.46
88.72084856033325,3.44,73105.07
88.73344326019287,3.45,73438.74
88.74528312683105,3.45,73220.32
88.75749254226685,3.45,73130.66
88.76926064491272,3.45,73245.99
88.7811222076416,3.44,73041.14
88.79055881500244,3.45,73464.49
88.80276393890381,3.45,73220.32
88.81498408317566,3.45,73130.66
88.82725977897644,3.45,73271.64
88.83961129188538,3.44,73002.82
88.85119104385376,3.45,73374.4
88.86349487304688,3.44,73053.92
88.87595105171204,3.45,73130.66
88.88794946670532,3.45,73169.07
88.90013480186462,3.44,72951.77
88.91237306594849,3.45,73335.85
88.92456197738647,3.45,73117.86
88.93675351142883,3.45,73169.07
88.94523859024048,3.44,73105.07
88.95759701728821,3.44,73092.28
88.96981525421143,3.45,73541.84
88.98210787773132,3.45,73181.89
88.99444437026978,3.45,73130.66
89.00672817230225,3.45,73143.46
89.01902341842651,3.44,73079.48
89.03129887580872,3.45,73297.32
89.04358220100403,3.45,73156.27
89.05582356452942,3.45,73130.66
89.06803369522095,3.45,73233.16
89.08023476600647,3.44,73041.14
89.09246563911438,3.45,73425.86
89.10461235046387,3.44,73105.07
89.11315298080444,3.44,73092.28
89.12545776367188,3.45,73233.16
89.13773608207703,3.45,73245.99
89.15003490447998,3.45,73503.16
89.16230750083923,3.44,73105.07
89.17463874816895,3.44,73079.48
89.18689465522766,3.45,73181.89
89.19919776916504,3.44,72977.28
89.21144795417786,3.45,73387.28
89.223717212677,3.45,73169.07
89.23594951629639,3.45,73169.07
89.24811339378357,3.44,73092.28
89.26035666465759,3.44,73079.48
89.26884126663208,3.45,73528.94
89.2811176776886,3.45,73271.64
89.29342460632324,3.45,73156.27
89.30568718910217,3.44,73066.7
89.31798577308655,3.44,72990.04
89.3302538394928,3.45,73284.47
89.34254360198975,3.44,73066.7
89.35485672950745,3.44,73105.07
89.36713171005249,3.44,73002.82
89.37941837310791,3.44,72913.51
89.39161419868469,3.45,73271.64
89.40380907058716,3.44,72939.01
89.41605353355408,3.44,72977.28
89.42821621894836,3.44,72964.53
89.43675756454468,3.44,72811.63
89.44906520843506,3.45,73323.01
89.46134066581726,3.44,73053.92
89.4736557006836,3.44,73092.28
89.48592495918274,3.44,72977.28
89.49820494651794,3.44,72888.02
89.5104706287384,3.45,73425.86
89.522775888443,3.44,73028.37
89.53503918647766,3.44,73041.14
89.54731440544128,3.44,73041.14
89.55955934524536,3.44,72926.25
89.57173800468445,3.45,73335.85
89.58389449119568,3.44,73053.92
89.59610795974731,3.44,73066.7
89.60469317436218,3.45,73143.46
89.6170027256012,3.44,73041.14
89.62925791740417,3.45,73400.13
89.6414999961853,3.44,73092.28
89.65380883216858,3.44,73002.82
89.66613578796387,3.45,73130.66
89.67841958999634,3.44,72926.25
89.69068646430969,3.45,73387.28
89.70299339294434,3.44,73105.07
89.71518301963806,3.45,73156.27
89.72738671302795,3.45,73130.66
89.73956203460693,3.44,72926.25
89.75175189971924,3.45,73348.69
89.76026821136475,3.45,73130.66
89.77259922027588,3.45,73130.66
89.78490424156189,3.45,73156.27
89.79727339744568,3.45,73130.66
89.80946755409241,3.45,73335.85
89.8217830657959,3.44,73092.28
89.8340311050415,3.44,73105.07
89.84633302688599,3.45,73117.86
89.85867381095886,3.44,73002.82
89.87089276313782,3.45,73335.85
89.88309073448181,3.45,73130.66
89.8952796459198,3.45,73117.86
89.9075083732605,3.44,73053.92
89.91970252990723,3.44,72926.25
89.9283218383789,3.45,73361.56
89.94064617156982,3.44,73066.7
89.9529435634613,3.44,73105.07
89.96519684791565,3.45,73284.47
89.97749996185303,3.44,72977.28
89.98969054222107,3.45,73400.13
90.00197672843933,3.44,73066.7
90.01423740386963,3.45,73130.66
90.02655744552612,3.45,73143.46
90.03879141807556,3.44,73079.48
90.05096244812012,3.45,73245.99
90.06322646141052,3.44,73066.7
90.07542562484741,3.45,73117.86
90.08759260177612,3.45,73143.46
90.09614682197571,3.44,72939.01
90.1084496974945,3.45,73310.15
90.12075686454773,3.45,73181.89
90.13303136825562,3.45,73207.52
90.14534258842468,3.45,73169.07
90.15764904022217,3.44,73079.48
90.16991233825684,3.45,73374.4
90.18219804763794,3.45,73181.89
90.19446063041687,3.45,73181.89
90.20670366287231,3.44,73105.07
90.21887230873108,3.44,72926.25
90.23110222816467,3.45,73413.01
90.24328827857971,3.45,73130.66
90.25178527832031,3.45,73130.66
90.26412296295166,3.45,73310.15
90.27635931968689,3.44,73053.92
90.2886290550232,3.45,73554.73
90.30096435546875,3.44,72990.04
90.31325125694275,3.45,73271.64
90.32550883293152,3.45,73156.27
90.33782529830933,3.44,72977.28
90.35022306442261,3.45,73413.01
90.36250066757202,3.44,73105.07
90.37462377548218,3.45,73130.66
90.38686227798462,3.45,73156.27
90.39903378486633,3.44,73002.82
90.41114211082458,3.45,73143.46
90.41989850997925,3.45,73117.86
90.43214893341064,3.45,73310.15
90.44447946548462,3.45,73207.52
90.45676684379578,3.45,73207.52
90.46896505355835,3.45,73258.8
90.48150658607483,3.45,73169.07
90.49371695518494,3.45,73194.69
90.50584173202515,3.45,73143.46
90.51813173294067,3.44,73053.92
90.53030490875244,3.45,73207.52
90.542551279068,3.45,73117.86
90.55475664138794,3.45,73297.32
90.56711316108704,3.44,73079.48
90.57571053504944,3.44,73015.58
90.58811497688293,3.45,73387.28
90.6004889011383,3.44,73028.37
90.61307835578918,3.45,73271.64
90.6252019405365,3.45,73297.32
90.63766169548035,3.44,73053.92
90.65027141571045,3.45,73374.4
90.66250014305115,3.44,72990.04
90.67458534240723,3.45,73181.89
90.68699598312378,3.45,73143.46
90.69916224479675,3.44,73053.92
90.71110892295837,3.45,73361.56
90.72330904006958,3.45,73130.66
90.73522090911865,3.45,73169.07
90.74437212944031,3.45,73207.52
90.7566728591919,3.45,73169.07
90.76906657218933,3.45,73245.99
90.78136491775513,3.45,73117.86
90.79380750656128,3.45,73284.47
90.80579614639282,3.45,73194.69
90.81813383102417,3.45,73117.86
90.83048295974731,3.45,73181.89
90.84277725219727,3.44,73079.48
90.8547637462616,3.45,73297.32
90.86699795722961,3.45,73233.16
90.8790717124939,3.44,72951.77
90.8910219669342,3.45,73245.99
90.90278434753418,3.44,73053.92
90.91138291358948,3.45,73284.47
90.92360925674438,3.45,73207.52
90.93585515022278,3.44,73041.14
90.94826674461365,3.45,73207.52
90.96050477027893,3.44,72926.25
90.97301959991455,3.45,73181.89
90.98544430732727,3.45,73143.46
90.99784278869629,3.44,72990.04
91.01020073890686,3.45,73271.64
91.0225236415863,3.44,72964.53
91.03458333015442,3.45,73323.01
91.04681086540222,3.45,73207.52
91.05898332595825,3.44,72977.28
91.06797122955322,3.45,73156.27
91.08031582832336,3.44,73041.14
91.09265041351318,3.45,73271.64
91.10465574264526,3.45,73194.69
91.11714625358582,3.44,73053.92
91.129478931427,3.45,73130.66
91.14181017875671,3.44,72926.25
91.15417337417603,3.45,73233.16
91.1662015914917,3.45,73156.27
91.17862844467163,3.44,72900.76
91.19062733650208,3.44,73105.07
91.20275640487671,3.44,72913.51
91.21453762054443,3.45,73207.52
91.22678899765015,3.44,73079.48
91.23583245277405,3.44,72939.01
91.24820303916931,3.45,73207.52
91.26054883003235,3.44,73066.7
91.27273440361023,3.45,73245.99
91.2848424911499,3.45,73169.07
91.29733729362488,3.44,72964.53
91.30967020988464,3.45,73181.89
91.32177209854126,3.44,72862.54
91.3343152999878,3.45,73220.32
91.34627604484558,3.44,73092.28
91.35839867591858,3.44,72977.28
91.37054657936096,3.45,73169.07
91.38261198997498,3.44,72875.28
91.3915069103241,3.45,73194.69
91.40453219413757,3.45,73181.89
91.41535663604736,3.44,72926.25
91.42793798446655,3.45,73156.27
91.44011163711548,3.44,72913.51
91.45277619361877,3.45,73233.16
91.46504974365234,3.45,73143.46
91.47756361961365,3.44,72951.77
91.48982620239258,3.45,73169.07
91.50218033790588,3.44,72926.25
91.51436185836792,3.45,73271.64
91.52629590034485,3.45,73117.86
91.53814697265625,3.44,73041.14
91.55042004585266,3.45,73169.07
91.55950784683228,3.44,73015.58
91.57161664962769,3.45,73323.01
91.58421039581299,3.45,73233.16
91.59633922576904,3.44,72951.77
91.60870313644409,3.45,73181.89
91.62106037139893,3.44,72926.25
91.63332629203796,3.45,73233.16
91.6452968120575,3.44,73079.48
91.6577398777008,3.44,73002.82
91.67012691497803,3.45,73169.07
91.6821620464325,3.44,72888.02
91.69430708885193,3.45,73245.99
91.70614957809448,3.44,73092.28
91.71824073791504,3.44,72888.02
91.7273895740509,3.44,73092.28
91.7397391796112,3.44,72977.28
91.75207471847534,3.45,73233.16
91.76437830924988,3.44,73105.07
91.77647590637207,3.44,72862.54
91.78867363929749,3.45,73156.27
91.80118417739868,3.44,72786.18
91.81320881843567,3.45,73207.52
91.82621240615845,3.44,73079.48
91.83807945251465,3.44,73079.48
91.84993839263916,3.45,73143.46
91.86201596260071,3.44,72875.28
91.87406635284424,3.45,73297.32
91.88599371910095,3.45,73156.27
91.89532399177551,3.44,73041.14
91.9073052406311,3.45,73220.32
91.91892170906067,3.44,73041.14
91.93116545677185,3.45,73335.85
91.94355487823486,3.45,73169.07
91.95580744743347,3.44,72977.28
91.9680004119873,3.45,73169.07
91.98080277442932,3.44,73015.58
91.99314260482788,3.45,73323.01
92.0051338672638,3.45,73117.86
92.01760077476501,3.44,72964.53
92.02979612350464,3.45,73130.66
92.04190230369568,3.44,72888.02
92.05104398727417,3.45,73207.52
92.06331777572632,3.45,73181.89
92.07561707496643,3.44,73028.37
92.08781313896179,3.45,73130.66
92.10022449493408,3.44,72939.01
92.11254858970642,3.45,73284.47
92.1248345375061,3.45,73117.86
92.13691687583923,3.44,73028.37
92.14929819107056,3.45,73169.07
92.16156005859375,3.44,72849.82
92.17351651191711,3.45,73348.69
92.18545508384705,3.45,73117.86
92.19771456718445,3.44,72849.82
92.2097156047821,3.45,73117.86
92.21883726119995,3.44,72977.28
92.23125958442688,3.45,73335.85
92.24355030059814,3.45,73156.27
92.25585579872131,3.44,73002.82
92.26798844337463,3.45,73130.66
92.28052306175232,3.44,72900.76
92.29270672798157,3.45,73297.32
92.30516815185547,3.44,73105.07
92.31716656684875,3.44,72990.04
92.32933163642883,3.45,73130.66
92.34143114089966,3.44,73002.82
92.35351729393005,3.45,73284.47
92.36541438102722,3.44,73092.28
92.37451934814453,3.44,73015.58
92.38666677474976,3.45,73233.16
92.39922094345093,3.44,73015.58
92.41146278381348,3.45,73413.01
92.42367172241211,3.44,73105.07
92.43581628799438,3.44,73002.82
92.44831156730652,3.44,73105.07
92.46058464050293,3.44,72951.77
92.47267580032349,3.45,73207.52
92.48519897460938,3.44,73092.28
92.49708533287048,3.44,72964.53
92.50925087928772,3.44,73066.7
92.52134466171265,3.44,72926.25
92.5333604812622,3.45,73310.15
92.54243397712708,3.44,73105.07
92.55491089820862,3.44,73066.7
92.56699109077454,3.45,73181.89
92.57944297790527,3.44,73066.7
92.59158825874329,3.45,73374.4
92.60396456718445,3.45,73130.66
92.61601662635803,3.44,72977.28
92.62844014167786,3.44,73015.58
92.64077305793762,3.44,73002.82
92.65294909477234,3.45,73284.47
92.6650333404541,3.45,73117.86
92.67707347869873,3.44,73066.7
92.68888235092163,3.45,73156.27
92.69809031486511,3.44,72990.04
92.71042943000793,3.45,73348.69
92.72260046005249,3.45,73143.46
92.7351484298706,3.44,73041.14
92.74718880653381,3.45,73143.46
92.75954031944275,3.44,72951.77
92.77206087112427,3.45,73169.07
92.78423476219177,3.44,73041.14
92.79633116722107,3.44,72964.53
92.80873775482178,3.45,73117.86
92.82080864906311,3.44,72939.01
92.83286261558533,3.45,73181.89
92.84490156173706,3.44,73002.82
92.8568799495697,3.44,72939.01
92.86584973335266,3.44,72990.04
92.8781385421753,3.44,72951.77
92.89027070999146,3.45,73271.64
92.90255951881409,3.45,73169.07
92.91417217254639,3.44,73053.92
92.92645168304443,3.44,73041.14
92.93866229057312,3.44,72977.28
92.95105242729187,3.45,73271.64
92.96336269378662,3.44,73028.37
92.97582983970642,3.44,73028.37
92.98815393447876,3.45,73117.86
93.00035119056702,3.44,72926.25
93.01268339157104,3.45,73271.64
93.02466702461243,3.44,73002.82
93.0342743396759,3.44,73028.37
93.04620099067688,3.45,73233.16
93.05852389335632,3.44,72964.53
93.0709319114685,3.45,73361.56
93.08321142196655,3.44,73066.7
93.09522318840027,3.44,72977.28
93.10771346092224,3.45,73156.27
93.12005496025085,3.44,72939.01
93.13240385055542,3.45,73284.47
93.14448070526123,3.44,73066.7
93.15632224082947,3.44,72951.77
93.16845417022705,3.45,73117.86
93.18050813674927,3.44,72824.35
93.189444065094,3.45,73297.32
93.2020332813263,3.45,73194.69
93.21427512168884,3.44,73002.82
93.22638773918152,3.44,73105.07
93.23894309997559,3.44,72977.28
93.25114154815674,3.45,73361.56
93.26338791847229,3.44,73079.48
93.27539658546448,3.44,72977.28
93.2878806591034,3.44,73079.48
93.3001983165741,3.44,72913.51
93.31219983100891,3.45,73297.32
93.32437324523926,3.45,73117.86
93.33627963066101,3.44,73053.92
93.34833550453186,3.45,73130.66
93.35745167732239,3.44,72990.04
93.36990261077881,3.45,73438.74
93.382253408432,3.45,73117.86
93.3944640159607,3.45,73130.66
93.40662932395935,3.44,73066.7
93.41903281211853,3.44,72951.77
93.43133568763733,3.45,73361.56
93.44361281394958,3.44,73066.7
93.45598268508911,3.44,73028.37
93.46803617477417,3.44,73092.28
93.48025941848755,3.44,73002.82
93.49215459823608,3.45,73284.47
93.50414299964905,3.44,73079.48
93.51321291923523,3.44,73041.14
93.52541971206665,3.45,73220.32
93.53768372535706,3.44,73105.07
93.55014300346375,3.45,73387.28
93.562335729599,3.45,73156.27
93.57457065582275,3.45,73117.86
93.58692073822021,3.44,73105.07
93.59924936294556,3.44,72964.53
93.61150622367859,3.45,73335.85
93.62355494499207,3.44,73066.7
93.63563752174377,3.44,73028.37
93.64786195755005,3.44,72977.28
93.65991950035095,3.44,72951.77
93.67170810699463,3.45,73258.8
93.6812264919281,3.44,73066.7
93.69336938858032,3.45,73207.52
93.70608043670654,3.45,73245.99
93.71770977973938,3.44,73002.82
93.73020625114441,3.45,73400.13
93.74253821372986,3.44,73079.48
93.75496888160706,3.44,73092.28
93.76734614372253,3.44,73105.07
93.77937436103821,3.44,72990.04
93.79160332679749,3.45,73284.47
93.80367398262024,3.44,73053.92
93.81565642356873,3.44,73053.92
93.82759594917297,3.44,73066.7
93.83826541900635,3.44,72951.77
93.84899878501892,3.45,73451.62
93.8610954284668,3.45,73169.07
93.87326622009277,3.45,73194.69
93.88590097427368,3.44,73053.92
93.89805841445923,3.44,72964.53
93.90950632095337,3.45,73271.64
93.92167806625366,3.44,73053.92
93.93395972251892,3.45,73117.86
93.94633507728577,3.44,73105.07
93.95854306221008,3.44,72951.77
93.9710853099823,3.45,73348.69
93.98330044746399,3.44,73066.7
93.99525046348572,3.45,73143.46
94.00443053245544,3.45,73181.89
94.01657962799072,3.44,73066.7
94.02927899360657,3.45,73541.84
94.04154133796692,3.44,73105.07
94.05389261245728,3.45,73169.07
94.06611609458923,3.45,73156.27
94.07839441299438,3.44,72939.01
94.09060764312744,3.45,73335.85
94.10313844680786,3.45,73130.66
94.11526393890381,3.44,73092.28
94.12731575965881,3.44,73092.28
94.13915824890137,3.44,72926.25
94.15137124061584,3.45,73258.8
94.16323256492615,3.44,73028.37
94.17284345626831,3.44,73041.14
94.18511199951172,3.45,73169.07
94.19711828231812,3.45,73117.86
94.20946168899536,3.45,73245.99
94.22183108329773,3.44,73079.48
94.23411059379578,3.45,73130.66
94.24622964859009,3.45,73143.46
94.25852036476135,3.44,72977.28
94.27093267440796,3.45,73361.56
94.28320097923279,3.44,73105.07
94.29495811462402,3.45,73156.27
94.30710077285767,3.45,73169.07
94.31917428970337,3.44,72939.01
94.32820296287537,3.45,73323.01
94.34031629562378,3.45,73156.27
94.35295677185059,3.45,73207.52
94.36523604393005,3.45,73130.66
94.37730431556702,3.44,72900.76
94.38977885246277,3.45,73169.07
94.4021544456482,3.44,72977.28
94.41437292098999,3.44,73066.7
94.42645502090454,3.45,73117.86
94.43890261650085,3.44,72849.82
94.4509630203247,3.45,73245.99
94.46293926239014,3.44,72888.02
94.47474455833435,3.44,72849.82
94.4870834350586,3.44,72913.51
94.49598503112793,3.44,72748.05
94.50841331481934,3.44,73079.48
94.5208158493042,3.44,73002.82
94.53316736221313,3.44,73066.7
94.54536938667297,3.44,73002.82
94.55753779411316,3.44,72888.02
94.56994080543518,3.45,73130.66
94.58224201202393,3.44,73015.58
94.59459471702576,3.45,73181.89
94.6064932346344,3.44,73041.14
94.61866402626038,3.44,72849.82
94.630446434021,3.45,73156.27
94.64275574684143,3.44,72951.77
94.6518566608429,3.45,73130.66
94.66412949562073,3.45,73181.89
94.6762022972107,3.44,72888.02
94.6877760887146,3.45,73233.16
94.69992208480835,3.44,72824.35
94.71222615242004,3.44,73015.58
94.724853515625,3.44,72951.77
94.73710560798645,3.44,72913.51
94.74959254264832,3.45,73245.99
94.76205325126648,3.44,72913.51
94.77430057525635,3.44,73053.92
94.78664565086365,3.44,73015.58
94.79851222038269,3.44,72900.76
94.81059050559998,3.45,73297.32
94.8197672367096,3.44,73028.37
94.83209347724915,3.45,73156.27
94.84436225891113,3.44,73066.7
94.85767364501953,3.44,72951.77
94.86863684654236,3.45,73143.46
94.8811366558075,3.44,73066.7
94.89341235160828,3.44,73105.07
94.90554022789001,3.44,72977.28
94.91707801818848,3.44,72824.35
94.92921471595764,3.44,73066.7
94.94141888618469,3.44,72977.28
94.95370864868164,3.44,73092.28
94.96580362319946,3.44,73015.58
94.97468948364258,3.44,72875.28
94.98665809631348,3.45,73297.32
94.9990234375,3.45,73245.99
95.01136827468872,3.45,73169.07
95.02371644973755,3.45,73130.66
95.03601217269897,3.44,72862.54
95.04829907417297,3.45,73181.89
95.06059002876282,3.44,72862.54
95.07304763793945,3.44,73079.48
95.08523392677307,3.44,73053.92
95.09774255752563,3.44,72900.76
95.11004114151001,3.45,73207.52
95.12213087081909,3.44,72900.76
95.13421869277954,3.44,73015.58
95.14328265190125,3.44,73041.14
95.15568709373474,3.44,73002.82
95.1679413318634,3.45,73130.66
95.18034815788269,3.44,72951.77
95.19250798225403,3.44,73105.07
95.20493745803833,3.45,73117.86
95.21696305274963,3.44,72862.54
95.22930788993835,3.44,72977.28
95.24155926704407,3.44,72913.51
95.2538788318634,3.45,73156.27
95.26572275161743,3.44,73028.37
95.27786803245544,3.44,72837.08
95.28985452651978,3.44,73041.14
95.30188322067261,3.44,72964.53
95.31131601333618,3.45,73169.07
95.3235547542572,3.45,73130.66
95.33568143844604,3.44,72849.82
95.34815287590027,3.45,73169.07
95.36038970947266,3.44,72811.63
95.37282991409302,3.44,73105.07
95.38513565063477,3.44,73105.07
95.39730143547058,3.44,72786.18
95.40953731536865,3.45,73169.07
95.42175769805908,3.44,72760.77
95.43371415138245,3.45,73143.46
95.44567823410034,3.44,73066.7
95.45772671699524,3.44,72849.82
95.46681094169617,3.44,73079.48
95.47926163673401,3.44,72926.25
95.49126410484314,3.45,73271.64
95.50382447242737,3.44,73053.92
95.51582646369934,3.44,72849.82
95.52828025817871,3.44,72926.25
95.54046082496643,3.44,72748.05
95.55293369293213,3.45,73130.66
95.56539916992188,3.44,72951.77
95.5774929523468,3.44,72760.77
95.58956623077393,3.44,73002.82
95.60152840614319,3.44,72773.47
95.61363291740417,3.45,73181.89
95.62542080879211,3.44,72977.28
95.63483905792236,3.44,72760.77
95.6468756198883,3.44,73053.92
95.65938305854797,3.44,72964.53
95.67171025276184,3.45,73143.46
95.68405818939209,3.44,72977.28
95.69604825973511,3.44,72773.47
95.70843052864075,3.44,72875.28
95.72095131874084,3.44,72824.35
95.73319625854492,3.45,73117.86
95.74536776542664,3.44,72964.53
95.75714325904846,3.44,72760.77
95.76941990852356,3.44,73053.92
95.7814712524414,3.44,72837.08
95.79048538208008,3.44,73066.7
95.80277466773987,3.44,73041.14
95.8151535987854,3.44,72913.51
95.82725811004639,3.44,72926.25
95.8397707939148,3.44,72722.64
95.85192322731018,3.44,73053.92
95.86426544189453,3.44,72964.53
95.87638020515442,3.44,72760.77
95.88885641098022,3.44,72964.53
95.90092873573303,3.44,72709.95
95.9128589630127,3.45,73245.99
95.92442274093628,3.44,72951.77
95.93655824661255,3.44,72748.05
95.94874858856201,3.44,73015.58
95.95728516578674,3.44,72760.77
95.96969294548035,3.45,73220.32
95.98202586174011,3.44,73028.37
95.99451446533203,3.44,72798.91
96.00685739517212,3.44,72939.01
96.01934313774109,3.44,72811.63
96.03226613998413,3.44,73092.28
96.04437589645386,3.44,72900.76
96.05702352523804,3.44,72798.91
96.06884336471558,3.44,72888.02
96.08095788955688,3.44,72760.77
96.09300971031189,3.44,73079.48
96.1050910949707,3.44,72926.25
96.11686086654663,3.44,72722.64
96.1263039112091,3.44,72977.28
96.13852143287659,3.44,72773.47
96.15090727806091,3.44,73079.48
96.16333651542664,3.44,72951.77
96.17538619041443,3.44,72875.28
96.1875786781311,3.44,72926.25
96.2000482082367,3.44,72722.64
96.21238994598389,3.45,73117.86
96.22446370124817,3.44,73002.82
96.2365493774414,3.44,72760.77
96.24881410598755,3.44,72964.53
96.26089358329773,3.44,72671.87
96.27289605140686,3.44,73066.7
96.28208518028259,3.44,72926.25
96.29419279098511,3.44,72926.25
96.30632138252258,3.44,73015.58
96.31874489784241,3.44,72735.35
96.33114051818848,3.44,73105.07
96.34335589408875,3.44,72977.28
96.35574460029602,3.44,72773.47
96.36792707443237,3.44,72964.53
96.38028740882874,3.44,72824.35
96.39240431785583,3.45,73130.66
96.40452861785889,3.44,72939.01
96.4165449142456,3.44,72798.91
96.42858362197876,3.44,72964.53
96.44052648544312,3.44,72875.28
96.44984936714172,3.44,73092.28
96.46231079101562,3.44,72990.04
96.47428345680237,3.44,72849.82
96.4865791797638,3.45,73117.86
96.49900364875793,3.44,72811.63
96.51138710975647,3.45,73207.52
96.52377510070801,3.44,72900.76
96.53597378730774,3.44,72709.95
96.5481231212616,3.44,73002.82
96.56038546562195,3.44,72811.63
96.57242059707642,3.45,73220.32
96.58450961112976,3.44,72862.54
96.59642100334167,3.44,72697.25
96.6056821346283,3.44,72939.01
96.61780333518982,3.44,72646.5
96.63005065917969,3.45,73220.32
96.64233183860779,3.44,72964.53
96.65466713905334,3.44,72837.08
96.6669192314148,3.44,72926.25
96.67902255058289,3.44,72722.64
96.69053816795349,3.45,73117.86
96.70282363891602,3.44,72990.04
96.71558833122253,3.44,72798.91
96.72766256332397,3.44,72964.53
96.74023079872131,3.44,72824.35
96.7522611618042,3.45,73117.86
96.76432180404663,3.44,72913.51
96.77354836463928,3.44,72735.35
96.78599166870117,3.44,72913.51
96.79794812202454,3.44,72773.47
96.81032681465149,3.45,73117.86
96.82270431518555,3.44,72900.76
96.83496856689453,3.44,72659.17
96.84698271751404,3.44,72913.51
96.85938024520874,3.44,72773.47
96.87176418304443,3.44,73092.28
96.88399505615234,3.44,72913.51
96.89590787887573,3.44,72646.5
96.90784430503845,3.44,72939.01
96.91955471038818,3.44,72621.13
96.93170142173767,3.45,73156.27
96.94036149978638,3.44,72939.01
96.9525978565216,3.44,72888.02
96.96498107910156,3.44,72951.77
96.97738718986511,3.44,72760.77
96.989994764328,3.44,73079.48
97.00224137306213,3.44,72824.35
97.0146656036377,3.44,72837.08
97.02697658538818,3.44,72888.02
97.03949475288391,3.44,72748.05
97.05185008049011,3.44,73092.28
97.0638644695282,3.44,72951.77
97.07583355903625,3.44,72786.18
97.08783173561096,3.44,72862.54
97.09695267677307,3.44,72684.55
97.10922145843506,3.45,73258.8
97.12166047096252,3.44,72926.25
97.13368153572083,3.44,72773.47
97.14588451385498,3.44,72977.28
97.15809416770935,3.44,72735.35
97.17069172859192,3.45,73130.66
97.18310260772705,3.44,72862.54
97.19528555870056,3.44,72798.91
97.2076210975647,3.44,72913.51
97.21973538398743,3.44,72722.64
97.23166584968567,3.45,73169.07
97.24365043640137,3.44,72926.25
97.25552320480347,3.44,72798.91
97.26515674591064,3.44,72951.77
97.27720165252686,3.44,72786.18
97.28943490982056,3.45,73181.89
97.30191135406494,3.44,72888.02
97.31412768363953,3.44,72824.35
97.32619309425354,3.44,72824.35
97.33856511116028,3.44,72709.95
97.35089159011841,3.44,73079.48
97.36329388618469,3.44,72773.47
97.3751118183136,3.44,72786.18
97.38754439353943,3.44,72837.08
97.39940309524536,3.44,72646.5
97.41151595115662,3.44,73028.37
97.42061185836792,3.44,72786.18
97.43300819396973,3.44,72913.51
97.44530081748962,3.44,72964.53
97.45750093460083,3.44,72811.63
97.46965622901917,3.45,73143.46
97.48213768005371,3.44,72837.08
97.49425458908081,3.44,72722.64
97.50665736198425,3.44,72875.28
97.51882314682007,3.44,72697.25
97.53128361701965,3.44,73066.7
97.54313135147095,3.44,72849.82
97.55517959594727,3.44,72773.47
97.56722259521484,3.44,72837.08
97.57918739318848,3.44,72608.45
97.58846354484558,3.44,73105.07
97.6008813381195,3.44,73002.82
97.61304807662964,3.44,72900.76
97.62516498565674,3.44,72722.64
97.63756442070007,3.44,72735.35
97.6499559879303,3.44,73079.48
97.66218638420105,3.44,72748.05
97.67471814155579,3.44,72862.54
97.68679308891296,3.44,72862.54
97.69890546798706,3.44,72837.08
97.71096873283386,3.45,73156.27
97.723064661026,3.44,72964.53
97.7350389957428,3.44,72798.91
97.74409198760986,3.44,72798.91
97.75662326812744,3.44,72875.28
97.76877236366272,3.45,73169.07
97.78107166290283,3.44,72900.76
97.79326725006104,3.44,72964.53
97.80583429336548,3.44,72875.28
97.81762504577637,3.44,72760.77
97.83012437820435,3.44,72913.51
97.84220933914185,3.44,72773.47
97.85476469993591,3.44,72849.82
97.86771488189697,3.44,72837.08
97.87879920005798,3.44,72722.64
97.89075064659119,3.44,73092.28
97.90296220779419,3.44,72773.47
97.91188788414001,3.44,72773.47
97.9233705997467,3.44,72875.28
97.93567514419556,3.44,72671.87
97.94793152809143,3.44,73105.07
97.96034812927246,3.44,72798.91
97.97255825996399,3.44,72798.91
97.9851598739624,3.44,72722.64
97.9974410533905,3.44,72646.5
98.00988125801086,3.44,73053.92
98.02226734161377,3.44,72722.64
98.03462481498718,3.44,72875.28
98.04638195037842,3.44,72926.25
98.05862021446228,3.44,72722.64
98.06770253181458,3.44,73079.48
98.08000493049622,3.44,72913.51
98.09207224845886,3.44,72888.02
98.10462093353271,3.44,72875.28
98.11692118644714,3.44,72684.55
98.12909388542175,3.45,73156.27
98.14168787002563,3.44,72875.28
98.15386509895325,3.44,72773.47
98.1661467552185,3.44,72824.35
98.17827153205872,3.44,72671.87
98.19038462638855,3.44,73066.7
98.2024598121643,3.44,72824.35
98.21461033821106,3.44,72837.08
98.22626042366028,3.44,72824.35
98.23587250709534,3.44,72760.77
98.24767518043518,3.45,73194.69
98.26015305519104,3.44,72888.02
98.27259469032288,3.44,72837.08
98.2848768234253,3.44,72824.35
98.2969262599945,3.44,72697.25
98.30918836593628,3.45,73130.66
98.32170486450195,3.44,72849.82
98.33411240577698,3.44,72875.28
98.34624648094177,3.44,72977.28
98.35799956321716,3.44,72722.64
98.37020754814148,3.44,73092.28
98.38238549232483,3.44,72798.91
98.39435076713562,3.44,72811.63
98.40362572669983,3.44,72811.63
98.41598701477051,3.44,72722.64
98.42805695533752,3.45,73194.69
98.4405415058136,3.44,72811.63
98.45286440849304,3.44,72786.18
98.46502566337585,3.44,73015.58
98.47707056999207,3.44,72748.05
98.48951196670532,3.45,73181.89
98.50199294090271,3.44,72849.82
98.51404809951782,3.44,72837.08
98.52598357200623,3.44,72824.35
98.53810477256775,3.44,72608.45
98.55011367797852,3.44,72875.28
98.55903220176697,3.44,72697.25
98.5715434551239,3.44,72875.28
98.58386707305908,3.44,72824.35
98.59624028205872,3.44,72709.95
98.60826969146729,3.44,72977.28
98.62065482139587,3.44,72811.63
98.6329755783081,3.44,72862.54
98.64520239830017,3.44,72837.08
98.65729641914368,3.44,72709.95
98.66977000236511,3.44,73015.58
98.68183326721191,3.44,72684.55
98.69394397735596,3.44,72824.35
98.7059211730957,3.44,72849.82
98.71775603294373,3.44,72659.17
98.72701621055603,3.44,73028.37
98.73934507369995,3.44,72722.64
98.75172996520996,3.44,72862.54
98.76395535469055,3.44,72951.77
98.77618145942688,3.44,72684.55
98.78848171234131,3.44,73105.07
98.8009181022644,3.44,72760.77
98.81334090232849,3.44,72786.18
98.82536888122559,3.44,72837.08
98.83744645118713,3.44,72633.81
98.84964489936829,3.44,72939.01
98.861661195755,3.44,72735.35
98.87377977371216,3.44,72748.05
98.88272333145142,3.44,72760.77
98.8950605392456,3.44,72786.18
98.90767002105713,3.44,72837.08
98.91938066482544,3.44,72837.08
98.93091154098511,3.44,72900.76
98.94317841529846,3.44,72773.47
98.95548486709595,3.44,72722.64
98.96784019470215,3.44,72951.77
98.98098254203796,3.44,72735.35
98.99329447746277,3.44,72824.35
99.00537371635437,3.44,72798.91
99.017338514328,3.44,72633.81
99.02956891059875,3.44,72913.51
99.0413601398468,3.44,72760.77
99.05068278312683,3.44,72849.82
99.06309676170349,3.44,72900.76
99.07550597190857,3.44,72697.25
99.08759331703186,3.44,73079.48
99.09982085227966,3.44,72633.81
99.11212611198425,3.44,72735.35
99.12453699111938,3.44,72837.08
99.13698148727417,3.44,72621.13
99.14892101287842,3.44,72977.28
99.1611716747284,3.44,72722.64
99.17334318161011,3.44,72811.63
99.18531656265259,3.44,72709.95
99.19713425636292,3.44,72557.78
99.20925283432007,3.44,72671.87
99.21851682662964,3.44,72608.45
99.2308280467987,3.44,72888.02
99.24301671981812,3.44,72786.18
99.2555422782898,3.44,72621.13
99.26780343055725,3.44,72798.91
99.28021430969238,3.44,72671.87
99.29225182533264,3.44,72811.63
99.30465698242188,3.44,72798.91
99.31697392463684,3.44,72697.25
99.3290855884552,3.44,72837.08
99.34095788002014,3.44,72773.47
99.353107213974,3.44,72862.54
99.36524558067322,3.44,72722.64
99.37429785728455,3.44,72633.81
99.38657593727112,3.44,73041.14
99.39898657798767,3.44,72798.91
99.41117715835571,3.44,72824.35
99.42338466644287,3.44,72849.82
99.43585133552551,3.44,72608.45
99.44813132286072,3.44,72913.51
99.46023678779602,3.44,72570.45
99.47235107421875,3.44,72760.77
99.48480939865112,3.44,72786.18
99.4969310760498,3.44,72621.13
99.50880670547485,3.44,72951.77
99.52076005935669,3.44,72583.12
99.53302502632141,3.44,72697.25
99.54220151901245,3.44,72697.25
99.55447936058044,3.44,72786.18
99.56683897972107,3.44,72862.54
99.5789635181427,3.44,72735.35
99.59125971794128,3.44,72875.28
99.60360884666443,3.44,72824.35
99.61589884757996,3.44,72583.12
99.62816786766052,3.44,72798.91
99.64058470726013,3.44,72646.5
99.65260338783264,3.44,72951.77
99.66475820541382,3.44,72798.91
99.676766872406,3.44,72646.5
99.68883061408997,3.44,72837.08
99.6978759765625,3.44,72824.35
99.70997095108032,3.44,72939.01
99.72242021560669,3.44,72824.35
99.73468065261841,3.44,72709.95
99.74711799621582,3.44,72875.28
99.75918745994568,3.44,72481.86
99.7713372707367,3.44,72875.28
99.78381705284119,3.44,72888.02
99.79614877700806,3.44,72595.78
99.80865907669067,3.44,72926.25
99.82056188583374,3.44,72519.8
99.83245134353638,3.44,72875.28
99.84458947181702,3.44,72773.47
99.85654878616333,3.44,72646.5
99.86592364311218,3.44,72977.28
99.87799191474915,3.44,72646.5
99.89031648635864,3.44,72926.25
99.90250086784363,3.44,72773.47
99.91463112831116,3.44,72684.55
99.92628765106201,3.44,72773.47
99.93843245506287,3.44,72646.5
99.95073652267456,3.44,72964.53
99.96309781074524,3.44,72824.35
99.97521781921387,3.44,72697.25
99.98774552345276,3.44,72862.54
100.00005269050598,3.44,72659.17
100.0123393535614,3.44,72977.28
100.02116870880127,3.44,72837.08
100.03340005874634,3.44,72748.05
100.04594659805298,3.44,72862.54
100.05845642089844,3.44,72773.47
100.07062363624573,3.44,72951.77
100.08258891105652,3.44,72849.82
100.0941834449768,3.44,72671.87
100.10639762878418,3.44,72837.08
100.11871433258057,3.44,72621.13
100.13098239898682,3.44,72837.08
100.1431655883789,3.44,72748.05
100.15556120872498,3.44,72583.12
100.16781210899353,3.44,72748.05
100.17998623847961,3.44,72519.8
100.18867564201355,3.44,72875.28
100.20111775398254,3.44,72888.02
100.21363019943237,3.44,72735.35
100.22606253623962,3.44,72811.63
100.238352060318,3.44,72583.12
100.25080180168152,3.44,72913.51
100.26309633255005,3.44,72824.35
100.2753176689148,3.44,72608.45
100.28765487670898,3.44,72837.08
100.30000066757202,3.44,72646.5
100.31179904937744,3.44,73002.82
100.32388377189636,3.44,72862.54
100.33595418930054,3.44,72646.5
100.34496521949768,3.44,72773.47
100.35724806785583,3.44,72773.47
100.36961579322815,3.44,73079.48
100.3818588256836,3.44,72964.53
100.39405369758606,3.44,72659.17
100.4063880443573,3.44,72849.82
100.41877722740173,3.44,72646.5
100.43113589286804,3.44,72913.51
100.44312191009521,3.44,72824.35
100.45552515983582,3.44,72659.17
100.46773195266724,3.44,72900.76
100.47982215881348,3.44,72583.12
100.49195003509521,3.44,72913.51
100.50364542007446,3.44,72811.63
100.51292085647583,3.44,72570.45
100.52510380744934,3.44,72888.02
100.53744506835938,3.44,72621.13
100.54984974861145,3.44,73079.48
100.56210350990295,3.44,72875.28
100.57428050041199,3.44,72684.55
100.58659768104553,3.44,72824.35
100.59893774986267,3.44,72532.46
100.61112809181213,3.44,72977.28
100.62350082397461,3.44,72875.28
100.63546299934387,3.44,72595.78
100.64765214920044,3.44,72786.18
100.65942740440369,3.44,72557.78
100.67150640487671,3.44,72951.77
100.68092322349548,3.44,72900.76
100.69299864768982,3.44,72748.05
100.70530796051025,3.44,72786.18
100.71781921386719,3.44,72684.55
100.73010325431824,3.44,72990.04
100.74250888824463,3.44,72811.63
100.7543272972107,3.44,72646.5
100.76680135726929,3.44,72824.35
100.77907609939575,3.44,72671.87
100.79136943817139,3.44,72913.51
100.80355739593506,3.44,72849.82
100.81524634361267,3.44,72633.81
100.827392578125,3.44,72900.76
100.83648157119751,3.44,72646.5
100.84881925582886,3.44,73053.92
100.86100578308105,3.44,72862.54
100.87357544898987,3.44,72684.55
100.88546538352966,3.44,72786.18
100.89781928062439,3.44,72671.87
100.91006994247437,3.44,72990.04
100.92228055000305,3.44,72786.18
100.93380808830261,3.44,72633.81
100.94599795341492,3.44,72824.35
100.95817112922668,3.44,72621.13
100.97045111656189,3.44,73041.14
100.9826238155365,3.44,72798.91
100.99503087997437,3.44,72646.5
101.00380897521973,3.44,72760.77
101.01611399650574,3.44,72659.17
101.02843379974365,3.44,73041.14
101.04091143608093,3.44,72951.77
101.05372858047485,3.44,72837.08
101.06575465202332,3.44,72849.82
101.0780758857727,3.44,72722.64
101.0905179977417,3.44,72964.53
101.10276508331299,3.44,72786.18
101.11502265930176,3.44,72684.55
101.12667632102966,3.44,72760.77
101.13892841339111,3.44,72684.55
101.15101265907288,3.44,72990.04
101.15987801551819,3.44,72837.08
101.17244005203247,3.44,72773.47
101.18468117713928,3.44,72824.35
101.19684863090515,3.44,72595.78
101.20921921730042,3.44,72773.47
101.22152614593506,3.44,72583.12
101.23392009735107,3.44,72532.46
101.24605917930603,3.44,72621.13
101.25838041305542,3.44,72494.52
101.270676612854,3.44,72811.63
101.28277516365051,3.44,72697.25
101.29477214813232,3.44,72507.16
101.30677247047424,3.44,72709.95
101.31893372535706,3.44,72532.46
101.32792472839355,3.44,72849.82
101.34028339385986,3.44,72659.17
101.35258769989014,3.44,72633.81
101.36497235298157,3.44,72811.63
101.3769371509552,3.44,72608.45
101.38952326774597,3.44,72926.25
101.40178227424622,3.44,72671.87
101.41417121887207,3.44,72684.55
101.42604374885559,3.44,72760.77
101.43848729133606,3.44,72583.12
101.45061421394348,3.44,72875.28
101.46257877349854,3.44,72621.13
101.47451114654541,3.44,72557.78
101.48653721809387,3.44,72646.5
101.49579811096191,3.44,72595.78
101.50816488265991,3.44,73041.14
101.5205602645874,3.44,72760.77
101.5327889919281,3.44,72684.55
101.54507040977478,3.44,72760.77
101.55728888511658,3.44,72583.12
101.56962704658508,3.44,72875.28
101.58198738098145,3.44,72748.05
101.59401655197144,3.44,72557.78
101.6066837310791,3.44,72773.47
101.61826658248901,3.44,72646.5
101.63052344322205,3.44,72964.53
101.64253830909729,3.44,72824.35
101.65158557891846,3.44,72621.13
101.66380977630615,3.44,72837.08
101.67590284347534,3.44,72735.35
101.68841409683228,3.44,73002.82
101.70077443122864,3.44,72888.02
101.71300935745239,3.44,72748.05
101.72532296180725,3.44,72748.05
101.7375237941742,3.44,72595.78
101.7497911453247,3.44,72939.01
101.7620542049408,3.44,72684.55
101.77415323257446,3.44,72722.64
101.78621339797974,3.44,72735.35
101.79813981056213,3.44,72646.5
101.80993866920471,3.44,72926.25
101.81944799423218,3.44,72760.77
101.83187127113342,3.44,72760.77
101.84389281272888,3.44,72786.18
101.85655736923218,3.44,72671.87
101.8685872554779,3.44,73028.37
101.88085174560547,3.44,72735.35
101.8934588432312,3.44,72570.45
101.90556383132935,3.44,72798.91
101.9176516532898,3.44,72633.81
101.92923283576965,3.44,72964.53
101.94119024276733,3.44,72722.64
101.95331811904907,3.44,72595.78
101.96553015708923,3.44,72722.64
101.97400999069214,3.44,72532.46
101.9864330291748,3.44,73066.7
101.99911546707153,3.44,72900.76
102.01132726669312,3.44,72722.64
102.02352094650269,3.44,72875.28
102.03614282608032,3.44,72684.55
102.04878997802734,3.44,72951.77
102.06092405319214,3.44,72811.63
102.07353448867798,3.44,72735.35
102.08571553230286,3.44,72760.77
102.09779977798462,3.44,72595.78
102.10990047454834,3.44,73015.58
102.12188076972961,3.44,72722.64
102.13380146026611,3.44,72722.64
102.14328670501709,3.44,72722.64
102.15537095069885,3.44,72735.35
102.16762614250183,3.44,73028.37
102.17996048927307,3.44,72760.77
102.19220685958862,3.44,72760.77
102.20426797866821,3.44,72786.18
102.21678328514099,3.44,72659.17
102.2289674282074,3.44,72951.77
102.24144148826599,3.44,72722.64
102.2537534236908,3.44,72709.95
102.26557087898254,3.44,72735.35
102.27741074562073,3.44,72583.12
102.28971529006958,3.44,73053.92
102.30163264274597,3.44,72786.18
102.3107967376709,3.44,72773.47
102.32340168952942,3.44,72913.51
102.33547163009644,3.44,72811.63
102.34780073165894,3.44,72951.77
102.36029934883118,3.44,72697.25
102.37255620956421,3.44,72722.64
102.38463234901428,3.44,72709.95
102.39694404602051,3.44,72633.81
102.40933585166931,3.44,72977.28
102.42153358459473,3.44,72760.77
102.43344020843506,3.44,72798.91
102.44557523727417,3.44,72735.35
102.45758986473083,3.44,72633.81
102.46658039093018,3.44,72977.28
102.4787950515747,3.44,72811.63
102.49130296707153,3.44,72811.63
102.50367212295532,3.44,72900.76
102.51565980911255,3.44,72646.5
102.52785301208496,3.44,72939.01
102.5404486656189,3.44,72786.18
102.55280876159668,3.44,72684.55
102.56489968299866,3.44,72837.08
102.57717609405518,3.44,72633.81
102.58923602104187,3.44,73015.58
102.60131072998047,3.44,72735.35
102.61311149597168,3.44,72773.47
102.62526869773865,3.44,72748.05
102.63432693481445,3.44,72583.12
102.64683842658997,3.44,73041.14
102.65930032730103,3.44,72837.08
102.67146015167236,3.44,72773.47
102.68392658233643,3.44,72811.63
102.69591522216797,3.44,72608.45
102.70838975906372,3.44,72990.04
102.72060227394104,3.44,72671.87
102.73299360275269,3.44,72671.87
102.74488139152527,3.44,72659.17
102.75713109970093,3.44,72532.46
102.76909136772156,3.44,72900.76
102.78111433982849,3.44,72633.81
102.79008078575134,3.44,72709.95
102.802481174469,3.44,72913.51
102.81450986862183,3.44,72697.25
102.82717847824097,3.44,73053.92
102.83934950828552,3.44,72735.35
102.8516149520874,3.44,72811.63
102.86402893066406,3.44,72786.18
102.87620139122009,3.44,72621.13
102.88851356506348,3.44,72888.02
102.90077781677246,3.44,72760.77
102.91278576850891,3.44,72684.55
102.92500734329224,3.44,72760.77
102.93666362762451,3.44,72532.46
102.94847464561462,3.44,72939.01
102.95706677436829,3.44,72671.87
102.96934008598328,3.44,72773.47
102.98177742958069,3.44,72786.18
102.99396848678589,3.44,72621.13
103.00658988952637,3.44,73066.7
103.01909279823303,3.44,72709.95
103.0313618183136,3.44,72798.91
103.04379272460938,3.44,72786.18
103.05629181861877,3.44,72532.46
103.06867814064026,3.44,72990.04
103.0807375907898,3.44,72671.87
103.09275317192078,3.44,72798.91
103.10465383529663,3.44,72709.95
103.11664605140686,3.44,72633.81
103.12596821784973,3.45,73130.66
103.1384847164154,3.44,72760.77
103.15066075325012,3.44,72862.54
103.16289591789246,3.44,72798.91
103.1749210357666,3.44,72646.5
103.18746781349182,3.44,73079.48
103.1998450756073,3.44,72773.47
103.21181416511536,3.44,72811.63
103.2241678237915,3.44,72824.35
103.2363612651825,3.44,72671.87
103.24854707717896,3.44,72990.04
103.26036167144775,3.44,72760.77
103.27256917953491,3.44,72773.47
103.28183317184448,3.44,72760.77
103.2941677570343,3.44,72684.55
103.30617928504944,3.44,72990.04
103.31861305236816,3.44,72798.91
103.33086156845093,3.44,72849.82
103.34337043762207,3.44,72748.05
103.35536503791809,3.44,72608.45
103.36775541305542,3.44,72977.28
103.37994980812073,3.44,72709.95
103.39233756065369,3.44,72748.05
103.40404343605042,3.44,72722.64
103.41631841659546,3.44,72671.87
103.42831611633301,3.44,73053.92
103.44026803970337,3.44,72722.64
103.44965958595276,3.44,72760.77
103.46166610717773,3.44,72875.28
103.47411394119263,3.44,72684.55
103.48638916015625,3.44,73053.92
103.49875783920288,3.44,72684.55
103.51106715202332,3.44,72786.18
103.52344250679016,3.44,72722.64
103.53564953804016,3.44,72633.81
103.54794049263,3.44,73066.7
103.56012058258057,3.44,72735.35
103.5720624923706,3.44,72773.47
103.58405303955078,3.44,72786.18
103.59619116783142,3.44,72507.16
103.60503125190735,3.44,72773.47
103.61713290214539,3.44,72837.08
103.62904477119446,3.44,72888.02
103.64150142669678,3.44,72849.82
103.65394306182861,3.44,72786.18
103.66655468940735,3.44,72939.01
103.67878580093384,3.44,72709.95
103.6913161277771,3.44,72926.25
103.70367240905762,3.44,72709.95
103.71574568748474,3.44,72583.12
103.72775149345398,3.44,72900.76
103.73990774154663,3.44,72722.64
103.75207781791687,3.44,72811.63
103.76392984390259,3.44,72722.64
103.77333807945251,3.44,72494.52
103.78544402122498,3.44,73079.48
103.79780840873718,3.44,72709.95
103.81014084815979,3.44,72913.51
103.82245945930481,3.44,72786.18
103.83440518379211,3.44,72633.81
103.8468496799469,3.44,72990.04
103.85921478271484,3.44,72633.81
103.87155151367188,3.44,72760.77
103.88381552696228,3.44,72659.17
103.89557123184204,3.44,72557.78
103.9078049659729,3.44,72990.04
103.91982460021973,3.44,72773.47
103.93180131912231,3.44,72697.25
103.94089770317078,3.44,72748.05
103.95242881774902,3.44,72722.64
103.96463203430176,3.44,72824.35
103.97690653800964,3.44,72786.18
103.98932242393494,3.44,72798.91
104.00155282020569,3.44,72773.47
104.01432871818542,3.44,72532.46
104.02644109725952,3.44,72798.91
104.03900790214539,3.44,72684.55
104.05127930641174,3.44,72849.82
104.06359791755676,3.44,72811.63
104.07547426223755,3.44,72583.12
104.08762192726135,3.44,72888.02
104.09672713279724,3.44,72697.25
104.10906863212585,3.44,72862.54
104.12144160270691,3.44,72837.08
104.13369822502136,3.44,72583.12
104.1456847190857,3.44,72824.35
104.15808200836182,3.44,72570.45
104.17041420936584,3.44,72786.18
104.18275666236877,3.44,72773.47
104.19488382339478,3.44,72595.78
104.20701718330383,3.44,72888.02
104.21933817863464,3.44,72608.45
104.23135232925415,3.44,72722.64
104.24348020553589,3.44,72646.5
104.25532341003418,3.44,72595.78
104.26490449905396,3.44,72837.08
104.27680277824402,3.44,72659.17
104.28921818733215,3.44,72811.63
104.3016927242279,3.44,72709.95
104.31377673149109,3.44,72646.5
104.32620239257812,3.44,72684.55
104.3383367061615,3.44,72684.55
104.35077810287476,3.44,72798.91
104.36285257339478,3.44,72684.55
104.37511277198792,3.44,72570.45
104.38718938827515,3.44,72773.47
104.39917135238647,3.44,72583.12
104.41105771064758,3.44,72849.82
104.42040467262268,3.44,72709.95
104.43274998664856,3.44,72646.5
104.44511771202087,3.44,72888.02
104.45712947845459,3.44,72443.96
104.46956419944763,3.44,72837.08
104.48181009292603,3.44,72748.05
104.49417519569397,3.44,72557.78
104.50609469413757,3.44,72709.95
104.5185899734497,3.44,72532.46
104.53077507019043,3.44,72798.91
104.54296231269836,3.44,72773.47
104.55496883392334,3.44,72557.78
104.56706404685974,3.44,72888.02
104.578857421875,3.44,72659.17
104.5881986618042,3.44,72709.95
104.60059261322021,3.44,72722.64
104.61270260810852,3.44,72595.78
104.6253113746643,3.44,72709.95
104.63731241226196,3.44,72671.87
104.64977884292603,3.44,72824.35
104.66182041168213,3.44,72786.18
104.67441749572754,3.44,72748.05
104.68646788597107,3.44,72709.95
104.69894504547119,3.44,72659.17
104.71068143844604,3.44,72900.76
104.72258067131042,3.44,72709.95
104.73450446128845,3.44,72494.52
104.74361371994019,3.44,72633.81
104.75599026679993,3.44,72659.17
104.76876783370972,3.44,72798.91
104.78048419952393,3.44,72888.02
104.79228568077087,3.44,72557.78
104.80447316169739,3.44,72773.47
104.8166778087616,3.43,72393.43
104.82888865470886,3.44,72773.47
104.84110999107361,3.44,72735.35
104.85337471961975,3.44,72431.31
104.8655743598938,3.44,72633.81
104.87776494026184,3.43,72406.07
104.88992738723755,3.44,72709.95
104.90214371681213,3.44,72583.12
104.91066074371338,3.44,72431.31
104.92300343513489,3.44,72671.87
104.93531131744385,3.44,72494.52
104.94766521453857,3.44,72900.76
104.95986866950989,3.44,72621.13
104.97213625907898,3.44,72443.96
104.98445177078247,3.44,72608.45
104.99673986434937,3.43,72368.2
105.00905561447144,3.44,72773.47
105.02129220962524,3.44,72608.45
105.03348731994629,3.44,72456.58
105.04564428329468,3.44,72659.17
105.05785751342773,3.44,72595.78
105.07007336616516,3.44,72875.28
105.07867431640625,3.44,72659.17
105.09104442596436,3.44,72557.78
105.10434293746948,3.44,72722.64
105.11676692962646,3.44,72646.5
105.1286928653717,3.44,72824.35
105.14113712310791,3.44,72722.64
105.15326929092407,3.44,72583.12
105.16545820236206,3.44,72709.95
105.17777466773987,3.44,72443.96
105.18982577323914,3.44,72760.77
105.20189952850342,3.44,72671.87
105.21390461921692,3.44,72443.96
105.22598624229431,3.44,72557.78
105.23507690429688,3.43,72393.43
105.24737310409546,3.44,73015.58
105.25913262367249,3.44,72697.25
105.27130246162415,3.44,72595.78
105.28385043144226,3.44,72697.25
105.29603862762451,3.43,72393.43
105.30853819847107,3.44,72786.18
105.32070684432983,3.44,72621.13
105.33307886123657,3.44,72570.45
105.34519910812378,3.44,72697.25
105.3577332496643,3.43,72406.07
105.36983346939087,3.44,72862.54
105.38201403617859,3.44,72671.87
105.39407968521118,3.44,72456.58
105.40336656570435,3.44,72646.5
105.4153504371643,3.44,72608.45
105.42813491821289,3.44,72862.54
105.44001770019531,3.44,72671.87
105.45216059684753,3.44,72481.86
105.46458125114441,3.44,72646.5
105.47675156593323,3.44,72557.78
105.48906016349792,3.44,72862.54
105.50139570236206,3.44,72773.47
105.51362729072571,3.44,72570.45
105.52569699287415,3.44,72735.35
105.53788590431213,3.44,72494.52
105.54975438117981,3.44,72939.01
105.55917978286743,3.44,72709.95
105.57116150856018,3.44,72595.78
105.58360528945923,3.44,72798.91
105.59562349319458,3.44,72469.23
105.60834217071533,3.44,72837.08
105.62008619308472,3.44,72684.55
105.63247036933899,3.44,72532.46
105.64465475082397,3.44,72709.95
105.65695810317993,3.44,72431.31
105.66924691200256,3.44,72900.76
105.68126320838928,3.44,72722.64
105.6933069229126,3.44,72583.12
105.70530819892883,3.44,72697.25
105.71740531921387,3.44,72481.86
105.72646617889404,3.44,72913.51
105.73879718780518,3.44,72760.77
105.75104427337646,3.44,72633.81
105.76336979866028,3.44,72849.82
105.77563810348511,3.44,72519.8
105.78791356086731,3.44,72913.51
105.80021905899048,3.44,72608.45
105.81218886375427,3.44,72583.12
105.82434272766113,3.44,72621.13
105.83641338348389,3.44,72507.16
105.84864258766174,3.44,72849.82
105.86079049110413,3.44,72684.55
105.8730001449585,3.44,72481.86
105.88180780410767,3.44,72621.13
105.89431977272034,3.44,72671.87
105.90662503242493,3.44,73053.92
105.91983127593994,3.44,72760.77
105.93125581741333,3.44,72570.45
105.94395995140076,3.44,72722.64
105.95602560043335,3.44,72532.46
105.96751475334167,3.44,72760.77
105.9797728061676,3.44,72621.13
105.99203062057495,3.44,72557.78
106.0042827129364,3.44,72646.5
106.01651549339294,3.44,72507.16
106.02902817726135,3.44,72888.02
106.04105377197266,3.44,72633.81
106.05012845993042,3.44,72481.86
106.06257939338684,3.44,72811.63
106.0751006603241,3.44,72583.12
106.08734703063965,3.44,72926.25
106.09955143928528,3.44,72709.95
106.11192107200623,3.44,72519.8
106.12421751022339,3.44,72697.25
106.13655829429626,3.44,72545.12
106.14879775047302,3.44,72849.82
106.16098523139954,3.44,72760.77
106.17305779457092,3.44,72595.78
106.18505430221558,3.44,72824.35
106.19714999198914,3.44,72519.8
106.2087950706482,3.44,72900.76
106.21852111816406,3.44,72684.55
106.23046445846558,3.44,72722.64
106.24293684959412,3.44,72900.76
106.25524950027466,3.44,72633.81
106.26769804954529,3.44,72913.51
106.27960014343262,3.44,72608.45
106.29207682609558,3.44,72494.52
106.30455565452576,3.44,72722.64
106.31668758392334,3.44,72570.45
106.32915568351746,3.44,72862.54
106.34078216552734,3.44,72697.25
106.35299301147461,3.44,72519.8
106.36496615409851,3.44,72659.17
106.37411260604858,3.44,72570.45
106.38632273674011,3.44,72964.53
106.39863109588623,3.44,72786.18
106.41080832481384,3.44,72709.95
106.42311906814575,3.44,72735.35
106.4353518486023,3.44,72595.78
106.44766855239868,3.44,72939.01
106.45978999137878,3.44,72671.87
106.4722273349762,3.44,72633.81
106.48474383354187,3.44,72697.25
106.49639773368835,3.44,72532.46
106.50873732566833,3.44,72811.63
106.52078247070312,3.44,72748.05
106.53277730941772,3.44,72633.81
106.54184079170227,3.44,72748.05
106.55426406860352,3.44,72671.87
106.56651258468628,3.44,73041.14
106.57899856567383,3.44,72697.25
106.59099340438843,3.44,72608.45
106.60349416732788,3.44,72748.05
106.61541795730591,3.44,72621.13
106.62789249420166,3.44,72926.25
106.6399278640747,3.44,72684.55
106.65213108062744,3.44,72621.13
106.66415810585022,3.44,72671.87
106.67631125450134,3.44,72519.8
106.68839120864868,3.44,72888.02
106.70025563240051,3.44,72659.17
106.70921874046326,3.44,72583.12
106.72143316268921,3.44,72888.02
106.73359823226929,3.44,72633.81
106.74577569961548,3.44,72900.76
106.75809454917908,3.44,72583.12
106.77030372619629,3.44,72671.87
106.78281736373901,3.44,72709.95
106.79515171051025,3.44,72519.8
106.80728602409363,3.44,72926.25
106.81960320472717,3.44,72684.55
106.83211278915405,3.44,72633.81
106.84403705596924,3.44,72722.64
106.85640096664429,3.44,72481.86
106.86549258232117,3.44,72900.76
106.87787389755249,3.44,72760.77
106.89002513885498,3.44,72709.95
106.90236687660217,3.44,72722.64
106.91444492340088,3.44,72507.16
106.9267029762268,3.44,72760.77
106.93929767608643,3.44,72608.45
106.9516773223877,3.44,72583.12
106.96358370780945,3.44,72659.17
106.97508430480957,3.44,72494.52
106.98722457885742,3.44,72735.35
106.99942636489868,3.44,72545.12
107.01159334182739,3.44,72507.16
107.02376055717468,3.44,72659.17
107.0327045917511,3.44,72557.78
107.04505801200867,3.44,72964.53
107.05745553970337,3.44,72722.64
107.06995606422424,3.44,72646.5
107.08230185508728,3.44,72671.87
107.0948851108551,3.44,72532.46
107.10714864730835,3.44,72824.35
107.11949586868286,3.44,72671.87
107.13180446624756,3.44,72633.81
107.14391827583313,3.44,72760.77
107.15593123435974,3.44,72570.45
107.16795468330383,3.44,72913.51
107.1800467967987,3.44,72595.78
107.18914556503296,3.44,72545.12
107.2014639377594,3.44,72773.47
107.21349382400513,3.44,72557.78
107.225989818573,3.44,72964.53
107.23820996284485,3.44,72684.55
107.25048565864563,3.44,72583.12
107.26294136047363,3.44,72646.5
107.27491426467896,3.44,72494.52
107.28739356994629,3.44,72913.51
107.29964828491211,3.44,72659.17
107.31187009811401,3.44,72684.55
107.32390356063843,3.44,72709.95
107.3358998298645,3.44,72532.46
107.34796857833862,3.44,72849.82
107.3569746017456,3.44,72760.77
107.36940169334412,3.44,72633.81
107.38148713111877,3.44,72671.87
107.39398074150085,3.44,72494.52
107.40614008903503,3.44,72862.54
107.41846585273743,3.44,72570.45
107.4305214881897,3.44,72595.78
107.44303488731384,3.44,72633.81
107.45512342453003,3.44,72431.31
107.46759176254272,3.44,72798.91
107.47949981689453,3.44,72621.13
107.49173212051392,3.44,72557.78
107.50367760658264,3.44,72519.8
107.51576161384583,3.44,72456.58
107.524817943573,3.44,72760.77
107.53726100921631,3.44,72659.17
107.54952692985535,3.44,72608.45
107.5615656375885,3.44,72684.55
107.574209690094,3.44,72494.52
107.58632636070251,3.44,72849.82
107.59855031967163,3.44,72431.31
107.6110007762909,3.43,72355.58
107.62333917617798,3.43,72393.43
107.63518476486206,3.43,72292.56
107.64738440513611,3.44,72532.46
107.65947651863098,3.43,72393.43
107.67155933380127,3.43,72355.58
107.68033218383789,3.43,72393.43
107.69290971755981,3.43,72355.58
107.70494151115417,3.44,72709.95
107.71737051010132,3.44,72469.23
107.72991585731506,3.43,72418.68
107.74211001396179,3.44,72494.52
107.75442934036255,3.43,72279.95
107.76655197143555,3.44,72709.95
107.77898049354553,3.44,72443.96
107.79125571250916,3.43,72393.43
107.80318188667297,3.44,72494.52
107.81527185440063,3.43,72267.36
107.82719111442566,3.44,72722.64
107.83938932418823,3.44,72545.12
107.8484239578247,3.44,72494.52
107.86092710494995,3.44,72608.45
107.87317180633545,3.43,72342.96
107.88516616821289,3.44,72811.63
107.89745211601257,3.44,72583.12
107.90998244285583,3.44,72443.96
107.92225527763367,3.44,72481.86
107.9358241558075,3.43,72368.2
107.9466621875763,3.44,72786.18
107.95867466926575,3.44,72507.16
107.97024202346802,3.44,72494.52
107.9823808670044,3.44,72532.46
107.99455761909485,3.43,72418.68
108.00672698020935,3.44,72760.77
108.0154709815979,3.44,72469.23
108.02775835990906,3.44,72608.45
108.040442943573,3.44,72621.13
108.05284643173218,3.44,72431.31
108.06515073776245,3.44,72849.82
108.07772135734558,3.44,72507.16
108.09026026725769,3.44,72456.58
108.10247254371643,3.44,72570.45
108.1146354675293,3.44,72532.46
108.12691068649292,3.44,72786.18
108.13895297050476,3.44,72507.16
108.1509747505188,3.44,72557.78
108.16278457641602,3.44,72570.45
108.17211866378784,3.44,72443.96
108.18436098098755,3.44,72888.02
108.19670867919922,3.44,72633.81
108.20893597602844,3.44,72621.13
108.22133040428162,3.44,72595.78
108.23355793952942,3.43,72406.07
108.24556231498718,3.44,72722.64
108.25799703598022,3.44,72532.46
108.27032923698425,3.44,72570.45
108.28258562088013,3.44,72570.45
108.29470181465149,3.43,72393.43
108.30652856826782,3.44,72722.64
108.3188419342041,3.44,72545.12
108.3308584690094,3.44,72557.78
108.3401472568512,3.44,72595.78
108.35238790512085,3.44,72557.78
108.36433792114258,3.44,72773.47
108.3767352104187,3.44,72595.78
108.38920521736145,3.44,72684.55
108.40147590637207,3.44,72532.46
108.41360878944397,3.43,72355.58
108.4257640838623,3.44,72709.95
108.43830347061157,3.44,72481.86
108.45049858093262,3.44,72595.78
108.46261358261108,3.44,72570.45
108.47465419769287,3.43,72317.75
108.48659157752991,3.44,72849.82
108.49546527862549,3.44,72519.8
108.50795984268188,3.44,72697.25
108.52025771141052,3.44,72684.55
108.5324354171753,3.44,72494.52
108.54492211341858,3.44,72837.08
108.55700969696045,3.44,72671.87
108.56931066513062,3.44,72583.12
108.58157253265381,3.44,72583.12
108.59400010108948,3.44,72443.96
108.6060209274292,3.44,72849.82
108.61826944351196,3.44,72519.8
108.63009858131409,3.44,72494.52
108.64246463775635,3.44,72532.46
108.65437507629395,3.43,72380.82
108.66372394561768,3.44,72735.35
108.67569088935852,3.44,72671.87
108.68811273574829,3.44,72608.45
108.70049262046814,3.44,72557.78
108.71288967132568,3.44,72519.8
108.72510004043579,3.44,72709.95
108.7373275756836,3.44,72507.16
108.7495505809784,3.44,72507.16
108.76197648048401,3.44,72557.78
108.77411484718323,3.43,72368.2
108.78596997261047,3.44,72735.35
108.7981333732605,3.44,72545.12
108.81026434898376,3.44,72633.81
108.82217979431152,3.44,72570.45
108.83139491081238,3.43,72380.82
108.8438286781311,3.44,72939.01
108.85588526725769,3.44,72633.81
108.868332862854,3.44,72570.45
108.8805296421051,3.44,72646.5
108.89302849769592,3.44,72443.96
108.90538573265076,3.44,72862.54
108.9174427986145,3.44,72481.86
108.92993402481079,3.44,72646.5
108.94192361831665,3.44,72595.78
108.95390725135803,3.43,72393.43
108.9656777381897,3.44,72760.77
108.97754955291748,3.44,72431.31
108.98611450195312,3.44,72595.78
108.99840569496155,3.44,72583.12
109.01078772544861,3.44,72570.45
109.02302861213684,3.44,72900.76
109.0355486869812,3.44,72532.46
109.0478868484497,3.44,72557.78
109.06045746803284,3.44,72469.23
109.07321071624756,3.43,72330.36
109.08561110496521,3.44,72583.12
109.097482919693,3.44,72443.96
109.10977792739868,3.44,72633.81
109.12177968025208,3.44,72646.5
109.1338005065918,3.44,72507.16
109.14565396308899,3.44,72748.05
109.15522813796997,3.44,72595.78
109.16736078262329,3.44,72684.55
109.17962694168091,3.44,72494.52
109.19206833839417,3.43,72355.58
109.20436000823975,3.44,72646.5
109.21645021438599,3.44,72557.78
109.22874450683594,3.44,72583.12
109.24112248420715,3.44,72431.31
109.2534921169281,3.43,72355.58
109.26543521881104,3.44,72697.25
109.27760910987854,3.43,72406.07
109.28961873054504,3.44,72659.17
109.30168914794922,3.44,72494.52
109.31077194213867,3.43,72305.15
109.32313179969788,3.44,72786.18
109.33535194396973,3.44,72494.52
109.34742426872253,3.44,72659.17
109.35994505882263,3.44,72494.52
109.37225079536438,3.43,72418.68
109.38454222679138,3.44,72545.12
109.39667773246765,3.44,72431.31
109.40905618667603,3.44,72545.12
109.42133402824402,3.44,72494.52
109.43324136734009,3.43,72305.15
109.44545841217041,3.44,72633.81
109.45736503601074,3.44,72735.35
109.46949410438538,3.44,72735.35
109.47860789299011,3.44,72545.12
109.49099063873291,3.44,72532.46
109.50331163406372,3.44,72709.95
109.51547908782959,3.44,72633.81
109.5275650024414,3.44,72621.13
109.5401623249054,3.44,72570.45
109.55239772796631,3.43,72418.68
109.5644781589508,3.44,72684.55
109.57669377326965,3.43,72305.15
109.58903288841248,3.44,72671.87
109.60111927986145,3.44,72608.45
109.61322522163391,3.43,72418.68
109.62522292137146,3.44,72671.87
109.63727235794067,3.43,72342.96
109.64663863182068,3.44,72481.86
109.65876889228821,3.44,72633.81
109.67112040519714,3.43,72355.58
109.68342804908752,3.44,72748.05
109.69584560394287,3.43,72406.07
109.70777463912964,3.44,72621.13
109.72032809257507,3.44,72595.78
109.73254179954529,3.44,72443.96
109.74492454528809,3.44,72570.45
109.75699019432068,3.43,72418.68
109.76893711090088,3.44,72608.45
109.78083920478821,3.44,72532.46
109.79318571090698,3.44,72443.96
109.80228400230408,3.44,72494.52
109.8143322467804,3.44,72545.12
109.82697415351868,3.44,72697.25
109.83895874023438,3.44,72595.78
109.85139608383179,3.43,72406.07
109.86380100250244,3.44,72646.5
109.87595057487488,3.44,72507.16
109.88824796676636,3.44,72684.55
109.90034246444702,3.44,72557.78
109.91276216506958,3.43,72368.2
109.92482352256775,3.44,72583.12
109.93679761886597,3.43,72279.95
109.94872903823853,3.44,72671.87
109.9605062007904,3.44,72570.45
109.96958017349243,3.43,72368.2
109.98146343231201,3.44,72773.47
109.99372220039368,3.43,72406.07
110.00604891777039,3.44,72735.35
110.0183436870575,3.44,72519.8
110.03059434890747,3.43,72406.07
110.04323816299438,3.44,72481.86
110.05568432807922,3.43,72279.95
110.06806659698486,3.44,72557.78
110.08055329322815,3.44,72545.12
110.09255504608154,3.43,72355.58
110.10466527938843,3.44,72557.78
110.11661028862,3.43,72393.43
110.12585186958313,3.44,72709.95
110.1378231048584,3.44,72671.87
110.15030288696289,3.44,72481.86
110.16265368461609,3.44,72557.78
110.1749906539917,3.44,72431.31
110.1870186328888,3.44,72633.81
110.19946026802063,3.44,72545.12
110.21180319786072,3.43,72418.68
110.22418975830078,3.44,72519.8
110.23639607429504,3.44,72519.8
110.2481153011322,3.44,72608.45
110.26054501533508,3.44,72545.12
110.2724814414978,3.43,72368.2
110.28461194038391,3.44,72443.96
110.29350471496582,3.43,72342.96
110.30566740036011,3.44,72773.47
110.31793236732483,3.44,72583.12
110.330246925354,3.44,72456.58
110.34237909317017,3.44,72633.81
110.35471248626709,3.43,72279.95
110.367018699646,3.44,72709.95
110.37932896614075,3.44,72583.12
110.391286611557,3.44,72443.96
110.40328526496887,3.44,72608.45
110.41557502746582,3.43,72242.18
110.42779469490051,3.44,72621.13
110.43997859954834,3.44,72557.78
110.44849014282227,3.43,72305.15
110.46084022521973,3.44,72646.5
110.47314119338989,3.43,72355.58
110.48557734489441,3.44,72722.64
110.49812889099121,3.44,72545.12
110.51065564155579,3.43,72406.07
110.52289581298828,3.44,72532.46
110.53518009185791,3.43,72317.75
110.54772162437439,3.44,72697.25
110.55986428260803,3.44,72570.45
110.57203888893127,3.43,72418.68
110.58406114578247,3.44,72507.16
110.59613609313965,3.43,72279.95
110.60789275169373,3.44,72646.5
110.61737656593323,3.44,72557.78
110.62931609153748,3.44,72456.58
110.64178347587585,3.44,72671.87
110.6541998386383,3.43,72380.82
110.6663749217987,3.44,72748.05
110.67850065231323,3.44,72545.12
110.6910047531128,3.43,72305.15
110.7033166885376,3.44,72583.12
110.71535515785217,3.43,72267.36
110.72782301902771,3.44,72570.45
110.73956656455994,3.44,72633.81
110.75181365013123,3.44,72431.31
110.76395392417908,3.44,72557.78
110.77297258377075,3.43,72191.86
110.78524374961853,3.44,72773.47
110.79777479171753,3.44,72621.13
110.80976438522339,3.43,72380.82
110.82208609580994,3.44,72608.45
110.83432030677795,3.43,72254.77
110.84670686721802,3.44,72671.87
110.85869932174683,3.44,72545.12
110.87123584747314,3.43,72330.36
110.88340854644775,3.44,72507.16
110.8956687450409,3.43,72380.82
110.90759706497192,3.44,72684.55
110.91958570480347,3.44,72519.8
110.9314820766449,3.43,72355.58
110.94086694717407,3.44,72456.58
110.95330333709717,3.43,72355.58
110.96463370323181,3.44,72633.81
110.976731300354,3.43,72418.68
110.98889803886414,3.43,72342.96
111.00124430656433,3.43,72380.82
111.01356291770935,3.43,72254.77
111.02598214149475,3.44,72633.81
111.0383951663971,3.44,72481.86
111.05070805549622,3.43,72368.2
111.06261277198792,3.44,72481.86
111.07511401176453,3.43,72267.36
111.08725690841675,3.44,72722.64
111.09609007835388,3.44,72494.52
111.10852694511414,3.44,72469.23
111.12130379676819,3.44,72595.78
111.1333487033844,3.43,72279.95
111.14568758010864,3.44,72697.25
111.15812277793884,3.44,72532.46
111.17014265060425,3.43,72406.07
111.18228650093079,3.44,72469.23
111.19482421875,3.43,72267.36
111.20722031593323,3.44,72595.78
111.21904921531677,3.44,72469.23
111.23121166229248,3.43,72342.96
111.24328422546387,3.44,72494.52
111.25525450706482,3.43,72342.96
111.26449370384216,3.44,72646.5
111.27686738967896,3.44,72532.46
111.28882837295532,3.44,72456.58
111.30125999450684,3.44,72570.45
111.31360149383545,3.43,72355.58
111.3259208202362,3.44,72659.17
111.33832550048828,3.44,72532.46
111.35038661956787,3.43,72254.77
111.36275959014893,3.44,72431.31
111.37499952316284,3.43,72279.95
111.38696694374084,3.44,72621.13
111.3988950252533,3.44,72545.12
111.41101241111755,3.43,72330.36
111.42296648025513,3.44,72494.52
111.43213391304016,3.43,72292.56
111.44437265396118,3.44,72646.5
111.45707154273987,3.44,72519.8
111.46898245811462,3.43,72406.07
111.4812114238739,3.44,72456.58
111.49379515647888,3.43,72342.96
111.50619268417358,3.44,72748.05
111.5181736946106,3.43,72393.43
111.53056192398071,3.44,72431.31
111.5426869392395,3.44,72507.16
111.55479454994202,3.43,72368.2
111.56676816940308,3.44,72621.13
111.57889652252197,3.44,72443.96
111.58813905715942,3.43,72368.2
111.60022497177124,3.44,72570.45
111.61259150505066,3.43,72380.82
111.62493777275085,3.44,72671.87
111.63721060752869,3.44,72469.23
111.64915728569031,3.43,72393.43
111.66165399551392,3.44,72532.46
111.67405152320862,3.43,72342.96
111.6864058971405,3.44,72659.17
111.69839310646057,3.44,72507.16
111.71054482460022,3.43,72191.86
111.72259402275085,3.43,72406.07
111.73460984230042,3.43,72317.75
111.7465033531189,3.44,72684.55
111.75604844093323,3.43,72418.68
111.76819562911987,3.43,72368.2
111.78041672706604,3.44,72545.12
111.79270267486572,3.43,72368.2
111.80509543418884,3.44,72671.87
111.8173131942749,3.44,72469.23
111.82936477661133,3.43,72418.68
111.84190201759338,3.43,72418.68
111.8542754650116,3.43,72292.56
111.86603164672852,3.44,72570.45
111.87809181213379,3.43,72342.96
111.89028692245483,3.43,72393.43
111.90234470367432,3.44,72443.96
111.91190958023071,3.43,72254.77
111.92384886741638,3.44,72748.05
111.93610048294067,3.44,72431.31
111.94856190681458,3.44,72431.31
111.96051478385925,3.44,72494.52
111.97202730178833,3.43,72204.44
111.984219789505,3.44,72633.81
111.99650764465332,3.43,72317.75
112.00882601737976,3.43,72305.15
112.02108192443848,3.43,72380.82
112.03351330757141,3.43,72179.29
112.04580116271973,3.44,72646.5
112.05787491798401,3.43,72355.58
112.07015132904053,3.43,72355.58
112.07897472381592,3.43,72406.07
112.09161829948425,3.43,72380.82
112.10409235954285,3.44,72659.17
112.11618280410767,3.44,72431.31
112.12850832939148,3.43,72292.56
112.14090347290039,3.43,72317.75
112.15330243110657,3.43,72242.18
112.16553711891174,3.44,72583.12
112.17751836776733,3.43,72380.82
112.18985056877136,3.43,72393.43
112.20200514793396,3.44,72443.96
112.21393775939941,3.43,72204.44
112.22602248191833,3.44,72595.78
112.23506188392639,3.43,72330.36
112.2472972869873,3.43,72418.68
112.25974774360657,3.44,72494.52
112.27204418182373,3.43,72305.15
112.28422951698303,3.44,72595.78
112.29667043685913,3.43,72342.96
112.30875396728516,3.43,72355.58
112.32130074501038,3.43,72330.36
112.33320927619934,3.43,72217.02
112.34569358825684,3.44,72494.52
112.357661485672,3.43,72368.2
112.36964845657349,3.43,72330.36
112.38155722618103,3.43,72368.2
112.39362621307373,3.43,72217.02
112.40299010276794,3.44,72595.78
112.41547060012817,3.44,72494.52
112.4276819229126,3.44,72431.31
112.43985867500305,3.43,72368.2
112.45215106010437,3.43,72229.59
112.46420693397522,3.44,72621.13
112.47699189186096,3.43,72330.36
112.48880410194397,3.43,72406.07
112.50127530097961,3.44,72481.86
112.51341152191162,3.43,72330.36
112.52555108070374,3.44,72659.17
112.53726601600647,3.43,72406.07
112.54949426651001,3.43,72355.58
112.55861330032349,3.43,72305.15
112.57092499732971,3.43,72305.15
112.58309125900269,3.44,72697.25
112.59565448760986,3.43,72355.58
112.60776734352112,3.43,72355.58
112.62011575698853,3.43,72254.77
112.63241362571716,3.43,72204.44
112.64485955238342,3.44,72545.12
112.65705466270447,3.43,72342.96
112.6690981388092,3.43,72380.82
112.68132877349854,3.43,72355.58
112.69339418411255,3.43,72279.95
112.70528745651245,3.44,72659.17
112.71716523170471,3.43,72393.43
112.72673892974854,3.43,72317.75
112.73864483833313,3.44,72532.46
112.75111889839172,3.43,72355.58
112.7635281085968,3.44,72633.81
112.77578616142273,3.43,72418.68
112.7878520488739,3.43,72380.82
112.80021095275879,3.43,72355.58
112.81275653839111,3.43,72204.44
112.82496070861816,3.44,72545.12
112.8371250629425,3.43,72342.96
112.8488404750824,3.43,72317.75
112.86109113693237,3.43,72317.75
112.8730800151825,3.43,72242.18
112.88238739967346,3.44,72659.17
112.8945837020874,3.43,72355.58
112.90701532363892,3.43,72406.07
112.91885232925415,3.43,72380.82
112.93142986297607,3.43,72141.58
112.94379448890686,3.44,72494.52
112.95605206489563,3.43,72229.59
112.96851587295532,3.43,72191.86
112.97954201698303,3.43,72342.96
112.9917483329773,3.43,72103.92
113.00396037101746,3.44,72469.23
113.01614546775818,3.43,72305.15
113.0282781124115,3.43,72330.36
113.03696417808533,3.43,72305.15
113.04929757118225,3.43,72242.18
113.06196403503418,3.44,72621.13
113.07432198524475,3.43,72380.82
113.08706140518188,3.43,72380.82
113.09905433654785,3.43,72342.96
113.11161661148071,3.43,72066.27
113.12393379211426,3.44,72557.78
113.13612627983093,3.43,72330.36
113.1484169960022,3.43,72330.36
113.16046023368835,3.43,72279.95
113.17252469062805,3.43,72217.02
113.18453311920166,3.44,72608.45
113.19647359848022,3.43,72305.15
113.20587396621704,3.43,72342.96
113.21786117553711,3.44,72481.86
113.23021030426025,3.43,72317.75
113.24247145652771,3.44,72646.5
113.25476908683777,3.43,72317.75
113.26717972755432,3.43,72279.95
113.2795262336731,3.43,72279.95
113.29188060760498,3.43,72116.47
113.30427742004395,3.43,72355.58
113.31601047515869,3.43,72342.96
113.32800316810608,3.43,72267.36
113.33996081352234,3.43,72380.82
113.35227227210999,3.43,72166.71
113.36147880554199,3.44,72481.86
113.37379789352417,3.43,72368.2
113.38595771789551,3.44,72583.12
113.3983964920044,3.44,72494.52
113.41065573692322,3.43,72217.02
113.42295527458191,3.44,72519.8
113.43496537208557,3.43,72406.07
113.44745063781738,3.43,72418.68
113.45989155769348,3.43,72292.56
113.47203087806702,3.43,72154.15
113.48392677307129,3.44,72507.16
113.49600505828857,3.43,72191.86
113.50812911987305,3.43,72368.2
113.51686811447144,3.43,72418.68
113.52950596809387,3.43,72342.96
113.5418426990509,3.44,72659.17
113.55406832695007,3.43,72279.95
113.56609892845154,3.43,72393.43
113.5784764289856,3.43,72355.58
113.59095668792725,3.43,72279.95
113.60309886932373,3.43,72368.2
113.6157341003418,3.43,72355.58
113.62758374214172,3.43,72317.75
113.6394693851471,3.43,72342.96
113.65149474143982,3.43,72103.92
113.66349530220032,3.43,72342.96
113.67560195922852,3.43,72292.56
113.6847813129425,3.43,72406.07
113.6970705986023,3.43,72317.75
113.70933794975281,3.43,72141.58
113.7216124534607,3.44,72456.58
113.73404622077942,3.43,72292.56
113.74587535858154,3.43,72368.2
113.7582426071167,3.43,72279.95
113.77022767066956,3.43,72166.71
113.78231453895569,3.44,72456.58
113.79459023475647,3.43,72154.15
113.80680775642395,3.43,72393.43
113.81893634796143,3.43,72342.96
113.83111619949341,3.43,72179.29
113.83976745605469,3.44,72507.16
113.85202836990356,3.43,72217.02
113.86412835121155,3.44,72469.23
113.87648248672485,3.43,72330.36
113.8887267112732,3.43,72179.29
113.90098071098328,3.43,72342.96
113.91327118873596,3.43,72129.03
113.92562437057495,3.43,72305.15
113.9378273487091,3.43,72217.02
113.95014691352844,3.43,72041.18
113.96235489845276,3.43,72229.59
113.97474884986877,3.43,72066.27
113.98669624328613,3.43,72305.15
113.99894261360168,3.43,72204.44
114.0075900554657,3.43,72179.29
114.01992273330688,3.43,72380.82
114.03245735168457,3.43,72355.58
114.04454350471497,3.44,72431.31
114.05679774284363,3.43,72254.77
114.06905722618103,3.43,72179.29
114.08130717277527,3.43,72342.96
114.09363055229187,3.43,72103.92
114.10589647293091,3.43,72342.96
114.11808776855469,3.43,72292.56
114.13023376464844,3.43,72129.03
114.14253258705139,3.43,72317.75
114.15465521812439,3.43,72028.66
114.16325807571411,3.43,72380.82
114.17547106742859,3.43,72368.2
114.18778395652771,3.43,72191.86
114.20007228851318,3.44,72507.16
114.21236038208008,3.43,72028.66
114.22466230392456,3.43,72292.56
114.23695373535156,3.43,72254.77
114.24922919273376,3.43,72154.15
114.26144289970398,3.43,72267.36
114.27373099327087,3.43,72166.71
114.28590893745422,3.43,72418.68
114.29806923866272,3.43,72292.56
114.31027555465698,3.43,72154.15
114.32245087623596,3.43,72279.95
114.33102178573608,3.43,72204.44
114.34337663650513,3.44,72469.23
114.35567235946655,3.43,72406.07
114.3679552078247,3.43,72154.15
114.38017225265503,3.43,72317.75
114.39249515533447,3.43,72103.92
114.40475797653198,3.43,72368.2
114.41734194755554,3.43,72305.15
114.42950367927551,3.43,72129.03
114.44164705276489,3.43,72330.36
114.45386862754822,3.43,72091.36
114.46606469154358,3.43,72368.2
114.47818779945374,3.43,72254.77
114.48689985275269,3.43,72166.71
114.49918866157532,3.43,72330.36
114.51161122322083,3.43,72103.92
114.52379131317139,3.44,72507.16
114.53604912757874,3.43,72267.36
114.54836106300354,3.43,72191.86
114.56060695648193,3.43,72217.02
114.5728907585144,3.43,71978.53
114.58517074584961,3.44,72456.58
114.59746956825256,3.43,72267.36
114.60951900482178,3.43,72154.15
114.62166333198547,3.43,72267.36
114.63383507728577,3.43,72003.6
114.64234566688538,3.43,72393.43
114.6546745300293,3.43,72406.07
114.66697335243225,3.43,72141.58
114.67921161651611,3.43,72355.58
114.6915032863617,3.43,72103.92
114.70375084877014,3.43,72355.58
114.71622037887573,3.43,72267.36
114.72857069969177,3.43,72091.36
114.74083089828491,3.43,72267.36
114.75309944152832,3.43,72091.36
114.76523900032043,3.43,72418.68
114.77740955352783,3.43,72254.77
114.78958773612976,3.43,72103.92
114.80177116394043,3.43,72217.02
114.8104248046875,3.43,72066.27
114.82260394096375,3.44,72481.86
114.83486938476562,3.43,72317.75
114.84714579582214,3.43,72116.47
114.85943293571472,3.43,72279.95
114.87166595458984,3.43,72041.18
114.88401436805725,3.44,72481.86
114.89626026153564,3.43,72217.02
114.90863275527954,3.43,72078.81
114.92079329490662,3.43,72242.18
114.9329948425293,3.43,71978.53
114.94518637657166,3.43,72418.68
114.95738410949707,3.43,72254.77
114.96585130691528,3.43,72116.47
114.9785988330841,3.43,72330.36
114.9907968044281,3.43,72091.36
115.00277900695801,3.44,72456.58
115.01511859893799,3.43,72355.58
115.02742624282837,3.43,72154.15
115.03976392745972,3.43,72229.59
115.05199074745178,3.43,72154.15
115.06422829627991,3.43,72418.68
115.07651329040527,3.43,72254.77
115.08868861198425,3.43,71991.05
115.10087776184082,3.43,72217.02
115.11305236816406,3.43,72078.81
115.1252224445343,3.43,72368.2
115.1338164806366,3.43,72254.77
115.14609098434448,3.43,72103.92
115.15840220451355,3.43,72292.56
115.17072749137878,3.43,72103.92
115.18301892280579,3.43,72418.68
115.19531893730164,3.43,72204.44
115.20759773254395,3.43,72066.27
115.21989321708679,3.43,72129.03
115.23206543922424,3.43,72003.6
115.24430465698242,3.44,72443.96
115.25648713111877,3.43,72141.58
115.26875185966492,3.43,72242.18
115.28095316886902,3.43,72141.58
115.28980445861816,3.43,72041.18
115.3019015789032,3.44,72545.12
115.31411576271057,3.43,72317.75
115.32638621330261,3.43,72191.86
115.33869552612305,3.43,72229.59
115.35097599029541,3.43,72103.92
115.36320924758911,3.44,72456.58
115.37550115585327,3.43,72179.29
115.38780808448792,3.43,72116.47
115.40002465248108,3.43,72229.59
115.41221356391907,3.43,71966.0
115.42446088790894,3.43,72267.36
115.4366397857666,3.43,72116.47
115.44517493247986,3.43,72016.11
115.45747327804565,3.43,72204.44
115.46972727775574,3.43,72154.15
115.48203706741333,3.43,72380.82
115.49431610107422,3.43,72191.86
115.5066773891449,3.43,72003.6
115.51885223388672,3.43,72191.86
115.53112244606018,3.43,71915.96
115.54340887069702,3.43,72355.58
115.55574798583984,3.43,72091.36
115.56813359260559,3.43,72154.15
115.58036255836487,3.43,72229.59
115.59233355522156,3.43,72003.6
115.60447812080383,3.43,72330.36
115.61313247680664,3.43,72217.02
115.62543177604675,3.43,72267.36
115.6377534866333,3.43,72242.18
115.65000033378601,3.43,72078.81
115.66224765777588,3.44,72443.96
115.67457437515259,3.43,72204.44
115.68681049346924,3.43,71953.49
115.69907712936401,3.43,72091.36
115.71132445335388,3.43,71991.05
115.7235975265503,3.43,72380.82
115.73577165603638,3.43,72129.03
115.74795436859131,3.43,72053.72
115.76015400886536,3.43,72179.29
115.7686619758606,3.43,71966.0
115.78098845481873,3.44,72481.86
115.7932288646698,3.43,72229.59
115.80552768707275,3.43,72078.81
115.81780648231506,3.43,72091.36
115.83010220527649,3.43,71928.46
115.84241080284119,3.44,72443.96
115.8547010421753,3.43,72116.47
115.86695885658264,3.43,72154.15
115.87934279441833,3.43,72129.03
115.89146018028259,3.43,71978.53
115.903639793396,3.43,72368.2
115.91589713096619,3.43,72103.92
115.92799735069275,3.43,72091.36
115.93675971031189,3.43,72154.15
115.9490122795105,3.43,72091.36
115.96132230758667,3.43,72368.2
115.97355055809021,3.43,72116.47
115.98608040809631,3.43,72154.15
115.99805879592896,3.43,72116.47
116.01036643981934,3.43,71865.95
116.02273511886597,3.43,72217.02
116.03491592407227,3.43,72078.81
116.04711556434631,3.43,71991.05
116.05935168266296,3.43,72141.58
116.07152819633484,3.43,71940.98
116.08370637893677,3.43,72317.75
116.09225177764893,3.43,72016.11
116.10459327697754,3.43,72154.15
116.11691617965698,3.43,72116.47
116.12921905517578,3.43,72003.6
116.14156436920166,3.43,72317.75
116.15382409095764,3.43,72103.92
116.16611218452454,3.43,72091.36
116.17835521697998,3.43,72078.81
116.19073867797852,3.43,71953.49
116.20286989212036,3.43,72317.75
116.21501660346985,3.43,72116.47
116.22722434997559,3.43,72103.92
116.2393946647644,3.43,72116.47
116.24788451194763,3.43,71878.44
116.26015949249268,3.43,72393.43
116.27243900299072,3.43,72141.58
116.28473424911499,3.43,72179.29
116.29700708389282,3.43,72191.86
116.30929684638977,3.43,71991.05
116.32166910171509,3.43,72292.56
116.33389019966125,3.43,72041.18
116.34623003005981,3.43,71890.95
116.35848832130432,3.43,72066.27
116.37066006660461,3.43,71978.53
116.38287687301636,3.43,72191.86
116.39503455162048,3.43,71991.05
116.40720987319946,3.43,71991.05
116.41579222679138,3.43,72016.11
116.42811107635498,3.43,72003.6
116.44067907333374,3.43,72279.95
116.45292854309082,3.43,72041.18
116.46520853042603,3.43,72053.72
116.47765064239502,3.43,71903.44
116.48993158340454,3.43,71828.47
116.50244641304016,3.43,72229.59
116.5148024559021,3.43,71978.53
116.52720141410828,3.43,71978.53
116.53939986228943,3.43,72028.66
116.55126857757568,3.43,71766.07
116.56346130371094,3.43,72166.71
116.57233595848083,3.43,71878.44
116.58466696739197,3.43,72116.47
116.59725069999695,3.43,72141.58
116.60943865776062,3.43,71840.96
116.62175726890564,3.43,72267.36
116.63423752784729,3.43,71978.53
116.64639329910278,3.43,71928.46
116.6583743095398,3.43,71991.05
116.67083668708801,3.43,71815.98
116.68321228027344,3.43,71978.53
116.6951835155487,3.43,71853.44
116.7071738243103,3.43,71865.95
116.719242811203,3.43,71991.05
116.73120093345642,3.43,71803.5
116.74041938781738,3.43,72116.47
116.75274109840393,3.43,72028.66
116.76509928703308,3.43,72053.72
116.77745056152344,3.43,72053.72
116.78959274291992,3.43,71915.96
116.80169653892517,3.43,72166.71
116.81426525115967,3.43,71966.0
116.82657194137573,3.43,72091.36
116.83864784240723,3.43,72028.66
116.8510000705719,3.43,71791.01
116.86299061775208,3.43,72141.58
116.87499260902405,3.43,71853.44
116.88704872131348,3.43,72041.18
116.896249294281,3.43,71966.0
116.9082727432251,3.43,71953.49
116.92068648338318,3.43,72380.82
116.93304014205933,3.43,71878.44
116.94529175758362,3.43,71953.49
116.95745158195496,3.43,71991.05
116.96968269348145,3.43,71865.95
116.98120832443237,3.43,71991.05
116.99340319633484,3.43,71865.95
117.00566220283508,3.43,71978.53
117.01781940460205,3.43,71853.44
117.03003025054932,3.42,71716.21
117.04251742362976,3.43,71940.98
117.05079221725464,3.43,71940.98
117.0635392665863,3.43,72091.36
117.07597422599792,3.43,71991.05
117.08787965774536,3.43,71791.01
117.10073471069336,3.43,72028.66
117.11321997642517,3.43,72003.6
117.12560272216797,3.43,71991.05
117.13758063316345,3.43,71803.5
117.15004849433899,3.42,71741.13
117.16240167617798,3.43,71928.46
117.17438006401062,3.42,71666.38
117.18637132644653,3.43,72041.18
117.19851493835449,3.43,71915.96
117.21036839485168,3.43,71815.98
117.2196786403656,3.43,72053.72
117.23215460777283,3.43,71803.5
117.24437475204468,3.43,72103.92
117.25668525695801,3.43,71928.46
117.26865243911743,3.43,71903.44
117.28116202354431,3.43,71966.0
117.29348969459534,3.43,71791.01
117.30585646629333,3.43,71978.53
117.31799530982971,3.43,71915.96
117.32977652549744,3.42,71678.82
117.34185886383057,3.43,71903.44
117.35381436347961,3.43,71778.54
117.3658561706543,3.43,72028.66
117.3749430179596,3.43,71878.44
117.38711524009705,3.43,71766.07
117.39941453933716,3.43,71991.05
117.41173052787781,3.43,71978.53
117.4240140914917,3.43,72053.72
117.43631100654602,3.43,71828.47
117.44859027862549,3.42,71753.6
117.46086096763611,3.43,71890.95
117.47316884994507,3.42,71691.28
117.48531770706177,3.43,71953.49
117.49746799468994,3.43,71890.95
117.50936889648438,3.42,71666.38
117.52147650718689,3.43,71815.98
117.52994751930237,3.42,71641.49
117.54217576980591,3.43,72078.81
117.55447459220886,3.43,71953.49
117.56673669815063,3.43,71766.07
117.57899522781372,3.43,71890.95
117.59139728546143,3.42,71616.6
117.60376811027527,3.43,71940.98
117.61586809158325,3.43,71865.95
117.62813901901245,3.42,71703.74
117.64041900634766,3.43,71903.44
117.65261006355286,3.42,71703.74
117.66487526893616,3.43,72053.72
117.67705082893372,3.43,71853.44
117.68922901153564,3.42,71716.21
117.69788670539856,3.43,71878.44
117.71012711524963,3.43,71865.95
117.72233319282532,3.43,72078.81
117.73465394973755,3.43,71903.44
117.74694967269897,3.42,71703.74
117.75922131538391,3.43,71978.53
117.77157807350159,3.42,71641.49
117.78391003608704,3.43,71966.0
117.79621696472168,3.43,71778.54
117.80838680267334,3.42,71703.74
117.82050919532776,3.43,71903.44
117.83270192146301,3.42,71703.74
117.84488010406494,3.43,72003.6
117.8534562587738,3.43,71878.44
117.86570882797241,3.42,71753.6
117.87840843200684,3.43,71903.44
117.89068341255188,3.42,71728.66
117.90273785591125,3.43,72053.72
117.91497039794922,3.43,71915.96
117.92724299430847,3.43,71778.54
117.93951225280762,3.43,71915.96
117.95181107521057,3.42,71728.66
117.96402335166931,3.43,72116.47
117.9761848449707,3.43,71853.44
117.98833084106445,3.43,71828.47
118.00077629089355,3.43,71853.44
118.01274704933167,3.42,71591.74
118.02142906188965,3.43,72016.11
118.03370571136475,3.43,71940.98
118.04598212242126,3.43,71791.01
118.05822253227234,3.43,71966.0
118.07054233551025,3.43,71778.54
118.08280777931213,3.43,72103.92
118.09518480300903,3.43,71865.95
118.10750675201416,3.42,71753.6
118.11978030204773,3.43,71815.98
118.13186383247375,3.42,71728.66
118.14407968521118,3.43,72028.66
118.15622568130493,3.43,71890.95
118.16845035552979,3.42,71703.74
118.17701125144958,3.43,71903.44
118.18945693969727,3.43,71791.01
118.20175266265869,3.43,72129.03
118.21419858932495,3.43,71878.44
118.22628712654114,3.42,71691.28
118.23854541778564,3.43,71903.44
118.25086259841919,3.42,71678.82
118.26312398910522,3.43,72053.72
118.27547311782837,3.43,71840.96
118.28770279884338,3.43,71828.47
118.29979157447815,3.43,71865.95
118.31195139884949,3.43,71766.07
118.32414078712463,3.43,72103.92
118.33264803886414,3.43,71953.49
118.34495520591736,3.43,71940.98
118.35722875595093,3.43,71890.95
118.36950659751892,3.43,71778.54
118.3817834854126,3.43,72141.58
118.39411282539368,3.43,72003.6
118.40636730194092,3.42,71716.21
118.41868019104004,3.43,71903.44
118.43093252182007,3.43,71766.07
118.44341278076172,3.43,72217.02
118.45562243461609,3.43,71928.46
118.46774291992188,3.43,71803.5
118.4800775051117,3.43,71928.46
118.49219942092896,3.42,71629.05
118.50126767158508,3.43,72066.27
118.51353883743286,3.43,71978.53
118.5259177684784,3.43,71940.98
118.53824853897095,3.43,71928.46
118.5508074760437,3.43,71840.96
118.56318020820618,3.43,72103.92
118.57545137405396,3.43,71915.96
118.58778619766235,3.43,71915.96
118.5999162197113,3.43,71928.46
118.61210513114929,3.42,71728.66
118.62416410446167,3.43,72166.71
118.63607668876648,3.43,71828.47
118.64810514450073,3.43,71940.98
118.65739393234253,3.43,71903.44
118.66941595077515,3.43,71791.01
118.68186497688293,3.43,72191.86
118.69423747062683,3.43,72066.27
118.70643258094788,3.43,71803.5
118.71886086463928,3.43,71903.44
118.73120141029358,3.42,71741.13
118.74341130256653,3.43,72154.15
118.75569558143616,3.43,71791.01
118.76784944534302,3.43,71815.98
118.7799277305603,3.43,71890.95
118.79190230369568,3.42,71741.13
118.80411458015442,3.43,71978.53
118.8160092830658,3.43,71890.95
118.82530093193054,3.43,71865.95
118.83745765686035,3.43,71966.0
118.84992790222168,3.43,71915.96
118.8618745803833,3.43,72166.71
118.8745048046112,3.43,71828.47
118.88655614852905,3.43,71803.5
118.89903736114502,3.43,71853.44
118.91141152381897,3.43,71840.96
118.92353582382202,3.43,72191.86
118.93548202514648,3.43,71803.5
118.94735383987427,3.43,71853.44
118.95965838432312,3.43,71890.95
118.97175312042236,3.42,71753.6
118.98071599006653,3.43,72129.03
118.99222445487976,3.43,71915.96
119.00443959236145,3.43,71903.44
119.01668572425842,3.43,71953.49
119.02903652191162,3.43,71778.54
119.04134750366211,3.43,72116.47
119.053537607193,3.43,71791.01
119.06620907783508,3.43,71853.44
119.07840323448181,3.43,71890.95
119.09076738357544,3.42,71741.13
119.10295367240906,3.43,72141.58
119.11520910263062,3.43,71815.98
119.127445936203,3.43,71915.96
119.13628602027893,3.43,71903.44
119.14854550361633,3.43,71828.47
119.16108250617981,3.43,72129.03
119.17247200012207,3.43,71915.96
119.18581032752991,3.43,71828.47
119.19784450531006,3.43,71828.47
119.21026229858398,3.43,71778.54
119.22252368927002,3.43,72053.72
119.23503994941711,3.43,71778.54
119.24716544151306,3.43,71853.44
119.2592294216156,3.42,71753.6
119.27125382423401,3.42,71728.66
119.28336715698242,3.43,72078.81
119.29538416862488,3.43,71803.5
119.30439448356628,3.43,71890.95
119.31680226325989,3.43,72003.6
119.32916140556335,3.43,71828.47
119.34123969078064,3.43,72229.59
119.35350894927979,3.43,71840.96
119.3660159111023,3.43,71865.95
119.37809205055237,3.43,71940.98
119.39045572280884,3.42,71741.13
119.4026427268982,3.43,72078.81
119.41497707366943,3.43,71865.95
119.42676067352295,3.43,71840.96
119.43904232978821,3.43,71840.96
119.45124125480652,3.42,71716.21
119.46012902259827,3.43,71991.05
119.47236227989197,3.43,71915.96
119.48484182357788,3.43,71890.95
119.49685430526733,3.43,71878.44
119.50927972793579,3.42,71753.6
119.52154684066772,3.43,72041.18
119.53384017944336,3.43,71815.98
119.546231508255,3.43,71853.44
119.55831146240234,3.43,71828.47
119.57063341140747,3.42,71716.21
119.58274817466736,3.43,72066.27
119.59475016593933,3.43,71778.54
119.60667276382446,3.43,71791.01
119.61866331100464,3.43,71778.54
119.6279649734497,3.42,71666.38
119.64033460617065,3.43,72191.86
119.65268111228943,3.43,71815.98
119.66505360603333,3.43,71878.44
119.67697429656982,3.43,71978.53
119.68927001953125,3.42,71703.74
119.70147252082825,3.43,72078.81
119.71364188194275,3.42,71753.6
119.72592973709106,3.43,71853.44
119.73805141448975,3.43,71940.98
119.75013089179993,3.42,71753.6
119.76195502281189,3.43,71953.49
119.77440810203552,3.43,71840.96
119.78294944763184,3.43,71803.5
119.79553604125977,3.43,71953.49
119.80761909484863,3.42,71728.66
119.81995820999146,3.43,71991.05
119.83252620697021,3.43,71915.96
119.84521341323853,3.43,71940.98
119.85716676712036,3.43,71815.98
119.86957025527954,3.42,71728.66
119.88197565078735,3.43,72053.72
119.89433932304382,3.42,71753.6
119.90613126754761,3.43,71953.49
119.91823816299438,3.43,71890.95
119.93029451370239,3.42,71678.82
119.94223761558533,3.43,71928.46
119.95162987709045,3.42,71716.21
119.96417832374573,3.43,71991.05
119.97626447677612,3.43,71966.0
119.98826479911804,3.42,71741.13
120.00019407272339,3.43,72003.6
120.01202297210693,3.42,71753.6
120.0242874622345,3.43,71878.44
120.0365469455719,3.43,71840.96
120.0489284992218,3.42,71703.74
120.06136226654053,3.43,71840.96
120.07354617118835,3.42,71753.6
120.08559060096741,3.43,71778.54
120.09799671173096,3.43,71853.44
120.10713291168213,3.42,71753.6
120.11946725845337,3.43,71940.98
120.13184452056885,3.43,71803.5
120.1441330909729,3.43,71978.53
120.15641784667969,3.43,71915.96
120.16854643821716,3.43,71878.44
120.18089056015015,3.43,71903.44
120.19327855110168,3.43,71903.44
120.20547008514404,3.43,71978.53
120.21774005889893,3.43,71878.44
120.22969889640808,3.42,71691.28
120.24187111854553,3.43,71953.49
120.25378060340881,3.42,71591.74
120.2629508972168,3.43,72041.18
120.27520108222961,3.43,71928.46
120.28738260269165,3.43,71791.01
120.29971289634705,3.43,72003.6
120.31211614608765,3.42,71641.49
120.32436656951904,3.43,71903.44
120.33647418022156,3.43,71890.95
120.3488085269928,3.42,71753.6
120.36108112335205,3.43,71815.98
120.37349271774292,3.42,71691.28
120.38566637039185,3.43,71928.46
120.39743757247925,3.43,71840.96
120.40949249267578,3.42,71653.94
120.4214026927948,3.43,71890.95
120.43085622787476,3.42,71716.21
120.44313669204712,3.43,72041.18
120.45538663864136,3.43,71928.46
120.46773958206177,3.43,71766.07
120.47992086410522,3.43,71903.44
120.49201822280884,3.42,71703.74
120.50417280197144,3.43,72003.6
120.51651668548584,3.42,71741.13
120.52878832817078,3.42,71678.82
120.54086494445801,3.43,71828.47
120.55284523963928,3.42,71666.38
120.564945936203,3.43,71928.46
120.5769636631012,3.43,71815.98
120.58608794212341,3.42,71666.38
120.59801650047302,3.43,72053.72
120.61013269424438,3.42,71653.94
120.62249875068665,3.43,71966.0
120.63473272323608,3.43,71853.44
120.64701080322266,3.42,71741.13
120.65937399864197,3.43,71878.44
120.67173337936401,3.42,71666.38
120.68425822257996,3.43,71978.53
120.69669890403748,3.43,71890.95
120.70892000198364,3.42,71653.94
120.72103953361511,3.43,71878.44
120.73316740989685,3.42,71629.05
120.74500370025635,3.43,72066.27
120.75417160987854,3.43,71803.5
120.76678776741028,3.42,71741.13
120.77891182899475,3.43,71940.98
120.7913031578064,3.42,71691.28
120.80336666107178,3.43,72003.6
120.81595802307129,3.43,71865.95
120.82800793647766,3.42,71716.21
120.84038186073303,3.43,71865.95
120.85288381576538,3.42,71666.38
120.86476802825928,3.43,72028.66
120.87665843963623,3.43,71878.44
120.8888053894043,3.42,71641.49
120.90092611312866,3.43,71840.96
120.910001039505,3.42,71629.05
120.92230582237244,3.43,72141.58
120.93465328216553,3.43,71878.44
120.94697046279907,3.42,71753.6
120.95919418334961,3.43,72003.6
120.9713704586029,3.42,71741.13
120.98383569717407,3.43,71940.98
120.99616432189941,3.43,71853.44
121.00798463821411,3.42,71604.17
121.01955056190491,3.43,71890.95
121.03168797492981,3.42,71629.05
121.0439510345459,3.43,71991.05
121.05613684654236,3.43,71853.44
121.06866574287415,3.42,71728.66
121.07733345031738,3.43,71915.96
121.08959722518921,3.42,71703.74
121.10204792022705,3.43,72091.36
121.11435341835022,3.43,71940.98
121.12658739089966,3.43,71766.07
121.13893675804138,3.43,71803.5
121.15173721313477,3.42,71591.74
121.16413402557373,3.43,72016.11
121.17622709274292,3.42,71716.21
121.18823170661926,3.42,71753.6
121.20036339759827,3.43,71791.01
121.21245527267456,3.42,71728.66
121.22452688217163,3.43,71928.46
121.2336757183075,3.43,71766.07
121.24605894088745,3.43,71815.98
121.25815773010254,3.43,71915.96
121.2703025341034,3.42,71691.28
121.28277444839478,3.43,72041.18
121.29507446289062,3.43,71853.44
121.30721497535706,3.42,71653.94
121.3193187713623,3.43,71815.98
121.3314380645752,3.42,71703.74
121.34413933753967,3.43,72041.18
121.35583019256592,3.43,71853.44
121.36815595626831,3.42,71641.49
121.38018250465393,3.43,71890.95
121.3892650604248,3.42,71678.82
121.40153813362122,3.43,72154.15
121.41387391090393,3.43,71940.98
121.42617154121399,3.43,71828.47
121.43828272819519,3.43,72016.11
121.45076441764832,3.43,71791.01
121.46301198005676,3.43,72053.72
121.47531795501709,3.43,71953.49
121.48730158805847,3.43,71815.98
121.49979257583618,3.43,71865.95
121.5119309425354,3.43,71778.54
121.52389693260193,3.43,72028.66
121.53578233718872,3.43,71853.44
121.54792070388794,3.43,71878.44
121.55708360671997,3.43,71853.44
121.56950807571411,3.43,71766.07
121.58180618286133,3.43,72129.03
121.59413933753967,3.43,71840.96
121.60620617866516,3.42,71703.74
121.61849904060364,3.43,71853.44
121.63095474243164,3.42,71741.13
121.6432626247406,3.43,72028.66
121.65533494949341,3.43,71865.95
121.66756653785706,3.43,71828.47
121.67966651916504,3.43,71828.47
121.69178938865662,3.42,71678.82
121.70356059074402,3.43,72053.72
121.71293544769287,3.43,71840.96
121.7252585887909,3.43,71865.95
121.73718690872192,3.43,71890.95
121.74960708618164,3.42,71703.74
121.76196718215942,3.43,71890.95
121.77424883842468,3.42,71641.49
121.78649306297302,3.42,71666.38
121.7988064289093,3.42,71629.05
121.81113576889038,3.42,71479.99
121.8234076499939,3.43,71840.96
121.83562088012695,3.42,71604.17
121.84740662574768,3.42,71591.74
121.85956573486328,3.42,71716.21
121.87152051925659,3.42,71492.39
121.88052821159363,3.43,71978.53
121.89301753044128,3.42,71716.21
121.90525770187378,3.42,71653.94
121.91755890846252,3.43,71766.07
121.92991137504578,3.42,71504.79
121.94224405288696,3.43,71766.07
121.95432901382446,3.42,71629.05
121.96662378311157,3.42,71542.04
121.97906804084778,3.42,71666.38
121.99090957641602,3.42,71529.62
122.00305843353271,3.43,71928.46
122.01464772224426,3.42,71678.82
122.02681016921997,3.42,71641.49
122.0353307723999,3.42,71691.28
122.04767179489136,3.42,71566.89
122.05993700027466,3.43,71940.98
122.07248997688293,3.42,71728.66
122.08497428894043,3.42,71616.6
122.09718179702759,3.42,71691.28
122.10929870605469,3.42,71566.89
122.12178182601929,3.43,71966.0
122.1347188949585,3.42,71691.28
122.14685440063477,3.42,71728.66
122.1590039730072,3.42,71741.13
122.17085409164429,3.42,71629.05
122.18308663368225,3.43,71928.46
122.19485259056091,3.43,71778.54
122.20414185523987,3.42,71741.13
122.2163622379303,3.43,71815.98
122.22881746292114,3.42,71728.66
122.24120545387268,3.43,72091.36
122.25362300872803,3.43,71778.54
122.26565670967102,3.42,71703.74
122.27802157402039,3.43,71840.96
122.29027271270752,3.42,71728.66
122.30265784263611,3.43,72003.6
122.31473302841187,3.43,71803.5
122.32663416862488,3.43,71840.96
122.33875584602356,3.43,71778.54
122.35063695907593,3.42,71753.6
122.35952043533325,3.43,72078.81
122.37184166908264,3.43,71940.98
122.38465118408203,3.43,71903.44
122.39670515060425,3.43,71940.98
122.40904974937439,3.42,71678.82
122.42049860954285,3.43,72066.27
122.43323373794556,3.43,71828.47
122.44550275802612,3.43,71853.44
122.4581651687622,3.43,71890.95
122.47057223320007,3.42,71691.28
122.4824481010437,3.43,72091.36
122.49459719657898,3.43,71828.47
122.50650143623352,3.43,71778.54
122.51851987838745,3.43,71865.95
122.52781295776367,3.42,71653.94
122.54010653495789,3.43,72179.29
122.55256819725037,3.43,71865.95
122.56485176086426,3.43,71966.0
122.57696747779846,3.43,71828.47
122.58930492401123,3.42,71653.94
122.60164475440979,3.43,71928.46
122.61388111114502,3.43,71791.01
122.62593483924866,3.43,71878.44
122.63802909851074,3.43,71828.47
122.65027379989624,3.42,71604.17
122.66243076324463,3.43,71953.49
122.67445802688599,3.42,71716.21
122.68368101119995,3.43,71853.44
122.69573450088501,3.43,71928.46
122.7080500125885,3.42,71753.6
122.72052335739136,3.43,71991.05
122.73278141021729,3.43,71878.44
122.74517393112183,3.43,71853.44
122.75715970993042,3.43,71778.54
122.76945090293884,3.42,71691.28
122.78183650970459,3.43,72041.18
122.79396510124207,3.42,71641.49
122.8059823513031,3.43,71803.5
122.81801652908325,3.43,71803.5
122.83005094528198,3.42,71641.49
122.83909940719604,3.43,72091.36
122.85148692131042,3.43,71828.47
122.8637912273407,3.43,71815.98
122.87578248977661,3.43,71828.47
122.88809084892273,3.42,71741.13
122.90062952041626,3.43,71828.47
122.91296768188477,3.42,71691.28
122.92522239685059,3.43,71890.95
122.93759965896606,3.43,71815.98
122.94978308677673,3.42,71629.05
122.96180319786072,3.43,71890.95
122.9737286567688,3.42,71728.66
122.98561263084412,3.43,71940.98
122.99767088890076,3.43,71840.96
123.00684213638306,3.42,71703.74
123.01841640472412,3.43,72028.66
123.03062677383423,3.43,71915.96
123.04289889335632,3.43,71978.53
123.0552122592926,3.43,71828.47
123.06750226020813,3.42,71741.13
123.0800142288208,3.43,71915.96
123.09241342544556,3.42,71604.17
123.10462546348572,3.43,71903.44
123.11712312698364,3.43,71828.47
123.12942862510681,3.42,71703.74
123.14126133918762,3.43,72028.66
123.15355730056763,3.42,71604.17
123.16276144981384,3.43,71953.49
123.17506885528564,3.43,71878.44
123.18733382225037,3.42,71703.74
123.19961929321289,3.43,71865.95
123.21196842193604,3.42,71691.28
123.22415494918823,3.43,71978.53
123.23622608184814,3.43,71865.95
123.24869680404663,3.42,71629.05
123.26102614402771,3.43,71815.98
123.27313232421875,3.42,71741.13
123.28517317771912,3.43,71940.98
123.29728150367737,3.43,71878.44
123.30932068824768,3.42,71666.38
123.32128834724426,3.43,71865.95
123.33066964149475,3.43,71791.01
123.34310269355774,3.43,72028.66
123.35502290725708,3.43,71978.53
123.36758804321289,3.42,71716.21
123.3798131942749,3.43,71940.98
123.39216375350952,3.42,71678.82
123.40473961830139,3.43,71940.98
123.41657567024231,3.43,71953.49
123.42890357971191,3.42,71691.28
123.44100069999695,3.43,71803.5
123.45311522483826,3.42,71678.82
123.46490812301636,3.43,71915.96
123.47717761993408,3.43,71878.44
123.48606085777283,3.42,71716.21
123.49854588508606,3.43,71915.96
123.51094102859497,3.42,71629.05
123.52311968803406,3.43,71991.05
123.53531098365784,3.43,71890.95
123.54769563674927,3.42,71741.13
123.56004118919373,3.43,71928.46
123.5721161365509,3.42,71641.49
123.58470034599304,3.43,72016.11
123.59671139717102,3.43,71940.98
123.60887432098389,3.42,71741.13
123.62081527709961,3.43,71815.98
123.6328775882721,3.42,71678.82
123.64188766479492,3.43,72053.72
123.65449118614197,3.43,71991.05
123.66638565063477,3.43,71803.5
123.6787428855896,3.43,71915.96
123.69104957580566,3.42,71579.32
123.70351457595825,3.43,72053.72
123.7154221534729,3.43,71915.96
123.72794437408447,3.42,71678.82
123.74017763137817,3.43,71778.54
123.75256824493408,3.42,71666.38
123.76466679573059,3.43,71928.46
123.77637434005737,3.43,71766.07
123.78831768035889,3.42,71691.28
123.80064129829407,3.43,71878.44
123.80941128730774,3.42,71666.38
123.82166910171509,3.43,72217.02
123.8344874382019,3.43,71903.44
123.84643316268921,3.42,71691.28
123.85873889923096,3.43,71865.95
123.87121248245239,3.42,71678.82
123.88327813148499,3.43,71953.49
123.89552545547485,3.43,71766.07
123.90768074989319,3.42,71728.66
123.92013883590698,3.43,71815.98
123.93236637115479,3.42,71616.6
123.94450902938843,3.43,72016.11
123.95612716674805,3.43,71815.98
123.96521282196045,3.42,71753.6
123.97748517990112,3.43,71991.05
123.98988628387451,3.43,71791.01
124.00232148170471,3.43,72078.81
124.0152804851532,3.43,71953.49
124.02662587165833,3.43,71766.07
124.03864932060242,3.43,71778.54
124.05046272277832,3.42,71741.13
124.06276249885559,3.43,71991.05
124.0751006603241,3.43,71878.44
124.0872540473938,3.42,71716.21
124.09991645812988,3.43,72016.11
124.11195254325867,3.42,71716.21
124.12395334243774,3.43,71966.0
124.13323521614075,3.43,71878.44
124.1457736492157,3.43,71853.44
124.1579601764679,3.43,71928.46
124.17027878761292,3.43,71766.07
124.18261957168579,3.43,72066.27
124.19495987892151,3.43,71828.47
124.20704674720764,3.43,71766.07
124.21945190429688,3.43,71928.46
124.2318651676178,3.42,71653.94
124.24392414093018,3.43,72129.03
124.25566720962524,3.43,71865.95
124.2679054737091,3.43,71853.44
124.280033826828,3.43,71890.95
124.2888503074646,3.42,71629.05
124.30137610435486,3.43,72179.29
124.313800573349,3.43,71915.96
124.32576155662537,3.43,71840.96
124.33832001686096,3.43,71991.05
124.35038828849792,3.42,71666.38
124.36284041404724,3.43,72066.27
124.37510371208191,3.43,71853.44
124.38739132881165,3.42,71728.66
124.39957880973816,3.43,71878.44
124.41164684295654,3.42,71691.28
124.42365622520447,3.43,72066.27
124.43568110466003,3.43,71815.98
124.44775199890137,3.43,71791.01
124.45674753189087,3.43,71853.44
124.46922397613525,3.43,71865.95
124.48167848587036,3.43,72103.92
124.49395966529846,3.43,71791.01
124.50591921806335,3.42,71741.13
124.51836514472961,3.43,71853.44
124.53078603744507,3.42,71678.82
124.54311752319336,3.43,72041.18
124.55522036552429,3.43,71791.01
124.56739258766174,3.43,71815.98
124.57941460609436,3.43,71778.54
124.59150958061218,3.42,71728.66
124.60358953475952,3.43,72041.18
124.61249947547913,3.42,71753.6
124.62477660179138,3.43,71840.96
124.63716077804565,3.43,71815.98
124.64928722381592,3.42,71629.05
124.66163992881775,3.43,71991.05
124.67407083511353,3.42,71753.6
124.68630790710449,3.42,71728.66
124.69865107536316,3.42,71666.38
124.71095085144043,3.42,71703.74
124.72308135032654,3.43,71978.53
124.73495841026306,3.43,71828.47
124.74732089042664,3.43,71840.96
124.75898694992065,3.43,71840.96
124.77103185653687,3.42,71703.74
124.78047847747803,3.43,71991.05
124.79293012619019,3.43,71878.44
124.80530643463135,3.43,71928.46
124.81738591194153,3.43,71903.44
124.82985997200012,3.43,71815.98
124.84194874763489,3.43,72078.81
124.85447764396667,3.43,71815.98
124.86634707450867,3.43,71840.96
124.87891221046448,3.43,71890.95
124.89085268974304,3.42,71629.05
124.902987241745,3.43,72053.72
124.91490435600281,3.43,71778.54
124.92694473266602,3.43,71815.98
124.93604707717896,3.43,71828.47
124.94824147224426,3.43,71791.01
124.96084856987,3.43,72141.58
124.97293257713318,3.43,71828.47
124.98509931564331,3.43,71878.44
124.99758839607239,3.43,71803.5
125.00986385345459,3.42,71753.6
125.02204132080078,3.43,71928.46
125.03353691101074,3.43,71803.5
125.04593300819397,3.42,71678.82
125.05785059928894,3.42,71716.21
125.06999278068542,3.42,71616.6
125.08227849006653,3.43,71953.49
125.09149503707886,3.43,71778.54
125.10421442985535,3.43,71978.53
125.11616730690002,3.43,71915.96
125.12865686416626,3.43,71778.54
125.14100623130798,3.43,72016.11
125.15325427055359,3.43,71840.96
125.16550421714783,3.43,71928.46
125.17779016494751,3.43,71915.96
125.19011950492859,3.43,71791.01
125.20244145393372,3.43,72078.81
125.21447420120239,3.43,71940.98
125.22628664970398,3.43,71915.96
125.23834943771362,3.43,71840.96
125.25055432319641,3.42,71716.21
125.25977540016174,3.43,72103.92
125.27207326889038,3.43,71966.0
125.28429341316223,3.43,71903.44
125.29636907577515,3.43,71966.0
125.30868911743164,3.42,71741.13
125.32122850418091,3.43,72091.36
125.33354878425598,3.43,71791.01
125.3456199169159,3.43,71828.47
125.35798954963684,3.43,71915.96
125.37019658088684,3.42,71678.82
125.38220977783203,3.43,72091.36
125.39425706863403,3.43,71828.47
125.40619826316833,3.43,71791.01
125.4153847694397,3.43,71890.95
125.42771983146667,3.42,71753.6
125.43989372253418,3.43,71966.0
125.45238256454468,3.43,71865.95
125.46446108818054,3.43,71815.98
125.4768488407135,3.43,71778.54
125.48903036117554,3.42,71728.66
125.5013575553894,3.43,71991.05
125.51351046562195,3.42,71728.66
125.52585673332214,3.43,71865.95
125.53772497177124,3.43,71803.5
125.54985284805298,3.42,71741.13
125.56200909614563,3.43,72003.6
125.57389950752258,3.43,71840.96
125.58336019515991,3.43,71865.95
125.59541201591492,3.43,72016.11
125.60778069496155,3.43,71803.5
125.62015843391418,3.43,72091.36
125.63225078582764,3.42,71741.13
125.64450573921204,3.43,71815.98
125.65672826766968,3.43,71890.95
125.66901278495789,3.42,71629.05
125.68130898475647,3.43,72016.11
125.69339418411255,3.43,71803.5
125.70546913146973,3.43,71878.44
125.71747732162476,3.43,71840.96
125.72946166992188,3.42,71691.28
125.73820924758911,3.43,71915.96
125.75018978118896,3.43,71940.98
125.76286482810974,3.43,71840.96
125.77484202384949,3.43,71878.44
125.7873272895813,3.42,71753.6
125.79965472221375,3.43,71903.44
125.81206274032593,3.43,71853.44
125.82427430152893,3.43,71865.95
125.83669304847717,3.43,71803.5
125.84936594963074,3.42,71641.49
125.86144971847534,3.43,71940.98
125.87357258796692,3.42,71728.66
125.88535213470459,3.43,71778.54
125.89463305473328,3.43,71778.54
125.90672826766968,3.43,71791.01
125.91926860809326,3.43,72078.81
125.93131971359253,3.42,71678.82
125.9435305595398,3.42,71728.66
125.95590996742249,3.43,71766.07
125.96813726425171,3.42,71678.82
125.98045444488525,3.43,71991.05
125.99272155761719,3.42,71716.21
126.00541639328003,3.43,71853.44
126.01710104942322,3.43,71890.95
126.02855229377747,3.42,71728.66
126.04077339172363,3.43,71853.44
126.05287432670593,3.42,71691.28
126.06160640716553,3.43,71778.54
126.07379841804504,3.43,71940.98
126.08616542816162,3.43,71878.44
126.09874773025513,3.43,71865.95
126.11087727546692,3.43,71828.47
126.12326908111572,3.43,71978.53
126.13582062721252,3.43,71865.95
126.14859747886658,3.42,71716.21
126.1602234840393,3.43,71940.98
126.17214274406433,3.43,71928.46
126.18471789360046,3.43,71903.44
126.19679689407349,3.42,71741.13
126.20885181427002,3.42,71641.49
126.2208890914917,3.43,71840.96
126.2301549911499,3.42,71604.17
126.2424430847168,3.43,72003.6
126.25482058525085,3.43,71915.96
126.26710438728333,3.42,71666.38
126.27952003479004,3.43,71903.44
126.2917263507843,3.42,71666.38
126.30404329299927,3.43,71840.96
126.31634378433228,3.43,71791.01
126.32877826690674,3.42,71666.38
126.34069395065308,3.43,71853.44
126.35285067558289,3.42,71604.17
126.36479592323303,3.43,71815.98
126.37688326835632,3.43,71865.95
126.38587069511414,3.42,71678.82
126.39833641052246,3.43,71890.95
126.41054368019104,3.43,71778.54
126.42280197143555,3.43,71978.53
126.43535685539246,3.43,71828.47
126.44742131233215,3.42,71753.6
126.45958352088928,3.43,71828.47
126.47179102897644,3.43,71778.54
126.48408675193787,3.43,71903.44
126.49659395217896,3.43,71766.07
126.50837731361389,3.42,71629.05
126.52061104774475,3.42,71753.6
126.53275394439697,3.42,71579.32
126.5416567325592,3.43,71828.47
126.55380582809448,3.43,71903.44
126.56619811058044,3.42,71716.21
126.57855153083801,3.43,71928.46
126.59067058563232,3.42,71542.04
126.60316824913025,3.43,71966.0
126.61547565460205,3.42,71703.74
126.6278088092804,3.42,71591.74
126.63982915878296,3.43,71803.5
126.65234422683716,3.42,71467.57
126.66427063941956,3.43,71840.96
126.67626523971558,3.42,71641.49
126.68846797943115,3.42,71405.6
126.70049452781677,3.42,71703.74
126.7096893787384,3.42,71405.6
126.72201561927795,3.43,71815.98
126.73426175117493,3.42,71703.74
126.74646639823914,3.42,71566.89
126.7586088180542,3.42,71653.94
