Time (s),Voltage (V),Resistance (Ohm)
0.0014455318450927734,0.86,112054.94
0.002989053726196289,3.86,112126.73
0.0043718814849853516,3.86,112007.14
0.005690097808837891,3.86,112150.65
0.006990671157836914,3.86,111935.5
0.008612394332885742,3.86,111959.39
0.009996414184570312,3.86,111959.39
0.011312007904052734,3.86,112102.78
0.012773275375366211,3.86,112174.62
0.014096736907958984,3.86,112174.62
0.015412092208862305,3.86,111983.25
0.016866445541381836,3.86,112102.78
0.01827716827392578,3.86,112054.94
0.019612789154052734,3.86,111887.76
0.020935535430908203,3.86,112007.14
0.022259235382080078,3.86,111935.5
0.02358102798461914,3.86,111959.39
0.024909019470214844,3.86,111768.59
0.026031017303466797,3.86,112007.14
0.03038477897644043,3.86,111887.76
0.031310319900512695,3.86,111840.07
0.032195329666137695,3.86,111959.39
0.03307747840881348,3.86,111959.39
0.033959388732910156,3.86,112054.94
0.03470325469970703,3.86,112031.05
0.03498077392578125,3.86,111816.25
0.035260677337646484,3.86,111959.39
0.03553891181945801,3.86,112031.05
0.035814523696899414,3.86,111887.76
0.03608965873718262,3.86,111840.07
0.03636455535888672,3.86,111863.92
0.036651611328125,3.86,111959.39
0.03692173957824707,3.86,111768.59
0.03718996047973633,3.86,111840.07
0.03745722770690918,3.86,111816.25
0.0377352237701416,3.86,111792.43
0.037996530532836914,3.86,111911.64
0.03825950622558594,3.86,111768.59
0.03853631019592285,3.86,111935.5
0.038791656494140625,3.86,112031.05
0.0390470027923584,3.86,111863.92
0.03930091857910156,3.86,111935.5
0.03956890106201172,3.86,112078.87
0.039818525314331055,3.86,111863.92
0.0400691032409668,3.86,111935.5
0.04162096977233887,3.86,111816.25
0.05399155616760254,3.86,111840.07
0.06616401672363281,3.86,111816.25
0.0786275863647461,3.86,111792.43
0.09098267555236816,3.86,111792.43
0.10330605506896973,3.86,111887.76
0.11565303802490234,3.86,111768.59
0.12777042388916016,3.86,111697.19
0.13983416557312012,3.86,111720.97
0.14896106719970703,3.86,111887.76
0.16145873069763184,3.86,111768.59
0.17392587661743164,3.86,111863.92
0.18595337867736816,3.86,111935.5
0.19817137718200684,3.86,111792.43
0.21064329147338867,3.86,111697.19
0.22275805473327637,3.86,111697.19
0.23505282402038574,3.86,111816.25
0.24733352661132812,3.86,111673.39
0.2583906650543213,3.86,111768.59
0.2706751823425293,3.86,111744.79
0.28299689292907715,3.86,111649.61
0.2951171398162842,3.86,111697.19
0.3075096607208252,3.86,111578.33
0.3199758529663086,3.86,111649.61
0.33211302757263184,3.86,111744.79
0.3408527374267578,3.86,111625.85
0.3529980182647705,3.86,111792.43
0.3653686046600342,3.86,111911.64
0.37772345542907715,3.86,111816.25
0.3904411792755127,3.86,111863.92
0.4032111167907715,3.86,111816.25
0.41519808769226074,3.86,111935.5
0.42772650718688965,3.86,111554.57
0.4399292469024658,3.86,111697.19
0.45221948623657227,3.86,111720.97
0.46455883979797363,3.86,111578.33
0.47672462463378906,3.86,111697.19
0.488872766494751,3.86,111697.19
0.5008513927459717,3.86,111673.39
0.5129175186157227,3.86,111792.43
0.5249903202056885,3.86,111554.57
0.5367248058319092,3.86,111578.33
0.5465350151062012,3.86,111554.57
0.5586497783660889,3.86,111602.07
0.5711488723754883,3.86,111720.97
0.5831146240234375,3.86,111720.97
0.59560227394104,3.86,111649.61
0.6079626083374023,3.86,111602.07
0.620197057723999,3.86,111530.83
0.6322340965270996,3.86,111649.61
0.6446843147277832,3.86,111483.38
0.6570761203765869,3.86,111459.67
0.6693155765533447,3.86,111578.33
0.681232213973999,3.86,111459.67
0.6932084560394287,3.86,111530.83
0.7055466175079346,3.86,111435.94
0.717543363571167,3.86,111578.33
0.729623556137085,3.86,111412.25
0.7389812469482422,3.86,111388.53
0.7512507438659668,3.86,111578.33
0.7634472846984863,3.86,111459.67
0.7758190631866455,3.86,111435.94
0.7881994247436523,3.86,111483.38
0.8003034591674805,3.86,111388.53
0.8124339580535889,3.86,111388.53
0.8249478340148926,3.86,111199.27
0.8360896110534668,3.86,111412.25
0.8485422134399414,3.86,111293.85
0.8611319065093994,3.86,111293.85
0.8734185695648193,3.86,111364.86
0.8859291076660156,3.86,111364.86
0.8979701995849609,3.86,111270.18
0.9101395606994629,3.86,111270.18
0.9222917556762695,3.86,111270.18
0.9314675331115723,3.86,111317.5
0.9438595771789551,3.86,111459.67
0.9558742046356201,3.86,111435.94
0.9670166969299316,3.86,111459.67
0.9792633056640625,3.86,111412.25
0.9915876388549805,3.86,111246.54
1.0038347244262695,3.86,111128.39
1.0163867473602295,3.86,111152.02
1.0286643505096436,3.86,111246.54
1.0408902168273926,3.86,111199.27
1.0532124042510986,3.86,111317.5
1.0654692649841309,3.86,111270.18
1.077728033065796,3.86,111270.18
1.0901131629943848,3.86,111270.18
1.1024644374847412,3.86,111293.85
1.1144018173217773,3.86,111317.5
1.1232507228851318,3.86,111199.27
1.1350927352905273,3.86,111435.94
1.1474223136901855,3.86,111483.38
1.1598312854766846,3.86,111175.63
1.1721034049987793,3.86,111317.5
1.184689998626709,3.86,111317.5
1.197676420211792,3.86,111270.18
1.2100141048431396,3.86,111199.27
1.2224178314208984,3.86,111104.81
1.2343366146087646,3.86,111246.54
1.2458038330078125,3.86,111222.89
1.2577905654907227,3.86,111246.54
1.2699191570281982,3.86,111246.54
1.282139778137207,3.85,111081.23
1.294525146484375,3.86,111270.18
1.3067843914031982,3.85,111081.23
1.3191568851470947,3.86,111270.18
1.3277943134307861,3.86,111246.54
1.3398170471191406,3.86,111459.67
1.3523781299591064,3.86,111270.18
1.3644402027130127,3.86,111246.54
1.3771231174468994,3.86,111152.02
1.3896374702453613,3.86,111246.54
1.4025206565856934,3.86,111222.89
1.4148101806640625,3.86,111341.17
1.4270515441894531,3.86,111152.02
1.4393823146820068,3.86,111293.85
1.4515035152435303,3.86,111104.81
1.463686466217041,3.85,111034.06
1.475764513015747,3.86,111175.63
1.487658977508545,3.86,111152.02
1.499925136566162,3.86,111104.81
1.5120031833648682,3.86,111246.54
1.5212376117706299,3.86,111128.39
1.5334599018096924,3.86,111293.85
1.5458743572235107,3.86,111222.89
1.5579299926757812,3.85,111081.23
1.5703072547912598,3.86,111104.81
1.5824897289276123,3.86,111175.63
1.5950508117675781,3.86,111128.39
1.6074280738830566,3.86,111152.02
1.6194672584533691,3.86,111152.02
1.6318233013153076,3.86,111128.39
1.6439330577850342,3.85,110892.74
1.6562328338623047,3.85,111081.23
1.6683247089385986,3.86,111128.39
1.6804842948913574,3.86,111199.27
1.6925523281097412,3.86,111222.89
1.7044024467468262,3.86,111104.81
1.71649169921875,3.86,111246.54
1.7259924411773682,3.86,111175.63
1.7383813858032227,3.86,111317.5
1.7505085468292236,3.86,111152.02
1.7630622386932373,3.85,110916.28
1.7751450538635254,3.85,111081.23
1.7874667644500732,3.85,111010.47
1.7995665073394775,3.86,111104.81
1.8121249675750732,3.85,111010.47
1.8242483139038086,3.85,110916.28
1.836712121963501,3.86,111104.81
1.8487374782562256,3.85,111010.47
1.8608689308166504,3.85,111010.47
1.873077630996704,3.85,111010.47
1.8851280212402344,3.85,110869.23
1.8971760272979736,3.85,111057.62
1.9091589450836182,3.85,111010.47
1.9185607433319092,3.85,110845.69
1.9308011531829834,3.86,111222.89
1.9430854320526123,3.85,111034.06
1.9554200172424316,3.85,110963.35
1.967526912689209,3.85,111034.06
1.979966402053833,3.85,111010.47
1.99174165725708,3.85,111010.47
2.0036818981170654,3.85,110845.69
2.015566349029541,3.86,111104.81
2.0277581214904785,3.85,111010.47
2.040083646774292,3.85,110986.92
2.052612781524658,3.85,110916.28
2.064802885055542,3.85,110798.67
2.077098846435547,3.85,110986.92
2.08939790725708,3.85,110892.74
2.1015567779541016,3.85,110939.81
2.1103644371032715,3.85,110916.28
2.1221060752868652,3.86,111128.39
2.13541841506958,3.86,111128.39
2.1479086875915527,3.85,110939.81
2.1602423191070557,3.85,110986.92
2.172513723373413,3.85,110892.74
2.184725522994995,3.85,110892.74
2.196951389312744,3.85,110775.19
2.209333658218384,3.85,110798.67
2.2216787338256836,3.85,110845.69
2.235422134399414,3.85,110939.81
2.2459378242492676,3.85,110775.19
2.2578210830688477,3.85,110892.74
2.269244432449341,3.85,110869.23
2.281449317932129,3.85,110869.23
2.2936716079711914,3.85,110775.19
2.3023107051849365,3.85,110681.29
2.3146026134490967,3.85,110845.69
2.3271074295043945,3.85,110916.28
2.3395557403564453,3.85,110986.92
2.3516347408294678,3.85,110892.74
2.3641622066497803,3.85,110775.19
2.3763022422790527,3.85,110892.74
2.3887369632720947,3.85,110775.19
2.4012291431427,3.85,110798.67
2.4138193130493164,3.85,110751.72
2.4263226985931396,3.85,110681.29
2.438581943511963,3.85,110704.77
2.45060396194458,3.85,110822.2
2.462728977203369,3.85,110728.23
2.4748151302337646,3.85,110822.2
2.4868531227111816,3.85,110634.39
2.4985787868499756,3.85,110657.85
2.5081794261932373,3.85,110657.85
2.5206074714660645,3.85,110775.19
2.5327911376953125,3.85,110704.77
2.5452511310577393,3.85,110728.23
2.5574023723602295,3.85,110681.29
2.5696942806243896,3.85,110634.39
2.5823183059692383,3.85,110564.09
2.594377279281616,3.85,110681.29
2.606700897216797,3.85,110610.95
2.6188321113586426,3.85,110798.67
2.6312363147735596,3.85,110681.29
2.6432337760925293,3.85,110587.53
2.655452013015747,3.85,110564.09
2.6673505306243896,3.85,110400.33
2.679427146911621,3.85,110493.87
2.6914756298065186,3.85,110634.39
2.7007908821105957,3.85,110540.68
2.7131941318511963,3.85,110751.72
2.7254862785339355,3.85,110704.77
2.7376034259796143,3.85,110704.77
2.749793291091919,3.85,110540.68
2.7623355388641357,3.85,110470.46
2.7745916843414307,3.85,110493.87
2.7868173122406006,3.85,110540.68
2.7990734577178955,3.85,110564.09
2.811460256576538,3.85,110610.95
2.8237199783325195,3.85,110564.09
2.8355584144592285,3.85,110400.33
2.84716534614563,3.85,110353.6
2.8594722747802734,3.85,110400.33
2.8716750144958496,3.85,110447.09
2.8839399814605713,3.85,110470.46
2.8930702209472656,3.85,110610.95
2.905438184738159,3.85,110587.53
2.9177141189575195,3.85,110587.53
2.928868293762207,3.85,110470.46
2.9414732456207275,3.85,110470.46
2.953895092010498,3.85,110400.33
2.9660532474517822,3.85,110330.27
2.978118419647217,3.85,110353.6
2.9915831089019775,3.85,110353.6
3.0039496421813965,3.85,110400.33
3.016003131866455,3.85,110493.87
3.028278350830078,3.85,110330.27
3.0402817726135254,3.85,110190.32
3.0521106719970703,3.85,110400.33
3.0641682147979736,3.85,110236.94
3.076327323913574,3.85,110470.46
3.084979295730591,3.85,110260.28
3.0975000858306885,3.85,110330.27
3.109177589416504,3.85,110540.68
3.1217803955078125,3.85,110376.98
3.134129524230957,3.85,110493.87
3.1468114852905273,3.85,110330.27
3.159337282180786,3.85,110236.94
3.17181396484375,3.85,110236.94
3.1839637756347656,3.85,110097.17
3.19645619392395,3.85,110190.32
3.208789587020874,3.85,110353.6
3.2225534915924072,3.85,110353.6
3.232666254043579,3.85,110376.98
3.2450077533721924,3.85,110283.59
3.2570383548736572,3.85,110097.17
3.26887583732605,3.85,110213.64
3.2769854068756104,3.85,110260.28
3.289261817932129,3.85,110470.46
3.301652193069458,3.85,110447.09
3.313955068588257,3.85,110423.72
3.3262202739715576,3.85,110283.59
3.3384571075439453,3.85,110190.32
3.3511321544647217,3.85,110306.91
3.3635616302490234,3.85,110143.74
3.375976800918579,3.85,110167.04
3.388439893722534,3.85,110167.04
3.4010775089263916,3.85,110120.47
3.4133644104003906,3.85,110260.28
3.4254140853881836,3.85,110120.47
3.4374806880950928,3.85,110306.91
3.449481248855591,3.85,110213.64
3.461601972579956,3.85,110004.18
3.4735732078552246,3.85,110213.64
3.483009099960327,3.85,110050.68
3.495394706726074,3.85,110283.59
3.506882905960083,3.85,110190.32
3.519005298614502,3.85,110167.04
3.5316531658172607,3.85,110167.04
3.543790578842163,3.85,110073.92
3.557053327560425,3.85,110143.74
3.5690770149230957,3.85,110167.04
3.5814859867095947,3.85,109980.94
3.593764066696167,3.85,110050.68
3.6060402393341064,3.85,110004.18
3.6179351806640625,3.85,110097.17
3.630096197128296,3.85,110073.92
3.6421186923980713,3.85,110143.74
3.654231071472168,3.85,110236.94
3.665950298309326,3.85,110027.41
3.6758155822753906,3.85,109911.28
3.687847852706909,3.85,110073.92
3.70005464553833,3.85,110167.04
3.7125437259674072,3.85,110120.47
3.7248599529266357,3.85,109980.94
3.737009048461914,3.85,110190.32
3.74936842918396,3.85,110027.41
3.761629819869995,3.85,109957.72
3.7740113735198975,3.85,109911.28
3.786205291748047,3.85,109980.94
3.798367500305176,3.85,109980.94
3.810575485229492,3.85,110004.18
3.822605609893799,3.85,110073.92
3.834627389907837,3.85,110027.41
3.8466153144836426,3.84,109818.5
3.858776330947876,3.85,109980.94
3.8679466247558594,3.85,109980.94
3.880312919616699,3.85,110027.41
3.8927574157714844,3.85,110190.32
3.905144691467285,3.85,110073.92
3.917029619216919,3.85,109888.09
3.929635763168335,3.85,109934.49
3.9419519901275635,3.84,109818.5
3.954167366027832,3.85,109980.94
3.966613531112671,3.85,109888.09
3.9786484241485596,3.85,109957.72
3.9910922050476074,3.85,109911.28
4.002868413925171,3.84,109841.7
4.015164613723755,3.85,110027.41
4.027281284332275,3.84,109818.5
4.0393195152282715,3.85,109888.09
4.051266193389893,3.85,109864.88
4.060494661331177,3.84,109772.16
4.072920560836792,3.85,110027.41
4.0850138664245605,3.85,109888.09
4.097360372543335,3.85,110004.18
4.109613656997681,3.85,109888.09
4.1212193965911865,3.84,109795.33
4.133380174636841,3.85,109888.09
4.1459572315216064,3.84,109679.58
4.1581947803497314,3.84,109795.33
4.17106294631958,3.84,109818.5
4.183398008346558,3.84,109679.58
4.1955695152282715,3.84,109795.33
4.207501411437988,3.84,109749.01
4.219675779342651,3.84,109841.7
4.231782913208008,3.84,109725.87
4.243793487548828,3.84,109702.71
4.253076791763306,3.84,109749.01
4.265491485595703,3.85,109934.49
4.276407480239868,3.85,110004.18
4.2886576652526855,3.84,109841.7
4.301040887832642,3.84,109818.5
4.313340187072754,3.84,109795.33
4.325616836547852,3.84,109656.43
4.339195489883423,3.84,109633.33
4.35137414932251,3.84,109749.01
4.363663196563721,3.84,109679.58
4.3758180141448975,3.84,109841.7
4.38682222366333,3.84,109656.43
4.398987770080566,3.84,109679.58
4.411402463912964,3.84,109772.16
4.424049139022827,3.84,109633.33
4.436116456985474,3.84,109610.2
4.444757699966431,3.84,109679.58
4.456951141357422,3.85,109888.09
4.469566345214844,3.84,109772.16
4.4825217723846436,3.84,109841.7
4.494839191436768,3.84,109818.5
4.507229566574097,3.84,109656.43
4.519280672073364,3.84,109610.2
4.531681060791016,3.84,109772.16
4.544015645980835,3.84,109517.83
4.556317329406738,3.84,109610.2
4.5683722496032715,3.84,109587.1
4.5805768966674805,3.84,109540.91
4.592738151550293,3.84,109749.01
4.6047892570495605,3.84,109633.33
4.616661548614502,3.84,109494.74
4.6288745403289795,3.84,109587.1
4.6382036209106445,3.84,109564.01
4.650205612182617,3.84,109679.58
4.662765741348267,3.84,109772.16
4.675076961517334,3.85,109888.09
4.687298059463501,3.84,109587.1
4.69956636428833,3.84,109564.01
4.7118330001831055,3.84,109725.87
4.7241926193237305,3.84,109702.71
4.736385345458984,3.84,109540.91
4.748603582382202,3.84,109633.33
4.760981559753418,3.84,109494.74
4.773222923278809,3.84,109679.58
4.785202264785767,3.84,109610.2
4.797343015670776,3.84,109633.33
4.8093390464782715,3.84,109587.1
4.821337699890137,3.84,109610.2
4.830740928649902,3.84,109540.91
4.841912031173706,3.84,109633.33
4.854331016540527,3.84,109656.43
4.866571426391602,3.84,109587.1
4.8793251514434814,3.84,109679.58
4.8920862674713135,3.84,109633.33
4.904412031173706,3.84,109587.1
4.91651177406311,3.84,109517.83
4.928934574127197,3.84,109517.83
4.941304683685303,3.84,109540.91
4.953417062759399,3.84,109540.91
4.965752363204956,3.84,109494.74
4.977565050125122,3.84,109540.91
4.989834308624268,3.84,109540.91
5.001748323440552,3.84,109540.91
5.013839960098267,3.84,109633.33
5.025833606719971,3.84,109425.56
5.035382270812988,3.84,109517.83
5.047754526138306,3.84,109564.01
5.060205459594727,3.84,109610.2
5.072227954864502,3.84,109610.2
5.084407329559326,3.84,109471.67
5.096963405609131,3.84,109564.01
5.109102725982666,3.84,109564.01
5.1214001178741455,3.84,109287.37
5.133688926696777,3.84,109241.4
5.146071434020996,3.84,109379.46
5.158211708068848,3.84,109517.83
5.170167684555054,3.84,109540.91
5.182412624359131,3.84,109564.01
5.1937477588653564,3.84,109356.45
5.206169128417969,3.84,109425.56
5.218121528625488,3.84,109310.4
5.227096319198608,3.84,109333.41
5.239704847335815,3.84,109425.56
5.252110719680786,3.84,109633.33
5.264804124832153,3.84,109425.56
5.276047468185425,3.84,109517.83
5.28799295425415,3.84,109448.6
5.300244569778442,3.84,109425.56
5.31264853477478,3.84,109379.46
5.324950933456421,3.84,109310.4
5.337198257446289,3.84,109218.39
5.349566459655762,3.84,109356.45
5.361964702606201,3.84,109241.4
5.374316930770874,3.84,109333.41
5.386561155319214,3.84,109333.41
5.399025201797485,3.84,109287.37
5.410746812820435,3.84,109310.4
5.420478582382202,3.84,109310.4
5.432683706283569,3.84,109471.67
5.445091247558594,3.84,109310.4
5.457334518432617,3.84,109448.6
5.469577074050903,3.84,109287.37
5.481842756271362,3.84,109356.45
5.494163751602173,3.84,109379.46
5.50649881362915,3.84,109264.39
5.518676996231079,3.84,109448.6
5.5310046672821045,3.84,109310.4
5.54325008392334,3.84,109379.46
5.555321216583252,3.84,109425.56
5.56718373298645,3.84,109218.39
5.579556226730347,3.84,109195.43
5.591457366943359,3.84,109195.43
5.6035850048065186,3.84,109356.45
5.612910747528076,3.84,109448.6
5.625315427780151,3.84,109564.01
5.637434244155884,3.84,109564.01
5.649837255477905,3.84,109241.4
5.661974191665649,3.84,109264.39
5.674387693405151,3.84,109356.45
5.686469316482544,3.84,109264.39
5.69901180267334,3.84,109333.41
5.711318492889404,3.84,109356.45
5.723348379135132,3.84,109218.39
5.7356626987457275,3.84,109126.51
5.7478508949279785,3.84,109287.37
5.760002136230469,3.84,109034.78
5.772215366363525,3.84,109264.39
5.783869028091431,3.84,109241.4
5.796125173568726,3.84,109149.49
5.805424213409424,3.84,109172.44
5.817641735076904,3.84,109425.56
5.830077171325684,3.84,109402.53
5.842146158218384,3.84,109356.45
5.854524612426758,3.84,109448.6
5.8670814037323,3.84,109287.37
5.879281044006348,3.84,109310.4
5.891696453094482,3.84,109264.39
5.90367317199707,3.84,109241.4
5.915988206863403,3.84,109287.37
5.928347587585449,3.84,109195.43
5.940401077270508,3.84,109310.4
5.952410697937012,3.84,109379.46
5.964298725128174,3.84,109126.51
5.9765894412994385,3.84,109103.57
5.988595008850098,3.84,109149.49
5.9980456829071045,3.84,109103.57
6.010067939758301,3.84,109333.41
6.0212554931640625,3.84,109310.4
6.033510446548462,3.84,109540.91
6.0458550453186035,3.84,109195.43
6.058039426803589,3.84,109287.37
6.070530414581299,3.84,109172.44
6.082805156707764,3.84,109057.69
6.095142364501953,3.84,109149.49
6.10748291015625,3.84,109172.44
6.11982274055481,3.84,109103.57
6.132154703140259,3.84,109264.39
6.144586086273193,3.84,109172.44
6.157090425491333,3.84,109218.39
6.169081687927246,3.84,109103.57
6.181196928024292,3.84,109126.51
6.190382242202759,3.84,109218.39
6.2027294635772705,3.84,109287.37
6.214963436126709,3.84,109471.67
6.227441787719727,3.84,109195.43
6.239508628845215,3.84,109218.39
6.251669406890869,3.84,109195.43
6.264283180236816,3.84,109172.44
6.276543855667114,3.84,109287.37
6.287431955337524,3.84,109080.61
6.2997143268585205,3.84,109034.78
6.312088489532471,3.84,109172.44
6.324322462081909,3.84,109080.61
6.336520671844482,3.84,109057.69
6.348974227905273,3.84,109149.49
6.361340045928955,3.84,108988.93
6.373567819595337,3.84,109103.57
6.38567328453064,3.84,109034.78
6.394820213317871,3.84,109195.43
6.407667636871338,3.84,109057.69
6.4197471141815186,3.84,109103.57
6.432060480117798,3.84,109195.43
6.444458723068237,3.84,109011.83
6.4566802978515625,3.84,109103.57
6.4687910079956055,3.84,109080.61
6.481072902679443,3.84,109126.51
6.493550777435303,3.84,108988.93
6.505834579467773,3.84,109034.78
6.517959833145142,3.84,109080.61
6.53003454208374,3.84,109080.61
6.542160511016846,3.84,108988.93
6.554160833358765,3.84,109080.61
6.566284418106079,3.84,108920.21
6.578433513641357,3.84,109011.83
6.587603807449341,3.84,109126.51
6.5999908447265625,3.84,109057.69
6.612253665924072,3.84,109264.39
6.624625205993652,3.84,108988.93
6.636837959289551,3.84,108943.13
6.6493446826934814,3.84,108943.13
6.6613945960998535,3.84,108988.93
6.673786640167236,3.84,109034.78
6.686049222946167,3.84,108897.34
6.698388338088989,3.84,108988.93
6.710474491119385,3.84,109011.83
6.722600221633911,3.84,108805.88
6.734586477279663,3.84,108943.13
6.746845245361328,3.84,108874.48
6.7587292194366455,3.84,108897.34
6.770870685577393,3.84,109011.83
6.780175447463989,3.84,109034.78
6.7925543785095215,3.84,109241.4
6.804652690887451,3.84,108988.93
6.817270278930664,3.84,108874.48
6.829458951950073,3.84,108828.75
6.84070348739624,3.84,108851.6
6.852996349334717,3.84,108897.34
6.865424156188965,3.84,108805.88
6.877834320068359,3.84,108828.75
6.890265464782715,3.84,108920.21
6.903069496154785,3.84,108783.04
6.9151270389556885,3.84,108805.88
6.927297592163086,3.84,108760.18
6.939152240753174,3.84,108805.88
6.951167821884155,3.84,108828.75
6.963409900665283,3.84,108783.04
6.97273063659668,3.84,108805.88
6.984902620315552,3.84,108943.13
6.997374534606934,3.84,108920.21
7.009397029876709,3.84,108805.88
7.021714448928833,3.84,108760.18
7.034398794174194,3.84,108851.6
7.046477556228638,3.84,108805.88
7.0587029457092285,3.84,108828.75
7.071180105209351,3.84,108851.6
7.08316445350647,3.84,108897.34
7.095613718032837,3.84,108874.48
7.107704401016235,3.84,108874.48
7.1197309494018555,3.84,108760.18
7.131865501403809,3.84,108668.92
7.1439878940582275,3.84,108737.36
7.155986070632935,3.84,108646.1
7.165225505828857,3.84,108805.88
7.177591562271118,3.84,108897.34
7.189932823181152,3.84,108943.13
7.201975345611572,3.84,108805.88
7.214425086975098,3.84,108760.18
7.226723670959473,3.83,108623.32
7.238931179046631,3.84,108691.71
7.25249981880188,3.84,108760.18
7.263491630554199,3.84,108646.1
7.275493144989014,3.84,108737.36
7.286792755126953,3.84,108737.36
7.298975467681885,3.84,108691.71
7.311171293258667,3.84,108760.18
7.323561668395996,3.84,108646.1
7.335818529129028,3.84,108760.18
7.348267555236816,3.83,108623.32
7.360226631164551,3.84,108646.1
7.369093894958496,3.84,108668.92
7.381293535232544,3.84,108805.88
7.393725872039795,3.84,109057.69
7.4061667919158936,3.84,108691.71
7.418541193008423,3.84,108646.1
7.431231260299683,3.84,108737.36
7.443755626678467,3.83,108577.75
7.45607852935791,3.83,108623.32
7.468285799026489,3.84,108668.92
7.480719089508057,3.83,108623.32
7.492788553237915,3.83,108600.51
7.504739761352539,3.84,108646.1
7.5168938636779785,3.83,108532.2
7.5290398597717285,3.83,108532.2
7.541131496429443,3.83,108554.98
7.553204298019409,3.83,108532.2
7.562513828277588,3.83,108577.75
7.574839353561401,3.84,108828.75
7.587073802947998,3.83,108554.98
7.60006856918335,3.83,108600.51
7.611637115478516,3.84,108668.92
7.62392783164978,3.83,108623.32
7.636196613311768,3.83,108600.51
7.648623704910278,3.83,108532.2
7.661048412322998,3.83,108463.95
7.673065900802612,3.83,108532.2
7.685240030288696,3.83,108554.98
7.697351694107056,3.84,108714.55
7.7095701694488525,3.84,108646.1
7.721441984176636,3.83,108577.75
7.733727931976318,3.83,108395.77
7.745703935623169,3.83,108441.2
7.755171298980713,3.83,108532.2
7.767443895339966,3.83,108509.45
7.779674291610718,3.83,108554.98
7.791978120803833,3.83,108577.75
7.803962707519531,3.83,108441.2
7.816548585891724,3.83,108486.68
7.828813314437866,3.83,108259.57
7.841192007064819,3.83,108304.94
7.853313207626343,3.83,108327.63
7.865556240081787,3.83,108373.04
7.877701282501221,3.83,108418.47
7.889933347702026,3.83,108395.77
7.901899099349976,3.83,108463.95
7.914248704910278,3.83,108350.34
7.926276683807373,3.83,108373.04
7.938230037689209,3.83,108236.89
7.947605609893799,3.83,108214.24
7.959996461868286,3.83,108463.95
7.972079038619995,3.83,108463.95
7.98448371887207,3.83,108395.77
7.996781587600708,3.83,108532.2
8.008942127227783,3.83,108168.92
8.021275043487549,3.83,108304.94
8.033543109893799,3.83,108373.04
8.04582166671753,3.83,108327.63
8.058098077774048,3.83,108236.89
8.070379972457886,3.83,108350.34
8.082388162612915,3.83,108214.24
8.094560384750366,3.83,108236.89
8.106643199920654,3.83,108282.24
8.118570804595947,3.83,108304.94
8.130694389343262,3.83,108350.34
8.14009976387024,3.83,108282.24
8.152138233184814,3.84,108646.1
8.164623737335205,3.83,108259.57
8.177001953125,3.83,108373.04
8.189046144485474,3.83,108486.68
8.201442241668701,3.83,108304.94
8.21379542350769,3.83,108350.34
8.226168632507324,3.83,108282.24
8.238325595855713,3.83,108395.77
8.250685453414917,3.83,108327.63
8.26444697380066,3.83,108146.3
8.275031805038452,3.83,108259.57
8.286684513092041,3.83,108259.57
8.29829478263855,3.83,108214.24
8.310502767562866,3.83,108259.57
8.322893619537354,3.83,108259.57
8.335077047348022,3.83,108304.94
8.343594074249268,3.83,108214.24
8.3560950756073,3.83,108373.04
8.36830735206604,3.83,108509.45
8.380994319915771,3.83,108168.92
8.392935752868652,3.83,108282.24
8.40532660484314,3.83,108168.92
8.417867183685303,3.83,108259.57
8.430736780166626,3.83,108191.59
8.443243741989136,3.83,108236.89
8.455373287200928,3.83,108259.57
8.467741012573242,3.83,107988.0
8.479635238647461,3.83,108078.39
8.4917733669281,3.83,108101.03
8.50376272201538,3.83,108078.39
8.5159273147583,3.83,108214.24
8.527844905853271,3.83,108010.57
8.537261486053467,3.83,108146.3
8.549580574035645,3.83,108418.47
8.561983823776245,3.83,108123.64
8.574161529541016,3.83,108259.57
8.58625340461731,3.83,108078.39
8.598798274993896,3.83,108010.57
8.611203670501709,3.83,108123.64
8.623266458511353,3.83,108033.2
8.635523319244385,3.83,108146.3
8.647863149642944,3.83,107965.4
8.66018295288086,3.83,108101.03
8.672210693359375,3.83,108101.03
8.684369564056396,3.83,108010.57
8.696163415908813,3.83,108055.78
8.708394289016724,3.83,108055.78
8.72050404548645,3.83,108055.78
8.72992992401123,3.83,108010.57
8.742162942886353,3.83,108033.2
8.754357814788818,3.83,108191.59
8.766628503799438,3.83,108033.2
8.778950452804565,3.83,107965.4
8.79121994972229,3.83,108146.3
8.803503274917603,3.83,108055.78
8.815820455551147,3.83,108055.78
8.828200817108154,3.83,108055.78
8.84028959274292,3.83,107965.4
8.852548122406006,3.83,108033.2
8.864753723144531,3.83,107942.83
8.876750946044922,3.83,107988.0
8.888922214508057,3.83,107988.0
8.900908470153809,3.83,108033.2
8.910210847854614,3.83,107988.0
8.92230486869812,3.83,108259.57
8.934600830078125,3.83,108350.34
8.947006225585938,3.83,108010.57
8.959216117858887,3.83,108010.57
8.97142767906189,3.83,107988.0
8.98373532295227,3.83,107965.4
8.99614953994751,3.83,108033.2
9.008357763290405,3.83,108033.2
9.02058744430542,3.83,108101.03
9.03302788734436,3.83,108010.57
9.045072555541992,3.83,107942.83
9.057039976119995,3.83,107875.16
9.069014072418213,3.83,107965.4
9.081125259399414,3.83,107965.4
9.09324860572815,3.83,108010.57
9.102604866027832,3.83,108078.39
9.114845991134644,3.83,108146.3
9.127204418182373,3.83,108078.39
9.139344453811646,3.83,108123.64
9.15177607536316,3.83,108033.2
9.164084196090698,3.83,107965.4
9.1763436794281,3.83,107875.16
9.188515901565552,3.83,107988.0
9.20080828666687,3.83,108033.2
9.212960958480835,3.83,108078.39
9.225440740585327,3.83,107897.7
9.237460136413574,3.83,107988.0
9.249560594558716,3.83,107807.51
9.261403322219849,3.83,107897.7
9.273368835449219,3.83,107988.0
9.285461664199829,3.83,107920.25
9.293800592422485,3.83,108033.2
9.30600643157959,3.83,107875.16
9.318385601043701,3.83,107988.0
9.330693006515503,3.83,107942.83
9.342983484268188,3.83,107784.99
9.355603694915771,3.83,107875.16
9.367827653884888,3.83,107920.25
9.380271911621094,3.83,107739.96
9.392537832260132,3.83,107897.7
9.405034065246582,3.83,107762.46
9.417753458023071,3.83,107762.46
9.429939270019531,3.83,107784.99
9.441857814788818,3.83,107739.96
9.454103946685791,3.83,107830.06
9.466195821762085,3.83,107807.51
9.478238582611084,3.83,107897.7
9.487510919570923,3.83,107762.46
9.49968147277832,3.83,107807.51
9.512221574783325,3.83,107807.51
9.524434089660645,3.83,107852.59
9.536545276641846,3.83,107920.25
9.549083471298218,3.83,107784.99
9.561368942260742,3.83,107762.46
9.573579549789429,3.83,107875.16
9.585767030715942,3.83,107717.47
9.598217487335205,3.83,107807.51
9.61048173904419,3.83,107807.51
9.622472763061523,3.83,107830.06
9.63454270362854,3.83,107875.16
9.64667534828186,3.83,107739.96
9.658716917037964,3.83,107897.7
9.670724868774414,3.83,107852.59
9.680187225341797,3.83,107694.95
9.69279146194458,3.83,107762.46
9.70456314086914,3.83,107875.16
9.71694540977478,3.83,107830.06
9.729313850402832,3.83,107694.95
9.74141812324524,3.83,107807.51
9.753629446029663,3.83,107875.16
9.766087532043457,3.83,107672.47
9.77841830253601,3.83,107694.95
9.790677309036255,3.83,107582.57
9.802839994430542,3.83,107762.46
9.815082311630249,3.83,107694.95
9.8270583152771,3.83,107694.95
9.839160442352295,3.83,107627.51
9.851282835006714,3.83,107739.96
9.863361358642578,3.83,107717.47
9.872584819793701,3.83,107649.97
9.884865760803223,3.83,107784.99
9.89712381362915,3.82,107403.15
9.90941047668457,3.83,107739.96
9.921463012695312,3.83,107672.47
9.933958053588867,3.83,107988.0
9.946366786956787,3.82,107358.36
9.958508968353271,3.83,107672.47
9.971049070358276,3.83,107582.57
9.983063220977783,3.83,107470.37
9.995500564575195,3.83,107852.59
10.00739312171936,3.83,107492.78
10.019513130187988,3.83,107627.51
10.031728982925415,3.83,107784.99
10.043914318084717,3.83,107515.25
10.05585503578186,3.83,107784.99
10.067910194396973,3.83,107470.37
10.077302694320679,3.83,107649.97
10.089639663696289,3.83,107717.47
10.102053165435791,3.83,107582.57
10.114194869995117,3.83,107942.83
10.126485109329224,3.83,107470.37
10.1387779712677,3.83,107672.47
10.15108847618103,3.83,107694.95
10.163523435592651,3.82,107335.96
10.175586938858032,3.83,107672.47
10.187844276428223,3.82,107380.74
10.200237035751343,3.83,107492.78
10.212276935577393,3.83,107605.02
10.224193334579468,3.83,107447.94
10.236286640167236,3.83,107672.47
10.248315572738647,3.83,107492.78
10.260485410690308,3.83,107560.13
10.269777774810791,3.83,107582.57
10.282317876815796,3.82,107403.15
10.29471230506897,3.83,107830.06
10.305437326431274,3.82,107380.74
10.317657232284546,3.83,107582.57
10.330084800720215,3.83,107672.47
10.342153787612915,3.83,107447.94
10.35466980934143,3.83,107717.47
10.36712908744812,3.82,107268.85
10.3795804977417,3.83,107537.67
10.391893148422241,3.83,107649.97
10.404187440872192,3.82,107335.96
10.416883945465088,3.83,107560.13
10.428956985473633,3.82,107335.96
10.440965414047241,3.83,107537.67
10.452846050262451,3.83,107470.37
10.462414264678955,3.82,107380.74
10.474751234054565,3.83,107807.51
10.486796140670776,3.82,107380.74
10.499322652816772,3.83,107560.13
10.51156497001648,3.83,107537.67
10.523829221725464,3.82,107224.15
10.536230564117432,3.83,107560.13
10.54823088645935,3.83,107470.37
10.560455799102783,3.83,107515.25
10.572954654693604,3.83,107694.95
10.585198163986206,3.83,107425.54
10.597309350967407,3.83,107515.25
10.609352111816406,3.82,107313.59
10.620646476745605,3.83,107470.37
10.632920503616333,3.83,107739.96
10.645353317260742,3.83,107425.54
10.657497882843018,3.83,107672.47
10.666648387908936,3.83,107425.54
10.679402589797974,3.83,107582.57
10.691582441329956,3.83,107830.06
10.703871965408325,3.82,107313.59
10.71645474433899,3.83,107739.96
10.728514194488525,3.82,107403.15
10.740932941436768,3.82,107380.74
10.753172874450684,3.83,107717.47
10.765527486801147,3.82,107403.15
10.777671813964844,3.83,107560.13
10.789896249771118,3.82,107291.21
10.802128553390503,3.83,107425.54
10.814201354980469,3.83,107560.13
10.826210737228394,3.82,107313.59
10.838016986846924,3.83,107649.97
10.850155115127563,3.82,107291.21
10.858686208724976,3.82,107403.15
10.871126413345337,3.83,107694.95
10.883687496185303,3.82,107358.36
10.896366119384766,3.83,107627.51
10.908708572387695,3.83,107649.97
10.921058416366577,3.83,107447.94
10.933276414871216,3.83,107582.57
10.945696353912354,3.82,107268.85
10.958052158355713,3.83,107492.78
10.970168113708496,3.83,107425.54
10.982327222824097,3.83,107447.94
10.994561910629272,3.83,107672.47
11.00674033164978,3.82,107335.96
11.018714189529419,3.83,107470.37
11.030820369720459,3.83,107492.78
11.042765855789185,3.83,107447.94
11.052226543426514,3.83,107605.02
11.064497470855713,3.82,107358.36
11.075414657592773,3.83,107672.47
11.087704181671143,3.83,107492.78
11.09998607635498,3.83,107425.54
11.112243175506592,3.83,107739.96
11.124755620956421,3.82,107335.96
11.137072801589966,3.83,107605.02
11.149312734603882,3.83,107492.78
11.161484003067017,3.82,107403.15
11.174062013626099,3.83,107807.51
11.18603253364563,3.82,107358.36
11.198603630065918,3.82,107380.74
11.210878133773804,3.83,107470.37
11.222967386245728,3.82,107403.15
11.235440492630005,3.83,107560.13
11.244565486907959,3.82,107246.49
11.256957769393921,3.83,107762.46
11.269375085830688,3.83,107582.57
11.281588315963745,3.83,107515.25
11.29380202293396,3.83,107694.95
11.305918455123901,3.82,107246.49
11.317041397094727,3.83,107492.78
11.32927656173706,3.83,107537.67
11.341688632965088,3.82,107179.48
11.35384726524353,3.83,107425.54
11.366286277770996,3.82,107291.21
11.378834247589111,3.83,107537.67
11.39123249053955,3.82,107358.36
11.40324354171753,3.82,107358.36
11.415624380111694,3.83,107627.51
11.427983283996582,3.82,107157.16
11.439952611923218,3.83,107470.37
11.449517965316772,3.83,107425.54
11.461766958236694,3.82,107335.96
11.473950862884521,3.83,107649.97
11.486404180526733,3.82,107313.59
11.49868392944336,3.83,107492.78
11.510853290557861,3.83,107492.78
11.523130893707275,3.82,107157.16
11.535487174987793,3.83,107470.37
11.547693490982056,3.82,107179.48
11.560061693191528,3.82,107358.36
11.57218074798584,3.82,107358.36
11.584339618682861,3.82,107224.15
11.596526145935059,3.83,107560.13
11.608498334884644,3.82,107201.82
11.62042784690857,3.82,107313.59
11.632572412490845,3.82,107358.36
11.642266035079956,3.82,107201.82
11.65425705909729,3.83,107694.95
11.665475606918335,3.82,107380.74
11.677833557128906,3.83,107515.25
11.690284729003906,3.83,107447.94
11.702627658843994,3.82,107246.49
11.715195178985596,3.82,107380.74
11.727963924407959,3.82,107112.52
11.740273475646973,3.82,107335.96
11.752690315246582,3.82,107246.49
11.76475715637207,3.82,107090.2
11.77686858177185,3.83,107515.25
11.788902282714844,3.82,107224.15
11.80113673210144,3.82,107268.85
11.813098907470703,3.82,107291.21
11.82500147819519,3.82,107090.2
11.83438777923584,3.83,107515.25
11.846767902374268,3.82,107291.21
11.859171390533447,3.82,107313.59
11.87115478515625,3.83,107537.67
11.883732557296753,3.82,107067.92
11.89589262008667,3.83,107447.94
11.90817904472351,3.82,107157.16
11.920421600341797,3.82,107201.82
11.932830572128296,3.82,107335.96
11.945077180862427,3.82,107045.64
11.957321405410767,3.82,107403.15
11.969608783721924,3.82,107067.92
11.981402158737183,3.82,107179.48
11.993582725524902,3.82,107358.36
12.005743026733398,3.82,107201.82
12.017818450927734,3.82,107358.36
12.02971887588501,3.82,107157.16
12.03905200958252,3.82,107201.82
12.051469802856445,3.83,107537.67
12.063815355300903,3.82,107291.21
12.076130390167236,3.82,107380.74
12.08828854560852,3.82,107179.48
12.100675821304321,3.82,107358.36
12.112955808639526,3.83,107515.25
12.125345706939697,3.82,107268.85
12.137599468231201,3.82,107224.15
12.149801015853882,3.82,107224.15
12.16201376914978,3.82,107268.85
12.174171209335327,3.82,107201.82
12.186267375946045,3.82,107380.74
12.198238372802734,3.82,107335.96
12.210330486297607,3.82,107313.59
12.222243070602417,3.82,107224.15
12.231908082962036,3.82,107268.85
12.244068622589111,3.83,107447.94
12.256286382675171,3.82,107380.74
12.268718242645264,3.82,107358.36
12.281000852584839,3.82,107224.15
12.293865203857422,3.82,107157.16
12.3054039478302,3.82,107201.82
12.316509485244751,3.82,107268.85
12.3287672996521,3.82,107380.74
12.340942621231079,3.82,107246.49
12.353402376174927,3.82,107157.16
12.365599632263184,3.82,107134.82
12.37785029411316,3.82,107313.59
12.390279054641724,3.82,107067.92
12.40253758430481,3.82,107291.21
12.41474175453186,3.82,107201.82
12.423531770706177,3.82,107157.16
12.43639087677002,3.82,107313.59
12.448938131332397,3.82,107313.59
12.46092939376831,3.82,107201.82
12.47335410118103,3.82,107246.49
12.485734701156616,3.82,107179.48
12.498052835464478,3.82,107157.16
12.510084629058838,3.82,107134.82
12.522556066513062,3.82,107224.15
12.534834146499634,3.82,107112.52
12.547055006027222,3.82,107090.2
12.559202909469604,3.82,107246.49
12.571145057678223,3.82,107112.52
12.583398818969727,3.82,107134.82
12.595420122146606,3.82,107246.49
12.60758638381958,3.82,107157.16
12.619323015213013,3.82,107090.2
12.629090547561646,3.82,107157.16
12.641326665878296,3.82,107313.59
12.653822898864746,3.82,107246.49
12.665685415267944,3.82,107090.2
12.678138971328735,3.82,107112.52
12.690452814102173,3.82,107157.16
12.70292353630066,3.82,107067.92
12.71507477760315,3.82,107291.21
12.727290630340576,3.82,107157.16
12.739474296569824,3.82,107090.2
12.75098729133606,3.82,107179.48
12.763200044631958,3.82,107067.92
12.77535367012024,3.82,107090.2
12.787677764892578,3.82,107090.2
12.800126314163208,3.82,107224.15
12.812015771865845,3.82,107045.64
12.821399688720703,3.82,107023.34
12.834154605865479,3.82,107291.21
12.845131635665894,3.82,107224.15
12.85758090019226,3.82,107090.2
12.870043277740479,3.82,107179.48
12.882673263549805,3.82,107067.92
12.895195484161377,3.82,107023.34
12.907590389251709,3.82,106867.56
12.919963359832764,3.82,107023.34
12.932445287704468,3.82,107023.34
12.944273233413696,3.82,107045.64
12.956282377243042,3.82,107246.49
12.968548059463501,3.82,107268.85
12.980599641799927,3.82,107201.82
12.992714881896973,3.82,107045.64
13.004750728607178,3.82,106956.54
13.014187574386597,3.82,107134.82
13.026326179504395,3.82,107268.85
13.038451910018921,3.82,107201.82
13.050849676132202,3.82,107179.48
13.063157796859741,3.82,107179.48
13.075519561767578,3.82,107090.2
13.087687492370605,3.82,106889.81
13.100221157073975,3.82,107067.92
13.112184047698975,3.82,107023.34
13.124658346176147,3.82,107067.92
13.13698673248291,3.82,107067.92
13.148939847946167,3.82,106889.81
13.160993814468384,3.82,107045.64
13.172560214996338,3.82,106956.54
13.184765338897705,3.82,106956.54
13.197065591812134,3.82,107001.07
13.20580267906189,3.82,106934.27
13.21854829788208,3.82,107067.92
13.231219053268433,3.82,107157.16
13.243287801742554,3.82,107001.07
13.255566596984863,3.82,107045.64
13.268053770065308,3.82,106956.54
13.280310869216919,3.82,106912.03
13.292645692825317,3.82,106978.79
13.305866718292236,3.82,106734.32
13.31699538230896,3.82,107045.64
13.328145980834961,3.82,107001.07
13.340312004089355,3.82,107090.2
13.35265302658081,3.82,106889.81
13.364888906478882,3.82,106734.32
13.377121210098267,3.82,106956.54
13.389574527740479,3.82,106867.56
13.398229598999023,3.82,106956.54
13.41040825843811,3.82,107134.82
13.42281985282898,3.82,106889.81
13.43573546409607,3.82,106912.03
13.448317527770996,3.82,106623.43
13.460472822189331,3.82,107023.34
13.472736358642578,3.82,107001.07
13.485066175460815,3.82,106756.5
13.497331857681274,3.82,107067.92
13.508831977844238,3.82,106712.11
13.520763397216797,3.82,106889.81
13.533325910568237,3.82,106934.27
13.545522928237915,3.82,106623.43
13.557936668395996,3.82,106912.03
13.570297479629517,3.82,106756.5
13.582262754440308,3.82,106645.6
13.5915207862854,3.82,106823.1
13.603809356689453,3.82,106889.81
13.616091966629028,3.82,107023.34
13.628331899642944,3.82,106778.68
13.640692472457886,3.82,106778.68
13.652870416641235,3.82,106889.81
13.665276288986206,3.82,106512.77
13.677705764770508,3.82,106845.34
13.689829111099243,3.82,106667.76
13.70232367515564,3.82,106645.6
13.714370727539062,3.82,106800.9
13.726629972457886,3.82,106512.77
13.738420963287354,3.82,106800.9
13.750737428665161,3.82,106667.76
13.762701034545898,3.82,106534.89
13.774925947189331,3.82,106889.81
13.786715745925903,3.82,106534.89
13.796284437179565,3.82,106912.03
13.808587789535522,3.82,106912.03
13.821118831634521,3.82,106800.9
13.833301782608032,3.82,106756.5
13.844506740570068,3.82,106424.34
13.856831073760986,3.82,106867.56
13.869295597076416,3.82,106623.43
13.881876468658447,3.82,106534.89
13.894647359848022,3.82,106667.76
13.906888484954834,3.82,106380.2
13.919172286987305,3.82,106778.68
13.931182384490967,3.82,106557.01
13.943277597427368,3.82,106601.3
13.955191850662231,3.82,106689.95
13.967458724975586,3.82,106424.34
13.979324340820312,3.82,106778.68
13.988727807998657,3.82,106557.01
14.001214981079102,3.82,106601.3
14.013459205627441,3.82,106800.9
14.025756359100342,3.82,106512.77
14.037996768951416,3.82,106800.9
14.050294876098633,3.82,106601.3
14.062523365020752,3.82,106734.32
14.074829816818237,3.82,106912.03
14.087185382843018,3.82,106689.95
14.099287986755371,3.82,106778.68
14.111452341079712,3.82,106689.95
14.123644590377808,3.82,106534.89
14.13578987121582,3.82,106889.81
14.147867202758789,3.82,106557.01
14.159904479980469,3.82,106689.95
14.171818733215332,3.82,106557.01
14.181393146514893,3.82,106490.66
14.193858861923218,3.82,106912.03
14.205832719802856,3.82,106601.3
14.218078136444092,3.82,106756.5
14.230436325073242,3.82,106712.11
14.242906093597412,3.82,106845.34
14.255038976669312,3.82,106645.6
14.267389297485352,3.82,106446.45
14.279589414596558,3.82,106800.9
14.290759563446045,3.82,106712.11
14.302938461303711,3.82,106512.77
14.315058708190918,3.82,106823.1
14.327284097671509,3.82,106579.17
14.33951711654663,3.82,106845.34
14.35174298286438,3.82,106756.5
14.363926887512207,3.82,106446.45
14.372490644454956,3.82,106778.68
14.384777307510376,3.82,106623.43
14.397097110748291,3.82,106689.95
14.40938425064087,3.82,106778.68
14.42167043685913,3.82,106712.11
14.434009790420532,3.82,106912.03
14.446239471435547,3.82,106557.01
14.45858359336853,3.82,106912.03
14.47083854675293,3.82,106623.43
14.483251094818115,3.82,106424.34
14.495422840118408,3.82,106689.95
14.50766134262085,3.82,106269.88
14.519898414611816,3.82,106645.6
14.532086372375488,3.82,106512.77
14.544368982315063,3.82,106446.45
14.556610345840454,3.82,106645.6
14.56511640548706,3.82,106380.2
14.577403545379639,3.82,106557.01
14.589520931243896,3.82,106512.77
14.601832628250122,3.82,106446.45
14.614120244979858,3.82,106579.17
14.62639856338501,3.81,106203.8
14.638737201690674,3.82,106512.77
14.650987386703491,3.82,106468.54
14.66337251663208,3.82,106313.99
14.675562620162964,3.82,106557.01
14.687822103500366,3.81,106137.78
14.70006537437439,3.82,106291.94
14.712322235107422,3.82,106247.85
14.724523067474365,3.81,106071.82
14.736798286437988,3.82,106490.66
14.748986959457397,3.81,106225.83
14.757506847381592,3.82,106490.66
14.769997358322144,3.82,106402.26
14.782047986984253,3.82,106358.1
14.794440746307373,3.82,106512.77
14.806681871414185,3.81,106071.82
14.818933725357056,3.82,106358.1
14.831260442733765,3.82,106380.2
14.843539714813232,3.82,106336.06
14.855993270874023,3.82,106291.94
14.868074178695679,3.81,105983.96
14.880342245101929,3.81,106225.83
14.892577886581421,3.82,106291.94
14.904801607131958,3.81,106137.78
14.917040348052979,3.82,106291.94
14.929290533065796,3.81,106027.87
14.941522359848022,3.81,106225.83
14.949984312057495,3.82,106313.99
14.962352991104126,3.81,106071.82
14.974698305130005,3.82,106380.2
14.986942291259766,3.81,106049.83
14.99919319152832,3.81,106137.78
15.01143741607666,3.82,106269.88
15.0237717628479,3.81,106005.89
15.035967350006104,3.82,106358.1
15.048332929611206,3.81,106005.89
15.060610294342041,3.81,105918.14
15.072817087173462,3.81,105983.96
15.085057973861694,3.81,105742.91
15.097313404083252,3.81,106137.78
15.109603881835938,3.81,105874.29
15.121834516525269,3.81,106005.89
15.133976221084595,3.81,106071.82
15.142624616622925,3.81,105764.81
15.154873609542847,3.81,106181.79
15.167219877243042,3.81,105786.67
15.17941951751709,3.81,105896.2
15.191655158996582,3.81,106137.78
15.203954935073853,3.81,105940.06
15.216236352920532,3.82,106247.85
15.228538513183594,3.81,105962.0
15.240805387496948,3.81,105918.14
15.253084897994995,3.81,105918.14
15.265316247940063,3.81,105852.36
15.277544260025024,3.81,106115.76
15.289896249771118,3.81,105764.81
15.302008628845215,3.81,106005.89
15.314290761947632,3.81,106115.76
15.326518058776855,3.81,105742.91
15.334983825683594,3.81,106181.79
15.347304344177246,3.81,105852.36
15.359538555145264,3.81,105918.14
15.372435808181763,3.81,106071.82
15.384235382080078,3.81,105764.81
15.396557569503784,3.81,106005.89
15.40885066986084,3.81,105830.47
15.421133279800415,3.81,105962.0
15.433345556259155,3.81,105983.96
15.445609092712402,3.81,105437.34
15.457818746566772,3.81,105940.06
15.470036029815674,3.81,105633.62
15.482307434082031,3.81,105721.05
15.494577407836914,3.81,105896.2
15.506752729415894,3.81,105589.96
15.515178203582764,3.81,105896.2
15.527485370635986,3.81,105721.05
15.539766550064087,3.81,105786.67
15.552055835723877,3.81,106027.87
15.564377307891846,3.81,105546.32
15.576918363571167,3.81,105764.81
15.58900761604309,3.81,105808.56
15.601343154907227,3.81,105633.62
15.61357069015503,3.81,105852.36
15.625857591629028,3.81,105546.32
15.638097286224365,3.81,105786.67
15.650333404541016,3.81,105655.46
15.66255259513855,3.81,105655.46
15.67478084564209,3.81,105918.14
15.687005043029785,3.81,105524.52
15.699261665344238,3.81,105918.14
15.707738399505615,3.81,105655.46
15.719980716705322,3.81,105830.47
15.732299566268921,3.81,105940.06
15.744588851928711,3.81,105546.32
15.75684666633606,3.81,105852.36
15.769154071807861,3.81,105786.67
15.781477689743042,3.81,105764.81
15.793737888336182,3.81,105874.29
15.806052207946777,3.81,105568.15
15.818554162979126,3.81,105983.96
15.830686569213867,3.81,105633.62
15.843024253845215,3.81,105721.05
15.855051755905151,3.81,105874.29
15.867233276367188,3.81,105699.17
15.879517316818237,3.81,105962.0
15.891668558120728,3.81,105786.67
15.900161981582642,3.81,105699.17
15.912604808807373,3.81,106093.79
15.924881935119629,3.81,105699.17
15.937049388885498,3.81,106093.79
15.94937515258789,3.81,105940.06
15.961629867553711,3.81,105983.96
15.9739351272583,3.81,106005.89
15.986263990402222,3.81,105983.96
15.998642683029175,3.81,105918.14
16.010958433151245,3.81,105940.06
16.02305507659912,3.81,106005.89
16.03534197807312,3.81,105918.14
16.047576427459717,3.81,105852.36
16.059696435928345,3.81,106027.87
16.071971893310547,3.81,105940.06
16.08416771888733,3.81,105874.29
16.092718839645386,3.81,105896.2
16.105000495910645,3.81,106093.79
16.11725664138794,3.81,106093.79
16.129587650299072,3.81,105983.96
16.14193606376648,3.81,105786.67
16.154236555099487,3.81,105764.81
16.166547775268555,3.81,105874.29
16.17892336845398,3.81,105786.67
16.191060543060303,3.81,105918.14
16.203317403793335,3.81,105874.29
16.215535879135132,3.81,105940.06
16.227761268615723,3.81,105742.91
16.240460872650146,3.81,106093.79
16.252490997314453,3.81,106027.87
16.264745235443115,3.82,106291.94
16.27680253982544,3.82,106380.2
16.286181688308716,3.82,106291.94
16.29845094680786,3.82,106889.81
16.310941219329834,3.82,106823.1
16.32318925857544,3.82,106778.68
16.33574390411377,3.82,107045.64
16.34692645072937,3.82,106667.76
16.358946084976196,3.82,106978.79
16.37131905555725,3.83,107537.67
16.383490800857544,3.83,107830.06
16.39578127861023,3.83,107897.7
16.408390522003174,3.83,107537.67
16.420666933059692,3.83,107515.25
16.43309783935547,3.83,107672.47
16.445122957229614,3.8,104614.7
16.457371473312378,3.8,104743.92
16.46956753730774,3.8,104314.07
16.47907018661499,3.8,104378.37
16.491201639175415,3.8,104657.75
16.503629684448242,3.8,104485.68
16.51581621170044,3.8,104743.92
16.527987718582153,3.8,104249.8
16.540220022201538,3.8,104507.16
16.55278992652893,3.8,104722.37
16.564833164215088,3.8,104679.28
16.57716727256775,3.8,104981.51
16.589510440826416,3.8,104959.89
16.60161328315735,3.81,105437.34
16.61367678642273,3.81,105786.67
16.625937700271606,3.82,106380.2
16.6378276348114,3.82,106712.11
16.650081872940063,3.82,106667.76
16.66201686859131,3.82,106934.27
16.671363353729248,3.82,107112.52
16.683719873428345,3.82,107335.96
16.696197032928467,3.83,107852.59
16.708295345306396,3.83,107537.67
16.720673084259033,3.83,107965.4
16.73296308517456,3.83,108123.64
16.745285749435425,3.83,108033.2
16.757354974746704,3.83,108509.45
16.769838094711304,3.83,108327.63
16.78203821182251,3.84,108737.36
16.794350624084473,3.84,109103.57
16.80624485015869,3.84,108988.93
16.81835651397705,3.84,109540.91
16.830301761627197,3.84,109310.4
16.84243369102478,3.84,109841.7
16.854629516601562,3.85,109934.49
16.863309144973755,3.85,109980.94
16.875396728515625,3.85,110517.26
16.888274669647217,3.85,110236.94
16.90078854560852,3.85,110587.53
16.913275003433228,3.85,110916.28
16.925236463546753,3.85,110751.72
16.937716007232666,3.86,111152.02
16.94999647140503,3.85,110986.92
16.96233868598938,3.86,111222.89
16.97441840171814,3.86,111435.94
16.985962629318237,3.86,111293.85
16.998164415359497,3.86,111792.43
17.010584115982056,3.86,111530.83
17.022696256637573,3.86,111744.79
17.03510046005249,3.86,111959.39
17.047240734100342,3.86,111959.39
17.0562903881073,3.87,112655.17
17.068791151046753,3.87,112751.68
17.081177234649658,3.87,113406.41
17.093461513519287,3.88,114140.78
17.105631351470947,3.88,113846.14
17.11803889274597,3.88,114288.56
17.130249738693237,3.88,114387.25
17.142446756362915,3.88,114609.75
17.154453992843628,3.89,115231.35
17.166168689727783,3.89,114982.07
17.17820954322815,3.87,112993.47
17.190348386764526,3.87,112510.68
17.202555179595947,3.87,112727.53
17.214839696884155,3.87,113041.94
17.227035522460938,3.87,113017.71
17.239261865615845,3.87,113528.3
17.24772334098816,3.87,113406.41
17.260013818740845,3.88,113674.82
17.272388696670532,3.88,113748.21
17.284740209579468,3.87,113357.71
17.296941995620728,3.87,113601.52
17.309150218963623,3.87,113455.12
17.321555852890015,3.87,113430.76
17.333729028701782,3.87,113552.69
17.346004247665405,3.87,113284.69
17.35830593109131,3.87,113552.69
17.370620250701904,3.87,113382.04
17.382811307907104,3.87,113357.71
17.395017385482788,3.87,113479.51
17.407307386398315,3.87,113138.96
17.419584035873413,3.87,113333.35
17.431838989257812,3.87,113090.43
17.443983793258667,3.87,112969.28
17.45258378982544,3.87,113260.4
17.464770317077637,3.87,112920.86
17.477130889892578,3.87,113090.43
17.489458799362183,3.87,113163.21
17.502259016036987,3.87,112872.48
17.5142240524292,3.87,113090.43
17.526293992996216,3.87,112799.98
17.538676977157593,3.87,112969.28
17.550861120224,3.87,112824.13
17.563122034072876,3.87,112799.98
17.575329065322876,3.87,112969.28
17.587659120559692,3.87,112655.17
17.599860668182373,3.87,112896.64
17.61216902732849,3.87,112727.53
17.624329805374146,3.87,112703.41
17.636507272720337,3.87,112631.08
17.644986629486084,3.86,112342.46
17.657274961471558,3.87,112824.13
17.6695499420166,3.87,112558.79
17.68188238143921,3.87,112462.58
17.69416856765747,3.87,112679.31
17.706547260284424,3.86,112294.46
17.718722581863403,3.87,112510.68
17.730990409851074,3.86,112366.45
17.743303060531616,3.86,112270.46
17.75580930709839,3.86,112318.44
17.76796865463257,3.86,111959.39
17.780099153518677,3.86,112294.46
17.792335510253906,3.86,112246.49
17.804582595825195,3.86,112198.56
17.816840171813965,3.87,112486.61
17.829020738601685,3.86,112102.78
17.837504863739014,3.86,112342.46
17.849794626235962,3.87,112486.61
17.8621027469635,3.86,112150.65
17.87438941001892,3.87,112390.46
17.88671898841858,3.86,112174.62
17.89896035194397,3.86,112222.51
17.911221981048584,3.86,112222.51
17.92352557182312,3.86,112054.94
17.935815811157227,3.86,112246.49
17.948550939559937,3.86,111863.92
17.960809469223022,3.86,112150.65
17.972673416137695,3.86,112126.73
17.98552393913269,3.86,112126.73
17.997753620147705,3.87,112414.5
18.009987354278564,3.86,112270.46
18.022096157073975,3.87,112582.89
18.034047842025757,3.87,112534.74
18.04350471496582,3.87,112414.5
18.056089401245117,3.87,112631.08
18.06806755065918,3.87,112414.5
18.08061909675598,3.87,112534.74
18.0928053855896,3.87,112631.08
18.10508680343628,3.87,112486.61
18.117348194122314,3.87,112751.68
18.12969970703125,3.87,112462.58
18.141947507858276,3.87,112679.31
18.154340744018555,3.87,112679.31
18.16638469696045,3.87,112582.89
18.17844533920288,3.87,112824.13
18.190480947494507,3.87,112462.58
18.202683925628662,3.87,112920.86
18.21480703353882,3.87,112848.32
18.226505517959595,3.87,112872.48
18.236315488815308,3.87,113211.79
18.248324871063232,3.87,113211.79
18.26064419746399,3.87,113260.4
18.273146629333496,3.87,113309.03
18.285378456115723,3.87,113114.67
18.297714233398438,3.87,113430.76
18.309906244277954,3.87,113211.79
18.322181701660156,3.87,113455.12
18.334439516067505,3.87,113552.69
18.3455970287323,3.87,113382.04
18.357707023620605,3.88,113699.28
18.369850873947144,3.87,113455.12
18.382242441177368,3.88,113748.21
18.394465684890747,3.88,113748.21
18.406973361968994,3.87,113625.93
18.419123888015747,3.88,113993.33
18.428385257720947,3.88,113723.73
18.440826892852783,3.88,114165.4
18.453166961669922,3.88,114387.25
18.46571660041809,3.88,114190.0
18.47784447669983,3.88,114733.64
18.490238428115845,3.88,114659.28
18.502421617507935,3.88,114857.75
18.5147602558136,3.89,114982.07
18.527079820632935,3.89,115081.68
18.53925895690918,3.89,115556.64
18.551498651504517,3.89,115381.3
18.563560724258423,3.89,115707.28
18.575661659240723,3.89,115732.39
18.587594747543335,3.89,115456.39
18.599782466888428,3.89,115807.84
18.611830234527588,3.89,115581.75
18.62115740776062,3.89,115757.56
18.63342308998108,3.89,116034.66
18.645861387252808,3.89,115782.69
18.65795874595642,3.89,116236.87
18.670308113098145,3.89,116085.17
18.682793140411377,3.89,116186.27
18.694942235946655,3.9,116465.0
18.70726180076599,3.9,116338.18
18.719511032104492,3.9,116693.83
18.731891870498657,3.9,116363.52
18.744001150131226,3.89,115833.03
18.7561092376709,3.89,115732.39
18.768145084381104,3.89,115506.5
18.780197143554688,3.89,115807.84
18.79208755493164,3.89,115456.39
18.804121494293213,3.89,115556.64
18.813705444335938,3.89,115631.91
18.825957536697388,3.89,115556.64
18.837043285369873,3.89,115908.57
18.849523305892944,3.89,115581.75
18.86198878288269,3.89,115506.5
18.87439489364624,3.89,115356.3
18.88747477531433,3.89,115081.68
18.899786949157715,3.89,115381.3
18.911808013916016,3.88,114907.46
18.924206972122192,3.89,115106.59
18.93657612800598,3.89,115206.37
18.948568105697632,3.89,114982.07
18.960821628570557,3.89,115181.42
18.97275471687317,3.88,114832.92
18.98483109474182,3.88,114957.2
18.99686288833618,3.89,115056.75
19.00573205947876,3.88,114882.58
19.017504692077637,3.89,115306.29
19.029967784881592,3.89,115131.53
19.04234266281128,3.89,115056.75
19.055017709732056,3.89,115206.37
19.067596912384033,3.88,114733.64
19.08000874519348,3.89,114982.07
19.092127084732056,3.88,114708.83
19.104490280151367,3.88,114783.27
19.116669416427612,3.88,114857.75
19.12899947166443,3.88,114634.5
19.140939950942993,3.88,114808.07
19.153242349624634,3.88,114634.5
19.165307760238647,3.88,114560.24
19.177323818206787,3.88,114535.48
19.18925452232361,3.88,114239.26
19.198774814605713,3.88,114510.77
19.21094012260437,3.88,114362.53
19.223305225372314,3.88,114313.23
19.235491514205933,3.88,114510.77
19.247837781906128,3.88,114165.4
19.26009249687195,3.88,114337.88
19.272509574890137,3.88,114288.56
19.28467631340027,3.88,114116.2
19.296990394592285,3.88,114239.26
19.309349536895752,3.88,113944.24
19.321422576904297,3.88,114140.78
19.333498239517212,3.88,113968.76
19.344838619232178,3.88,113944.24
19.356873989105225,3.88,113993.33
19.369064807891846,3.88,113674.82
19.38143301010132,3.88,113944.24
19.38978672027588,3.88,113870.67
19.402196645736694,3.88,113870.67
19.414865970611572,3.88,114067.01
19.427120447158813,3.87,113650.39
19.43945574760437,3.88,113846.14
19.451842546463013,3.87,113650.39
19.464305639266968,3.87,113577.11
19.476587533950806,3.88,113797.15
19.489622831344604,3.87,113552.69
19.501734972000122,3.88,113919.71
19.514096975326538,3.88,113723.73
19.52606773376465,3.88,113870.67
19.538233995437622,3.88,114091.62
19.5502667427063,3.88,113772.68
19.56222915649414,3.88,114214.64
19.574326038360596,3.88,114190.0
19.58368420600891,3.88,114140.78
19.596070766448975,3.88,114535.48
19.608189344406128,3.88,114362.53
19.620744705200195,3.88,114436.63
19.63283371925354,3.88,114411.92
19.644996166229248,3.88,114263.92
19.657644987106323,3.88,114584.97
19.669759511947632,3.88,114411.92
19.68180203437805,3.88,114659.28
19.694299936294556,3.88,114387.25
19.706661224365234,3.88,114411.92
19.718719244003296,3.88,114609.75
19.730714797973633,3.88,114190.0
19.742815017700195,3.88,114510.77
19.754921913146973,3.88,114436.63
19.766957998275757,3.88,114214.64
19.776206254959106,3.88,114436.63
19.788532972335815,3.88,114214.64
19.80057954788208,3.88,114387.25
19.813069581985474,3.88,114239.26
19.825206518173218,3.88,114017.87
19.837723970413208,3.88,114116.2
19.850077867507935,3.88,113895.17
19.862199544906616,3.88,113919.71
19.874506950378418,3.88,113772.68
19.886805057525635,3.87,113601.52
19.899221897125244,3.87,113625.93
19.911152362823486,3.87,113284.69
19.92333459854126,3.87,113382.04
19.935369729995728,3.87,113357.71
19.94752049446106,3.87,113114.67
19.959447145462036,3.87,113066.17
19.971421241760254,3.87,112534.74
19.98096752166748,3.87,112390.46
19.993287563323975,3.86,112222.51
20.00542688369751,3.86,111602.07
20.017696857452393,3.86,111104.81
20.030335426330566,3.85,110236.94
20.042376279830933,3.85,109864.88
20.054558753967285,3.84,109402.53
20.066134452819824,3.83,108509.45
20.07849359512329,3.83,108146.3
20.09064817428589,3.82,107134.82
20.103378772735596,3.82,106667.76
20.11591911315918,3.81,105874.29
20.128034353256226,3.81,105154.79
20.140270709991455,3.8,104895.01
20.15208101272583,3.8,104271.22
20.164276361465454,3.8,104421.28
20.17364239692688,3.8,104292.64
20.18558168411255,3.8,104121.5
20.198090076446533,3.8,104036.08
20.210299968719482,3.79,103631.83
20.222728729248047,3.79,103886.87
20.235005855560303,3.8,104314.07
20.247204780578613,3.8,104057.42
20.259396076202393,3.8,103929.47
20.271830558776855,3.79,103823.03
20.284284353256226,3.79,103823.03
20.295090436935425,3.79,103823.03
20.307188987731934,3.79,103865.59
20.31955313682556,3.79,103865.59
20.331801652908325,3.79,103823.03
20.34439754486084,3.79,103801.75
20.35613751411438,3.79,103908.16
20.36466073989868,3.79,103737.98
20.377084016799927,3.8,103972.1
20.389331817626953,3.79,103865.59
20.401641845703125,3.79,103737.98
20.414129495620728,3.79,103695.5
20.426436185836792,3.79,103547.03
20.43894863128662,3.79,103695.5
20.4509699344635,3.79,103525.85
20.463127374649048,3.79,103547.03
20.476563692092896,3.79,103504.66
20.488885164260864,3.79,103377.74
20.500953197479248,3.79,103441.17
20.51301121711731,3.79,103377.74
20.524862051010132,3.79,103335.48
20.537129402160645,3.79,103377.74
20.54916548728943,3.79,103251.03
20.558433771133423,3.79,103208.85
20.570805072784424,3.79,103229.96
20.583218574523926,3.79,103166.71
20.595327854156494,3.79,103145.65
20.60785961151123,3.79,102998.36
20.61996030807495,3.79,102998.36
20.63216209411621,3.79,102977.33
20.644407033920288,3.79,102914.33
20.656827926635742,3.79,102935.35
20.669055223464966,3.79,102809.46
20.68138885498047,3.78,102788.5
20.693334102630615,3.78,102767.55
20.705569982528687,3.78,102746.63
20.71747851371765,3.78,102746.63
20.729610919952393,3.78,102683.82
20.741541862487793,3.78,102621.09
20.750942707061768,3.78,102516.67
20.763376474380493,3.78,102579.3
20.775474786758423,3.78,102662.91
20.787907123565674,3.78,102621.09
20.80008029937744,3.78,102474.94
20.81246542930603,3.78,102204.35
20.824971675872803,3.78,102329.1
20.83707046508789,3.78,102308.31
20.848366498947144,3.78,102225.13
20.860666513442993,3.78,102245.9
20.87306833267212,3.78,102245.9
20.885342597961426,3.78,102204.35
20.898174285888672,3.78,102183.58
20.910162448883057,3.78,102017.67
20.9221134185791,3.78,102100.56
20.93400526046753,3.78,101996.94
20.943480491638184,3.78,102059.09
20.95593547821045,3.78,102266.71
20.968278646469116,3.78,102079.83
20.980544328689575,3.78,102121.32
20.992482900619507,3.78,102079.83
21.004956483840942,3.78,101955.53
21.017321825027466,3.78,102017.67
21.029561758041382,3.78,101790.17
21.04174780845642,3.78,101955.53
21.054092407226562,3.78,101976.24
21.06647038459778,3.78,101934.85
21.078593015670776,3.78,101852.13
21.090515851974487,3.78,101769.51
21.102402925491333,3.78,101852.13
21.114437341690063,3.78,101707.64
21.126542568206787,3.78,101790.17
21.135109424591064,3.78,101852.13
21.14760971069336,3.78,101955.53
21.160375118255615,3.78,101934.85
21.17281413078308,3.78,101707.64
21.18525195121765,3.78,101748.89
21.197316646575928,3.78,101893.47
21.20943593978882,3.78,101810.81
21.221096992492676,3.78,101790.17
21.23309087753296,3.78,101748.89
21.245316982269287,3.78,101748.89
21.257584810256958,3.77,101666.39
21.26991558074951,3.77,101625.19
21.282344102859497,3.77,101645.81
21.294620752334595,3.77,101666.39
21.306878089904785,3.77,101625.19
21.31906270980835,3.77,101687.03
21.33118748664856,3.77,101501.75
21.34034490585327,3.78,101707.64
21.35283637046814,3.78,101810.81
21.36404252052307,3.77,101645.81
21.37625765800476,3.77,101687.03
21.38868546485901,3.77,101666.39
21.400846481323242,3.77,101604.61
21.413254499435425,3.77,101501.75
21.42579412460327,3.77,101460.64
21.43814992904663,3.77,101666.39
21.450576305389404,3.77,101275.99
21.462812423706055,3.77,101584.0
21.475021839141846,3.77,101440.09
21.487802028656006,3.77,101378.5
21.499884128570557,3.77,101687.03
21.511866807937622,3.77,101275.99
21.52401852607727,3.77,101584.0
21.533116579055786,3.77,101522.3
21.545625686645508,3.77,101522.3
21.55801796913147,3.78,101748.89
21.57010507583618,3.77,101337.47
21.582445859909058,3.77,101625.19
21.594693183898926,3.77,101399.04
21.6072256565094,3.77,101337.47
21.619182348251343,3.77,101337.47
21.631710052490234,3.77,101255.51
21.643731355667114,3.77,101275.99
21.65608310699463,3.77,101194.07
21.667958974838257,3.77,101132.71
21.68018126487732,3.77,101255.51
21.692213535308838,3.77,101296.47
21.704305171966553,3.77,101275.99
21.71648597717285,3.77,101275.99
21.72573757171631,3.77,101235.02
21.738108158111572,3.77,101358.0
21.750463247299194,3.77,101255.51
21.76277232170105,3.77,101255.51
21.775013208389282,3.77,101235.02
21.787204265594482,3.77,101153.16
21.79959201812744,3.77,101173.63
21.811874866485596,3.77,101050.99
21.82406735420227,3.77,101153.16
21.836315155029297,3.77,101173.63
21.848764657974243,3.77,101010.15
21.860713005065918,3.77,101235.02
21.87272024154663,3.77,100847.1
21.88487410545349,3.77,101194.07
21.896985054016113,3.77,101194.07
21.90882968902588,3.77,100928.58
21.918378829956055,3.77,101194.07
21.930676698684692,3.77,101071.42
21.942760229110718,3.77,101194.07
21.95520257949829,3.77,101235.02
21.967549800872803,3.77,101153.16
21.979761838912964,3.77,101091.83
21.99227237701416,3.77,101050.99
22.003161907196045,3.77,101030.57
22.016555547714233,3.77,101091.83
22.0289249420166,3.77,101091.83
22.041303157806396,3.77,101091.83
22.053181886672974,3.77,100948.96
22.065189123153687,3.77,101071.42
22.07742142677307,3.77,101030.57
22.089505910873413,3.77,100989.76
22.101574182510376,3.77,101091.83
22.11077356338501,3.77,101050.99
22.12318730354309,3.77,101132.71
22.135350942611694,3.77,101153.16
22.147486686706543,3.77,101173.63
22.15891671180725,3.77,101112.26
22.17130708694458,3.77,101030.57
22.183584690093994,3.77,101010.15
22.196101427078247,3.77,100948.96
22.20893406867981,3.77,101030.57
22.221342086791992,3.77,101071.42
22.23425579071045,3.77,100969.34
22.244948863983154,3.77,101030.57
22.2572603225708,3.77,101010.15
22.269453048706055,3.77,100969.34
22.28184413909912,3.77,100867.45
22.29425024986267,3.77,100806.39
22.30603575706482,3.77,100684.42
22.31585383415222,3.77,100887.83
22.327935457229614,3.77,100969.34
22.340213537216187,3.77,100887.83
22.352564573287964,3.77,100847.1
22.36358642578125,3.77,100847.1
22.375765085220337,3.77,100826.73
22.38796639442444,3.77,100664.13
22.40035367012024,3.77,100806.39
22.412646055221558,3.77,100725.05
22.424890279769897,3.77,100786.06
22.437433004379272,3.77,100786.06
22.44980001449585,3.77,100704.75
22.46204686164856,3.77,100684.42
22.474573373794556,3.76,100582.96
22.486466884613037,3.77,100603.25
22.498817443847656,3.77,100684.42
22.508103847503662,3.76,100522.16
22.52038550376892,3.77,100765.71
22.53263807296753,3.77,100806.39
22.544862747192383,3.77,100765.71
22.557207345962524,3.77,100684.42
22.569602966308594,3.76,100582.96
22.58192777633667,3.77,100623.53
22.59406590461731,3.76,100582.96
22.606236457824707,3.77,100684.42
22.618709325790405,3.77,100684.42
22.631031036376953,3.77,100623.53
22.64289617538452,3.77,100643.83
22.655076265335083,3.77,100684.42
22.667166233062744,3.76,100562.69
22.679362535476685,3.77,100704.75
22.691315174102783,3.76,100522.16
22.700578689575195,3.77,100623.53
22.712932109832764,3.77,100684.42
22.72535991668701,3.77,100806.39
22.73741888999939,3.77,100603.25
22.74991750717163,3.76,100562.69
22.762057304382324,3.76,100582.96
22.77442455291748,3.76,100542.41
22.786823749542236,3.76,100522.16
22.798712491989136,3.76,100562.69
22.81118392944336,3.76,100198.8
22.823518753051758,3.76,100319.89
22.835485458374023,3.76,100420.95
22.846854209899902,3.76,100299.67
22.859155893325806,3.76,100542.41
22.87141180038452,3.76,100057.82
22.88371229171753,3.76,100380.5
22.89585852622986,3.76,100420.95
22.90457582473755,3.76,100441.17
22.917492389678955,3.77,100887.83
22.929980039596558,3.77,100989.76
22.942497968673706,3.77,101296.47
22.954497575759888,3.77,101255.51
22.96707820892334,3.77,101358.0
22.979002237319946,3.77,101584.0
22.99145746231079,3.77,101296.47
23.003846406936646,3.77,101645.81
23.016080141067505,3.77,101687.03
23.02817988395691,3.77,101645.81
23.0401828289032,3.78,101934.85
23.052308320999146,3.78,101728.24
23.064462184906006,3.78,101934.85
23.076327800750732,3.78,102079.83
23.088301420211792,3.78,102079.83
23.098024368286133,3.78,102349.91
23.1100652217865,3.78,102183.58
23.122437953948975,3.78,102558.42
23.13485097885132,3.78,102537.53
23.147141218185425,3.78,102412.41
23.159294843673706,3.79,102830.42
23.171458959579468,3.78,102516.67
23.182949781417847,3.78,102641.98
23.195294857025146,3.78,102767.55
23.20773434638977,3.78,102600.21
23.22013807296753,3.79,102809.46
23.232824325561523,3.78,102516.67
23.244856119155884,3.78,102767.55
23.256772756576538,3.79,102851.4
23.268996000289917,3.78,102725.67
23.281078100204468,3.79,103061.44
23.290478706359863,3.79,102893.36
23.30264687538147,3.79,103335.48
23.315070867538452,3.79,103314.35
23.32712745666504,3.79,103187.78
23.33960223197937,3.79,103356.59
23.35169005393982,3.79,103166.71
23.363998889923096,3.79,103229.96
23.375120639801025,3.79,103377.74
23.387325286865234,3.79,103145.65
23.399796962738037,3.79,103377.74
23.41209125518799,3.79,103124.57
23.42428970336914,3.79,103124.57
23.43645977973938,3.79,103293.25
23.448969841003418,3.79,103040.42
23.461190223693848,3.79,103483.5
23.473415851593018,3.79,103187.78
23.48245358467102,3.79,103398.86
23.49520230293274,3.79,103610.6
23.50750422477722,3.79,103483.5
23.5187931060791,3.79,103568.2
23.5311496257782,3.79,103377.74
23.543413639068604,3.79,103568.2
23.55594229698181,3.79,103398.86
23.56871271133423,3.79,103040.42
23.581170797348022,3.79,102977.33
23.593401670455933,3.78,102412.41
23.605714797973633,3.78,102391.56
23.617958545684814,3.78,101934.85
23.629812955856323,3.77,101542.88
23.641910552978516,3.77,101666.39
23.654038429260254,3.77,101235.02
23.666192054748535,3.77,101255.51
23.675484895706177,3.77,101399.04
23.687745809555054,3.78,101769.51
23.699883937835693,3.78,101976.24
23.71213722229004,3.78,101852.13
23.72457718849182,3.78,101810.81
23.7368586063385,3.78,101790.17
23.749264240264893,3.77,101645.81
23.761385917663574,3.78,101831.48
23.773675680160522,3.78,101707.64
23.786077976226807,3.78,101707.64
23.798367500305176,3.78,101707.64
23.81036114692688,3.77,101604.61
23.822468757629395,3.78,101707.64
23.834667205810547,3.77,101625.19
23.846741914749146,3.77,101645.81
23.8588445186615,3.77,101604.61
23.870601177215576,3.77,101542.88
23.880277633666992,3.77,101522.3
23.892454385757446,3.77,101645.81
23.90472388267517,3.77,101604.61
23.917229652404785,3.77,101563.44
23.929298877716064,3.77,101542.88
23.94171166419983,3.77,101666.39
23.953994035720825,3.77,101625.19
23.966438055038452,3.78,101769.51
23.978480577468872,3.78,102121.32
23.990809679031372,3.78,102079.83
24.00312113761902,3.78,102183.58
24.015132904052734,3.78,102204.35
24.027281045913696,3.78,102287.49
24.039238452911377,3.78,102225.13
24.051347494125366,3.78,102183.58
24.063399076461792,3.78,102204.35
24.07264232635498,3.78,102245.9
24.085142850875854,3.78,102349.91
24.09724712371826,3.78,102308.31
24.109763860702515,3.78,102287.49
24.12166452407837,3.78,102308.31
24.13429617881775,3.78,102204.35
24.146278381347656,3.78,102183.58
24.15869951248169,3.78,102100.56
24.17096996307373,3.78,101914.14
24.183222770690918,3.78,102225.13
24.19554615020752,3.78,102059.09
24.207640886306763,3.78,102038.37
24.219740390777588,3.78,102204.35
24.231876850128174,3.78,101934.85
24.24345350265503,3.78,102142.05
24.255688667297363,3.78,102079.83
24.264281511306763,3.78,102038.37
24.276463270187378,3.78,102349.91
24.28888511657715,3.78,102162.83
24.30202865600586,3.78,102558.42
24.31449317932129,3.78,102266.71
24.326419830322266,3.78,102329.1
24.338866233825684,3.78,102641.98
24.351200342178345,3.78,102391.56
24.36224889755249,3.78,102579.3
24.37448763847351,3.78,102662.91
24.38672137260437,3.78,102746.63
24.39904522895813,3.79,102893.36
24.411146640777588,3.79,102872.36
24.423433780670166,3.79,103335.48
24.435962915420532,3.79,103229.96
24.448206186294556,3.79,103314.35
24.46019148826599,3.79,103568.2
24.46902346611023,3.79,103504.66
24.481481075286865,3.8,103993.41
24.493767976760864,3.79,103865.59
24.5060555934906,3.8,104356.92
24.518181800842285,3.8,104679.28
24.530543088912964,3.8,104700.81
24.542710781097412,3.81,105176.5
24.55498504638672,3.81,105372.04
24.567787170410156,3.81,105328.54
24.5806303024292,3.81,105546.32
24.592809200286865,3.81,105350.27
24.604881048202515,3.81,105655.46
24.61666512489319,3.81,105568.15
24.628870010375977,3.81,105589.96
24.64099931716919,3.81,105940.06
24.650203704833984,3.81,105699.17
24.66246724128723,3.81,106071.82
24.67480158805847,3.81,106049.83
24.687078714370728,3.81,105983.96
24.69938325881958,3.82,106313.99
24.71156597137451,3.81,105852.36
24.72393226623535,3.81,106049.83
24.736309051513672,3.81,105983.96
24.74845027923584,3.81,105721.05
24.760740995407104,3.81,105830.47
24.773110389709473,3.81,105568.15
24.78521466255188,3.81,105677.32
24.797192811965942,3.81,105655.46
24.80907654762268,3.81,105350.27
24.821093559265137,3.81,105524.52
24.833242416381836,3.81,105241.61
24.84190320968628,3.81,105372.04
24.85422158241272,3.81,105176.5
24.866414070129395,3.8,104121.5
24.879521369934082,3.8,104121.5
24.891857385635376,3.79,103568.2
24.90428137779236,3.79,103631.83
24.91666054725647,3.79,103653.03
24.92865753173828,3.79,103504.66
24.940970420837402,3.79,103610.6
24.95337986946106,3.79,103547.03
24.965698957443237,3.79,103695.5
24.977515935897827,3.79,103610.6
24.989718198776245,3.79,103547.03
25.001801013946533,3.79,103610.6
25.013854026794434,3.79,103568.2
25.025928735733032,3.79,103568.2
25.03532123565674,3.79,103568.2
25.04754400253296,3.79,103674.28
25.059643983840942,3.79,103610.6
25.072122812271118,3.79,103631.83
25.084352731704712,3.79,103589.42
25.096681833267212,3.79,103610.6
25.108803033828735,3.79,103631.83
25.12126922607422,3.79,103674.28
25.13359785079956,3.79,103610.6
25.145787477493286,3.79,103547.03
25.158165216445923,3.79,103610.6
25.170032024383545,3.79,103483.5
25.182305097579956,3.79,103674.28
25.194164514541626,3.79,103568.2
25.206331491470337,3.79,103589.42
25.21836543083191,3.79,103589.42
25.22768998146057,3.79,103525.85
25.239935636520386,3.79,103547.03
25.25237011909485,3.79,103208.85
25.264439344406128,3.79,103462.32
25.277071952819824,3.79,103166.71
25.289360523223877,3.79,102935.35
25.301373720169067,3.79,102977.33
25.313566207885742,3.78,102767.55
25.326156616210938,3.79,102893.36
25.338449954986572,3.79,102872.36
25.350398540496826,3.78,102683.82
25.36183524131775,3.79,102830.42
25.37374782562256,3.78,102391.56
25.38586401939392,3.78,102308.31
25.398273468017578,3.78,102391.56
25.410419464111328,3.78,102204.35
25.418966054916382,3.78,102621.09
25.431292057037354,3.78,102725.67
25.44375705718994,3.79,102956.34
25.456082820892334,3.79,102977.33
25.468597650527954,3.79,103040.42
25.4808406829834,3.79,103314.35
25.493245840072632,3.79,103208.85
25.505373001098633,3.79,103314.35
25.517654418945312,3.79,103568.2
25.529908418655396,3.79,103462.32
25.542254209518433,3.79,103631.83
25.55470895767212,3.79,103674.28
25.567318439483643,3.79,103886.87
25.579355239868164,3.8,103993.41
25.5914466381073,3.79,103823.03
25.603516578674316,3.8,104014.76
25.612667322158813,3.8,104057.42
25.62494683265686,3.8,104421.28
25.6373872756958,3.8,104571.67
25.64975619316101,3.8,104356.92
25.66171169281006,3.8,104743.92
25.674166202545166,3.8,104421.28
25.6862895488739,3.8,104464.22
25.69869375228882,3.8,104743.92
25.711052894592285,3.8,104593.16
25.72318935394287,3.8,104743.92
25.735572814941406,3.8,104700.81
25.74769926071167,3.8,104787.07
25.759804248809814,3.8,104959.89
25.771937370300293,3.8,104873.42
25.78378701210022,3.81,105176.5
25.795979022979736,3.81,105219.91
25.805168390274048,3.81,105285.07
25.817591428756714,3.81,105546.32
25.829835653305054,3.81,105328.54
25.84207248687744,3.81,105524.52
25.85442352294922,3.81,105415.57
25.866769075393677,3.81,105502.7
25.878943920135498,3.81,105611.8
25.891135215759277,3.81,105372.04
25.90353298187256,3.81,105611.8
25.915937900543213,3.81,105459.1
25.927953243255615,3.81,105415.57
25.9402174949646,3.81,105655.46
25.952157497406006,3.81,105328.54
25.96432638168335,3.81,105655.46
25.976426601409912,3.81,105524.52
25.988405227661133,3.81,105568.15
25.99777102470398,3.81,105764.81
26.010236024856567,3.81,105742.91
26.022225379943848,3.81,106115.76
26.034560441970825,3.81,106115.76
26.046837329864502,3.81,106093.79
26.059160947799683,3.81,106225.83
26.071293115615845,3.81,105830.47
26.08369207382202,3.81,106027.87
26.096070528030396,3.81,106027.87
26.108309268951416,3.81,105786.67
26.120675802230835,3.81,106137.78
26.13257908821106,3.81,105962.0
26.14450979232788,3.81,106159.77
26.156627655029297,3.81,106159.77
26.168748140335083,3.81,105962.0
26.1806423664093,3.82,106269.88
26.190280199050903,3.81,106027.87
26.202487230300903,3.81,106225.83
26.214805841445923,3.81,106027.87
26.227200031280518,3.81,105589.96
26.23946237564087,3.81,105263.35
26.251760005950928,3.8,104895.01
26.264002323150635,3.8,105046.43
26.275696516036987,3.81,105524.52
26.287192821502686,3.8,104916.64
26.299534559249878,3.81,105524.52
26.311715126037598,3.81,105611.8
26.323888063430786,3.81,105699.17
26.33628225326538,3.81,105198.19
26.349077701568604,3.81,105198.19
26.360997676849365,3.81,105241.61
26.37298345565796,3.81,105133.11
26.38141131401062,3.81,105285.07
26.393734455108643,3.81,105350.27
26.405980825424194,3.81,105372.04
26.418379068374634,3.81,105176.5
26.43103313446045,3.81,105089.76
26.443232774734497,3.81,105198.19
26.45563244819641,3.81,105241.61
26.467957019805908,3.8,105046.43
26.480097770690918,3.81,105306.78
26.49229598045349,3.81,105198.19
26.504587411880493,3.81,105198.19
26.51696753501892,3.8,105024.79
26.52911949157715,3.8,104938.25
26.541168928146362,3.8,105068.11
26.5536367893219,3.8,104981.51
26.56250524520874,3.81,105111.46
26.57520318031311,3.8,105068.11
26.58755922317505,3.8,105024.79
26.59994101524353,3.8,105003.13
26.612011671066284,3.8,105046.43
26.624244928359985,3.8,104938.25
26.63671898841858,3.8,104808.65
26.64901065826416,3.8,104873.42
26.66133975982666,3.8,104873.42
26.673454761505127,3.8,104743.92
26.68584942817688,3.8,104851.81
26.697856664657593,3.8,105046.43
26.709959745407104,3.8,104873.42
26.72196674346924,3.81,105241.61
26.734182834625244,3.81,105198.19
26.746193647384644,3.81,105589.96
26.75549030303955,3.81,105852.36
26.7677903175354,3.81,105918.14
26.78010058403015,3.82,106689.95
26.792226552963257,3.82,106934.27
26.804707765579224,3.82,107179.48
26.816982746124268,3.83,107537.67
26.82902765274048,3.83,108078.39
26.841920852661133,3.84,108760.18
26.853485822677612,3.84,108691.71
26.866134881973267,3.84,109310.4
26.87823462486267,3.84,109841.7
26.890522003173828,3.85,110050.68
26.902361392974854,3.85,110704.77
26.914671182632446,3.85,111010.47
26.926806926727295,3.86,111649.61
26.938811779022217,3.87,112462.58
26.95072340965271,3.87,112969.28
26.960273504257202,3.88,114165.4
26.972403049468994,3.88,114957.2
26.984824419021606,3.89,115657.03
26.997061729431152,3.89,115833.03
27.009358406066895,3.89,116009.43
27.02176856994629,3.9,116668.35
27.033949851989746,3.9,116668.35
27.04618787765503,3.9,117256.12
27.05850601196289,3.91,117796.83
27.070928812026978,3.91,117977.93
27.082785844802856,3.91,118942.45
27.09491539001465,3.92,119178.93
27.10727047920227,3.92,119813.14
27.119242668151855,3.93,120613.4
27.131354808807373,3.93,120935.89
27.143128633499146,3.93,121884.15
27.152854204177856,3.94,122184.57
27.16507625579834,3.94,122706.31
27.17738628387451,3.94,123342.55
27.189666032791138,3.95,123565.07
27.20209836959839,3.95,124602.53
27.214166164398193,3.96,125112.25
27.226545095443726,3.96,125825.67
27.23879361152649,3.97,126661.33
27.251182079315186,3.97,126458.82
27.2633113861084,3.97,127388.84
27.27549910545349,3.97,127126.17
27.28758430480957,3.97,127097.05
27.299776554107666,3.97,127330.39
27.311667680740356,3.97,126806.29
27.323871850967407,3.97,126864.36
27.335907459259033,3.96,126170.4
27.3451726436615,3.96,125969.13
27.35756778717041,3.96,126141.6
27.369919061660767,3.96,125425.38
27.38107657432556,3.96,125368.35
27.39305067062378,3.95,124715.53
27.405471563339233,3.95,124405.21
27.41773533821106,3.95,124068.07
27.430033445358276,3.95,123509.36
27.442504167556763,3.95,123509.36
27.45456290245056,3.94,122816.56
27.46727967262268,3.94,122596.17
27.47936987876892,3.94,122486.19
27.491520643234253,3.93,121666.35
27.504114151000977,3.93,121911.39
27.516462564468384,3.93,121449.21
27.52833652496338,3.93,121043.64
27.53775930404663,3.93,121043.64
27.5501549243927,3.92,120452.71
27.562179803848267,3.92,120238.91
27.57452893257141,3.92,119389.74
27.58697819709778,3.91,118393.52
27.599247217178345,3.9,117256.12
27.611753463745117,3.89,115231.35
27.62371563911438,3.88,114165.4
27.636127710342407,3.87,112872.48
27.64821481704712,3.86,112174.62
27.660645723342896,3.86,111744.79
27.67256736755371,3.85,111057.62
27.684800148010254,3.85,110916.28
27.696863174438477,3.85,110610.95
27.708919525146484,3.85,110423.72
27.720909357070923,3.85,110657.85
27.730207204818726,3.85,110260.28
27.742515563964844,3.85,110564.09
27.754832983016968,3.85,110353.6
27.767090320587158,3.85,110283.59
27.77921199798584,3.85,110120.47
27.79185128211975,3.85,109957.72
27.804200410842896,3.85,109888.09
27.81621026992798,3.84,109725.87
27.82850217819214,3.84,109540.91
27.84093952178955,3.84,109633.33
27.853097200393677,3.84,109471.67
27.865276098251343,3.84,109656.43
27.87738299369812,3.85,109888.09
27.889427423477173,3.85,109911.28
27.90155053138733,3.85,110493.87
27.91343593597412,3.85,110587.53
27.92548966407776,3.86,111317.5
27.934959173202515,3.86,111959.39
27.947306156158447,3.87,112414.5
27.959547758102417,3.87,113211.79
27.972213983535767,3.87,113382.04
27.98417615890503,3.88,114165.4
27.99635148048401,3.88,114560.24
28.008903980255127,3.88,114957.2
28.021186590194702,3.89,115782.69
28.03316831588745,3.89,116009.43
28.045543670654297,3.9,116668.35
28.05783224105835,3.9,116923.33
28.06984257698059,3.9,117307.46
28.0820050239563,3.91,118055.67
28.09401798248291,3.91,118159.46
28.1060631275177,3.91,118785.22
28.115211963653564,3.91,119047.46
28.127577781677246,3.92,119363.37
28.1399347782135,3.92,120079.0
28.15233063697815,3.93,120506.25
28.164276361465454,3.93,121367.9
28.176637172698975,3.94,122075.21
28.18898057937622,3.94,122568.64
28.201297760009766,3.94,123370.32
28.213517427444458,3.95,123844.1
28.22573471069336,3.96,124970.34
28.23794984817505,3.96,125911.71
28.250215530395508,3.97,126864.36
28.262268781661987,3.98,128685.46
28.27448058128357,3.98,128774.62
28.28653907775879,3.99,130003.22
28.298534631729126,3.99,130700.64
28.310523748397827,3.99,131097.45
28.320201635360718,4.0,132361.76
28.33217692375183,4.0,132766.64
28.344682216644287,4.01,133236.4
28.356990098953247,4.01,133362.14
28.36930561065674,4.0,131557.76
28.38197112083435,4.0,131281.28
28.39247179031372,3.99,130944.6
28.404777765274048,4.0,131557.76
28.417121648788452,4.0,131958.78
28.429432153701782,4.0,131680.95
28.441487789154053,4.0,132486.09
28.4541118144989,4.0,131557.76
28.46644902229309,4.0,132082.57
28.478516578674316,4.0,132113.53
28.49061894416809,4.0,132020.6
28.499473094940186,4.01,132954.26
28.512519598007202,4.0,132766.64
28.524728298187256,4.0,132579.53
28.53710174560547,4.01,132954.26
28.549439668655396,4.0,132517.28
28.56042242050171,4.0,132673.07
28.572991371154785,4.0,131989.68
28.585075616836548,4.0,131835.17
28.597639799118042,4.0,131404.04
28.60997486114502,3.99,131005.71
28.622639656066895,4.0,131557.76
28.635098695755005,3.99,131097.45
28.647233963012695,3.99,130944.6
28.659279108047485,3.99,130639.75
28.671273231506348,3.99,129792.14
28.68339776992798,3.99,129641.71
28.692650079727173,3.98,128507.4
28.705077409744263,3.98,128448.14
28.717409133911133,3.98,128182.03
28.729535579681396,3.97,127418.06
28.741819143295288,3.97,127447.32
28.754308700561523,3.97,126429.94
28.76651096343994,3.96,125311.36
28.77898931503296,3.95,124546.1
28.79107165336609,3.94,123203.77
28.80339479446411,3.94,122431.26
28.815667629241943,3.92,120452.71
28.827649354934692,3.92,119231.59
28.839622259140015,3.91,118602.18
28.85193967819214,3.9,117564.62
28.863637924194336,3.9,117230.49
28.87597370147705,3.9,116770.25
28.885326862335205,3.9,117127.96
28.897520065307617,3.9,117384.51
28.909693241119385,3.9,116490.38
28.92215919494629,3.9,116617.46
28.934494256973267,3.89,116034.66
28.94655704498291,3.89,115556.64
28.95911455154419,3.89,115431.35
28.971251964569092,3.88,114808.07
28.983619928359985,3.89,115306.29
28.995773553848267,3.88,114783.27
29.00828528404236,3.88,114832.92
29.020164728164673,3.89,115056.75
29.0322527885437,3.88,114510.77
29.044408559799194,3.88,114882.58
29.056447982788086,3.88,114708.83
29.068476676940918,3.88,114609.75
29.077741622924805,3.88,114808.07
29.08995747566223,3.88,114165.4
29.102301597595215,3.88,114584.97
29.11460828781128,3.88,114362.53
29.126794576644897,3.88,114116.2
29.139204263687134,3.88,114362.53
29.151481866836548,3.88,113993.33
29.163623809814453,3.88,114461.32
29.176068782806396,3.88,114288.56
29.188425540924072,3.88,114634.5
29.200719118118286,3.89,115281.28
29.212615728378296,3.89,115381.3
29.22455859184265,3.89,116160.96
29.23689603805542,3.9,116668.35
29.248825788497925,3.9,117102.34
29.260989665985107,3.91,118107.54
29.27030849456787,3.91,118445.63
29.282527208328247,3.92,120025.75
29.294771194458008,3.93,120882.04
29.30712389945984,3.93,121584.86
29.319483280181885,3.94,122706.31
29.331694841384888,3.94,122982.28
29.344022035598755,3.95,123872.08
29.3562490940094,3.95,124489.71
29.368585348129272,3.96,124998.69
29.380817890167236,3.96,126141.6
29.391951322555542,3.96,126314.48
29.40406894683838,3.97,127505.86
29.416249990463257,3.98,128270.63
29.42861533164978,3.98,128923.45
29.44088339805603,3.99,129912.71
29.45369863510132,3.99,130033.4
29.461623907089233,4.0,131219.95
29.474212646484375,4.0,131742.6
29.486529111862183,4.0,132051.54
29.499033451080322,4.01,132860.4
29.511770963668823,4.01,133016.85
29.5243980884552,4.01,133708.78
29.536324739456177,4.01,134025.17
29.54776668548584,4.01,134152.09
29.560039043426514,4.02,134661.6
29.57247233390808,4.01,134342.78
29.584965467453003,4.02,134725.56
29.59738302230835,4.02,134917.57
29.609899044036865,4.02,134693.62
29.62190341949463,4.02,135335.15
29.63363552093506,4.02,134981.71
29.64573073387146,4.02,135657.76
29.655269384384155,4.02,135690.07
29.66752052307129,4.02,135754.81
29.67980432510376,4.02,136176.59
29.692277669906616,4.02,135045.82
29.704527616500854,4.02,134917.57
29.716698169708252,4.01,133645.59
29.729082822799683,4.0,132206.54
29.741249799728394,3.99,130609.35
29.753533124923706,3.97,127681.68
29.765906810760498,3.96,125682.45
29.778077125549316,3.95,123676.57
29.79018259048462,3.94,122294.12
29.802311897277832,3.94,121965.96
29.814847707748413,3.93,121395.01
29.826467514038086,3.93,121503.44
29.83848786354065,3.93,121151.59
29.847724437713623,3.93,120908.94
29.86018681526184,3.93,121043.64
29.872432947158813,3.93,120747.62
29.884734630584717,3.92,120292.3
29.896816968917847,3.92,120238.91
29.909172296524048,3.92,119866.24
29.921560764312744,3.92,119760.12
29.933842420578003,3.92,119468.98
29.94620966911316,3.92,119468.98
29.95837163925171,3.92,119416.15
29.970574140548706,3.92,119205.24
29.982755661010742,3.91,118968.71
29.994749307632446,3.91,118732.88
30.006981134414673,3.91,118706.71
30.019027948379517,3.91,118680.57
30.03109335899353,3.91,118393.52
30.04034447669983,3.91,118393.52
30.05266499519348,3.91,118419.58
30.06520676612854,3.91,118263.41
30.077163457870483,3.91,118315.43
30.0894558429718,3.91,117926.14
30.101803302764893,3.91,117926.14
30.113862991333008,3.91,117693.53
30.126147508621216,3.9,117641.96
30.138636827468872,3.9,117590.4
30.150940418243408,3.9,117410.23
30.16310143470764,3.9,117461.67
30.175076484680176,3.9,117333.12
30.187230825424194,3.9,117230.49
30.1994571685791,3.9,117179.21
30.211451292037964,3.9,117025.57
30.223573923110962,3.9,117102.34
30.232746362686157,3.9,116872.29
30.245094060897827,3.9,117051.17
30.257381439208984,3.9,116974.43
30.269718408584595,3.9,116693.83
30.28191566467285,3.9,117127.96
30.294326543807983,3.9,116770.25
30.306448459625244,3.9,116795.73
30.318806171417236,3.9,117076.75
30.3309965133667,3.9,116872.29
30.343480825424194,3.9,117333.12
30.355778694152832,3.9,117051.17
30.367592334747314,3.9,117307.46
30.379718542099,3.9,117564.62
30.391029119491577,3.9,117230.49
30.403255462646484,3.9,117667.75
30.4155535697937,3.9,117281.77
30.42409110069275,3.9,117616.16
30.436400175094604,3.91,118185.46
30.448646068572998,3.91,117822.69
30.46111536026001,3.91,118315.43
30.47354292869568,3.91,118159.46
30.48595666885376,3.91,118315.43
30.498210430145264,3.91,118785.22
30.51078772544861,3.91,118680.57
30.522351026535034,3.92,119257.92
30.53497886657715,3.92,119257.92
30.546996355056763,3.92,119468.98
30.559483766555786,3.92,119813.14
30.571937084197998,3.92,119707.1
30.584428787231445,3.92,120185.55
30.596463680267334,3.92,120105.6
30.608541250228882,3.92,120319.03
30.61763310432434,3.93,120533.01
30.629936933517456,3.93,120586.6
30.642427682876587,3.93,121232.64
30.654720783233643,3.93,120774.47
30.666956901550293,3.93,120747.62
30.67936086654663,3.93,120935.89
30.69136667251587,3.93,120613.4
30.703922271728516,3.93,121043.64
30.716082334518433,3.93,120667.06
30.728323221206665,3.93,120693.92
30.74048614501953,3.93,120667.06
30.751896619796753,3.92,120345.74
30.764107704162598,3.92,120345.74
30.77643585205078,3.92,119999.13
30.788736581802368,3.92,119839.71
30.80101490020752,3.92,119839.71
30.81036901473999,3.92,119495.38
30.82269859313965,3.92,119866.24
30.834693431854248,3.92,119442.54
30.847036600112915,3.91,118994.94
30.859426498413086,3.91,118968.71
30.87178659439087,3.91,118289.39
30.88399362564087,3.91,118497.78
30.89633536338806,3.91,117977.93
30.908416986465454,3.9,117410.23
30.920880794525146,3.9,117435.92
30.933192491531372,3.9,116642.91
30.945146799087524,3.9,116821.25
30.957327365875244,3.9,116515.79
30.969475984573364,3.9,116363.52
30.981454372406006,3.9,116642.91
30.993530988693237,3.89,116287.51
31.002922534942627,3.9,116693.83
31.015042304992676,3.9,116770.25
31.02723479270935,3.9,116668.35
31.039713621139526,3.9,116974.43
31.05183506011963,3.9,116363.52
31.064316749572754,3.9,116617.46
31.076618909835815,3.9,116515.79
31.088817596435547,3.89,116287.51
31.10115361213684,3.9,116414.25
31.113457679748535,3.89,115908.57
31.12613272666931,3.89,116262.17
31.13784122467041,3.89,116059.92
31.149827003479004,3.89,115757.56
31.161978721618652,3.89,115984.19
31.174145698547363,3.89,115406.35
31.186155080795288,3.89,115606.82
31.198021173477173,3.89,115631.91
31.207547426223755,3.89,115006.97
31.219902992248535,3.89,115406.35
31.232184886932373,3.88,114882.58
31.24464702606201,3.89,115131.53
31.25668740272522,3.89,115131.53
31.269073009490967,3.88,114758.44
31.281182289123535,3.89,114982.07
31.293593406677246,3.88,114510.77
31.305954933166504,3.88,114857.75
31.31816601753235,3.88,114733.64
31.329762935638428,3.88,114535.48
31.34131407737732,3.88,114882.58
31.35354232788086,3.88,114510.77
31.365790128707886,3.88,114783.27
31.378026485443115,3.88,114832.92
31.390568733215332,3.88,114510.77
31.39881920814514,3.89,115006.97
31.411004543304443,3.88,114659.28
31.42344617843628,3.88,114882.58
31.435709238052368,3.89,115156.46
31.448023557662964,3.88,114758.44
31.460622787475586,3.89,115081.68
31.472946882247925,3.88,114783.27
31.485151290893555,3.88,114832.92
31.49761152267456,3.88,114733.64
31.509408473968506,3.88,114461.32
31.522080183029175,3.88,114634.5
31.53416347503662,3.88,114165.4
31.54635715484619,3.88,114190.0
31.55898356437683,3.88,114116.2
31.571300745010376,3.88,113699.28
31.583263874053955,3.88,113772.68
31.59268355369568,3.87,113309.03
31.60471534729004,3.87,113479.51
31.61709427833557,3.87,113503.89
31.629330158233643,3.87,112872.48
31.641780376434326,3.87,113284.69
31.65444302558899,3.87,112534.74
31.666308641433716,3.87,112510.68
31.67860436439514,3.86,112054.94
31.690995931625366,3.86,111246.54
31.703335285186768,3.85,110916.28
31.71535086631775,3.85,110493.87
31.72740149497986,3.85,110493.87
31.73960018157959,3.85,110517.26
31.751626014709473,3.85,110260.28
31.763587951660156,3.85,110330.27
31.775695323944092,3.85,110260.28
31.783782720565796,3.85,110190.32
31.796099424362183,3.85,110190.32
31.80880331993103,3.85,110120.47
31.82104182243347,3.85,110190.32
31.83341956138611,3.85,110143.74
31.84557294845581,3.85,110027.41
31.8581120967865,3.85,110120.47
31.870789289474487,3.85,109911.28
31.88349175453186,3.85,109957.72
31.895548343658447,3.85,109980.94
31.90794348716736,3.84,109841.7
31.92011785507202,3.84,109818.5
31.932071447372437,3.84,109772.16
31.94427180290222,3.84,109818.5
31.956230878829956,3.84,109679.58
31.968385219573975,3.84,109772.16
31.977593183517456,3.84,109679.58
31.98994755744934,3.84,109702.71
32.0022394657135,3.84,109818.5
32.01435995101929,3.84,109725.87
32.026676416397095,3.84,109587.1
32.03783416748047,3.84,109494.74
32.050163984298706,3.84,109287.37
32.06259846687317,3.84,109287.37
32.07468128204346,3.84,109241.4
32.0872483253479,3.84,109264.39
32.09962224960327,3.84,109195.43
32.11222314834595,3.84,109149.49
32.12479543685913,3.84,109126.51
32.13671922683716,3.84,109103.57
32.14876341819763,3.84,109103.57
32.160855293273926,3.84,109126.51
32.17018723487854,3.84,109057.69
32.182342767715454,3.84,109241.4
32.19478940963745,3.84,109264.39
32.20693349838257,3.84,109057.69
32.219308614730835,3.84,109103.57
32.231425285339355,3.84,108897.34
32.24381875991821,3.84,108966.01
32.256086587905884,3.84,109011.83
32.268373012542725,3.84,109057.69
32.280673027038574,3.84,109034.78
32.29284048080444,3.84,108988.93
32.30519366264343,3.84,109080.61
32.31709384918213,3.84,109057.69
32.32967567443848,3.84,108920.21
32.34137773513794,3.84,109034.78
32.3534893989563,3.84,108897.34
32.36532425880432,3.84,108920.21
32.37498998641968,3.84,108828.75
32.38736939430237,3.84,108966.01
32.399333000183105,3.84,109034.78
32.41044616699219,3.84,108805.88
32.422725677490234,3.84,108828.75
32.43507480621338,3.84,108988.93
32.44732856750488,3.84,108805.88
32.459486961364746,3.84,108828.75
32.47219252586365,3.84,108691.71
32.48461174964905,3.84,108737.36
32.49668073654175,3.84,108760.18
32.50924468040466,3.84,108714.55
32.521604776382446,3.84,108714.55
32.5338921546936,3.83,108600.51
32.54579782485962,3.83,108577.75
32.558035135269165,3.83,108577.75
32.5672070980072,3.83,108463.95
32.5797119140625,3.83,108600.51
32.592044830322266,3.83,108600.51
32.60299015045166,3.83,108486.68
32.615545988082886,3.83,108441.2
32.62781047821045,3.83,108350.34
32.64031672477722,3.83,108418.47
32.65277814865112,3.83,108236.89
32.665343046188354,3.83,108350.34
32.67779850959778,3.83,108214.24
32.69027233123779,3.83,108191.59
32.70231294631958,3.83,108214.24
32.71431016921997,3.83,108214.24
32.72643828392029,3.83,108168.92
32.738537311553955,3.83,108282.24
32.750563621520996,3.83,108101.03
32.75995230674744,3.83,108191.59
32.77229928970337,3.83,108304.94
32.784493923187256,3.83,108282.24
32.79656934738159,3.83,108395.77
32.80912780761719,3.83,108101.03
32.821394205093384,3.83,108236.89
32.83361196517944,3.83,108146.3
32.84598708152771,3.83,108078.39
32.85817837715149,3.83,108146.3
32.87057638168335,3.83,108010.57
32.88262891769409,3.83,108055.78
32.893726110458374,3.83,108033.2
32.90600824356079,3.83,108033.2
32.91842198371887,3.83,107988.0
32.93062424659729,3.83,108010.57
32.942970991134644,3.83,108078.39
32.95207977294922,3.83,107942.83
32.96461892127991,3.83,108123.64
32.97696399688721,3.83,108101.03
32.989240646362305,3.83,107988.0
33.00153994560242,3.83,108010.57
33.01394987106323,3.83,107988.0
33.0262131690979,3.83,107988.0
33.03827929496765,3.83,107920.25
33.05069136619568,3.83,107897.7
33.06309390068054,3.83,107965.4
33.07519793510437,3.83,107897.7
33.08703541755676,3.83,107875.16
33.09918284416199,3.83,107852.59
33.11140751838684,3.83,107762.46
33.12345337867737,3.83,107875.16
33.13537359237671,3.83,107807.51
33.14497470855713,3.83,107852.59
33.157087326049805,3.83,107807.51
33.16943097114563,3.83,107807.51
33.18163800239563,3.83,107852.59
33.19419717788696,3.83,107762.46
33.20646929740906,3.83,107649.97
33.21860361099243,3.83,107537.67
33.230844497680664,3.83,107582.57
33.24306035041809,3.83,107627.51
33.25550842285156,3.83,107470.37
33.26756954193115,3.83,107537.67
33.27963948249817,3.83,107537.67
33.29189491271973,3.83,107470.37
33.30382800102234,3.83,107492.78
33.31588649749756,3.82,107403.15
33.328073263168335,3.83,107470.37
33.337400913238525,3.83,107515.25
33.349839210510254,3.83,107515.25
33.3618643283844,3.83,107560.13
33.37427544593811,3.83,107627.51
33.386422634124756,3.83,107447.94
33.398664712905884,3.83,107515.25
33.4107129573822,3.83,107447.94
33.42209005355835,3.83,107470.37
33.43432855606079,3.82,107313.59
33.44653367996216,3.82,107403.15
33.45892882347107,3.82,107380.74
33.471102237701416,3.82,107380.74
33.48417806625366,3.82,107403.15
33.49695110321045,3.82,107380.74
33.5084490776062,3.82,107313.59
33.520384788513184,3.82,107380.74
33.5297372341156,3.82,107246.49
33.541794300079346,3.83,107537.67
33.55383229255676,3.83,107425.54
33.56624484062195,3.82,107291.21
33.57842183113098,3.83,107425.54
33.59043884277344,3.82,107201.82
33.602691650390625,3.82,107201.82
33.61486339569092,3.82,107157.16
33.62708067893982,3.82,107157.16
33.639551401138306,3.82,107112.52
33.65184259414673,3.82,107067.92
33.66403818130493,3.82,107112.52
33.67629551887512,3.82,107001.07
33.68849587440491,3.82,107023.34
33.70118713378906,3.82,107023.34
33.713231325149536,3.82,106934.27
33.72494149208069,3.82,107090.2
33.734562397003174,3.82,106867.56
33.74680209159851,3.82,106978.79
33.759273052215576,3.82,107023.34
33.771353006362915,3.82,107001.07
33.7834038734436,3.82,106956.54
33.7957444190979,3.82,106912.03
33.80774521827698,3.82,106823.1
33.82003164291382,3.82,106778.68
33.83232641220093,3.82,106579.17
33.8444664478302,3.82,106778.68
33.85695242881775,3.82,106734.32
33.868999004364014,3.82,106734.32
33.88102459907532,3.82,106778.68
33.89351272583008,3.82,106645.6
33.90539216995239,3.82,106756.5
33.91753315925598,3.82,106689.95
33.926369428634644,3.82,106579.17
33.938645362854004,3.82,106689.95
33.95073986053467,3.82,106734.32
33.96308207511902,3.82,106623.43
33.97554564476013,3.82,106667.76
33.98788619041443,3.82,106534.89
34.000651597976685,3.82,106534.89
34.01301598548889,3.82,106446.45
34.02514028549194,3.82,106512.77
34.03773498535156,3.82,106468.54
34.05010795593262,3.82,106468.54
34.06210160255432,3.82,106512.77
34.073514223098755,3.82,106424.34
34.08553171157837,3.82,106424.34
34.098002433776855,3.82,106269.88
34.11017632484436,3.82,106358.1
34.11915731430054,3.82,106336.06
34.13195776939392,3.82,106402.26
34.14409899711609,3.82,106402.26
34.15643835067749,3.82,106247.85
34.16894316673279,3.81,106115.76
34.181098222732544,3.81,106093.79
34.1932430267334,3.81,105940.06
34.20579981803894,3.81,106027.87
34.21781778335571,3.81,106027.87
34.230111598968506,3.81,105940.06
34.2421989440918,3.81,105962.0
34.25423574447632,3.81,105830.47
34.26622033119202,3.81,105962.0
34.278504371643066,3.81,105830.47
34.290452003479004,3.81,105874.29
34.30245590209961,3.81,105940.06
34.31165313720703,3.81,105918.14
34.32418894767761,3.81,106071.82
34.336353063583374,3.81,105983.96
34.34853911399841,3.81,105896.2
34.3608512878418,3.81,105983.96
34.373087882995605,3.81,105918.14
34.385536432266235,3.81,105918.14
34.398271799087524,3.81,105918.14
34.40914034843445,3.81,105852.36
34.421494007110596,3.81,105918.14
34.43368935585022,3.81,105830.47
34.44585061073303,3.81,105896.2
34.45827913284302,3.81,105874.29
34.47053503990173,3.81,105764.81
34.482945680618286,3.81,105874.29
34.49510431289673,3.81,105786.67
34.50354194641113,3.81,105830.47
34.516175985336304,3.81,106049.83
34.528769731521606,3.81,105830.47
34.541512966156006,3.81,105962.0
34.55413508415222,3.81,105721.05
34.565959453582764,3.81,105742.91
34.577433347702026,3.81,105655.46
34.58976459503174,3.81,105655.46
34.60214853286743,3.81,105764.81
34.614519119262695,3.81,105611.8
34.627426624298096,3.81,105721.05
34.63945937156677,3.81,105721.05
34.65148043632507,3.81,105633.62
34.663666009902954,3.81,105721.05
34.67549419403076,3.81,105589.96
34.68473744392395,3.81,105589.96
34.697181224823,3.81,105677.32
34.7095901966095,3.81,105677.32
34.721715211868286,3.81,105764.81
34.7340567111969,3.81,105502.7
34.74638104438782,3.81,105568.15
34.758570432662964,3.81,105480.92
34.770918130874634,3.81,105480.92
34.783039569854736,3.81,105437.34
34.79540657997131,3.81,105437.34
34.807772636413574,3.81,105415.57
34.81991195678711,3.81,105372.04
34.831839084625244,3.81,105350.27
34.843902349472046,3.81,105415.57
34.85608386993408,3.81,105350.27
34.868224143981934,3.81,105393.8
34.87735867500305,3.81,105219.91
34.88959217071533,3.81,105459.1
34.90206265449524,3.81,105502.7
34.91425108909607,3.81,105154.79
34.926546812057495,3.81,105111.46
34.93881154060364,3.81,105328.54
34.95105528831482,3.81,105111.46
34.963300704956055,3.81,105285.07
34.97569704055786,3.81,105111.46
34.98794984817505,3.81,105111.46
35.0001494884491,3.81,105089.76
35.0121910572052,3.81,105154.79
35.02446174621582,3.8,105068.11
35.03640842437744,3.81,105089.76
35.04844117164612,3.81,105133.11
35.06033110618591,3.81,105133.11
35.06873559951782,3.81,105089.76
35.081005811691284,3.81,105372.04
35.09361934661865,3.81,105198.19
35.1060049533844,3.81,105154.79
35.1188280582428,3.81,105219.91
35.1314651966095,3.8,105068.11
35.14365577697754,3.81,105133.11
35.1558313369751,3.81,105133.11
35.16820955276489,3.8,105068.11
35.180609703063965,3.8,105046.43
35.19269919395447,3.81,105111.46
35.20485186576843,3.81,105154.79
35.216901540756226,3.8,105068.11
35.22912955284119,3.8,105068.11
35.24109148979187,3.81,105111.46
35.25319957733154,3.8,105046.43
35.26238036155701,3.8,105068.11
35.274593353271484,3.8,105046.43
35.28696870803833,3.8,105068.11
35.29924392700195,3.81,105263.35
35.31146430969238,3.8,104981.51
35.323753118515015,3.8,105068.11
35.3361656665802,3.8,104938.25
35.34834933280945,3.8,104959.89
35.36064267158508,3.8,105046.43
35.373109102249146,3.8,104895.01
35.385278940200806,3.8,104959.89
35.39724111557007,3.8,104916.64
35.40941858291626,3.8,104938.25
35.42166042327881,3.8,104981.51
35.43288493156433,3.8,104895.01
35.44507956504822,3.8,104895.01
35.453606367111206,3.8,104851.81
35.465824365615845,3.8,104981.51
35.47829508781433,3.8,105003.13
35.49074053764343,3.8,104787.07
35.50297737121582,3.8,104830.22
35.515284299850464,3.8,104787.07
35.52786707878113,3.8,104700.81
35.540008783340454,3.8,104873.42
35.552154779434204,3.8,104722.37
35.56444954872131,3.8,104787.07
