Time (s),Voltage (V),Resistance (Ohm)
0.0012886524200439453,3.4,70120.98
0.002604961395263672,3.4,69940.03
0.0037763118743896484,3.4,70290.44
0.004907369613647461,3.4,69964.12
0.006030559539794922,3.4,70133.06
0.0071485042572021484,3.4,70157.25
0.00848078727722168,3.4,69928.0
0.009660959243774414,3.4,70338.95
0.0107879638671875,3.4,69988.23
0.01190948486328125,3.4,70120.98
0.013031482696533203,3.4,70096.82
0.01415705680847168,3.4,69976.17
0.015275239944458008,3.4,70072.67
0.016391515731811523,3.4,70024.39
0.017508983612060547,3.4,70133.06
0.01865553855895996,3.4,70012.35
0.01976943016052246,3.4,70036.46
0.020883560180664062,3.4,70157.25
0.02200484275817871,3.4,70012.35
0.02312612533569336,3.4,70157.25
0.02646636962890625,3.4,70048.52
0.027601003646850586,3.4,69928.0
0.02868938446044922,3.4,70133.06
0.029774904251098633,3.4,70000.28
0.030853271484375,3.4,70193.53
0.03191709518432617,3.4,70181.44
0.032912492752075195,3.4,70060.59
0.03390169143676758,3.4,70302.56
0.03491687774658203,3.4,69903.92
0.03597593307495117,3.4,70157.25
0.03701615333557129,3.4,70084.74
0.03825211524963379,3.4,70012.35
0.039469242095947266,3.4,70157.25
0.040560007095336914,3.4,69940.03
0.0416409969329834,3.4,70254.07
0.042717695236206055,3.4,70072.67
0.04379463195800781,3.4,69976.17
0.04479551315307617,3.4,70096.82
0.04600715637207031,3.4,70120.98
0.0470118522644043,3.4,70254.07
0.04800724983215332,3.4,70181.44
0.048996686935424805,3.4,70000.28
0.049982547760009766,3.4,70048.52
0.05097246170043945,3.4,69976.17
0.05196213722229004,3.4,70241.96
0.05295252799987793,3.4,70145.14
0.05394387245178223,3.4,69940.03
0.06357836723327637,3.4,70169.33
0.07552886009216309,3.4,70060.59
0.08758950233459473,3.4,70205.64
0.0963742733001709,3.4,70108.89
0.10883784294128418,3.4,70060.59
0.12120318412780762,3.4,70241.96
0.1332693099975586,3.4,69952.08
0.1457979679107666,3.4,70229.84
0.15780043601989746,3.4,70096.82
0.1703941822052002,3.4,69952.08
0.18270039558410645,3.4,70145.14
0.19495010375976562,3.4,69903.92
0.20782017707824707,3.4,70217.74
0.21909308433532715,3.4,70072.67
0.23138165473937988,3.4,69891.89
0.2432844638824463,3.4,70084.74
0.2553222179412842,3.4,69879.86
0.26444339752197266,3.4,70266.19
0.2767815589904785,3.4,70157.25
0.2891197204589844,3.4,70000.28
0.3011341094970703,3.4,70108.89
0.3136477470397949,3.4,69988.23
0.32575082778930664,3.4,70254.07
0.33821821212768555,3.4,70133.06
0.35060667991638184,3.4,69915.96
0.36289501190185547,3.4,70084.74
0.37485599517822266,3.4,70012.35
0.38629794120788574,3.4,70241.96
0.3983783721923828,3.4,69988.23
0.41055774688720703,3.4,69928.0
0.41907596588134766,3.4,70120.98
0.43142127990722656,3.4,69988.23
0.4436953067779541,3.4,70314.68
0.4562833309173584,3.4,70072.67
0.4687356948852539,3.4,69903.92
0.48110008239746094,3.4,70024.39
0.49335741996765137,3.4,69819.76
0.5057876110076904,3.4,70072.67
0.518402099609375,3.4,70120.98
0.5307865142822266,3.4,69831.77
0.5426466464996338,3.4,70096.82
0.5548670291900635,3.4,69807.75
0.5668632984161377,3.4,70326.82
0.5757691860198975,3.4,70120.98
0.5877454280853271,3.4,70000.28
0.600020170211792,3.4,70157.25
0.6125247478485107,3.4,69940.03
0.6247460842132568,3.4,70266.19
0.6371243000030518,3.4,70084.74
0.649512529373169,3.4,69976.17
0.6618385314941406,3.4,69928.0
0.6742632389068604,3.39,69795.74
0.6861796379089355,3.4,70254.07
0.6983768939971924,3.4,70157.25
0.7104811668395996,3.4,70012.35
0.7224657535552979,3.4,70145.14
0.7346889972686768,3.4,70012.35
0.7436633110046387,3.4,70217.74
0.755932092666626,3.4,70133.06
0.7682514190673828,3.4,70000.28
0.7806320190429688,3.4,70241.96
0.7928876876831055,3.4,69952.08
0.8052003383636475,3.4,70193.53
0.8174021244049072,3.4,70072.67
0.8297312259674072,3.4,69952.08
0.841796875,3.4,70096.82
0.8542690277099609,3.4,69940.03
0.8660423755645752,3.4,70314.68
0.8781094551086426,3.4,70060.59
0.8900837898254395,3.4,69988.23
0.8993611335754395,3.4,70133.06
0.9116318225860596,3.4,70084.74
0.9241397380828857,3.4,70363.22
0.9360566139221191,3.4,70108.89
0.9484097957611084,3.4,70072.67
0.9605991840362549,3.4,70145.14
0.9721095561981201,3.4,69952.08
0.984379768371582,3.4,70241.96
0.9966552257537842,3.4,70048.52
1.008857250213623,3.4,70036.46
1.0210332870483398,3.4,70145.14
1.0334258079528809,3.4,70024.39
1.0456438064575195,3.4,70254.07
1.0542776584625244,3.4,70084.74
1.0665981769561768,3.4,70229.84
1.0791709423065186,3.4,70193.53
1.0914788246154785,3.4,70108.89
1.1042778491973877,3.4,70387.51
1.1162259578704834,3.4,70084.74
1.1287367343902588,3.4,69988.23
1.1411499977111816,3.4,70108.89
1.1534671783447266,3.4,69928.0
1.1656930446624756,3.4,70278.31
1.177645206451416,3.4,70120.98
1.189755916595459,3.4,70048.52
1.2017090320587158,3.4,70120.98
1.2137870788574219,3.4,69952.08
1.2229485511779785,3.4,70290.44
1.2353708744049072,3.4,70241.96
1.2474207878112793,3.4,70108.89
1.2597618103027344,3.4,70120.98
1.2721943855285645,3.4,69940.03
1.2841217517852783,3.4,70326.82
1.2965750694274902,3.4,70145.14
1.3087525367736816,3.4,70072.67
1.3213355541229248,3.4,70181.44
1.3333685398101807,3.4,70012.35
1.3453819751739502,3.4,70375.37
1.3572161197662354,3.4,70133.06
1.3695876598358154,3.4,70133.06
1.3784348964691162,3.4,70133.06
1.3899667263031006,3.4,70108.89
1.4021291732788086,3.4,70375.37
1.414391040802002,3.4,70145.14
1.4267215728759766,3.4,70108.89
1.439046859741211,3.4,70157.25
1.4515562057495117,3.4,69988.23
1.463965892791748,3.4,70351.09
1.4762017726898193,3.4,70120.98
1.4885411262512207,3.4,70084.74
1.5008935928344727,3.4,70205.64
1.5129899978637695,3.4,70060.59
1.5250985622406006,3.4,70326.82
1.5342283248901367,3.4,70108.89
1.5463945865631104,3.4,70193.53
1.5585522651672363,3.4,70241.96
1.5711085796356201,3.4,69915.96
1.5834369659423828,3.4,70302.56
1.595668077468872,3.4,70084.74
1.608191967010498,3.4,70084.74
1.6203038692474365,3.4,70000.28
1.6326231956481934,3.4,69964.12
1.6448097229003906,3.4,70254.07
1.6567678451538086,3.4,70084.74
1.6686794757843018,3.4,70060.59
1.6809947490692139,3.4,70048.52
1.6929330825805664,3.4,69964.12
1.7022104263305664,3.4,70266.19
1.7145278453826904,3.4,70169.33
1.7266817092895508,3.4,70120.98
1.7389335632324219,3.4,70157.25
1.7513489723205566,3.4,69988.23
1.7637219429016113,3.4,70387.51
1.7756602764129639,3.4,70072.67
1.7881438732147217,3.4,70120.98
1.8004653453826904,3.4,70108.89
1.8125476837158203,3.4,69964.12
1.8244707584381104,3.4,70351.09
1.8365638256072998,3.4,70084.74
1.848686695098877,3.4,70108.89
1.8576579093933105,3.4,70145.14
1.8701670169830322,3.4,70012.35
1.882411003112793,3.4,70399.67
1.8945808410644531,3.4,70205.64
1.9068732261657715,3.4,70193.53
1.9192352294921875,3.4,70241.96
1.931548833847046,3.4,69940.03
1.9437832832336426,3.4,70266.19
1.956106185913086,3.4,70024.39
1.968108892440796,3.4,70169.33
1.9803712368011475,3.4,70120.98
1.9923217296600342,3.4,69988.23
2.0044140815734863,3.4,70241.96
2.0134706497192383,3.4,70108.89
2.0255050659179688,3.4,70266.19
2.038003921508789,3.4,70157.25
2.0503087043762207,3.4,69879.86
2.0626394748687744,3.4,70108.89
2.0749757289886475,3.4,70012.35
2.0873520374298096,3.4,70108.89
2.0994508266448975,3.4,70108.89
2.1117167472839355,3.4,69988.23
2.1242213249206543,3.4,70193.53
2.136043071746826,3.4,70072.67
2.14788556098938,3.4,70096.82
2.1600427627563477,3.4,70157.25
2.1721560955047607,3.4,69952.08
2.18113112449646,3.4,70314.68
2.1936092376708984,3.4,70217.74
2.206061840057373,3.4,70133.06
2.219249725341797,3.4,70254.07
2.230457067489624,3.4,69915.96
2.2425930500030518,3.4,70314.68
2.2551543712615967,3.4,69964.12
2.2671890258789062,3.4,70096.82
2.2796037197113037,3.4,70072.67
2.2916717529296875,3.4,69855.82
2.3038535118103027,3.4,70278.31
2.315945625305176,3.4,69988.23
2.327929973602295,3.4,70145.14
2.336832284927368,3.4,70120.98
2.3493282794952393,3.4,69988.23
2.3615777492523193,3.4,70120.98
2.373943567276001,3.4,70060.59
2.386291742324829,3.4,70157.25
2.397428512573242,3.4,70072.67
2.4096879959106445,3.4,69952.08
2.4219489097595215,3.4,70145.14
2.4343409538269043,3.4,70000.28
2.4465560913085938,3.4,70133.06
2.4590072631835938,3.4,70048.52
2.4713165760040283,3.4,69928.0
2.48345685005188,3.4,70133.06
2.4955873489379883,3.4,69855.82
2.5046048164367676,3.4,70120.98
2.516989231109619,3.4,70181.44
2.5294876098632812,3.4,70036.46
2.541792631149292,3.4,70266.19
2.554088592529297,3.4,69867.85
2.5663676261901855,3.4,70108.89
2.5786497592926025,3.4,70048.52
2.5911707878112793,3.4,69903.92
2.6032772064208984,3.4,70181.44
2.6152374744415283,3.4,69988.23
2.6271207332611084,3.4,70169.33
2.639310836791992,3.4,70048.52
2.651529312133789,3.4,69940.03
2.660513401031494,3.4,70096.82
2.6728594303131104,3.4,70048.52
2.6852550506591797,3.4,70229.84
2.697516679763794,3.4,70157.25
2.7096166610717773,3.4,70000.28
2.722097158432007,3.4,70084.74
2.734466314315796,3.4,69928.0
2.7467715740203857,3.4,70266.19
2.7586567401885986,3.4,70120.98
2.7706568241119385,3.4,69903.92
2.7823808193206787,3.4,70096.82
2.7947397232055664,3.39,69735.74
2.8067333698272705,3.4,70181.44
2.815849542617798,3.4,70120.98
2.828246593475342,3.4,69952.08
2.84082293510437,3.4,70133.06
2.853193759918213,3.4,69855.82
2.8654849529266357,3.4,70145.14
2.877371072769165,3.4,70024.39
2.8898754119873047,3.4,69915.96
2.902395248413086,3.4,70048.52
2.91457462310791,3.39,69759.73
2.9267661571502686,3.4,70120.98
2.938624858856201,3.4,70120.98
2.9508097171783447,3.4,69915.96
2.96285343170166,3.4,70084.74
2.971931219100952,3.4,69807.75
2.984219789505005,3.4,70302.56
2.996426820755005,3.4,70084.74
3.008463144302368,3.4,70024.39
3.020618438720703,3.4,70084.74
3.033053159713745,3.4,69952.08
3.045126438140869,3.4,70229.84
3.0574769973754883,3.4,70024.39
3.0696628093719482,3.4,69843.8
3.0819075107574463,3.4,70036.46
3.0940065383911133,3.4,69903.92
3.1062047481536865,3.4,70096.82
3.1181795597076416,3.4,69964.12
3.1302902698516846,3.4,69819.76
3.1392645835876465,3.4,70060.59
3.1515917778015137,3.4,69855.82
3.163851737976074,3.4,70254.07
3.1761531829833984,3.4,69952.08
3.1884024143218994,3.4,69831.77
3.200721263885498,3.4,70012.35
3.2130143642425537,3.39,69663.82
3.225297212600708,3.4,70157.25
3.237755298614502,3.4,69964.12
3.2500438690185547,3.39,69711.75
3.2619121074676514,3.4,69964.12
3.2744128704071045,3.39,69747.72
3.2863705158233643,3.4,70193.53
3.2952001094818115,3.4,69964.12
3.3077845573425293,3.4,69976.17
3.3199996948242188,3.4,70036.46
3.3324708938598633,3.4,69831.77
3.3445465564727783,3.4,70229.84
3.3569765090942383,3.4,70036.46
3.369150161743164,3.4,69879.86
3.381223201751709,3.4,70048.52
3.392770528793335,3.4,69843.8
3.4049534797668457,3.4,70145.14
3.417201280593872,3.4,69940.03
3.4293415546417236,3.4,69915.96
3.441566228866577,3.4,70108.89
3.4539005756378174,3.4,69867.85
3.462641716003418,3.4,70072.67
3.474945545196533,3.4,70108.89
3.4872021675109863,3.39,69771.72
3.4997506141662598,3.4,70024.39
3.5122451782226562,3.4,69879.86
3.524853467941284,3.4,70133.06
3.5372073650360107,3.4,70060.59
3.5493099689483643,3.4,69928.0
3.561655282974243,3.4,70024.39
3.5736563205718994,3.39,69747.72
3.5857536792755127,3.4,70241.96
3.597669839859009,3.4,70048.52
3.6098344326019287,3.4,70012.35
3.6187777519226074,3.4,70024.39
3.6313018798828125,3.4,69976.17
3.643476724624634,3.4,70254.07
3.6558785438537598,3.4,70072.67
3.667943239212036,3.4,69952.08
3.6803786754608154,3.4,70096.82
3.6925694942474365,3.4,69915.96
3.705033540725708,3.4,70157.25
3.717414379119873,3.4,69976.17
3.729264736175537,3.4,69952.08
3.7415101528167725,3.4,70060.59
3.7536532878875732,3.4,69807.75
3.7656149864196777,3.4,70108.89
3.7747812271118164,3.4,69952.08
3.786719799041748,3.4,69903.92
3.7992844581604004,3.4,69976.17
3.811471462249756,3.4,69867.85
3.8238425254821777,3.4,70120.98
3.8361101150512695,3.4,69976.17
3.8484771251678467,3.4,69915.96
3.860548734664917,3.4,69940.03
3.8729031085968018,3.39,69771.72
3.885342597961426,3.4,70120.98
3.8972930908203125,3.4,69855.82
3.9091556072235107,3.39,69795.74
3.921323299407959,3.4,69915.96
3.933248996734619,3.39,69711.75
3.9425008296966553,3.4,70108.89
3.954885959625244,3.4,69964.12
3.967118978500366,3.4,69928.0
3.97948956489563,3.4,69928.0
3.9916882514953613,3.39,69783.72
4.004072427749634,3.4,70133.06
4.016298770904541,3.4,69964.12
4.028533458709717,3.4,69903.92
4.040757179260254,3.4,69988.23
4.052952527999878,3.4,69843.8
4.065115451812744,3.4,70145.14
4.0769267082214355,3.4,69964.12
4.088888168334961,3.4,69940.03
4.0983171463012695,3.4,69964.12
4.110239505767822,3.4,69903.92
4.1225666999816895,3.4,70351.09
4.135016679763794,3.4,70012.35
4.147365093231201,3.4,69952.08
4.159608602523804,3.4,69976.17
4.171688079833984,3.4,69831.77
4.183959007263184,3.4,70193.53
4.19658350944519,3.4,69940.03
4.208887100219727,3.4,70048.52
4.220691919326782,3.4,69952.08
4.232691526412964,3.4,69843.8
4.2448039054870605,3.4,70193.53
4.253853797912598,3.4,69867.85
4.266191005706787,3.4,70024.39
4.2784423828125,3.4,70036.46
4.290737628936768,3.4,69807.75
4.302879333496094,3.4,70302.56
4.315296411514282,3.4,70048.52
4.327536106109619,3.4,69952.08
4.339994192123413,3.4,70060.59
4.351881980895996,3.4,69867.85
4.364007472991943,3.4,70145.14
4.376269578933716,3.4,69940.03
4.388158798217773,3.4,69891.89
4.399944543838501,3.4,69952.08
4.412083387374878,3.39,69711.75
4.420708179473877,3.4,70060.59
4.433057546615601,3.4,69952.08
4.445363283157349,3.4,69976.17
4.458678245544434,3.4,69952.08
4.4707159996032715,3.4,69819.76
4.483178377151489,3.4,70157.25
4.495445251464844,3.4,69915.96
4.5078325271606445,3.4,69915.96
4.520265817642212,3.4,69940.03
4.5321033000946045,3.39,69723.74
4.544077396392822,3.4,70145.14
4.556312084197998,3.4,69879.86
4.568221569061279,3.4,69928.0
4.577181577682495,3.4,69915.96
4.58983302116394,3.4,69843.8
4.601910352706909,3.4,70241.96
4.61424446105957,3.4,69867.85
4.626368999481201,3.4,69928.0
4.6389076709747314,3.4,69952.08
4.650893926620483,3.39,69771.72
4.663470268249512,3.4,70157.25
4.676081657409668,3.4,69903.92
4.687944412231445,3.4,69903.92
4.6999804973602295,3.4,69891.89
4.711666107177734,3.39,69735.74
4.7239015102386475,3.4,70145.14
4.732986927032471,3.4,69940.03
4.745250463485718,3.4,69976.17
4.757655620574951,3.4,70000.28
4.769986391067505,3.39,69795.74
4.782158374786377,3.4,70060.59
4.794378995895386,3.4,69915.96
4.80681300163269,3.4,69976.17
4.819103479385376,3.4,69903.92
4.831138849258423,3.39,69783.72
4.84340500831604,3.4,70084.74
4.855613946914673,3.4,69928.0
4.867807865142822,3.4,69976.17
4.879776954650879,3.4,69831.77
4.891673564910889,3.4,69807.75
4.900777816772461,3.4,70157.25
4.913250684738159,3.4,69807.75
4.925615310668945,3.4,69891.89
4.9379777908325195,3.4,69988.23
4.950299501419067,3.39,69735.74
4.962473630905151,3.4,70241.96
4.974876403808594,3.4,69819.76
4.9870078563690186,3.4,69831.77
4.999433994293213,3.39,69795.74
5.01114296913147,3.39,69711.75
5.023470163345337,3.4,70072.67
5.035528898239136,3.4,69807.75
5.0475172996521,3.4,70072.67
5.056612730026245,3.4,69867.85
5.068996906280518,3.39,69723.74
5.080957651138306,3.4,69915.96
5.093310356140137,3.4,69831.77
5.105882406234741,3.4,69915.96
5.118167161941528,3.4,69855.82
5.130359888076782,3.39,69759.73
5.142704486846924,3.4,69928.0
5.154969930648804,3.39,69747.72
5.167185306549072,3.4,69915.96
5.179199457168579,3.4,69928.0
5.190886497497559,3.39,69699.75
5.203219413757324,3.4,70000.28
5.215157747268677,3.39,69639.86
5.224626064300537,3.4,69940.03
5.2359678745269775,3.4,69964.12
5.248126983642578,3.39,69723.74
5.26037073135376,3.4,70060.59
5.272755861282349,3.39,69687.78
5.285390853881836,3.4,69976.17
5.297708988189697,3.4,69843.8
5.310030221939087,3.39,69711.75
5.322474002838135,3.4,70072.67
5.334707021713257,3.39,69699.75
5.3465893268585205,3.4,69964.12
5.3590216636657715,3.4,69879.86
5.370930433273315,3.39,69795.74
5.380079984664917,3.4,69928.0
5.3921990394592285,3.4,69879.86
5.403728485107422,3.4,70108.89
5.415953159332275,3.4,69940.03
5.428321599960327,3.39,69795.74
5.440640449523926,3.4,69879.86
5.453135251998901,3.4,69855.82
5.4655702114105225,3.4,70024.39
5.477831840515137,3.4,69976.17
5.490291357040405,3.39,69735.74
5.502435207366943,3.4,69952.08
5.5147693157196045,3.39,69603.97
5.5265562534332275,3.4,69952.08
5.53591513633728,3.4,69891.89
5.548274040222168,3.4,69831.77
5.5603156089782715,3.4,70096.82
5.5726072788238525,3.39,69651.85
5.585045337677002,3.4,70060.59
5.597252130508423,3.4,69879.86
5.6098620891571045,3.39,69771.72
5.62180757522583,3.4,69928.0
5.63409161567688,3.39,69627.91
5.646316766738892,3.4,69928.0
5.658358812332153,3.4,69928.0
5.6702375411987305,3.39,69795.74
5.682438135147095,3.4,69867.85
5.6913769245147705,3.39,69580.05
5.703787088394165,3.4,70157.25
5.716074228286743,3.4,70000.28
5.728272438049316,3.4,69855.82
5.7407166957855225,3.4,69940.03
5.75286602973938,3.39,69771.72
5.765308141708374,3.4,70060.59
5.777269601821899,3.4,69879.86
5.789822101593018,3.39,69663.82
5.801956415176392,3.4,69915.96
5.8140342235565186,3.39,69699.75
5.82632303237915,3.4,70024.39
5.838216066360474,3.4,69915.96
5.850036382675171,3.39,69699.75
5.859462738037109,3.4,69928.0
5.871464252471924,3.39,69639.86
5.883930921554565,3.4,69976.17
5.896150827407837,3.4,69879.86
5.908655405044556,3.39,69747.72
5.920777320861816,3.4,69819.76
5.933054447174072,3.39,69615.92
5.945265769958496,3.4,70096.82
5.957817792892456,3.4,69891.89
5.969949960708618,3.39,69735.74
5.9816389083862305,3.4,69891.89
5.993716478347778,3.39,69627.91
6.006044626235962,3.4,70036.46
6.015052318572998,3.4,69879.86
6.027196168899536,3.39,69783.72
6.039348125457764,3.4,70000.28
6.0515687465667725,3.39,69783.72
6.06380820274353,3.4,70084.74
6.07616662979126,3.4,69891.89
6.088381767272949,3.39,69699.75
6.1006760597229,3.4,69843.8
6.112958908081055,3.39,69771.72
6.125212669372559,3.4,70060.59
6.137258052825928,3.4,69903.92
6.14939022064209,3.39,69759.73
6.16140079498291,3.4,69879.86
6.173457622528076,3.39,69687.78
6.182340383529663,3.4,70072.67
6.194743633270264,3.4,69928.0
6.206982612609863,3.39,69795.74
6.219528436660767,3.4,69976.17
6.231888771057129,3.39,69687.78
6.244225978851318,3.4,70024.39
6.256718873977661,3.4,69879.86
6.269067049026489,3.39,69747.72
6.281024217605591,3.4,69867.85
6.293558835983276,3.39,69627.91
6.305470943450928,3.4,70060.59
6.317578315734863,3.4,69879.86
6.3292272090911865,3.39,69723.74
6.338257789611816,3.4,69891.89
6.350850343704224,3.39,69795.74
6.3629302978515625,3.4,70193.53
6.3756020069122314,3.4,69976.17
6.38759970664978,3.4,69831.77
6.399027109146118,3.4,69867.85
6.41130256652832,3.39,69639.86
6.423521280288696,3.4,69988.23
6.4359190464019775,3.4,69964.12
6.448214530944824,3.4,69807.75
6.4605934619903564,3.4,69843.8
6.472856044769287,3.39,69723.74
6.485162973403931,3.4,70096.82
6.497216701507568,3.4,69867.85
6.5066893100738525,3.39,69747.72
6.518862962722778,3.4,69928.0
6.530904531478882,3.4,69831.77
6.543534278869629,3.4,70181.44
6.555409669876099,3.4,69855.82
6.567676782608032,3.39,69711.75
6.579954385757446,3.4,69903.92
6.592255592346191,3.39,69723.74
6.604543447494507,3.4,70108.89
6.616569757461548,3.4,69891.89
6.628680467605591,3.39,69627.91
6.64070200920105,3.4,69915.96
6.652773380279541,3.39,69544.19
6.661834955215454,3.4,70000.28
6.674065828323364,3.39,69759.73
6.686333656311035,3.39,69735.74
6.698322772979736,3.39,69771.72
6.710411310195923,3.39,69532.24
6.722546815872192,3.4,69964.12
6.734859943389893,3.39,69759.73
6.747132778167725,3.39,69663.82
6.759470701217651,3.39,69747.72
6.771685361862183,3.39,69592.01
6.783865451812744,3.4,70012.35
6.796110391616821,3.39,69735.74
6.8082497119903564,3.39,69639.86
6.820396423339844,3.39,69723.74
6.829091787338257,3.39,69568.1
6.841320753097534,3.4,70133.06
6.853639841079712,3.4,69819.76
6.865898132324219,3.39,69771.72
6.878209114074707,3.4,69807.75
6.890510082244873,3.39,69472.54
6.9027626514434814,3.4,70363.22
6.915074586868286,3.39,69771.72
6.927361011505127,3.39,69568.1
6.9395318031311035,3.4,69843.8
6.951791763305664,3.39,69484.49
6.963950872421265,3.4,70436.13
6.976166009902954,3.39,69711.75
6.984706401824951,3.39,69675.81
6.9970526695251465,3.4,69928.0
7.01003623008728,3.39,69580.05
7.022275924682617,3.41,70460.45
7.034601926803589,3.39,69783.72
7.046854734420776,3.4,69843.8
7.059334754943848,3.4,69940.03
7.07149863243103,3.39,69484.49
7.083891868591309,3.4,70363.22
7.096078872680664,3.39,69771.72
7.108242750167847,3.39,69783.72
7.120419979095459,3.4,69819.76
7.1321494579315186,3.39,69472.54
7.141834259033203,3.4,70338.95
7.153679370880127,3.4,69903.92
7.166005373001099,3.4,69819.76
7.178022861480713,3.4,69879.86
7.189609527587891,3.39,69508.36
7.202101707458496,3.4,70423.96
7.214735507965088,3.4,69843.8
7.227445840835571,3.39,69759.73
7.239732980728149,3.4,69915.96
7.253439903259277,3.39,69544.19
7.263971328735352,3.41,70521.3
7.276137590408325,3.4,69819.76
7.288065433502197,3.4,69879.86
7.300169467926025,3.4,69903.92
7.309406042098999,3.39,69472.54
7.3212995529174805,3.41,70692.07
7.333746910095215,3.4,69891.89
7.345938682556152,3.4,69988.23
7.358523845672607,3.4,70048.52
7.370964527130127,3.39,69484.49
7.382797956466675,3.41,70631.02
7.394375562667847,3.4,69843.8
7.406610012054443,3.4,69915.96
7.418758153915405,3.4,69964.12
7.431012868881226,3.39,69580.05
7.443093776702881,3.41,70533.48
7.455742597579956,3.4,69867.85
7.46424674987793,3.4,69940.03
7.476767301559448,3.4,70000.28
7.489035367965698,3.39,69627.91
7.501414775848389,3.41,70643.21
7.513812303543091,3.4,69867.85
7.526430606842041,3.4,69915.96
7.538737773895264,3.4,69940.03
7.551188707351685,3.39,69615.92
7.563174486160278,3.41,70606.61
7.575568199157715,3.4,69879.86
7.5875279903411865,3.4,70060.59
7.5995752811431885,3.4,69903.92
7.611609935760498,3.39,69508.36
7.623523950576782,3.41,70472.6
7.632627010345459,3.39,69771.72
7.644972324371338,3.4,70048.52
7.657536745071411,3.4,70000.28
7.669780969619751,3.39,69472.54
7.681813716888428,3.41,70521.3
7.694430112838745,3.39,69687.78
7.70662522315979,3.4,69867.85
7.719049692153931,3.4,69843.8
7.731217622756958,3.39,69556.14
7.743302345275879,3.4,70436.13
7.7554612159729,3.39,69759.73
7.767452955245972,3.4,69891.89
7.779364109039307,3.4,69831.77
7.788574457168579,3.39,69484.49
7.800901889801025,3.41,70557.85
7.813088417053223,3.4,69819.76
7.825444459915161,3.4,70012.35
7.837707996368408,3.4,69819.76
7.850045680999756,3.39,69472.54
7.8620381355285645,3.4,70375.37
7.8744847774505615,3.39,69675.81
7.886878728866577,3.39,69699.75
7.899069309234619,3.4,69831.77
7.9110095500946045,3.39,69436.76
7.923131704330444,3.41,70496.95
7.935183525085449,3.39,69723.74
7.947092294692993,3.4,69988.23
7.956624507904053,3.4,69879.86
7.968804359436035,3.39,69496.41
7.98098087310791,3.41,70521.3
7.993274450302124,3.4,69879.86
8.00563931465149,3.4,69928.0
8.017956733703613,3.4,69855.82
8.030132532119751,3.39,69496.41
8.042332172393799,3.41,70533.48
8.054837226867676,3.39,69699.75
8.066879034042358,3.4,69879.86
8.07872724533081,3.4,69807.75
8.090968608856201,3.39,69460.61
8.102891683578491,3.41,70533.48
8.111910820007324,3.39,69723.74
8.124230146408081,3.4,70024.39
8.136680603027344,3.4,69855.82
8.148912191390991,3.39,69496.41
8.161461353302002,3.4,70048.52
8.17346978187561,3.39,69759.73
8.18556547164917,3.39,69795.74
8.198042154312134,3.4,69867.85
8.210590839385986,3.39,69365.25
8.22255563735962,3.4,70181.44
8.234692573547363,3.39,69735.74
8.24658727645874,3.4,70024.39
8.258708477020264,3.4,69928.0
8.267690896987915,3.39,69424.84
8.279947757720947,3.41,70448.28
8.292136430740356,3.4,69843.8
8.304258584976196,3.4,69988.23
8.316876411437988,3.4,69879.86
8.32897686958313,3.39,69460.61
8.341677188873291,3.41,70460.45
8.353653192520142,3.39,69436.76
8.366114854812622,3.4,69879.86
8.378198146820068,3.4,69855.82
8.39009690284729,3.39,69508.36
8.401689052581787,3.41,70509.12
8.41384768486023,3.39,69520.3
8.42599081993103,3.4,69940.03
8.434621810913086,3.4,69855.82
8.446927070617676,3.39,69675.81
8.459647178649902,3.4,69976.17
8.471682786941528,3.39,69639.86
8.48418664932251,3.4,69988.23
8.496480226516724,3.4,69855.82
8.508974552154541,3.39,69460.61
8.521787643432617,3.4,70036.46
8.533958435058594,3.39,69747.72
8.54613184928894,3.4,70060.59
8.558208465576172,3.4,69831.77
8.57030987739563,3.39,69496.41
8.582287549972534,3.4,70133.06
8.591753244400024,3.4,69807.75
8.603534936904907,3.4,70205.64
8.615838050842285,3.4,69819.76
8.62831449508667,3.39,69508.36
8.640475511550903,3.4,70326.82
8.652709007263184,3.39,69329.55
8.665096759796143,3.4,70108.89
8.6774423122406,3.4,69879.86
8.689656257629395,3.39,69460.61
8.701710939407349,3.4,70302.56
8.713863372802734,3.39,69412.91
8.725935935974121,3.4,70169.33
8.737943649291992,3.39,69783.72
8.7500319480896,3.39,69460.61
8.759226322174072,3.4,69819.76
8.771589756011963,3.39,69484.49
8.783792734146118,3.4,70072.67
8.795873880386353,3.4,69855.82
8.808411359786987,3.39,69520.3
8.820754289627075,3.4,69903.92
8.832831859588623,3.39,69580.05
8.845115184783936,3.4,70120.98
8.857661247253418,3.39,69771.72
8.86970591545105,3.39,69424.84
8.881497383117676,3.4,69903.92
8.893759965896606,3.39,69472.54
8.90573763847351,3.4,70120.98
8.91480278968811,3.39,69771.72
8.927217960357666,3.39,69448.67
8.939570903778076,3.4,70133.06
8.951683521270752,3.39,69175.09
8.963960409164429,3.4,70120.98
8.976474523544312,3.4,69879.86
8.98865795135498,3.39,69365.25
9.00089168548584,3.4,70072.67
9.013092994689941,3.38,69151.39
9.025465726852417,3.4,70072.67
9.037587642669678,3.4,69819.76
9.049201011657715,3.39,69412.91
9.061320066452026,3.4,69867.85
9.073393106460571,3.39,69281.97
9.082770586013794,3.4,69976.17
9.095141887664795,3.4,69928.0
9.107441186904907,3.39,69651.85
9.119730472564697,3.4,69891.89
9.131677150726318,3.39,69317.66
9.144006729125977,3.4,70351.09
9.156436681747437,3.4,69831.77
9.168837785720825,3.39,69436.76
9.181087970733643,3.39,69795.74
9.192849159240723,3.39,69389.08
9.204978466033936,3.4,70290.44
9.217344760894775,3.39,69771.72
9.229220628738403,3.39,69448.67
9.238579034805298,3.4,69988.23
9.250773906707764,3.39,69305.76
9.26280403137207,3.4,70254.07
9.275110006332397,3.4,69855.82
9.287647485733032,3.39,69365.25
9.299983978271484,3.4,69867.85
9.312023162841797,3.39,69210.7
9.324406623840332,3.4,70145.14
9.336760520935059,3.39,69711.75
9.348958969116211,3.39,69401.0
9.36115050315857,3.4,69831.77
9.3729088306427,3.38,69056.6
9.384791612625122,3.4,70169.33
9.393784761428833,3.39,69795.74
9.405436038970947,3.39,69532.24
9.417663335800171,3.4,69891.89
9.430254459381104,3.39,69210.7
9.442265510559082,3.4,70278.31
9.454521179199219,3.4,69855.82
9.467033863067627,3.39,69412.91
9.479445219039917,3.4,69807.75
9.491742372512817,3.38,69092.12
9.504434585571289,3.4,70278.31
9.516679048538208,3.39,69711.75
9.528591871261597,3.39,69412.91
9.540828704833984,3.4,69831.77
9.552753210067749,3.39,69341.45
9.56212306022644,3.4,70278.31
9.574109077453613,3.4,69879.86
9.586607933044434,3.39,69460.61
9.598898649215698,3.4,69903.92
9.611247777938843,3.39,69329.55
9.623618841171265,3.4,70205.64
9.635636568069458,3.39,69759.73
9.647946834564209,3.39,69460.61
9.660422801971436,3.4,69819.76
9.672259092330933,3.39,69246.32
9.684623003005981,3.4,70157.25
9.696603775024414,3.39,69771.72
9.708697319030762,3.39,69341.45
9.717726707458496,3.4,69867.85
9.729685068130493,3.39,69317.66
9.742287874221802,3.4,70302.56
9.754533052444458,3.39,69783.72
9.766838073730469,3.39,69281.97
9.778913259506226,3.39,69675.81
9.79143762588501,3.38,69009.28
9.80357551574707,3.4,70145.14
9.815991640090942,3.39,69663.82
9.828359127044678,3.39,69496.41
9.840407371520996,3.39,69783.72
9.85221552848816,3.38,69021.11
9.864380836486816,3.4,70229.84
9.87620997428894,3.39,69723.74
9.885229110717773,3.39,69448.67
9.896804332733154,3.4,69891.89
9.909558296203613,3.39,69412.91
9.921810150146484,3.4,70302.56
9.934219360351562,3.39,69795.74
9.946481227874756,3.39,69389.08
9.959196090698242,3.39,69795.74
9.971677303314209,3.39,69353.36
9.983907461166382,3.4,70217.74
9.995939016342163,3.39,69711.75
10.008117914199829,3.39,69246.32
10.020183801651001,3.39,69783.72
10.032170057296753,3.39,69234.46
10.043871641159058,3.4,70133.06
10.05321717262268,3.39,69687.78
10.065493106842041,3.39,69329.55
10.077763795852661,3.4,69819.76
10.09002161026001,3.39,69222.57
10.102297067642212,3.4,70387.51
10.114516973495483,3.4,69807.75
10.126851797103882,3.39,69341.45
10.139324188232422,3.39,69783.72
10.151604175567627,3.38,69092.12
10.163853645324707,3.4,70314.68
10.175991296768188,3.4,69819.76
10.187662124633789,3.39,69532.24
10.200033903121948,3.4,69831.77
10.209175109863281,3.39,69472.54
10.221575498580933,3.4,70338.95
10.233653545379639,3.4,69819.76
10.245861768722534,3.39,69532.24
10.258409261703491,3.4,69819.76
10.270334005355835,3.39,69353.36
10.282838582992554,3.4,70266.19
10.295151710510254,3.4,69819.76
10.307557106018066,3.39,69472.54
10.319613218307495,3.4,69819.76
10.331535816192627,3.39,69496.41
10.343586206436157,3.4,70133.06
10.355852365493774,3.39,69759.73
10.364707946777344,3.39,69389.08
10.376822233200073,3.4,69891.89
10.38904356956482,3.39,69448.67
10.40064024925232,3.4,70351.09
10.412853240966797,3.39,69711.75
10.42513632774353,3.39,69412.91
10.437494277954102,3.39,69783.72
10.449806213378906,3.39,69222.57
10.46211838722229,3.4,70387.51
10.474677562713623,3.39,69615.92
10.487008094787598,3.39,69687.78
10.49918007850647,3.39,69771.72
10.51156210899353,3.39,69389.08
10.523478507995605,3.4,70411.81
10.53278374671936,3.39,69663.82
10.544987440109253,3.39,69687.78
10.55743408203125,3.4,69807.75
10.569650650024414,3.39,69353.36
10.581877708435059,3.4,70302.56
10.59387493133545,3.39,69723.74
10.606424570083618,3.39,69592.01
10.618765115737915,3.39,69711.75
10.630902767181396,3.39,69365.25
10.64302110671997,3.4,70278.31
10.655221223831177,3.39,69663.82
10.667309522628784,3.39,69520.3
10.679111242294312,3.4,69903.92
10.688376665115356,3.39,69341.45
10.700719833374023,3.41,70484.78
10.712724685668945,3.4,69879.86
10.725151777267456,3.39,69520.3
10.737620115280151,3.39,69759.73
10.749793291091919,3.39,69448.67
10.762310028076172,3.41,70448.28
10.774316549301147,3.39,69663.82
10.786661386489868,3.39,69771.72
10.798925638198853,3.39,69795.74
10.810927152633667,3.39,69317.66
10.822809219360352,3.4,70375.37
10.835093259811401,3.39,69783.72
10.84702730178833,3.39,69735.74
10.856348991394043,3.4,69819.76
10.868597030639648,3.39,69484.49
10.88082242012024,3.4,70399.67
10.892965316772461,3.39,69735.74
10.905439615249634,3.39,69711.75
10.917760133743286,3.4,69843.8
10.929811000823975,3.39,69460.61
10.942431211471558,3.4,70423.96
10.954554080963135,3.39,69663.82
10.966714859008789,3.39,69663.82
10.978657245635986,3.4,69831.77
10.990149736404419,3.39,69389.08
11.002683162689209,3.4,70399.67
11.0114586353302,3.39,69783.72
11.023925065994263,3.39,69651.85
11.036274194717407,3.4,69964.12
11.048754692077637,3.39,69472.54
11.061100006103516,3.4,70423.96
11.073153495788574,3.4,69831.77
11.085646152496338,3.4,69819.76
11.097880125045776,3.4,69879.86
11.110295534133911,3.39,69401.0
11.122610330581665,3.4,70411.81
11.134637117385864,3.39,69687.78
11.146291017532349,3.39,69795.74
11.158594131469727,3.39,69771.72
11.170452356338501,3.39,69412.91
11.179692029953003,3.4,70266.19
11.191182851791382,3.39,69556.14
11.203513145446777,3.4,69807.75
11.21608829498291,3.4,69819.76
11.228330373764038,3.39,69412.91
11.240596532821655,3.4,70351.09
11.252892255783081,3.39,69651.85
11.265201091766357,3.39,69651.85
11.277502059936523,3.39,69675.81
11.289795637130737,3.39,69341.45
11.302016735076904,3.4,70387.51
11.314064741134644,3.39,69663.82
11.32629942893982,3.39,69627.91
11.335268259048462,3.39,69699.75
11.347701787948608,3.39,69389.08
11.359826803207397,3.41,70533.48
11.372090339660645,3.39,69711.75
11.384403467178345,3.39,69603.97
11.395904302597046,3.39,69759.73
11.408198118209839,3.39,69341.45
11.420419692993164,3.41,70448.28
11.432751417160034,3.39,69627.91
11.445069074630737,3.4,69807.75
11.457517385482788,3.39,69735.74
11.469892501831055,3.39,69270.1
11.481984376907349,3.4,70411.81
11.49408769607544,3.39,69687.78
11.502915143966675,3.39,69783.72
11.515545845031738,3.4,69819.76
11.528094291687012,3.39,69341.45
11.540458917617798,3.4,70411.81
11.552674055099487,3.39,69651.85
11.564779996871948,3.39,69711.75
11.577086687088013,3.4,69819.76
11.589484453201294,3.39,69353.36
11.601916790008545,3.4,70290.44
11.613637685775757,3.39,69627.91
11.62590479850769,3.39,69747.72
11.63793134689331,3.4,69807.75
11.650101900100708,3.39,69317.66
11.659148454666138,3.4,70399.67
11.671353101730347,3.39,69771.72
11.68290662765503,3.39,69783.72
11.695618391036987,3.39,69783.72
11.708157539367676,3.39,69246.32
11.720630884170532,3.4,70387.51
11.732818841934204,3.39,69627.91
11.744776248931885,3.39,69723.74
11.757340669631958,3.39,69675.81
11.769689083099365,3.39,69389.08
11.78162693977356,3.4,70423.96
11.7935152053833,3.39,69687.78
11.805769443511963,3.39,69771.72
11.817758560180664,3.39,69699.75
11.826848268508911,3.39,69293.87
11.839118242263794,3.41,70460.45
11.851315975189209,3.39,69627.91
11.863635301589966,3.39,69771.72
11.87615418434143,3.39,69747.72
11.888232707977295,3.39,69258.2
11.900468349456787,3.4,70302.56
11.913141012191772,3.39,69735.74
11.925265789031982,3.39,69699.75
11.937594413757324,3.39,69687.78
11.94950246810913,3.39,69389.08
11.961488246917725,3.4,70326.82
11.973588466644287,3.39,69603.97
11.982559204101562,3.39,69687.78
11.994832515716553,3.39,69795.74
12.007173538208008,3.39,69329.55
12.019544124603271,3.4,70266.19
12.031677961349487,3.39,69651.85
12.043865203857422,3.39,69795.74
12.056367874145508,3.39,69663.82
12.06877875328064,3.39,69341.45
12.080750942230225,3.4,70326.82
12.09333324432373,3.39,69651.85
12.105313539505005,3.4,69819.76
12.11731481552124,3.39,69699.75
12.129135608673096,3.39,69389.08
12.141340732574463,3.4,70375.37
12.150542974472046,3.39,69532.24
12.162989139556885,3.39,69735.74
12.175055742263794,3.39,69711.75
12.187208414077759,3.39,69210.7
12.199634313583374,3.4,70326.82
12.21210503578186,3.39,69448.67
12.224261999130249,3.39,69663.82
12.236576080322266,3.39,69615.92
12.248778581619263,3.39,69293.87
12.261122465133667,3.4,70338.95
12.27300214767456,3.39,69460.61
12.28492522239685,3.39,69556.14
12.297079086303711,3.39,69544.19
12.3091459274292,3.39,69246.32
12.318567276000977,3.4,69940.03
12.330585241317749,3.39,69627.91
12.343255043029785,3.39,69723.74
12.355013370513916,3.39,69580.05
12.367613077163696,3.39,69270.1
12.380067348480225,3.4,70036.46
12.392398118972778,3.39,69472.54
12.40425992012024,3.39,69759.73
12.415720701217651,3.39,69687.78
12.427889823913574,3.39,69341.45
12.440195322036743,3.4,70145.14
12.452276468276978,3.39,69496.41
12.46458625793457,3.39,69711.75
12.473400115966797,3.39,69699.75
12.485695600509644,3.39,69377.17
12.497991800308228,3.4,70399.67
12.510586261749268,3.39,69293.87
12.523239135742188,3.39,69759.73
12.535503387451172,3.39,69639.86
12.547598123550415,3.39,69175.09
12.560275316238403,3.4,70120.98
12.57253098487854,3.39,69341.45
12.584573984146118,3.39,69639.86
12.596641540527344,3.39,69556.14
12.608751058578491,3.38,69103.96
12.620746374130249,3.39,69699.75
12.63274884223938,3.39,69520.3
12.642082691192627,3.39,69615.92
12.654136657714844,3.39,69639.86
12.666561603546143,3.39,69317.66
12.679081916809082,3.4,69831.77
12.69126009941101,3.39,69448.67
12.703555822372437,3.4,69855.82
12.715781211853027,3.39,69532.24
12.728097677230835,3.39,69222.57
12.740427255630493,3.4,69903.92
12.752378940582275,3.39,69508.36
12.764284610748291,3.4,69831.77
12.776469469070435,3.39,69663.82
12.788636445999146,3.38,69163.24
12.79749321937561,3.4,69940.03
12.810075044631958,3.38,69163.24
12.822385787963867,3.39,69795.74
12.834408521652222,3.39,69711.75
12.846965074539185,3.39,69198.82
12.859122037887573,3.4,70120.98
12.871536493301392,3.38,69163.24
12.883740901947021,3.39,69723.74
12.896001815795898,3.39,69592.01
12.908292770385742,3.38,69151.39
12.920252561569214,3.4,70205.64
12.932212352752686,3.39,69270.1
12.944332361221313,3.39,69663.82
12.95625901222229,3.39,69568.1
12.965554475784302,3.38,69115.81
12.97793960571289,3.39,69639.86
12.990342378616333,3.39,69532.24
13.002615690231323,3.39,69795.74
13.014585971832275,3.39,69603.97
13.027013778686523,3.39,69210.7
13.039339065551758,3.39,69759.73
13.051590204238892,3.39,69377.17
13.063939809799194,3.4,69855.82
13.075974225997925,3.39,69520.3
13.088066101074219,3.38,68891.17
13.100100994110107,3.39,69651.85
13.112151145935059,3.39,69401.0
13.121354103088379,3.39,69723.74
13.13357400894165,3.39,69580.05
13.145784616470337,3.39,69186.96
13.158239841461182,3.4,69831.77
13.17050051689148,3.38,68914.77
13.182602405548096,3.39,69699.75
13.194675207138062,3.39,69544.19
13.20730710029602,3.38,69163.24
13.219725847244263,3.4,70012.35
13.231706380844116,3.38,69056.6
13.243557929992676,3.39,69699.75
13.255942821502686,3.39,69496.41
13.267955541610718,3.38,69115.81
13.279646396636963,3.39,69484.49
13.289356231689453,3.38,68997.46
13.301557302474976,3.39,69603.97
13.314021348953247,3.39,69496.41
13.325857400894165,3.38,69127.67
13.3380126953125,3.39,69460.61
13.350642442703247,3.38,69127.67
13.363067150115967,3.4,69807.75
13.37511396408081,3.39,69448.67
13.387470960617065,3.38,69021.11
13.399318218231201,3.39,69484.49
13.410887241363525,3.38,69151.39
13.423084497451782,3.39,69651.85
13.435198307037354,3.39,69329.55
13.443822383880615,3.38,68926.57
13.456086874008179,3.39,69544.19
13.468575239181519,3.38,68679.25
13.480949878692627,3.39,69711.75
13.49328899383545,3.39,69305.76
13.505705833435059,3.38,68985.64
13.518077850341797,3.39,69580.05
13.530431747436523,3.38,68632.29
13.543235778808594,3.39,69615.92
13.555196762084961,3.39,69353.36
13.567382097244263,3.38,68950.18
13.579606533050537,3.39,69615.92
13.591505527496338,3.38,68726.27
13.603484153747559,3.39,69472.54
13.61295461654663,3.39,69270.1
13.624919414520264,3.38,69056.6
13.637320041656494,3.39,69389.08
13.649561643600464,3.38,68879.38
13.661958694458008,3.4,69819.76
13.674003601074219,3.39,69353.36
13.686472177505493,3.38,68773.33
13.698604345321655,3.39,69270.1
13.710999488830566,3.38,68691.01
13.72323226928711,3.39,69496.41
13.735139608383179,3.38,69139.51
13.747122764587402,3.38,68785.1
13.759376525878906,3.38,69127.67
13.768368244171143,3.38,68891.17
13.780874013900757,3.4,69807.75
13.793090581893921,3.38,69103.96
13.805102348327637,3.38,68761.55
13.817470788955688,3.38,69163.24
13.829872369766235,3.38,68597.07
13.842148303985596,3.39,69520.3
13.8545503616333,3.38,69151.39
13.866589784622192,3.38,68761.55
13.87894868850708,3.39,69293.87
13.89101529121399,3.38,68585.35
13.903031587600708,3.39,69460.61
13.915021896362305,3.38,69151.39
13.927118062973022,3.38,68738.03
13.936348676681519,3.39,69234.46
13.948390245437622,3.37,68515.03
13.960885286331177,3.39,69639.86
13.973248720169067,3.39,69175.09
13.985528469085693,3.38,68820.42
13.997734308242798,3.39,69270.1
14.009969472885132,3.38,68561.9
14.022397994995117,3.39,69663.82
14.034661054611206,3.39,69222.57
14.046905279159546,3.38,68832.21
14.058723211288452,3.39,69175.09
14.070916414260864,3.38,68679.25
14.082807540893555,3.39,69615.92
14.092039823532104,3.38,69127.67
14.104348182678223,3.38,68855.79
14.11657166481018,3.39,69293.87
14.128586053848267,3.38,68538.46
14.141149282455444,3.39,69580.05
14.153435707092285,3.38,69044.77
14.165472507476807,3.38,68867.57
14.177795171737671,3.39,69281.97
14.189619302749634,3.38,68679.25
14.202171802520752,3.39,69508.36
14.214179992675781,3.39,69175.09
14.226544618606567,3.38,68820.42
14.238398790359497,3.39,69246.32
14.250748872756958,3.38,68561.9
14.25980806350708,3.39,69544.19
14.272240161895752,3.39,69317.66
14.284509658813477,3.38,68761.55
14.298284769058228,3.39,69186.96
14.30884313583374,3.37,68491.62
14.321000099182129,3.39,69627.91
14.333551406860352,3.38,69021.11
14.34583592414856,3.38,68620.54
14.358183145523071,3.38,69139.51
14.37037706375122,3.37,68421.45
14.382388591766357,3.39,69544.19
14.394240140914917,3.39,69186.96
14.40620756149292,3.38,68738.03
14.414546251296997,3.38,69115.81
14.426763772964478,3.38,68714.52
14.439040422439575,3.39,69568.1
14.45138430595398,3.38,69103.96
14.463603496551514,3.38,68561.9
14.476272106170654,3.38,68855.79
14.488662242889404,3.37,68351.35
14.501025676727295,3.39,69186.96
14.513941764831543,3.38,68691.01
14.526001691818237,3.37,68421.45
14.53810715675354,3.38,68796.88
14.55014967918396,3.37,68339.68
14.562344312667847,3.39,69222.57
14.574056148529053,3.38,68891.17
14.583433151245117,3.37,68526.76
14.595626831054688,3.38,69021.11
14.608104228973389,3.37,68491.62
14.620427370071411,3.39,69460.61
14.632442951202393,3.38,68950.18
14.644760370254517,3.38,68538.46
14.657055616378784,3.38,68985.64
14.669496774673462,3.37,68386.39
14.68160605430603,3.39,69532.24
14.69411325454712,3.38,68997.46
14.705965042114258,3.38,68855.79
14.718083620071411,3.38,69103.96
14.730112314224243,3.37,68503.34
14.742056608200073,3.39,69568.1
14.751307964324951,3.38,68973.82
14.763760089874268,3.38,68808.64
14.776076793670654,3.38,69163.24
14.788123607635498,3.38,68620.54
14.800451517105103,3.39,69424.84
14.812886238098145,3.38,69044.77
14.825228929519653,3.38,68714.52
14.837299585342407,3.38,69021.11
14.849638938903809,3.38,68632.29
14.861903190612793,3.39,69544.19
14.873815059661865,3.38,69021.11
14.885976076126099,3.38,68667.5
14.897756814956665,3.38,68962.0
14.906933784484863,3.38,68691.01
14.919313430786133,3.39,69508.36
14.9315345287323,3.38,69080.28
14.943989038467407,3.38,68691.01
14.95591950416565,3.38,69080.28
14.968527555465698,3.38,68573.62
14.980883836746216,3.39,69496.41
14.99315595626831,3.38,69103.96
15.005422830581665,3.38,68620.54
15.017531156539917,3.38,69103.96
15.0296151638031,3.37,68444.83
15.04179048538208,3.39,69592.01
15.053708791732788,3.38,69032.92
15.06565809249878,3.38,68950.18
15.074950695037842,3.38,69044.77
15.087180376052856,3.37,68526.76
15.09934687614441,3.39,69783.72
15.111865282058716,3.38,69139.51
15.124196290969849,3.38,68962.0
15.136292457580566,3.38,69127.67
15.148517370223999,3.38,68749.79
15.160945415496826,3.39,69603.97
15.173344850540161,3.38,69021.11
15.185342788696289,3.38,68950.18
15.197136640548706,3.38,69115.81
15.209503650665283,3.38,68761.55
15.221672058105469,3.39,69663.82
15.230746746063232,3.38,69127.67
15.242992401123047,3.38,69044.77
15.255322694778442,3.39,69281.97
15.267400741577148,3.38,68855.79
15.279716968536377,3.4,69807.75
15.29213285446167,3.39,69198.82
15.304444789886475,3.38,68832.21
15.316356658935547,3.39,69234.46
15.32883906364441,3.38,68773.33
15.341313123703003,3.4,69819.76
15.353349924087524,3.39,69258.2
15.365046262741089,3.38,68843.99
15.377384901046753,3.39,69281.97
15.389450550079346,3.38,68832.21
15.398365497589111,3.4,69819.76
15.409849643707275,3.39,69329.55
15.422058343887329,3.39,69234.46
15.434326171875,3.39,69293.87
15.446680068969727,3.38,68914.77
15.458954572677612,3.4,69879.86
15.471653938293457,3.39,69222.57
15.48394227027893,3.38,69092.12
15.496289491653442,3.39,69365.25
15.508625984191895,3.38,68926.57
15.520952939987183,3.4,69807.75
15.533117055892944,3.38,69163.24
15.545026302337646,3.38,69056.6
15.557139873504639,3.39,69258.2
15.566355466842651,3.38,68926.57
15.578685760498047,3.4,69903.92
15.591123580932617,3.39,69210.7
15.603347539901733,3.38,68973.82
15.615429401397705,3.39,69270.1
15.627816915512085,3.38,68867.57
15.640187740325928,3.4,69891.89
15.65251898765564,3.38,69151.39
15.665040254592896,3.38,69044.77
15.676767587661743,3.39,69281.97
15.688899993896484,3.38,68926.57
15.700926303863525,3.4,69879.86
15.712873697280884,3.38,69068.44
15.722196340560913,3.38,69080.28
15.734379768371582,3.39,69210.7
15.74643087387085,3.38,68785.1
15.758975505828857,3.39,69675.81
15.771240234375,3.38,69127.67
15.783399105072021,3.38,69009.28
15.795578479766846,3.38,68997.46
15.80815052986145,3.38,68691.01
15.82039761543274,3.39,69448.67
15.832321882247925,3.38,68785.1
15.844673156738281,3.38,68808.64
15.856467723846436,3.38,68926.57
15.868764162063599,3.38,68538.46
15.880719423294067,3.39,69532.24
15.89008092880249,3.38,68773.33
15.902329683303833,3.38,68785.1
15.914786577224731,3.39,69198.82
15.926884889602661,3.38,68679.25
15.939104318618774,3.39,69556.14
15.951427936553955,3.38,68808.64
15.963802814483643,3.38,68620.54
15.975992202758789,3.38,68761.55
15.988333940505981,3.38,68573.62
16.000417947769165,3.39,69556.14
16.01256012916565,3.38,68620.54
16.024653673171997,3.37,68503.34
16.03657031059265,3.38,68879.38
16.04546594619751,3.37,68444.83
16.05794882774353,3.39,69556.14
16.070323944091797,3.38,68808.64
16.08294439315796,3.38,68832.21
16.094667673110962,3.38,68738.03
16.106781244277954,3.37,68293.02
16.119338512420654,3.39,69317.66
16.131858110427856,3.37,68526.76
16.143746614456177,3.38,68620.54
16.156193733215332,3.38,68620.54
16.168312549591064,3.37,68130.06
16.180444717407227,3.38,69044.77
16.192039728164673,3.37,68433.14
16.20425772666931,3.37,68456.53
16.213601112365723,3.37,68421.45
16.225634574890137,3.37,68141.67
16.238146543502808,3.38,69092.12
16.25036072731018,3.37,68339.68
16.262819051742554,3.37,68328.01
16.275195360183716,3.37,68444.83
16.287256956100464,3.37,67967.61
16.29932928085327,3.38,69032.92
16.311553239822388,3.37,68351.35
16.323702096939087,3.37,68223.11
16.33567500114441,3.37,68398.07
16.347770929336548,3.37,67944.45
16.359743118286133,3.38,68985.64
16.368791103363037,3.37,68223.11
16.38106608390808,3.37,68421.45
16.39328360557556,3.37,68363.03
16.404988050460815,3.37,67990.78
16.417327404022217,3.38,68973.82
16.429614305496216,3.37,68060.37
16.441927909851074,3.37,68363.03
16.45427656173706,3.37,68281.37
16.46669030189514,3.37,67967.61
16.47900915145874,3.38,68914.77
16.491368532180786,3.37,68130.06
16.503770112991333,3.37,68304.68
16.515628337860107,3.37,68223.11
16.52779531478882,3.36,67898.14
16.53696060180664,3.38,68855.79
16.54924488067627,3.37,68106.82
16.561826705932617,3.37,68444.83
16.574050664901733,3.37,68234.76
16.586378574371338,3.36,67851.9
16.598687648773193,3.38,68773.33
16.6109356880188,3.37,68071.99
16.62321901321411,3.37,68211.47
16.635502338409424,3.37,68246.4
16.647486209869385,3.36,67724.92
16.659583806991577,3.38,68785.1
16.671608448028564,3.37,68025.57
16.68356204032898,3.37,68176.57
16.692826509475708,3.37,68025.57
16.705216884613037,3.36,67736.45
16.71731424331665,3.38,68691.01
16.729608058929443,3.37,68060.37
16.74181890487671,3.37,68071.99
16.75430917739868,3.37,68071.99
16.766316413879395,3.36,67311.57
16.77881622314453,3.37,68468.22
16.791146516799927,3.36,67736.45
16.803247451782227,3.36,67805.69
16.815433740615845,3.36,67840.34
16.82727599143982,3.36,67437.52
16.83937168121338,3.37,68398.07
16.84821319580078,3.36,67678.82
16.860769748687744,3.36,67840.34
16.873126745224,3.36,67840.34
16.885435581207275,3.36,67311.57
16.897506713867188,3.37,68141.67
16.910022020339966,3.36,67506.35
16.922209978103638,3.36,67759.51
16.93438982963562,3.36,67713.39
16.946500062942505,3.35,67265.86
16.959020137786865,3.37,68130.06
16.970796823501587,3.36,67621.27
16.982735872268677,3.36,67805.69
16.99516749382019,3.36,67724.92
17.007043838500977,3.35,67254.44
17.01620388031006,3.37,68293.02
17.02878999710083,3.36,67690.35
17.040995121002197,3.36,67771.07
17.05319881439209,3.36,67759.51
17.0655300617218,3.35,67300.14
17.077789783477783,3.37,68304.68
17.089187622070312,3.36,67426.06
17.10186004638672,3.36,67690.35
17.114205837249756,3.36,67552.28
17.126771450042725,3.35,67254.44
17.138845920562744,3.37,68269.71
17.150773525238037,3.36,67483.39
17.162991762161255,3.36,67598.25
17.17207956314087,3.36,67575.26
17.18438982963562,3.36,67311.57
17.1958909034729,3.36,67736.45
17.208414554595947,3.36,67529.32
17.220777988433838,3.36,67632.76
17.233177185058594,3.36,67632.76
17.245731592178345,3.35,67117.57
17.258021354675293,3.36,67817.23
17.270432233810425,3.36,67380.24
17.282713413238525,3.36,67690.35
17.294333934783936,3.36,67471.92
17.30655574798584,3.35,67140.35
17.318592309951782,3.36,67898.14
17.330607175827026,3.36,67357.33
17.339993476867676,3.36,67655.79
17.352184057235718,3.36,67609.77
17.36453604698181,3.35,67185.96
17.376590728759766,3.37,67967.61
17.388742685317993,3.35,67072.03
17.40116047859192,3.36,67563.77
17.413424491882324,3.36,67632.76
17.42494487762451,3.35,67151.75
17.43718147277832,3.37,68083.59
17.44935393333435,3.35,67220.19
17.46162724494934,3.36,67598.25
17.473801612854004,3.36,67540.8
17.486281156539917,3.35,67083.41
17.4947612285614,3.36,67575.26
17.507216930389404,3.36,67368.78
17.519647121429443,3.36,67667.31
17.532270431518555,3.36,67494.86
17.544583559036255,3.35,67185.96
17.557087182998657,3.36,67701.86
17.569334983825684,3.36,67403.14
17.58175802230835,3.36,67736.45
17.593980312347412,3.36,67345.9
17.605852127075195,3.35,67106.18
17.61807870864868,3.36,67817.23
17.63017177581787,3.35,67208.77
17.64218544960022,3.36,67736.45
17.651159286499023,3.36,67483.39
17.663623809814453,3.35,67015.16
17.67577576637268,3.36,67794.13
17.688050031661987,3.35,66878.94
17.700157165527344,3.36,67690.35
17.7126567363739,3.36,67357.33
17.72470998764038,3.35,66981.07
17.73716902732849,3.36,67851.9
17.74967098236084,3.35,66969.71
17.761887550354004,3.36,67632.76
17.77395462989807,3.36,67368.78
17.786033630371094,3.35,67083.41
17.797883987426758,3.36,67898.14
17.80992889404297,3.35,67026.53
17.819058179855347,3.36,67540.8
17.831440925598145,3.36,67414.59
17.843733549118042,3.35,67072.03
17.85596227645874,3.36,67414.59
17.868398666381836,3.35,67060.64
17.880625247955322,3.36,67632.76
17.892924070358276,3.36,67357.33
17.904967546463013,3.35,66947.01
17.91715097427368,3.35,67300.14
17.929710149765015,3.35,67163.16
17.94161605834961,3.36,67632.76
17.95373821258545,3.35,67277.28
17.965516805648804,3.35,66924.31
17.974923610687256,3.36,67494.86
17.986849784851074,3.36,67368.78
17.999033451080322,3.36,67736.45
18.011334657669067,3.36,67380.24
18.023627281188965,3.35,66958.35
18.035837173461914,3.36,67724.92
18.048240661621094,3.35,66788.32
18.060458183288574,3.36,67609.77
18.072714805603027,3.36,67345.9
18.084947109222412,3.35,66947.01
18.097012996673584,3.36,67667.31
18.109108924865723,3.35,66799.65
18.121127367019653,3.36,67506.35
18.133209943771362,3.35,67231.6
18.14237117767334,3.35,66981.07
18.154301404953003,3.36,67334.45
18.166374683380127,3.35,67003.79
18.17861557006836,3.36,67782.6
18.191015005111694,3.36,67334.45
18.20334219932556,3.35,67060.64
18.215677976608276,3.36,67403.14
18.228135585784912,3.35,67174.55
18.24052143096924,3.36,67771.07
18.252899885177612,3.36,67448.99
18.2651789188385,3.35,67151.75
18.277234315872192,3.36,67494.86
18.28911590576172,3.35,66890.27
18.298116445541382,3.36,67863.46
18.310572862625122,3.36,67609.77
18.322990655899048,3.35,67163.16
18.33508801460266,3.36,67598.25
18.347615718841553,3.35,66878.94
18.359875679016113,3.36,67817.23
18.371835708618164,3.36,67609.77
18.384092092514038,3.35,67117.57
18.39654541015625,3.36,67678.82
18.408631324768066,3.35,66890.27
18.420127868652344,3.36,67771.07
18.432263135910034,3.36,67506.35
18.44438910484314,3.35,67220.19
18.456643104553223,3.36,67540.8
18.46536087989807,3.35,66935.65
18.477530241012573,3.37,68130.06
18.49023747444153,3.36,67621.27
18.502472162246704,3.35,67277.28
18.514634132385254,3.36,67678.82
18.52721858024597,3.35,67015.16
18.5397207736969,3.37,68060.37
18.552266359329224,3.36,67575.26
18.564758777618408,3.35,67174.55
18.57650113105774,3.36,67609.77
18.588783502578735,3.35,67128.96
18.60059642791748,3.37,67944.45
18.61268377304077,3.36,67517.82
18.62199354171753,3.35,67106.18
18.634063959121704,3.36,67632.76
18.646443128585815,3.35,67094.79
18.65873622894287,3.36,67909.73
18.671051740646362,3.36,67494.86
18.683475971221924,3.35,67185.96
18.695372581481934,3.36,67563.77
18.70794677734375,3.35,66981.07
18.720178842544556,3.36,67875.01
18.732537031173706,3.36,67460.45
18.74447751045227,3.35,67072.03
18.756417274475098,3.36,67471.92
18.76845145225525,3.35,66743.1
18.777514457702637,3.37,67956.03
18.78964352607727,3.36,67690.35
18.801852703094482,3.35,67163.16
18.814138174057007,3.36,67506.35
18.826406955718994,3.35,66947.01
18.83856511116028,3.37,67932.87
18.8509361743927,3.36,67391.67
18.86317729949951,3.35,67049.26
18.8754665851593,3.36,67403.14
18.8874568939209,3.34,66652.72
18.899423360824585,3.36,67782.6
18.911461353302002,3.35,67231.6
18.923632383346558,3.35,66867.6
18.93582844734192,3.35,67277.28
18.944661855697632,3.35,66856.28
18.95689630508423,3.36,67724.92
18.969234943389893,3.35,67106.18
18.98159408569336,3.35,66720.49
18.994115591049194,3.35,67151.75
19.006500959396362,3.34,66675.31
19.01908016204834,3.36,67517.82
19.03140163421631,3.35,67060.64
19.043591260910034,3.34,66664.03
19.05587649345398,3.35,67140.35
19.06791400909424,3.34,66551.26
19.079954624176025,3.36,67747.99
19.091637134552002,3.35,67083.41
19.10089111328125,3.34,66652.72
19.113492727279663,3.35,67128.96
19.125762462615967,3.34,66596.34
19.137978315353394,3.36,67540.8
19.150160551071167,3.35,66981.07
19.162460803985596,3.34,66686.6
19.174883604049683,3.35,66867.6
19.18690061569214,3.34,66225.75
19.19987177848816,3.36,67323.02
19.21158766746521,3.35,66777.02
19.223732471466064,3.34,66483.75
19.235675811767578,3.35,66810.96
19.247804164886475,3.34,66450.01
19.256872177124023,3.35,67243.03
19.269092321395874,3.35,66810.96
19.28155279159546,3.34,66528.76
19.293526887893677,3.35,66754.39
19.305946826934814,3.34,66371.39
19.317989826202393,3.35,67265.86
19.331695556640625,3.34,66664.03
19.3425395488739,3.34,66281.72
19.354729175567627,3.34,66630.16
19.367131233215332,3.34,66158.66
19.379517316818237,3.35,67106.18
19.39137053489685,3.34,66540.01
19.40353035926819,3.34,66136.32
19.415255784988403,3.34,66562.53
19.42419958114624,3.33,66024.76
19.4359347820282,3.35,67083.41
19.448291063308716,3.34,66540.01
19.460587739944458,3.34,66382.63
19.47281551361084,3.34,66540.01
19.48531222343445,3.33,65991.35
19.49774432182312,3.35,67060.64
19.510238885879517,3.34,66494.99
19.522353887557983,3.34,66348.97
19.53470230102539,3.34,66585.07
19.54706573486328,3.34,66169.84
19.559266567230225,3.35,67094.79
19.571093797683716,3.34,66472.5
19.580511808395386,3.34,66326.54
19.59256672859192,3.34,66551.26
19.604905366897583,3.34,66192.2
19.617289304733276,3.35,66947.01
19.62950849533081,3.34,66506.25
19.64186191558838,3.34,66236.92
19.65406084060669,3.34,66483.75
19.666329383850098,3.34,66203.37
19.678765773773193,3.35,67037.9
19.690805196762085,3.34,66450.01
19.702890396118164,3.33,66080.5
19.714967489242554,3.34,66506.25
19.72708773612976,3.34,66125.15
19.738934993743896,3.35,67049.26
19.748385429382324,3.34,66517.5
19.760485649108887,3.34,66551.26
19.7728488445282,3.34,66607.62
19.784905433654785,3.34,66181.01
19.79717516899109,3.35,67026.53
19.808679580688477,3.34,66528.76
19.821017503738403,3.34,66506.25
19.8335440158844,3.34,66573.79
19.846105337142944,3.34,66169.84
19.858668088912964,3.35,67106.18
19.870747804641724,3.34,66427.55
19.882757425308228,3.34,66416.31
19.89475107192993,3.34,66607.62
19.903834342956543,3.34,66214.55
19.916279077529907,3.35,67197.36
19.928647756576538,3.34,66573.79
19.940737009048462,3.34,66483.75
19.95302653312683,3.34,66630.16
19.965381145477295,3.34,66125.15
19.977748155593872,3.35,67026.53
19.990134239196777,3.34,66450.01
20.00215983390808,3.34,66315.33
20.014451503753662,3.34,66450.01
20.026464700698853,3.34,66125.15
20.038557529449463,3.35,67128.96
20.05040669441223,3.34,66438.78
20.062570095062256,3.34,66540.01
20.071731328964233,3.34,66360.18
20.084150314331055,3.33,65902.34
20.096434831619263,3.35,66833.61
20.108840942382812,3.34,66214.55
20.120771884918213,3.34,66136.32
20.133418798446655,3.34,66169.84
20.145338773727417,3.33,65735.89
20.157987356185913,3.34,66596.34
20.170149326324463,3.33,65980.21
20.182198762893677,3.33,66002.47
20.194238424301147,3.33,66080.5
20.206010818481445,3.33,65702.67
20.21818995475769,3.34,66551.26
20.227564811706543,3.33,65946.82
20.24000072479248,3.33,65935.71
20.251823663711548,3.33,65991.35
20.264437437057495,3.33,65669.46
20.276681423187256,3.34,66494.99
20.288973093032837,3.33,65880.1
20.301066875457764,3.33,65802.39
20.313461303710938,3.33,65957.94
20.32578682899475,3.32,65338.67
20.33798360824585,3.34,66618.89
20.350064754486084,3.33,65880.1
20.36193537712097,3.33,65980.21
20.37412166595459,3.33,65957.94
20.383075952529907,3.33,65625.24
20.395524501800537,3.35,66697.89
20.407728910446167,3.33,66058.19
20.420154333114624,3.33,65957.94
20.432100296020508,3.33,66013.62
20.443578004837036,3.33,65603.13
20.45584511756897,3.34,66528.76
20.468070030212402,3.33,65991.35
20.48042917251587,3.34,66147.49
20.49267029762268,3.33,66069.35
20.50524878501892,3.33,65713.74
20.517085790634155,3.34,66618.89
20.52958035469055,3.33,65913.46
20.53857398033142,3.33,66035.91
20.551128149032593,3.34,66225.75
20.563124895095825,3.33,65857.9
20.575631380081177,3.35,66720.49
20.58785629272461,3.33,66035.91
20.60035252571106,3.34,66102.82
20.6122784614563,3.34,66147.49
20.62473750114441,3.33,65758.05
20.637013912200928,3.35,66822.29
20.649353981018066,3.34,66102.82
20.66140651702881,3.34,66203.37
20.673365116119385,3.34,66147.49
20.685321807861328,3.33,65769.13
20.697517156600952,3.35,66833.61
20.70672917366028,3.33,66069.35
20.718870639801025,3.34,66281.72
20.73128318786621,3.34,66248.13
20.743322134017944,3.33,65846.79
20.755903720855713,3.35,66720.49
20.767983436584473,3.34,66114.0
20.7808837890625,3.34,66248.13
20.792659282684326,3.34,66281.72
20.80498242378235,3.33,65824.59
20.817301034927368,3.35,66709.17
20.829118490219116,3.34,66125.15
20.84092926979065,3.34,66337.75
20.853259086608887,3.34,66270.52
20.862281799316406,3.33,65846.79
20.874591588974,3.35,66788.32
20.886853456497192,3.34,66348.97
20.89922595024109,3.34,66371.39
20.911524295806885,3.34,66281.72
20.923678398132324,3.33,65880.1
20.93593120574951,3.35,66867.6
20.948457717895508,3.34,66270.52
20.960744380950928,3.34,66405.09
20.97282648086548,3.34,66348.97
20.984654664993286,3.33,65902.34
20.99699378013611,3.35,66890.27
21.009093761444092,3.34,66169.84
21.020697116851807,3.34,66337.75
21.03028440475464,3.34,66281.72
21.04241418838501,3.33,65946.82
21.054793119430542,3.35,66901.62
21.06720209121704,3.34,66158.66
21.079421997070312,3.34,66348.97
21.091749906539917,3.34,66360.18
21.10397243499756,3.33,65946.82
21.116297721862793,3.35,66947.01
21.12863850593567,3.34,66125.15
21.14086651802063,3.34,66405.09
21.15262269973755,3.34,66304.13
21.16472816467285,3.33,65891.23
21.17680859565735,3.34,66630.16
21.18579125404358,3.34,66225.75
21.198237895965576,3.34,66483.75
21.209818840026855,3.34,66348.97
21.222224950790405,3.33,66047.05
21.23458981513977,3.35,66833.61
21.247360706329346,3.34,66158.66
21.259703159332275,3.34,66506.25
21.271757125854492,3.34,66382.63
21.284265518188477,3.33,66058.19
21.296481370925903,3.35,66969.71
21.30843472480774,3.34,66248.13
21.320646286010742,3.34,66540.01
21.33257007598877,3.34,66382.63
21.344494342803955,3.33,66024.76
21.35357117652893,3.35,66981.07
21.366252183914185,3.34,66203.37
21.378488779067993,3.34,66540.01
21.3907790184021,3.34,66540.01
21.402891635894775,3.34,66114.0
21.415231943130493,3.35,67083.41
21.427376747131348,3.34,66259.32
21.43889307975769,3.34,66551.26
21.4510760307312,3.34,66540.01
21.463223695755005,3.33,66080.5
21.47539472579956,3.34,66641.45
21.48760437965393,3.34,66292.92
21.499783754348755,3.34,66416.31
21.508633852005005,3.34,66427.55
21.520917415618896,3.33,66069.35
21.533212423324585,3.35,66743.1
21.545615434646606,3.34,66337.75
21.55821418762207,3.34,66686.6
21.570738077163696,3.34,66483.75
21.583117723464966,3.33,66069.35
21.595420122146606,3.35,66788.32
21.60792088508606,3.34,66427.55
21.61976647377014,3.34,66675.31
21.631797552108765,3.34,66517.5
21.64393973350525,3.33,66091.67
21.656007289886475,3.35,66981.07
21.66515851020813,3.33,66047.05
21.677428007125854,3.35,66731.78
21.689435243606567,3.34,66618.89
21.701814651489258,3.34,66192.2
21.71421241760254,3.35,67243.03
21.726481199264526,3.34,66214.55
21.73883581161499,3.34,66686.6
21.751334190368652,3.34,66483.75
21.763436555862427,3.34,66136.32
21.775548219680786,3.34,66483.75
21.78773331642151,3.34,66169.84
21.7997624874115,3.34,66686.6
21.811612129211426,3.34,66585.07
21.82081174850464,3.34,66158.66
21.832965850830078,3.34,66675.31
21.845393419265747,3.34,66483.75
21.857719659805298,3.35,66822.29
21.86988091468811,3.34,66585.07
21.88194465637207,3.33,66091.67
21.89433789253235,3.34,66686.6
21.90674376487732,3.34,66315.33
21.918879747390747,3.35,66822.29
21.931362628936768,3.34,66517.5
21.9433696269989,3.34,66304.13
21.955124616622925,3.35,66788.32
21.967549562454224,3.33,65969.08
21.97934913635254,3.35,66844.95
21.988667249679565,3.34,66540.01
22.001031637191772,3.34,66281.72
22.013349056243896,3.35,67003.79
22.02542805671692,3.34,66102.82
22.037787914276123,3.35,66743.1
22.05025339126587,3.34,66528.76
22.062466621398926,3.34,66203.37
22.07463312149048,3.34,66618.89
22.086883068084717,3.34,66225.75
22.099122047424316,3.34,66675.31
22.111099243164062,3.34,66562.53
22.12311577796936,3.34,66270.52
22.13498830795288,3.34,66664.03
22.144142627716064,3.34,66326.54
22.156598329544067,3.35,66981.07
22.168744325637817,3.34,66664.03
22.181307077407837,3.34,66203.37
22.193378686904907,3.34,66641.45
22.20552897453308,3.34,66461.25
22.218153953552246,3.35,66912.96
22.23039722442627,3.34,66607.62
22.242791175842285,3.34,66225.75
22.254770517349243,3.34,66686.6
22.2668616771698,3.33,65924.57
22.27897548675537,3.35,66878.94
22.290905952453613,3.34,66562.53
22.299984455108643,3.34,66125.15
22.312406301498413,3.35,66947.01
22.324508905410767,3.33,66002.47
22.33668851852417,3.35,66935.65
22.349178791046143,3.34,66641.45
22.36154842376709,3.34,66192.2
22.373597145080566,3.35,66720.49
22.385733127593994,3.33,66091.67
22.39826726913452,3.35,66731.78
22.41031789779663,3.34,66607.62
22.422277212142944,3.34,66259.32
22.434366941452026,3.35,66697.89
22.44605588912964,3.34,66169.84
22.458239316940308,3.35,67094.79
22.46676802635193,3.34,66630.16
22.47915482521057,3.34,66270.52
22.49141573905945,3.35,66731.78
22.504026412963867,3.34,66416.31
22.51654291152954,3.35,67003.79
22.528939723968506,3.34,66630.16
22.541436195373535,3.34,66248.13
22.553813695907593,3.35,66697.89
22.566230058670044,3.34,66158.66
22.578438997268677,3.35,67072.03
22.590535879135132,3.35,66720.49
22.602254629135132,3.34,66315.33
22.61460781097412,3.35,66754.39
22.626602172851562,3.34,66102.82
22.63564395904541,3.35,66969.71
22.64822006225586,3.35,66765.71
22.660395860671997,3.34,66337.75
22.672443866729736,3.35,66924.31
22.685121774673462,3.34,66102.82
22.69736671447754,3.35,67026.53
22.70961332321167,3.35,66709.17
22.72185444831848,3.34,66382.63
22.73405694961548,3.35,66743.1
22.746217966079712,3.34,66236.92
22.758249521255493,3.35,67231.6
22.77034640312195,3.35,66799.65
22.782284021377563,3.34,66382.63
22.791618585586548,3.35,66822.29
22.803664684295654,3.34,66315.33
22.81601881980896,3.35,67254.44
22.82836151123047,3.35,66856.28
22.8406720161438,3.34,66438.78
22.85271120071411,3.35,66833.61
22.865129947662354,3.34,66517.5
22.87753129005432,3.36,67334.45
22.889720916748047,3.35,66890.27
22.902241945266724,3.34,66405.09
22.913276195526123,3.35,66901.62
22.92534899711609,3.34,66304.13
22.93760895729065,3.35,67151.75
22.949727773666382,3.35,66833.61
22.958810329437256,3.34,66540.01
22.971237421035767,3.35,66901.62
22.983527898788452,3.34,66315.33
22.995980739593506,3.35,67185.96
23.008172512054443,3.35,66822.29
23.02053713798523,3.34,66416.31
23.032726049423218,3.35,66833.61
23.044925928115845,3.34,66348.97
23.057281494140625,3.35,67231.6
23.069376230239868,3.35,66912.96
23.08147096633911,3.34,66348.97
23.09349775314331,3.35,66856.28
23.10558319091797,3.34,66158.66
23.11459231376648,3.36,67426.06
23.126962900161743,3.35,67060.64
23.139198303222656,3.34,66686.6
23.15166687965393,3.35,67003.79
23.163763761520386,3.34,66371.39
23.176060914993286,3.36,67414.59
23.188327074050903,3.35,66947.01
23.2005455493927,3.34,66664.03
23.212909698486328,3.35,67015.16
23.225141286849976,3.34,66585.07
23.237207412719727,3.36,67426.06
23.249260902404785,3.35,66912.96
23.261062145233154,3.34,66405.09
23.27324604988098,3.35,66947.01
23.28183126449585,3.34,66360.18
23.29413104057312,3.36,67506.35
23.30639886856079,3.35,67015.16
23.318702220916748,3.34,66540.01
23.33103060722351,3.35,66992.42
23.343260049819946,3.34,66416.31
23.355575561523438,3.35,67277.28
23.36784315109253,3.35,67015.16
23.38013982772827,3.34,66528.76
23.39233422279358,3.35,67026.53
23.40454888343811,3.34,66483.75
23.41672372817993,3.36,67517.82
23.428950309753418,3.35,66992.42
23.437493801116943,3.35,66833.61
23.449727058410645,3.35,67254.44
23.462039947509766,3.34,66461.25
23.474334001541138,3.36,67598.25
23.486599683761597,3.35,67197.36
23.498886585235596,3.35,66969.71
23.511224031448364,3.35,67243.03
23.5234694480896,3.35,66822.29
23.535765409469604,3.36,67690.35
23.54800820350647,3.36,67380.24
23.560232639312744,3.35,66867.6
23.572412490844727,3.35,67243.03
23.584596633911133,3.35,66901.62
23.596800804138184,3.36,67747.99
23.605374336242676,3.35,67208.77
23.61768865585327,3.35,67037.9
23.629975080490112,3.36,67403.14
23.642284154891968,3.35,66969.71
23.654593467712402,3.36,67898.14
23.666837692260742,3.36,67334.45
23.679158210754395,3.35,66969.71
23.691453218460083,3.36,67414.59
23.703733921051025,3.35,66788.32
23.71591854095459,3.37,68083.59
23.728118181228638,3.36,67357.33
23.740317821502686,3.35,66901.62
23.752504110336304,3.36,67483.39
23.761157751083374,3.35,66992.42
23.77344512939453,3.37,68083.59
23.785712003707886,3.36,67483.39
23.79800844192505,3.36,67334.45
23.810329914093018,3.36,67494.86
23.8226101398468,3.35,67037.9
23.834930419921875,3.37,68037.17
23.847158432006836,3.36,67494.86
23.85944652557373,3.36,67368.78
23.871674060821533,3.36,67575.26
23.883830070495605,3.35,67174.55
23.89611029624939,3.37,68071.99
23.908223867416382,3.36,67483.39
23.916794776916504,3.36,67323.02
23.9290509223938,3.36,67598.25
23.94137144088745,3.35,67243.03
23.95366072654724,3.37,67990.78
23.965773820877075,3.36,67460.45
23.978137731552124,3.36,67311.57
23.99036192893982,3.36,67621.27
24.002650022506714,3.35,67220.19
24.014979124069214,3.37,68130.06
24.027238368988037,3.36,67632.76
24.039454221725464,3.35,67277.28
24.051650285720825,3.36,67701.86
24.063880681991577,3.35,67254.44
24.07604193687439,3.37,68293.02
24.08462929725647,3.36,67747.99
24.096925973892212,3.36,67782.6
24.10926604270935,3.36,67886.59
24.12153649330139,3.36,67437.52
24.13380789756775,3.37,68479.92
24.146137475967407,3.36,67840.34
24.158483743667603,3.36,67690.35
24.170815229415894,3.36,67840.34
24.183115243911743,3.36,67575.26
24.195379734039307,3.37,68503.34
24.20743203163147,3.36,67817.23
24.219634532928467,3.36,67759.51
24.231820344924927,3.37,67921.29
24.24044418334961,3.36,67586.77
24.252716779708862,3.38,68585.35
24.265008211135864,3.37,68025.57
24.27733588218689,3.36,67886.59
24.28960394859314,3.37,68037.17
24.30195903778076,3.36,67678.82
24.314152479171753,3.38,68796.88
24.32645320892334,3.37,67921.29
24.33877420425415,3.36,67736.45
24.35102605819702,3.37,68106.82
24.363140106201172,3.36,67644.28
24.375342845916748,3.38,68738.03
24.38756012916565,3.37,68048.77
24.399608612060547,3.37,68095.21
24.40859365463257,3.37,68106.82
24.420804500579834,3.36,67828.79
24.43274426460266,3.38,68785.1
24.44502067565918,3.37,68095.21
24.457337856292725,3.37,68095.21
24.4696044921875,3.37,68199.85
24.481891632080078,3.36,67759.51
24.49422836303711,3.38,68808.64
24.506473302841187,3.37,68176.57
24.518694639205933,3.37,68118.44
24.530872106552124,3.37,68234.76
24.543116092681885,3.36,67863.46
24.555336236953735,3.38,68855.79
24.563825130462646,3.37,68130.06
24.57607412338257,3.37,68269.71
24.588379621505737,3.37,68421.45
24.600684881210327,3.36,67898.14
24.612919569015503,3.38,68926.57
24.625207901000977,3.37,68199.85
24.63748812675476,3.37,68002.37
24.649807453155518,3.37,68269.71
24.662137031555176,3.36,67851.9
24.674431562423706,3.38,68938.38
24.68660593032837,3.37,68223.11
24.69880700111389,3.37,68374.71
24.711071491241455,3.37,68339.68
24.72322392463684,3.37,67990.78
24.731810092926025,3.38,69068.44
24.744086742401123,3.37,68409.75
24.75638246536255,3.37,68456.53
24.76879119873047,3.37,68491.62
24.781113147735596,3.37,68071.99
24.79351830482483,3.38,69080.28
24.805631637573242,3.37,68433.14
24.818113088607788,3.37,68515.03
24.830507040023804,3.37,68503.34
24.842732191085815,3.37,68106.82
24.85490870475769,3.38,69115.81
24.86705446243286,3.37,68456.53
24.87909722328186,3.38,68608.82
24.89112138748169,3.38,68691.01
24.900187492370605,3.37,68153.31
24.91251277923584,3.39,69293.87
24.924259901046753,3.38,68667.5
24.936620235443115,3.38,68726.27
24.948967695236206,3.38,68891.17
24.961254119873047,3.37,68363.03
24.973572969436646,3.39,69460.61
24.98583722114563,3.38,68785.1
24.998136043548584,3.38,68691.01
25.01027512550354,3.38,68950.18
25.02247929573059,3.38,68585.35
25.034600019454956,3.39,69675.81
25.046797037124634,3.38,68973.82
25.055431365966797,3.38,69009.28
25.06771421432495,3.39,69175.09
25.08002996444702,3.38,68761.55
25.09232783317566,3.4,69855.82
25.104544401168823,3.39,69186.96
25.11719560623169,3.39,69210.7
25.129507303237915,3.39,69246.32
25.142003297805786,3.38,68950.18
25.154337644577026,3.4,69891.89
25.166972875595093,3.39,69329.55
25.178975343704224,3.39,69377.17
25.190988302230835,3.39,69436.76
25.202791213989258,3.38,68973.82
25.21497344970703,3.4,69915.96
25.22444796562195,3.39,69341.45
25.23679280281067,3.39,69508.36
25.249095916748047,3.39,69603.97
25.26129961013794,3.38,69103.96
25.273472785949707,3.4,70120.98
25.28589177131653,3.39,69424.84
25.298365116119385,3.39,69496.41
25.310272216796875,3.39,69592.01
25.322592973709106,3.38,69092.12
25.334928512573242,3.4,70278.31
25.346818923950195,3.39,69484.49
25.35866904258728,3.39,69424.84
25.37084197998047,3.39,69747.72
25.37987446784973,3.39,69246.32
25.392467260360718,3.4,70436.13
25.404320240020752,3.39,69699.75
25.41700553894043,3.39,69651.85
25.42899513244629,3.39,69771.72
25.441018104553223,3.39,69270.1
25.452656745910645,3.4,70399.67
25.46495532989502,3.39,69663.82
25.477363348007202,3.39,69795.74
25.48961591720581,3.39,69663.82
25.502004623413086,3.39,69401.0
25.51431894302368,3.41,70521.3
25.526515245437622,3.39,69687.78
25.5385639667511,3.39,69795.74
25.547842025756836,3.4,69807.75
25.55994725227356,3.39,69460.61
25.57257390022278,3.41,70655.43
25.584868907928467,3.4,69819.76
25.597240686416626,3.4,69976.17
25.60914397239685,3.4,69964.12
25.62151050567627,3.39,69615.92
25.63400435447693,3.41,70667.64
25.64625358581543,3.4,70048.52
25.658536434173584,3.4,70000.28
25.670154809951782,3.4,70096.82
25.682533502578735,3.39,69699.75
25.694478273391724,3.41,70765.42
25.703738689422607,3.4,70108.89
25.716017246246338,3.4,70363.22
25.72834873199463,3.4,70290.44
25.74040913581848,3.4,69903.92
25.752798795700073,3.41,71010.72
25.765106916427612,3.4,70205.64
25.777443885803223,3.4,70423.96
25.789337396621704,3.4,70241.96
25.801814556121826,3.4,69952.08
25.814192295074463,3.41,71035.32
25.826093435287476,3.4,70326.82
25.838052988052368,3.41,70496.95
25.850159883499146,3.41,70557.85
25.862138509750366,3.4,70024.39
25.871285438537598,3.42,71244.82
25.88379669189453,3.41,70521.3
25.89614510536194,3.41,70704.28
25.908496856689453,3.41,70643.21
25.920470714569092,3.41,70460.45
25.933071851730347,3.42,71430.39
25.94525980949402,3.41,71023.02
25.95734190940857,3.42,71368.46
25.969605922698975,3.42,71467.57
25.980985403060913,3.42,71183.11
25.993504524230957,3.43,72305.15
26.00569200515747,3.43,71791.01
26.017857551574707,3.43,72003.6
26.0269296169281,3.43,71991.05
26.039180278778076,3.42,71703.74
26.05174946784973,3.44,72888.02
26.064075708389282,3.43,72229.59
26.076486349105835,3.43,72267.36
26.088507652282715,3.43,72166.71
26.10083031654358,3.43,71766.07
26.113073110580444,3.44,72926.25
26.12546968460083,3.43,71815.98
26.137423992156982,3.43,72330.36
26.149550914764404,3.43,72254.77
26.16163969039917,3.43,71991.05
26.173701286315918,3.44,73092.28
26.18277597427368,3.43,72317.75
26.19514536857605,3.44,72545.12
26.2071590423584,3.44,72557.78
26.219424962997437,3.43,72116.47
26.2319598197937,3.44,72709.95
26.24422597885132,3.43,72393.43
26.25646662712097,3.44,72621.13
26.26884412765503,3.44,72709.95
26.28105330467224,3.43,72053.72
26.293533325195312,3.44,72926.25
26.305358171463013,3.44,72456.58
26.317497730255127,3.44,72811.63
26.329306602478027,3.44,72646.5
26.341596126556396,3.43,72103.92
26.350606441497803,3.45,73143.46
26.362956047058105,3.44,72621.13
26.375355005264282,3.44,72888.02
26.38739275932312,3.44,72735.35
26.39964509010315,3.43,72242.18
26.412166595458984,3.45,73348.69
26.42436718940735,3.43,72154.15
26.436525583267212,3.44,72811.63
26.44800639152527,3.44,72798.91
26.460285425186157,3.43,72368.2
26.472387313842773,3.45,73516.04
26.484630584716797,3.44,72443.96
26.496827602386475,3.44,72875.28
26.508942127227783,3.44,72786.18
26.517605543136597,3.44,72469.23
26.53004002571106,3.45,73722.73
26.54247760772705,3.44,72786.18
26.554787635803223,3.44,73015.58
26.5670325756073,3.44,72926.25
26.579347610473633,3.44,72481.86
26.591633081436157,3.45,73245.99
26.603901386260986,3.44,72862.54
26.616380214691162,3.44,73015.58
26.62856960296631,3.44,72977.28
26.64083743095398,3.44,72722.64
26.652989625930786,3.45,73245.99
26.665186643600464,3.44,72862.54
26.674211740493774,3.45,73374.4
26.68658709526062,3.45,73143.46
26.698878526687622,3.44,72671.87
26.71105980873108,3.45,73580.54
26.72343397140503,3.45,73181.89
26.735841751098633,3.45,73425.86
26.74795889854431,3.45,73220.32
26.760096788406372,3.44,72798.91
26.772260665893555,3.45,73748.62
26.784505128860474,3.44,72849.82
26.796814441680908,3.45,73464.49
26.808847188949585,3.45,73387.28
26.820756196975708,3.44,72913.51
26.832826137542725,3.46,74008.24
26.842166900634766,3.44,72964.53
26.854334592819214,3.45,73593.46
26.866908311843872,3.45,73528.94
26.87978959083557,3.45,73220.32
26.891221523284912,3.46,74216.82
26.903747081756592,3.45,73271.64
26.9158136844635,3.45,73658.05
26.928308486938477,3.45,73709.79
26.9404137134552,3.45,73207.52
26.9526526927948,3.45,73645.12
26.964386463165283,3.45,73451.62
26.976478576660156,3.46,73943.21
26.988551139831543,3.45,73683.92
26.99758005142212,3.45,73156.27
27.009710788726807,3.46,73982.22
27.021976947784424,3.46,73839.34
27.034342050552368,3.46,74086.36
27.04696273803711,3.45,73774.53
27.05906891822815,3.45,73400.13
27.071314334869385,3.46,74099.4
27.083796977996826,3.45,73722.73
27.096206426620483,3.46,74373.82
27.10856819152832,3.46,74060.3
27.120559453964233,3.45,73632.21
27.132676124572754,3.47,74570.7
27.144644498825073,3.45,73490.26
27.156704902648926,3.46,74360.72
27.16588068008423,3.46,74269.11
27.178173542022705,3.46,73852.31
27.190351009368896,3.47,74887.21
27.202386617660522,3.45,73593.46
27.21507477760315,3.47,74491.85
27.22721838951111,3.46,74308.34
27.23940682411194,3.46,73839.34
27.25178098678589,3.47,74993.14
27.264106035232544,3.46,73995.22
27.276462078094482,3.46,74465.61
27.288210153579712,3.46,74400.02
27.300474882125854,3.46,73865.29
27.31248164176941,3.46,74465.61
27.32448959350586,3.46,74203.77
27.333614110946655,3.47,74887.21
27.34603524208069,3.46,74452.48
27.358297109603882,3.46,74073.34
27.370699882507324,3.47,74807.91
27.382586002349854,3.47,74557.56
27.395106554031372,3.47,74966.64
27.407426595687866,3.47,74702.35
27.420562267303467,3.46,74112.43
27.431763410568237,3.47,74887.21
27.44333052635193,3.47,74610.16
27.455416917800903,3.47,75099.25
27.467555046081543,3.47,74676.0
27.47982120513916,3.46,74308.34
27.49199628829956,3.47,75179.0
27.500617027282715,3.46,74034.26
27.51338768005371,3.47,75139.12
27.525620698928833,3.47,75032.91
27.537680864334106,3.47,74504.99
27.55005383491516,3.48,75205.6
27.56274676322937,3.46,74426.25
27.575217485427856,3.47,75192.28
27.587825059890747,3.47,74953.39
27.600104808807373,3.47,74557.56
27.611993074417114,3.47,75099.25
27.624059915542603,3.46,74465.61
27.636134147644043,3.47,75192.28
27.648284912109375,3.47,75085.98
27.657291889190674,3.47,74662.82
27.66979956626892,3.48,75205.6
27.681763887405396,3.47,74900.44
27.69417905807495,3.48,75646.46
27.706315517425537,3.48,75245.53
27.718830585479736,3.47,74847.55
27.73075032234192,3.48,75312.14
27.743255376815796,3.47,74993.14
27.755380153656006,3.48,75633.05
27.767537117004395,3.48,75365.5
27.77994203567505,3.47,74821.11
27.79189395904541,3.48,75485.73
27.804012537002563,3.47,75125.82
27.81584596633911,3.48,75794.21
27.825202226638794,3.48,75418.9
27.83764338493347,3.47,75006.39
27.84980845451355,3.48,75834.57
27.86183500289917,3.47,74583.85
27.874300718307495,3.48,75727.0
27.886746883392334,3.48,75499.1
27.89895462989807,3.47,75112.54
27.911092281341553,3.49,76050.35
27.92341899871826,3.47,75099.25
27.935494899749756,3.48,75861.5
27.947489500045776,3.48,75659.88
27.95939350128174,3.47,75165.71
27.971368074417114,3.48,75713.56
27.980482816696167,3.47,75179.0
27.99281883239746,3.49,76402.84
28.005255937576294,3.48,75861.5
28.017712593078613,3.48,75499.1
28.030079126358032,3.49,75942.36
28.042221069335938,3.48,75378.83
28.054591417312622,3.49,76579.96
28.066840171813965,3.49,76009.84
28.079204320907593,3.48,75525.85
28.091311931610107,3.49,76131.5
28.103160858154297,3.48,75713.56
28.11545205116272,3.49,76566.29
28.127506732940674,3.49,76185.66
28.13936758041382,3.48,75700.14
28.14847230911255,3.49,76280.57
28.161194801330566,3.48,75485.73
28.173370361328125,3.5,76661.87
28.185631275177002,3.49,76430.06
28.19796657562256,3.48,75740.42
28.209961891174316,3.49,76470.89
28.222253799438477,3.48,75700.14
28.234742879867554,3.49,76607.25
28.24716353416443,3.49,76375.64
28.25919461250305,3.49,75996.32
28.27115559577942,3.5,76648.21
28.283292770385742,3.48,75713.56
28.295301914215088,3.5,76977.09
28.30446219444275,3.49,76620.9
28.316765546798706,3.49,76185.66
28.329127311706543,3.5,76757.62
28.341343641281128,3.49,76077.39
28.353496074676514,3.5,77321.77
28.365872859954834,3.5,76798.71
28.378237009048462,3.49,76321.31
28.39035177230835,3.5,76853.54
28.402425050735474,3.49,76253.45
28.414950609207153,3.51,77487.99
28.426791191101074,3.5,76963.35
28.438676595687866,3.49,76348.48
28.450499296188354,3.5,76935.88
28.462697505950928,3.49,76362.07
28.47129726409912,3.51,77501.87
28.483641862869263,3.5,77087.16
28.495893001556396,3.49,76566.29
28.508522987365723,3.5,77183.64
28.521169662475586,3.49,76552.67
28.533187866210938,3.51,77626.9
28.545613050460815,3.5,77211.25
28.55810523033142,3.5,76648.21
28.570783853530884,3.5,77321.77
28.582568407058716,3.49,76593.59
28.59477710723877,3.51,77696.47
28.60686945915222,3.5,77321.77
28.618991136550903,3.5,76785.0
28.628029346466064,3.51,77487.99
28.64014744758606,3.5,76716.57
28.652312517166138,3.52,78171.95
28.66478657722473,3.51,77585.17
28.67717480659485,3.5,77004.59
28.68918538093567,3.51,77557.4
28.701751232147217,3.5,76661.87
28.713919162750244,3.52,78171.95
28.726365566253662,3.51,77654.72
28.738545179367065,3.5,77363.3
28.750510215759277,3.51,77724.33
28.76247000694275,3.5,77252.67
28.774522304534912,3.52,78425.32
28.786603212356567,3.51,77849.85
28.79580020904541,3.51,77543.51
28.80815100669861,3.51,78045.69
28.82055950164795,3.51,77432.54
28.83283519744873,3.52,78566.59
28.844826698303223,3.51,78003.66
28.85733699798584,3.51,77474.12
28.869661569595337,3.51,78101.75
28.88166356086731,3.51,77515.75
28.894140005111694,3.52,78722.39
28.906096935272217,3.51,78101.75
28.918325662612915,3.51,77710.39
28.93031144142151,3.52,78510.04
28.942198753356934,3.51,77501.87
28.951690196990967,3.53,79063.85
28.963608264923096,3.52,78439.43
28.976197481155396,3.52,78171.95
28.988536834716797,3.52,78354.82
29.00073218345642,3.51,77780.07
29.013065576553345,3.53,79192.44
29.0251784324646,3.52,78510.04
29.037720441818237,3.52,78326.64
29.04988670349121,3.52,78580.73
29.06210231781006,3.52,78129.82
29.073747396469116,3.53,79292.65
29.085996389389038,3.52,78623.18
29.09761905670166,3.52,78242.22
29.106518268585205,3.52,78538.31
29.119046688079834,3.52,78270.35
29.131710290908813,3.53,79594.37
29.14382767677307,3.53,78964.04
29.156137943267822,3.53,79006.8
29.168699026107788,3.53,79393.04
29.180912494659424,3.53,79049.57
29.19338822364807,3.54,80333.92
29.205212116241455,3.54,79666.45
29.217686653137207,3.53,79221.05
29.22969913482666,3.54,79738.61
29.24182963371277,3.53,79278.32
29.25368642807007,3.55,80670.63
29.26570773124695,3.54,79912.19
29.275012731552124,3.54,79854.28
29.287445068359375,3.54,79999.2
29.299715518951416,3.53,79264.0
29.312092065811157,3.55,80670.63
29.324210166931152,3.54,79926.69
29.336523294448853,3.54,79781.96
29.349002361297607,3.54,79984.68
29.361170530319214,3.53,79522.39
29.373254537582397,3.55,80729.38
29.385445594787598,3.54,80071.79
29.39767622947693,3.54,79941.17
29.409528970718384,3.54,80086.31
29.42146325111389,3.53,79608.77
29.430890798568726,3.55,80935.53
29.44280982017517,3.54,80100.85
29.454318523406982,3.54,79912.19
29.46656608581543,3.54,80202.71
29.478811502456665,3.53,79508.0
29.49117350578308,3.55,80891.28
29.50342321395874,3.54,80071.79
29.51573634147644,3.54,79738.61
29.528440475463867,3.54,80188.14
29.540547609329224,3.54,79695.31
29.552902460098267,3.56,81186.85
29.565189599990845,3.54,80231.84
29.57745671272278,3.54,79912.19
29.589294910430908,3.54,80392.33
29.598734140396118,3.54,79897.71
29.610985279083252,3.56,81379.79
29.623005628585815,3.55,80494.7
29.635507822036743,3.55,80436.18
29.647793531417847,3.55,80538.63
29.660166025161743,3.54,79796.42
29.67243528366089,3.56,81275.82
29.684780836105347,3.55,80494.7
29.697014808654785,3.55,80641.26
29.70912528038025,3.55,80641.26
29.72113609313965,3.54,80246.4
29.733283042907715,3.56,81618.15
29.745190620422363,3.55,80773.5
29.75446128845215,3.55,80802.92
29.76679515838623,3.55,81127.62
29.779026746749878,3.55,80641.26
29.791059017181396,3.57,82037.69
29.803457498550415,3.55,80817.64
29.815805912017822,3.55,80906.04
29.82814598083496,3.56,81186.85
29.840210437774658,3.55,80685.3
29.852710485458374,3.57,81992.6
29.864985704421997,3.56,81320.36
29.877005338668823,3.55,81024.1
29.889028549194336,3.56,81364.93
29.901006937026978,3.55,80802.92
29.91305923461914,3.57,82354.38
29.92251753807068,3.56,81320.36
29.93452548980713,3.56,81231.32
29.946869611740112,3.56,81513.75
29.958922863006592,3.55,80950.28
29.971344709396362,3.57,82445.17
29.98367667198181,3.56,81588.32
29.996053218841553,3.56,81558.49
30.008175373077393,3.56,81648.02
30.020466327667236,3.56,81186.85
30.032742977142334,3.57,82475.46
30.04474401473999,3.56,81483.96
30.056692123413086,3.56,81707.81
30.06882643699646,3.56,81707.81
30.077881574630737,3.55,81157.24
30.090121507644653,3.57,82688.0
30.102357387542725,3.56,81722.75
30.1147940158844,3.56,81677.9
30.12690544128418,3.56,81902.52
30.139177083969116,3.56,81290.67
30.151384592056274,3.57,82748.87
30.163946390151978,3.56,81752.67
30.176202058792114,3.56,81543.56
30.188527822494507,3.56,81887.51
30.200510501861572,3.56,81231.32
30.21256160736084,3.58,82916.59
30.224419116973877,3.56,81842.53
30.236711263656616,3.56,81677.9
30.245850324630737,3.57,82097.88
30.258185863494873,3.56,81469.07
30.270331621170044,3.58,83054.16
30.282636404037476,3.57,82007.64
30.295082092285156,3.57,82007.64
30.30703043937683,3.57,82097.88
30.319326400756836,3.56,81513.75
30.331839323043823,3.58,83023.57
30.343975067138672,3.57,82052.75
30.356189966201782,3.57,82173.2
30.36839532852173,3.57,82354.38
30.380416870117188,3.56,81707.81
30.392539024353027,3.58,83146.07
30.404541969299316,3.57,82203.35
30.413496255874634,3.57,82354.38
30.426047801971436,3.57,82490.62
30.438499450683594,3.56,81887.51
30.450397491455078,3.58,83314.94
30.461908102035522,3.57,82399.75
30.47414994239807,3.57,82324.14
30.486379384994507,3.57,82430.03
30.498673677444458,3.57,81992.6
30.510993003845215,3.58,83330.31
30.523361444473267,3.57,82505.78
30.535864114761353,3.57,82475.46
30.548052549362183,3.57,82596.81
30.560237169265747,3.57,82173.2
30.56947350502014,3.59,83638.7
30.581706762313843,3.57,82733.64
30.5938618183136,3.58,82855.54
30.606146574020386,3.58,82794.56
30.618600606918335,3.57,82218.45
30.63085961341858,3.59,83902.1
30.6430344581604,3.58,82825.03
30.655390977859497,3.58,82916.59
30.66758704185486,3.58,82947.11
30.680020093917847,3.57,82233.53
30.691856145858765,3.59,83964.25
30.704065799713135,3.58,82992.99
30.716127634048462,3.58,83054.16
30.727745294570923,3.58,83146.07
30.7374906539917,3.57,82520.94
30.74952220916748,3.59,84291.64
30.76184868812561,3.58,83038.86
30.773938417434692,3.58,83345.7
30.786570072174072,3.58,83299.57
30.79853343963623,3.57,82718.43
30.810941219329834,3.59,84197.9
30.82316827774048,3.58,83299.57
30.83570098876953,3.58,83453.47
30.84767484664917,3.58,83484.31
30.859789848327637,3.58,82962.41
30.87186598777771,3.59,84432.5
30.88393521308899,3.58,83561.45
30.893008708953857,3.58,83561.45
30.90528178215027,3.59,83824.5
30.917737245559692,3.58,83253.47
30.929783582687378,3.6,84872.93
30.94202208518982,3.59,83809.0
30.954484939575195,3.59,83871.04
30.96673846244812,3.59,84073.18
30.978674173355103,3.58,83438.06
30.991150379180908,3.6,84999.37
31.003504514694214,3.59,83840.0
31.01549530029297,3.59,84135.52
31.027567148208618,3.59,84197.9
31.039384126663208,3.58,83499.72
31.048680543899536,3.6,85237.2
31.06080675125122,3.59,84057.6
31.073160648345947,3.59,84369.85
31.085581302642822,3.59,84338.54
31.097867727279663,3.59,83731.51
31.11001968383789,3.61,85396.27
31.12237310409546,3.59,84307.26
31.13468337059021,3.59,84416.83
31.146946668624878,3.59,84416.83
31.158909559249878,3.59,83902.1
31.17116355895996,3.6,85110.24
31.18330144882202,3.59,84385.52
31.19535183906555,3.6,84479.53
31.20726180076599,3.6,84636.57
31.21665596961975,3.59,84135.52
31.228976249694824,3.61,85539.81
31.24039649963379,3.6,84731.01
31.252546072006226,3.6,84857.16
31.26464080810547,3.6,84794.04
31.277507543563843,3.59,84276.01
31.289543390274048,3.61,85908.21
31.302186012268066,3.6,84857.16
31.314738512039185,3.6,85110.24
31.32685399055481,3.6,85015.21
31.338756561279297,3.59,84432.5
31.350990295410156,3.61,86036.88
31.362876415252686,3.6,84841.36
31.372217178344727,3.6,85015.21
31.384620428085327,3.61,85300.78
31.396886110305786,3.6,84636.57
31.408904314041138,3.62,86278.92
31.421103954315186,3.6,84999.37
31.433515787124634,3.61,85348.5
31.445915699005127,3.6,85221.31
31.457310676574707,3.6,84636.57
31.469446659088135,3.61,85539.81
31.481710195541382,3.6,85189.57
31.493952751159668,3.61,85475.96
31.506109476089478,3.61,85428.14
31.518248319625854,3.6,84731.01
31.53065776824951,3.61,85924.27
31.53939938545227,3.61,85348.5
31.55191969871521,3.61,85843.97
31.56449031829834,3.61,85715.72
31.576918125152588,3.6,84920.32
31.589368104934692,3.62,86230.43
31.601438760757446,3.61,85747.77
31.61356258392334,3.61,86004.71
31.62575340270996,3.61,85924.27
31.6381516456604,3.6,85221.31
31.65013885498047,3.62,86651.92
31.662145853042603,3.6,84999.37
31.674177408218384,3.61,86101.33
31.6862051486969,3.61,85892.16
31.695310831069946,3.61,85284.87
31.7075834274292,3.63,87010.9
31.719449758529663,3.61,85491.92
31.731621026992798,3.62,86214.27
31.74396824836731,3.61,86036.88
31.756163835525513,3.61,85491.92
31.76857590675354,3.61,86069.1
31.780901432037354,3.61,85715.72
31.79332947731018,3.62,86246.58
31.805713653564453,3.61,86101.33
31.818133115768433,3.61,85635.71
31.83012342453003,3.62,86376.0
31.84218740463257,3.61,85956.42
31.851281881332397,3.62,86717.05
31.8635470867157,3.62,86408.39
31.87578845024109,3.61,85667.71
31.88810443878174,3.62,86619.4
31.900270223617554,3.62,86230.43
31.912745714187622,3.62,86733.32
31.92505693435669,3.62,86327.42
31.937507152557373,3.61,85651.69
31.949464082717896,3.63,87027.28
31.961947202682495,3.61,85475.96
31.973788738250732,3.62,86961.83
31.986050128936768,3.62,86651.92
31.99812340736389,3.61,85924.27
32.01015377044678,3.63,87060.03
32.0193989276886,3.61,85779.82
32.03154516220093,3.63,87027.28
32.04382801055908,3.62,86603.14
32.056296825408936,3.61,86069.1
32.068525314331055,3.62,86749.63
32.080721616744995,3.61,86020.78
32.09277105331421,3.63,87027.28
32.10495972633362,3.62,86749.63
32.117335081100464,3.62,86198.14
32.12951707839966,3.62,86814.83
32.141716718673706,3.62,86262.75
32.15382146835327,3.63,87520.44
32.16556119918823,3.62,86863.81
32.174901485443115,3.62,86198.14
32.18721914291382,3.63,87125.58
32.199461221694946,3.62,86831.17
32.211782693862915,3.63,87536.94
32.22394633293152,3.62,86929.14
32.236119747161865,3.62,86230.43
32.24927473068237,3.63,87207.64
32.26075792312622,3.61,85892.16
32.2729766368866,3.63,87569.96
32.28525352478027,3.62,86880.13
32.297534465789795,3.62,86359.8
32.309470653533936,3.63,87372.07
32.32170009613037,3.61,85956.42
32.33358383178711,3.63,87569.96
32.34275531768799,3.63,87273.35
32.35520958900452,3.62,86749.63
32.367547273635864,3.63,87322.7
32.37948966026306,3.62,86457.03
32.39192581176758,3.63,87818.28
32.40444540977478,3.63,87339.14
32.4166316986084,3.62,86521.91
32.429034948349,3.63,87372.07
32.4409544467926,3.62,86814.83
32.453285932540894,3.64,88301.23
32.464988231658936,3.63,87636.09
32.47675395011902,3.62,86896.45
32.48886013031006,3.63,87751.96
32.49743890762329,3.63,87043.65
32.50985312461853,3.64,88519.0
32.52205991744995,3.64,87884.66
32.534568309783936,3.63,87174.82
32.54708409309387,3.64,87951.12
32.559348344802856,3.62,86880.13
32.571845054626465,3.64,88670.21
32.58453845977783,3.63,87818.28
32.59683346748352,3.63,87191.22
32.60893154144287,3.64,88150.93
32.620975494384766,3.63,87109.2
32.633081912994385,3.64,88720.7
32.645118951797485,3.64,88150.93
32.65426182746887,3.63,87503.92
32.666491746902466,3.64,88317.96
32.67879867553711,3.63,87306.24
32.69083762168884,3.65,88906.18
32.70326566696167,3.64,88334.69
32.71570134162903,3.63,87702.28
32.72785496711731,3.64,88485.44
32.74039959907532,3.63,87256.92
32.752381801605225,3.65,89160.01
32.7647979259491,3.64,88418.39
32.7767493724823,3.63,87851.46
32.788907289505005,3.64,88670.21
32.800880908966064,3.63,87553.46
32.812880754470825,3.65,89448.97
32.82195472717285,3.64,88586.14
32.83434534072876,3.64,88184.3
32.84673237800598,3.65,89041.42
32.85882568359375,3.64,88067.6
32.87099504470825,3.65,89602.51
32.88341808319092,3.65,88973.76
32.8958740234375,3.64,88184.3
32.90791440010071,3.65,89041.42
32.92070436477661,3.64,87984.38
32.93242859840393,3.66,89739.33
32.94451880455017,3.65,88906.18
32.956730127334595,3.64,88234.39
32.968706130981445,3.65,89092.21
32.977662563323975,3.64,88084.27
32.990193605422974,3.66,89876.42
33.00221920013428,3.65,89363.85
33.01460075378418,3.64,88451.91
33.026750326156616,3.65,89329.82
33.03921580314636,3.64,88134.27
33.05125594139099,3.66,90134.34
33.0636830329895,3.65,89466.03
33.075907707214355,3.64,88586.14
33.08843660354614,3.65,89431.95
33.100714445114136,3.64,88184.3
33.112377882003784,3.66,90220.55
33.12425184249878,3.65,89261.85
33.136462450027466,3.65,89041.42
33.14572072029114,3.65,89619.61
33.15777826309204,3.64,88502.21
33.17039155960083,3.66,90531.9
33.18240022659302,3.66,89739.33
33.19477963447571,3.65,89041.42
33.20718502998352,3.67,90914.57
33.21938467025757,3.66,90255.07
33.23177170753479,3.68,91934.92
33.243640422821045,3.67,91036.83
33.255879640579224,3.66,90549.23
33.268165588378906,3.67,91246.98
33.280409812927246,3.66,90549.23
33.292049169540405,3.68,92255.02
33.30424499511719,3.67,91475.46
33.31351900100708,3.67,90740.34
33.32581281661987,3.68,91669.45
33.338290214538574,3.67,90740.34
33.35062503814697,3.69,92487.22
33.36270475387573,3.68,91598.84
33.374826431274414,3.67,91001.88
33.387356996536255,3.68,91899.46
33.39968538284302,3.67,90809.99
33.4117956161499,3.69,93062.46
33.424079179763794,3.68,91934.92
33.43599271774292,3.68,91563.56
33.44819164276123,3.68,92077.0
33.45981287956238,3.67,90949.49
33.468204736709595,3.69,93116.67
33.48046922683716,3.68,92290.69
33.49279522895813,3.68,92094.77
33.50505328178406,3.69,92576.76
33.517362117767334,3.68,91793.21
33.52988910675049,3.69,93333.92
33.5421781539917,3.69,92487.22
33.55455160140991,3.68,91952.68
33.56697869300842,3.68,92433.55
33.579389572143555,3.68,91934.92
33.59164381027222,3.7,93697.72
33.60388708114624,3.69,92810.14
33.61585736274719,3.68,92201.57
33.62796068191528,3.69,92810.14
33.63716411590576,3.68,92130.35
33.649498462677,3.7,93990.25
33.66169285774231,3.69,93080.53
33.674038887023926,3.68,92415.68
33.686434507369995,3.69,93297.67
33.69868183135986,3.69,92487.22
33.71078133583069,3.7,94265.72
33.72292971611023,3.69,93333.92
33.73543119430542,3.69,92792.17
33.74764156341553,3.7,93679.46
33.7596492767334,3.69,92505.11
33.771846532821655,3.71,94838.84
33.783681869506836,3.7,93770.71
33.792561292648315,3.7,93442.85
33.8050000667572,3.7,94008.57
33.817474603652954,3.69,92954.21
33.82968592643738,3.71,94987.6
33.8417603969574,3.7,94173.77
33.85411334037781,3.7,93661.25
33.866491079330444,3.7,94210.53
33.878779888153076,3.7,93715.95
33.891289949417114,3.71,95267.42
33.90324378013611,3.7,94118.66
33.91531181335449,3.7,93715.95
33.927470445632935,3.71,94523.92
33.939451932907104,3.7,93752.46
33.95149540901184,3.72,95548.49
33.96067833900452,3.71,94468.5
33.9727258682251,3.7,94210.53
33.98537755012512,3.71,94764.62
33.99771451950073,3.7,93971.92
34.009761095047,3.72,95755.38
34.02229857444763,3.71,94838.84
34.03440284729004,3.7,94210.53
34.046783685684204,3.71,95099.37
34.05880689620972,3.7,94247.33
34.0712993144989,3.72,96399.07
34.08308982849121,3.71,95174.01
34.09519910812378,3.71,95155.35
34.10711145401001,3.72,95435.91
34.1163535118103,3.7,94357.82
34.1286346912384,3.73,96895.68
34.14108991622925,3.72,95642.44
34.15313267707825,3.72,95529.69
34.16540169715881,3.72,95906.25
34.17778134346008,3.71,95080.74
34.19007754325867,3.73,97087.72
34.202468156814575,3.72,95981.84
34.21439576148987,3.72,95906.25
34.22680878639221,3.72,96285.03
34.2385733127594,3.72,95698.87
34.25098443031311,3.74,97803.16
34.26282000541687,3.73,96723.37
34.27471375465393,3.73,96513.35
34.284406661987305,3.74,97939.4
34.29657459259033,3.73,96895.68
34.30867528915405,3.75,98762.84
34.32128190994263,3.74,97686.6
34.33319306373596,3.73,97338.19
34.34539771080017,3.74,98036.89
34.357717514038086,3.73,97318.89
34.369956731796265,3.76,99636.67
34.38220930099487,3.74,98467.55
34.39452314376831,3.75,98506.85
34.40665793418884,3.75,98683.96
34.4187126159668,3.74,97978.39
34.431243658065796,3.76,100198.8
34.44012117385864,3.75,99178.45
34.4521164894104,3.75,99317.57
34.4645676612854,3.76,99536.78
34.47654747962952,3.75,98683.96
34.48809194564819,3.77,100948.96
34.50030708312988,3.76,99596.69
34.51254844665527,3.76,99676.66
34.52492022514343,3.76,100118.19
34.53718447685242,3.75,99257.92
34.54974603652954,3.77,101481.18
34.56203889846802,3.76,100299.67
34.57412052154541,3.76,100138.34
34.58662986755371,3.76,100582.96
34.598804235458374,3.76,99776.75
34.61099147796631,3.78,102142.05
34.62043905258179,3.77,100867.45
34.63240194320679,3.77,100887.83
34.64484763145447,3.77,101522.3
34.657063007354736,3.76,100542.41
34.669424533843994,3.79,103208.85
34.681418895721436,3.78,101934.85
34.69393229484558,3.77,101604.61
34.70629024505615,3.78,102370.74
34.7185332775116,3.77,101687.03
34.73082780838013,3.79,103844.29
34.74294304847717,3.79,102998.36
34.75527906417847,3.78,102600.21
34.76737642288208,3.79,103377.74
34.779369831085205,3.79,102809.46
34.79135537147522,3.81,105219.91
34.803611040115356,3.8,104485.68
34.81553769111633,3.79,103823.03
34.8250470161438,3.81,105133.11
34.83739995956421,3.8,104851.81
34.849604845047,3.82,107358.36
34.861613512039185,3.82,106934.27
34.87413311004639,3.82,106380.2
34.886425733566284,3.84,108714.55
34.89872336387634,3.93,121557.68
34.91106653213501,4.07,144789.76
34.92321491241455,4.06,142835.87
34.93553328514099,4.05,140684.23
34.947773694992065,4.06,142695.43
34.959694623947144,4.05,140547.23
34.97187519073486,4.07,144502.85
34.98411846160889,4.06,142380.31
34.996103048324585,4.05,140342.12
35.007911682128906,4.06,142275.56
35.01760768890381,4.05,140752.79
35.02991485595703,4.07,144109.9
35.04191994667053,4.06,142625.35
35.05438566207886,4.05,140069.39
35.06668424606323,4.06,142310.46
35.078980445861816,4.05,141303.48
35.09149241447449,4.07,143647.71
35.10348200798035,4.05,141580.06
35.115845680236816,4.04,139594.17
35.128079652786255,4.06,142765.68
35.14035129547119,4.06,141684.06
35.15225052833557,4.06,143329.14
35.16440939903259,4.06,141892.32
35.17639112472534,4.05,139865.34
35.18868160247803,4.07,143612.28
35.20033359527588,4.06,141649.42
35.20990443229675,4.06,143329.14
35.222278118133545,4.06,142205.71
35.23431372642517,4.05,140376.26
35.24688243865967,4.07,143931.87
35.25825357437134,4.06,142031.5
35.27099323272705,4.06,143223.18
35.283318519592285,4.06,142310.46
35.296008586883545,4.05,140376.26
35.30855393409729,4.07,144538.64
35.320717096328735,4.06,141892.32
35.33272933959961,4.06,143399.89
35.34479546546936,4.06,142871.0
35.356852293014526,4.05,140581.43
35.369004011154175,4.08,145583.54
35.38086700439453,4.06,142136.03
35.39036750793457,4.06,143187.92
35.40245294570923,4.06,143329.14
35.414827823638916,4.05,140855.81
35.426955461502075,4.08,146238.28
35.43941855430603,4.06,142695.43
35.451526165008545,4.06,143329.14
35.46387004852295,4.06,142765.68
35.47562551498413,4.05,140958.85
35.48747134208679,4.08,146457.56
35.49969816207886,4.06,142590.32
35.51194739341736,4.06,143399.89
35.5242280960083,4.06,143258.56
35.536370277404785,4.05,141476.28
35.549012899398804,4.08,146861.0
35.56099081039429,4.06,142941.39
35.57336497306824,4.07,143896.32
35.58210492134094,4.07,143896.32
35.59442162513733,4.06,142066.28
35.60690665245056,4.09,147859.07
35.61916518211365,4.07,144538.64
35.63142395019531,4.07,144789.76
35.6439790725708,4.07,145366.29
35.6563401222229,4.06,143329.14
35.66877317428589,4.1,149433.82
35.68107056617737,4.08,146092.35
35.69321632385254,4.08,146530.75
35.70566773414612,4.08,147155.59
35.71770977973938,4.08,145438.68
35.729743003845215,4.1,150652.17
35.741673707962036,4.08,147155.59
35.75386619567871,4.09,147636.35
35.765928745269775,4.09,147673.42
35.77529168128967,4.08,145619.76
35.78763175010681,4.1,151190.31
35.799800395965576,4.09,148119.68
35.812100887298584,4.09,147562.17
35.82438611984253,4.09,148455.81
35.836602210998535,4.08,146055.93
35.848997592926025,4.11,151537.95
35.86125111579895,4.09,148530.64
35.87350654602051,4.09,148605.51
35.88585567474365,4.09,148943.46
35.89816451072693,4.08,145873.87
35.910120248794556,4.11,152706.31
35.92202091217041,4.09,149131.73
35.93426537513733,4.09,148793.1
35.94639801979065,4.1,149699.0
35.958293437957764,4.08,146384.34
35.96778059005737,4.11,153059.59
35.98006749153137,4.1,150117.15
35.992247104644775,4.09,148680.56
36.00458836555481,4.1,150652.17
36.016897439956665,4.08,146897.75
36.02916359901428,4.12,153493.39
36.04158306121826,4.1,150231.57
36.053513050079346,4.1,149358.25
36.06608176231384,4.1,150537.23
36.07830190658569,4.08,146934.6
36.09062051773071,4.12,153453.89
36.102516412734985,4.1,150959.34
36.114710092544556,4.09,149207.2
36.12671995162964,4.11,151537.95
36.138967752456665,4.08,147266.34
36.15090870857239,4.12,154247.34
36.15999102592468,4.11,151925.73
36.172283411026,4.1,149774.85
36.18474316596985,4.11,152198.21
36.19725155830383,4.09,149094.06
36.20929741859436,4.12,154446.76
36.2218120098114,4.11,151809.29
36.23371744155884,4.1,149774.85
36.2462100982666,4.11,152120.23
36.25873947143555,4.1,149471.62
36.27096915245056,4.12,154646.6
36.28284311294556,4.11,152588.78
36.295007944107056,4.1,150117.15
36.30716824531555,4.11,152706.31
36.31926369667053,4.1,150844.01
36.33113360404968,4.12,154886.95
36.34330224990845,4.11,152823.87
36.35264039039612,4.1,150498.96
36.364941120147705,4.12,153810.12
36.377305030822754,4.11,152237.18
36.389615297317505,4.12,155208.43
36.402174949645996,4.11,153414.31
36.41410303115845,4.1,151074.7
36.426249980926514,4.12,154366.98
36.43875598907471,4.11,152667.04
36.452534914016724,4.13,156546.21
36.463217973709106,4.12,154207.51
36.47522473335266,4.11,151654.15
36.48674774169922,4.12,155289.04
36.49892520904541,4.12,153770.39
36.51104998588562,4.13,155935.81
36.52337336540222,4.12,154606.62
36.535550594329834,4.11,152198.21
36.54420328140259,4.13,156587.03
36.55680274963379,4.12,154766.75
36.56920862197876,4.13,156587.03
36.58161377906799,4.12,155289.04
36.594200134277344,4.11,152980.98
36.60676860809326,4.14,157861.75
36.61905813217163,4.12,155168.21
36.63133120536804,4.13,156914.37
36.64329934120178,4.13,156016.92
36.65589261054993,4.12,153770.39
36.668023347854614,4.14,159363.75
36.680118799209595,4.13,155611.82
36.69208264350891,4.13,157119.51
36.7043137550354,4.13,156546.21
36.71638631820679,4.12,154247.34
36.728347301483154,4.15,160718.84
36.73778247833252,4.13,156791.57
36.74975323677063,4.14,157903.14
36.761958599090576,4.13,157572.48
36.77425479888916,4.12,155087.73
36.786508560180664,4.15,161403.51
36.798827171325684,4.13,157160.59
36.810996294021606,4.14,157986.06
36.82329034805298,4.13,157572.48
36.83559823036194,4.12,155289.04
36.847562074661255,4.15,161963.43
36.85946702957153,4.13,157407.53
36.87162256240845,4.14,158276.59
36.88412117958069,4.14,158235.04
36.896326780319214,4.13,155895.26
36.908416509628296,4.16,162831.12
36.917505741119385,4.14,158193.51
36.92999601364136,4.14,158860.43
36.94243788719177,4.14,159069.81
36.95469284057617,4.13,157037.45
36.96698451042175,4.16,163093.03
36.979355335235596,4.14,158735.09
36.991833209991455,4.14,158986.04
37.00399827957153,4.14,159321.73
37.01624822616577,4.13,156627.96
37.02842831611633,4.16,163180.4
37.04085159301758,4.14,159153.75
37.05287766456604,4.14,159321.73
37.06501603126526,4.14,159532.12
37.077072858810425,4.13,157078.48
37.089210510253906,4.16,163530.95
37.10128831863403,4.14,159153.75
37.110225677490234,4.14,159574.23
37.12250208854675,4.15,160590.95
37.134955406188965,4.14,157820.4
37.147324323654175,4.16,163970.82
37.15966582298279,4.14,159954.26
37.171977519989014,4.14,159954.26
37.18390917778015,4.15,160378.25
37.196410179138184,4.13,157242.85
37.20887494087219,4.16,164147.34
37.221153259277344,4.15,160208.4
37.233025789260864,4.14,159700.78
37.24488282203674,4.15,160633.51
37.25720834732056,4.13,156914.37
37.26957941055298,4.16,164501.35
37.281599283218384,4.15,160761.46
37.29368495941162,4.14,159827.39
37.302727460861206,4.15,160846.89
37.3152277469635,4.14,157903.14
37.32740092277527,4.17,165213.07
37.33983826637268,4.15,161489.5
37.352142095565796,4.15,160081.31
37.364381551742554,4.15,161446.54
37.37654185295105,4.13,157448.7
37.389058113098145,4.17,164767.62
37.40146017074585,4.15,161618.46
37.41348361968994,4.15,160166.01
37.42587661743164,4.15,162006.6
37.437817096710205,4.13,157325.1
37.44999408721924,4.17,164945.6
37.462871074676514,4.15,161963.43
37.47377586364746,4.15,160208.4
37.485695600509644,4.16,162570.04
37.4944167137146,4.14,157861.75
37.50661492347717,4.17,165660.51
37.51894688606262,4.16,162657.06
37.531301736831665,4.15,160250.81
37.54356908798218,4.16,162787.59
37.55635213851929,4.15,160208.4
37.56857776641846,4.17,166109.98
37.581244468688965,4.16,163268.0
37.59339475631714,4.15,160378.25
37.60607862472534,4.16,163180.4
37.6180784702301,4.15,160250.81
37.62988615036011,4.17,166380.75
37.641948223114014,4.16,163794.62
37.65406131744385,4.15,160846.89
37.66629433631897,4.16,164014.9
37.67554044723511,4.15,160335.78
37.68796420097351,4.17,166969.76
37.700294971466064,4.17,164856.51
37.71263027191162,4.15,161920.28
37.72486639022827,4.17,164945.6
37.737064838409424,4.15,160804.1
37.749510288238525,4.18,167333.85
37.761801958084106,4.17,165123.87
37.77389216423035,4.15,162093.14
37.78627872467041,4.17,166155.15
37.79854655265808,4.15,161403.51
37.81034064292908,4.18,167699.42
37.82263469696045,4.17,165705.35
37.834752798080444,4.16,163093.03
37.846837520599365,4.18,167197.21
37.85894203186035,4.17,165705.35
37.86830186843872,4.18,168066.31
37.88041853904724,4.18,167106.1
37.89294981956482,4.16,164590.0
37.905054807662964,4.18,168896.65
37.917370319366455,4.16,162787.59
37.92967128753662,4.18,168619.03
37.942060232162476,4.17,166878.85
37.9539430141449,4.16,163882.73
37.96654796600342,4.19,169874.04
37.97870683670044,4.16,163355.53
37.99095559120178,4.18,168296.25
38.00281572341919,4.18,167607.95
38.01507520675659,4.16,164501.35
38.02711510658264,4.19,171097.43
38.03926706314087,4.18,167015.18
38.05129432678223,4.18,168526.75
38.06050181388855,4.18,167790.95
38.07304000854492,4.17,165795.2
38.0852210521698,4.2,172767.7
38.09747648239136,4.18,167745.17
38.1099591255188,4.18,168804.0
38.12234449386597,4.18,168619.03
38.13439440727234,4.17,165570.92
38.14666533470154,4.2,173153.37
38.15914535522461,4.18,167745.17
38.17102074623108,4.18,168711.53
38.18316602706909,4.19,169453.96
38.1955406665802,4.17,166109.98
38.20760464668274,4.2,173540.48
38.21980142593384,4.18,168757.75
38.23183870315552,4.18,169314.4
38.24353814125061,4.18,169174.92
38.25320267677307,4.17,166652.12
38.265392541885376,4.21,174710.48
38.27748894691467,4.18,169082.01
38.2901337146759,4.19,169640.46
38.30262279510498,4.19,169733.78
38.31458592414856,4.17,166788.15
38.32683086395264,4.2,174318.96
38.3392379283905,4.18,169267.81
38.35158562660217,4.19,170014.48
38.363595724105835,4.19,169733.78
38.37590503692627,4.18,167151.59
38.38798189163208,4.21,174661.48
38.40017867088318,4.18,169128.53
38.41225051879883,4.19,170295.85
38.42434239387512,4.19,170295.85
38.43626594543457,4.18,167562.15
38.44564199447632,4.2,174416.76
38.45800161361694,4.19,170530.95
38.47034478187561,4.19,170295.85
38.48241686820984,4.19,170578.0
38.49380660057068,4.18,167653.68
38.506051778793335,4.2,174465.64
38.51833534240723,4.19,170672.29
38.53067636489868,4.19,170248.93
38.542887449264526,4.19,170672.29
38.555556774139404,4.18,168296.25
38.56797933578491,4.21,175054.17
38.58009338378906,4.19,170578.0
38.59270143508911,4.19,170155.01
38.604682207107544,4.19,171334.39
38.616708517074585,4.18,168572.89
38.62586832046509,4.21,175695.62
38.63821744918823,4.19,171762.31
38.65049958229065,4.19,170625.2
38.662731409072876,4.2,172192.01
38.67499923706055,4.18,168804.0
38.687278032302856,4.21,175844.25
38.69976615905762,4.19,171857.57
38.71179437637329,4.19,170436.89
38.723947525024414,4.2,172144.2
38.73640441894531,4.19,169640.46
38.748764991760254,4.21,175893.81
38.760658979415894,4.19,171762.31
38.77293157577515,4.19,170295.85
38.78499722480774,4.2,172096.31
38.79715442657471,4.19,169500.53
38.80928301811218,4.21,175745.1
38.81849932670593,4.19,171953.07
38.830663204193115,4.19,170202.03
38.84315490722656,4.2,172864.04
38.85512185096741,4.19,169687.12
38.86759805679321,4.21,176042.71
38.879780769348145,4.2,172719.62
38.89215898513794,4.19,169547.23
38.90440773963928,4.2,172623.53
38.91666913032532,4.18,169314.4
38.92888259887695,4.21,175943.37
38.94127297401428,4.2,172575.4
38.95334243774414,4.19,169874.04
38.96547746658325,4.2,173008.53
38.97731280326843,4.18,169174.92
38.98967790603638,4.21,176092.35
39.00174331665039,4.2,173201.64
39.01075458526611,4.19,170295.85
39.02324056625366,4.2,173685.93
39.03539752960205,4.19,171905.26
39.04773187637329,4.21,176241.54
39.060232400894165,4.2,173395.1
39.072532415390015,4.19,170436.89
39.084534645080566,4.2,174075.04
39.0969352722168,4.2,172575.4
39.109262228012085,4.21,176490.59
39.12154006958008,4.2,173880.31
39.1335825920105,4.19,170389.89
39.14580488204956,4.2,174514.54
39.157888412475586,4.2,173056.87
39.17011117935181,4.21,176042.71
39.18208909034729,4.2,174416.76
39.19387149810791,4.19,170436.89
39.203437089920044,4.21,175399.12
39.21568012237549,4.2,173831.71
39.227747678756714,4.21,176740.23
39.239335775375366,4.21,175201.89
39.252262592315674,4.19,171619.42
39.26431727409363,4.21,177090.68
39.27728009223938,4.21,174661.48
39.28951549530029,4.21,176590.32
39.30170726776123,4.21,175349.81
39.31376552581787,4.2,172527.42
39.326167345047,4.22,179269.9
39.338271141052246,4.21,175300.53
39.35042381286621,4.22,177392.15
39.362436056137085,4.21,176042.71
39.37445044517517,4.2,173056.87
39.38649582862854,4.23,180661.34
39.39583873748779,4.21,175300.53
39.408305644989014,4.22,177291.51
39.42058181762695,4.21,176790.21
39.43293762207031,4.2,173298.4
39.44483184814453,4.23,181546.92
39.45733857154846,4.21,176241.54
39.46955633163452,4.22,177442.43
39.481685400009155,4.21,177140.96
39.49322700500488,4.2,173880.31
39.50538778305054,4.23,181966.25
39.517637491226196,4.21,176390.82
39.52980279922485,4.22,177241.31
39.54210591316223,4.22,177241.31
39.55448031425476,4.2,174270.17
39.56685519218445,4.23,182387.18
39.578935384750366,4.21,176940.4
39.587581157684326,4.22,177694.35
39.600409507751465,4.22,178352.21
39.61199951171875,4.21,174808.51
39.62438344955444,4.24,182862.7
39.636823892593384,4.22,177997.42
39.64932823181152,4.22,177694.35
39.661673069000244,4.22,178402.96
39.67422413825989,4.21,175054.17
39.686665534973145,4.24,183499.92
39.69908809661865,4.22,177845.84
39.71084642410278,4.22,178453.73
39.72322463989258,4.22,178657.18
39.7354040145874,4.21,175251.12
39.74714374542236,4.24,183340.18
39.75930595397949,4.22,178861.03
39.77118420600891,4.22,178861.03
39.780627489089966,4.22,179116.35
39.79311656951904,4.21,176341.04
39.80554723739624,4.24,183659.87
39.81784629821777,4.22,179321.09
39.82983589172363,4.22,178963.04
39.842205286026,4.22,179372.29
39.85433220863342,4.21,176490.59
39.86696934700012,4.24,184301.79
39.879087924957275,4.22,179321.09
39.891650676727295,4.22,179065.28
39.903488874435425,4.22,179886.04
39.91560912132263,4.21,176790.21
39.92770457267761,4.24,185001.64
39.9399139881134,4.23,179937.53
39.952001094818115,4.22,179014.21
39.96114778518677,4.23,181233.57
39.97331237792969,4.22,177845.84
39.98566484451294,4.24,185434.57
39.99809813499451,4.23,181285.71
40.01049089431763,4.22,179321.09
40.022324323654175,4.23,181233.57
40.034876346588135,4.22,177795.23
40.0470712184906,4.24,185001.64
40.059473276138306,4.23,181129.25
40.071759939193726,4.22,179423.54
40.08402395248413,4.23,181599.21
40.09603834152222,4.22,178504.53
40.1082022190094,4.25,185597.42
40.12023591995239,4.23,181966.25
40.132102251052856,4.22,179526.21
40.14422011375427,4.23,182334.37
40.15359592437744,4.22,177191.12
40.16596245765686,4.25,186853.51
40.17805242538452,4.23,182651.09
40.19062614440918,4.22,179731.73
40.20254611968994,4.24,183446.68
40.21506071090698,4.22,178250.67
40.22752070426941,4.25,186688.81
40.23948884010315,4.24,183074.59
40.25200533866882,4.22,179731.73
40.26422691345215,4.24,183287.04
40.27657151222229,4.23,179937.53
40.28866744041443,4.25,186688.81
40.30069279670715,4.24,183553.17
40.31261110305786,4.22,179834.59
40.32482409477234,4.24,184087.35
40.336909532547,4.23,181494.67
40.346068382263184,4.25,187183.51
40.35848689079285,4.24,184678.12
40.37083554267883,4.23,181129.25
40.382893323898315,4.24,184785.81
40.395108461380005,4.24,182809.65
40.40758538246155,4.25,187569.76
40.419942140579224,4.24,184731.95
40.43195867538452,4.23,181233.57
40.444600105285645,4.25,186414.92
40.45674777030945,4.24,184248.18
40.469032526016235,4.25,187791.15
40.48129844665527,4.25,185706.0
40.49289584159851,4.23,182071.25
40.50454568862915,4.25,187514.53
40.5167191028595,4.24,184839.84
40.52895665168762,4.25,188235.25
40.53758978843689,4.25,185923.65
40.549859046936035,4.24,182968.6
40.56238150596619,4.26,189240.96
40.57443618774414,4.25,186250.89
40.58722543716431,4.26,188681.14
40.599642276763916,4.25,186634.0
40.611873626708984,4.24,183446.68
40.62449049949646,4.26,190709.81
40.63704299926758,4.25,186196.29
40.64936351776123,4.26,188792.82
40.66137957572937,4.25,187459.31
40.67353081703186,4.24,184141.03
40.685567140579224,4.27,191968.03
40.69762706756592,4.25,186798.48
40.70987510681152,4.26,189016.67
40.7216854095459,4.25,188346.5
40.731168270111084,4.24,185001.64
40.74320363998413,4.27,194233.67
40.75569033622742,4.25,188123.98
40.76812815666199,4.26,189409.39
40.780324935913086,4.26,188960.7
40.79241394996643,4.24,185326.12
40.804572105407715,4.28,195235.46
40.81720852851868,4.26,188625.2
40.829312801361084,4.26,190482.68
40.84196591377258,4.26,189634.46
40.85377240180969,4.25,185978.1
40.866013288497925,4.28,195948.09
40.877946615219116,4.26,189016.67
40.89014410972595,4.26,190652.98
40.90202355384827,4.26,190312.5
40.914201974868774,4.25,187128.46
40.923567056655884,4.28,196905.03
40.93590307235718,4.26,191051.65
40.94822311401367,4.26,191337.21
40.96061062812805,4.26,191280.07
40.972962617874146,4.25,187735.81
40.98502588272095,4.28,197386.6
40.997339963912964,4.26,190823.68
41.00971698760986,4.27,191566.23
41.02210593223572,4.27,191623.53
41.03404998779297,4.26,188625.2
41.04636859893799,4.28,197749.01
41.05848145484924,4.27,191566.23
41.070563077926636,4.27,192544.59
41.082627058029175,4.27,192660.35
41.094555377960205,4.26,189184.89
41.103951930999756,4.29,198234.12
41.116031885147095,4.27,193240.5
41.12827801704407,4.27,192950.06
41.140825510025024,4.27,193882.06
41.1531400680542,4.26,189803.62
41.16529059410095,4.29,198416.59
41.17762470245361,4.27,193415.17
41.1900053024292,4.27,192892.09
41.202301263809204,4.27,193589.98
41.214351177215576,4.26,190142.57
41.22669172286987,4.29,198599.23
41.23794746398926,4.27,193066.07
41.2505316734314,4.27,192371.4
41.26281762123108,4.27,194116.31
41.27512335777283,4.26,188904.62
41.287198305130005,4.29,199763.12
41.29627799987793,4.27,193940.68
41.30878829956055,4.27,193182.37
41.32097578048706,4.28,194763.01
41.333163261413574,4.26,188736.96
41.34534454345703,4.29,200256.73
41.357908725738525,4.28,194998.92
41.37008619308472,4.27,192544.59
41.3824508190155,4.28,194939.89
41.394758224487305,4.26,188904.62
41.406936168670654,4.29,199455.7
41.41926574707031,4.28,194821.93
41.43141460418701,4.27,192198.34
41.44353413581848,4.28,195294.65
41.4556405544281,4.26,188681.14
41.46766901016235,4.29,199824.82
41.47969651222229,4.28,194939.89
41.49150562286377,4.27,192255.95
41.50012540817261,4.28,195117.2
41.512343406677246,4.26,190709.81
41.52460837364197,4.29,200504.34
41.536938190460205,4.28,195591.29
41.549216508865356,4.27,191680.85
41.56159806251526,4.28,195650.65
41.574042320251465,4.27,191738.2
41.58649778366089,4.29,200133.21
41.59865713119507,4.28,195888.57
41.611486196517944,4.27,192255.95
41.623575925827026,4.28,196425.65
41.63595509529114,4.27,192660.35
41.648149490356445,4.29,200071.5
41.660181760787964,4.28,196545.26
41.672091007232666,4.27,193008.04
41.68427610397339,4.28,197145.57
41.69345474243164,4.27,194468.5
41.706032514572144,4.29,200628.26
41.71830892562866,4.28,197326.34
41.730491638183594,4.27,194116.31
41.742562770843506,4.29,197809.65
41.75485873222351,4.28,195650.65
41.76732110977173,4.29,199763.12
41.77945590019226,4.28,197025.31
41.79194760322571,4.27,193182.37
41.80399823188782,4.29,198294.87
41.81608724594116,4.28,195948.09
41.828314781188965,4.29,200071.5
41.840569496154785,4.28,197145.57
41.852662324905396,4.27,193648.29
41.86481547355652,4.29,200009.67
41.87673616409302,4.28,196306.0
41.88593769073486,4.29,199578.67
41.89813709259033,4.29,197991.31
41.9104437828064,4.27,194174.9
41.922717809677124,4.29,200814.53
41.93499755859375,4.28,196425.65
41.94725561141968,4.29,199394.34
41.95959663391113,4.28,197446.9
41.97188091278076,4.27,193473.4
41.983786821365356,4.3,201938.15
41.99587798118591,4.28,196425.65
42.007973432540894,4.29,198660.31
42.02025818824768,4.28,197567.75
42.03246259689331,4.27,193882.06
42.04456925392151,4.3,203199.29
42.0568642616272,4.28,196905.03
42.06563210487366,4.29,197991.31
42.078064918518066,4.29,198355.64
42.09045171737671,4.28,194880.9
42.10306906700134,4.31,204795.04
42.11550450325012,4.28,197205.75
42.12800741195679,4.29,198173.42
42.14017915725708,4.28,197446.9
42.15256190299988,4.27,193999.2
42.1645827293396,4.3,203643.98
42.176732778549194,4.28,197085.42
42.18939232826233,4.29,198173.42
42.20145106315613,4.29,198112.73
42.213382720947266,4.27,193765.2
42.225651025772095,4.3,203643.98
42.23747706413269,4.28,196545.26
42.24975562095642,4.28,196246.29
42.26156949996948,4.27,192718.21
42.27114963531494,4.25,187238.59
42.283555030822754,4.29,199026.75
42.29563546180725,4.27,192892.09
42.308104276657104,4.27,191566.23
42.32008075714111,4.27,192602.53
42.33237600326538,4.25,187680.48
42.344937801361084,4.28,197085.42
42.357264280319214,4.27,192255.95
42.36925911903381,4.25,188346.5
42.38165831565857,4.26,190880.6
42.39400911331177,4.26,188569.43
42.40596842765808,4.28,196605.12
42.41807961463928,4.26,191108.67
42.430190086364746,4.26,188904.62
42.44233846664429,4.27,192025.53
42.45423364639282,4.25,187846.54
42.46357440948486,4.28,196365.73
42.47609066963196,4.26,191451.6
42.488476276397705,4.25,188235.25
42.50025987625122,4.27,191623.53
42.51178526878357,4.25,187791.15
42.5239782333374,4.28,196246.29
42.536359786987305,4.26,191394.4
42.548643827438354,4.25,187404.14
42.56088995933533,4.27,191508.82
42.57360243797302,4.25,187348.84
42.58583450317383,4.28,196665.01
42.59812068939209,4.26,191337.21
42.61029052734375,4.25,187459.31
42.62265491485596,4.26,191451.6
42.63477373123169,4.25,186305.5
42.64674234390259,4.28,196845.01
42.65629577636719,4.27,191508.82
42.668537855148315,4.25,187957.51
42.68068337440491,4.26,191280.07
42.69305443763733,4.25,185978.1
42.705384969711304,4.28,196067.2
42.71770620346069,4.26,191280.07
42.72966933250427,4.25,187680.48
42.742148876190186,4.27,191623.53
42.75423574447632,4.24,185271.98
42.76649785041809,4.28,195472.51
42.778674364089966,4.26,191394.4
42.79064345359802,4.25,187569.76
42.80283737182617,4.27,191508.82
42.81524682044983,4.25,185760.34
42.82745027542114,4.28,195650.65
42.83928036689758,4.26,191280.07
42.84856581687927,4.25,188123.98
42.861053466796875,4.27,191795.71
42.873385429382324,4.25,187183.51
42.88571500778198,4.27,193882.06
42.89776015281677,4.27,191623.53
42.91013717651367,4.25,188402.29
42.9224910736084,4.27,191910.56
42.93473815917969,4.25,187680.48
42.946696043014526,4.27,192602.53
42.9592227935791,4.26,191280.07
42.97141456604004,4.25,188012.96
42.98358607292175,4.27,191566.23
42.995543241500854,4.25,187846.54
43.00775218009949,4.27,192660.35
43.01978421211243,4.26,191222.82
43.031851291656494,4.25,187514.53
43.04123020172119,4.27,191566.23
43.053560972213745,4.26,190199.12
43.065823793411255,4.27,193124.14
43.077988386154175,4.27,191680.85
43.09036326408386,4.25,188123.98
43.10271596908569,4.27,192429.1
43.114813566207886,4.26,190312.5
43.12692618370056,4.27,191795.71
43.139500856399536,4.27,191566.23
43.15177035331726,4.25,187791.15
43.16386651992798,4.27,193356.81
43.17611241340637,4.26,191051.65
43.18807053565979,4.27,191853.12
43.20022988319397,4.27,191566.23
43.21214509010315,4.26,188625.2
43.22424864768982,4.28,194703.95
43.23277807235718,4.26,190709.81
43.24572467803955,4.27,193415.17
43.258018255233765,4.27,192025.53
43.27049970626831,4.26,188736.96
43.28281927108765,4.28,197628.14
43.29538917541504,4.26,191051.65
43.30717349052429,4.27,192025.53
43.31970429420471,4.25,186032.57
43.33189010620117,4.25,185543.01
43.34428310394287,4.27,192429.1
43.35643911361694,4.25,186032.57
43.36854386329651,4.25,186469.62
43.38053607940674,4.25,187625.18
43.39284086227417,4.24,183926.9
43.40489101409912,4.27,191910.56
43.416635274887085,4.25,186196.29
43.426222801208496,4.25,186141.75
43.43851709365845,4.25,187293.7
43.45086121559143,4.24,185109.78
43.462883949279785,4.27,193648.29
43.47545075416565,4.25,186634.0
43.48739266395569,4.25,185597.42
43.49969506263733,4.25,186360.28
43.51121950149536,4.24,183074.59
43.52340316772461,4.26,190994.51
43.53567695617676,4.25,185814.7
43.54793906211853,4.24,184947.67
43.56013464927673,4.25,186414.92
43.57267642021179,4.24,183446.68
43.58497667312622,4.27,191623.53
43.597097873687744,4.25,186305.5
43.6058235168457,4.24,184409.25
43.618051528930664,4.25,186743.62
43.63078022003174,4.24,183766.54
43.64299440383911,4.26,191051.65
43.65511202812195,4.25,186196.29
43.66772508621216,4.24,183926.9
43.67997741699219,4.25,186469.62
43.69239115715027,4.24,183180.84
43.70474815368652,4.26,190199.12
43.716938734054565,4.25,186141.75
43.72930455207825,4.24,183233.93
43.741159200668335,4.25,186414.92
43.753172636032104,4.24,183127.76
43.76523017883301,4.26,190086.03
43.77737212181091,4.25,186250.89
43.78943181037903,4.24,183021.59
43.798582792282104,4.25,186853.51
43.81086349487305,4.24,183021.59
43.82317566871643,4.26,190709.81
43.835652589797974,4.25,186250.89
43.847867012023926,4.24,183340.18
43.85978317260742,4.25,186414.92
43.871654987335205,4.23,181861.2
43.88386082649231,4.26,189016.67
43.89616775512695,4.25,186414.92
43.9084849357605,4.24,182915.64
43.92086935043335,4.25,186688.81
43.93312382698059,4.23,181704.01
43.945348501205444,4.26,189465.71
43.95747184753418,4.25,186414.92
43.969908475875854,4.24,182915.64
43.98214888572693,4.25,186908.42
43.991042137145996,4.23,180973.14
44.003697633743286,4.26,190369.15
44.01602816581726,4.25,186908.42
44.028393030166626,4.24,183287.04
44.04045557975769,4.25,186688.81
44.052804946899414,4.23,180195.57
44.06503438949585,4.26,188960.7
44.077444314956665,4.25,186524.34
44.089507818222046,4.24,183127.76
44.101938009262085,4.26,188904.62
44.11406707763672,4.23,181599.21
44.12649345397949,4.26,188904.62
44.13854265213013,4.25,186414.92
44.15060877799988,4.24,183499.92
44.16262149810791,4.26,189521.93
44.17457127571106,4.23,182598.15
44.18680000305176,4.26,188736.96
44.19643950462341,4.25,186853.51
44.208515882492065,4.24,183766.54
44.220454931259155,4.27,192140.75
44.232815980911255,4.24,183446.68
44.24545121192932,4.25,188346.5
44.25765371322632,4.25,186743.62
44.27002716064453,4.24,183766.54
44.282145738601685,4.27,192602.53
44.2944438457489,4.24,184087.35
44.3069429397583,4.25,187902.09
44.31898045539856,4.25,187073.32
44.33096218109131,4.24,184033.84
44.34328627586365,4.27,193008.04
44.35525345802307,4.24,185488.78
44.367430448532104,4.25,188123.98
44.37902307510376,4.25,187348.84
44.388922452926636,4.24,184785.81
44.40074276924133,4.27,194527.43
44.413296699523926,4.25,187128.46
44.42567276954651,4.26,189747.26
44.437763690948486,4.25,187514.53
44.45002293586731,4.24,184462.93
44.46241497993469,4.27,194116.31
44.474743604660034,4.25,187128.46
44.48705792427063,4.26,188513.68
44.49911403656006,4.25,187902.09
44.51105237007141,4.24,184624.32
44.522658348083496,4.27,193473.4
44.534804344177246,4.25,187183.51
44.54711079597473,4.26,188681.14
44.55927848815918,4.25,188068.46
44.567813873291016,4.24,185488.78
44.580323219299316,4.27,194351.01
44.59276223182678,4.25,188068.46
44.60513663291931,4.26,188960.7
44.61748552322388,4.25,188290.84
44.6297812461853,4.24,185055.62
44.642563581466675,4.27,193823.6
44.65496349334717,4.25,187902.09
44.666996240615845,4.25,188402.29
44.67950630187988,4.26,188736.96
44.69172692298889,4.25,185597.42
44.704034090042114,4.27,193940.68
44.716084241867065,4.25,188235.25
44.72817826271057,4.25,188346.5
44.74009990692139,4.26,189072.67
44.75220322608948,4.25,185869.23
44.76135516166687,4.27,194409.75
44.773709297180176,4.26,188960.7
44.78602743148804,4.26,188848.7
44.79820704460144,4.26,190142.57
44.80987811088562,4.25,186360.28
44.82220697402954,4.28,194998.92
44.83459973335266,4.26,189016.67
44.8468816280365,4.25,187514.53
44.859779834747314,4.26,189634.46
44.87195658683777,4.25,186250.89
44.884297609329224,4.27,194057.73
44.89655327796936,4.26,188681.14
44.90841794013977,4.25,186963.35
44.92066550254822,4.26,189690.92
44.932610511779785,4.25,186360.28
44.94476771354675,4.27,194292.34
44.953925371170044,4.26,189353.2
44.96620297431946,4.25,187957.51
44.978517293930054,4.26,190482.68
44.99050331115723,4.25,186743.62
45.003032207489014,4.27,194351.01
45.015278339385986,4.26,189240.96
45.02776765823364,4.25,186305.5
45.03997540473938,4.26,190652.98
45.05205702781677,4.25,186688.81
45.06428623199463,4.27,194468.5
45.07672953605652,4.26,190029.53
45.088892459869385,4.25,186305.5
45.10106444358826,4.26,190029.53
45.11302375793457,4.25,185543.01
45.12503170967102,4.27,194468.5
45.13711643218994,4.26,190312.5
45.14660382270813,4.25,186414.92
45.15871810913086,4.26,191280.07
45.171141147613525,4.24,185488.78
45.18304085731506,4.27,193589.98
45.19554162025452,4.26,190425.82
45.207947969436646,4.25,186743.62
45.2203164100647,4.26,191108.67
45.23216509819031,4.25,185814.7
45.24469494819641,4.27,194174.9
45.257121562957764,4.26,190994.51
45.26928997039795,4.25,186634.0
45.281155824661255,4.27,192255.95
45.29325342178345,4.24,184731.95
45.305461406707764,4.27,193765.2
45.31759023666382,4.26,191108.67
45.32937550544739,4.25,188068.46
45.338958978652954,4.27,193182.37
45.35099792480469,4.24,185326.12
45.36365628242493,4.27,193823.6
45.375946044921875,4.26,191222.82
45.38813018798828,4.25,187735.81
45.4005012512207,4.28,194939.89
45.4127140045166,4.25,186196.29
45.42505359649658,4.27,193415.17
45.43741846084595,4.27,191508.82
45.449514627456665,4.25,188235.25
45.461505651474,4.28,196007.64
45.473771810531616,4.25,187957.51
45.48583745956421,4.27,194057.73
45.49789571762085,4.27,192255.95
45.50974798202515,4.25,187957.51
45.52164816856384,4.28,197266.1
45.530354261398315,4.26,188736.96
45.54258608818054,4.27,193706.79
45.55494999885559,4.27,192313.57
45.56727886199951,4.26,189072.67
45.57982277870178,4.29,199149.1
45.59217166900635,4.26,190312.5
45.60465049743652,4.27,193823.6
45.61700940132141,4.27,192660.35
45.629145860672,4.26,188792.82
45.641804933547974,4.29,198782.28
45.654229402542114,4.27,191566.23
45.66602659225464,4.27,194057.73
45.67845559120178,4.27,192602.53
45.690401792526245,4.26,189690.92
45.70251750946045,4.29,199701.6
45.71453928947449,4.27,192025.53
45.723917722702026,4.27,193648.29
45.735965967178345,4.27,193473.4
45.74825930595398,4.26,190029.53
45.760886907577515,4.29,200256.73
45.77302265167236,4.27,193473.4
45.785473346710205,4.27,193706.79
45.79744744300842,4.27,193648.29
45.81012201309204,4.26,190369.15
45.822091579437256,4.29,200256.73
45.834500551223755,4.27,193531.68
45.8468861579895,4.27,193706.79
45.85875082015991,4.27,193940.68
45.8706271648407,4.26,190255.87
45.882896900177,4.29,199824.82
45.894989252090454,4.27,192834.0
45.904184103012085,4.27,194116.31
45.916372537612915,4.28,194645.07
45.92885780334473,4.26,191051.65
45.94107723236084,4.29,200009.67
45.953253507614136,4.27,193298.64
45.96545171737671,4.27,194292.34
45.97794580459595,4.28,194998.92
45.99028015136719,4.26,191051.65
46.002320289611816,4.29,200504.34
46.01450324058533,4.28,194703.95
46.027119159698486,4.27,194527.43
46.03827667236328,4.28,195531.81
46.050352334976196,4.27,191738.2
46.062633991241455,4.3,201063.31
46.07513427734375,4.28,194939.89
46.08739519119263,4.27,194057.73
46.0962176322937,4.28,196126.82
46.10867142677307,4.27,192892.09
46.1216824054718,4.3,202567.04
46.1325957775116,4.28,195531.81
46.14522647857666,4.27,194527.43
46.15769696235657,4.28,196725.07
46.170196533203125,4.27,192834.0
46.18252372741699,4.3,201063.31
46.194965839385986,4.28,196126.82
46.20729923248291,4.27,194233.67
46.21957850456238,4.28,196845.01
46.231316804885864,4.27,193240.5
46.24365520477295,4.3,201624.98
46.25573420524597,4.28,196605.12
46.267892599105835,4.27,193706.79
46.27998614311218,4.28,197688.56
46.289196491241455,4.27,193823.6
46.30117082595825,4.3,202882.75
46.31372022628784,4.28,197386.6
46.32603931427002,4.27,194057.73
46.3384108543396,4.29,197930.73
46.3506293296814,4.27,193589.98
46.362793922424316,4.3,202378.12
46.375157833099365,4.28,197628.14
46.38741159439087,4.27,193356.81
46.39964747428894,4.29,198416.59
46.41214466094971,4.27,192718.21
46.424137592315674,4.3,202315.06
46.43620944023132,4.28,197749.01
46.4480516910553,4.27,194057.73
46.46040916442871,4.29,198843.29
46.47254705429077,4.27,192313.57
46.48145127296448,4.3,201875.5
46.493701457977295,4.29,199087.9
46.50589060783386,4.28,195117.2
46.5182843208313,4.29,200194.96
46.529696226119995,4.27,192140.75
46.54196572303772,4.3,201812.85
46.554261445999146,4.29,198721.28
46.566603660583496,4.28,195176.32
46.57887649536133,4.3,201437.4
46.591557025909424,4.27,193008.04
46.60385274887085,4.3,202756.42
46.61583089828491,4.29,199640.12
46.62822651863098,4.28,195650.65
46.64075231552124,4.3,202819.57
46.65278172492981,4.27,193531.68
46.664798974990845,4.3,202378.12
46.674237966537476,4.29,200194.96
46.68657350540161,4.28,196725.07
46.698511838912964,4.31,205374.78
46.71098041534424,4.28,195531.81
46.723325967788696,4.3,203135.95
46.73556923866272,4.29,200628.26
46.7476966381073,4.28,197025.31
46.760169982910156,4.31,206607.96
46.7724974155426,4.28,196545.26
46.784788846969604,4.3,202882.75
46.79711699485779,4.3,201938.15
46.80894207954407,4.29,198234.12
46.82118511199951,4.31,207722.09
46.83326053619385,4.29,198294.87
46.845316886901855,4.3,202882.75
46.857240200042725,4.3,202126.54
46.866700887680054,4.29,198416.59
46.87891101837158,4.32,209847.89
46.89117169380188,4.29,201001.1
46.90358638763428,4.3,203326.25
46.91559600830078,4.3,203199.29
46.92785048484802,4.29,198843.29
46.94034242630005,4.32,210385.26
46.952677965164185,4.3,201750.07
46.96478509902954,4.3,204090.2
46.97741389274597,4.3,203072.62
46.989410638809204,4.29,199948.01
47.001500368118286,4.32,210183.43
47.01379203796387,4.3,202504.04
47.025490045547485,4.3,203898.84
47.037495136260986,4.3,203326.25
47.049561500549316,4.29,199886.4
47.058818340301514,4.32,210385.26
47.07108020782471,4.3,203072.62
47.08339476585388,4.3,204090.2
47.09557604789734,4.31,204987.87
47.10784840583801,4.29,200380.54
47.119871616363525,4.32,211399.14
47.13192939758301,4.3,203707.6
47.14403676986694,4.31,204602.37
47.156511068344116,4.31,204730.84
47.16882371902466,4.29,200938.93
47.18110656738281,4.32,211263.54
47.193329095840454,4.3,204218.12
47.20592975616455,4.31,204666.51
47.217894077301025,4.31,205181.17
47.2304368019104,4.3,201312.62
47.24238991737366,4.32,211399.14
47.25139355659485,4.31,204795.04
47.26415801048279,4.31,205181.17
47.276333808898926,4.31,206282.2
47.28853631019592,4.3,201687.51
47.300776958465576,4.33,211603.0
47.31320905685425,4.31,205116.75
47.32544183731079,4.3,204026.39
47.33748412132263,4.31,206022.23
47.349950313568115,4.3,201624.98
47.36230778694153,4.33,212627.06
47.37440586090088,4.31,205374.78
47.38659191131592,4.3,204410.01
47.3984010219574,4.31,205827.56
47.410725593566895,4.3,202882.75
47.422762870788574,4.33,212011.56
47.43475103378296,4.31,205892.35
47.44421935081482,4.3,203962.59
47.456507205963135,4.31,207131.06
47.46871852874756,4.3,203072.62
47.481107234954834,4.33,212011.56
47.49331521987915,4.31,206217.03
47.505752086639404,4.3,203898.84
47.51774716377258,4.31,207327.7
47.52977538108826,4.3,202504.04
47.54142880439758,4.33,211875.28
47.55363845825195,4.31,206282.2
47.56585645675659,4.3,202945.95
47.57814049720764,4.31,207000.0
47.590269327163696,4.3,202378.12
47.60289454460144,4.33,212216.45
47.61482548713684,4.31,206607.96
47.62378454208374,4.3,202189.34
47.636231422424316,4.32,208184.01
47.64845538139343,4.3,202693.32
47.66136693954468,4.33,213383.65
47.673569679260254,4.32,207919.85
47.68591642379761,4.3,203771.26
47.698054790496826,4.32,208846.81
47.710344314575195,4.3,201750.07
47.72274374961853,4.33,211738.98
47.734968185424805,4.31,207788.09
47.747589111328125,4.3,203898.84
47.75921583175659,4.32,208714.04
47.77112412452698,4.3,202441.06
47.78316879272461,4.33,211875.28
47.79537844657898,4.32,208250.09
47.807512521743774,4.3,203707.6
47.81658959388733,4.32,209446.5
47.829102993011475,4.3,201875.5
47.84127140045166,4.33,212832.98
47.85349225997925,4.32,208846.81
47.86588454246521,4.3,204282.06
47.87802863121033,4.32,211399.14
47.890355348587036,4.3,201562.46
47.90270018577576,4.33,212353.1
47.91544032096863,4.32,208913.26
47.92718553543091,4.31,204666.51
47.9394097328186,4.33,212764.35
47.95158815383911,4.3,202756.42
47.96359205245972,4.33,212148.17
47.975672006607056,4.32,209313.06
47.987675189971924,4.31,205310.09
47.99969124794006,4.33,214283.57
48.00876832008362,4.31,205181.17
48.020851850509644,4.33,212353.1
48.032949924468994,4.32,209513.28
48.04527497291565,4.31,206282.2
48.05751395225525,4.34,216598.28
48.06982755661011,4.31,205052.37
48.082091331481934,4.32,211331.31
48.09434270858765,4.32,210789.78
48.10664916038513,4.31,206347.26
48.118929624557495,4.34,217950.65
48.13112211227417,4.31,207722.09
48.14330458641052,4.33,211807.18
48.155532360076904,4.32,210452.56
48.167771100997925,4.31,206477.45
48.18000507354736,4.34,218596.39
48.19212222099304,4.32,209313.06
48.20080637931824,4.32,211399.14
48.21307587623596,4.32,211127.92
48.225356101989746,4.31,207131.06
48.237656116485596,4.35,219100.82
48.249939918518066,4.32,209647.1
48.262226819992065,4.33,211807.18
48.274487257003784,4.33,211535.06
48.28684067726135,4.31,207590.54
48.299047231674194,4.35,219607.48
48.311389684677124,4.32,210520.06
48.32362461090088,4.33,212011.56
48.335811138153076,4.33,212079.76
48.34802579879761,4.31,207524.82
48.36020255088806,4.35,219317.75
48.372398853302,4.32,210722.28
48.38098764419556,4.33,212148.17
48.393311738967896,4.33,212832.98
48.40558934211731,4.32,208979.92
48.41789221763611,4.35,220043.26
48.43016195297241,4.33,211535.06
48.44244050979614,4.33,212353.1
48.45473027229309,4.33,213314.56
48.46706748008728,4.32,208581.23
48.47963261604309,4.35,219534.84
48.49186301231384,4.33,212011.56
48.50416088104248,4.33,212079.76
48.516332149505615,4.33,213108.01
48.52842903137207,4.32,209379.76
48.540504693984985,4.35,219752.51
48.552692890167236,4.33,212901.64
48.564964294433594,4.33,212421.67
48.573564291000366,4.33,214144.75
48.585737228393555,4.32,209915.06
48.598164796829224,4.35,221654.26
48.61083149909973,4.33,212627.06
48.62323999404907,4.33,212558.56
48.63569712638855,4.33,214631.48
48.64822793006897,4.32,210183.43
48.660650968551636,4.35,221359.82
48.673056840896606,4.33,214144.75
48.68511343002319,4.33,212558.56
48.697232723236084,4.34,216033.15
48.70951271057129,4.33,212832.98
48.72167944908142,4.36,223211.15
48.7336323261261,4.34,217664.7
48.74554467201233,4.34,215190.26
48.75762486457825,4.35,219028.68
48.76691770553589,4.33,214006.09
48.77927589416504,4.36,225848.96
48.79145097732544,4.34,218668.29
48.80387568473816,4.34,215821.85
48.81610727310181,4.35,220188.79
48.828550815582275,4.33,214840.76
48.840494871139526,4.36,225925.09
48.85280799865723,4.34,218884.29
48.86513590812683,4.33,214840.76
48.87738370895386,4.35,219462.45
48.889488220214844,4.33,214006.09
48.90161752700806,4.36,225772.89
48.913766622543335,4.35,219390.07
48.92587208747864,4.34,215120.31
48.938193798065186,4.35,220626.75
48.95011377334595,4.33,214492.28
48.95948529243469,4.36,226306.54
48.971739292144775,4.35,221066.04
48.98404049873352,4.34,215892.18
48.99656295776367,4.35,222319.23
49.00878643989563,4.33,214144.75
49.021113872528076,4.36,225544.73
49.03317475318909,4.35,221949.4
49.04582118988037,4.34,216598.28
49.057780504226685,4.35,222245.04
49.07023239135742,4.33,214422.71
49.082244873046875,4.36,225468.84
49.09443020820618,4.35,222097.12
49.10658144950867,4.34,216739.87
49.118539333343506,4.36,224711.93
49.1304669380188,4.33,213659.75
49.14265203475952,4.36,226230.21
49.152034759521484,4.35,222690.14
49.164483070373535,4.34,218237.26
49.17666053771973,4.37,227072.87
49.18916463851929,4.34,215190.26
49.201151609420776,4.36,226536.04
49.21359896659851,4.36,223435.2
49.2258882522583,4.34,218165.4
49.23815631866455,4.37,227843.73
49.250155210494995,4.34,217664.7
49.262627840042114,4.36,226230.21
49.274871587753296,4.36,224034.46
49.28700494766235,4.35,219100.82
49.298856019973755,4.37,229869.67
49.311031341552734,4.35,219317.75
49.32318568229675,4.36,226612.57
49.33240842819214,4.36,224410.37
49.34475326538086,4.35,221066.04
49.35698413848877,4.38,233774.54
49.36932873725891,4.35,221212.75
49.381470918655396,4.36,226536.04
49.393935203552246,4.36,224636.34
49.40609622001648,4.35,220261.79
49.41842746734619,4.38,233855.42
49.430378437042236,4.35,222171.07
49.44288635253906,4.36,226765.76
49.45524477958679,4.36,224787.39
49.46716666221619,4.35,220772.95
49.47908878326416,4.38,234422.96
49.491265058517456,4.36,224334.95
49.503291845321655,4.36,225925.09
49.515355348587036,4.36,225772.89
49.52440166473389,4.35,220919.31
49.53672456741333,4.39,235483.67
49.54825472831726,4.36,225696.67
49.560559034347534,4.37,227072.87
49.57284450531006,4.36,226382.95
49.58519458770752,4.35,221654.26
49.597496032714844,4.39,235565.56
49.610251903533936,4.36,226001.25
49.62234711647034,4.36,226689.14
49.63485240936279,4.37,227149.71
49.647395610809326,4.35,222245.04
49.6596953868866,4.39,235811.75
49.67188119888306,4.36,226536.04
49.68374061584473,4.37,227457.73
49.69567036628723,4.37,227535.0
49.70806002616882,4.36,222838.73
49.71714496612549,4.39,235320.04
49.72972798347473,4.37,227303.73
49.74179673194885,4.37,228774.93
49.75417160987854,4.37,228308.6
49.76634407043457,4.36,223809.37
49.778902530670166,4.39,237049.07
49.7908034324646,4.37,228153.39
49.80325770378113,4.37,227843.73
49.81574773788452,4.37,229555.93
49.82799553871155,4.36,223959.26
49.84022855758667,4.39,237464.04
49.852200746536255,4.37,228852.79
49.864415884017944,4.37,228463.79
49.87646722793579,4.37,230578.29
49.88858461380005,4.36,224938.43
49.900368213653564,4.39,237464.04
49.910173177719116,4.37,229477.67
49.922064781188965,4.37,229164.84
49.93431806564331,4.38,231767.79
49.94674563407898,4.36,225696.67
49.95901823043823,4.39,238297.84
49.97115969657898,4.37,229242.93
49.98344302177429,4.37,228308.6
49.99554777145386,4.37,230262.85
50.007872343063354,4.36,226230.21
50.020113706588745,4.39,237880.29
50.03244948387146,4.38,231529.17
50.04438328742981,4.37,227226.79
50.05656313896179,4.38,231767.79
50.06868624687195,4.37,226842.6
50.08067464828491,4.39,238549.06
50.092732191085815,4.38,232007.07
50.102131605148315,4.37,227612.12
50.11403131484985,4.38,233290.04
50.12589955329895,4.37,227457.73
50.13808059692383,4.4,240235.28
50.150320291519165,4.38,232326.71
50.162604093551636,4.37,227380.71
50.17489957809448,4.38,232887.78
50.187190532684326,4.36,226612.57
50.19945240020752,4.39,238800.75
50.21171569824219,4.38,233048.67
50.223998069763184,4.37,227689.26
50.23621916770935,4.38,234017.28
50.24844837188721,4.36,225696.67
50.26065421104431,4.39,238632.82
50.27288627624512,4.38,233370.62
50.28506541252136,4.37,228852.79
50.293636322021484,4.38,234748.46
50.305930376052856,4.37,226842.6
50.31826114654541,4.4,240150.51
50.33050489425659,4.38,234585.71
50.3428053855896,4.37,229791.21
50.35509705543518,4.39,236470.32
50.36736607551575,4.36,226077.46
50.37966704368591,4.39,239473.85
50.39201498031616,4.38,235156.39
50.40507650375366,4.37,229869.67
50.41727018356323,4.39,237630.51
50.429348945617676,4.36,226612.57
50.44146728515625,4.4,239896.53
50.45373582839966,4.39,236222.93
50.46593928337097,4.37,230499.42
50.47814202308655,4.4,240745.42
50.487237215042114,4.37,228153.39
50.49959874153137,4.4,241086.48
50.51169037818909,4.39,237796.98
50.524136781692505,4.38,232086.85
50.53629660606384,4.4,243497.79
50.547765254974365,4.37,229634.25
50.56000804901123,4.4,239981.14
50.57227063179016,4.39,237131.92
50.58458089828491,4.38,232968.1
50.5968816280365,4.41,244544.12
50.60962271690369,4.38,231767.79
50.62162184715271,4.4,240320.32
50.63402342796326,4.39,238214.26
50.64636015892029,4.38,233290.04
50.65849757194519,4.41,247373.81
50.67071199417114,4.38,233774.54
50.67995572090149,4.39,239473.85
50.691802740097046,4.4,240490.1
50.70423221588135,4.38,233936.31
50.716485023498535,4.42,249988.46
50.72895622253418,4.39,236387.67
50.741434812545776,4.4,240745.42
50.753456592559814,4.4,239727.26
50.76592779159546,4.38,234585.71
50.77830719947815,4.42,249897.53
50.79051065444946,4.39,238465.34
50.802653074264526,4.4,242028.67
50.814865827560425,4.4,241086.48
50.82689332962036,4.39,235320.04
50.839054107666016,4.42,251176.5
50.85113215446472,4.4,239981.14
50.86315155029297,4.4,241685.26
50.87217330932617,4.4,241856.96
50.8845431804657,4.39,236800.82
50.89704084396362,4.42,253023.95
50.909249782562256,4.4,241942.79
50.92158913612366,4.4,242114.6
50.93360257148743,4.4,242977.35
50.94603967666626,4.39,237963.87
50.95845055580139,4.42,251820.45
50.97072505950928,4.4,241770.96
50.983004093170166,4.4,243150.7
50.99516940116882,4.4,243237.32
51.00740027427673,4.39,237464.04
51.01936745643616,4.42,252282.1
51.03145742416382,4.4,242718.09
51.04358243942261,4.4,243410.76
51.055649757385254,4.4,243758.53
51.0648136138916,4.39,238381.65
51.07721996307373,4.42,253116.9
51.089497804641724,4.41,244369.25
51.101633071899414,4.4,243845.54
51.11393737792969,4.41,245334.2
51.12618279457092,4.39,238465.34
51.13861680030823,4.42,253023.95
51.1506724357605,4.4,244281.9
51.16304063796997,4.4,243064.1
51.17540383338928,4.4,244194.4
51.187703132629395,4.39,238800.75
51.19995474815369,4.42,253676.09
51.211705446243286,4.4,243932.84
51.223921060562134,4.4,242200.6
51.236024141311646,4.41,245246.23
51.24780249595642,4.39,239473.85
51.25740575790405,4.42,253582.78
51.269585609436035,4.41,246306.09
51.28197121620178,4.4,242804.46
51.294118881225586,4.41,247016.93
51.3066086769104,4.4,239981.14
51.318657636642456,4.42,252559.68
51.33112359046936,4.41,246306.09
51.34325313568115,4.4,241171.84
51.3556489944458,4.41,246838.93
51.36770272254944,4.4,240320.32
51.38018846511841,4.42,252838.03
51.392080783843994,4.41,246572.15
51.404390811920166,4.4,241685.26
51.41625618934631,4.41,247642.14
51.42851901054382,4.4,241257.23
51.44043254852295,4.43,254237.45
51.450143337249756,4.41,246572.15
51.46230435371399,4.4,241513.98
51.474339723587036,4.42,249262.46
51.486695766448975,4.4,240405.18
51.49922013282776,4.43,255556.06
51.511423110961914,4.41,248000.62
51.52357721328735,4.4,241685.26
51.53566074371338,4.41,247910.75
51.547173261642456,4.4,239811.76
51.55936861038208,4.42,253302.98
51.571593046188354,4.41,247910.75
51.5838418006897,4.4,241942.79
51.596055030822754,4.41,248720.14
51.608638525009155,4.39,239305.32
51.6207971572876,4.42,253862.89
51.63267374038696,4.41,248630.01
51.64201307296753,4.4,242200.6
51.654351472854614,4.42,251820.45
51.66676449775696,4.39,239305.32
51.67810082435608,4.43,254895.35
51.690897941589355,4.42,249171.78
51.7029128074646,4.4,242804.46
51.71560716629028,4.42,252559.68
51.728103160858154,4.41,248269.92
51.740676403045654,4.43,254425.23
51.75281596183777,4.42,249806.67
51.765127658843994,4.4,243410.76
51.7773962020874,4.43,254613.0
51.789326190948486,4.4,240660.1
51.80138611793518,4.43,254706.98
51.813369035720825,4.42,250627.03
51.82537841796875,4.41,244369.25
51.83464455604553,4.43,256029.9
51.847185373306274,4.42,250535.7
51.85961294174194,4.43,254519.07
51.871896505355835,4.42,251636.07
51.88394808769226,4.41,245070.48
51.896164655685425,4.44,259294.14
51.90863847732544,4.42,249443.54
51.92080616950989,4.42,253209.92
51.93334436416626,4.42,251452.15
51.94543433189392,4.41,245775.04
51.957624673843384,4.44,261248.76
51.969696283340454,4.42,250352.96
51.98203992843628,4.42,253769.45
51.99387884140015,4.42,251912.6
52.005942821502686,4.41,246306.09
52.017916202545166,4.44,263729.12
52.027329444885254,4.42,251176.5
52.03973889350891,4.43,255556.06
52.05193591117859,4.42,253676.09
52.06402516365051,4.41,246838.93
52.07660245895386,4.44,264029.68
52.088855504989624,4.42,252097.12
52.10093832015991,4.43,254237.45
52.11323142051697,4.42,253302.98
52.12556052207947,4.41,247106.01
52.137885093688965,4.45,264733.28
52.15032339096069,4.42,253209.92
52.16191744804382,4.43,254519.07
52.17391896247864,4.43,254237.45
52.18601179122925,4.41,248180.1
52.19809007644653,4.45,264934.75
52.20728945732117,4.42,252838.03
52.219544410705566,4.43,255745.56
52.23179483413696,4.43,256315.06
52.24404740333557,4.41,247910.75
52.256285190582275,4.45,266353.68
52.26810669898987,4.43,255367.06
52.28025460243225,4.43,255461.51
52.29301428794861,4.43,255178.04
52.30516505241394,4.42,249534.18
52.317301511764526,4.45,266251.93
52.32979488372803,4.43,254237.45
52.342212438583374,4.43,255556.06
52.35455083847046,4.43,256505.56
52.36668801307678,4.42,250170.71
52.37880611419678,4.45,265743.96
52.391005754470825,4.43,256029.9
52.400192737579346,4.43,255745.56
52.41248369216919,4.43,257845.12
52.42477893829346,4.42,251268.25
52.436718225479126,4.45,267683.43
52.44921922683716,4.43,257269.34
52.461585998535156,4.43,255935.06
52.47392988204956,4.43,257556.95
52.485856771469116,4.42,251268.25
52.49838209152222,4.45,267683.43
52.51070022583008,4.43,258037.39
52.523104667663574,4.43,255840.28
52.53483295440674,4.44,259099.95
52.54693341255188,4.42,252745.26
52.558523416519165,4.45,268921.46
52.57069158554077,4.44,259294.14
52.582826375961304,4.43,256125.06
52.59156656265259,4.44,260365.9
52.60382580757141,4.42,252745.26
52.61653256416321,4.45,268301.06
52.62886953353882,4.44,259780.35
52.64120006561279,4.43,255461.51
52.65389943122864,4.44,260365.9
52.66602087020874,4.41,248000.62
52.67846655845642,4.45,267580.78
52.690980195999146,4.44,259197.14
52.70294713973999,4.43,254706.98
52.71557974815369,4.44,262038.06
52.72753596305847,4.42,250352.96
52.73965668678284,4.46,269856.4
52.75169587135315,4.44,260561.78
52.76387333869934,4.42,253769.45
52.77587676048279,4.44,261248.76
52.78489589691162,4.42,252189.7
52.7973518371582,4.46,271112.43
52.809556007385254,4.44,263429.43
52.82194209098816,4.43,254895.35
52.83438491821289,4.44,263229.71
52.84640336036682,4.43,255745.56
52.858755588531494,4.46,270273.9
52.87113308906555,4.44,262732.0
52.8834285736084,4.43,255556.06
52.895586013793945,4.44,263030.53
52.907896518707275,4.43,258229.93
52.91983962059021,4.45,269025.03
52.93222761154175,4.44,264029.68
52.944371700286865,4.43,256220.03
52.956305265426636,4.44,264029.68
52.96847867965698,4.44,262038.06
52.97759819030762,4.46,270378.68
52.98993134498596,4.45,265237.75
53.00195503234863,4.43,258037.39
53.01449990272522,4.45,267068.31
53.026612520217896,4.45,264330.84
53.0390202999115,4.46,270483.25
53.05125594139099,4.45,265642.65
53.06365180015564,4.43,257941.23
53.07568669319153,4.45,269232.37
53.08820652961731,4.44,264129.9
53.10062885284424,4.46,270797.37
53.11264395713806,4.45,267477.9
53.12472128868103,4.43,258712.6
53.13670825958252,4.46,272378.93
53.1488196849823,4.45,265237.75
53.16088938713074,4.46,270169.5
53.17002606391907,4.45,267068.31
53.18242430686951,4.44,260170.54
53.19482898712158,4.47,275916.53
53.20696806907654,4.44,263829.4
53.21914577484131,4.46,270065.12
53.231586933135986,4.45,268094.96
53.243780851364136,4.44,262831.59
53.25588870048523,4.47,276459.68
53.26819705963135,4.45,267477.9
53.280749797821045,4.46,269960.87
53.29305982589722,4.45,268301.06
53.30517935752869,4.44,261741.51
53.3171706199646,4.47,280650.93
53.32926821708679,4.45,265845.37
53.341415882110596,4.46,271638.78
53.35345673561096,4.45,269232.37
53.362635374069214,4.44,262632.68
53.375062465667725,4.48,283357.06
53.38695430755615,4.46,270169.5
53.399256229400635,4.46,271428.15
53.41178822517395,4.46,269960.87
53.42415142059326,4.44,263929.53
53.43626594543457,4.48,282676.25
53.44857954978943,4.45,269128.68
53.461063623428345,4.46,271428.15
53.473151445388794,4.46,270587.87
53.48529028892517,4.44,264230.5
53.49750351905823,4.48,283926.71
53.50943040847778,4.46,270797.37
53.52186369895935,4.46,273335.71
53.5340039730072,4.46,271638.78
53.545735359191895,4.45,266251.93
53.55764961242676,4.48,286342.03
53.566301584243774,4.46,271322.65
53.5785858631134,4.46,273762.62
53.59094738960266,4.46,275051.34
53.60317087173462,4.45,267992.03
53.6164608001709,4.48,286110.25
53.62810945510864,4.46,273762.62
53.64023160934448,4.45,268921.46
53.652775287628174,4.46,274728.06
53.665672063827515,4.45,268197.96
53.67789578437805,4.48,286342.03
53.69013261795044,4.47,275808.18
53.70196056365967,4.45,268714.31
53.714436054229736,4.47,276895.62
53.726248025894165,4.45,266150.25
53.738513708114624,4.49,288559.09
53.75024437904358,4.47,275699.65
53.75988221168518,4.45,269128.68
53.77226448059082,4.47,279093.65
53.78468203544617,4.45,269025.03
53.796589612960815,4.49,289383.59
53.80905842781067,4.47,277332.78
53.821420431137085,4.46,270378.68
53.83373165130615,4.47,278651.5
53.84599566459656,4.45,267068.31
53.858092308044434,4.49,290688.15
53.87044978141785,4.47,277990.75
53.882725954055786,4.46,271112.43
53.8947536945343,4.47,279759.06
53.90678000450134,4.45,267272.96
53.91886758804321,4.49,290807.18
53.931108236312866,4.47,279315.03
53.943111419677734,4.46,272697.03
53.952176094055176,4.47,280986.81
53.964722633361816,4.45,268404.18
53.976709842681885,4.49,290688.15
53.99000859260559,4.47,280427.65
54.000510931015015,4.46,271850.03
54.01293063163757,4.48,281885.4
54.02496314048767,4.46,273122.4
54.037317514419556,4.49,291284.53
54.050015449523926,4.47,280874.56
54.06240129470825,4.46,271112.43
54.074615716934204,4.48,283357.06
54.086578369140625,4.46,274191.0
54.09925651550293,4.48,286806.28
54.11135458946228,4.48,282563.09
54.123594999313354,4.46,275375.28
54.13554620742798,4.48,284383.96
54.14500117301941,4.46,271428.15
54.15695810317993,4.49,288912.09
54.16930055618286,4.48,284155.31
54.18178129196167,4.47,275916.53
54.19408822059631,4.48,285072.18
54.2065315246582,4.47,278651.5
54.218478202819824,4.48,286690.18
54.23096060752869,4.48,284041.12
54.243255853652954,4.47,277770.93
54.25526261329651,4.48,285072.18
54.26768493652344,4.47,279870.5
54.279802560806274,4.48,287038.78
54.291898250579834,4.48,283926.71
54.304041147232056,4.47,279093.65
54.31589460372925,4.49,289383.59
54.32818651199341,4.48,284155.31
54.337260246276855,4.49,289856.71
54.34966850280762,4.49,289501.93
54.36207842826843,4.48,281435.56
54.37433457374573,4.49,291404.0
54.386460304260254,4.48,286226.25
54.39876079559326,4.49,290212.56
54.411142349243164,4.49,288559.09
54.42339825630188,4.48,282223.87
54.435635805130005,4.5,294056.56
54.44799542427063,4.49,287855.75
54.46025013923645,4.49,290450.03
54.47234773635864,4.49,290331.25
54.48460102081299,4.48,282902.75
54.49630308151245,4.5,295889.96
54.508554220199585,4.49,287855.75
54.52067542076111,4.49,291045.53
54.52991437911987,4.49,291404.0
54.54222559928894,4.48,285187.43
54.554253578186035,4.51,302025.5
54.565754413604736,4.49,290450.03
54.577945709228516,4.49,292725.03
54.590304374694824,4.49,291763.28
54.602521657943726,4.48,284383.96
54.61482882499695,4.51,302025.5
54.62787103652954,4.49,291045.53
54.639703035354614,4.49,291284.53
54.65214252471924,4.49,293449.93
54.66444373130798,4.48,285417.53
54.67672300338745,4.51,306288.09
54.688990354537964,4.49,292363.62
54.70111799240112,4.49,293086.93
54.7131404876709,4.5,295767.18
54.72237682342529,4.48,285648.31
54.73444724082947,4.52,309190.71
54.74665927886963,4.49,293207.75
54.75826287269592,4.49,292363.62
54.77064752578735,4.5,294299.71
54.78310251235962,4.48,284957.31
54.795363664627075,4.52,309590.12
54.80769085884094,4.49,293207.75
54.81995511054993,4.49,291045.53
54.83227252960205,4.5,296012.87
54.84455609321594,4.49,287738.56
54.85653376579285,4.52,308393.93
54.86874032020569,4.5,295031.93
54.88082790374756,4.49,291045.53
54.89305567741394,4.5,296136.18
54.90526247024536,4.49,287505.06
54.913830280303955,4.51,305895.96
54.926247119903564,4.49,293571.03
54.93847584724426,4.48,286922.5
54.95080280303955,4.5,294178.06
54.963257789611816,4.49,288089.75
54.97563910484314,4.51,307074.71
54.98787546157837,4.5,296505.71
55.00026893615723,4.49,289738.37
55.01274228096008,4.5,297993.06
55.0251088142395,4.49,290212.56
55.03741931915283,4.52,307601.25
55.04972314834595,4.5,297993.06
55.061784982681274,4.49,289738.37
55.07430672645569,4.5,298366.75
55.0858952999115,4.49,289738.37
55.09795784950256,4.52,308261.65
55.10730767250061,4.5,298366.75
55.11950492858887,4.49,290688.15
55.131760597229004,4.5,299996.9
55.14395713806152,4.49,288676.56
55.15629768371582,4.51,306943.4
55.16850447654724,4.5,298866.68
55.180909633636475,4.49,291045.53
55.19329786300659,4.51,301008.12
55.20551133155823,4.49,288441.71
55.21798300743103,4.52,307337.93
55.2300341129303,4.5,299996.9
55.242220401763916,4.49,289975.46
55.25415754318237,4.51,300628.12
55.26629900932312,4.49,288206.9
55.27843689918518,4.52,307864.93
55.29060959815979,4.51,300501.75
55.29986572265625,4.49,292243.43
55.31198477745056,4.51,305505.09
55.32427382469177,4.49,287505.06
55.3365752696991,4.52,308791.87
55.34898352622986,4.51,301770.4
55.36149001121521,4.49,293571.03
55.37339782714844,4.51,306812.18
55.38575077056885,4.49,289147.65
55.39795112609863,4.51,306812.18
55.410189390182495,4.51,302280.65
55.422380447387695,4.5,293813.43
55.434542417526245,4.52,308659.21
55.44668436050415,4.49,291404.0
55.458725929260254,4.52,308393.93
55.47100639343262,4.51,302408.37
55.48280429840088,4.5,294543.5
55.49232864379883,4.52,313638.78
55.50481200218201,4.5,296012.87
55.51673173904419,4.52,307997.31
55.52905082702637,4.51,303949.62
55.541568756103516,4.5,296136.18
55.55371046066284,4.53,315284.87
55.56586146354675,4.5,296505.71
55.57737851142883,4.51,306680.78
55.58964800834656,4.51,304725.4
55.601890563964844,4.5,296629.06
55.6142098903656,4.53,317923.71
55.62638878822327,4.5,297868.65
55.63899517059326,4.51,306157.37
55.65118741989136,4.51,305635.31
55.66332387924194,4.5,296629.06
55.67545032501221,4.53,319329.0
55.68490767478943,4.51,301516.03
55.69711232185364,4.52,307864.93
55.7092444896698,4.51,305244.71
55.72151041030884,4.5,298366.75
55.733726501464844,4.54,323179.03
55.746164321899414,4.51,303691.9
55.758569955825806,4.51,306549.75
55.770687103271484,4.51,306680.78
55.783188819885254,4.5,298117.53
55.795501708984375,4.54,322316.25
55.80740690231323,4.51,304595.93
55.819517374038696,4.51,306943.4
55.83188509941101,4.52,307337.93
55.84376883506775,4.5,299242.68
55.855984687805176,4.54,323035.03
55.86796760559082,4.51,304078.59
55.87737989425659,4.52,308393.93
55.889461040496826,4.52,309190.71
55.90204334259033,4.5,300122.9
55.9142792224884,4.54,324046.4
55.92635464668274,4.51,306157.37
55.9387423992157,4.52,309323.71
55.95094966888428,4.52,307733.06
55.96250939369202,4.5,299871.03
55.97492718696594,4.53,320460.87
55.98744010925293,4.51,306026.46
55.99962067604065,4.52,307733.06
56.012155532836914,4.52,308659.21
56.024304151535034,4.51,302408.37
56.03626751899719,4.54,323323.56
56.048343658447266,4.51,307206.09
56.057414293289185,4.52,307601.25
56.06961011886597,4.52,311737.68
56.08148956298828,4.51,302664.4
56.093727111816406,4.54,324772.15
56.106460094451904,4.52,308393.93
56.11910128593445,4.52,308393.93
56.131394147872925,4.52,312143.06
