Time (s),Voltage (V),Resistance (Ohm)
0.00033926963806152344,5.04,-3991022.0
0.0006761550903320312,5.04,-3870189.5
0.0009598731994628906,5.04,-3837033.25
0.0012335777282714844,5.04,-3955709.75
0.0015108585357666016,5.04,-3870189.5
0.0017833709716796875,5.04,-4026929.75
0.0020537376403808594,5.04,-3772370.0
0.002331972122192383,5.05,-3634628.75
0.002602815628051758,5.05,-3679413.75
0.002874135971069336,5.04,-3740875.75
0.003143787384033203,5.04,-3772370.0
0.003449678421020508,5.04,-3837033.25
0.003726482391357422,5.04,-3820669.0
0.00399470329284668,5.04,-4008894.75
0.004266262054443359,5.04,-3756556.25
0.0047528743743896484,5.04,-3853539.5
0.005021810531616211,5.04,-3991022.0
0.005285501480102539,5.04,-3804445.0
0.005549430847167969,5.04,-3921065.75
0.005814552307128906,5.04,-3740875.75
0.006075620651245117,5.04,-3887028.25
0.00633549690246582,5.04,-3921065.75
0.00659632682800293,5.04,-4584710.0
0.006856441497802734,5.03,-5323575.5
0.007116794586181641,5.04,-4063542.0
0.007381439208984375,5.03,-5925883.0
0.007642507553100586,5.04,-3870189.5
0.007902145385742188,5.04,-4026929.75
0.008162736892700195,5.03,-5260751.0
0.0084228515625,5.04,-4008894.75
0.008683919906616211,5.03,-5080776.0
0.008946418762207031,5.03,-4885952.5
0.009206533432006836,5.04,-4492437.5
0.009483098983764648,5.03,-5453950.0
0.009749412536621094,5.04,-4197020.5
0.010012388229370117,5.03,-5291975.5
0.010284900665283203,5.03,-4832973.5
0.010548591613769531,5.04,-4425694.0
0.010812520980834961,5.03,-5925883.0
0.01107335090637207,5.04,-4082077.0
0.011333703994750977,5.03,-5169187.5
0.01159524917602539,5.03,-4806948.5
0.015718460083007812,5.04,-4277361.5
0.027884721755981445,5.03,-5139400.0
0.03649330139160156,5.04,-3903972.25
0.048774003982543945,5.04,-4236832.5
0.06107926368713379,5.04,-4158004.0
0.07336950302124023,5.04,-4045175.5
0.08562111854553223,5.03,-5420778.5
0.09806489944458008,5.04,-4177420.25
0.11022329330444336,5.03,-4912849.0
0.1224977970123291,5.03,-5323575.5
0.1348268985748291,5.04,-4425694.0
0.1471090316772461,5.03,-6005832.5
0.1593952178955078,5.04,-4515196.5
0.17163968086242676,5.03,-5199324.5
0.18389582633972168,5.03,-5387928.0
0.19609737396240234,5.04,-4318733.0
0.20836234092712402,5.03,-6172531.0
0.22060227394104004,5.04,-4561300.5
0.23282289505004883,5.03,-4755735.5
0.2450728416442871,5.03,-5521533.5
0.2572646141052246,5.04,-4382242.5
0.265869140625,5.03,-6215641.5
0.27818775177001953,5.04,-4339696.0
0.29041409492492676,5.04,-4447719.0
0.30275559425354004,5.03,-5590913.0
0.315047025680542,5.04,-4277361.5
0.32723474502563477,5.03,-5734975.5
0.3395264148712158,5.04,-4515196.5
0.35179853439331055,5.04,-4632323.0
0.36417412757873535,5.03,-5453950.0
0.3764944076538086,5.04,-4318733.0
0.388718843460083,5.03,-5965588.5
0.4009408950805664,5.04,-4632323.0
0.41320252418518066,5.04,-4584710.0
0.42543673515319824,5.03,-5355557.0
0.4376261234283447,5.04,-4100783.5
0.4499213695526123,5.03,-4995428.0
0.4621574878692627,5.04,-4216806.5
0.47436976432800293,5.04,-4257000.0
0.48295021057128906,5.03,-5169187.5
0.4951918125152588,5.04,-4008894.75
0.5075564384460449,5.03,-5199324.5
0.5197725296020508,5.04,-4538131.0
0.5320870876312256,5.04,-4515196.5
0.5443968772888184,5.03,-5387928.0
0.5566580295562744,5.04,-4197020.5
0.5689558982849121,5.03,-5590913.0
0.5812973976135254,5.03,-5109881.5
0.5934536457061768,5.04,-4425694.0
0.6058394908905029,5.03,-5323575.5
0.6181063652038574,5.04,-4082077.0
0.6302852630615234,5.03,-5199324.5
0.6425325870513916,5.04,-4360864.5
0.6548304557800293,5.04,-3921065.75
0.6670558452606201,5.04,-4100783.5
0.6792621612548828,5.04,-3903972.25
0.691481351852417,5.04,-4138768.75
0.7037837505340576,5.04,-3955709.75
0.7123091220855713,5.04,-3921065.75
0.7245280742645264,5.04,-3837033.25
0.7369153499603271,5.04,-3709868.25
0.7491564750671387,5.04,-3887028.25
0.7614715099334717,5.04,-3788318.5
0.7738351821899414,5.04,-3903972.25
0.7861378192901611,5.04,-4138768.75
0.7984614372253418,5.04,-3903972.25
0.8106813430786133,5.04,-4008894.75
0.8231167793273926,5.04,-3991022.0
0.8352675437927246,5.04,-3938311.0
0.8475568294525146,5.04,-4119663.75
0.8598442077636719,5.04,-3955709.75
0.8720107078552246,5.04,-3955709.75
0.884284496307373,5.04,-3991022.0
0.896411657333374,5.04,-3973309.25
0.9086709022521973,5.04,-4045175.5
0.9208800792694092,5.04,-3938311.0
0.9330930709838867,5.04,-3955709.75
0.9455866813659668,5.04,-3973309.25
0.9578204154968262,5.04,-3991022.0
0.9665858745574951,5.04,-4026929.75
0.9789087772369385,5.04,-3788318.5
0.9911890029907227,5.05,-3694577.75
1.0037736892700195,5.04,-3955709.75
1.0156450271606445,5.04,-3820669.0
1.0278849601745605,5.04,-3853539.5
1.040374755859375,5.04,-3887028.25
1.052912950515747,5.04,-3921065.75
1.0656168460845947,5.04,-4197020.5
1.0783164501190186,5.04,-3887028.25
1.0904099941253662,5.04,-3870189.5
1.1027209758758545,5.04,-3903972.25
1.1148743629455566,5.04,-3887028.25
1.1271288394927979,5.04,-3955709.75
1.1393065452575684,5.04,-3887028.25
1.1512677669525146,5.04,-3973309.25
1.1633639335632324,5.04,-3887028.25
1.1755380630493164,5.04,-3870189.5
1.1877245903015137,5.04,-3973309.25
1.1994340419769287,5.04,-3991022.0
1.2093567848205566,5.04,-3955709.75
1.2213175296783447,5.04,-3837033.25
1.2325539588928223,5.04,-3725287.25
1.2448413372039795,5.04,-3955709.75
1.2575194835662842,5.04,-3853539.5
1.269425392150879,5.04,-4063542.0
1.2817187309265137,5.04,-4008894.75
1.2939362525939941,5.04,-3903972.25
1.306624412536621,5.04,-3991022.0
1.318889856338501,5.04,-3903972.25
1.3308916091918945,5.04,-4100783.5
1.3435592651367188,5.04,-4026929.75
1.355842113494873,5.04,-3955709.75
1.3678908348083496,5.04,-4045175.5
1.380575180053711,5.04,-3973309.25
1.3929269313812256,5.04,-3991022.0
1.404973030090332,5.04,-4026929.75
1.4171454906463623,5.04,-3973309.25
1.4292182922363281,5.04,-4045175.5
1.441300630569458,5.04,-4008894.75
1.4510486125946045,5.04,-4008894.75
1.4630157947540283,5.04,-3820669.0
1.4755120277404785,5.04,-3772370.0
1.4878816604614258,5.04,-3991022.0
1.5000865459442139,5.04,-3853539.5
1.512178659439087,5.04,-3820669.0
1.5245749950408936,5.04,-4026929.75
1.537032127380371,5.04,-4063542.0
1.549222707748413,5.04,-4026929.75
1.56174898147583,5.04,-3938311.0
1.573568344116211,5.04,-4026929.75
1.5858354568481445,5.04,-4026929.75
1.5969338417053223,5.04,-3955709.75
1.609168529510498,5.04,-3938311.0
1.6213791370391846,5.04,-4026929.75
1.6337964534759521,5.04,-4045175.5
1.646026611328125,5.04,-3955709.75
1.658479928970337,5.04,-3938311.0
1.670781135559082,5.04,-4008894.75
1.67930006980896,5.04,-4008894.75
1.6915228366851807,5.04,-3788318.5
1.7040410041809082,5.04,-3837033.25
1.7165470123291016,5.04,-3955709.75
1.7292461395263672,5.04,-3938311.0
1.741896152496338,5.04,-3870189.5
1.7540841102600098,5.04,-3991022.0
1.7663049697875977,5.04,-4100783.5
1.7787678241729736,5.04,-3853539.5
1.7910737991333008,5.04,-3991022.0
1.803095817565918,5.04,-4100783.5
1.8155066967010498,5.04,-3973309.25
1.8277382850646973,5.04,-4045175.5
1.8398616313934326,5.04,-4100783.5
1.8518202304840088,5.04,-4026929.75
1.8639109134674072,5.04,-4026929.75
1.876154899597168,5.04,-3788318.5
1.8882255554199219,5.04,-4045175.5
1.9003894329071045,5.04,-3938311.0
1.9098331928253174,5.04,-3887028.25
1.922053337097168,5.04,-3837033.25
1.9340980052947998,5.04,-3804445.0
1.946399211883545,5.04,-3837033.25
1.9589571952819824,5.04,-3887028.25
1.9711942672729492,5.04,-3973309.25
1.9836921691894531,5.04,-4026929.75
1.9956154823303223,5.04,-3921065.75
2.008103370666504,5.04,-4008894.75
2.020296096801758,5.04,-3938311.0
2.0326411724090576,5.04,-3938311.0
2.0451018810272217,5.04,-3887028.25
2.0571467876434326,5.04,-3921065.75
2.0692310333251953,5.04,-4045175.5
2.081422805786133,5.04,-3853539.5
2.0935521125793457,5.04,-3903972.25
2.105602741241455,5.04,-3991022.0
2.1177380084991455,5.04,-3853539.5
2.129803419113159,5.04,-3991022.0
2.141907215118408,5.04,-3887028.25
2.151498556137085,5.04,-3870189.5
2.163546085357666,5.04,-3788318.5
2.175793409347534,5.04,-3837033.25
2.1882457733154297,5.04,-3921065.75
2.2006173133850098,5.04,-3870189.5
2.212745428085327,5.04,-3853539.5
2.225409507751465,5.04,-3938311.0
2.2363739013671875,5.04,-3887028.25
2.2487146854400635,5.04,-4063542.0
2.2607016563415527,5.04,-3921065.75
2.2744717597961426,5.04,-3921065.75
2.2862210273742676,5.04,-4008894.75
2.2986578941345215,5.04,-3921065.75
2.310920238494873,5.04,-4008894.75
2.322993755340576,5.04,-3973309.25
2.334990978240967,5.04,-3887028.25
2.3472416400909424,5.04,-3938311.0
2.359363555908203,5.04,-3903972.25
2.371528387069702,5.04,-3921065.75
2.3834846019744873,5.04,-3870189.5
2.3931655883789062,5.04,-3887028.25
2.4052350521087646,5.04,-3772370.0
2.417661666870117,5.05,-3679413.75
2.4298722743988037,5.04,-3887028.25
2.4421048164367676,5.04,-3853539.5
2.454603910446167,5.05,-3679413.75
2.466777801513672,5.04,-3938311.0
2.4792022705078125,5.04,-3973309.25
2.4914755821228027,5.04,-3921065.75
2.5035650730133057,5.04,-3938311.0
2.515998363494873,5.04,-3837033.25
2.528129816055298,5.04,-3921065.75
2.540580987930298,5.04,-3903972.25
2.5525500774383545,5.04,-3820669.0
2.5646066665649414,5.04,-3955709.75
2.576753616333008,5.04,-3870189.5
2.5886075496673584,5.04,-3887028.25
2.600170135498047,5.04,-3903972.25
2.6124227046966553,5.04,-3903972.25
2.6248068809509277,5.04,-3955709.75
2.633371591567993,5.04,-3938311.0
2.6456117630004883,5.04,-3788318.5
2.6581497192382812,5.04,-3788318.5
2.6705069541931152,5.04,-3804445.0
2.682971239089966,5.04,-3991022.0
2.695042133331299,5.04,-3887028.25
2.707777738571167,5.04,-3991022.0
2.7206735610961914,5.04,-4082077.0
2.7330305576324463,5.04,-3973309.25
2.7440989017486572,5.04,-4008894.75
2.7564990520477295,5.04,-4026929.75
2.7688820362091064,5.04,-4045175.5
2.7813336849212646,5.04,-4045175.5
2.7942190170288086,5.04,-4045175.5
2.806361436843872,5.04,-4008894.75
2.8184242248535156,5.04,-3973309.25
2.8304715156555176,5.04,-3938311.0
2.8426175117492676,5.04,-4008894.75
2.854675054550171,5.04,-3903972.25
2.866643190383911,5.04,-3973309.25
2.8764424324035645,5.04,-3955709.75
2.888674259185791,5.04,-3870189.5
2.9009809494018555,5.04,-3938311.0
2.9131669998168945,5.04,-3853539.5
2.925428867340088,5.04,-3991022.0
2.9378528594970703,5.04,-3955709.75
2.950094699859619,5.04,-4026929.75
2.9623138904571533,5.04,-4045175.5
2.9745123386383057,5.04,-3973309.25
2.9868717193603516,5.04,-3938311.0
2.9992377758026123,5.04,-4026929.75
3.011587142944336,5.04,-3991022.0
3.0237157344818115,5.04,-3973309.25
3.0356130599975586,5.04,-3938311.0
3.047792434692383,5.04,-4045175.5
3.060020923614502,5.04,-4082077.0
3.0720670223236084,5.04,-4008894.75
3.084275245666504,5.04,-3973309.25
3.096067428588867,5.04,-3938311.0
3.1057209968566895,5.04,-4026929.75
3.1179707050323486,5.04,-3725287.25
3.1301398277282715,5.04,-3804445.0
3.142650604248047,5.04,-3887028.25
3.154958486557007,5.04,-3804445.0
3.1671061515808105,5.04,-4045175.5
3.1795883178710938,5.04,-3938311.0
3.1917545795440674,5.04,-3853539.5
3.2039504051208496,5.04,-4008894.75
3.2163217067718506,5.04,-3921065.75
3.2285194396972656,5.04,-4100783.5
3.2408225536346436,5.04,-3973309.25
3.2529091835021973,5.04,-4100783.5
3.2651424407958984,5.04,-4158004.0
3.2771103382110596,5.04,-4008894.75
3.2884249687194824,5.04,-4082077.0
3.300896406173706,5.04,-4008894.75
3.313184976577759,5.04,-3991022.0
3.325479745864868,5.04,-3991022.0
3.334165573120117,5.04,-4008894.75
3.3462390899658203,5.04,-3837033.25
3.358891248703003,5.04,-3853539.5
3.371594190597534,5.04,-3938311.0
3.3843328952789307,5.04,-3938311.0
3.3964552879333496,5.04,-3870189.5
3.4088058471679688,5.04,-4045175.5
3.4211270809173584,5.04,-4100783.5
3.433370590209961,5.04,-3938311.0
3.4458043575286865,5.04,-4045175.5
3.4581549167633057,5.04,-3870189.5
3.470155715942383,5.04,-4063542.0
3.4824130535125732,5.04,-3991022.0
3.4946060180664062,5.04,-4045175.5
3.5065174102783203,5.04,-4026929.75
3.5187137126922607,5.04,-3991022.0
3.530818223953247,5.04,-4119663.75
3.5429205894470215,5.04,-4045175.5
3.5550649166107178,5.04,-4063542.0
3.5642106533050537,5.04,-4008894.75
3.5765018463134766,5.04,-3820669.0
3.5888783931732178,5.04,-3725287.25
3.599914312362671,5.04,-3938311.0
3.6121110916137695,5.04,-3887028.25
3.6243505477905273,5.04,-3973309.25
3.6368296146392822,5.04,-4008894.75
3.6491124629974365,5.04,-4045175.5
3.661801338195801,5.04,-3991022.0
3.674086809158325,5.04,-3955709.75
3.686342477798462,5.04,-4045175.5
3.698951244354248,5.04,-4063542.0
3.7116189002990723,5.04,-4026929.75
3.7239363193511963,5.04,-4026929.75
3.736064910888672,5.04,-3991022.0
3.7480924129486084,5.04,-4008894.75
3.760195732116699,5.04,-4026929.75
3.7723281383514404,5.04,-4026929.75
3.78448224067688,5.04,-3991022.0
3.7963035106658936,5.04,-3921065.75
3.8061280250549316,5.04,-4026929.75
3.818363904953003,5.04,-3756556.25
3.8305187225341797,5.04,-3725287.25
3.84163236618042,5.04,-3938311.0
3.8541219234466553,5.04,-3921065.75
3.866589069366455,5.04,-3938311.0
3.878943920135498,5.04,-3903972.25
3.8916008472442627,5.04,-3973309.25
3.90435528755188,5.04,-4045175.5
3.9166758060455322,5.04,-3887028.25
3.9290268421173096,5.04,-4045175.5
3.9412665367126465,5.04,-3903972.25
3.953484296798706,5.04,-3973309.25
3.9655370712280273,5.04,-4063542.0
3.9776456356048584,5.04,-3887028.25
3.989882469177246,5.04,-4100783.5
4.001925468444824,5.04,-3955709.75
4.013836145401001,5.04,-4008894.75
4.026120901107788,5.04,-3991022.0
4.037895917892456,5.04,-3772370.0
4.0475852489471436,5.04,-4100783.5
4.059985160827637,5.04,-3740875.75
4.072305917739868,5.04,-3870189.5
4.0846710205078125,5.04,-3955709.75
4.096806526184082,5.04,-3820669.0
4.109122037887573,5.04,-4100783.5
4.121458292007446,5.04,-3921065.75
4.133797883987427,5.04,-3853539.5
4.145871639251709,5.04,-4008894.75
4.158263683319092,5.04,-3903972.25
4.170577764511108,5.04,-4119663.75
4.182888031005859,5.04,-3903972.25
4.195031642913818,5.04,-3938311.0
4.207115650177002,5.04,-4082077.0
4.219255685806274,5.04,-3853539.5
4.231328964233398,5.04,-4082077.0
4.243427991867065,5.04,-3955709.75
4.255523681640625,5.04,-3921065.75
4.267663240432739,5.04,-4008894.75
4.276987314224243,5.04,-3938311.0
4.288364887237549,5.04,-3870189.5
4.300780773162842,5.04,-3804445.0
4.313070774078369,5.04,-3853539.5
4.325486183166504,5.04,-3973309.25
4.337741374969482,5.04,-3772370.0
4.350505590438843,5.04,-4063542.0
4.363399982452393,5.04,-3973309.25
4.3753931522369385,5.04,-3973309.25
4.387623071670532,5.04,-4063542.0
4.39997124671936,5.04,-4026929.75
4.4123687744140625,5.04,-4045175.5
4.424571990966797,5.04,-4045175.5
4.436377286911011,5.04,-3973309.25
4.4486329555511475,5.04,-4063542.0
4.4608681201934814,5.04,-3903972.25
4.47288179397583,5.04,-4138768.75
4.484974384307861,5.04,-4045175.5
4.496940612792969,5.04,-3853539.5
4.50906777381897,5.04,-4045175.5
4.518811464309692,5.04,-3870189.5
4.530886650085449,5.04,-3772370.0
4.5434956550598145,5.04,-3973309.25
4.555462837219238,5.04,-3870189.5
4.567952394485474,5.04,-3938311.0
4.5803916454315186,5.04,-3903972.25
4.592590570449829,5.04,-4008894.75
4.603424310684204,5.04,-4119663.75
4.6156182289123535,5.04,-3955709.75
4.628085374832153,5.04,-4100783.5
4.6403093338012695,5.04,-3955709.75
4.65259861946106,5.04,-3991022.0
4.665010452270508,5.04,-4063542.0
4.6772685050964355,5.04,-3991022.0
4.689620494842529,5.04,-4063542.0
4.701939821243286,5.04,-4026929.75
4.7142438888549805,5.04,-4008894.75
4.726531267166138,5.04,-3955709.75
4.738649606704712,5.04,-3820669.0
4.7479846477508545,5.04,-4008894.75
4.760381460189819,5.04,-3756556.25
4.772660970687866,5.04,-3788318.5
4.785063743591309,5.04,-3938311.0
4.797228813171387,5.04,-3853539.5
4.809620141983032,5.04,-3772370.0
4.821780204772949,5.04,-3921065.75
4.834214210510254,5.04,-3837033.25
4.846388816833496,5.04,-3991022.0
4.858589172363281,5.04,-3853539.5
4.869588851928711,5.04,-4008894.75
4.881904125213623,5.04,-3938311.0
4.894126653671265,5.04,-3870189.5
4.906328916549683,5.04,-3991022.0
4.918806552886963,5.04,-3870189.5
4.931137561798096,5.04,-4008894.75
4.943137168884277,5.04,-3938311.0
4.955488681793213,5.04,-3903972.25
4.967782974243164,5.04,-4063542.0
4.976706266403198,5.04,-3870189.5
4.989620685577393,5.04,-3804445.0
5.002142667770386,5.04,-3788318.5
5.014310359954834,5.04,-3887028.25
5.0267393589019775,5.04,-3955709.75
5.0388593673706055,5.04,-3887028.25
5.05127215385437,5.04,-3973309.25
5.063731670379639,5.04,-3991022.0
5.07593297958374,5.04,-3804445.0
5.08793568611145,5.04,-3991022.0
5.100378513336182,5.04,-3870189.5
5.112771272659302,5.04,-3973309.25
5.124809265136719,5.04,-3938311.0
5.136847972869873,5.04,-4008894.75
5.14901065826416,5.04,-3973309.25
5.161236524581909,5.04,-3853539.5
5.173315525054932,5.04,-3903972.25
5.185346841812134,5.04,-3955709.75
5.197475910186768,5.04,-3887028.25
5.209650278091431,5.04,-4026929.75
5.219038963317871,5.04,-3870189.5
5.231277227401733,5.04,-3772370.0
5.243784189224243,5.04,-3853539.5
5.255876541137695,5.04,-3853539.5
5.268296957015991,5.04,-3955709.75
5.280630350112915,5.04,-3756556.25
5.292948246002197,5.04,-3921065.75
5.305171251296997,5.04,-4197020.5
5.316329717636108,5.04,-3903972.25
5.328709363937378,5.04,-4082077.0
5.341117858886719,5.04,-3887028.25
5.353619575500488,5.04,-3955709.75
5.366183519363403,5.04,-4045175.5
5.378652095794678,5.04,-4026929.75
5.390793800354004,5.04,-4138768.75
5.402949333190918,5.04,-3991022.0
5.414935827255249,5.04,-3921065.75
5.427058458328247,5.04,-4045175.5
5.4391584396362305,5.04,-3955709.75
5.4511706829071045,5.04,-4236832.5
5.460870742797852,5.04,-3973309.25
5.473054885864258,5.04,-3756556.25
5.485323190689087,5.04,-3804445.0
5.497588872909546,5.04,-3820669.0
5.510038614273071,5.04,-3955709.75
5.522080898284912,5.04,-3973309.25
5.534622430801392,5.04,-3973309.25
5.5466086864471436,5.04,-4063542.0
5.558934688568115,5.04,-3973309.25
5.57139253616333,5.04,-4026929.75
5.5836803913116455,5.04,-4082077.0
5.596051931381226,5.04,-3973309.25
5.607870101928711,5.04,-4026929.75
5.619036912918091,5.04,-3955709.75
5.631261587142944,5.04,-4138768.75
5.643425226211548,5.04,-4045175.5
5.655683279037476,5.04,-3921065.75
5.6681225299835205,5.04,-4119663.75
5.680527687072754,5.04,-3921065.75
5.69282341003418,5.04,-4082077.0
5.701558589935303,5.04,-4082077.0
5.713896751403809,5.04,-3725287.25
5.726876258850098,5.04,-3991022.0
5.7392261028289795,5.04,-3772370.0
5.751627445220947,5.04,-3870189.5
5.763997793197632,5.04,-4063542.0
5.776258945465088,5.04,-3903972.25
5.7883312702178955,5.04,-4177420.25
5.800713777542114,5.04,-3903972.25
5.81314492225647,5.04,-4100783.5
5.825352668762207,5.04,-4063542.0
5.837599277496338,5.04,-3955709.75
5.849776029586792,5.04,-4257000.0
5.8616721630096436,5.04,-3955709.75
5.873874664306641,5.04,-3991022.0
5.885958909988403,5.04,-4026929.75
5.898093223571777,5.04,-3903972.25
5.9102795124053955,5.04,-4158004.0
5.922302961349487,5.04,-4026929.75
5.931657075881958,5.04,-3991022.0
5.944331169128418,5.04,-3870189.5
5.955299377441406,5.04,-3837033.25
5.967543363571167,5.04,-3991022.0
5.9801576137542725,5.04,-3938311.0
5.992724180221558,5.04,-3991022.0
6.0056445598602295,5.04,-4045175.5
6.017780303955078,5.04,-3853539.5
6.0302019119262695,5.04,-4100783.5
6.042429685592651,5.04,-4008894.75
6.054754734039307,5.04,-4158004.0
6.066901206970215,5.04,-4008894.75
6.079099655151367,5.04,-3921065.75
6.091321229934692,5.04,-4138768.75
6.103445768356323,5.04,-3955709.75
6.115461111068726,5.04,-3991022.0
6.127658128738403,5.04,-4063542.0
6.139602899551392,5.04,-3921065.75
6.151789665222168,5.04,-4100783.5
6.161251544952393,5.04,-3921065.75
6.173892974853516,5.04,-3725287.25
6.185622453689575,5.04,-4026929.75
6.1979687213897705,5.04,-3804445.0
6.2103729248046875,5.04,-4008894.75
6.222720146179199,5.04,-3837033.25
6.234973192214966,5.04,-4026929.75
6.247194051742554,5.04,-4177420.25
6.259519338607788,5.04,-3870189.5
6.271834135055542,5.04,-4063542.0
6.284005880355835,5.04,-3991022.0
6.2962658405303955,5.04,-3887028.25
6.307567119598389,5.04,-4045175.5
6.3199074268341064,5.04,-3772370.0
6.332020044326782,5.04,-4082077.0
6.344396114349365,5.04,-4008894.75
6.356816053390503,5.04,-4063542.0
6.369186878204346,5.04,-4082077.0
6.381026268005371,5.04,-3853539.5
6.39314866065979,5.04,-4082077.0
6.4029059410095215,5.04,-4063542.0
6.415025234222412,5.04,-3725287.25
6.42738151550293,5.04,-4026929.75
6.439582109451294,5.04,-3788318.5
6.451929330825806,5.04,-3938311.0
6.464165687561035,5.04,-4026929.75
6.476535320281982,5.04,-3887028.25
6.488786220550537,5.04,-3903972.25
6.500967264175415,5.04,-3938311.0
6.513393402099609,5.04,-4008894.75
6.525729656219482,5.04,-4045175.5
6.5380449295043945,5.04,-3903972.25
6.550099611282349,5.04,-4138768.75
6.562079668045044,5.04,-3991022.0
6.574141502380371,5.04,-4045175.5
6.5865137577056885,5.04,-3973309.25
6.598593473434448,5.04,-3938311.0
6.609972715377808,5.04,-4119663.75
6.622196674346924,5.04,-3991022.0
6.630722284317017,5.04,-4045175.5
6.643123388290405,5.04,-3955709.75
6.6554272174835205,5.04,-3725287.25
6.6676881313323975,5.04,-3991022.0
6.681381464004517,5.04,-3853539.5
6.693527698516846,5.04,-3973309.25
6.705960750579834,5.04,-4082077.0
6.7182393074035645,5.04,-3938311.0
6.730546236038208,5.04,-4100783.5
6.742827653884888,5.04,-3973309.25
6.755079507827759,5.04,-4082077.0
6.767358064651489,5.04,-4045175.5
6.779598712921143,5.04,-3955709.75
6.791736364364624,5.04,-4008894.75
6.803718328475952,5.04,-3921065.75
6.815810203552246,5.04,-4008894.75
6.828068494796753,5.04,-4026929.75
6.840124845504761,5.04,-3853539.5
6.8520355224609375,5.04,-4082077.0
6.863926649093628,5.04,-3973309.25
6.873673915863037,5.04,-3887028.25
6.886117219924927,5.04,-3820669.0
6.898361682891846,5.04,-3820669.0
6.910773754119873,5.04,-3938311.0
6.92318868637085,5.04,-3804445.0
6.935242414474487,5.04,-3870189.5
6.947644472122192,5.04,-4026929.75
6.959985256195068,5.04,-3870189.5
6.9721057415008545,5.04,-4008894.75
6.984373092651367,5.04,-3973309.25
6.995386838912964,5.04,-3938311.0
7.007911682128906,5.04,-3973309.25
7.020100355148315,5.04,-3837033.25
7.0324318408966064,5.04,-4008894.75
7.044519901275635,5.04,-3973309.25
7.056922674179077,5.04,-3921065.75
7.069422721862793,5.04,-3991022.0
7.0815589427948,5.04,-3955709.75
7.093758583068848,5.04,-4026929.75
7.105757713317871,5.04,-3973309.25
7.115370988845825,5.04,-3938311.0
7.127847671508789,5.04,-3740875.75
7.140214920043945,5.04,-3870189.5
7.152434587478638,5.04,-3853539.5
7.164535284042358,5.04,-3853539.5
7.176908731460571,5.04,-3991022.0
7.189326763153076,5.04,-4177420.25
7.201510906219482,5.04,-3955709.75
7.213979005813599,5.04,-4008894.75
7.226050138473511,5.04,-3991022.0
7.23838210105896,5.04,-3991022.0
7.2506043910980225,5.04,-4158004.0
7.262691020965576,5.04,-4063542.0
7.274738550186157,5.04,-4045175.5
7.286577939987183,5.04,-4257000.0
7.298835515975952,5.04,-4045175.5
7.311112642288208,5.04,-4277361.5
7.3230719566345215,5.04,-3955709.75
7.335130453109741,5.04,-4216806.5
7.344959735870361,5.04,-4339696.0
7.356992959976196,5.04,-3837033.25
7.368302583694458,5.04,-4492437.5
7.3804686069488525,5.04,-3921065.75
7.392657279968262,5.04,-3973309.25
7.40506386756897,5.04,-4277361.5
7.417166233062744,5.04,-3973309.25
7.429409980773926,5.04,-4515196.5
7.441728591918945,5.04,-4063542.0
7.454021215438843,5.04,-4138768.75
7.466294765472412,5.04,-4257000.0
7.478558540344238,5.04,-3991022.0
7.4908127784729,5.04,-4632323.0
7.503009557723999,5.04,-4026929.75
7.515246152877808,5.04,-4197020.5
7.527539014816284,5.04,-4447719.0
7.539777994155884,5.04,-3991022.0
7.552000522613525,5.04,-4492437.5
7.5641984939575195,5.04,-4026929.75
7.572793006896973,5.04,-4138768.75
7.585137844085693,5.04,-4197020.5
7.597452163696289,5.04,-3955709.75
7.609677076339722,5.04,-4515196.5
7.621923208236694,5.04,-4063542.0
7.634174585342407,5.04,-4119663.75
7.64664626121521,5.04,-4538131.0
7.65890908241272,5.04,-3938311.0
7.671511650085449,5.04,-4680881.0
7.683841943740845,5.04,-4257000.0
7.696048259735107,5.04,-4177420.25
7.708531379699707,5.04,-4656474.5
7.720956563949585,5.04,-3938311.0
7.732748746871948,5.03,-4806948.5
7.745144844055176,5.04,-4360864.5
7.7572832107543945,5.04,-4158004.0
7.769349575042725,5.03,-4781203.5
7.781496524810791,5.04,-3955709.75
7.793941497802734,5.04,-4584710.0
7.802992343902588,5.04,-4360864.5
7.815090894699097,5.04,-3853539.5
7.827803373336792,5.04,-4730474.5
7.840497255325317,5.04,-3820669.0
7.852776288986206,5.04,-4236832.5
7.8653037548065186,5.04,-4318733.0
7.877270460128784,5.04,-3973309.25
7.889688968658447,5.03,-4995428.0
7.901901006698608,5.04,-3903972.25
7.914345026016235,5.04,-4382242.5
7.926297426223755,5.04,-4561300.5
7.938565015792847,5.04,-4063542.0
7.950746297836304,5.03,-5023554.5
7.962924242019653,5.04,-4082077.0
7.97496223449707,5.04,-4403833.0
7.98703145980835,5.03,-4806948.5
7.9991443157196045,5.04,-4026929.75
8.011327743530273,5.03,-5023554.5
8.023106098175049,5.04,-4100783.5
8.03281831741333,5.04,-4360864.5
8.045284748077393,5.04,-4297920.5
8.057705402374268,5.04,-3709868.25
8.069957494735718,5.03,-4995428.0
8.080808877944946,5.04,-3991022.0
8.093392848968506,5.04,-4339696.0
8.10574984550476,5.04,-4561300.5
8.118241786956787,5.04,-3870189.5
8.130866527557373,5.03,-5052002.0
8.143471717834473,5.04,-4236832.5
8.155903339385986,5.04,-4236832.5
8.168033599853516,5.04,-4656474.5
8.180341958999634,5.04,-4008894.75
8.192214965820312,5.03,-4967546.0
8.204380989074707,5.04,-4216806.5
8.215594291687012,5.04,-4382242.5
8.227976560592651,5.04,-4608362.0
8.240174770355225,5.04,-4063542.0
8.248697519302368,5.03,-4940045.0
8.261045694351196,5.04,-4082077.0
8.273305654525757,5.04,-3991022.0
8.285555601119995,5.04,-4469965.5
8.29780888557434,5.04,-4008894.75
8.310372591018677,5.04,-4656474.5
8.32245922088623,5.04,-4158004.0
8.33488416671753,5.04,-4158004.0
8.34756088256836,5.03,-4755735.5
8.359844207763672,5.04,-3921065.75
8.372718095779419,5.04,-4656474.5
8.38512396812439,5.04,-4158004.0
8.397323846817017,5.04,-4119663.75
8.409351587295532,5.04,-4515196.5
8.42151165008545,5.04,-3955709.75
8.433510303497314,5.04,-4608362.0
8.445690870285034,5.04,-4360864.5
8.457819700241089,5.04,-4026929.75
8.469924926757812,5.04,-4538131.0
8.479594230651855,5.04,-4045175.5
8.491557598114014,5.04,-4469965.5
8.504026889801025,5.04,-4063542.0
8.51617431640625,5.04,-3820669.0
8.52862811088562,5.04,-4492437.5
8.540766477584839,5.04,-3903972.25
8.55310845375061,5.04,-4158004.0
8.565632343292236,5.04,-4158004.0
8.577730894088745,5.04,-4063542.0
8.590196371078491,5.04,-4277361.5
8.602260828018188,5.04,-3973309.25
8.613948106765747,5.04,-4119663.75
8.625359296798706,5.04,-4100783.5
8.637548208236694,5.04,-3991022.0
8.649823665618896,5.04,-4100783.5
8.662098407745361,5.04,-4008894.75
8.67441177368164,5.04,-4119663.75
8.686886310577393,5.04,-4082077.0
8.699065685272217,5.04,-3955709.75
8.707594394683838,5.04,-4277361.5
8.720162868499756,5.04,-3903972.25
8.733052253723145,5.04,-3903972.25
8.745575666427612,5.04,-3903972.25
8.757919073104858,4.92,1996204.37
8.769170999526978,4.92,2044111.0
8.781211376190186,4.92,2152430.25
8.793681859970093,4.94,2953416.25
8.80618929862976,4.96,4374352.5
8.818865060806274,4.96,4144240.5
8.831283807754517,4.96,3991401.0
8.843775749206543,4.97,4758266.5
8.856072902679443,4.95,3266987.5
8.867854595184326,4.96,3669678.25
8.880285024642944,4.93,2266646.25
8.892314195632935,5.04,-4045175.5
8.904534578323364,5.04,-3955709.75
8.916617393493652,5.04,-3991022.0
8.928442001342773,5.04,-4063542.0
8.93822431564331,5.04,-3903972.25
8.950281858444214,5.04,-3788318.5
8.962673902511597,5.04,-3788318.5
8.975152015686035,5.04,-3804445.0
8.987366199493408,5.04,-4082077.0
8.998307704925537,5.04,-3853539.5
9.010844945907593,5.04,-4045175.5
9.02334189414978,5.04,-3991022.0
9.03586745262146,5.04,-3973309.25
9.04889178276062,5.04,-3973309.25
9.061076879501343,5.04,-3921065.75
9.073383808135986,5.04,-4026929.75
9.085474729537964,5.04,-4026929.75
9.097436904907227,5.04,-4008894.75
9.10891842842102,5.04,-4197020.5
9.12131643295288,5.04,-3938311.0
9.13347840309143,5.04,-4082077.0
9.145750761032104,5.04,-4216806.5
9.158119440078735,5.04,-3938311.0
9.169950485229492,5.04,-4138768.75
9.179865837097168,5.04,-3921065.75
9.19228720664978,5.04,-3973309.25
9.204217672348022,5.04,-3938311.0
9.216505765914917,5.04,-3820669.0
9.228988409042358,5.04,-4138768.75
9.241341590881348,5.04,-3955709.75
9.253496885299683,5.04,-3991022.0
9.266037225723267,5.04,-4082077.0
9.277963399887085,5.04,-4008894.75
9.29054856300354,5.04,-4119663.75
9.302821397781372,5.04,-4045175.5
9.314925909042358,5.04,-4382242.5
9.327053785324097,5.04,-4318733.0
9.33917236328125,5.04,-4063542.0
9.351205348968506,5.03,-4781203.5
9.363033771514893,5.04,-4158004.0
9.375390529632568,5.04,-4492437.5
9.387533187866211,5.04,-4632323.0
9.399322509765625,5.04,-4216806.5
9.409220695495605,5.03,-5323575.5
9.42171835899353,5.04,-3991022.0
9.433555126190186,5.04,-4297920.5
9.446065425872803,5.04,-4561300.5
9.458381175994873,5.04,-4138768.75
9.470627069473267,5.03,-5169187.5
9.482855319976807,5.04,-4197020.5
9.495146751403809,5.04,-4403833.0
9.507523775100708,5.04,-4730474.5
9.519781589508057,5.04,-4138768.75
9.531987190246582,5.03,-5387928.0
9.5442795753479,5.04,-4632323.0
9.556405067443848,5.04,-4492437.5
9.568435668945312,5.03,-4995428.0
9.58051061630249,5.04,-4138768.75
9.592669486999512,5.03,-5420778.5
9.604801177978516,5.04,-4469965.5
9.616284847259521,5.04,-4339696.0
9.628473997116089,5.03,-5109881.5
9.637096405029297,5.04,-4045175.5
9.64941954612732,5.03,-5291975.5
9.661768436431885,5.04,-4425694.0
9.674081087112427,5.04,-4100783.5
9.686278581619263,5.03,-5169187.5
9.698475360870361,5.04,-4119663.75
9.71091365814209,5.03,-5052002.0
9.723342895507812,5.04,-4656474.5
9.735751152038574,5.04,-4339696.0
9.748267412185669,5.03,-5355557.0
9.760422706604004,5.04,-4063542.0
9.772971868515015,5.03,-5139400.0
9.785614252090454,5.04,-4608362.0
9.797760725021362,5.04,-4382242.5
9.80989122390747,5.03,-5291975.5
9.822009325027466,5.04,-3955709.75
9.833967447280884,5.03,-5355557.0
9.846190690994263,5.03,-4755735.5
9.855638980865479,5.04,-4236832.5
9.867818832397461,5.03,-4832973.5
9.880330324172974,5.04,-3804445.0
9.892244338989258,5.03,-4940045.0
9.904829502105713,5.04,-4425694.0
9.915712356567383,5.04,-4216806.5
9.927917242050171,5.03,-5199324.5
9.940205574035645,5.04,-4100783.5
9.952431440353394,5.03,-5023554.5
9.965085506439209,5.03,-4832973.5
9.977296113967896,5.04,-4297920.5
9.989646911621094,5.03,-5109881.5
10.001827716827393,5.04,-4045175.5
10.014120817184448,5.03,-4885952.5
10.026424169540405,5.04,-4632323.0
10.038868188858032,5.04,-3991022.0
10.051164150238037,5.03,-4995428.0
10.063366889953613,5.04,-4082077.0
10.075087547302246,5.04,-4382242.5
10.084905624389648,5.04,-4515196.5
10.097323894500732,5.04,-3837033.25
10.109946250915527,5.03,-4885952.5
10.121777296066284,5.04,-3955709.75
10.133983612060547,5.04,-4216806.5
10.146426439285278,5.04,-4538131.0
10.158730030059814,5.04,-4177420.25
10.171115398406982,5.03,-5169187.5
10.183134078979492,5.04,-4008894.75
10.194452285766602,5.04,-4318733.0
10.206935167312622,5.04,-4561300.5
10.219310283660889,5.04,-4063542.0
10.23167085647583,5.03,-5139400.0
10.244337320327759,5.04,-4382242.5
10.256457805633545,5.04,-4318733.0
10.268605947494507,5.04,-4730474.5
10.280763387680054,5.04,-4063542.0
10.292188167572021,5.03,-5052002.0
10.304447412490845,5.04,-4158004.0
10.313099384307861,5.04,-4277361.5
10.325718402862549,5.04,-4403833.0
10.337899923324585,5.05,-3664375.0
10.350192070007324,5.03,-4859351.0
10.362824201583862,5.04,-4063542.0
10.375817775726318,5.04,-4236832.5
10.388142347335815,5.04,-4632323.0
10.400389194488525,5.04,-3903972.25
10.412615537643433,5.03,-4859351.0
10.424991846084595,5.04,-4158004.0
10.437201023101807,5.04,-4297920.5
10.44942831993103,5.04,-4492437.5
10.461719512939453,5.04,-3837033.25
10.473581552505493,5.03,-4885952.5
10.485670328140259,5.04,-4158004.0
10.497838973999023,5.04,-4045175.5
10.509891271591187,5.04,-4538131.0
10.521999835968018,5.04,-3804445.0
10.531484603881836,5.03,-4781203.5
10.54366660118103,5.04,-3973309.25
10.555997133255005,5.04,-3903972.25
10.568243265151978,5.04,-4318733.0
10.580390930175781,5.04,-3740875.75
10.592894077301025,5.04,-4318733.0
10.605232954025269,5.04,-4045175.5
10.617262840270996,5.04,-4045175.5
10.628988981246948,5.04,-4318733.0
10.64050555229187,5.04,-3955709.75
10.652797937393188,5.04,-4177420.25
10.665207147598267,5.04,-4216806.5
10.67743468284607,5.04,-4026929.75
10.689708471298218,5.04,-4063542.0
10.70223069190979,5.04,-4045175.5
10.714475631713867,5.04,-4119663.75
10.726637840270996,5.04,-4082077.0
10.7389657497406,5.04,-4008894.75
10.751296997070312,5.04,-4119663.75
10.763359069824219,5.04,-4008894.75
10.773106098175049,5.04,-4063542.0
10.785240888595581,5.04,-3837033.25
10.79777216911316,5.04,-3870189.5
10.809781074523926,5.04,-4045175.5
10.82218337059021,5.04,-3903972.25
10.834367036819458,5.04,-3955709.75
10.846806526184082,5.04,-3973309.25
10.859328746795654,5.04,-3837033.25
10.871370077133179,5.04,-4100783.5
10.883598327636719,5.04,-3938311.0
10.895915985107422,5.04,-4026929.75
10.908326625823975,5.04,-4082077.0
10.92050290107727,5.04,-3955709.75
10.93234133720398,5.04,-4026929.75
10.944581747055054,5.04,-3870189.5
10.956766366958618,5.04,-3973309.25
10.96877670288086,5.04,-3903972.25
10.980940818786621,5.04,-3921065.75
10.992999792098999,5.04,-4082077.0
11.00501537322998,5.04,-3870189.5
11.014718532562256,5.04,-3955709.75
11.027076005935669,5.04,-3788318.5
11.039458751678467,5.05,-3634628.75
11.051386594772339,5.04,-4026929.75
11.063859701156616,5.04,-3870189.5
11.076197624206543,5.04,-3820669.0
11.088449001312256,5.04,-3991022.0
11.100708484649658,5.04,-3788318.5
11.113007545471191,5.04,-4100783.5
11.125305652618408,5.04,-3955709.75
11.137601613998413,5.04,-3955709.75
11.150178670883179,5.04,-4026929.75
11.161974906921387,5.04,-3853539.5
11.174222230911255,5.04,-4216806.5
11.186174392700195,5.04,-3921065.75
11.198468446731567,5.04,-3973309.25
11.210316896438599,5.04,-4236832.5
11.222605228424072,5.04,-3973309.25
11.234649181365967,5.04,-4100783.5
11.246667385101318,5.04,-4082077.0
11.256389141082764,5.04,-3991022.0
11.269081592559814,5.04,-3991022.0
11.281086206436157,5.04,-3921065.75
11.293187379837036,5.04,-3938311.0
11.305465936660767,5.04,-3991022.0
11.31769871711731,5.04,-3991022.0
11.330058574676514,5.04,-4138768.75
11.342219591140747,5.04,-3887028.25
11.353247165679932,5.04,-4082077.0
11.366008043289185,5.04,-3991022.0
11.378241300582886,5.04,-4082077.0
11.390447616577148,5.04,-4632323.0
11.402859926223755,5.04,-3853539.5
11.415415287017822,5.04,-4632323.0
11.427719831466675,5.04,-4447719.0
11.43958592414856,5.04,-4063542.0
11.451817989349365,5.03,-5023554.5
11.46375322341919,5.04,-4158004.0
11.473458528518677,5.03,-4755735.5
11.485644102096558,5.04,-4469965.5
11.498045682907104,5.04,-3887028.25
11.510203838348389,5.03,-5260751.0
11.52248501777649,5.04,-4082077.0
11.534706592559814,5.04,-4297920.5
11.54714035987854,5.04,-4705546.5
11.559524536132812,5.04,-4138768.75
11.571567058563232,5.03,-5453950.0
11.583687543869019,5.04,-4197020.5
11.594863891601562,5.04,-4538131.0
11.607463359832764,5.03,-4755735.5
11.619470834732056,5.04,-4177420.25
11.631595849990845,5.03,-5555961.0
11.64377498626709,5.04,-4236832.5
11.656193733215332,5.04,-4492437.5
11.668410539627075,5.03,-5023554.5
11.68068528175354,5.04,-4197020.5
11.69313383102417,5.03,-5453950.0
11.701723337173462,5.04,-4447719.0
11.714234590530396,5.04,-4318733.0
11.726565837860107,5.03,-4885952.5
11.73958945274353,5.04,-4138768.75
11.751908779144287,5.03,-5420778.5
11.764243125915527,5.04,-4469965.5
11.776611804962158,5.04,-4632323.0
11.788986206054688,5.03,-5023554.5
11.800954818725586,5.04,-4082077.0
11.812912940979004,5.03,-5521533.5
11.824668169021606,5.04,-4656474.5
11.83705472946167,5.04,-4561300.5
11.84958815574646,5.03,-5052002.0
11.861927509307861,5.04,-4138768.75
11.874239206314087,5.03,-5420778.5
11.886257648468018,5.04,-4705546.5
11.898436307907104,5.04,-4297920.5
11.910465002059937,5.03,-5139400.0
11.919838666915894,5.04,-4008894.75
11.93216586112976,5.03,-4940045.0
11.944576740264893,5.04,-4447719.0
11.956833124160767,5.04,-4138768.75
11.969062805175781,5.03,-5109881.5
11.98136305809021,5.04,-3973309.25
11.993594646453857,5.03,-4940045.0
12.005959510803223,5.04,-4632323.0
12.018040180206299,5.04,-4360864.5
12.030454635620117,5.03,-5355557.0
12.042604923248291,5.04,-3973309.25
12.055078983306885,5.03,-5052002.0
12.067466735839844,5.03,-4806948.5
12.079227209091187,5.04,-4257000.0
12.091327428817749,5.03,-5420778.5
12.103463411331177,5.04,-4026929.75
12.115681648254395,5.03,-4967546.0
12.127523422241211,5.03,-4885952.5
12.139907836914062,5.04,-4297920.5
12.148189544677734,5.03,-5555961.0
12.160566806793213,5.04,-4045175.5
12.172816038131714,5.03,-4755735.5
12.18529748916626,5.04,-4656474.5
12.19813346862793,5.04,-3955709.75
12.210879802703857,5.03,-5521533.5
12.222815752029419,5.04,-4177420.25
12.235123634338379,5.04,-4632323.0
12.247527837753296,5.03,-4940045.0
12.259908437728882,5.04,-4277361.5
12.272112369537354,5.03,-5521533.5
12.284325122833252,5.04,-4216806.5
12.296576976776123,5.04,-4515196.5
12.308477401733398,5.03,-4995428.0
12.320633172988892,5.04,-4318733.0
12.332263231277466,5.03,-5555961.0
12.344474792480469,5.04,-4216806.5
12.356825828552246,5.04,-4632323.0
12.369046211242676,5.03,-4940045.0
12.378781080245972,5.04,-4236832.5
12.390979766845703,5.03,-5323575.5
12.403123378753662,5.04,-4119663.75
12.41530990600586,5.04,-4403833.0
12.426767587661743,5.03,-4940045.0
12.439118385314941,5.04,-4082077.0
12.451293706893921,5.03,-5555961.0
12.463866472244263,5.04,-4216806.5
12.476700782775879,5.04,-4492437.5
12.48928952217102,5.03,-5199324.5
12.5014009475708,5.04,-4119663.75
12.513713836669922,5.03,-5355557.0
12.525975465774536,5.04,-4403833.0
12.537981510162354,5.04,-4403833.0
12.550243854522705,5.03,-4832973.5
12.562068939208984,5.04,-4063542.0
12.574240446090698,5.03,-4995428.0
12.586292028427124,5.04,-4277361.5
12.598272323608398,5.04,-4177420.25
12.607979536056519,5.04,-4360864.5
12.620492458343506,5.05,-3649421.75
12.631140947341919,5.04,-4360864.5
12.643410682678223,5.04,-3853539.5
12.655797243118286,5.04,-3921065.75
12.668072700500488,5.04,-4082077.0
12.680359363555908,5.04,-3820669.0
12.69289517402649,5.04,-4216806.5
12.705308675765991,5.04,-3938311.0
12.71740984916687,5.04,-3973309.25
12.730067253112793,5.04,-4063542.0
12.742892503738403,5.04,-3804445.0
12.755221366882324,5.04,-4236832.5
12.767401933670044,5.04,-3921065.75
12.779386043548584,5.04,-4008894.75
12.791527509689331,5.04,-4008894.75
12.803657054901123,5.04,-3853539.5
12.815721035003662,5.04,-3955709.75
12.827914953231812,5.04,-3938311.0
12.83731746673584,5.04,-3938311.0
12.849734544754028,5.04,-3837033.25
12.861750602722168,5.04,-3820669.0
12.874308109283447,5.04,-3921065.75
12.88646936416626,5.04,-3788318.5
12.898874521255493,5.04,-3903972.25
12.91100263595581,5.04,-4119663.75
12.923328876495361,5.04,-3955709.75
12.935453176498413,5.04,-3991022.0
12.947890043258667,5.04,-3938311.0
12.96034860610962,5.04,-3955709.75
12.97315263748169,5.04,-4063542.0
12.984619617462158,5.04,-4063542.0
12.996703624725342,5.04,-4008894.75
13.008835792541504,5.04,-4008894.75
13.02090311050415,5.04,-3903972.25
13.033092021942139,5.04,-4082077.0
13.045137405395508,5.04,-3820669.0
13.057305335998535,5.04,-4008894.75
13.066790103912354,5.04,-4008894.75
13.079078912734985,5.04,-3725287.25
13.091447114944458,5.04,-3772370.0
13.10352897644043,5.04,-3804445.0
13.115891933441162,5.04,-3870189.5
13.128233671188354,5.04,-3870189.5
13.140944480895996,5.04,-3955709.75
13.15267300605774,5.04,-4045175.5
13.165025234222412,5.04,-3973309.25
13.177381038665771,5.04,-4026929.75
13.189650058746338,5.04,-4138768.75
13.201873302459717,5.04,-3903972.25
13.214107751846313,5.04,-4216806.5
13.226245641708374,5.04,-4158004.0
13.238406896591187,5.04,-4100783.5
13.250277519226074,5.04,-4177420.25
13.262375354766846,5.04,-3837033.25
13.274711608886719,5.04,-4492437.5
13.2868013381958,5.04,-4100783.5
13.298861265182495,5.04,-3955709.75
13.307062864303589,5.04,-4297920.5
13.319605827331543,5.05,-3649421.75
13.331870555877686,5.04,-4318733.0
13.344417095184326,5.04,-3991022.0
13.35690975189209,5.04,-3887028.25
13.369791746139526,5.04,-4515196.5
13.382023096084595,5.04,-3870189.5
13.394376039505005,5.03,-4755735.5
13.406733989715576,5.04,-4318733.0
13.418783903121948,5.04,-4177420.25
13.429919958114624,5.03,-4940045.0
13.442455768585205,5.04,-3853539.5
13.45484185218811,5.04,-4656474.5
13.467238426208496,5.04,-4425694.0
13.479548931121826,5.04,-4119663.75
13.491910934448242,5.03,-4912849.0
13.503949642181396,5.04,-3921065.75
13.516117811203003,5.04,-4632323.0
13.528223752975464,5.04,-4584710.0
13.537737607955933,5.04,-4082077.0
13.550009727478027,5.04,-4705546.5
13.562208652496338,5.04,-3772370.0
13.574490547180176,5.04,-4492437.5
13.586834907531738,5.04,-4561300.5
13.599131107330322,5.04,-4082077.0
13.611518621444702,5.03,-5199324.5
13.623783588409424,5.04,-3955709.75
13.634626150131226,5.04,-4561300.5
13.64687728881836,5.04,-4656474.5
13.65924596786499,5.04,-4045175.5
13.6715567111969,5.03,-5139400.0
13.683653831481934,5.04,-4045175.5
13.696170806884766,5.04,-4538131.0
13.708611011505127,5.04,-4705546.5
13.72078251838684,5.04,-4026929.75
13.732976198196411,5.03,-5229817.0
13.745379447937012,5.04,-4158004.0
13.757446050643921,5.04,-4297920.5
13.767099857330322,5.04,-4705546.5
13.77950668334961,5.04,-3837033.25
13.79174518585205,5.03,-4859351.0
13.803902626037598,5.04,-4008894.75
13.816227197647095,5.04,-4257000.0
13.82860779762268,5.03,-4755735.5
13.840860843658447,5.04,-3991022.0
13.852921485900879,5.03,-5355557.0
13.865373134613037,5.04,-4216806.5
13.877734661102295,5.04,-4447719.0
13.890032052993774,5.03,-4912849.0
13.902152299880981,5.04,-4063542.0
13.914186716079712,5.03,-5291975.5
13.926392316818237,5.04,-4236832.5
13.93846845626831,5.04,-4425694.0
13.950520515441895,5.03,-4755735.5
13.962526321411133,5.04,-4063542.0
13.974653244018555,5.03,-5199324.5
13.984253406524658,5.04,-4515196.5
13.99643325805664,5.04,-4197020.5
14.008792638778687,5.04,-4656474.5
14.020972728729248,5.04,-3837033.25
14.033310174942017,5.03,-5080776.0
14.045638799667358,5.04,-4538131.0
14.057968616485596,5.04,-4339696.0
14.070124387741089,5.03,-4967546.0
14.082873821258545,5.04,-3903972.25
14.094768762588501,5.03,-5080776.0
14.1068594455719,5.04,-4492437.5
14.119169235229492,5.04,-4158004.0
14.131347894668579,5.03,-4940045.0
14.143305778503418,5.04,-3921065.75
14.155571699142456,5.03,-5080776.0
14.16786789894104,5.04,-4515196.5
14.179679870605469,5.04,-4138768.75
14.1919264793396,5.03,-4885952.5
14.203786611557007,5.04,-3921065.75
14.213755130767822,5.04,-4608362.0
14.225720167160034,5.04,-4360864.5
14.23809289932251,5.04,-3991022.0
14.250358581542969,5.03,-4806948.5
14.262893438339233,5.04,-3955709.75
14.275016784667969,5.04,-4608362.0
14.287103652954102,5.04,-4561300.5
14.29840350151062,5.04,-4100783.5
14.310600757598877,5.03,-5291975.5
14.32291316986084,5.04,-3991022.0
14.335612773895264,5.04,-4561300.5
14.348508358001709,5.04,-4608362.0
14.36079478263855,5.04,-4063542.0
14.3729248046875,5.03,-4995428.0
14.384838819503784,5.04,-3938311.0
14.396973371505737,5.04,-4561300.5
14.409172534942627,5.04,-4584710.0
14.421174764633179,5.04,-4063542.0
14.430771112442017,5.03,-4940045.0
14.44296669960022,5.04,-3870189.5
14.455132246017456,5.04,-4339696.0
14.467489242553711,5.04,-4318733.0
14.479830503463745,5.04,-4008894.75
14.492224216461182,5.04,-4680881.0
14.504208326339722,5.04,-3837033.25
14.516284227371216,5.04,-4277361.5
14.528948783874512,5.04,-4360864.5
14.541250944137573,5.04,-3804445.0
14.55341386795044,5.04,-4680881.0
14.565687417984009,5.04,-3870189.5
14.577966928482056,5.04,-4082077.0
14.589968204498291,5.04,-4339696.0
14.601919174194336,5.04,-3903972.25
14.614009857177734,5.04,-4656474.5
14.626049041748047,5.04,-3921065.75
14.637734651565552,5.04,-3991022.0
14.649938106536865,5.04,-4257000.0
14.658628940582275,5.04,-3788318.5
14.670932292938232,5.04,-4277361.5
14.683187246322632,5.04,-3837033.25
14.69574499130249,5.04,-3921065.75
14.708167552947998,5.04,-4318733.0
14.720438718795776,5.04,-3903972.25
14.732942581176758,5.04,-4656474.5
14.745311975479126,5.04,-4082077.0
14.758355855941772,5.04,-4177420.25
14.770520210266113,5.04,-4680881.0
14.782796144485474,5.04,-3955709.75
14.795281887054443,5.03,-4940045.0
14.807209968566895,5.04,-4447719.0
14.819167613983154,5.04,-4236832.5
14.831399917602539,5.03,-4755735.5
14.84363341331482,5.04,-3921065.75
14.85565447807312,5.03,-4912849.0
14.867814064025879,5.04,-4447719.0
14.879905939102173,5.04,-4257000.0
14.889335632324219,5.03,-4940045.0
14.901740789413452,5.04,-3788318.5
14.914100408554077,5.03,-4912849.0
14.926168203353882,5.04,-4447719.0
14.938408851623535,5.04,-4119663.75
14.95072627067566,5.03,-5023554.5
14.96313190460205,5.04,-4026929.75
14.973996639251709,5.03,-5199324.5
14.986281156539917,5.04,-4705546.5
14.998570442199707,5.04,-4382242.5
15.01081109046936,5.03,-5199324.5
15.023271322250366,5.04,-4177420.25
15.035525798797607,5.03,-4806948.5
15.047765493392944,5.03,-4781203.5
15.059991121292114,5.04,-4277361.5
15.072247505187988,5.03,-5355557.0
15.084485530853271,5.04,-4158004.0
15.096929788589478,5.03,-4806948.5
15.109227895736694,5.03,-4940045.0
15.118892192840576,5.04,-4257000.0
15.131035327911377,5.03,-5169187.5
15.143372774124146,5.04,-4063542.0
15.155555248260498,5.04,-4492437.5
15.167663335800171,5.04,-4680881.0
15.180148363113403,5.04,-4236832.5
15.192469596862793,5.03,-5521533.5
15.20465636253357,5.04,-4297920.5
15.216999053955078,5.04,-4632323.0
15.229235172271729,5.03,-5139400.0
15.241755723953247,5.04,-4257000.0
15.253623247146606,5.03,-5698194.5
15.265867233276367,5.04,-4403833.0
15.278032302856445,5.04,-4656474.5
15.28979206085205,5.03,-5199324.5
15.301472425460815,5.04,-4236832.5
15.313698053359985,5.03,-5734975.5
15.326180696487427,5.04,-4447719.0
15.3383150100708,5.04,-4584710.0
15.34733772277832,5.03,-5052002.0
15.360153436660767,5.04,-3853539.5
15.372556447982788,5.03,-5886606.0
15.385420083999634,5.04,-4297920.5
15.397072792053223,5.04,-4297920.5
15.409493446350098,5.03,-5169187.5
15.421770334243774,5.04,-4082077.0
15.434048891067505,5.03,-5355557.0
15.44624948501587,5.04,-4447719.0
15.458671808242798,5.04,-4382242.5
15.47087287902832,5.03,-5229817.0
15.48310661315918,5.04,-4119663.75
15.495189189910889,5.03,-5555961.0
15.507314920425415,5.04,-4469965.5
15.519288301467896,5.04,-4425694.0
15.53148365020752,5.03,-5323575.5
15.54360055923462,5.04,-4045175.5
15.555387258529663,5.03,-5521533.5
15.564108610153198,5.03,-4781203.5
15.576446056365967,5.04,-4177420.25
15.588808059692383,5.03,-5052002.0
15.601378202438354,5.04,-4100783.5
15.61447548866272,5.03,-5453950.0
15.626423120498657,5.03,-4781203.5
15.63743543624878,5.04,-4515196.5
15.649632692337036,5.03,-5387928.0
15.662077188491821,5.04,-4236832.5
15.67438530921936,5.03,-5323575.5
15.686638355255127,5.03,-4995428.0
15.700289726257324,5.04,-4382242.5
15.712476253509521,5.03,-5387928.0
15.724558591842651,5.04,-4177420.25
15.736492395401001,5.03,-5291975.5
15.74872875213623,5.03,-4940045.0
15.760833263397217,5.04,-4277361.5
15.77289366722107,5.03,-5355557.0
15.784883737564087,5.04,-4177420.25
15.794426679611206,5.03,-4755735.5
15.806752920150757,5.03,-4755735.5
15.819314956665039,5.04,-4082077.0
15.831486225128174,5.03,-5387928.0
15.843867778778076,5.04,-4216806.5
15.855897665023804,5.04,-4705546.5
15.868282318115234,5.03,-4912849.0
15.880605697631836,5.04,-4339696.0
15.892629861831665,5.03,-5734975.5
15.905043125152588,5.04,-4318733.0
15.917375087738037,5.04,-4680881.0
15.92966103553772,5.03,-4912849.0
15.941772222518921,5.04,-4277361.5
15.95359992980957,5.03,-5626219.0
15.965857982635498,5.04,-4277361.5
15.97801160812378,5.04,-4730474.5
15.990125179290771,5.03,-5109881.5
16.002100467681885,5.04,-4339696.0
16.01185631752014,5.03,-5886606.0
16.02384376525879,5.04,-4257000.0
16.036258459091187,5.04,-4538131.0
16.048505067825317,5.03,-4859351.0
16.060875415802002,5.04,-4297920.5
16.072965383529663,5.03,-5698194.5
16.08534336090088,5.04,-4360864.5
16.097647428512573,5.04,-4656474.5
16.109968900680542,5.03,-5109881.5
16.122143983840942,5.04,-4177420.25
16.13428831100464,5.03,-5521533.5
16.14676833152771,5.04,-4360864.5
16.15896725654602,5.04,-4515196.5
16.170958042144775,5.03,-5023554.5
16.183083057403564,5.04,-4138768.75
16.195247411727905,5.03,-5291975.5
16.207393646240234,5.04,-4382242.5
16.219356536865234,5.04,-4382242.5
16.23142433166504,5.03,-4912849.0
16.241029739379883,5.04,-4026929.75
16.253148555755615,5.03,-4912849.0
16.265771865844727,5.04,-4277361.5
16.276747703552246,5.04,-4119663.75
16.289026975631714,5.04,-4584710.0
16.30150294303894,5.04,-3955709.75
16.313639402389526,5.03,-4885952.5
16.326158046722412,5.04,-4339696.0
16.33885884284973,5.04,-4197020.5
16.35150694847107,5.03,-4859351.0
16.363926649093628,5.04,-3921065.75
16.376036405563354,5.03,-4995428.0
16.388274669647217,5.04,-4492437.5
16.400319814682007,5.04,-4297920.5
16.4126455783844,5.03,-5080776.0
16.424514770507812,5.04,-4008894.75
16.436553716659546,5.03,-4995428.0
16.448636054992676,5.04,-4730474.5
16.46093440055847,5.04,-4216806.5
16.47021794319153,5.03,-5169187.5
16.482786655426025,5.04,-4026929.75
16.494828462600708,5.03,-4885952.5
16.50717568397522,5.04,-4561300.5
16.519602298736572,5.04,-4045175.5
16.53161072731018,5.03,-5169187.5
16.544007539749146,5.04,-4158004.0
16.556276321411133,5.03,-5139400.0
16.568660974502563,5.03,-4755735.5
16.58100461959839,5.04,-4403833.0
16.593321084976196,5.03,-5260751.0
16.605321645736694,5.04,-4158004.0
16.616576194763184,5.03,-4781203.5
16.628942489624023,5.03,-4859351.0
16.640711545944214,5.04,-4216806.5
16.652913808822632,5.03,-5355557.0
16.665271759033203,5.04,-4197020.5
16.67750906944275,5.03,-4781203.5
16.689809322357178,5.03,-4912849.0
16.69940686225891,5.04,-4257000.0
16.712143182754517,5.03,-5420778.5
16.724087715148926,5.04,-4138768.75
16.736565351486206,5.04,-4515196.5
16.74890112876892,5.04,-4730474.5
16.76119303703308,5.04,-4257000.0
16.773305416107178,5.03,-5809796.0
16.785767793655396,5.04,-4216806.5
16.79801607131958,5.04,-4656474.5
16.810346126556396,5.03,-5387928.0
16.82256507873535,5.04,-4318733.0
16.83468532562256,5.03,-5661976.5
16.846919775009155,5.04,-4561300.5
16.859047889709473,5.04,-4584710.0
16.871052980422974,5.03,-5169187.5
16.88310146331787,5.04,-4257000.0
16.895169258117676,5.03,-5555961.0
16.907397747039795,5.03,-4781203.5
16.916603803634644,5.04,-4538131.0
16.92910623550415,5.03,-4859351.0
16.941526651382446,5.04,-3788318.5
16.953503131866455,5.03,-5555961.0
16.965940713882446,5.04,-4425694.0
16.97824740409851,5.04,-4515196.5
16.99049186706543,5.03,-5260751.0
17.002812385559082,5.04,-4082077.0
17.014995098114014,5.03,-5772142.0
17.027456760406494,5.04,-4705546.5
17.039612293243408,5.04,-4382242.5
17.05189871788025,5.03,-5291975.5
17.063794136047363,5.04,-4063542.0
17.076056241989136,5.03,-5453950.0
17.088133573532104,5.04,-4705546.5
17.10022234916687,5.04,-4382242.5
17.11238741874695,5.03,-5169187.5
17.124332904815674,5.04,-4082077.0
17.136293649673462,5.03,-5355557.0
17.14612579345703,5.04,-4705546.5
17.158491373062134,5.04,-4158004.0
17.17057490348816,5.03,-5199324.5
17.183061838150024,5.04,-4026929.75
17.19544768333435,5.03,-5109881.5
17.207456827163696,5.03,-4781203.5
17.219989776611328,5.04,-4339696.0
17.23223066329956,5.03,-5661976.5
17.244272470474243,5.04,-4045175.5
17.256752252578735,5.03,-5169187.5
17.268863677978516,5.03,-4940045.0
17.280858755111694,5.04,-4403833.0
17.29283881187439,5.03,-5453950.0
17.30457329750061,5.04,-4425694.0
17.316804885864258,5.03,-5109881.5
17.3292555809021,5.03,-4967546.0
17.34143590927124,5.04,-4403833.0
17.35351252555847,5.03,-5626219.0
17.363356351852417,5.04,-4318733.0
17.375468730926514,5.03,-4781203.5
17.387571573257446,5.03,-4755735.5
17.400214433670044,5.04,-4138768.75
17.412436485290527,5.03,-5555961.0
17.424474954605103,5.04,-4177420.25
17.436883687973022,5.03,-4859351.0
17.449211597442627,5.03,-5023554.5
17.461601972579956,5.04,-4277361.5
17.473796606063843,5.03,-5521533.5
17.4859938621521,5.04,-4297920.5
17.498388051986694,5.04,-4561300.5
17.51055359840393,5.03,-5023554.5
17.522480487823486,5.04,-4339696.0
17.53464126586914,5.03,-5809796.0
17.546704053878784,5.04,-4360864.5
17.558823347091675,5.04,-4584710.0
17.57090663909912,5.03,-5023554.5
17.582945108413696,5.04,-4297920.5
17.592657566070557,5.03,-5626219.0
17.604687452316284,5.04,-4236832.5
17.617136240005493,5.04,-4403833.0
17.629472732543945,5.03,-4940045.0
17.64047384262085,5.04,-4177420.25
17.65258002281189,5.03,-5661976.5
17.664893865585327,5.04,-4360864.5
17.677268028259277,5.04,-4608362.0
17.68953824043274,5.03,-5420778.5
17.702015161514282,5.04,-4197020.5
17.71427631378174,5.03,-5661976.5
17.726645946502686,5.04,-4705546.5
17.739043712615967,5.04,-4584710.0
17.751363515853882,5.03,-5139400.0
17.76400375366211,5.04,-4158004.0
17.77599048614502,5.03,-5626219.0
17.788052320480347,5.04,-4656474.5
17.800172567367554,5.04,-4538131.0
17.809654712677002,5.03,-5109881.5
17.821879386901855,5.04,-3772370.0
17.834367036819458,5.03,-5355557.0
17.84645652770996,5.04,-4447719.0
17.858781099319458,5.04,-4515196.5
17.87093758583069,5.03,-5229817.0
17.883461475372314,5.04,-4119663.75
17.895775079727173,5.03,-5291975.5
17.90792679786682,5.04,-4730474.5
17.92035937309265,5.04,-4318733.0
17.932472705841064,5.03,-5260751.0
17.94463300704956,5.04,-4100783.5
17.95688486099243,5.03,-5080776.0
17.968849658966064,5.03,-4781203.5
17.98110556602478,5.04,-4297920.5
17.993257522583008,5.03,-5260751.0
18.005263805389404,5.04,-4082077.0
18.017253637313843,5.03,-5199324.5
18.029299020767212,5.03,-4806948.5
18.038935661315918,5.04,-4297920.5
18.051165103912354,5.03,-5291975.5
18.063759803771973,5.04,-4045175.5
18.075806140899658,5.03,-4806948.5
18.088032484054565,5.03,-4967546.0
18.100550413131714,5.04,-4297920.5
18.112810373306274,5.03,-5387928.0
18.12492799758911,5.04,-4177420.25
18.137248992919922,5.03,-5052002.0
18.149621725082397,5.03,-5023554.5
18.161946058273315,5.04,-4360864.5
18.174073934555054,5.03,-5555961.0
18.18618631362915,5.04,-4382242.5
18.198209762573242,5.03,-4912849.0
18.210294008255005,5.03,-5080776.0
18.222386360168457,5.04,-4339696.0
18.234635829925537,5.03,-5626219.0
18.246578693389893,5.04,-4297920.5
18.255983352661133,5.03,-4912849.0
18.268215656280518,5.03,-4885952.5
18.279557704925537,5.04,-4100783.5
18.292001247406006,5.03,-5555961.0
18.30403208732605,5.04,-4297920.5
18.31651782989502,5.03,-4832973.5
18.32903480529785,5.03,-5229817.0
18.341577529907227,5.04,-4177420.25
18.354286909103394,5.03,-5590913.0
18.36663508415222,5.04,-4515196.5
18.37896418571472,5.04,-4584710.0
18.391254663467407,5.03,-5229817.0
18.403338193893433,5.04,-4177420.25
18.41550326347351,5.03,-5555961.0
18.427290678024292,5.04,-4492437.5
18.43963885307312,5.04,-4538131.0
18.45163893699646,5.03,-5169187.5
18.463674068450928,5.04,-4257000.0
18.475559949874878,5.03,-5772142.0
18.485321521759033,5.04,-4515196.5
18.497529983520508,5.04,-4277361.5
18.51004457473755,5.03,-5052002.0
18.522254943847656,5.04,-4138768.75
18.534740686416626,5.03,-5355557.0
18.5467267036438,5.04,-4538131.0
18.559242010116577,5.04,-4561300.5
18.571370601654053,5.03,-5420778.5
18.583709001541138,5.04,-4100783.5
18.595993995666504,5.03,-5555961.0
18.608320951461792,5.03,-4967546.0
18.620583295822144,5.04,-4469965.5
18.6326162815094,5.03,-5291975.5
18.644776582717896,5.04,-4119663.75
18.655826330184937,5.03,-5661976.5
18.668047428131104,5.03,-4912849.0
18.680431127548218,5.04,-4492437.5
18.692662715911865,5.03,-5323575.5
18.701159238815308,5.04,-4197020.5
18.71378803253174,5.03,-5291975.5
18.725996255874634,5.04,-4608362.0
18.738412618637085,5.04,-4026929.75
18.750843286514282,5.03,-5260751.0
18.76360583305359,5.04,-4026929.75
18.776212453842163,5.03,-4885952.5
18.788419246673584,5.03,-4967546.0
18.800763368606567,5.04,-4425694.0
18.81317710876465,5.03,-5420778.5
18.825453758239746,5.04,-4100783.5
18.837580919265747,5.03,-5139400.0
18.849857091903687,5.03,-4967546.0
18.861939191818237,5.04,-4318733.0
18.873719692230225,5.03,-5809796.0
18.886033296585083,5.04,-4158004.0
18.898135662078857,5.03,-4940045.0
18.91019582748413,5.03,-4940045.0
18.922165870666504,5.04,-4318733.0
18.93192219734192,5.03,-5925883.0
18.944268465042114,5.04,-4045175.5
18.956324577331543,5.04,-4608362.0
18.968663215637207,5.03,-4885952.5
18.981090307235718,5.04,-4403833.0
18.993398904800415,5.03,-5521533.5
19.005646467208862,5.04,-4216806.5
19.01785445213318,5.03,-4806948.5
19.030149698257446,5.03,-5291975.5
19.04240584373474,5.04,-4382242.5
19.054688453674316,5.03,-5626219.0
19.066893577575684,5.04,-4360864.5
19.079100847244263,5.03,-4806948.5
19.091120719909668,5.03,-5139400.0
19.103357553482056,5.04,-4297920.5
19.115220546722412,5.03,-5626219.0
19.127262592315674,5.04,-4447719.0
19.13946032524109,5.04,-4730474.5
19.14891219139099,5.03,-5080776.0
19.16125798225403,5.04,-3991022.0
19.173320531845093,5.03,-5487532.5
19.18558406829834,5.04,-4277361.5
19.19794011116028,5.04,-4561300.5
19.21044683456421,5.03,-4912849.0
19.222636222839355,5.04,-4177420.25
19.23503804206848,5.03,-5521533.5
19.24712586402893,5.04,-4425694.0
19.25952172279358,5.04,-4425694.0
19.27167296409607,5.03,-4967546.0
19.285653829574585,5.04,-4063542.0
19.296186685562134,5.03,-5139400.0
19.308244943618774,5.04,-4339696.0
19.320523023605347,5.04,-4561300.5
19.332489013671875,5.03,-4806948.5
19.34461259841919,5.04,-4082077.0
19.356489896774292,5.03,-5169187.5
19.366199254989624,5.04,-4297920.5
19.377206802368164,5.04,-4158004.0
19.389549493789673,5.04,-4492437.5
19.401807069778442,5.04,-3887028.25
19.41435217857361,5.04,-4680881.0
19.426597356796265,5.04,-4297920.5
19.439727067947388,5.04,-4257000.0
19.452075958251953,5.04,-4730474.5
19.464494228363037,5.04,-3887028.25
19.47668957710266,5.04,-4705546.5
19.488765954971313,5.04,-4360864.5
19.501214742660522,5.04,-4082077.0
19.513484954833984,5.04,-4382242.5
19.525492906570435,5.04,-3991022.0
19.537580728530884,5.04,-4197020.5
19.549574851989746,5.04,-4158004.0
19.561707735061646,5.04,-3991022.0
19.57375454902649,5.04,-4197020.5
19.585914850234985,5.04,-4119663.75
19.59538769721985,5.04,-4082077.0
19.60776424407959,5.04,-3853539.5
19.620017528533936,5.04,-3756556.25
19.632116556167603,5.04,-3955709.75
19.644656896591187,5.04,-3756556.25
19.65668511390686,5.04,-3820669.0
19.667706727981567,5.04,-4026929.75
19.679964780807495,5.04,-3887028.25
19.692389488220215,5.04,-4100783.5
19.704697608947754,5.04,-3853539.5
19.716968059539795,5.04,-4082077.0
19.72946286201477,5.04,-3991022.0
19.741856336593628,5.04,-3973309.25
19.753981113433838,5.04,-4138768.75
19.766427516937256,5.04,-3938311.0
19.778444051742554,5.04,-4008894.75
19.790948152542114,5.04,-3991022.0
19.80332040786743,5.04,-3903972.25
19.815401077270508,5.04,-4158004.0
19.827394008636475,5.04,-3955709.75
19.83702325820923,5.04,-4026929.75
19.84920024871826,5.04,-3837033.25
19.861549615859985,5.04,-3870189.5
19.87388300895691,5.04,-4008894.75
19.886332750320435,5.04,-3903972.25
19.89859104156494,5.04,-3938311.0
19.910910844802856,5.04,-4008894.75
19.923022270202637,5.04,-3820669.0
19.935492038726807,5.04,-4100783.5
19.947760105133057,5.04,-3938311.0
19.95974612236023,5.04,-3921065.75
19.97211742401123,5.04,-4063542.0
19.98442053794861,5.04,-3837033.25
19.996436595916748,5.04,-4082077.0
20.008567571640015,5.04,-3955709.75
20.021034002304077,5.04,-4045175.5
20.031941890716553,5.04,-4045175.5
20.04422950744629,5.04,-3887028.25
20.056448459625244,5.04,-4119663.75
20.064979553222656,5.04,-4026929.75
20.077582597732544,5.04,-3887028.25
20.089841604232788,5.04,-4197020.5
20.102028846740723,5.04,-3853539.5
20.114370822906494,5.04,-4515196.5
20.126866102218628,5.04,-4008894.75
20.139194011688232,5.04,-4063542.0
20.151875019073486,5.04,-4584710.0
20.164790391921997,5.04,-3870189.5
20.177093029022217,5.03,-4859351.0
20.189244270324707,5.04,-4492437.5
20.201467275619507,5.04,-4119663.75
20.212517261505127,5.03,-5023554.5
20.22466468811035,5.04,-4158004.0
20.2368745803833,5.03,-5052002.0
20.249176263809204,5.04,-4561300.5
20.261314153671265,5.04,-4277361.5
20.27356791496277,5.03,-5169187.5
20.28581476211548,5.04,-4158004.0
20.29436206817627,5.03,-5052002.0
20.30677056312561,5.04,-4608362.0
20.318970203399658,5.04,-4082077.0
20.33119511604309,5.03,-5229817.0
20.34350895881653,5.04,-4119663.75
20.35583233833313,5.04,-4515196.5
20.36809992790222,5.03,-4859351.0
20.380399227142334,5.04,-4138768.75
20.392736673355103,5.03,-5291975.5
20.405031442642212,5.04,-4177420.25
20.417236804962158,5.04,-4680881.0
20.429588794708252,5.03,-4940045.0
20.441713571548462,5.04,-4216806.5
20.453998565673828,5.03,-5626219.0
20.466153621673584,5.04,-4197020.5
20.47841215133667,5.04,-4730474.5
20.49065923690796,5.03,-5139400.0
20.502870321273804,5.04,-4197020.5
20.5151526927948,5.03,-5626219.0
20.523701667785645,5.04,-4277361.5
20.536006450653076,5.04,-4318733.0
20.5482919216156,5.03,-4995428.0
20.560542821884155,5.04,-4177420.25
20.57290005683899,5.03,-5590913.0
20.585131645202637,5.04,-4425694.0
20.597435474395752,5.04,-4608362.0
20.609745264053345,5.03,-5487532.5
20.621992111206055,5.04,-4216806.5
20.634289026260376,5.03,-5590913.0
20.647008895874023,5.04,-4515196.5
20.65884780883789,5.04,-4492437.5
20.670989990234375,5.03,-5323575.5
20.68325710296631,5.04,-4026929.75
20.695531368255615,5.03,-5734975.5
20.707789659500122,5.04,-4608362.0
20.719982385635376,5.04,-4469965.5
20.73224949836731,5.03,-5323575.5
20.74074673652649,5.04,-4008894.75
20.7530460357666,5.03,-5590913.0
20.76535177230835,5.04,-4469965.5
20.777693033218384,5.04,-4138768.75
20.789993286132812,5.03,-5109881.5
20.8022038936615,5.04,-3955709.75
20.814494609832764,5.03,-5023554.5
20.8274245262146,5.04,-4705546.5
20.8394877910614,5.04,-4236832.5
20.851446628570557,5.03,-5555961.0
20.863728046417236,5.04,-4082077.0
20.875986576080322,5.03,-5355557.0
20.888188362121582,5.03,-4806948.5
20.9004123210907,5.04,-4236832.5
20.912662744522095,5.03,-5323575.5
20.924874544143677,5.04,-4063542.0
20.937215566635132,5.03,-5291975.5
20.949381113052368,5.03,-5023554.5
20.961592435836792,5.04,-4277361.5
20.97381019592285,5.03,-5521533.5
20.98238205909729,5.04,-4257000.0
20.994720697402954,5.03,-4806948.5
21.006995916366577,5.04,-4680881.0
21.019723892211914,5.04,-4277361.5
21.032073497772217,5.03,-5387928.0
21.043930530548096,5.04,-4158004.0
21.056182384490967,5.03,-5023554.5
21.06850004196167,5.03,-4885952.5
21.080727100372314,5.04,-4257000.0
21.09304404258728,5.03,-5521533.5
21.105306386947632,5.04,-4297920.5
21.11752200126648,5.03,-4832973.5
21.129771947860718,5.03,-4940045.0
21.141982078552246,5.04,-4297920.5
21.154208421707153,5.03,-5626219.0
21.16648268699646,5.04,-4257000.0
21.178725957870483,5.04,-4730474.5
21.190924406051636,5.03,-4995428.0
21.199485063552856,5.04,-4257000.0
21.211944341659546,5.03,-5323575.5
21.224145889282227,5.04,-4177420.25
21.23645806312561,5.04,-4277361.5
21.24914240837097,5.03,-4995428.0
21.26146173477173,5.04,-4197020.5
21.273489713668823,5.03,-5355557.0
21.28555178642273,5.04,-4277361.5
21.29791831970215,5.04,-4492437.5
21.310148239135742,5.03,-5260751.0
21.32239580154419,5.04,-4216806.5
21.334734678268433,5.03,-5661976.5
21.34686040878296,5.04,-4318733.0
21.359055757522583,5.04,-4538131.0
21.371410608291626,5.03,-5139400.0
21.38354802131653,5.04,-4197020.5
21.39581823348999,5.03,-5626219.0
21.40803050994873,5.04,-4705546.5
21.4202938079834,5.04,-4561300.5
21.42884063720703,5.03,-5169187.5
21.44119644165039,5.04,-4100783.5
21.45357060432434,5.03,-5487532.5
21.466047286987305,5.04,-4561300.5
21.478102207183838,5.04,-4469965.5
21.490365028381348,5.03,-5052002.0
21.502626180648804,5.04,-4100783.5
21.514976263046265,5.03,-5420778.5
21.527227878570557,5.04,-4705546.5
21.5395348072052,5.04,-4382242.5
21.55176591873169,5.03,-5199324.5
21.56403875350952,5.04,-4008894.75
21.57617712020874,5.03,-5169187.5
21.58843731880188,5.03,-4781203.5
21.600653886795044,5.04,-4447719.0
21.612900257110596,5.03,-5323575.5
21.625102996826172,5.04,-4063542.0
21.637441635131836,5.03,-5260751.0
21.649643421173096,5.04,-4705546.5
21.658215522766113,5.04,-4297920.5
21.670512437820435,5.03,-5052002.0
21.68277359008789,5.04,-4026929.75
21.69513463973999,5.04,-4730474.5
21.70765471458435,5.04,-4680881.0
21.71998643875122,5.04,-4297920.5
21.731987476348877,5.03,-5661976.5
21.744292974472046,5.04,-4158004.0
21.756566524505615,5.03,-4940045.0
21.76883292198181,5.03,-4995428.0
21.78119993209839,5.04,-4297920.5
21.793319702148438,5.03,-5590913.0
21.80560827255249,5.04,-4382242.5
21.817825078964233,5.03,-4967546.0
21.830050230026245,5.03,-5169187.5
21.842283248901367,5.04,-4216806.5
21.854498624801636,5.03,-5590913.0
21.86680293083191,5.04,-4318733.0
21.87525987625122,5.03,-4885952.5
21.88766884803772,5.04,-4730474.5
21.900006532669067,5.04,-4063542.0
21.912235021591187,5.03,-5355557.0
21.92458963394165,5.04,-4197020.5
21.936795234680176,5.03,-4781203.5
21.949015617370605,5.03,-5229817.0
21.961356163024902,5.04,-4177420.25
21.97356390953064,5.03,-5555961.0
21.985904693603516,5.04,-4382242.5
21.99817728996277,5.04,-4608362.0
22.010444402694702,5.03,-5169187.5
22.022735595703125,5.04,-4277361.5
22.034916400909424,5.03,-5734975.5
22.04713535308838,5.04,-4492437.5
22.059385538101196,5.04,-4538131.0
22.071748971939087,5.03,-5169187.5
22.08386754989624,5.04,-4197020.5
22.096086263656616,5.03,-5886606.0
22.104612350463867,5.04,-4447719.0
22.11768889427185,5.04,-4277361.5
22.129857301712036,5.03,-4912849.0
22.141842126846313,5.04,-4100783.5
22.153956413269043,5.03,-5291975.5
22.16637372970581,5.04,-4538131.0
22.178964853286743,5.04,-4469965.5
22.191094398498535,5.03,-5260751.0
22.203692197799683,5.04,-4158004.0
22.21601963043213,5.03,-5387928.0
22.228996992111206,5.04,-4632323.0
22.241039037704468,5.04,-4515196.5
22.25328803062439,5.03,-5453950.0
22.265349864959717,5.04,-4100783.5
22.277446031570435,5.03,-5291975.5
22.2894127368927,5.03,-4967546.0
22.30172610282898,5.04,-4469965.5
22.31350016593933,5.03,-5323575.5
22.3255455493927,5.04,-4026929.75
22.33467435836792,5.03,-5453950.0
22.347105026245117,5.04,-4632323.0
22.359293460845947,5.04,-4100783.5
22.371877193450928,5.03,-5169187.5
22.38458275794983,5.04,-4082077.0
22.396870136260986,5.03,-5387928.0
22.40891718864441,5.03,-4885952.5
22.42140817642212,5.04,-4257000.0
22.433671236038208,5.03,-5291975.5
22.445985555648804,5.04,-4277361.5
22.45823836326599,5.03,-4885952.5
22.470336198806763,5.03,-4885952.5
22.482584238052368,5.04,-4403833.0
22.494621753692627,5.03,-5661976.5
22.506701231002808,5.04,-4197020.5
22.51878809928894,5.03,-4967546.0
22.530998945236206,5.03,-4885952.5
22.54304552078247,5.04,-4257000.0
22.55246329307556,5.03,-5698194.5
22.56479048728943,5.04,-4045175.5
22.57699966430664,5.04,-4561300.5
22.58929443359375,5.03,-4806948.5
22.601559162139893,5.04,-4257000.0
22.613938093185425,5.03,-5555961.0
22.626054286956787,5.04,-4257000.0
22.638535737991333,5.03,-4755735.5
22.650912046432495,5.03,-5387928.0
22.66312336921692,5.04,-4236832.5
22.674147844314575,5.03,-5626219.0
22.686277389526367,5.04,-4492437.5
22.698474407196045,5.04,-4705546.5
22.710835218429565,5.03,-5169187.5
22.723121404647827,5.04,-4216806.5
22.735320806503296,5.03,-5734975.5
22.748100996017456,5.04,-4561300.5
22.760300636291504,5.04,-4705546.5
22.77209234237671,5.03,-5080776.0
22.7817804813385,5.04,-4257000.0
22.794209480285645,5.03,-5661976.5
22.80517864227295,5.04,-4360864.5
22.817824840545654,5.04,-4318733.0
22.830013275146484,5.03,-5169187.5
22.842462062835693,5.04,-4026929.75
22.854739904403687,5.03,-5734975.5
22.867289543151855,5.04,-4538131.0
22.87988519668579,5.04,-4469965.5
22.892348766326904,5.03,-5260751.0
22.904772520065308,5.04,-4236832.5
22.916944980621338,5.03,-5323575.5
22.929266452789307,5.04,-4656474.5
22.941121339797974,5.04,-4492437.5
22.9531831741333,5.03,-5169187.5
22.965282201766968,5.04,-4177420.25
22.97760033607483,5.03,-5387928.0
22.989430904388428,5.04,-4632323.0
23.001619815826416,5.04,-4447719.0
23.011133432388306,5.03,-5453950.0
23.022910356521606,5.04,-3973309.25
23.034435749053955,5.03,-5169187.5
23.046728372573853,5.04,-4680881.0
23.058998584747314,5.04,-4469965.5
23.071247100830078,5.03,-5387928.0
23.083556413650513,5.04,-4138768.75
23.095826864242554,5.03,-5355557.0
23.10815453529358,5.03,-4912849.0
23.120408058166504,5.04,-4360864.5
23.132817268371582,5.03,-5487532.5
23.145041942596436,5.04,-4318733.0
23.15720820426941,5.03,-5260751.0
23.169413566589355,5.03,-4995428.0
23.181639432907104,5.04,-4447719.0
23.19387435913086,5.03,-5453950.0
23.206138134002686,5.04,-4360864.5
23.218372344970703,5.03,-5139400.0
23.227004766464233,5.03,-4995428.0
23.23917508125305,5.04,-4119663.75
23.251468658447266,5.03,-5260751.0
23.263780117034912,5.04,-4138768.75
23.27608633041382,5.04,-4656474.5
23.28852605819702,5.03,-4912849.0
23.300682306289673,5.04,-4318733.0
23.312896966934204,5.03,-5590913.0
23.325191497802734,5.04,-4515196.5
23.33748435974121,5.03,-4781203.5
23.349807500839233,5.03,-4940045.0
23.362157106399536,5.04,-4360864.5
23.374332904815674,5.03,-5521533.5
23.386553049087524,5.04,-4382242.5
23.39884662628174,5.04,-4705546.5
23.411025285720825,5.03,-5080776.0
23.423246383666992,5.04,-4297920.5
23.435410261154175,5.03,-6130016.5
23.447651386260986,5.04,-4277361.5
23.45632576942444,5.04,-4608362.0
23.4686381816864,5.03,-4995428.0
23.480950117111206,5.04,-4216806.5
23.493170261383057,5.03,-5555961.0
23.50543785095215,5.04,-4469965.5
23.517704248428345,5.04,-4656474.5
23.530035972595215,5.03,-5387928.0
23.542336463928223,5.04,-4216806.5
23.55471920967102,5.03,-5734975.5
23.56690502166748,5.04,-4730474.5
23.579182386398315,5.04,-4656474.5
23.591384649276733,5.03,-5260751.0
23.60368323326111,5.04,-4082077.0
23.615950345993042,5.03,-5698194.5
23.628137826919556,5.04,-4656474.5
23.640336751937866,5.04,-4561300.5
23.652591943740845,5.03,-5199324.5
23.664846181869507,5.04,-4119663.75
23.677098989486694,5.03,-5487532.5
23.68566083908081,5.03,-4755735.5
23.69795513153076,5.04,-4197020.5
23.710262775421143,5.03,-5139400.0
23.722527503967285,5.04,-4026929.75
23.73480248451233,5.03,-5080776.0
23.7471182346344,5.04,-4705546.5
23.75938105583191,5.04,-4382242.5
23.771640300750732,5.03,-5555961.0
23.783946990966797,5.04,-4100783.5
23.796519994735718,5.03,-5420778.5
23.808818817138672,5.03,-4940045.0
23.82109260559082,5.04,-4318733.0
23.833067417144775,5.03,-5521533.5
23.845515966415405,5.04,-4119663.75
23.85792851448059,5.03,-5199324.5
23.87031865119934,5.03,-5109881.5
23.882192373275757,5.04,-4318733.0
23.89475703239441,5.03,-5590913.0
23.906721591949463,5.04,-4236832.5
23.916325330734253,5.03,-5052002.0
23.928719520568848,5.04,-4705546.5
23.940948963165283,5.04,-4138768.75
23.95322275161743,5.03,-5453950.0
23.965524435043335,5.04,-4277361.5
23.977818489074707,5.03,-4940045.0
23.990204334259033,5.03,-4940045.0
24.00213932991028,5.04,-4318733.0
24.014604568481445,5.03,-5590913.0
24.026976108551025,5.04,-4297920.5
24.03925657272339,5.03,-4755735.5
24.051477909088135,5.03,-4967546.0
24.063579082489014,5.04,-4360864.5
24.075549125671387,5.03,-5590913.0
24.086962938308716,5.04,-4318733.0
24.099380016326904,5.03,-4755735.5
24.111703872680664,5.03,-4967546.0
24.123812913894653,5.04,-4216806.5
24.13311243057251,5.03,-5886606.0
24.146100997924805,5.04,-4177420.25
24.157822608947754,5.04,-4360864.5
24.170274257659912,5.03,-5023554.5
24.182631254196167,5.04,-4216806.5
24.194940328598022,5.03,-5199324.5
24.2070369720459,5.04,-4297920.5
24.21962332725525,5.04,-4608362.0
24.231571912765503,5.03,-5109881.5
24.243975400924683,5.04,-4158004.0
24.256407976150513,5.03,-5420778.5
24.268895864486694,5.04,-4632323.0
24.280864000320435,5.04,-4469965.5
24.292643070220947,5.03,-4967546.0
24.30469012260437,5.04,-4177420.25
24.316627264022827,5.03,-5453950.0
24.328784704208374,5.04,-4632323.0
24.341042280197144,5.04,-4492437.5
24.35317897796631,5.03,-5169187.5
24.361988067626953,5.04,-4100783.5
24.374428272247314,5.03,-5229817.0
24.387243270874023,5.04,-4538131.0
24.399776935577393,5.04,-4492437.5
24.411768198013306,5.03,-5109881.5
24.42380404472351,5.04,-3921065.75
24.435707807540894,5.03,-5355557.0
24.447989463806152,5.03,-4781203.5
24.460001945495605,5.04,-4360864.5
24.472678422927856,5.03,-5169187.5
24.48523211479187,5.04,-3991022.0
24.497962474822998,5.03,-5023554.5
24.510138750076294,5.04,-4730474.5
24.52204155921936,5.04,-4382242.5
24.5341854095459,5.03,-5323575.5
24.546420574188232,5.04,-4045175.5
24.55843424797058,5.03,-5023554.5
24.570632457733154,5.04,-4680881.0
24.58250617980957,5.04,-4277361.5
24.592116832733154,5.03,-5323575.5
24.604374170303345,5.04,-3955709.75
24.616827726364136,5.04,-4656474.5
24.629082202911377,5.04,-4680881.0
24.641169548034668,5.04,-4236832.5
24.65357279777527,5.03,-5487532.5
24.665928602218628,5.04,-4100783.5
24.678229331970215,5.03,-4885952.5
24.689249753952026,5.03,-4885952.5
24.701445817947388,5.04,-4257000.0
24.713862419128418,5.03,-5080776.0
24.726107835769653,5.04,-4100783.5
24.73831272125244,5.04,-4382242.5
24.751498460769653,5.04,-4177420.25
24.763699293136597,5.04,-4082077.0
24.77575945854187,5.04,-4197020.5
24.787890434265137,5.04,-3991022.0
24.800020217895508,5.04,-4082077.0
24.811994791030884,5.04,-4119663.75
24.8215389251709,5.04,-4100783.5
24.833911180496216,5.04,-4045175.5
24.846290349960327,5.04,-3804445.0
24.858364820480347,5.04,-3973309.25
24.870858669281006,5.04,-4100783.5
24.882927179336548,5.04,-3938311.0
24.895320653915405,5.04,-4197020.5
24.907458782196045,5.04,-3991022.0
24.920106172561646,5.04,-4008894.75
24.932066917419434,5.04,-4100783.5
24.944538593292236,5.04,-3903972.25
24.95683002471924,5.04,-4177420.25
24.968918800354004,5.04,-3973309.25
24.981136560440063,5.04,-4008894.75
24.992971181869507,5.04,-4197020.5
25.005139350891113,5.04,-3938311.0
25.017396211624146,5.04,-4138768.75
25.029376983642578,5.04,-4197020.5
25.041390895843506,5.04,-4026929.75
25.051274299621582,5.04,-4063542.0
25.063167810440063,5.04,-3804445.0
25.075262546539307,5.04,-4008894.75
25.087580680847168,5.04,-4045175.5
25.098697662353516,4.78,714875.62
25.111016511917114,4.78,704841.75
25.12329649925232,4.78,710452.0
25.1355562210083,4.78,701761.56
25.148173332214355,4.78,702991.5
25.16040539741516,4.78,708573.56
25.172738790512085,4.78,702376.81
25.18500328063965,4.78,716787.81
25.197309017181396,4.78,712341.68
25.20957112312317,4.78,713605.68
25.221733808517456,4.78,723230.93
25.234057664871216,4.78,721285.75
25.243167400360107,4.79,737128.06
25.254977464675903,4.79,739155.87
25.267019748687744,4.79,748065.75
25.279571533203125,4.79,750848.87
25.29163885116577,4.79,751547.31
25.30445432662964,4.79,769431.37
25.317127227783203,4.79,761463.31
25.329356908798218,4.8,774587.06
25.341562509536743,4.8,782822.0
25.353924989700317,4.8,782822.0
25.36622929573059,4.8,791226.56
25.37829875946045,4.8,789686.31
25.390439748764038,4.8,797449.62
25.401586294174194,4.8,807764.5
25.41410493850708,4.8,802177.93
25.42634081840515,4.81,815056.87
25.434920072555542,4.8,810990.18
25.447088718414307,4.81,825816.56
25.4596688747406,4.81,824979.75
25.472371578216553,4.81,821646.37
25.485000610351562,4.81,840303.87
25.497239351272583,4.81,825816.56
25.50953459739685,4.81,830027.68
25.521934270858765,4.81,843784.68
25.534120321273804,4.81,837713.06
25.54645562171936,4.81,853501.93
25.558526039123535,4.81,842041.93
25.570863962173462,4.81,848174.25
25.582719087600708,4.81,853501.93
25.594901084899902,4.81,840303.87
25.60688281059265,4.81,855290.68
25.619043588638306,4.81,851718.12
25.628371477127075,4.81,855290.68
25.6408109664917,4.82,865263.81
25.65286636352539,4.82,858892.12
25.665218114852905,4.82,870800.81
25.67748737335205,4.81,857088.93
25.68967890739441,4.81,857989.62
25.700748920440674,4.82,866183.5
25.713022708892822,4.81,853501.93
25.72541093826294,4.82,871729.5
25.73771595954895,4.82,863434.68
25.750038623809814,4.82,865263.81
25.762514114379883,4.82,865263.81
25.774628400802612,4.81,857088.93
25.78699564933777,4.82,870800.81
25.7993221282959,4.82,863434.68
25.811614990234375,4.81,857088.93
25.820916891098022,4.82,866183.5
25.833471059799194,4.82,865263.81
25.845345735549927,4.82,882077.31
25.857738971710205,4.82,868946.75
25.870095014572144,4.82,870800.81
25.882328271865845,4.82,871729.5
25.894681453704834,4.82,860702.75
25.905705213546753,4.82,871729.5
25.918259620666504,4.82,865263.81
25.930686712265015,4.82,862523.0
25.94311213493347,4.82,872660.06
25.955661296844482,4.82,858892.12
25.96726107597351,4.82,869874.06
25.979552745819092,4.82,868023.81
25.99161410331726,4.82,868946.75
26.00382375717163,4.82,871729.5
26.013233423233032,4.81,857088.93
26.025407791137695,4.82,874529.43
26.03794813156128,4.82,870800.81
26.050347089767456,4.82,867102.68
26.062573671340942,4.82,868023.81
26.074761152267456,4.81,856187.75
26.086912393569946,4.82,867102.68
26.098909616470337,4.82,863434.68
26.110374927520752,4.81,857088.93
26.122928380966187,4.82,865263.81
26.135199308395386,4.81,851718.12
26.14758563041687,4.82,862523.0
26.15975332260132,4.82,861613.06
26.171969652175903,4.81,853501.93
26.184377431869507,4.82,867102.68
26.19663953781128,4.81,849059.25
26.205891847610474,4.82,859796.5
26.218230962753296,4.82,868946.75
26.23054790496826,4.82,867102.68
26.24263620376587,4.82,866183.5
26.25513482093811,4.81,857088.93
26.267232418060303,4.82,869874.06
26.27961492538452,4.82,862523.0
26.291829824447632,4.82,860702.75
26.303967714309692,4.82,868946.75
26.31648015975952,4.81,850830.06
26.328731775283813,4.82,862523.0
26.34095859527588,4.82,860702.75
26.352896213531494,4.81,857088.93
26.36504578590393,4.82,865263.81
26.376753568649292,4.81,850830.06
26.388664960861206,4.82,861613.06
26.39737868309021,4.82,858892.12
26.40962862968445,4.81,857989.62
26.422066926956177,4.82,865263.81
26.434351921081543,4.81,852608.0
26.446741580963135,4.82,858892.12
26.459627389907837,4.81,853501.93
26.4721462726593,4.81,845536.56
26.484665870666504,4.81,857989.62
26.496628999710083,4.81,844660.87
26.50876259803772,4.81,849059.25
26.521292686462402,4.81,845536.56
26.53331446647644,4.81,844660.87
26.54532289505005,4.81,851718.12
26.557425498962402,4.81,835992.12
26.569526433944702,4.81,841173.12
26.581549167633057,4.81,845536.56
26.590983390808105,4.81,834280.25
26.603259086608887,4.81,850830.06
26.615386962890625,4.81,838575.0
26.62766933441162,4.81,845536.56
26.639883756637573,4.81,842912.43
26.652305603027344,4.81,840303.87
26.66465711593628,4.81,846414.06
26.676830291748047,4.81,828337.0
26.689228773117065,4.81,833426.81
26.70022225379944,4.81,836852.87
26.71235466003418,4.81,826655.06
26.724743366241455,4.81,841173.12
26.736950397491455,4.81,827495.25
26.749194383621216,4.81,834280.25
26.76158308982849,4.81,834280.25
26.773526906967163,4.81,821646.37
26.78236436843872,4.81,836852.87
26.79481291770935,4.81,834280.25
26.80735993385315,4.81,830027.68
26.820035457611084,4.81,832572.93
26.832595825195312,4.81,824979.75
26.844743251800537,4.81,834280.25
26.857213020324707,4.81,823308.75
26.86937403678894,4.81,826655.06
26.88172173500061,4.81,830027.68
26.893949031829834,4.81,813426.31
26.906005144119263,4.81,830027.68
26.918145418167114,4.81,815874.43
26.929834127426147,4.81,823308.75
26.94185972213745,4.81,824979.75
26.954131603240967,4.8,810181.93
26.966309785842896,4.81,825816.56
26.97517991065979,4.81,817516.5
26.987961530685425,4.81,820815.5
27.000479698181152,4.81,823308.75
27.012752771377563,4.81,815056.87
27.025076866149902,4.81,822476.75
27.037295818328857,4.8,810181.93
27.049558639526367,4.81,814240.81
27.061872959136963,4.81,816693.62
27.074281930923462,4.8,806962.43
27.08657193183899,4.81,819162.75
27.098524808883667,4.8,811800.0
27.110563039779663,4.81,815874.43
27.122753620147705,4.81,819988.31
27.134684801101685,4.8,812611.31
27.14674949645996,4.81,821646.37
27.15619158744812,4.81,814240.81
27.168212175369263,4.81,822476.75
27.18065094947815,4.81,829182.56
27.192760467529297,4.81,818338.87
27.20533585548401,4.81,823308.75
27.217689037322998,4.81,819988.31
27.229772567749023,4.81,815874.43
27.242037773132324,4.81,819162.75
27.254452228546143,4.8,810181.93
27.267008304595947,4.81,819162.75
27.278908252716064,4.8,809373.25
27.29122829437256,4.8,811800.0
27.303141593933105,4.81,815056.87
27.315241813659668,4.8,800596.5
27.32714819908142,4.81,816693.62
27.339077711105347,4.8,806962.43
27.348440647125244,4.8,809373.25
27.360833168029785,4.81,824142.37
27.37323021888733,4.8,807764.5
27.385268688201904,4.81,815874.43
27.396942615509033,4.8,810990.18
27.408916473388672,4.8,803767.37
27.42148470878601,4.8,809373.25
27.4337956905365,4.8,794326.37
27.446110486984253,4.8,806161.87
27.458693265914917,4.8,794326.37
27.471516370773315,4.8,799808.06
27.483550548553467,4.8,803767.37
27.495609998703003,4.8,795106.43
27.507802724838257,4.8,802177.93
27.51974630355835,4.8,794326.37
27.531768321990967,4.8,793549.68
27.541219234466553,4.8,794326.37
27.553454160690308,4.8,798233.56
27.565787076950073,4.8,799021.12
27.577932119369507,4.8,794326.37
27.59028720855713,4.8,788151.81
27.602609157562256,4.8,792774.5
27.61488103866577,4.8,785098.0
27.627115726470947,4.8,793549.68
27.63935947418213,4.8,785098.0
27.651753187179565,4.8,783578.62
27.663897037506104,4.8,787384.75
27.67584800720215,4.8,775328.56
27.688052892684937,4.8,785098.0
27.70010805130005,4.8,782066.81
27.711504459381104,4.8,778309.68
27.723734140396118,4.8,784338.5
27.732236623764038,4.8,773847.06
27.744692087173462,4.8,791226.56
27.756932258605957,4.8,783578.62
27.76918625831604,4.8,776815.43
27.78180980682373,4.8,785098.0
27.79405450820923,4.79,767971.43
27.806600332260132,4.8,777562.81
27.81906771659851,4.8,776815.43
27.831627368927002,4.79,769431.37
27.844083547592163,4.8,773847.06
27.856389045715332,4.79,765789.62
27.868537425994873,4.8,773106.5
27.88050127029419,4.79,767243.43
27.892216205596924,4.79,764342.93
27.904592752456665,4.8,773847.06
27.916563034057617,4.79,760030.37
27.925983428955078,4.79,770163.37
27.9384982585907,4.8,776815.43
27.95060133934021,4.79,765065.62
27.96280598640442,4.8,773847.06
27.974467515945435,4.79,756473.25
27.986719608306885,4.79,763619.68
27.9992196559906,4.79,757893.37
28.011629104614258,4.79,755060.06
28.02438712120056,4.79,765065.62
28.036746740341187,4.79,752246.93
28.04898715019226,4.79,759316.75
28.06111431121826,4.79,758604.43
28.072994470596313,4.79,753650.12
28.085089683532715,4.79,765065.62
28.09727168083191,4.79,752246.93
28.10936141014099,4.79,760030.37
28.11865758895874,4.79,765789.62
28.130785703659058,4.79,762180.81
28.143112182617188,4.79,768700.75
28.155420303344727,4.79,761463.31
28.16761565208435,4.79,761463.31
28.179956197738647,4.79,759316.75
28.19226861000061,4.79,752947.93
28.204694747924805,4.79,760747.12
28.21696972846985,4.79,753650.12
28.229114770889282,4.79,755766.0
28.241392850875854,4.79,756473.25
28.253506660461426,4.79,750149.87
28.26561141014099,4.79,759316.75
28.277634382247925,4.79,746680.68
28.28968644142151,4.79,750848.87
28.301553964614868,4.79,751547.31
28.310136318206787,4.79,744614.93
28.322574615478516,4.79,757183.62
28.33493208885193,4.79,749453.93
28.34732413291931,4.79,745302.25
28.360110998153687,4.79,742558.37
28.372203826904297,4.79,735783.12
28.383842945098877,4.79,741875.81
28.396129369735718,4.78,733105.81
28.408427000045776,4.78,733772.93
28.420795440673828,4.78,731109.62
28.433509349822998,4.78,731109.62
28.445979356765747,4.79,737128.06
28.45835518836975,4.78,727806.62
28.470179080963135,4.78,731109.62
28.482354164123535,4.78,729125.43
28.494370937347412,4.78,723230.93
28.506343841552734,4.78,728464.62
28.515961408615112,4.78,716787.81
28.528093814849854,4.78,726494.12
28.54032301902771,4.78,726494.12
28.552637100219727,4.78,721285.75
28.56493592262268,4.78,721285.75
28.577284336090088,4.78,714240.87
28.589468717575073,4.78,710452.0
28.60191583633423,4.78,714875.62
28.614264726638794,4.78,706082.06
28.6264009475708,4.78,709824.81
28.63856863975525,4.78,702376.81
28.650667428970337,4.78,704841.75
28.662847757339478,4.78,706082.06
28.67497229576111,4.77,696281.18
28.686967372894287,4.78,702991.5
28.698858737945557,4.77,692075.75
28.708444118499756,4.77,696281.18
28.71940517425537,4.78,708573.56
28.73166036605835,4.77,698707.0
28.74391531944275,4.77,699926.68
28.756352424621582,4.77,691479.18
28.768625020980835,4.77,691479.18
28.781136751174927,4.77,692075.75
28.79344153404236,4.77,682059.31
28.805874586105347,4.77,689693.68
28.818159103393555,4.77,687327.25
28.8309805393219,4.77,685563.68
28.843134880065918,4.77,687327.25
28.855414628982544,4.77,681479.06
28.86791753768921,4.77,686150.56
28.879497289657593,4.77,680321.43
28.89146590232849,4.77,681479.06
28.900984287261963,4.77,683807.18
28.913209199905396,4.77,683224.12
28.925703525543213,4.77,686150.56
28.937891721725464,4.77,683224.12
28.949992895126343,4.77,676296.06
28.96224594116211,4.77,680899.81
28.97468400001526,4.77,670063.12
28.986983060836792,4.77,678015.87
28.999119758605957,4.77,673449.12
29.01035475730896,4.77,671187.62
29.022849082946777,4.77,672317.31
29.0352520942688,4.76,665597.68
29.04745888710022,4.77,671187.62
29.059879779815674,4.77,670063.12
29.072118759155273,4.76,666708.0
29.08414578437805,4.77,670624.93
29.093280792236328,4.76,663937.31
29.105528116226196,4.77,674584.62
29.117985248565674,4.77,672317.31
29.130106210708618,4.76,664490.81
29.14254069328308,4.76,667265.87
29.154792070388794,4.76,655217.12
29.16711449623108,4.76,665043.75
29.17937970161438,4.76,662835.75
29.191762685775757,4.76,656836.12
29.203851222991943,4.76,663937.31
29.216214179992676,4.76,653605.75
29.228493213653564,4.76,662835.75
29.240277767181396,4.76,660095.68
29.252623796463013,4.76,656294.68
29.264681100845337,4.76,662286.25
29.276690006256104,4.76,651469.37
29.288610696792603,4.76,660095.68
29.298431873321533,4.76,655755.56
29.31034564971924,4.76,659550.43
29.322736024856567,4.76,660095.68
29.33513832092285,4.76,652003.25
29.34745502471924,4.76,654141.62
29.360180377960205,4.76,652003.25
29.371931552886963,4.76,648817.87
29.384339809417725,4.76,655217.12
29.396450996398926,4.76,646711.12
29.40888524055481,4.76,651469.37
29.420979022979736,4.76,648817.87
29.43307852745056,4.76,645140.68
29.44521689414978,4.76,650937.75
29.45734453201294,4.76,643576.06
29.46895408630371,4.76,648817.87
29.481207132339478,4.76,647763.62
29.48972487449646,4.76,643056.56
29.50222110748291,4.76,650937.75
29.514724731445312,4.76,643056.56
29.52728009223938,4.76,641501.5
29.539819955825806,4.76,640985.18
29.552106380462646,4.75,637902.56
29.564391613006592,4.76,642018.62
29.576607942581177,4.75,635862.68
29.5891056060791,4.75,637902.56
29.60123610496521,4.75,635862.68
29.61355948448181,4.75,628820.31
29.625792980194092,4.75,636371.12
29.637778997421265,4.75,628820.31
29.649877309799194,4.75,629816.68
29.66172742843628,4.75,632826.56
29.67399764060974,4.75,630817.37
29.68599843978882,4.75,636371.12
29.69536828994751,4.75,629816.68
29.707831621170044,4.75,634846.75
29.719029664993286,4.75,634846.75
29.73102879524231,4.75,627330.0
29.743261337280273,4.75,634340.56
29.755671501159668,4.75,626835.12
29.76800537109375,4.75,628820.31
29.78028631210327,4.75,631318.25
29.792778730392456,4.75,621924.62
29.805131912231445,4.75,632826.56
29.817511558532715,4.75,625847.62
29.829777002334595,4.75,626835.12
29.842541456222534,4.75,627330.0
29.854499578475952,4.75,623390.56
29.86652660369873,4.75,626341.0
29.878333806991577,4.75,620950.56
29.888067722320557,4.75,623880.25
29.900496006011963,4.75,627330.0
29.91258454322815,4.75,627330.0
29.924898386001587,4.75,626835.12
29.937228679656982,4.75,621437.81
29.949458599090576,4.75,622900.37
29.9616436958313,4.75,621437.81
29.97399616241455,4.74,611845.81
29.986366510391235,4.75,622412.12
29.998584270477295,4.75,614694.37
30.01056146621704,4.74,613741.68
30.022754669189453,4.75,616605.81
30.0349600315094,4.74,611373.87
30.046937465667725,4.75,619013.5
30.058935403823853,4.74,612793.0
30.068320751190186,4.75,615171.18
30.08045506477356,4.75,621437.81
30.091766357421875,4.75,617086.68
30.104137182235718,4.75,619013.5
30.11655282974243,4.74,610432.12
30.128942251205444,4.75,615648.68
30.141249418258667,4.75,614694.37
30.153645515441895,4.74,603450.87
30.16544818878174,4.74,613266.93
30.177582025527954,4.74,605297.62
30.18975281715393,4.74,604373.5
30.201967477798462,4.74,609023.43
30.21448540687561,4.74,599790.43
30.22669553756714,4.74,607620.87
30.238977909088135,4.74,605761.87
30.25117540359497,4.74,602991.12
30.26312756538391,4.74,607620.87
30.271978855133057,4.74,601616.0
30.284452438354492,4.74,608088.5
30.29676651954651,4.74,603450.87
30.308814525604248,4.74,602073.68
30.320871829986572,4.74,602532.12
30.333434104919434,4.74,598881.06
30.34554147720337,4.74,603450.87
30.358170986175537,4.74,597975.43
30.370052814483643,4.74,597071.18
30.38267946243286,4.74,601157.75
30.39446449279785,4.74,595721.5
30.406768798828125,4.74,600701.37
30.420154333114624,4.74,597523.56
30.431946516036987,4.74,593929.68
30.44382071495056,4.74,598427.93
30.455719232559204,4.74,591261.62
30.46548295021057,4.74,597071.18
30.477733373641968,4.74,598427.93
30.49005389213562,4.74,595272.87
30.502351760864258,4.74,596620.68
30.5145742893219,4.74,592148.06
30.526893138885498,4.74,595721.5
30.539335250854492,4.74,594376.37
30.551644325256348,4.74,590376.5
30.563726902008057,4.74,593483.62
30.576199769973755,4.73,586863.43
30.58837342262268,4.74,591704.56
30.600169897079468,4.73,587738.56
30.612469911575317,4.73,587301.18
30.62467908859253,4.73,589495.06
30.636653661727905,4.73,585122.75
30.648686170578003,4.73,589055.31
30.658114433288574,4.73,585991.87
30.670326709747314,4.74,589935.5
30.682565689086914,4.74,592592.25
30.694722175598145,4.73,585991.87
30.70716166496277,4.73,588615.0
30.718334913253784,4.73,585991.87
30.730371236801147,4.73,581239.68
30.742689609527588,4.73,586427.31
30.755022287368774,4.73,578677.18
30.767331838607788,4.73,583390.81
30.779448986053467,4.73,583390.81
30.792133808135986,4.73,579103.5
30.80421543121338,4.73,583390.81
30.816691875457764,4.73,576558.81
30.82887315750122,4.73,579103.5
30.838078022003174,4.73,576981.12
30.850560903549194,4.73,579955.75
30.862738847732544,4.73,581239.68
30.875139951705933,4.73,574874.43
30.887441873550415,4.73,576137.12
30.89973783493042,4.73,576137.12
30.91187882423401,4.73,573200.31
30.924241304397583,4.73,575715.93
30.936559438705444,4.72,565775.68
30.948772192001343,4.73,570704.43
30.96098279953003,4.73,569877.68
30.97321057319641,4.72,564555.56
30.98533582687378,4.73,569052.18
30.997297286987305,4.72,560525.43
31.009511947631836,4.72,566591.18
31.021411418914795,4.72,564150.25
31.03061294555664,4.72,559326.62
31.043012619018555,4.73,569465.12
31.055320739746094,4.72,563340.37
31.067655563354492,4.72,562936.75
31.079957485198975,4.72,562131.12
31.092053413391113,4.72,559725.37
31.104398727416992,4.72,564555.56
31.11672830581665,4.72,557339.87
31.12895631790161,4.72,560125.62
31.141464948654175,4.72,559326.62
31.15354037284851,4.72,553406.18
31.165608406066895,4.72,560125.62
31.17695164680481,4.72,553797.0
31.189268827438354,4.72,556549.31
31.201507329940796,4.72,556549.31
31.213706254959106,4.72,552626.12
31.222261667251587,4.72,557735.93
31.23452925682068,4.72,553797.0
31.247157096862793,4.72,556549.31
31.260310173034668,4.72,558530.68
31.27230429649353,4.72,551458.93
31.28469467163086,4.72,554973.56
31.296911478042603,4.72,549910.25
31.309335470199585,4.72,552626.12
31.321352243423462,4.72,552626.12
31.333787202835083,4.72,549139.43
31.34608483314514,4.72,553406.18
31.358185291290283,4.72,546837.31
31.371762990951538,4.72,550683.0
31.38222312927246,4.72,549139.43
31.394158124923706,4.72,547602.93
31.40641450881958,4.72,551847.12
31.415676832199097,4.71,544554.25
31.4278507232666,4.72,551458.93
31.44016742706299,4.72,555366.43
31.45250701904297,4.71,544554.25
31.464801788330078,4.72,551071.25
31.477338075637817,4.71,545694.0
31.48953104019165,4.72,546837.31
31.50172209739685,4.72,547219.37
31.513988494873047,4.71,544933.37
31.526437997817993,4.72,550296.37
31.538600206375122,4.71,545312.93
31.550668716430664,4.71,545312.93
31.5627121925354,4.72,546837.31
31.57474684715271,4.71,543418.93
31.58686375617981,4.72,547219.37
31.5988929271698,4.71,545694.0
31.608370304107666,4.71,544175.68
31.620643854141235,4.72,551847.12
31.632658004760742,4.71,542289.12
31.644874572753906,4.71,545312.93
31.65749216079712,4.71,542289.12
31.669760942459106,4.71,540788.62
31.68187379837036,4.71,542289.12
31.69418239593506,4.71,538924.06
31.7065691947937,4.71,541162.75
31.71885371208191,4.71,538552.81
31.72982430458069,4.71,539668.0
31.741957902908325,4.71,538552.81
31.75418758392334,4.71,537441.0
31.76652956008911,4.71,541912.56
31.778751611709595,4.71,535231.18
31.7871994972229,4.71,537441.0
31.799752950668335,4.71,543041.87
31.812009811401367,4.71,537071.62
31.82450294494629,4.71,543797.56
31.837029218673706,4.71,536333.5
31.84981918334961,4.71,536701.87
31.861936330795288,4.71,537810.81
31.87444519996643,4.71,533037.56
31.88670539855957,4.71,538924.06
31.89896249771118,4.71,534132.25
31.911258220672607,4.71,534132.25
31.923315286636353,4.71,537810.81
31.935481548309326,4.71,533037.56
31.947622299194336,4.71,538181.06
31.959672212600708,4.71,534132.25
31.971555709838867,4.71,533767.25
31.981001138687134,4.71,534132.25
31.993217706680298,4.71,534497.81
32.005452394485474,4.71,540040.68
32.01782822608948,4.71,533767.25
32.03008151054382,4.71,533767.25
32.04233717918396,4.71,537071.62
32.054638147354126,4.71,529061.06
32.06698274612427,4.71,532673.93
32.07918429374695,4.71,531584.81
32.09154009819031,4.71,530861.68
32.1039719581604,4.71,534863.81
32.11578726768494,4.71,527628.62
32.1278281211853,4.71,530500.81
32.14010453224182,4.71,530500.81
32.15172028541565,4.71,529420.12
32.1638081073761,4.71,533401.68
32.17265248298645,4.71,528343.5
32.18507957458496,4.71,535598.18
32.1978178024292,4.71,530500.81
32.21047115325928,4.71,530140.43
32.222763538360596,4.71,535598.18
32.2348690032959,4.7,525848.56
32.2471067905426,4.71,529779.56
32.25823211669922,4.71,528343.5
32.27092671394348,4.71,526558.87
32.2831289768219,4.71,527985.81
32.2955846786499,4.7,523727.5
32.307196617126465,4.71,527985.81
32.319881200790405,4.71,527628.62
32.33203339576721,4.7,525848.56
32.344194650650024,4.71,531948.0
32.356401681900024,4.7,524432.43
32.36559271812439,4.71,528702.5
32.37816905975342,4.71,527628.62
32.39060306549072,4.71,527271.87
32.40287756919861,4.71,528702.5
32.41494035720825,4.7,523023.43
32.42641353607178,4.71,527628.62
32.438791275024414,4.7,526203.43
32.45107889175415,4.7,523374.78
32.46333909034729,4.71,528343.5
32.475770473480225,4.7,522672.53
32.48823118209839,4.71,527271.87
32.500569343566895,4.7,526203.43
32.51284146308899,4.7,522322.09
32.52477288246155,4.71,527628.62
32.53700590133667,4.7,522322.09
32.548890113830566,4.7,523374.78
32.55851745605469,4.7,523374.78
32.57088112831116,4.7,524785.56
32.58296608924866,4.71,528343.5
32.59518504142761,4.7,521272.46
32.60762643814087,4.7,524432.43
32.619962215423584,4.7,520227.65
32.63203835487366,4.7,517459.0
32.644527196884155,4.7,522322.09
32.6568284034729,4.7,515742.81
32.66906452178955,4.7,517459.0
32.681140184402466,4.7,518493.31
32.69316840171814,4.7,516427.65
32.705273389816284,4.7,519532.43
32.717371463775635,4.7,515742.81
32.72890043258667,4.7,517115.06
32.73735165596008,4.7,516427.65
32.74964141845703,4.7,518148.12
32.76203680038452,4.7,519879.4
32.77432584762573,4.7,514717.87
32.78658151626587,4.7,518493.31
32.80008316040039,4.7,515400.15
32.812227964401245,4.7,512342.37
32.824530363082886,4.7,515742.81
32.83693218231201,4.7,509986.5
32.84908652305603,4.7,512003.9
32.86142158508301,4.7,513357.53
32.87363147735596,4.7,509317.59
32.88562250137329,4.7,513696.75
32.897735595703125,4.7,508982.93
32.9098174571991,4.7,509986.5
32.9217369556427,4.7,512342.37
32.931124210357666,4.69,507651.71
32.94326615333557,4.7,514037.31
32.95572900772095,4.7,509986.5
32.968013763427734,4.7,513018.71
32.980265855789185,4.7,509317.59
32.992668867111206,4.7,507983.9
33.004849433898926,4.7,511330.06
33.01722860336304,4.69,506987.75
33.029255628585815,4.69,505995.21
33.04184865951538,4.7,509986.5
33.053789138793945,4.69,505665.46
33.06599831581116,4.7,509651.81
33.07801175117493,4.69,505995.21
33.09026503562927,4.69,507319.09
33.10234785079956,4.7,509317.59
33.114161252975464,4.69,503040.28
33.123539686203,4.7,509317.59
33.13599729537964,4.7,507983.9
33.148258686065674,4.7,509651.81
33.160635232925415,4.7,507983.9
33.17290925979614,4.69,504021.93
33.185049295425415,4.69,507651.71
33.19736075401306,4.69,502388.37
33.2097430229187,4.69,503694.59
33.2221143245697,4.69,505007.18
33.23422455787659,4.69,500764.75
33.24641275405884,4.69,505995.21
33.25852560997009,4.69,500764.75
33.270731925964355,4.69,502388.37
33.28268098831177,4.69,503367.62
33.29441428184509,4.69,498507.65
33.3067524433136,4.69,504021.93
33.315187215805054,4.69,500118.37
33.32745313644409,4.69,503367.62
33.340210914611816,4.69,503367.62
33.352962017059326,4.69,500118.37
33.36526560783386,4.69,501412.68
33.37773323059082,4.69,499472.75
33.38983130455017,4.69,500118.37
33.40102291107178,4.69,499794.96
33.41342306137085,4.69,497227.34
33.425824880599976,4.69,499150.93
33.438435554504395,4.69,496270.37
33.45068335533142,4.69,497546.84
33.46314740180969,4.69,498187.0
33.47507119178772,4.69,494051.03
33.48725986480713,4.69,499150.93
33.49930810928345,4.69,495316.81
33.50873851776123,4.69,494683.56
33.52107834815979,4.69,499794.96
33.53316593170166,4.69,496588.68
33.5453519821167,4.69,498187.0
33.55787801742554,4.69,495634.81
33.57021927833557,4.69,495000.0
33.582420349121094,4.69,496588.68
33.59475374221802,4.68,490601.78
33.60696601867676,4.69,496270.37
33.619253396987915,4.69,492792.06
33.631479263305664,4.69,493420.81
33.64361786842346,4.69,494683.56
33.655624866485596,4.69,491225.25
33.667741537094116,4.69,494367.53
33.679755449295044,4.69,492477.5
33.691821813583374,4.69,490913.34
33.70119071006775,4.69,492477.5
33.713401556015015,4.69,492477.5
33.72559189796448,4.69,494683.56
33.737708568573,4.69,493420.81
33.74900031089783,4.69,493735.75
33.761292457580566,4.69,493106.25
33.77368998527527,4.68,488739.4
33.785977602005005,4.69,492792.06
33.79827952384949,4.69,490913.34
33.81083559989929,4.68,489358.43
33.82320547103882,4.69,491538.34
33.83530831336975,4.68,484748.68
33.84760904312134,4.68,489979.78
33.8601336479187,4.68,488739.4
33.87240242958069,4.68,486276.18
33.88427758216858,4.68,489048.71
33.89379811286926,4.68,485053.31
33.90591478347778,4.68,489358.43
33.918232440948486,4.68,489048.71
33.93046164512634,4.68,486889.4
33.943031311035156,4.68,487504.87
33.95506501197815,4.68,484444.4
33.96734857559204,4.68,486582.62
33.979504346847534,4.68,484748.68
33.9921760559082,4.68,481118.56
34.00420260429382,4.68,485358.31
34.016578674316406,4.68,481118.56
34.028584718704224,4.68,484748.68
34.04071855545044,4.68,483836.15
34.05287718772888,4.68,484140.5
34.06485176086426,4.68,484748.68
34.07697677612305,4.68,480219.56
34.086230754852295,4.68,483532.96
34.09841752052307,4.68,485970.15
34.11084508895874,4.68,483230.12
34.1231734752655,4.68,484140.5
34.13531684875488,4.68,480818.56
34.147573471069336,4.68,482624.71
34.159990549087524,4.68,481118.56
34.172452449798584,4.68,479322.93
34.18445301055908,4.68,483532.96
34.19673299789429,4.68,479025.0
34.209150075912476,4.68,481720.46
34.22121047973633,4.68,482021.5
34.2333984375,4.68,477836.0
34.245163440704346,4.68,482624.71
34.2573823928833,4.68,477836.0
34.26936984062195,4.68,481118.56
34.27878499031067,4.68,481720.46
34.29111933708191,4.68,481118.56
34.303086280822754,4.68,484140.5
34.314597606658936,4.68,480818.56
34.326879024505615,4.68,481118.56
34.3393132686615,4.68,480818.56
34.35184144973755,4.68,480518.87
34.364649057388306,4.68,482624.71
34.376983404159546,4.68,478132.53
34.388181924819946,4.68,481118.56
34.400535106658936,4.68,482322.93
34.412903785705566,4.68,481118.56
34.42523670196533,4.68,483836.15
34.43750715255737,4.68,481720.46
34.44995307922363,4.68,483836.15
34.46185636520386,4.68,484140.5
34.47133946418762,4.68,480219.56
34.48361945152283,4.68,488739.4
34.495532751083374,4.68,486582.62
34.50716733932495,4.68,484748.68
34.51932907104492,4.68,486582.62
34.53149199485779,4.68,485053.31
34.5440616607666,4.68,486276.18
34.55669450759888,4.68,482021.5
34.56945323944092,4.68,484140.5
34.58177161216736,4.68,485358.31
34.59390616416931,4.68,480818.56
34.60609436035156,4.68,485358.31
34.61812233924866,4.68,481419.71
34.63028860092163,4.68,482624.71
34.642250776290894,4.68,483230.12
34.65446949005127,4.68,480219.56
34.66357970237732,4.68,484140.5
34.67598247528076,4.68,482927.62
34.68835783004761,4.68,483230.12
34.70068573951721,4.68,483230.12
34.712846517562866,4.68,482322.93
34.72510075569153,4.68,482624.71
34.73692345619202,4.68,477836.0
34.74834108352661,4.68,480219.56
34.76062989234924,4.68,479621.18
34.77289891242981,4.68,477243.9
34.7852988243103,4.68,480518.87
34.79757618904114,4.68,477836.0
34.81004858016968,4.68,477243.9
34.82215738296509,4.68,479621.18
34.83447051048279,4.67,473717.93
34.84668207168579,4.68,478132.53
34.85606098175049,4.68,477243.9
34.86841940879822,4.68,477836.0
34.880696535110474,4.68,477836.0
34.893166065216064,4.68,476063.15
34.905349016189575,4.68,477836.0
34.91780471801758,4.68,475180.96
34.92978239059448,4.67,474301.84
34.94237565994263,4.67,474595.06
34.95443105697632,4.67,471394.21
34.9668505191803,4.68,475180.96
34.97910928726196,4.67,472843.87
34.99108552932739,4.67,473717.93
35.00323534011841,4.67,473717.93
35.01521396636963,4.67,469952.87
35.02733063697815,4.68,475474.43
35.03937792778015,4.67,472843.87
35.04868698120117,4.67,471973.53
35.061079263687134,4.68,476357.65
35.073493003845215,4.67,471683.34
35.08539080619812,4.67,474009.71
35.097782373428345,4.67,472843.87
35.110233306884766,4.67,471683.34
35.12247920036316,4.67,472553.4
35.134583473205566,4.67,467378.96
35.14693760871887,4.67,471973.53
35.15934681892395,4.67,470528.87
35.1716365814209,4.67,469092.46
35.18359112739563,4.67,471394.21
35.195621728897095,4.67,467663.5
35.20785093307495,4.67,470817.0
35.219111919403076,4.67,470240.34
35.23135828971863,4.67,468234.28
35.23992204666138,4.67,470817.0
35.25216102600098,4.67,468234.28
35.264708280563354,4.67,471394.21
35.27699685096741,4.67,470817.0
35.28927278518677,4.67,467094.78
35.3015501499176,4.67,468805.59
35.31388735771179,4.67,466527.34
35.3265016078949,4.67,468234.28
35.33903956413269,4.67,466810.87
35.3517963886261,4.67,466243.4
35.36376404762268,4.67,467663.5
35.37609529495239,4.67,462588.87
35.38826894760132,4.67,468234.28
35.400227785110474,4.67,466810.87
35.41213655471802,4.67,465112.9
35.42416763305664,4.67,466810.87
35.433619260787964,4.67,463147.4
35.44598364830017,4.67,468519.78
35.45833396911621,4.67,468234.28
35.47054147720337,4.67,464831.28
35.4818856716156,4.67,466243.4
35.493974924087524,4.67,464268.93
35.506521701812744,4.67,465677.84
35.51884865760803,4.67,463427.15
35.53127670288086,4.67,462868.0
35.54413723945618,4.67,465112.9
35.55653142929077,4.67,462309.4
35.56852626800537,4.67,464268.93
35.5805881023407,4.67,465395.59
35.59274077415466,4.67,461752.75
35.60460352897644,4.67,464268.93
35.61668109893799,4.67,461752.75
35.62613248825073,4.67,463147.4
35.638561487197876,4.67,465112.9
35.65087413787842,4.67,461474.9
35.66323137283325,4.67,465395.59
35.67532968521118,4.67,460919.43
35.68763256072998,4.67,462030.93
35.69996190071106,4.67,463427.15
35.7124240398407,4.67,459812.93
35.724379777908325,4.67,462868.0
35.736698627471924,4.67,459812.93
35.74775552749634,4.67,461752.75
35.75992488861084,4.67,461474.9
35.77230358123779,4.66,459261.87
35.784528732299805,4.67,462588.87
35.7967414855957,4.66,457068.59
35.809200286865234,4.67,459537.25
35.817753076553345,4.67,459812.93
35.830057859420776,4.67,459812.93
35.84227991104126,4.67,463147.4
35.855042695999146,4.67,461196.65
35.86780595779419,4.67,459537.25
35.880035400390625,4.67,462030.93
35.892513036727905,4.66,457615.43
35.90478587150574,4.67,460642.53
35.91685223579407,4.66,455707.84
35.9293999671936,4.66,458986.81
35.94165921211243,4.67,459812.93
35.95357370376587,4.66,457615.43
35.9656457901001,4.67,460089.62
35.977874755859375,4.66,457068.59
35.98994755744934,4.66,457888.93
36.00190329551697,4.66,458986.81
36.0113468170166,4.66,456795.96
36.02356672286987,4.67,462030.93
36.035664558410645,4.66,459261.87
36.047996282577515,4.66,458436.9
36.060466051101685,4.66,459261.87
36.07275748252869,4.66,455165.96
36.08505916595459,4.66,459261.87
36.097087144851685,4.66,457068.59
36.109580755233765,4.66,458162.81
36.12184000015259,4.66,457068.59
36.13414239883423,4.66,455436.71
36.14614272117615,4.66,458436.9
36.15823245048523,4.66,455707.84
36.1703360080719,4.66,455979.28
36.18260192871094,4.66,457341.5
36.19449758529663,4.66,451937.53
36.20365762710571,4.66,457888.93
36.21603775024414,4.66,456795.96
36.22805595397949,4.66,455979.28
36.24054145812988,4.66,457341.5
36.25271677970886,4.66,457068.59
36.265100717544556,4.66,456795.96
36.27734589576721,4.66,455165.96
36.289682388305664,4.66,454085.03
36.30209708213806,4.66,455165.96
36.31321954727173,4.66,451937.53
36.3257360458374,4.66,455707.84
36.33794283866882,4.66,452740.78
36.35038161277771,4.66,453546.03
36.36271834373474,4.66,455165.96
36.374852657318115,4.66,451937.53
36.38698077201843,4.66,454085.03
36.39899563789368,4.66,450605.06
36.40832877159119,4.66,452740.78
36.420759439468384,4.66,455979.28
36.43307614326477,4.66,451937.53
36.44550919532776,4.66,454894.75
36.45757246017456,4.66,454085.03
36.46986222267151,4.66,452204.75
36.48205614089966,4.66,453008.9
36.49350571632385,4.66,450339.62
36.50554585456848,4.66,453546.03
36.51815962791443,4.66,450870.84
36.53035855293274,4.66,451136.9
36.542826652526855,4.66,452472.96
36.55513286590576,4.66,450339.62
36.5674090385437,4.66,453008.9
36.57944869995117,4.66,449015.93
36.591490268707275,4.66,450605.06
36.60097527503967,4.66,451136.9
36.61333918571472,4.66,450339.62
36.62566542625427,4.66,452740.78
36.63795757293701,4.66,452740.78
36.65018367767334,4.66,449544.28
36.66255807876587,4.66,451670.59
36.6747784614563,4.66,449015.93
36.687010288238525,4.66,450870.84
36.69914364814758,4.66,449015.93
36.71161675453186,4.66,449015.93
36.723875284194946,4.66,450605.06
36.7359676361084,4.65,445088.03
36.746976137161255,4.66,450074.43
36.75916862487793,4.66,447962.06
36.77142000198364,4.66,448224.93
36.78369760513306,4.66,450339.62
36.79227352142334,4.66,447699.5
36.8045711517334,4.66,451937.53
36.81724429130554,4.66,451136.9
36.82928776741028,4.66,447962.06
36.84191656112671,4.66,451403.93
36.85442519187927,4.66,446912.78
36.86712956428528,4.66,449279.93
36.87944459915161,4.66,449279.93
36.891833543777466,4.66,446390.18
36.90400433540344,4.66,450074.43
36.916377782821655,4.65,444309.84
36.92840242385864,4.66,449015.93
36.940579414367676,4.66,448488.09
36.95262312889099,4.66,446390.18
36.96464681625366,4.66,449015.93
36.9766104221344,4.66,445868.09
36.98612904548645,4.66,449279.93
36.99818253517151,4.66,451136.9
37.01042866706848,4.66,451136.9
37.02290606498718,4.66,452204.75
37.03523087501526,4.66,450074.43
37.04731583595276,4.66,449544.28
37.05971813201904,4.66,450074.43
37.07198619842529,4.66,449808.84
37.08435678482056,4.66,452472.96
37.09690999984741,4.66,450605.06
37.10891509056091,4.66,451937.53
37.12097930908203,4.66,452472.96
37.13311815261841,4.66,450605.06
37.14527988433838,4.66,455436.71
37.15722060203552,4.66,452472.96
37.169225215911865,4.66,453277.34
37.18121147155762,4.66,452204.75
37.19087052345276,4.66,450870.84
37.20329761505127,4.66,455979.28
37.215306758880615,4.66,454624.56
37.22752046585083,4.66,452740.78
37.239826917648315,4.66,454085.03
37.25210189819336,4.66,451670.59
37.26438856124878,4.66,453546.03
37.276606798172,4.66,451136.9
37.28908848762512,4.66,451403.93
37.30146884918213,4.66,451670.59
37.31350040435791,4.66,446912.78
37.32543921470642,4.66,452204.75
37.337777614593506,4.66,447699.5
37.349623680114746,4.66,449808.84
37.36188745498657,4.66,449279.93
37.37377691268921,4.66,446651.34
37.38331055641174,4.66,451136.9
37.395671129226685,4.66,451136.9
37.40771746635437,4.66,449808.84
37.420207262039185,4.66,450605.06
37.43231511116028,4.66,447962.06
37.44482755661011,4.66,449544.28
37.45686149597168,4.66,446651.34
37.469135761260986,4.66,446390.18
37.480398178100586,4.66,446651.34
37.49307608604431,4.66,445347.78
37.505292654037476,4.66,447174.53
37.51758575439453,4.65,443276.46
37.5300498008728,4.65,444568.78
37.541515827178955,4.66,445347.78
37.55374455451965,4.65,442247.5
37.56600999832153,4.66,445868.09
37.57470512390137,4.65,443534.21
37.58701205253601,4.65,444827.93
37.599092960357666,4.66,446912.78
37.61162304878235,4.65,443018.96
37.62426972389221,4.65,445088.03
37.636478900909424,4.65,442504.15
37.64958119392395,4.65,441478.53
37.66185402870178,4.65,442761.75
37.674166202545166,4.65,439441.15
37.686604022979736,4.65,444309.84
37.69851064682007,4.65,441223.0
37.709513902664185,4.65,438934.06
37.72190284729004,4.65,441478.53
37.73439002037048,4.65,437672.03
37.74638533592224,4.65,441735.0
37.75847601890564,4.65,439694.78
37.766926288604736,4.65,438934.06
37.779215812683105,4.65,443534.21
37.791507959365845,4.65,439187.81
37.80411648750305,4.65,440712.71
37.816229581832886,4.65,439187.81
37.828890800476074,4.65,438428.68
37.84098196029663,4.65,439187.81
37.853546380996704,4.65,434670.78
37.866175413131714,4.65,437923.78
37.87905550003052,4.65,437169.37
37.89121103286743,4.65,435168.12
37.903199911117554,4.65,438428.68
37.915263175964355,4.65,435916.75
37.92749905586243,4.65,438176.4
37.93950080871582,4.65,435667.15
37.95141816139221,4.65,436416.75
37.9607458114624,4.65,437923.78
37.97308850288391,4.65,436416.75
37.985475063323975,4.65,437672.03
37.99759769439697,4.65,436667.12
38.01020383834839,4.65,437169.37
38.02222418785095,4.65,436166.59
38.034544944763184,4.65,433183.84
38.04705834388733,4.65,436166.59
38.059224128723145,4.65,434421.87
38.071258306503296,4.65,432690.68
38.0836181640625,4.65,435168.12
38.09596252441406,4.65,432937.15
38.10795521736145,4.65,434421.87
38.12006616592407,4.65,435168.12
38.13200354576111,4.65,433183.84
38.14419603347778,4.65,434421.87
38.15611791610718,4.64,430727.34
38.165447473526,4.65,433926.12
38.17657780647278,4.65,435667.15
38.18892526626587,4.65,433431.43
38.201335430145264,4.65,434670.78
38.21348428726196,4.65,432197.96
38.225844621658325,4.65,433926.12
38.23799133300781,4.65,432937.15
38.25045108795166,4.64,430727.34
38.26317548751831,4.65,434173.87
38.27558445930481,4.64,431216.93
38.288283824920654,4.65,432444.53
38.30047965049744,4.64,431706.93
38.31186842918396,4.65,432197.96
38.324158906936646,4.65,433183.84
38.3364896774292,4.64,429995.78
38.348644733428955,4.64,430971.68
38.357518911361694,4.65,432937.15
38.37060570716858,4.65,434173.87
38.38257908821106,4.65,434670.78
38.395002365112305,4.64,431706.93
38.407230615615845,4.65,433183.84
38.4196081161499,4.65,432444.53
38.43329453468323,4.64,431706.93
38.44390392303467,4.65,433678.65
38.455825328826904,4.64,429508.71
38.467703104019165,4.64,429751.81
38.47991919517517,4.64,431461.81
38.49228262901306,4.64,429265.93
38.50410318374634,4.65,432937.15
38.51664400100708,4.64,428055.0
38.52888011932373,4.64,431216.93
38.541096210479736,4.64,431706.93
38.54985165596008,4.64,429995.78
38.56246733665466,4.65,433926.12
38.575352907180786,4.64,431216.93
38.587520122528076,4.65,432937.15
38.59977054595947,4.64,431461.81
38.61199617385864,4.64,430239.37
38.62436127662659,4.65,432444.53
38.636691093444824,4.64,429751.81
38.648725509643555,4.64,428780.43
38.661097049713135,4.64,430727.34
38.67336320877075,4.64,429023.34
38.68567204475403,4.64,430483.21
38.69765663146973,4.64,428780.43
38.70987057685852,4.64,431216.93
38.72175073623657,4.64,431216.93
38.73406219482422,4.64,427813.68
38.74589228630066,4.65,433183.84
38.754926681518555,4.64,429023.34
38.766353130340576,4.65,432690.68
38.77864480018616,4.64,430727.34
38.79088377952576,4.64,429995.78
38.80316400527954,4.65,432937.15
38.81561613082886,4.64,428538.34
38.828203439712524,4.64,426850.4
38.840476274490356,4.64,429508.71
38.85265612602234,4.64,427572.06
38.86531472206116,4.64,430971.68
38.87819027900696,4.64,427813.68
38.890645265579224,4.64,427331.25
38.902443170547485,4.64,429023.34
38.91430163383484,4.64,426130.4
38.926539182662964,4.64,428538.34
38.93853259086609,4.64,426850.4
38.94786596298218,4.64,428055.0
38.960339069366455,4.64,430727.34
38.972572326660156,4.64,427572.06
38.984766721725464,4.64,430727.34
38.997199296951294,4.64,427572.06
39.00942540168762,4.64,429508.71
39.021515130996704,4.64,428538.34
39.03387475013733,4.64,426130.4
39.04632616043091,4.64,426850.4
39.05852913856506,4.64,426850.4
39.07078528404236,4.64,428055.0
39.08271622657776,4.64,428055.0
39.09485149383545,4.64,424935.87
39.10691428184509,4.64,428055.0
39.118966579437256,4.64,427331.25
39.13071632385254,4.64,425174.15
39.14040780067444,4.64,427572.06
39.15263485908508,4.64,427331.25
39.164915323257446,4.64,427813.68
39.17735314369202,4.64,427090.68
39.18950629234314,4.64,426130.4
39.201685428619385,4.64,427572.06
39.21418380737305,4.64,423510.68
39.226449489593506,4.64,427331.25
39.238847494125366,4.64,425652.12
39.2510130405426,4.64,424935.87
39.263105630874634,4.64,426369.96
39.27524948120117,4.64,423510.68
39.287336111068726,4.64,426850.4
39.299365282058716,4.64,425174.15
39.311442136764526,4.64,425174.15
39.323243379592896,4.64,426130.4
39.332746505737305,4.64,422093.75
39.34525203704834,4.64,427331.25
39.357463121414185,4.64,426369.96
39.369818449020386,4.64,424935.87
39.38193869590759,4.64,425412.71
39.39453744888306,4.64,422565.28
39.40657639503479,4.64,425652.12
39.41890072822571,4.64,424935.87
39.43144369125366,4.64,423747.5
39.44353532791138,4.64,425652.12
39.45458364486694,4.64,422801.09
39.467002391815186,4.64,423037.21
39.47935175895691,4.64,423984.56
39.49159240722656,4.64,424460.03
39.50390338897705,4.64,425174.15
39.515841007232666,4.64,421858.62
39.52547907829285,4.64,423510.68
39.5377721786499,4.64,424935.87
39.549957275390625,4.64,423510.68
39.56229281425476,4.64,424460.03
39.57454442977905,4.64,420920.06
39.58677339553833,4.64,423510.68
39.59897422790527,4.64,423273.53
39.61147427558899,4.64,421858.62
39.623664140701294,4.64,423984.56
39.636149168014526,4.64,421154.81
39.64813160896301,4.64,423273.53
39.66042184829712,4.64,423037.21
39.67225980758667,4.64,420920.06
39.68449664115906,4.64,423984.56
39.6964807510376,4.64,420920.06
39.70832896232605,4.64,421623.81
39.7166211605072,4.64,422801.09
39.72891592979431,4.64,423273.53
39.74125146865845,4.64,424460.03
39.75457048416138,4.64,421858.62
39.76576495170593,4.64,424221.87
39.778000354766846,4.64,423037.21
39.790379762649536,4.64,422329.68
39.802672147750854,4.64,424460.03
39.81503367424011,4.64,420452.53
39.82760000228882,4.64,421623.81
39.83978271484375,4.64,423747.5
39.852092027664185,4.64,420686.18
39.86422848701477,4.64,424221.87
39.876734256744385,4.64,421858.62
39.88907527923584,4.64,421858.62
39.901206493377686,4.64,423037.21
39.91045880317688,4.64,422093.75
39.92285227775574,4.64,426369.96
39.935057401657104,4.64,423747.5
39.94725227355957,4.64,425174.15
39.95952916145325,4.64,422801.09
39.97191500663757,4.64,420452.53
39.98413157463074,4.64,424935.87
39.99637842178345,4.64,421154.81
40.00871133804321,4.64,422093.75
40.02110934257507,4.64,424221.87
40.03323769569397,4.64,421858.62
40.04554080963135,4.64,426369.96
40.05743861198425,4.64,423510.68
40.0695436000824,4.64,422565.28
40.08151435852051,4.64,426130.4
40.09367561340332,4.64,423510.68
40.10300302505493,4.64,426850.4
40.115371227264404,4.64,427331.25
40.127436876297,4.64,427331.25
40.13970494270325,4.64,427813.68
40.15209436416626,4.64,427090.68
40.164552211761475,4.64,429023.34
40.176474809646606,4.64,426610.37
40.188889265060425,4.64,425412.71
40.20122408866882,4.64,426610.37
40.21356511116028,4.64,424460.03
40.22623252868652,4.64,426130.4
40.237884521484375,4.64,423747.5
40.249969244003296,4.64,425174.15
40.262187004089355,4.64,426130.4
40.273364305496216,4.64,422801.09
40.28559136390686,4.64,426369.96
40.297794580459595,4.64,423273.53
40.306418895721436,4.64,422801.09
40.318681955337524,4.64,426130.4
40.33099126815796,4.64,423037.21
40.3434784412384,4.64,424221.87
40.35561394691467,4.64,421154.81
40.367950439453125,4.64,421154.81
40.38018560409546,4.64,423510.68
40.392791509628296,4.64,420920.06
40.40514254570007,4.64,423510.68
40.41711139678955,4.64,421858.62
40.42980456352234,4.64,421154.81
40.442223072052,4.64,422329.68
40.4546377658844,4.63,418822.5
40.466702699661255,4.64,422093.75
40.478724241256714,4.64,420920.06
40.49050211906433,4.64,419985.37
40.50029993057251,4.64,422093.75
40.51243567466736,4.64,419752.43
40.52475905418396,4.64,423510.68
40.53715443611145,4.64,419985.37
40.54920721054077,4.63,418359.28
40.561551332473755,4.64,419752.43
40.57388162612915,4.63,416285.28
40.58622860908508,4.64,419055.09
40.59874725341797,4.63,418128.03
40.610751152038574,4.63,416974.68
40.62301969528198,4.63,418822.5
40.633936405181885,4.63,415597.96
40.64620566368103,4.63,417435.06
40.65871334075928,4.63,416056.12
40.670976877212524,4.63,415597.96
40.683109998703,4.63,416974.68
40.691492557525635,4.63,415141.31
40.70405340194702,4.63,418822.5
40.716402530670166,4.63,416056.12
40.72906160354614,4.63,416974.68
40.741411209106445,4.63,415597.96
40.7539644241333,4.63,413322.84
40.765204191207886,4.63,415827.25
40.777350664138794,4.63,414913.34
40.78960728645325,4.63,412645.15
40.802075147628784,4.63,415141.31
40.814146518707275,4.63,412193.9
40.82673740386963,4.63,414230.21
40.83904480934143,4.63,412870.78
40.85117197036743,4.63,413096.68
40.863537549972534,4.63,414230.21
40.87227535247803,4.63,409730.37
40.88503336906433,4.63,414685.62
40.89760708808899,4.63,414685.62
40.909886598587036,4.63,414457.5
40.921961307525635,4.63,413776.34
40.93430829048157,4.63,410846.81
40.946704626083374,4.63,412419.12
40.9589147567749,4.63,411070.65
40.971365451812744,4.63,410176.03
40.983349323272705,4.63,412419.12
40.99579310417175,4.63,410176.03
41.0078227519989,4.63,411968.93
41.02013444900513,4.63,410176.03
41.03201723098755,4.63,408841.12
41.044092893600464,4.63,411519.03
41.0562641620636,4.63,407955.43
41.06548762321472,4.63,409953.09
41.07777166366577,4.63,411744.15
41.09009599685669,4.63,410176.03
41.10274887084961,4.63,410176.03
41.11466073989868,4.63,408841.12
41.12682557106018,4.63,409507.87
41.13914895057678,4.63,408176.37
41.151479721069336,4.63,407955.43
41.16365671157837,4.63,409953.09
41.176002740859985,4.63,407073.31
41.18841600418091,4.63,408397.56
41.200347661972046,4.63,407955.43
41.21238660812378,4.62,406194.68
41.22456669807434,4.63,409507.87
41.23654747009277,4.62,405756.96
41.24848127365112,4.63,408176.37
41.25786542892456,4.63,408397.56
41.270323276519775,4.63,409507.87
41.28236365318298,4.63,410623.18
41.29482078552246,4.62,406633.84
41.307178258895874,4.63,407734.71
41.319355726242065,4.63,407073.31
41.331705808639526,4.62,406633.84
41.34390044212341,4.63,408176.37
41.3560585975647,4.62,405101.5
41.36855721473694,4.62,406853.46
41.38074612617493,4.62,406853.46
41.39288902282715,4.62,403796.9
41.40502858161926,4.63,408176.37
41.41693377494812,4.62,403580.31
41.42910146713257,4.62,406194.68
41.44107460975647,4.62,406853.46
41.4502968788147,4.62,404230.75
41.46259045600891,4.63,409062.96
41.47496676445007,4.62,405975.71
41.4874005317688,4.62,406414.43
41.499480962753296,4.63,407073.31
41.511961460113525,4.62,403580.31
41.52419376373291,4.62,405975.71
41.53589081764221,4.62,404013.71
41.54789400100708,4.62,405538.46
41.560094594955444,4.62,406194.68
41.57257413864136,4.62,404448.53
41.58484673500061,4.62,406853.46
41.59736251831055,4.62,404448.53
41.60948872566223,4.62,404665.96
41.621625900268555,4.62,404230.75
41.63360404968262,4.62,402069.15
41.642738580703735,4.62,405975.71
41.65520215034485,4.62,405975.71
41.66746377944946,4.62,405756.96
41.679866313934326,4.63,407293.37
41.692060232162476,4.62,404448.53
41.70436191558838,4.62,405975.71
41.71654176712036,4.62,404665.96
41.729087114334106,4.62,404230.75
41.741408348083496,4.62,404448.53
41.75333523750305,4.62,401854.28
41.76554870605469,4.62,405101.5
41.77671217918396,4.62,404230.75
41.788936138153076,4.62,403147.28
41.801130294799805,4.62,404230.75
41.813438177108765,4.62,402284.25
41.825708627700806,4.62,404448.53
41.83421087265015,4.62,403580.31
41.84679627418518,4.62,404230.75
41.85909295082092,4.62,405975.71
41.871312856674194,4.62,403796.9
41.8840708732605,4.62,404883.62
41.896665811538696,4.62,404665.96
41.90908455848694,4.62,403147.28
41.921531200408936,4.62,403796.9
41.93359923362732,4.62,402069.15
41.94600510597229,4.62,404013.71
41.95814490318298,4.62,402069.15
41.970372915267944,4.62,402715.59
41.98240375518799,4.62,403580.31
41.99449300765991,4.62,401210.37
42.00646424293518,4.62,404230.75
42.0184211730957,4.62,401639.62
42.027966022491455,4.62,402284.25
42.04034399986267,4.62,405319.59
42.05295014381409,4.62,403363.43
42.064788579940796,4.62,404230.75
42.077102184295654,4.62,403580.31
42.08952975273132,4.62,402715.59
42.10161066055298,4.62,402500.09
42.113813638687134,4.62,401210.37
42.12619638442993,4.62,402931.31
42.13861131668091,4.62,400568.96
42.150691747665405,4.62,401854.28
42.16288876533508,4.62,402500.09
42.174838066101074,4.62,398866.59
42.18698048591614,4.62,403363.43
42.198925495147705,4.62,401639.62
42.210912466049194,4.62,401854.28
42.220314025878906,4.62,403147.28
42.23298907279968,4.62,400996.37
42.244943380355835,4.62,404230.75
42.25734257698059,4.62,403796.9
42.269627809524536,4.62,400996.37
42.282029151916504,4.62,402931.31
42.29400396347046,4.62,399503.53
42.30629897117615,4.62,403147.28
42.31777739524841,4.62,402284.25
42.33011341094971,4.62,400782.56
42.34246015548706,4.62,402284.25
42.35503578186035,4.62,399716.09
42.367310523986816,4.62,402069.15
42.379422187805176,4.62,400568.96
42.3914692401886,4.62,400355.03
42.40340518951416,4.62,402284.25
42.41300392150879,4.62,399503.53
42.42515540122986,4.62,403363.43
42.437556743621826,4.62,402500.09
42.449740171432495,4.62,400568.96
42.46213483810425,4.62,402284.25
42.47450542449951,4.62,398866.59
42.48661708831787,4.62,401425.15
42.49914574623108,4.62,400355.03
42.511366844177246,4.62,399290.65
42.52361035346985,4.62,400568.96
42.53575158119202,4.62,398231.5
42.5469810962677,4.62,400568.96
42.55922842025757,4.62,399503.53
42.57160830497742,4.62,399078.53
42.58372616767883,4.62,400782.56
42.59581661224365,4.62,397598.84
42.60568141937256,4.62,399290.65
42.61771249771118,4.62,401639.62
42.630070209503174,4.62,399716.09
42.64229679107666,4.62,400782.56
42.65479874610901,4.62,399078.53
42.66670632362366,4.62,398866.59
42.67932438850403,4.62,399078.53
42.691524505615234,4.62,397598.84
42.70379400253296,4.62,399716.09
42.71600151062012,4.62,396757.59
42.728222608566284,4.62,398654.84
42.740286350250244,4.62,398443.37
42.75237679481506,4.62,397177.53
42.76459074020386,4.62,399290.65
42.77588772773743,4.62,396128.71
42.784361124038696,4.62,397809.5
42.79662752151489,4.62,399290.65
42.809040784835815,4.62,398020.43
42.82131743431091,4.62,400141.84
42.83377552032471,4.62,396547.93
42.846081256866455,4.62,397598.84
42.85839796066284,4.62,398020.43
42.87103343009949,4.62,396757.59
42.88366627693176,4.62,398231.5
42.89604711532593,4.61,395501.65
42.90857529640198,4.62,397177.53
42.92066550254822,4.62,396547.93
42.93254256248474,4.62,396128.71
42.94481658935547,4.62,399078.53
42.95697355270386,4.61,395501.65
42.96885824203491,4.62,397387.81
42.978309869766235,4.62,398443.37
42.990402698516846,4.62,398231.5
43.00275421142578,4.62,398443.37
43.01512384414673,4.61,395501.65
43.027263879776,4.62,397598.84
43.0395393371582,4.62,399078.53
43.05183291435242,4.62,395919.65
43.06436800956726,4.62,398020.43
43.076401233673096,4.61,395501.65
43.08858513832092,4.62,397387.81
43.10093140602112,4.62,397387.81
43.11312747001648,4.62,396337.96
43.1253125667572,4.62,399716.09
43.13724613189697,4.62,396337.96
43.149304151535034,4.62,397809.5
43.161473512649536,4.62,399290.65
43.17047119140625,4.62,398443.37
43.18311548233032,4.62,403580.31
43.19526028633118,4.62,399290.65
43.2076210975647,4.62,401425.15
43.21968674659729,4.62,402931.31
43.232205390930176,4.62,400782.56
43.24436616897583,4.62,403363.43
43.25662279129028,4.62,401854.28
43.26892280578613,4.62,403580.31
43.28134036064148,4.63,407293.37
43.29348421096802,4.62,404883.62
43.30568838119507,4.63,407734.71
43.317638635635376,4.62,405975.71
43.32977628707886,4.62,406853.46
43.34189534187317,4.63,409062.96
43.353853702545166,4.62,406633.84
43.36325240135193,4.63,408397.56
43.37543869018555,4.63,407955.43
43.38771939277649,4.63,409285.03
43.40006065368652,4.63,410399.21
43.41235685348511,4.62,405975.71
43.4247088432312,4.63,409953.09
43.43672180175781,4.62,406853.46
43.44927000999451,4.62,406853.46
43.461479902267456,4.63,408619.5
43.473822593688965,4.62,405975.71
43.486093521118164,4.63,407293.37
43.49809217453003,4.62,406633.84
43.510122776031494,4.62,406853.46
43.522040367126465,4.63,408176.37
43.53394603729248,4.62,405319.59
43.54615521430969,4.63,407073.31
43.5547776222229,4.62,405975.71
43.566985845565796,4.63,408841.12
43.57928228378296,4.63,408619.5
43.591835260391235,4.62,405319.59
43.60462760925293,4.63,407514.18
43.61703443527222,4.62,405756.96
43.62949204444885,4.62,405975.71
43.64174437522888,4.62,405975.71
43.65398383140564,4.62,403796.9
43.66641926765442,4.62,406853.46
43.67859625816345,4.62,404665.96
43.69062852859497,4.62,404883.62
43.702702045440674,4.62,405975.71
43.71483373641968,4.62,403796.9
43.72682476043701,4.62,406633.84
43.73890805244446,4.62,405319.59
43.74806308746338,4.62,405101.5
43.76038575172424,4.63,407955.43
43.77160358428955,4.62,404448.53
43.7837598323822,4.62,406853.46
43.795979738235474,4.62,404013.71
43.80842638015747,4.62,403796.9
43.82070994377136,4.62,406633.84
43.83303141593933,4.62,402715.59
43.84546780586243,4.62,403796.9
43.85783624649048,4.62,404013.71
43.8702757358551,4.62,403580.31
43.882267475128174,4.62,404013.71
43.89477801322937,4.62,402069.15
43.907082080841064,4.62,403580.31
43.919281244277954,4.62,403147.28
43.9313690662384,4.62,402284.25
43.94064211845398,4.62,405101.5
43.952964305877686,4.62,403147.28
43.965327978134155,4.62,406414.43
43.97757530212402,4.62,403796.9
43.989861249923706,4.62,401425.15
44.00196886062622,4.62,399078.53
44.01434683799744,4.61,392806.68
44.02674412727356,4.61,394253.53
44.03896641731262,4.61,394046.31
44.05109977722168,4.61,394253.53
44.06349968910217,4.62,396547.93
44.075721979141235,4.61,393012.68
44.08767652511597,4.62,396547.93
44.09976601600647,4.62,396128.71
44.11181664466858,4.61,394669.12
44.123863220214844,4.61,395293.21
44.13341045379639,4.61,392189.28
44.1455192565918,4.62,396547.93
44.15754723548889,4.61,394876.93
44.16998362541199,4.61,392806.68
44.182244300842285,4.61,395501.65
44.19456505775452,4.61,391573.65
44.20701766014099,4.61,394460.96
44.21920871734619,4.61,394460.96
44.231324911117554,4.61,394876.93
44.24373173713684,4.62,398443.37
44.25593614578247,4.62,396757.59
44.267881631851196,4.62,398443.37
44.28020477294922,4.62,400355.03
44.29237914085388,4.62,401210.37
44.30417060852051,4.62,402715.59
44.31595540046692,4.62,401425.15
44.324610471725464,4.62,404013.71
44.337090730667114,4.62,405756.96
44.34960865974426,4.62,405756.96
44.3622260093689,4.63,408619.5
44.37491488456726,4.62,405101.5
44.387107372283936,4.63,408619.5
44.39954376220703,4.63,410399.21
44.41163659095764,4.63,410399.21
44.42399001121521,4.63,416744.25
44.4362530708313,4.63,417204.75
44.44850206375122,4.64,422801.09
44.46031665802002,4.64,426850.4
44.47263479232788,4.64,428538.34
44.48460674285889,4.65,432444.53
44.4967520236969,4.65,432197.96
44.508535385131836,4.65,435916.75
44.517964601516724,4.65,437169.37
44.52929449081421,4.65,440202.87
44.54174208641052,4.66,446651.34
44.55411767959595,4.66,445607.78
44.56652235984802,4.66,450074.43
44.57917308807373,4.66,453546.03
44.591949224472046,4.66,454624.56
44.60423398017883,4.66,458436.9
44.61660885810852,4.66,458436.9
44.62918210029602,4.66,459261.87
44.64113140106201,4.67,460919.43
44.65301179885864,4.66,457615.43
44.66523098945618,4.66,457068.59
44.67722535133362,4.66,455436.71
44.68928146362305,4.66,455979.28
44.70131182670593,4.66,455979.28
44.710732221603394,4.66,453277.34
44.72297120094299,4.66,457068.59
44.73509621620178,4.66,451937.53
44.747546672821045,4.66,450339.62
44.759968757629395,4.66,449544.28
44.771986961364746,4.66,447962.06
44.78309416770935,4.66,450339.62
44.79537391662598,4.66,447436.53
44.80779194831848,4.66,449279.93
44.82008123397827,4.66,452740.78
44.83236646652222,4.66,454085.03
44.84477186203003,4.66,458162.81
44.857006549835205,4.66,459261.87
44.86933517456055,4.66,457341.5
44.8816921710968,4.67,463988.28
44.893898487091064,4.67,466527.34
44.90322160720825,4.68,488430.4
44.91556692123413,4.7,513357.53
44.927762031555176,4.7,526203.43
44.94001340866089,4.71,537071.62
44.95225954055786,4.73,578252.56
44.96448755264282,4.75,618529.75
44.97672438621521,4.76,662286.25
44.9883930683136,4.78,727149.81
45.00036978721619,4.8,802972.87
45.01297187805176,4.8,789686.31
45.025261640548706,4.82,883031.75
45.037978649139404,4.82,901514.31
45.050384283065796,4.82,904499.31
45.06232309341431,4.82,902507.18
45.07442498207092,4.82,881127.25
45.08645033836365,4.82,880179.18
45.09552979469299,4.82,879233.06
45.10820007324219,4.89,1495664.75
45.12031292915344,4.87,1200069.37
45.132630586624146,4.82,877344.37
45.144697189331055,4.82,886859.75
45.15715479850769,4.82,899532.25
45.16934156417847,4.82,870800.81
45.18178176879883,4.82,872660.06
45.194106578826904,4.82,862523.0
45.2062783241272,4.82,859796.5
45.21840858459473,4.82,866183.5
45.230732440948486,4.81,849059.25
45.24290728569031,4.81,848174.25
45.25488591194153,4.81,825816.56
45.266887187957764,4.82,881127.25
45.27902913093567,4.83,935452.68
45.29100966453552,4.82,866183.5
45.30062556266785,4.81,830874.43
45.31275725364685,4.81,836852.87
45.32487440109253,4.81,849059.25
45.33608913421631,4.81,844660.87
45.348326444625854,4.81,846414.06
45.36060881614685,4.82,863434.68
45.37293529510498,4.82,866183.5
45.38522791862488,4.83,934388.68
45.39774489402771,4.82,907506.18
45.40997672080994,4.83,947319.06
45.42226314544678,4.86,1108870.37
45.43442988395691,4.84,971949.06
45.446950912475586,4.83,940810.93
45.45955538749695,4.85,1060619.87
45.47166204452515,4.83,932264.87
45.483628273010254,4.83,948411.75
45.49557662010193,4.85,1066083.87
45.505127906799316,4.83,958362.37
45.51778244972229,4.9,1634719.37
45.52990198135376,4.85,1044552.31
45.5422203540802,4.84,968516.81
45.554516315460205,4.83,949509.62
45.56662845611572,4.84,1023845.0
45.5790536403656,4.85,1079984.0
45.591445446014404,4.85,1066083.87
45.60362267494202,4.85,1102973.75
45.61470293998718,4.85,1060619.87
45.62717413902283,4.86,1114824.5
45.63944411277771,4.64,429751.81
45.65170097351074,4.56,345060.9
45.66421961784363,4.54,325939.71
45.67658257484436,4.51,304855.0
45.688562631607056,4.51,304855.0
45.697784185409546,4.52,307469.53
45.71017789840698,4.53,316808.0
45.72248673439026,4.52,314322.81
45.73447775840759,4.51,306680.78
45.746928691864014,4.54,326820.18
45.75935459136963,4.56,341999.96
45.77150082588196,4.55,333107.4
45.78363108634949,4.51,306288.09
45.7947051525116,4.5,297744.06
45.806999921798706,4.49,290569.18
45.81940293312073,4.49,287388.43
45.83161401748657,4.51,306812.18
45.84394311904907,4.48,282111.06
45.856966733932495,4.49,292003.03
45.86895418167114,4.49,288206.9
45.88094115257263,4.48,283812.65
45.89034962654114,4.48,286226.25
45.902411460876465,4.49,290450.03
45.914849042892456,4.48,283926.71
45.92718577384949,4.47,281210.87
45.93953204154968,4.47,279981.68
45.95165419578552,4.47,278100.62
45.9642379283905,4.47,280762.71
45.97627902030945,4.47,277880.96
45.98851704597473,4.46,274943.62
46.00102758407593,4.46,273869.81
46.01212525367737,4.46,273549.0
46.02440571784973,4.46,274191.0
46.03673315048218,4.46,274835.96
46.04909658432007,4.47,277332.78
46.06135320663452,4.46,274943.62
46.07355451583862,4.46,272061.28
46.0828652381897,4.45,268301.06
46.094887018203735,4.45,266761.56
46.107314586639404,4.45,266150.25
46.119614124298096,4.45,265136.81
46.13195085525513,4.44,263929.53
46.14443039894104,4.44,264029.68
46.156442642211914,4.45,265237.75
46.16865611076355,4.45,266659.56
46.181092739105225,4.45,267888.93
46.1935088634491,4.45,267477.9
46.205613136291504,4.45,267888.93
46.217902183532715,4.45,266761.56
46.22980308532715,4.45,266150.25
46.24198365211487,4.45,266353.68
46.254231691360474,4.45,266965.81
46.2660129070282,4.45,268817.71
46.27529811859131,4.46,270692.62
46.287538051605225,4.46,272909.68
46.29995393753052,4.46,274513.12
46.311986446380615,4.46,274728.06
46.32434415817261,4.47,277332.78
46.33663988113403,4.47,277551.71
46.34906363487244,4.47,276677.37
46.361419677734375,4.47,276350.96
46.37369108200073,4.47,275483.31
46.3857581615448,4.47,275591.46
46.398027420043945,4.47,275591.46
46.41046953201294,4.47,275699.65
46.422321796417236,4.47,276786.34
46.434409856796265,4.46,275267.06
46.44667100906372,4.47,276242.03
46.45861530303955,4.47,275483.31
46.47056555747986,4.46,275267.06
46.480042934417725,4.46,274835.96
46.4924521446228,4.46,274728.06
46.50467848777771,4.47,276242.03
46.51707935333252,4.47,276786.34
46.52932596206665,4.46,275051.34
46.54152822494507,4.46,274620.56
46.553757667541504,4.46,274083.87
46.566123962402344,4.46,275375.28
46.578221559524536,4.46,274835.96
46.589680194854736,4.46,274083.87
46.6016685962677,4.46,274405.78
46.61433506011963,4.46,273335.71
46.62652373313904,4.46,274943.62
46.63901209831238,4.46,275051.34
46.651043176651,4.46,274943.62
46.66323113441467,4.47,275916.53
46.6726336479187,4.46,274191.0
46.68511486053467,4.47,275916.53
46.697129011154175,4.47,276133.46
46.70931029319763,4.46,274620.56
46.7217276096344,4.47,275916.53
46.73412346839905,4.46,274728.06
46.746220111846924,4.47,276133.46
46.758378982543945,4.47,276568.5
46.770843744277954,4.47,276459.68
46.78300642967224,4.47,277770.93
46.79411721229553,4.47,277661.28
