Time (s),Voltage (V),Resistance (Ohm)
0.00159454345703125,3.6,84999.37
0.002907276153564453,3.6,84967.75
0.00408172607421875,3.61,85300.78
0.0052144527435302734,3.6,85094.39
0.006333112716674805,3.6,84951.92
0.007447004318237305,3.6,85046.87
0.008559465408325195,3.6,84857.16
0.010102510452270508,3.6,85237.2
0.011250734329223633,3.6,85015.21
0.012373208999633789,3.6,84936.13
0.013484477996826172,3.6,84967.75
0.01459503173828125,3.6,84872.93
0.015706777572631836,3.6,85141.95
0.016813039779663086,3.6,84999.37
0.017931699752807617,3.6,84983.56
0.019045114517211914,3.6,85062.7
0.0221707820892334,3.6,84936.13
0.02328658103942871,3.6,85237.2
0.02435922622680664,3.6,84951.92
0.025428056716918945,3.6,84841.36
0.026619672775268555,3.6,84904.53
0.0276949405670166,3.6,84841.36
0.028761863708496094,3.6,85253.07
0.029854774475097656,3.6,84967.75
0.030916452407836914,3.6,84951.92
0.03212141990661621,3.6,84936.13
0.03319883346557617,3.6,84778.27
0.03426074981689453,3.61,85460.03
0.03532528877258301,3.6,85062.7
0.03638315200805664,3.6,85015.21
0.03747057914733887,3.6,85062.7
0.03852701187133789,3.6,84794.04
0.03958272933959961,3.6,85173.68
0.04063725471496582,3.6,84999.37
0.04169487953186035,3.6,84951.92
0.042754173278808594,3.6,84967.75
0.043886661529541016,3.6,84809.82
0.0450594425201416,3.6,85205.43
0.046155691146850586,3.6,84967.75
0.047220468521118164,3.6,84951.92
0.04828047752380371,3.6,85015.21
0.04934358596801758,3.6,84983.56
0.05040240287780762,3.6,85189.57
0.051459312438964844,3.6,84999.37
0.052521705627441406,3.6,84936.13
0.05359983444213867,3.6,84951.92
0.05763602256774902,3.6,84778.27
0.0700838565826416,3.6,85268.99
0.0822749137878418,3.6,84888.72
0.09471440315246582,3.6,84983.56
0.10612034797668457,3.6,84920.32
0.1182093620300293,3.6,84699.51
0.13020610809326172,3.6,85205.43
0.13934922218322754,3.6,84967.75
0.1515793800354004,3.6,85046.87
0.16384673118591309,3.6,85094.39
0.17583155632019043,3.6,84809.82
0.18795561790466309,3.6,85253.07
0.20001435279846191,3.6,84857.16
0.21254181861877441,3.6,84983.56
0.2250821590423584,3.6,85031.03
0.23735666275024414,3.6,84746.77
0.24945855140686035,3.6,85253.07
0.26167964935302734,3.6,84904.53
0.2742025852203369,3.6,84951.92
0.2862567901611328,3.6,84904.53
0.295090913772583,3.6,84809.82
0.30768871307373047,3.6,85110.24
0.31894659996032715,3.6,85031.03
0.3315262794494629,3.6,85031.03
0.3444082736968994,3.6,85015.21
0.3564629554748535,3.6,84731.01
0.3690650463104248,3.6,85078.55
0.3812236785888672,3.6,84983.56
0.3933145999908447,3.6,85015.21
0.4056377410888672,3.6,84841.36
0.4177672863006592,3.6,84715.26
0.4299173355102539,3.6,85031.03
0.44200921058654785,3.6,84936.13
0.4540386199951172,3.6,85126.1
0.46306300163269043,3.6,84936.13
0.47530674934387207,3.6,84857.16
0.48770570755004883,3.6,85189.57
0.5000584125518799,3.6,84652.31
0.5121481418609619,3.6,85046.87
0.5253238677978516,3.6,85046.87
0.5368852615356445,3.6,84778.27
0.5493097305297852,3.6,85126.1
0.5615553855895996,3.6,84794.04
0.5737617015838623,3.6,84951.92
0.5856366157531738,3.6,84904.53
0.59808349609375,3.6,84746.77
0.6096682548522949,3.6,84967.75
0.619042158126831,3.6,84762.52
0.6309945583343506,3.6,85015.21
0.6434707641601562,3.6,84967.75
0.6556055545806885,3.6,84794.04
0.6673221588134766,3.6,84872.93
0.6792535781860352,3.6,84746.77
0.69146728515625,3.6,85031.03
0.703845739364624,3.6,84778.27
0.7161281108856201,3.6,84652.31
0.7284245491027832,3.6,84920.32
0.7405972480773926,3.6,84888.72
0.7531592845916748,3.6,84983.56
0.76528000831604,3.6,84951.92
0.7772395610809326,3.6,84668.03
0.7869284152984619,3.6,84857.16
0.7991938591003418,3.6,84683.78
0.8116414546966553,3.6,85078.55
0.8233904838562012,3.6,85015.21
0.8358898162841797,3.6,84746.77
0.8481590747833252,3.6,85015.21
0.8605396747589111,3.6,84605.14
0.8727951049804688,3.6,84999.37
0.8851048946380615,3.6,84872.93
0.8970301151275635,3.6,84683.78
0.9088072776794434,3.6,84857.16
0.9211702346801758,3.6,84558.0
0.9331493377685547,3.6,84967.75
0.9423649311065674,3.6,84872.93
0.954747200012207,3.6,84778.27
0.9668030738830566,3.6,84983.56
0.9790644645690918,3.6,84715.26
0.9916315078735352,3.6,84904.53
1.0036394596099854,3.6,84825.6
1.0160644054412842,3.6,84715.26
1.028538703918457,3.6,84920.32
1.0406224727630615,3.6,84715.26
1.053074836730957,3.6,85078.55
1.064861536026001,3.6,84936.13
1.07696533203125,3.6,84668.03
1.0891222953796387,3.6,84841.36
1.0979833602905273,3.6,84652.31
1.110346794128418,3.6,85110.24
1.1226425170898438,3.6,85110.24
1.1347408294677734,3.6,84825.6
1.1470873355865479,3.6,84999.37
1.1594467163085938,3.6,84683.78
1.1720151901245117,3.6,85094.39
1.1839783191680908,3.6,84841.36
1.196427583694458,3.6,84605.14
1.2090392112731934,3.6,84841.36
1.2206125259399414,3.6,84652.31
1.2326054573059082,3.6,85046.87
1.244539737701416,3.6,84904.53
1.2566735744476318,3.6,84620.86
1.2659504413604736,3.6,84809.82
1.2781460285186768,3.6,84794.04
1.290295124053955,3.6,85189.57
1.3025057315826416,3.6,84920.32
1.3149919509887695,3.6,84715.26
1.327397346496582,3.6,84888.72
1.3397431373596191,3.6,84589.42
1.3520324230194092,3.6,85046.87
1.3642334938049316,3.6,84904.53
1.3762869834899902,3.6,84778.27
1.388488531112671,3.6,84888.72
1.400503158569336,3.6,84746.77
1.4122052192687988,3.6,84983.56
1.4212749004364014,3.6,84888.72
1.4338550567626953,3.6,84825.6
1.4459710121154785,3.6,85078.55
1.4585094451904297,3.6,84746.77
1.4708678722381592,3.6,85126.1
1.4829373359680176,3.6,84936.13
1.4954352378845215,3.6,84731.01
1.5074331760406494,3.6,84857.16
1.5198354721069336,3.6,84683.78
1.5320625305175781,3.6,85062.7
1.5439250469207764,3.6,84857.16
1.5561933517456055,3.6,84652.31
1.5681428909301758,3.6,84872.93
1.5801222324371338,3.6,84668.03
1.58955717086792,3.6,84999.37
1.60164213180542,3.6,84999.37
1.6141510009765625,3.6,84683.78
1.6264357566833496,3.6,84731.01
1.638763666152954,3.6,84636.57
1.6511449813842773,3.6,85031.03
1.6631214618682861,3.6,84809.82
1.6746165752410889,3.6,84762.52
1.686814308166504,3.6,84794.04
1.6989519596099854,3.6,84605.14
1.711141586303711,3.6,84967.75
1.723480224609375,3.6,84794.04
1.736006736755371,3.6,84794.04
1.7452049255371094,3.6,84746.77
1.757505178451538,3.6,84809.82
1.769770860671997,3.6,85189.57
1.782048225402832,3.6,84794.04
1.7942047119140625,3.6,84731.01
1.8066449165344238,3.6,84825.6
1.8189420700073242,3.6,84605.14
1.8310956954956055,3.6,85094.39
1.8433642387390137,3.6,84857.16
1.8556244373321533,3.6,84715.26
1.867629051208496,3.6,84825.6
1.8795201778411865,3.6,84668.03
1.8916575908660889,3.6,85110.24
1.9007608890533447,3.6,84809.82
1.912865161895752,3.6,84841.36
1.9254674911499023,3.6,84920.32
1.9374089241027832,3.6,84778.27
1.9497332572937012,3.6,85031.03
1.9623534679412842,3.6,84809.82
1.9745464324951172,3.6,84762.52
1.986915111541748,3.6,84731.01
1.9989988803863525,3.6,84620.86
2.011364698410034,3.6,85031.03
2.023305654525757,3.6,84809.82
2.035391330718994,3.6,84762.52
2.0473456382751465,3.6,84794.04
2.056212902069092,3.6,84620.86
2.0687921047210693,3.6,85141.95
2.081037998199463,3.6,84857.16
2.093336582183838,3.6,84904.53
2.1057779788970947,3.6,84809.82
2.1178011894226074,3.6,84683.78
2.1300511360168457,3.6,85094.39
2.1424062252044678,3.6,84762.52
2.1548125743865967,3.6,84652.31
2.167090654373169,3.6,84762.52
2.1788859367370605,3.6,84573.71
2.1911284923553467,3.6,85110.24
2.2031519412994385,3.6,84762.52
2.2151973247528076,3.6,84778.27
2.224368095397949,3.6,84809.82
2.2367496490478516,3.6,84762.52
2.2487411499023438,3.6,85110.24
2.26117205619812,3.6,84809.82
2.273559331893921,3.6,84794.04
2.2855072021484375,3.6,84731.01
2.298008918762207,3.6,84558.0
2.3102452754974365,3.6,85062.7
2.322675943374634,3.6,84652.31
2.334902048110962,3.6,84762.52
2.3467371463775635,3.6,84778.27
2.3587095737457275,3.6,84652.31
2.3707728385925293,3.6,85031.03
2.379364490509033,3.6,84762.52
2.392019510269165,3.6,84872.93
2.4047365188598633,3.6,84857.16
2.416809558868408,3.6,84715.26
2.429147243499756,3.6,85237.2
2.4414780139923096,3.6,84731.01
2.4534857273101807,3.6,84699.51
2.466158390045166,3.6,84762.52
2.4780967235565186,3.6,84542.31
2.4905474185943604,3.6,84825.6
2.5026910305023193,3.6,84731.01
2.5145630836486816,3.6,84825.6
2.5264830589294434,3.6,84794.04
2.538641929626465,3.6,84620.86
2.5479700565338135,3.6,84967.75
2.5602424144744873,3.6,84794.04
2.5724034309387207,3.6,84936.13
2.5846140384674072,3.6,84778.27
2.5969958305358887,3.6,84589.42
2.6094748973846436,3.6,84872.93
2.6215620040893555,3.6,84526.6
2.6339211463928223,3.6,84746.77
2.6461098194122314,3.6,84762.52
2.658337354660034,3.6,84542.31
2.670116901397705,3.6,84888.72
2.6817967891693115,3.6,84510.92
2.6939430236816406,3.6,84762.52
2.7025187015533447,3.6,84746.77
2.714810848236084,3.6,84652.31
2.727179527282715,3.6,85094.39
2.739809274673462,3.6,84605.14
2.7523105144500732,3.6,84841.36
2.7645416259765625,3.6,84715.26
2.777222156524658,3.6,84526.6
2.7898778915405273,3.6,84809.82
2.8016879558563232,3.6,84589.42
2.813936710357666,3.6,84825.6
2.8260276317596436,3.6,84762.52
2.8378849029541016,3.6,84589.42
2.8501298427581787,3.6,84825.6
2.8590211868286133,3.6,84668.03
2.8714704513549805,3.6,85015.21
2.883887529373169,3.6,84825.6
2.8961846828460693,3.6,84510.92
2.909053087234497,3.6,84778.27
2.9206466674804688,3.59,84432.5
2.9329349994659424,3.6,84857.16
2.945286273956299,3.6,84746.77
2.957599401473999,3.6,84558.0
2.9694108963012695,3.6,84746.77
2.9817051887512207,3.59,84432.5
2.993821620941162,3.6,84872.93
3.0059256553649902,3.6,84715.26
3.0147814750671387,3.6,84510.92
3.0270586013793945,3.6,84841.36
3.039412021636963,3.6,84573.71
3.051896095275879,3.6,85110.24
3.0639586448669434,3.6,84762.52
3.076091766357422,3.6,84573.71
3.0886893272399902,3.6,84762.52
3.1009411811828613,3.59,84369.85
3.1131153106689453,3.6,84951.92
3.12540602684021,3.6,84605.14
3.1375346183776855,3.6,84558.0
3.1496753692626953,3.6,84731.01
3.1614906787872314,3.6,84526.6
3.173581123352051,3.6,84920.32
3.182931900024414,3.6,84683.78
3.19512677192688,3.6,84605.14
3.207381248474121,3.6,84715.26
3.221449613571167,3.6,84589.42
3.2318453788757324,3.6,84841.36
3.2441978454589844,3.6,84762.52
3.2565386295318604,3.6,84495.23
3.268602132797241,3.6,84683.78
3.280817985534668,3.6,84495.23
3.2932448387145996,3.6,84888.72
3.3053181171417236,3.6,84699.51
3.317150115966797,3.6,84448.17
3.3291842937469482,3.6,84683.78
3.338466167449951,3.59,84432.5
3.3504528999328613,3.6,84999.37
3.362928628921509,3.6,84762.52
3.3752102851867676,3.6,84589.42
3.3876402378082275,3.6,84589.42
3.399834632873535,3.6,84448.17
3.411954402923584,3.6,84872.93
3.424405336380005,3.6,84589.42
3.436779022216797,3.6,84448.17
3.4488632678985596,3.6,84668.03
3.4610326290130615,3.6,84448.17
3.4730772972106934,3.6,84794.04
3.484792709350586,3.6,84668.03
3.496934652328491,3.6,84558.0
3.5062263011932373,3.6,84573.71
3.5187935829162598,3.6,84589.42
3.5308685302734375,3.6,84951.92
3.5431742668151855,3.6,84699.51
3.555633068084717,3.6,84463.85
3.567796230316162,3.6,84605.14
3.579922914505005,3.6,84463.85
3.592461347579956,3.6,84794.04
3.6049106121063232,3.6,84558.0
3.616572141647339,3.59,84416.83
3.6289148330688477,3.6,84605.14
3.6407647132873535,3.6,84542.31
3.652832269668579,3.6,84699.51
3.6617560386657715,3.6,84636.57
3.6740031242370605,3.6,84620.86
3.685523271560669,3.6,84652.31
3.6978094577789307,3.6,84510.92
3.7101919651031494,3.6,84825.6
3.722468137741089,3.6,84558.0
3.7347605228424072,3.6,84542.31
3.7472777366638184,3.6,84652.31
3.7598299980163574,3.59,84416.83
3.7720789909362793,3.6,84841.36
3.7844276428222656,3.6,84636.57
3.7963919639587402,3.6,84542.31
3.80857515335083,3.6,84605.14
3.8176229000091553,3.6,84463.85
3.8299779891967773,3.6,84967.75
3.84224534034729,3.6,84668.03
3.854365587234497,3.6,84652.31
3.866943359375,3.6,84683.78
3.879232883453369,3.6,84479.53
3.891218423843384,3.6,84731.01
3.9036169052124023,3.6,84573.71
3.9157729148864746,3.6,84558.0
3.928206205368042,3.6,84573.71
3.9401354789733887,3.59,84416.83
3.952235221862793,3.6,84825.6
3.964085340499878,3.6,84589.42
3.9733850955963135,3.6,84542.31
3.9856886863708496,3.6,84762.52
3.9976584911346436,3.6,84573.71
4.0095014572143555,3.6,84920.32
4.021974802017212,3.6,84652.31
4.034406661987305,3.6,84573.71
4.0468480587005615,3.6,84589.42
4.0593321323394775,3.6,84495.23
4.07173228263855,3.6,84857.16
4.083862543106079,3.6,84542.31
4.096050262451172,3.6,84605.14
4.107881546020508,3.6,84605.14
4.120079278945923,3.6,84510.92
4.13196587562561,3.6,84888.72
4.141255140304565,3.6,84605.14
4.153549671173096,3.6,84715.26
4.165565490722656,3.6,84715.26
4.177846908569336,3.6,84479.53
4.190377473831177,3.6,84857.16
4.202755689620972,3.6,84620.86
4.215011358261108,3.6,84542.31
4.22702431678772,3.6,84573.71
4.2395405769348145,3.59,84416.83
4.251326322555542,3.6,84794.04
4.263395309448242,3.6,84573.71
4.275623559951782,3.6,84589.42
4.28791356086731,3.6,84558.0
4.2968175411224365,3.59,84307.26
4.309168338775635,3.6,84888.72
4.321460962295532,3.6,84746.77
4.33367657661438,3.6,84668.03
4.346087455749512,3.6,84620.86
4.358060836791992,3.6,84479.53
4.370549201965332,3.6,84872.93
4.382794618606567,3.6,84510.92
4.3952014446258545,3.6,84605.14
4.407201766967773,3.6,84605.14
4.419282674789429,3.59,84369.85
4.4314634799957275,3.6,84888.72
4.4434967041015625,3.6,84479.53
4.455376863479614,3.6,84573.71
4.464692115783691,3.6,84573.71
4.477238416671753,3.6,84526.6
4.48938250541687,3.6,84967.75
4.501600742340088,3.6,84479.53
4.513736248016357,3.6,84573.71
4.525942087173462,3.6,84448.17
4.538701057434082,3.59,84416.83
4.550768852233887,3.6,84573.71
4.563125848770142,3.6,84605.14
4.575174331665039,3.6,84558.0
4.587310314178467,3.6,84542.31
4.599192142486572,3.59,84416.83
4.611048460006714,3.6,84636.57
4.620338439941406,3.59,84401.17
4.632676362991333,3.6,84746.77
4.645051002502441,3.6,84636.57
4.657374858856201,3.6,84526.6
4.669388294219971,3.6,84683.78
4.680901050567627,3.6,84558.0
4.693094253540039,3.6,84652.31
4.705386638641357,3.6,84558.0
4.717692852020264,3.59,84401.17
4.729952096939087,3.6,84668.03
4.742160081863403,3.59,84401.17
4.754593372344971,3.6,84636.57
4.7668328285217285,3.6,84495.23
4.775597810745239,3.59,84369.85
4.788060426712036,3.6,84857.16
4.800762176513672,3.6,84448.17
4.812845468521118,3.6,84699.51
4.825192451477051,3.6,84558.0
4.837628126144409,3.59,84401.17
4.849797487258911,3.6,84778.27
4.8621110916137695,3.59,84401.17
4.874384641647339,3.6,84542.31
4.886745929718018,3.6,84542.31
4.898636817932129,3.59,84307.26
4.91070818901062,3.6,84558.0
4.922706365585327,3.59,84338.54
4.934807538986206,3.6,84668.03
4.9440672397613525,3.6,84510.92
4.956207990646362,3.6,84542.31
4.9686620235443115,3.6,84636.57
4.9808409214019775,3.6,84463.85
4.9930102825164795,3.6,84715.26
5.005339622497559,3.59,84432.5
5.017669200897217,3.59,84354.21
5.029763460159302,3.6,84526.6
5.04230809211731,3.59,84291.64
5.054349422454834,3.6,84573.71
5.0664591789245605,3.59,84401.17
5.078593969345093,3.59,84354.21
5.090459823608398,3.6,84463.85
5.099450588226318,3.59,84260.37
5.111878156661987,3.6,84762.52
5.124289512634277,3.6,84620.86
5.136470317840576,3.59,84416.83
5.148754358291626,3.6,84636.57
5.161031246185303,3.59,84276.01
5.173443555831909,3.6,84620.86
5.185657262802124,3.6,84542.31
5.197740793228149,3.59,84244.76
5.210249900817871,3.6,84495.23
5.2219038009643555,3.59,84073.18
5.233980178833008,3.6,84652.31
5.2460081577301025,3.6,84542.31
5.258077621459961,3.59,84276.01
5.267247200012207,3.6,84558.0
5.279505968093872,3.59,84291.64
5.2918312549591064,3.6,84699.51
5.3042051792144775,3.6,84558.0
5.316060304641724,3.59,84385.52
5.328149318695068,3.6,84479.53
5.340384006500244,3.59,84151.1
5.352932929992676,3.6,84683.78
5.3649985790252686,3.6,84542.31
5.377049207687378,3.59,84307.26
5.389676570892334,3.6,84495.23
5.401900053024292,3.59,84307.26
5.413873195648193,3.6,84668.03
5.423243284225464,3.6,84510.92
5.435259103775024,3.59,84385.52
5.447612762451172,3.6,84636.57
5.460109710693359,3.59,84338.54
5.472355842590332,3.6,84683.78
5.484688758850098,3.6,84495.23
5.496727466583252,3.59,84322.91
5.509178638458252,3.6,84479.53
5.521535396575928,3.59,84260.37
5.533803224563599,3.6,84668.03
5.5453832149505615,3.6,84510.92
5.5577123165130615,3.59,84229.13
5.569768190383911,3.6,84542.31
5.581768989562988,3.59,84197.9
5.591155767440796,3.6,84731.01
5.603361368179321,3.6,84652.31
5.615717887878418,3.59,84416.83
5.627948045730591,3.6,84510.92
5.64041805267334,3.59,84260.37
5.652653217315674,3.6,84636.57
5.66479754447937,3.6,84448.17
5.676912546157837,3.59,84322.91
5.6884849071502686,3.6,84463.85
5.700607776641846,3.59,84260.37
5.712753534317017,3.6,84652.31
5.725016832351685,3.59,84416.83
5.737180948257446,3.59,84291.64
5.745769739151001,3.6,84448.17
5.758134126663208,3.59,84401.17
5.770687818527222,3.6,84794.04
5.783293962478638,3.6,84448.17
5.795831918716431,3.59,84385.52
5.808142423629761,3.6,84479.53
5.8205695152282715,3.59,84322.91
5.832757234573364,3.6,84573.71
5.8450963497161865,3.59,84432.5
5.857250690460205,3.59,84276.01
5.869291543960571,3.59,84401.17
5.881065130233765,3.59,84291.64
5.893333911895752,3.6,84809.82
5.902339220046997,3.6,84448.17
5.914632320404053,3.6,84510.92
5.927141427993774,3.6,84526.6
5.939142227172852,3.59,84401.17
5.9515509605407715,3.6,84715.26
5.96397590637207,3.6,84448.17
5.976154088973999,3.59,84432.5
5.988229990005493,3.59,84385.52
6.000572681427002,3.59,84244.76
6.013048887252808,3.6,84652.31
6.02497410774231,3.6,84448.17
6.037183046340942,3.59,84369.85
6.048842906951904,3.6,84463.85
6.060801982879639,3.59,84229.13
6.07028341293335,3.6,84683.78
6.082587718963623,3.6,84510.92
6.094945669174194,3.6,84463.85
6.107383728027344,3.59,84385.52
6.119245290756226,3.59,84244.76
6.131571292877197,3.6,84652.31
6.144110202789307,3.59,84416.83
6.156404972076416,3.59,84291.64
6.168790340423584,3.6,84463.85
6.180751085281372,3.59,84276.01
6.192733526229858,3.6,84746.77
6.20479679107666,3.59,84385.52
6.21685266494751,3.59,84354.21
6.225716829299927,3.6,84479.53
6.238282918930054,3.59,84369.85
6.250356197357178,3.6,84762.52
6.262805223464966,3.6,84495.23
6.275287628173828,3.59,84354.21
6.287451267242432,3.6,84463.85
6.2995924949646,3.59,84291.64
6.3119683265686035,3.6,84605.14
6.324289798736572,3.59,84338.54
6.33652925491333,3.59,84322.91
6.348238229751587,3.59,84322.91
6.360257863998413,3.59,84229.13
6.372628450393677,3.6,84668.03
6.384402513504028,3.59,84385.52
6.394064664840698,3.59,84385.52
6.405965089797974,3.59,84416.83
6.41841721534729,3.59,84322.91
6.431021451950073,3.6,84683.78
6.4431679248809814,3.59,84338.54
6.4553749561309814,3.59,84322.91
6.467664003372192,3.59,84385.52
6.4797585010528564,3.59,84166.71
6.492156505584717,3.6,84589.42
6.504359483718872,3.59,84338.54
6.51626443862915,3.59,84338.54
6.528447866439819,3.59,84401.17
6.540401220321655,3.59,84182.31
6.54949426651001,3.6,84668.03
6.5620176792144775,3.6,84510.92
6.573795318603516,3.6,84479.53
6.586450576782227,3.6,84448.17
6.598516464233398,3.59,84166.71
6.610729217529297,3.6,84620.86
6.623190641403198,3.59,84338.54
6.635502576828003,3.59,84307.26
6.64820122718811,3.59,84354.21
6.659964084625244,3.59,84182.31
6.672197103500366,3.6,84526.6
6.683525562286377,3.59,84307.26
6.695614337921143,3.6,84448.17
6.7077717781066895,3.59,84354.21
6.716410398483276,3.59,84166.71
6.728744029998779,3.6,84809.82
6.741045236587524,3.59,84369.85
6.753631114959717,3.6,84479.53
6.765992879867554,3.59,84385.52
6.7783989906311035,3.59,84182.31
6.790868759155273,3.6,84526.6
6.803430795669556,3.59,84291.64
6.815549373626709,3.59,84338.54
6.827834844589233,3.59,84416.83
6.839900970458984,3.59,84244.76
6.851895570755005,3.6,84526.6
6.864014625549316,3.59,84369.85
6.873153448104858,3.6,84448.17
6.885425806045532,3.6,84558.0
6.897935390472412,3.59,84307.26
6.910143136978149,3.6,84620.86
6.922420024871826,3.6,84448.17
6.934763193130493,3.6,84448.17
6.946859836578369,3.6,84510.92
6.959173917770386,3.59,84260.37
6.971576929092407,3.6,84573.71
6.983670711517334,3.59,84182.31
6.995577096939087,3.6,84542.31
7.007681608200073,3.59,84385.52
7.019735097885132,3.59,84197.9
7.031628608703613,3.6,84605.14
7.040998458862305,3.59,84197.9
7.053366422653198,3.6,84605.14
7.065395832061768,3.6,84448.17
7.0782129764556885,3.59,84229.13
7.089840888977051,3.59,84244.76
7.102447986602783,3.59,84229.13
7.11518669128418,3.59,84338.54
7.127034425735474,3.59,84354.21
7.139429807662964,3.59,84244.76
7.151382207870483,3.59,84369.85
7.163470506668091,3.59,84354.21
7.1755125522613525,3.6,84510.92
7.187572479248047,3.59,84385.52
7.1967244148254395,3.59,84166.71
7.208911180496216,3.6,84479.53
7.2212958335876465,3.59,84432.5
7.233545541763306,3.6,84495.23
7.2458720207214355,3.59,84432.5
7.258192777633667,3.59,84197.9
7.27048659324646,3.59,84401.17
7.28250789642334,3.59,83995.36
7.295069456100464,3.59,84401.17
7.3072190284729,3.59,84291.64
7.319175481796265,3.59,84166.71
7.331056356430054,3.6,84448.17
7.343044996261597,3.59,84088.75
7.355174541473389,3.59,84416.83
7.364855527877808,3.59,84291.64
7.376929759979248,3.59,84369.85
7.388911962509155,3.6,84573.71
7.40137505531311,3.59,84151.1
7.413812875747681,3.6,84526.6
7.426080226898193,3.59,84354.21
7.438238143920898,3.59,84119.92
7.450620651245117,3.59,84385.52
7.462954759597778,3.59,84213.53
7.474955797195435,3.6,84542.31
7.4868340492248535,3.59,84369.85
7.498869895935059,3.59,84229.13
7.511183977127075,3.59,84338.54
7.5202131271362305,3.59,84151.1
7.532352685928345,3.6,84636.57
7.544901609420776,3.6,84463.85
7.557076692581177,3.59,84213.53
7.569413423538208,3.59,84354.21
7.58191180229187,3.59,84307.26
7.594022989273071,3.6,84463.85
7.6059911251068115,3.59,84322.91
7.617772579193115,3.59,84197.9
7.630533695220947,3.59,84385.52
7.642688274383545,3.59,84119.92
7.654812574386597,3.59,84416.83
7.666997909545898,3.59,84369.85
7.678662538528442,3.59,84213.53
7.687828540802002,3.59,84322.91
7.699480056762695,3.59,84307.26
7.711712837219238,3.6,84605.14
7.724053144454956,3.59,84338.54
7.7363293170928955,3.59,84182.31
7.748593330383301,3.59,84307.26
7.761054515838623,3.59,84104.34
7.773558139801025,3.59,84385.52
7.785973310470581,3.59,84276.01
7.797922611236572,3.59,84042.03
7.810588598251343,3.59,84385.52
7.822597503662109,3.59,83995.36
7.834737300872803,3.6,84542.31
7.843900442123413,3.59,84385.52
7.855974435806274,3.59,84213.53
7.868359327316284,3.59,84385.52
7.880670785903931,3.59,84151.1
7.892869710922241,3.6,84542.31
7.9052205085754395,3.59,84338.54
7.917497396469116,3.59,84229.13
7.9299070835113525,3.59,84401.17
7.94202733039856,3.59,84213.53
7.954335927963257,3.59,84416.83
7.966338872909546,3.59,84338.54
7.978526592254639,3.59,84119.92
7.990458965301514,3.59,84307.26
8.002377271652222,3.59,84166.71
8.011672973632812,3.6,84542.31
8.024084329605103,3.59,84401.17
8.036271333694458,3.59,84182.31
8.048813819885254,3.59,84354.21
8.06083369255066,3.59,84197.9
8.073203086853027,3.6,84589.42
8.085415601730347,3.59,84322.91
8.098056554794312,3.59,84135.52
8.109854936599731,3.59,84260.37
8.121562719345093,3.59,84119.92
8.133885622024536,3.6,84620.86
8.1461820602417,3.59,84307.26
8.158291101455688,3.59,84104.34
8.167324304580688,3.59,84369.85
8.179457187652588,3.59,84244.76
8.192044734954834,3.6,84589.42
8.204283714294434,3.6,84448.17
8.216290712356567,3.59,84260.37
8.228792905807495,3.59,84369.85
8.241151332855225,3.59,84166.71
8.253453969955444,3.6,84542.31
8.265599250793457,3.59,84401.17
8.277940034866333,3.59,84244.76
8.289978504180908,3.59,84322.91
8.301989793777466,3.59,84135.52
8.313758850097656,3.6,84510.92
8.32581353187561,3.59,84322.91
8.33519697189331,3.59,84197.9
8.347763299942017,3.59,84416.83
8.359951734542847,3.59,84244.76
8.372049570083618,3.6,84652.31
8.384360074996948,3.59,84369.85
8.396596908569336,3.59,84135.52
8.409055471420288,3.59,84244.76
8.421364784240723,3.59,84104.34
8.433572769165039,3.59,84416.83
8.445749998092651,3.59,84307.26
8.457834005355835,3.59,84166.71
8.469834327697754,3.59,84307.26
8.481770277023315,3.59,84182.31
8.491019010543823,3.6,84573.71
8.503311157226562,3.59,84401.17
8.51557469367981,3.59,84307.26
8.527893543243408,3.59,84354.21
8.540181875228882,3.59,84213.53
8.552324771881104,3.6,84668.03
8.564692735671997,3.59,84197.9
8.57701849937439,3.59,84244.76
8.589280128479004,3.59,84276.01
8.601440906524658,3.59,84042.03
8.613611221313477,3.6,84495.23
8.62537407875061,3.59,84260.37
8.637423992156982,3.59,84276.01
8.64976716041565,3.59,84291.64
8.658803939819336,3.59,84119.92
8.67118525505066,3.6,84620.86
8.683349370956421,3.59,84401.17
8.695490837097168,3.59,84369.85
8.707064390182495,3.59,84229.13
8.719263792037964,3.59,84151.1
8.731552839279175,3.59,84416.83
8.743890285491943,3.59,84244.76
8.756163597106934,3.59,84197.9
8.768652439117432,3.59,84322.91
8.780861854553223,3.59,84135.52
8.793190240859985,3.6,84495.23
8.80523681640625,3.59,84276.01
8.8144690990448,3.59,84197.9
8.826606035232544,3.59,84432.5
8.838971614837646,3.59,84213.53
8.851324796676636,3.6,84589.42
8.863725185394287,3.59,84369.85
8.875854015350342,3.59,84260.37
8.888176679611206,3.59,84291.64
8.90038800239563,3.59,84151.1
8.913016080856323,3.6,84542.31
8.925182580947876,3.59,84276.01
8.937062978744507,3.59,84322.91
8.949042558670044,3.59,84338.54
8.961181879043579,3.59,84119.92
8.973155736923218,3.6,84542.31
8.982720136642456,3.59,84182.31
8.994513750076294,3.59,84432.5
9.00704550743103,3.59,84416.83
9.019241571426392,3.59,84166.71
9.032040357589722,3.6,84589.42
9.043582201004028,3.59,84213.53
9.055906534194946,3.59,84197.9
9.068264722824097,3.59,84291.64
9.080414295196533,3.59,84073.18
9.092624425888062,3.6,84463.85
9.104648351669312,3.59,84276.01
9.116202354431152,3.59,84229.13
9.128451824188232,3.59,84166.71
9.137327909469604,3.59,84119.92
9.149645805358887,3.6,84652.31
9.161964178085327,3.59,84354.21
9.174597263336182,3.59,84322.91
9.186904191970825,3.59,84307.26
9.199394464492798,3.59,84244.76
9.211737632751465,3.6,84542.31
9.224080801010132,3.59,84182.31
9.236401796340942,3.59,84369.85
9.248703241348267,3.59,84276.01
9.260814666748047,3.59,84088.75
9.272763729095459,3.6,84558.0
9.284780979156494,3.59,84213.53
9.296569108963013,3.59,84276.01
9.305659770965576,3.59,84291.64
9.318169355392456,3.59,84229.13
9.330589056015015,3.6,84683.78
9.342823505401611,3.59,84229.13
9.35520052909851,3.59,84322.91
9.367349624633789,3.59,84307.26
9.379952192306519,3.59,84010.91
9.392022609710693,3.6,84510.92
9.404507160186768,3.59,84229.13
9.416325092315674,3.59,84229.13
9.428541660308838,3.59,84291.64
9.440592288970947,3.59,84119.92
9.452632665634155,3.59,84401.17
9.464438676834106,3.59,84307.26
9.47403883934021,3.59,84338.54
9.486094951629639,3.59,84369.85
9.498332738876343,3.59,84276.01
9.510885953903198,3.59,84432.5
9.52314805984497,3.59,84244.76
9.535327196121216,3.59,84307.26
9.547625064849854,3.59,84260.37
9.560023069381714,3.59,83995.36
9.572283744812012,3.59,84354.21
9.58420443534851,3.59,84197.9
9.596383810043335,3.59,84291.64
9.608146905899048,3.59,84213.53
9.620341062545776,3.59,83995.36
9.629426956176758,3.59,84276.01
9.641815662384033,3.59,83995.36
9.653935194015503,3.59,84260.37
9.666280746459961,3.59,84166.71
9.67889404296875,3.59,83979.8
9.69087553024292,3.59,84369.85
9.703022956848145,3.59,83886.58
9.71457576751709,3.59,84010.91
9.726821660995483,3.59,84042.03
9.739145517349243,3.59,83871.04
9.751326322555542,3.59,84073.18
9.7634117603302,3.59,83948.7
9.775716066360474,3.59,83995.36
9.788036584854126,3.59,84042.03
9.796891927719116,3.59,83886.58
9.80940580368042,3.59,84135.52
9.822067737579346,3.59,84104.34
9.834322690963745,3.59,84213.53
9.846722841262817,3.59,84073.18
9.859169960021973,3.59,83840.0
9.871036767959595,3.59,84088.75
9.883354902267456,3.59,84057.6
9.895894050598145,3.59,84151.1
9.907955646514893,3.59,84010.91
9.91995096206665,3.59,83840.0
9.932098388671875,3.59,83964.25
9.943937540054321,3.59,83762.5
9.953110456466675,3.59,84135.52
9.965430974960327,3.59,84213.53
9.977885246276855,3.59,83964.25
9.990004777908325,3.59,84244.76
10.00220799446106,3.59,83793.49
10.014752864837646,3.59,84213.53
10.026801109313965,3.59,84073.18
10.03912091255188,3.59,83871.04
10.051493644714355,3.59,84010.91
10.06376028060913,3.59,83762.5
10.075494527816772,3.59,84073.18
10.087603569030762,3.59,84057.6
10.099560499191284,3.59,83855.53
10.108802318572998,3.59,84026.48
10.121095895767212,3.59,83886.58
10.133369445800781,3.59,84307.26
10.14565134048462,3.59,84135.52
10.157980680465698,3.59,83886.58
10.17000412940979,3.59,84057.6
10.182406187057495,3.59,83917.64
10.194688081741333,3.59,84229.13
10.206423044204712,3.59,83995.36
10.218852758407593,3.59,83886.58
10.231138944625854,3.59,83964.25
10.2434663772583,3.59,83917.64
10.255517721176147,3.59,84385.52
10.26743769645691,3.59,83917.64
10.276760339736938,3.59,83855.53
10.289060115814209,3.59,84166.71
10.300949096679688,3.59,83964.25
10.313273429870605,3.59,84151.1
10.325870037078857,3.59,84073.18
10.33804178237915,3.59,83886.58
10.35018539428711,3.59,84057.6
10.362413883209229,3.59,83871.04
10.374720096588135,3.59,84119.92
10.386833429336548,3.59,84026.48
10.398370742797852,3.59,83762.5
10.410558462142944,3.59,84088.75
10.42272400856018,3.59,83762.5
10.4315824508667,3.59,84244.76
10.443809270858765,3.59,84182.31
10.45618486404419,3.59,83886.58
10.468602418899536,3.59,84088.75
10.481043577194214,3.59,83886.58
10.493798017501831,3.59,84244.76
10.506001234054565,3.59,84042.03
10.518332481384277,3.59,83948.7
10.530745506286621,3.59,84104.34
10.542973041534424,3.59,83886.58
10.554927349090576,3.59,84166.71
10.566904306411743,3.59,84010.91
10.578986167907715,3.59,83917.64
10.591124057769775,3.59,84104.34
10.600338220596313,3.59,83871.04
10.612758159637451,3.59,84338.54
10.624617099761963,3.59,84135.52
10.637104749679565,3.59,83917.64
10.649813890457153,3.59,84182.31
10.661799192428589,3.59,83840.0
10.674285173416138,3.59,84166.71
10.686087608337402,3.59,84042.03
10.698412418365479,3.59,83902.1
10.709835052490234,3.59,84026.48
10.721956014633179,3.59,83840.0
10.73418378829956,3.59,84260.37
10.746402263641357,3.59,84057.6
10.75491738319397,3.59,83778.0
10.767225742340088,3.59,84182.31
10.77971887588501,3.59,83979.8
10.792322635650635,3.59,84291.64
10.80463719367981,3.59,84104.34
10.816970109939575,3.59,84042.03
10.82964277267456,3.59,84088.75
10.841935157775879,3.59,83840.0
10.854179859161377,3.59,84291.64
10.866666793823242,3.59,84057.6
10.87851095199585,3.59,84010.91
10.890509366989136,3.59,84057.6
10.902553081512451,3.59,83917.64
10.914498329162598,3.59,84276.01
10.923927068710327,3.59,84010.91
10.936028480529785,3.59,84151.1
10.94819974899292,3.59,84182.31
10.960683584213257,3.59,83902.1
10.972810745239258,3.59,84260.37
10.985214710235596,3.59,84073.18
10.99767279624939,3.59,83886.58
11.009758949279785,3.59,84073.18
11.022194623947144,3.59,83964.25
11.03403091430664,3.59,84151.1
11.046323299407959,3.59,84026.48
11.058185577392578,3.59,83917.64
11.070356845855713,3.59,84088.75
11.079409122467041,3.59,83933.17
11.09182596206665,3.6,84463.85
11.104204654693604,3.59,84197.9
11.116282224655151,3.59,84026.48
11.128674030303955,3.59,84073.18
11.141005992889404,3.59,83902.1
11.153137683868408,3.59,84244.76
11.165310621261597,3.59,84042.03
11.177957534790039,3.59,84042.03
11.190035581588745,3.59,84057.6
11.201833963394165,3.59,83902.1
11.214148759841919,3.59,84260.37
11.22607684135437,3.59,84026.48
11.237967252731323,3.59,84010.91
11.247523307800293,3.59,84119.92
11.259751558303833,3.59,83979.8
11.272056818008423,3.59,84432.5
11.284111738204956,3.59,84010.91
11.29663348197937,3.59,83995.36
11.308776617050171,3.59,84057.6
11.32113766670227,3.59,83886.58
11.33359169960022,3.59,84213.53
11.345785140991211,3.59,84042.03
11.35787296295166,3.59,83995.36
11.369744062423706,3.59,84010.91
11.38169264793396,3.59,83855.53
11.393633842468262,3.59,84338.54
11.40271520614624,3.59,84042.03
11.415267944335938,3.59,84166.71
11.427700519561768,3.59,84135.52
11.439849376678467,3.59,84010.91
11.452107667922974,3.59,84369.85
11.464532852172852,3.59,84088.75
11.47689437866211,3.59,84104.34
11.488977193832397,3.59,84042.03
11.501205205917358,3.59,83917.64
11.513666152954102,3.59,84307.26
11.52552080154419,3.59,84042.03
11.537649154663086,3.59,84010.91
11.549601793289185,3.59,84026.48
11.561607122421265,3.59,83886.58
11.570993185043335,3.59,84354.21
11.583246231079102,3.59,84073.18
11.595607042312622,3.59,84088.75
11.607861757278442,3.59,83995.36
11.62026071548462,3.59,83886.58
11.632240056991577,3.59,84307.26
11.644788026809692,3.59,83979.8
11.657193660736084,3.59,84010.91
11.669118881225586,3.59,84057.6
11.681272745132446,3.59,83871.04
11.6933913230896,3.59,84182.31
11.705184936523438,3.59,83979.8
11.717120170593262,3.59,83948.7
11.725669145584106,3.59,83979.8
11.737855911254883,3.59,83964.25
11.750224113464355,3.59,84244.76
11.76252269744873,3.59,84073.18
11.77478837966919,3.59,83995.36
11.787378311157227,3.59,83979.8
11.79983901977539,3.59,83840.0
11.812413930892944,3.59,84229.13
11.824937582015991,3.59,83964.25
11.836972713470459,3.59,84010.91
11.849082231521606,3.59,84010.91
11.861195802688599,3.59,83871.04
11.873239040374756,3.59,84260.37
11.8851797580719,3.59,83886.58
11.894581317901611,3.59,83948.7
11.906793117523193,3.59,84057.6
11.919013977050781,3.59,83871.04
11.931455373764038,3.59,84338.54
11.943726778030396,3.59,83917.64
11.956039428710938,3.59,83979.8
11.968209743499756,3.59,83964.25
11.98074722290039,3.59,83824.5
11.99265718460083,3.59,83995.36
12.004838228225708,3.59,84010.91
12.017001628875732,3.59,84057.6
12.02906584739685,3.59,83948.7
12.041115760803223,3.59,83778.0
12.050326585769653,3.59,84042.03
12.062417268753052,3.59,83979.8
12.074897766113281,3.59,84042.03
12.087137937545776,3.59,84088.75
12.099137544631958,3.59,83747.01
12.11176347732544,3.59,84057.6
12.124011278152466,3.59,83948.7
12.136115550994873,3.59,84042.03
12.148666381835938,3.59,84010.91
12.160749673843384,3.59,83731.51
12.172650575637817,3.59,84151.1
12.184610605239868,3.59,83762.5
12.196729898452759,3.59,83995.36
12.20589566230774,3.59,84010.91
12.218043804168701,3.59,83917.64
12.230234861373901,3.59,84291.64
12.241748332977295,3.59,83902.1
12.254576206207275,3.59,84057.6
12.26717472076416,3.59,83948.7
12.280512809753418,3.59,83793.49
12.291780948638916,3.59,83917.64
12.304063081741333,3.59,83824.5
12.316400051116943,3.59,83995.36
12.328455209732056,3.59,83933.17
12.340481519699097,3.59,83762.5
12.352419137954712,3.59,83979.8
12.364415645599365,3.59,83948.7
12.373553991317749,3.59,83995.36
12.385751008987427,3.59,84088.75
12.3982515335083,3.59,83809.0
12.410439252853394,3.59,84042.03
12.422873735427856,3.59,83917.64
12.434995412826538,3.59,84010.91
12.447400569915771,3.59,83871.04
12.459932327270508,3.59,83731.51
12.47196626663208,3.59,83933.17
12.484212398529053,3.59,83669.63
12.496217966079712,3.59,84042.03
12.50822925567627,3.59,83964.25
12.52031946182251,3.59,83809.0
12.529351711273193,3.59,84042.03
12.541698694229126,3.59,83778.0
12.55398154258728,3.59,84166.71
12.566538572311401,3.59,83995.36
12.578664302825928,3.59,83809.0
12.591004133224487,3.59,83964.25
12.603940725326538,3.59,83623.23
12.615431308746338,3.59,83948.7
12.627678394317627,3.59,83902.1
12.639898300170898,3.59,83747.01
12.651803970336914,3.59,83964.25
12.663995027542114,3.59,83607.78
12.676086902618408,3.59,84135.52
12.684982061386108,3.59,83948.7
12.697191953659058,3.59,83917.64
12.7095468044281,3.59,84042.03
12.720959663391113,3.59,83809.0
12.73317551612854,3.59,84104.34
12.745463132858276,3.59,83995.36
12.757791519165039,3.59,83762.5
12.7700777053833,3.59,83964.25
12.782379388809204,3.59,83716.04
12.79491639137268,3.59,84088.75
12.807180404663086,3.59,83917.64
12.819320440292358,3.59,83685.08
12.831703662872314,3.59,83886.58
12.843732118606567,3.59,83762.5
12.853189468383789,3.59,84104.34
12.8651762008667,3.59,84042.03
12.877536535263062,3.59,83824.5
12.88991665840149,3.59,83871.04
12.901972770690918,3.59,83685.08
12.914199829101562,3.59,84135.52
12.926676750183105,3.59,83979.8
12.938982963562012,3.59,83716.04
12.951307773590088,3.59,83933.17
12.963566303253174,3.59,83685.08
12.975486516952515,3.59,84151.1
12.987476587295532,3.59,83902.1
12.999475955963135,3.59,83886.58
13.008743286132812,3.59,83747.01
13.020710229873657,3.56,81558.49
13.032966136932373,3.61,86069.1
13.045384168624878,3.58,83530.57
13.057886123657227,3.58,82809.81
13.06998085975647,3.58,83530.57
13.082298278808594,3.56,81977.58
13.094778537750244,3.62,86133.58
13.106932640075684,3.58,83299.57
13.11900544166565,3.58,82794.56
13.131171941757202,3.59,83669.63
13.143406629562378,3.57,81992.6
13.155304670333862,3.61,85795.85
13.167012453079224,3.58,83361.08
13.176617860794067,3.57,82627.18
13.188610315322876,3.58,83530.57
13.201172113418579,3.57,81992.6
13.213449001312256,3.61,85763.78
13.225477457046509,3.58,83238.12
13.237734317779541,3.57,82612.01
13.249934196472168,3.59,83716.04
13.262328147888184,3.56,81917.52
13.2748441696167,3.62,86359.8
13.28690505027771,3.58,83422.66
13.298953771591187,3.57,82052.75
13.311073541641235,3.58,83546.0
13.32306957244873,3.56,81977.58
13.332240104675293,3.62,86246.58
13.34436821937561,3.58,83361.08
13.356535196304321,3.59,83995.36
13.36868691444397,3.59,83871.04
13.381250143051147,3.57,82278.81
13.393424034118652,3.62,86424.6
13.406035423278809,3.59,83638.7
13.418083429336548,3.59,83793.49
13.430528402328491,3.58,83499.72
13.442475318908691,3.56,81962.55
13.454693078994751,3.61,86020.78
13.466758728027344,3.58,83115.42
13.478794574737549,3.58,83253.47
13.490795135498047,3.58,83515.14
13.500266551971436,3.56,81947.54
13.512484788894653,3.61,86069.1
13.524874687194824,3.58,83299.57
13.53702998161316,3.58,83238.12
13.549279928207397,3.58,83499.72
13.561645984649658,3.56,81947.54
13.57361650466919,3.62,86424.6
13.585989713668823,3.58,83253.47
13.59844970703125,3.58,82794.56
13.610230922698975,3.59,83623.23
13.622432231903076,3.57,82067.78
13.634518384933472,3.62,86408.39
13.646641731262207,3.58,83054.16
13.655939817428589,3.59,83762.5
13.668330669403076,3.59,83669.63
13.680480241775513,3.56,81917.52
13.692589044570923,3.62,86295.07
13.704806804656982,3.58,83207.42
13.717020034790039,3.58,83576.89
13.728479862213135,3.58,83530.57
13.740747928619385,3.57,82112.95
13.752979516983032,3.61,86117.46
13.765340089797974,3.58,82962.41
13.777501821517944,3.58,83561.45
13.789969682693481,3.58,83515.14
13.80209755897522,3.56,81857.52
13.814268589019775,3.62,86133.58
13.82300066947937,3.58,83130.75
13.835673093795776,3.59,83964.25
13.848281860351562,3.58,83391.86
13.860572576522827,3.57,82082.84
13.872745752334595,3.61,85892.16
13.88512921333313,3.58,82992.99
13.89745020866394,3.59,83964.25
13.90975546836853,3.58,83561.45
13.922038078308105,3.56,81842.53
13.933972120285034,3.62,86165.85
13.946098804473877,3.58,83146.07
13.958207607269287,3.59,83933.17
13.970195770263672,3.58,83484.31
13.979367733001709,3.57,82203.35
13.991743326187134,3.62,86440.8
14.003812313079834,3.58,83130.75
14.016120433807373,3.59,84135.52
14.028449773788452,3.59,83700.57
14.040930271148682,3.56,81947.54
14.05303692817688,3.62,86278.92
14.065250396728516,3.58,83084.78
14.077742338180542,3.59,84073.18
14.089889287948608,3.58,83376.46
14.101755142211914,3.56,81887.51
14.11380124092102,3.62,86473.23
14.125919342041016,3.58,82794.56
14.137895584106445,3.59,83855.53
14.14723253250122,3.58,83407.25
14.15963625907898,3.57,82067.78
14.171794176101685,3.62,86489.47
14.1842200756073,3.58,83054.16
14.196478605270386,3.59,83902.1
14.208769798278809,3.58,83391.86
14.22092580795288,3.56,81857.52
14.233368635177612,3.6,84794.04
14.245326042175293,3.58,82916.59
14.257704257965088,3.59,83762.5
14.26943302154541,3.58,83376.46
14.281758546829224,3.56,81872.52
14.293806076049805,3.6,85110.24
14.302687406539917,3.58,82977.68
14.315094709396362,3.6,84605.14
14.327472448348999,3.59,83623.23
14.339946746826172,3.56,81857.52
14.351709604263306,3.61,85555.79
14.364049434661865,3.58,83054.16
14.376730680465698,3.59,84401.17
14.38874077796936,3.58,83499.72
14.401434659957886,3.56,81977.58
14.413319826126099,3.61,85731.73
14.425482511520386,3.56,81737.72
14.437481880187988,3.6,84463.85
14.449411392211914,3.58,83499.72
14.461459159851074,3.56,81962.55
14.470751523971558,3.61,86069.1
14.483136892318726,3.57,82233.53
14.49544644355774,3.59,84182.31
14.507774829864502,3.58,83546.0
14.519910335540771,3.57,82052.75
14.532270431518555,3.58,83499.72
14.544616460800171,3.57,82384.61
14.557018756866455,3.59,84073.18
14.56893515586853,3.59,83638.7
14.5811607837677,3.57,81992.6
14.593304634094238,3.59,83700.57
14.605362176895142,3.57,82764.09
14.617309093475342,3.6,85173.68
14.627067804336548,3.58,83391.86
14.63892388343811,3.56,81588.32
14.651219367980957,3.59,84010.91
14.663498163223267,3.58,82870.79
14.675513982772827,3.6,84872.93
14.687938213348389,3.58,83484.31
14.70031476020813,3.56,81707.81
14.712605953216553,3.6,84495.23
14.724609136581421,3.55,80567.93
14.736051082611084,3.6,84668.03
14.74817180633545,3.58,83361.08
14.760374307632446,3.56,81722.75
14.772639274597168,3.6,84636.57
14.784674644470215,3.55,80729.38
14.793614149093628,3.6,84683.78
14.806063890457153,3.58,83515.14
14.818348169326782,3.56,81737.72
14.830719232559204,3.58,83453.47
14.843301773071289,3.56,81246.17
14.855834722518921,3.6,84463.85
14.868183135986328,3.58,83345.7
14.880424499511719,3.56,81827.54
14.892719984054565,3.58,83376.46
14.904717683792114,3.56,81498.85
14.916834115982056,3.6,85205.43
14.928682804107666,3.58,83361.08
14.941000699996948,3.56,81797.6
14.950086832046509,3.58,83422.66
14.962131261825562,3.56,81648.02
14.9746413230896,3.6,85189.57
14.98681092262268,3.58,83453.47
14.99919056892395,3.56,81767.65
15.011533737182617,3.58,83376.46
15.023775577545166,3.55,81009.35
15.035865068435669,3.6,85189.57
15.048370599746704,3.58,83314.94
15.060353517532349,3.56,81797.6
15.07249927520752,3.58,83499.72
15.084689855575562,3.55,80758.78
15.096629619598389,3.6,84936.13
15.108429908752441,3.58,83161.39
15.118788480758667,3.56,81633.1
15.130169868469238,3.59,83669.63
15.142613410949707,3.55,80670.63
15.154789209365845,3.6,85189.57
15.16719913482666,3.58,83330.31
15.179299354553223,3.56,81662.97
15.191663980484009,3.58,83407.25
15.203902006149292,3.54,80363.12
15.216363191604614,3.6,84841.36
15.228116035461426,3.58,83284.2
15.240461111068726,3.56,81662.97
15.252312660217285,3.58,83499.72
15.264485120773315,3.55,80626.58
15.273735761642456,3.61,85619.7
15.28568696975708,3.58,83376.46
15.297849893569946,3.57,82218.45
15.310523509979248,3.58,83407.25
15.32248830795288,3.55,80773.5
15.334702014923096,3.61,85555.79
15.347230434417725,3.58,83130.75
15.359726667404175,3.57,82067.78
15.371932744979858,3.58,83453.47
15.384127378463745,3.56,81662.97
15.395810604095459,3.61,85667.71
15.408318996429443,3.58,83361.08
15.420079469680786,3.56,81692.86
15.431946277618408,3.58,83391.86
15.440556287765503,3.56,81469.07
15.452849388122559,3.61,85507.88
15.465118885040283,3.58,83146.07
15.477409601211548,3.56,81887.51
15.489880800247192,3.58,83391.86
15.501969575881958,3.56,81364.93
15.514636278152466,3.6,85268.99
15.527047634124756,3.58,83253.47
15.53926706314087,3.56,81737.72
15.551925420761108,3.58,83422.66
15.564025402069092,3.55,81083.24
15.576026439666748,3.61,85988.6
15.58803105354309,3.58,83222.76
15.597058773040771,3.58,82992.99
15.609248876571655,3.58,83515.14
15.621720790863037,3.55,81053.66
15.63435983657837,3.61,85972.52
15.646152019500732,3.58,83268.82
15.658701658248901,3.58,82870.79
15.67081069946289,3.58,83330.31
15.682926893234253,3.56,81767.65
15.695515871047974,3.61,85843.97
15.707849025726318,3.58,83253.47
15.719635963439941,3.57,82688.0
15.731571435928345,3.58,83391.86
15.743248224258423,3.56,81857.52
15.751810550689697,3.61,85635.71
15.763997554779053,3.58,83222.76
15.77642560005188,3.57,82718.43
15.788677453994751,3.58,83438.06
15.801979064941406,3.56,81797.6
15.813926219940186,3.61,85683.7
15.826614379882812,3.58,83238.12
15.838773250579834,3.57,82324.14
15.851197004318237,3.58,83515.14
15.863302230834961,3.56,81767.65
15.875433444976807,3.61,86004.71
15.88731837272644,3.58,83176.74
15.899492025375366,3.58,83561.45
15.911540269851685,3.58,83422.66
15.920704126358032,3.56,81662.97
15.933089256286621,3.61,86101.33
15.945120811462402,3.58,83268.82
15.957647323608398,3.58,83484.31
15.969729900360107,3.58,83345.7
15.982186555862427,3.56,81677.9
15.994616031646729,3.61,85892.16
16.006868600845337,3.58,83207.42
16.019110679626465,3.58,83238.12
16.03127121925354,3.58,83284.2
16.04341697692871,3.56,81648.02
16.055243730545044,3.61,85860.03
16.06733512878418,3.57,82779.33
16.0763418674469,3.58,83176.74
16.08862543106079,3.58,83530.57
16.10111355781555,3.56,81722.75
16.11339807510376,3.61,85940.35
16.125457525253296,3.58,82870.79
16.137776851654053,3.58,83207.42
16.15010690689087,3.58,83268.82
16.16234064102173,3.56,81767.65
16.174720525741577,3.61,86117.46
16.186749696731567,3.58,82992.99
16.19898295402527,3.58,82840.28
16.211179494857788,3.58,83314.94
16.223169565200806,3.56,81722.75
16.235201597213745,3.62,86230.43
16.244321823120117,3.58,83038.86
16.256662607192993,3.59,83747.01
16.268991470336914,3.58,83422.66
16.281052827835083,3.56,81782.6
16.293463945388794,3.62,86230.43
16.305785655975342,3.58,83038.86
16.317888259887695,3.59,83731.51
16.3299777507782,3.58,83345.7
16.342607021331787,3.56,81767.65
16.354759454727173,3.61,85972.52
16.366828680038452,3.57,82718.43
16.37882685661316,3.58,83530.57
16.39087748527527,3.58,83284.2
16.402689695358276,3.56,81767.65
16.412204027175903,3.61,85924.27
16.424354791641235,3.58,82992.99
16.436564445495605,3.59,83685.08
16.449033737182617,3.58,83345.7
16.46149492263794,3.56,81707.81
16.47356343269348,3.61,85507.88
16.486064672470093,3.58,82886.06
16.49828338623047,3.58,83438.06
16.510397911071777,3.58,83238.12
16.522664546966553,3.56,81692.86
16.53463888168335,3.61,85795.85
16.546610593795776,3.58,82840.28
16.558831453323364,3.59,84010.91
16.56794548034668,3.58,83361.08
16.580068826675415,3.56,81842.53
16.59249472618103,3.62,86376.0
16.604567289352417,3.58,82901.31
16.617247343063354,3.59,83995.36
16.629345893859863,3.58,83330.31
16.641782522201538,3.56,81767.65
16.653839111328125,3.62,86214.27
16.666198015213013,3.57,82384.61
16.678162097930908,3.59,83948.7
16.69038963317871,3.58,83284.2
16.70255756378174,3.56,81812.57
16.714465141296387,3.62,86198.14
16.723475456237793,3.57,82748.87
16.73561120033264,3.59,83933.17
16.74711298942566,3.58,83176.74
16.759389400482178,3.56,81782.6
16.771595239639282,3.62,86262.75
16.783967971801758,3.57,82672.79
16.79626178741455,3.59,83824.5
16.8086040019989,3.58,83314.94
16.82115077972412,3.56,81737.72
16.83346962928772,3.59,84119.92
16.845850706100464,3.57,82688.0
16.857991695404053,3.6,84558.0
16.870019674301147,3.58,83407.25
16.882230281829834,3.56,81767.65
16.891430616378784,3.59,84385.52
16.90356421470642,3.58,83023.57
16.91617751121521,3.6,84510.92
16.928316593170166,3.58,83192.07
16.94065546989441,3.56,81498.85
16.953118562698364,3.6,84936.13
16.96497082710266,3.56,81409.53
16.97743248939514,3.59,84369.85
16.989712238311768,3.58,83284.2
17.001774311065674,3.56,81752.67
17.01380205154419,3.6,84999.37
17.025939226150513,3.56,81290.67
17.03802800178528,3.59,83995.36
17.047137022018433,3.58,83176.74
17.059439182281494,3.56,81722.75
17.07163405418396,3.61,85811.88
17.083908319473267,3.56,81409.53
17.096179485321045,3.6,84558.0
17.108535051345825,3.58,83546.0
17.12062931060791,3.57,82203.35
17.13302993774414,3.59,83747.01
17.145456790924072,3.57,82384.61
17.1576189994812,3.61,85460.03
17.169875383377075,3.58,83592.34
17.181479454040527,3.57,82203.35
17.193748712539673,3.59,83762.5
17.205659866333008,3.57,82475.46
17.21506381034851,3.6,85268.99
17.22720241546631,3.59,83654.15
17.239625215530396,3.56,81812.57
17.251918077468872,3.59,83855.53
17.264339447021484,3.58,83054.16
17.276341915130615,3.6,85141.95
17.288673639297485,3.59,83623.23
17.30099081993103,3.57,82037.69
17.31331729888916,3.59,84104.34
17.325587511062622,3.55,80670.63
17.337308883666992,3.6,85062.7
17.349540948867798,3.58,83330.31
17.36127209663391,3.56,81962.55
17.370320796966553,3.59,84229.13
17.383013010025024,3.55,80773.5
17.394991636276245,3.6,85141.95
17.407220125198364,3.58,83407.25
17.41922092437744,3.56,81752.67
17.43171763420105,3.58,83484.31
17.443920612335205,3.55,80832.35
17.4564266204834,3.6,84683.78
17.469007968902588,3.58,83253.47
17.4812331199646,3.56,81752.67
17.493027687072754,3.58,83345.7
17.505310535430908,3.55,80817.64
17.517306089401245,3.61,85332.58
17.52901577949524,3.58,82931.85
17.538691759109497,3.56,81677.9
17.550801277160645,3.58,83253.47
17.563130378723145,3.55,81083.24
17.575451374053955,3.6,85078.55
17.587531089782715,3.58,83023.57
17.59982419013977,3.56,81305.5
17.61222791671753,3.58,82794.56
17.62478256225586,3.55,80832.35
17.637187480926514,3.6,85046.87
17.649039030075073,3.58,83023.57
17.661028385162354,3.56,81528.67
17.673179626464844,3.58,83100.1
17.685194492340088,3.55,80994.56
17.694239616394043,3.6,84920.32
17.705925703048706,3.58,83023.57
17.718724966049194,3.56,81633.1
17.730940341949463,3.58,83268.82
17.742547512054443,3.55,80788.21
17.75464916229248,3.6,84841.36
17.76690411567688,3.58,82977.68
17.779221057891846,3.56,81320.36
17.791501998901367,3.58,83008.26
17.8038330078125,3.55,80406.93
17.815954446792603,3.61,85364.42
17.828123807907104,3.57,82688.0
17.840304136276245,3.55,81068.44
17.852492094039917,3.57,82642.39
17.861109972000122,3.54,79810.87
17.873385906219482,3.6,85031.03
17.88561725616455,3.57,82733.64
17.897883892059326,3.56,81902.52
17.910192012786865,3.57,82657.59
17.92248034477234,3.56,81201.67
17.934715270996094,3.6,84857.16
17.947086334228516,3.57,82460.32
17.95939016342163,3.56,81543.56
17.971567630767822,3.57,82642.39
17.983766317367554,3.55,80817.64
17.99594283103943,3.6,84636.57
18.008142232894897,3.57,82203.35
18.016672134399414,3.56,81201.67
18.028926610946655,3.57,82566.46
18.041339874267578,3.55,80950.28
18.053565979003906,3.6,84605.14
18.065848112106323,3.57,82233.53
18.078099012374878,3.55,81024.1
18.09040665626526,3.57,82460.32
18.102737188339233,3.55,80538.63
18.114994287490845,3.6,84951.92
18.12731385231018,3.57,82309.02
18.139447450637817,3.55,80935.53
18.151662349700928,3.57,82369.5
18.163842916488647,3.54,80392.33
18.17606544494629,3.6,84872.93
18.185370445251465,3.57,82233.53
18.197654485702515,3.57,82324.14
18.2099609375,3.57,82551.28
18.222294569015503,3.54,80275.55
18.234578609466553,3.6,84794.04
18.2470121383667,3.57,82263.71
18.259272813796997,3.56,81917.52
18.271568059921265,3.57,82233.53
18.283876419067383,3.55,80920.78
18.295843362808228,3.6,84888.72
18.30787181854248,3.56,81857.52
18.3207905292511,3.56,81767.65
18.33191990852356,3.57,82278.81
18.341002225875854,3.55,80714.68
18.353307485580444,3.6,84699.51
18.365599155426025,3.56,81932.52
18.377904891967773,3.56,81588.32
18.390180110931396,3.57,82233.53
18.402464151382446,3.55,80626.58
18.414906978607178,3.59,84416.83
18.427288055419922,3.56,81872.52
18.43941879272461,3.56,81246.17
18.451733350753784,3.57,82143.06
18.463943481445312,3.55,80567.93
18.475996732711792,3.6,84652.31
18.488059759140015,3.56,81767.65
18.500098705291748,3.57,82248.63
18.509313344955444,3.57,82158.13
18.521462440490723,3.55,80611.92
18.534054040908813,3.6,84731.01
18.546313047409058,3.56,81842.53
18.5583393573761,3.57,82143.06
18.570915699005127,3.57,82037.69
18.58321738243103,3.55,80611.92
18.595432996749878,3.6,84683.78
18.607656478881836,3.56,81827.54
18.619619369506836,3.57,82097.88
18.63175129890442,3.57,82097.88
18.64379596710205,3.55,80523.97
18.65591835975647,3.59,84369.85
18.665229082107544,3.56,81633.1
18.677254915237427,3.57,82037.69
18.68953561782837,3.56,81977.58
18.702012300491333,3.55,80611.92
18.71468997001648,3.59,84401.17
18.726436138153076,3.56,81469.07
18.738551378250122,3.56,81722.75
18.749971389770508,3.56,81947.54
18.762191772460938,3.54,80275.55
18.774462461471558,3.6,84526.6
18.786633729934692,3.56,81350.08
18.798779010772705,3.56,81603.24
18.810949087142944,3.56,81797.6
18.82356095314026,3.54,80246.4
18.83218741416931,3.6,84479.53
18.844699382781982,3.56,81573.39
18.8570454120636,3.57,82293.92
18.86972165107727,3.56,81902.52
18.882080554962158,3.54,80304.73
18.89427661895752,3.6,84495.23
18.906591653823853,3.56,81335.21
18.918885707855225,3.57,82067.78
18.931198358535767,3.56,81618.15
18.943222999572754,3.54,80100.85
18.955289602279663,3.59,84260.37
18.967459440231323,3.55,81127.62
18.979448556900024,3.56,81932.52
18.991327047348022,3.56,81543.56
19.001192808151245,3.54,80028.23
19.01343846321106,3.59,84213.53
19.025386810302734,3.55,81098.02
19.03777027130127,3.56,81558.49
19.05012083053589,3.56,81409.53
19.062116384506226,3.54,80028.23
19.074458599090576,3.59,83840.0
19.08704710006714,3.55,80994.56
19.099353075027466,3.56,81543.56
19.111130714416504,3.56,81335.21
19.123379945755005,3.54,79955.68
19.135202884674072,3.58,83268.82
19.147307634353638,3.55,80979.8
19.15644145011902,3.57,82052.75
19.168750524520874,3.56,81513.75
19.180806636810303,3.5,77252.67
19.193243503570557,3.55,81142.43
19.20535683631897,3.52,78764.96
19.2178373336792,3.54,79883.22
19.230201959609985,3.53,79464.86
19.242470264434814,3.51,77835.89
19.254580974578857,3.56,81231.32
19.266964435577393,3.52,78807.56
19.278913497924805,3.53,79522.39
19.291057586669922,3.52,78793.36
19.30307698249817,3.51,77543.51
19.31492519378662,3.55,81098.02
19.324344158172607,3.51,77891.76
19.336524963378906,3.53,79264.0
19.349132776260376,3.52,78467.67
19.361149787902832,3.5,77059.62
19.373271465301514,3.55,80670.63
19.385499954223633,3.51,77543.51
19.397876024246216,3.52,78580.73
19.410064458847046,3.51,78003.66
19.422439098358154,3.5,76880.96
19.434793710708618,3.52,78637.35
19.446635961532593,3.51,77640.79
19.458781242370605,3.52,78679.85
19.4706711769104,3.52,78129.82
19.480066537857056,3.5,76949.62
19.492285013198853,3.53,79135.25
19.504616022109985,3.51,77446.39
19.516797065734863,3.53,79321.32
19.52928376197815,3.52,78200.03
19.54137372970581,3.5,76785.0
19.55383563041687,3.53,79249.67
19.565929174423218,3.51,77933.69
19.578394889831543,3.53,79393.04
19.590455293655396,3.52,78115.8
19.60256028175354,3.5,76963.35
19.614372968673706,3.53,79306.98
19.626625061035156,3.49,76158.57
19.635798692703247,3.52,78764.96
19.64789056777954,3.52,78157.9
19.66035795211792,3.5,77114.71
19.672395944595337,3.54,79637.6
19.684916973114014,3.5,76812.41
19.697051763534546,3.52,78679.85
19.70922589302063,3.51,77682.54
19.721497058868408,3.49,76498.14
19.733638286590576,3.51,77446.39
19.74590516090393,3.48,75673.29
19.757318258285522,3.51,77515.75
19.769555807113647,3.5,77032.1
19.781720876693726,3.49,76023.34
19.79399800300598,3.5,76990.84
19.802542209625244,3.48,75834.57
19.814852714538574,3.52,78214.1
19.827451944351196,3.5,77045.86
19.839709043502808,3.48,75579.42
19.852055549621582,3.5,76853.54
19.864843368530273,3.49,75996.32
19.87706995010376,3.51,78073.73
19.889471769332886,3.5,76743.93
19.90179681777954,3.48,75325.48
19.913758993148804,3.5,76798.71
19.92582893371582,3.46,74190.72
19.9379563331604,3.51,77529.63
19.950146198272705,3.48,75727.0
19.95900058746338,3.46,74282.2
19.97146725654602,3.49,76416.46
19.98389220237732,3.45,73593.46
19.996182680130005,3.5,76853.54
20.008280992507935,3.48,75861.5
20.020772218704224,3.47,74610.16
20.033048629760742,3.48,75888.43
20.045461416244507,3.45,73619.29
20.0575590133667,3.5,76812.41
20.06992483139038,3.48,75646.46
20.08179259300232,3.46,74347.63
20.09389328956604,3.47,75152.4
20.10588788986206,3.45,73425.86
20.117757558822632,3.5,76798.71
20.12702965736389,3.47,74676.0
20.139292240142822,3.46,73852.31
20.1517231464386,3.47,75059.43
20.16413927078247,3.45,73220.32
20.176164865493774,3.49,76416.46
20.1884503364563,3.47,74887.21
20.200903177261353,3.45,73787.48
20.21314311027527,3.47,74926.91
20.22531771659851,3.45,73580.54
20.23756694793701,3.49,76525.39
20.249623775482178,3.47,74834.34
20.261639833450317,3.46,73878.26
20.273686170578003,3.47,74993.14
20.28299593925476,3.45,73143.46
20.2952618598938,3.49,76348.48
20.307349920272827,3.47,74834.34
20.319719076156616,3.45,73748.62
20.333165884017944,3.47,74953.39
20.34426212310791,3.45,73117.86
20.35629415512085,3.49,76131.5
20.368446350097656,3.47,74768.31
20.381144046783447,3.45,73528.94
20.393266201019287,3.47,74807.91
20.405300617218018,3.44,72913.51
20.41748571395874,3.49,76525.39
20.429157972335815,3.46,74177.66
20.441177368164062,3.44,73092.28
20.45073413848877,3.46,74295.27
20.463069438934326,3.43,72368.2
20.475244522094727,3.49,75969.33
20.487632036209106,3.46,74295.27
20.499672174453735,3.46,73826.36
20.51178479194641,3.46,74373.82
20.524101972579956,3.43,72229.59
20.536325931549072,3.48,75821.12
20.5486581325531,3.46,74125.46
20.560892343521118,3.45,73361.56
20.572901964187622,3.46,74073.34
20.584978342056274,3.44,72862.54
20.596888303756714,3.48,75472.35
20.608919858932495,3.46,73891.25
20.61768078804016,3.44,73041.14
20.630046844482422,3.46,73878.26
20.642374277114868,3.44,72722.64
20.65462899208069,3.48,75458.99
20.66710090637207,3.45,73606.37
20.679574966430664,3.44,72951.77
20.692197561264038,3.45,73619.29
20.70445418357849,3.43,72368.2
20.716742992401123,3.48,75205.6
20.728997707366943,3.45,73593.46
20.74102473258972,3.44,72646.5
20.753093004226685,3.45,73748.62
20.76490306854248,3.43,72305.15
20.773271799087524,3.48,75392.19
20.785513639450073,3.45,73323.01
20.797764539718628,3.43,72406.07
20.81005096435547,3.45,73425.86
20.8224139213562,3.43,71928.46
20.83503293991089,3.48,75205.6
20.84740948677063,3.45,73284.47
20.859666347503662,3.45,73335.85
20.872046947479248,3.45,73374.4
20.884676456451416,3.42,71343.71
20.896771907806396,3.46,74282.2
20.90889072418213,3.43,71991.05
20.920747995376587,3.43,71915.96
20.930049419403076,3.43,72317.75
20.941975831985474,3.42,71207.78
20.954118490219116,3.46,74125.46
20.966835498809814,3.43,72166.71
20.97895908355713,3.43,72041.18
20.991260290145874,3.43,72254.77
21.003729581832886,3.42,71232.48
21.01601529121399,3.46,73930.21
21.028099298477173,3.43,72103.92
21.040384769439697,3.43,71828.47
21.05249047279358,3.43,72242.18
21.06457233428955,3.42,71318.96
21.076639413833618,3.46,74177.66
21.088464498519897,3.43,71978.53
21.097881078720093,3.42,71728.66
21.109997749328613,3.43,72292.56
21.122206211090088,3.42,71133.79
21.13469171524048,3.46,73800.45
21.14702844619751,3.43,71940.98
21.159221649169922,3.43,72267.36
21.171571016311646,3.43,72154.15
21.184017181396484,3.41,71047.6
21.196263551712036,3.46,73904.24
21.208303213119507,3.43,71890.95
21.22031307220459,3.43,72229.59
21.232146501541138,3.43,71978.53
21.244410514831543,3.41,70912.47
21.25339436531067,3.45,73632.21
21.265872478485107,3.42,71629.05
21.278174877166748,3.43,72028.66
21.29023551940918,3.43,71878.44
21.302741289138794,3.41,70900.2
21.314932823181152,3.45,73567.64
21.32694911956787,3.42,71517.21
21.339215517044067,3.43,71766.07
21.35188102722168,3.43,71853.44
21.36409616470337,3.41,70667.64
21.376068115234375,3.45,73490.26
21.38764786720276,3.42,71405.6
21.3998761177063,3.42,71393.22
21.41217041015625,3.42,71703.74
21.421414136886597,3.41,70496.95
21.433719635009766,3.45,73567.64
21.446186542510986,3.42,71417.99
21.458062410354614,3.43,71915.96
21.470248460769653,3.42,71467.57
21.48289203643799,3.4,70375.37
21.495145082473755,3.45,73335.85
21.50731325149536,3.41,71084.53
21.51972198486328,3.43,71766.07
21.531935214996338,3.42,71244.82
21.543851137161255,3.4,70338.95
21.55573534965515,3.45,73169.07
21.5679829120636,3.41,70924.74
21.576974153518677,3.42,71554.46
21.58916687965393,3.42,71232.48
21.60174584388733,3.4,70278.31
21.613702058792114,3.44,73015.58
21.626152992248535,3.41,70789.9
21.63880228996277,3.36,67678.82
21.650922775268555,3.17,56964.21
21.6630961894989,3.18,57528.77
21.675490617752075,3.23,60085.57
21.68753433227539,3.21,58928.41
21.699724674224854,3.22,59498.51
21.711782217025757,3.22,59595.85
21.723700046539307,3.21,59053.42
21.735583066940308,3.24,60650.23
21.745171785354614,3.22,59664.1
21.757068634033203,3.24,60500.97
21.768603563308716,3.23,60006.87
21.780792474746704,3.21,59256.08
21.793041944503784,3.24,60950.18
21.80544900894165,3.22,59625.08
21.81769371032715,3.23,60223.63
21.82997179031372,3.22,59889.06
21.842599153518677,3.21,59091.95
21.85504674911499,3.24,60900.06
21.867137908935547,3.2,58832.47
21.87933921813965,3.22,59683.61
21.891366720199585,3.21,59343.21
21.90061902999878,3.2,58688.95
21.91293168067932,3.24,60620.33
21.925204753875732,3.21,59024.54
21.93749690055847,3.22,59664.1
21.949890613555908,3.21,59333.52
21.9621319770813,3.2,58641.21
21.97408437728882,3.21,59430.5
21.986292839050293,3.21,58947.62
21.99895143508911,3.21,59411.09
22.01085329055786,3.21,59169.12
22.022889852523804,3.2,58526.84
22.03514075279236,3.21,59352.91
22.047086000442505,3.2,58822.89
22.056090593338013,3.22,59556.89
22.068613529205322,3.21,59024.54
22.080941677093506,3.19,58204.32
22.092997074127197,3.21,59304.47
22.105536222457886,3.2,58679.4
22.117841243743896,3.22,59440.22
22.129923820495605,3.2,58803.73
22.142189502716064,3.19,58091.03
22.15462350845337,3.21,59227.07
22.166767835617065,3.18,57771.56
22.17848563194275,3.21,59043.8
22.190675973892212,3.2,58574.46
22.202826261520386,3.18,57884.05
22.2119357585907,3.21,59063.05
22.224039554595947,3.18,57622.0
22.236560106277466,3.2,58899.6
22.248592615127563,3.19,58374.78
22.26098895072937,3.18,57650.0
22.2731454372406,3.19,58223.23
22.285840272903442,3.17,57380.01
22.297929286956787,3.21,59034.16
22.310269117355347,3.19,58147.63
22.32236957550049,3.18,57510.15
22.334450244903564,3.19,58194.85
22.347148656845093,3.18,57472.92
22.358466625213623,3.2,58851.64
22.367527961730957,3.19,57996.82
22.379836797714233,3.17,57185.5
22.392032146453857,3.19,57912.23
22.404223918914795,3.16,56853.98
22.416587352752686,3.2,58622.13
22.42898154258728,3.18,57752.83
22.441031455993652,3.17,57065.5
22.453206062316895,3.18,57771.56
22.46599531173706,3.16,56698.29
22.47800350189209,3.2,58431.73
22.489880323410034,3.18,57837.15
22.50188374519348,3.17,56973.42
22.51401996612549,3.18,57715.41
22.526052236557007,3.16,56561.35
22.5353684425354,3.19,58298.93
22.547694444656372,3.18,57566.05
22.560039043426514,3.17,56964.21
22.572513580322266,3.18,57650.0
22.584511041641235,3.15,56406.66
22.59729814529419,3.19,58346.32
22.609323024749756,3.18,57472.92
22.62137269973755,3.17,57074.73
22.633678436279297,3.17,57407.86
22.645987510681152,3.15,56234.41
22.657836437225342,3.19,58194.85
22.66998529434204,3.17,57259.49
22.68191432952881,3.16,56798.98
22.69113039970398,3.17,57176.25
22.70334815979004,3.16,56524.91
22.715862274169922,3.19,58062.74
22.727991342544556,3.17,57083.94
22.740277528762817,3.16,56561.35
22.75249409675598,3.17,57130.07
22.764708518981934,3.16,56506.7
22.77616834640503,3.19,57996.82
22.788406372070312,3.17,56945.83
22.800565719604492,3.15,56424.83
22.812821626663208,3.17,57037.86
22.825002908706665,3.15,56125.96
22.837347745895386,3.18,57827.78
22.846157789230347,3.16,56689.14
22.858404874801636,3.15,56116.93
22.87090826034546,3.16,56744.02
22.88356876373291,3.14,55882.91
22.89569592475891,3.18,57668.68
22.908058881759644,3.16,56652.6
22.92048668861389,3.16,56606.96
22.932785272598267,3.16,56661.73
22.945223808288574,3.15,55981.77
22.956937074661255,3.18,57622.0
22.96921420097351,3.16,56570.47
22.981284379959106,3.15,56406.66
22.993260145187378,3.16,56597.82
23.002515077590942,3.15,55963.78
23.014358282089233,3.18,57445.03
23.026949167251587,3.16,56433.92
23.039358139038086,3.15,56297.8
23.051713943481445,3.15,56370.34
23.063800573349,3.14,55775.31
23.076040744781494,3.17,57268.76
23.08845829963684,3.15,56225.36
23.100834369659424,3.14,55945.79
23.11289930343628,3.15,56198.23
23.124876022338867,3.14,55587.63
23.136907815933228,3.17,57176.25
23.149073839187622,3.15,56089.87
23.15791654586792,3.15,56171.12
23.170323610305786,3.15,56180.15
23.182608604431152,3.14,55516.34
23.19494652748108,3.17,57047.07
23.206963539123535,3.15,56062.82
23.219687938690186,3.15,56116.93
23.231801986694336,3.15,56035.78
23.244040966033936,3.13,55409.63
23.256599187850952,3.16,56909.07
23.26870846748352,3.14,55739.5
23.280623197555542,3.14,55945.79
23.292553901672363,3.14,55793.22
23.30445909500122,3.13,55258.9
23.313592195510864,3.16,56771.49
23.325900077819824,3.14,55641.17
23.338276863098145,3.14,55748.45
23.350814819335938,3.14,55730.55
23.36270809173584,3.13,55082.21
23.37512230873108,3.16,56707.43
23.387574911117554,3.14,55507.44
23.399451732635498,3.14,55560.88
23.411943435668945,3.14,55605.48
23.423819065093994,3.13,55002.93
23.435892820358276,3.16,56625.2
23.44825768470764,3.13,55454.06
23.4601788520813,3.14,55712.66
23.472188234329224,3.14,55525.25
23.481623888015747,3.12,54958.95
23.49382972717285,3.16,56506.7
23.50591254234314,3.13,55267.75
23.518486261367798,3.14,55650.1
23.529865741729736,3.13,55409.63
23.542466640472412,3.12,54800.98
23.555125951766968,3.15,56388.5
23.567747592926025,3.13,55126.31
23.579885482788086,3.14,55534.16
23.59182047843933,3.13,55285.45
23.603874444961548,3.12,54730.96
23.616018295288086,3.15,56288.73
23.62789249420166,3.13,55064.58
23.63734197616577,3.13,55312.03
23.649638891220093,3.13,55258.9
23.661890029907227,3.11,54521.55
23.673892498016357,3.14,55498.54
23.686320543289185,3.12,54809.75
23.69874358177185,3.13,55391.87
23.710983514785767,3.12,54985.33
23.72350573539734,3.11,54399.85
23.735682725906372,3.14,55650.1
23.747398376464844,3.12,54730.96
23.759669065475464,3.13,55267.75
23.77143907546997,3.12,54888.68
23.78325343132019,3.11,54373.82
23.791834354400635,3.14,55676.9
23.8041090965271,3.11,54330.47
23.816456079483032,3.13,55108.66
23.82864761352539,3.12,54906.24
23.840985774993896,3.11,54269.84
23.85409140586853,3.14,55748.45
23.86657190322876,3.11,54304.48
23.878743410110474,3.13,55082.21
23.89094305038452,3.12,54774.71
23.90306305885315,3.11,54200.67
23.915317058563232,3.12,54678.51
23.927150011062622,3.11,54304.48
23.939265966415405,3.12,54915.02
23.94829273223877,3.12,54643.59
23.960825204849243,3.11,54097.09
23.973419904708862,3.12,54722.21
23.985406637191772,3.11,54339.13
23.997756242752075,3.13,55117.49
24.009938716888428,3.11,54495.44
24.022273302078247,3.1,53959.38
24.034721851348877,3.12,54678.51
24.046611070632935,3.11,54269.84
24.05885362625122,3.12,54985.33
24.070834398269653,3.11,54460.66
24.08307719230652,3.1,53959.38
24.095097303390503,3.12,54748.46
24.104084491729736,3.09,53378.95
24.11644196510315,3.12,54915.02
24.128758668899536,3.11,54434.59
24.14083433151245,3.1,53779.3
24.153194904327393,3.12,54730.96
24.165637493133545,3.09,53378.95
24.178433179855347,3.12,54652.31
24.190194129943848,3.11,54192.02
24.202423572540283,3.1,53659.66
24.214725971221924,3.11,54200.67
24.22677445411682,3.09,53378.95
24.23864507675171,3.12,54915.02
24.2508544921875,3.11,54183.39
24.26276159286499,3.09,53574.41
24.272135972976685,3.11,54105.72
24.284313917160034,3.09,53463.82
24.297013998031616,3.12,54809.75
24.308663606643677,3.1,54002.38
24.32095980644226,3.09,53455.33
24.33321452140808,3.1,54028.19
24.345524787902832,3.09,53421.37
24.358670949935913,3.12,54730.96
24.370217084884644,3.1,53959.38
24.382160425186157,3.09,53429.86
24.394198894500732,3.1,53959.38
24.40634322166443,3.08,53074.79
24.418243885040283,3.12,54565.1
24.427470922470093,3.1,53890.69
24.439865827560425,3.09,53328.11
24.452031135559082,3.1,53993.77
24.46430730819702,3.08,53007.5
24.476545572280884,3.11,54382.5
24.488852977752686,3.1,53822.12
24.5011625289917,3.09,53311.18
24.513357639312744,3.1,53770.75
24.52567172050476,3.08,52822.96
24.537773847579956,3.11,54495.44
24.549920797348022,3.1,53676.73
24.561851501464844,3.08,53125.34
24.573890686035156,3.1,53736.54
24.58310079574585,3.07,52622.55
24.59528350830078,3.11,54434.59
24.60848641395569,3.1,53617.01
24.620118618011475,3.09,53243.5
24.632328748703003,3.09,53591.45
24.644548892974854,3.08,53142.2
24.657039880752563,3.11,54295.81
24.669119596481323,3.09,53514.83
24.681336164474487,3.09,53167.5
24.69360089302063,3.09,53565.9
24.70552110671997,3.08,52982.28
24.717553853988647,3.11,54261.19
24.729616165161133,3.09,53362.0
24.738670110702515,3.08,53049.54
24.75101661682129,3.09,53463.82
24.76329207420349,3.08,52864.83
24.775582790374756,3.11,54217.94
24.78706979751587,3.09,53268.87
24.799318313598633,3.08,52747.7
24.811606407165527,3.09,53311.18
24.823850393295288,3.07,52589.23
24.836155652999878,3.11,54071.24
24.848466157913208,3.08,53133.77
24.860653162002563,3.08,53159.07
24.872848749160767,3.09,53251.97
24.885085105895996,3.07,52647.54
24.89352512359619,3.1,54019.57
24.90586543083191,3.08,53100.06
24.918119192123413,3.08,52999.09
24.930428981781006,3.08,53091.63
24.942700386047363,3.07,52506.07
24.954986333847046,3.1,53933.61
24.967333793640137,3.08,52898.35
24.979564666748047,3.08,52898.35
24.99186420440674,3.08,52957.08
25.004093408584595,3.07,52439.66
25.01627469062805,3.1,53710.9
25.028528690338135,3.08,52856.45
25.040696144104004,3.07,52705.93
25.049230813980103,3.08,52873.21
25.061465740203857,3.07,52381.63
25.073796272277832,3.1,53779.3
25.086078643798828,3.08,52772.77
25.098353385925293,3.08,52889.97
25.110647439956665,3.08,52831.33
25.12295651435852,3.07,52274.07
25.135211944580078,3.1,53625.55
25.147520303726196,3.07,52622.55
25.159748077392578,3.07,52672.57
25.171948432922363,3.07,52697.59
25.184168815612793,3.06,52199.77
25.19637441635132,3.09,53497.82
25.208476305007935,3.07,52547.63
25.21704077720642,3.08,52747.7
25.22935152053833,3.07,52647.54
25.241660833358765,3.06,52158.55
25.253950357437134,3.09,53438.35
25.266355991363525,3.07,52481.16
25.27854347229004,3.07,52622.55
25.29088306427002,3.07,52489.46
25.303149223327637,3.06,52002.25
25.315460205078125,3.09,53378.95
25.327651262283325,3.07,52307.14
25.3398277759552,3.07,52497.77
25.35209083557129,3.07,52472.85
25.36428165435791,3.06,51985.84
25.373038053512573,3.09,53277.33
25.385475158691406,3.07,52307.14
25.3978214263916,3.07,52697.59
25.409647464752197,3.07,52356.78
25.42191219329834,3.05,51830.18
25.434258222579956,3.09,53209.71
25.446489095687866,3.06,52232.78
25.458824634552002,3.07,52531.0
25.47109603881836,3.06,52265.82
25.483352184295654,3.05,51789.32
25.495521545410156,3.09,53218.16
25.50777292251587,3.06,52109.12
25.519856214523315,3.07,52356.78
25.528470516204834,3.07,52282.33
25.540879487991333,3.05,51805.65
25.55348300933838,3.09,53311.18
25.565871953964233,3.06,52076.22
25.578253984451294,3.07,52323.69
25.590608596801758,3.06,52175.03
25.60287070274353,3.05,51691.39
25.616320371627808,3.07,52630.89
25.627444982528687,3.06,51920.22
25.639719486236572,3.06,52249.29
25.65164041519165,3.06,52183.27
25.663734197616577,3.05,51650.66
25.675770044326782,3.07,52655.89
25.687804460525513,3.06,51887.46
25.697065114974976,3.07,52439.66
25.7092866897583,3.06,52125.59
25.721588134765625,3.05,51569.31
25.733898878097534,3.07,52580.91
25.74614381790161,3.06,51895.65
25.75842785835266,3.06,52216.27
25.770700454711914,3.06,51994.04
25.783068895339966,3.05,51423.26
25.79465627670288,3.07,52406.49
25.80677056312561,3.04,51221.27
25.818977117538452,3.06,51928.42
25.831169366836548,3.05,51593.69
25.84331774711609,3.04,51197.1
25.851956129074097,3.07,52531.0
25.86423683166504,3.04,51390.88
25.87654995918274,3.06,52002.25
25.888811826705933,3.05,51642.51
25.901155471801758,3.04,51189.05
25.91361665725708,3.05,51658.8
25.925984621047974,3.04,51390.88
25.93843698501587,3.06,52150.31
25.950956106185913,3.05,51577.43
25.963013648986816,3.04,51229.33
25.97504997253418,3.05,51699.55
25.98717212677002,3.05,51415.17
25.99920153617859,3.06,52035.1
26.008201599121094,3.05,51577.43
26.02059578895569,3.04,51092.5
26.032849073410034,3.05,51781.14
26.045088291168213,3.05,51431.37
26.057440042495728,3.06,51936.62
26.069695234298706,3.05,51544.93
26.081951379776,3.04,51060.37
26.0942485332489,3.05,51822.0
26.106528997421265,3.03,50549.59
26.118680477142334,3.06,51854.72
26.13076663017273,3.04,51293.88
26.142940521240234,3.03,50892.09
26.154865026474,3.05,51756.65
26.163816213607788,3.03,50613.09
26.176172018051147,3.05,51724.01
26.18843364715576,3.04,51293.88
26.200741052627563,3.03,50820.17
26.213051795959473,3.04,51301.96
26.225303173065186,3.03,50581.33
26.237590551376343,3.06,51846.54
26.249839544296265,3.04,51116.62
26.26215696334839,3.03,50700.58
26.274300575256348,3.04,51148.78
26.286454677581787,3.03,50549.59
26.298518419265747,3.05,51764.81
26.31071376800537,3.04,51156.84
26.319583892822266,3.03,50668.74
26.331738471984863,3.04,51189.05
26.34402871131897,3.02,50399.15
26.356330633163452,3.05,51650.66
26.3686306476593,3.04,51020.24
26.380970239639282,3.02,50478.26
26.393199920654297,3.04,51020.24
26.40550971031189,3.02,50280.75
26.41783618927002,3.05,51512.46
26.430095434188843,3.03,50884.08
26.442142724990845,3.02,50454.51
26.454198837280273,3.03,50892.09
26.4663188457489,3.02,50139.14
26.478325128555298,3.05,51480.0
26.48742914199829,3.03,50804.2
26.499735355377197,3.02,50399.15
26.51227879524231,3.03,50964.12
26.524375677108765,3.01,49982.33
26.536688089370728,3.05,51447.57
26.54892086982727,3.03,50756.34
26.56119656562805,3.02,50509.95
26.572824478149414,3.03,50716.5
26.585114002227783,3.01,49818.33
26.597212314605713,3.04,51382.79
26.609493732452393,3.03,50597.22
26.62167525291443,3.02,50280.75
26.633867502212524,3.03,50700.58
26.64247989654541,3.02,50170.56
26.65472674369812,3.04,51334.26
26.667022705078125,3.02,50533.73
26.679319620132446,3.02,50265.0
26.691586017608643,3.03,50636.94
26.703877687454224,3.01,50076.34
26.716187238693237,3.04,51205.15
26.728468656539917,3.02,50517.87
26.74075174331665,3.02,50131.28
26.752946138381958,3.02,50533.73
26.76517963409424,3.01,49958.87
26.777351140975952,3.04,51342.36
26.78948664665222,3.02,50383.34
26.798054456710815,3.01,49927.6
26.810272693634033,3.02,50422.87
26.822580814361572,3.01,49826.12
26.834888219833374,3.04,51068.4
26.84718132019043,3.02,50296.52
26.859553337097168,3.02,50170.56
26.871936321258545,3.02,50304.41
26.8842830657959,3.01,49794.96
26.896594285964966,3.04,51028.27
26.90876841545105,3.01,50107.73
26.920897245407104,3.01,50068.5
26.933056592941284,3.02,50241.37
26.945221662521362,3.01,49771.59
26.953874111175537,3.03,50868.09
26.96614980697632,3.01,50060.66
26.978458404541016,3.01,50013.65
26.9908127784729,3.01,50052.82
27.002994298934937,3.0,49686.04
27.015225648880005,3.03,50684.66
27.02748441696167,3.01,49904.16
27.03982925415039,3.01,49826.12
27.052311420440674,3.01,49966.69
27.06461191177368,3.0,49507.74
27.076914310455322,3.03,50796.22
27.089146852493286,3.01,49888.54
27.10140299797058,3.01,50052.82
27.11027979850769,3.01,49935.41
27.122334003448486,3.0,49554.18
27.134849786758423,3.03,50652.85
27.14727234840393,3.01,49833.93
27.15943479537964,3.01,49951.05
27.171730279922485,3.01,49810.54
27.18412709236145,3.0,49314.8
27.196256637573242,3.02,50438.68
27.208499431610107,3.0,49647.21
27.221012830734253,3.01,49849.53
27.232993125915527,3.01,49724.91
27.245182275772095,3.0,49353.31
27.25711941719055,3.02,50478.26
27.269017934799194,3.0,49662.74
27.27834177017212,3.01,49810.54
27.290656328201294,3.01,49763.81
27.30292057991028,3.0,49299.4
27.31515598297119,3.02,50517.87
27.327528715133667,3.0,49577.41
27.339847803115845,3.0,49701.58
27.35209369659424,3.0,49662.74
27.36434531211853,2.99,49191.78
27.376567840576172,3.02,50486.19
27.388633489608765,3.0,49461.35
27.400689125061035,3.01,49771.59
27.412776470184326,3.0,49523.21
27.424665451049805,2.99,48985.03
27.43398427963257,3.02,50280.75
27.446228981018066,3.0,49322.49
27.458781003952026,3.0,49600.67
27.470668077468872,3.0,49430.45
27.48289728164673,2.99,48969.76
27.495254278182983,3.02,50186.28
27.50743579864502,2.99,49168.76
27.520146131515503,3.0,49577.41
27.532207489013672,3.0,49391.86
27.544480800628662,2.99,48908.72
27.55643916130066,3.01,50115.57
27.5685555934906,2.99,49107.42
27.580480575561523,3.0,49337.9
27.58980369567871,2.99,49191.78
27.602052688598633,2.98,48809.73
27.61410140991211,3.0,49438.17
27.626359939575195,2.99,49015.6
27.638590097427368,2.99,49084.45
27.65075969696045,2.99,49053.83
27.66342782974243,2.98,48726.15
27.675599575042725,3.0,49476.8
27.687705278396606,2.99,48946.86
27.700116872787476,3.0,49384.15
27.71214246749878,2.99,49030.89
27.724204301834106,2.98,48597.33
27.73624324798584,3.0,49569.67
27.745123386383057,2.98,48870.62
27.757614374160767,3.0,49314.8
27.769916772842407,2.99,48985.03
27.782182931900024,2.98,48597.33
27.794238567352295,3.0,49546.44
27.805745363235474,2.97,48453.83
27.81796431541443,2.99,49130.41
27.83033585548401,2.98,48802.13
27.842639923095703,2.97,48378.51
27.854847192764282,3.0,49438.17
27.867382526397705,2.97,48378.51
27.879642724990845,2.98,48840.16
27.891515970230103,2.98,48635.17
27.903947353363037,2.97,48273.28
27.912880897521973,2.98,48582.2
27.925254821777344,2.97,48416.15
27.93681049346924,2.98,48764.13
27.949117422103882,2.98,48567.07
27.96164894104004,2.97,48153.36
27.97427725791931,2.98,48582.2
27.98664140701294,2.97,48265.78
27.998876333236694,2.98,48544.4
28.01145076751709,2.97,48138.4
28.02368402481079,2.96,47773.47
28.035658359527588,2.97,48325.86
28.047722816467285,2.96,48011.41
28.05976366996765,2.97,48476.45
28.068781852722168,2.96,48071.12
28.08110523223877,2.95,47677.2
28.093339204788208,2.97,48446.28
28.105936765670776,2.94,47287.08
28.11775016784668,2.97,48378.51
28.13029146194458,2.96,47989.05
28.142397165298462,2.95,47529.54
28.155059099197388,2.97,48340.89
28.166860103607178,2.95,47360.4
28.179276943206787,2.97,48235.76
28.191567420959473,2.96,47899.7
28.20321249961853,2.95,47588.54
28.215388298034668,2.96,47966.69
28.2243754863739,2.95,47448.57
28.236544847488403,2.97,48431.22
28.24913001060486,2.96,47996.51
28.261422395706177,2.95,47514.8
28.273653507232666,2.96,47907.14
28.286038637161255,2.95,47375.08
28.298242807388306,2.97,48401.08
28.310410976409912,2.96,47922.02
28.32274603843689,2.97,48220.78
28.335126876831055,3.06,52035.1
28.34709143638611,3.07,52323.69
28.358954668045044,3.04,51261.59
28.3711576461792,3.03,50900.08
28.383042573928833,3.01,49935.41
28.39241886138916,3.02,50494.1
28.40396738052368,3.0,49523.21
28.416464805603027,3.04,51108.57
28.42894220352173,3.04,51253.53
28.441615343093872,3.02,50249.25
28.45371723175049,3.04,50988.17
28.465803146362305,3.04,51156.84
28.47842240333557,3.03,50828.15
28.49086022377014,3.06,51862.9
28.50280785560608,3.04,51068.4
28.514848232269287,3.05,51683.24
28.52676558494568,3.02,50422.87
28.538710832595825,3.04,51124.66
28.54800009727478,3.04,51285.81
28.56028151512146,3.05,51439.47
28.572721242904663,3.04,51318.1
28.58487892150879,3.06,52175.03
28.597259521484375,3.13,55126.31
28.610011100769043,3.05,51805.65
28.621989727020264,3.07,52439.66
28.634095668792725,3.09,53421.37
28.646354913711548,3.06,52117.36
28.658596515655518,3.11,54243.89
28.670510053634644,3.1,53651.13
28.682262182235718,3.1,53736.54
28.69448208808899,3.09,53582.92
28.70374631881714,3.04,51350.43
28.715928077697754,3.05,51618.09
28.728189945220947,3.06,52150.31
28.74072027206421,3.03,50820.17
28.752912759780884,3.07,52282.33
28.765296936035156,3.03,50884.08
28.777174711227417,3.06,52109.12
28.789533615112305,3.05,51626.24
28.8009991645813,3.03,50692.62
28.813191652297974,3.04,51116.62
28.825388193130493,3.01,50060.66
28.83765459060669,3.04,51084.47
28.84984040260315,3.03,50708.55
28.858302354812622,3.04,51116.62
28.870852947235107,3.07,52398.19
28.883163928985596,3.07,52539.32
28.89563012123108,3.07,52697.59
28.908127784729004,3.03,50940.1
28.920682907104492,3.02,50407.05
28.93313956260681,3.06,52067.99
28.945334434509277,3.05,51691.39
28.957729816436768,3.07,52531.0
28.96983313560486,3.11,54295.81
28.98186159133911,3.13,55143.97
28.99387764930725,3.08,52839.7
29.005974531173706,3.08,52747.7
29.015082120895386,3.09,53285.78
29.027180910110474,2.99,49007.94
29.03972291946411,2.98,48680.64
29.051981925964355,2.99,49222.51
29.064023971557617,2.97,48386.03
29.076294422149658,3.0,49476.8
29.088773250579834,3.0,49445.9
29.100996732711792,3.02,50328.07
29.113213539123535,2.99,49084.45
29.12574338912964,3.03,50748.38
29.137580156326294,3.06,51977.62
29.149497509002686,3.02,50328.07
29.161659717559814,3.03,50621.05
29.173637628555298,3.0,49492.27
29.18293070793152,3.0,49322.49
29.19498300552368,3.05,51496.23
29.20749020576477,2.9,45615.88
29.219549655914307,3.03,50836.14
29.232088565826416,2.99,49253.24
29.24428963661194,2.89,45058.01
29.25659441947937,3.02,50257.12
29.268930196762085,2.97,48378.51
29.28116202354431,3.01,49888.54
29.293113470077515,3.01,49724.91
29.305389165878296,3.0,49430.45
29.317431688308716,3.0,49523.21
29.32921576499939,3.0,49469.07
29.338388204574585,2.9,45545.71
29.350776433944702,3.0,49484.53
29.363104104995728,2.89,45266.28
29.375184535980225,2.94,46951.54
29.387482404708862,2.96,47877.4
29.399789810180664,2.96,47721.6
29.41219735145569,2.98,48604.9
29.42470073699951,2.97,48363.46
29.43666172027588,2.98,48688.22
29.4486882686615,2.92,46346.0
29.460696697235107,2.88,44830.19
29.473077535629272,2.88,44747.67
29.485088348388672,2.86,44087.05
29.49401593208313,2.88,44933.58
29.506255626678467,2.87,44303.74
29.518877506256104,3.0,49453.63
29.531113147735596,3.0,49376.44
29.54318118095398,2.99,49214.82
29.555453777313232,3.0,49322.49
29.567996978759766,3.0,49337.9
29.580275535583496,2.94,47184.67
29.59243392944336,2.89,45315.04
29.604544639587402,2.98,48484.0
29.61654806137085,2.95,47338.39
29.62869167327881,3.01,49724.91
29.640918016433716,3.0,49585.17
29.649879455566406,2.97,48093.53
29.66207218170166,2.95,47492.71
29.674278259277344,2.94,47213.91
29.686773777008057,2.98,48597.33
29.69908332824707,3.02,50335.96
29.71113920211792,2.88,45009.57
29.723584413528442,2.87,44351.3
29.73586392402649,2.89,45196.74
29.748178243637085,2.86,44006.09
29.76020622253418,2.87,44631.07
29.772366523742676,2.86,44046.55
29.784484386444092,2.84,43457.47
29.795971632003784,2.85,43851.42
29.808098793029785,2.85,43590.56
29.816720247268677,2.84,43444.19
29.82907009124756,2.84,43530.62
29.841416120529175,2.83,43080.69
29.853620052337646,2.84,43470.76
29.866263151168823,2.85,43663.96
29.878523111343384,2.85,43885.0
29.89104175567627,2.84,43285.15
29.903603553771973,2.89,45182.84
29.915878295898438,2.9,45643.98
29.927961349487305,2.92,46281.66
29.94024348258972,2.92,46474.99
29.952162265777588,2.92,46217.42
29.96402382850647,2.89,45189.79
29.973576545715332,2.93,46705.33
29.985663414001465,2.9,45475.67
29.998123168945312,2.82,42733.67
30.01013493537903,2.9,45475.67
30.0227108001709,2.9,45693.21
30.03490138053894,2.94,47126.26
30.047131299972534,2.93,46792.06
30.05940318107605,2.93,46575.6
30.0717716217041,2.91,45961.54
30.083863973617554,2.88,44885.3
30.095800161361694,2.89,45141.19
30.107903718948364,2.87,44303.74
30.120046615600586,2.89,45280.21
30.12897539138794,2.84,43464.11
30.141424894332886,2.87,44371.71
30.1535701751709,2.89,45301.1
30.165897846221924,2.89,45273.24
30.17806649208069,2.89,45168.95
30.190512657165527,2.87,44324.12
30.20260453224182,2.99,48893.48
30.21507978439331,2.97,48325.86
30.227162837982178,2.95,47669.81
30.239601135253906,2.93,46546.82
30.25163173675537,2.97,48431.22
30.263652563095093,2.97,48333.37
30.2756085395813,2.94,47221.21
30.287657499313354,2.96,47914.58
30.2969229221344,2.98,48506.64
30.30934453010559,2.78,41263.69
30.321571111679077,2.77,41151.05
30.333847045898438,2.88,44658.48
30.346094846725464,2.9,45489.67
30.358368635177612,2.92,46446.28
30.370766639709473,2.82,42844.64
30.382910013198853,2.84,43344.71
30.395181894302368,2.87,44351.3
30.407172918319702,2.9,45665.07
30.419178247451782,2.92,46210.3
30.431072235107422,2.88,44857.73
30.443339824676514,2.85,43597.23
30.452720403671265,2.87,44508.0
30.46498680114746,2.89,45189.79
30.477025270462036,2.87,44290.16
30.489518642425537,2.85,43704.05
30.501978635787964,2.86,43945.49
30.51398229598999,2.86,44229.12
30.526733875274658,2.8,41972.31
30.538431406021118,2.92,46503.7
30.55104899406433,2.93,46770.35
30.562894344329834,2.88,44961.2
30.57502579689026,2.95,47507.44
30.587095022201538,2.93,46784.82
30.599201679229736,2.91,45975.71
30.608063220977783,2.87,44296.95
30.620527267456055,2.9,45658.05
30.632723331451416,2.89,45078.79
30.64517331123352,2.88,44802.67
30.65737509727478,2.75,40482.34
30.66976022720337,2.77,40964.08
30.682103157043457,2.88,44823.3
30.69406485557556,2.87,44283.37
30.706665754318237,2.84,43232.28
30.71885108947754,2.85,43750.88
30.730979204177856,2.79,41666.97
30.74255681037903,2.77,40833.76
30.75478434562683,2.8,41889.37
30.76353669166565,2.8,41851.15
30.775870084762573,2.82,42811.97
30.78816866874695,2.82,42629.53
30.80046558380127,2.84,43397.73
30.811995029449463,2.77,41063.68
30.824354887008667,2.74,39928.17
30.836535215377808,2.76,40648.38
30.848940134048462,2.78,41201.08
30.861282110214233,2.76,40778.05
30.87387990951538,2.77,40895.76
30.886125564575195,2.75,40445.54
30.89815640449524,2.79,41515.22
30.91035485267639,2.78,41427.0
30.922756671905518,2.77,41026.3
30.931800603866577,2.78,41395.53
30.94400143623352,2.75,40427.16
30.956427574157715,2.76,40506.89
30.96873140335083,2.75,40176.82
30.98096799850464,2.74,39970.5
30.993274688720703,2.75,40256.01
31.0057270526886,2.73,39735.28
31.017759323120117,2.75,40433.28
31.030078172683716,2.75,40237.71
31.042243003845215,2.73,39813.53
31.054451942443848,2.73,39825.58
31.06626319885254,2.72,39477.69
31.07828640937805,2.74,39946.32
31.08740782737732,2.73,39621.24
31.099862813949585,2.73,39669.22
31.11195468902588,2.75,40207.25
31.124358892440796,2.73,39747.31
31.13655662536621,2.8,41870.26
31.1488835811615,2.73,39603.26
31.16101050376892,2.72,39352.55
31.173616886138916,2.72,39525.48
31.1857590675354,2.72,39227.85
31.197951316833496,2.73,39795.46
31.210243463516235,2.72,39453.82
31.222015619277954,2.72,39471.72
31.234084844589233,2.73,39675.22
31.24318289756775,2.72,39483.66
31.25516152381897,2.74,39934.22
31.267627239227295,2.72,39519.51
31.27993679046631,2.72,39459.79
31.292341232299805,2.72,39388.26
31.304507732391357,2.72,39257.5
31.31678009033203,2.73,39795.46
31.32905077934265,2.72,39388.26
31.341422080993652,2.72,39299.06
31.35363793373108,2.72,39465.76
31.365607261657715,2.72,39227.85
31.377514123916626,2.74,40103.87
31.38970136642456,2.72,39376.36
31.401448726654053,2.72,39495.61
31.410802841186523,2.72,39495.61
31.42326068878174,2.73,39651.22
31.43571710586548,2.75,40396.54
31.44792938232422,2.72,39453.82
31.46041989326477,2.73,39759.34
31.472376823425293,2.75,40445.54
31.484830617904663,2.72,39459.79
31.49700427055359,2.74,40073.52
31.509187936782837,2.76,40660.71
31.521015167236328,2.76,40660.71
31.53334093093872,2.76,40802.8
31.54525327682495,2.74,40158.57
31.557467699050903,2.74,39891.94
31.566564321517944,2.73,39543.42
31.57892394065857,2.73,39669.22
31.591164588928223,2.74,39934.22
31.60333228111267,2.72,39227.85
31.615734577178955,2.78,41251.16
31.628110885620117,2.74,40116.02
31.640371322631836,2.75,40347.6
31.65271759033203,2.76,40525.32
31.664769887924194,2.76,40747.14
31.677215099334717,2.74,39855.73
31.689171314239502,2.74,39952.36
31.7012836933136,2.74,39891.94
31.713274478912354,2.73,39621.24
31.722397327423096,2.77,41026.3
31.73470950126648,2.73,39771.38
31.74695062637329,2.76,40592.95
31.759049892425537,2.78,41194.82
31.771158695220947,2.76,40691.55
31.783883810043335,2.71,39144.94
31.795948028564453,2.74,39897.97
31.80807900428772,2.73,39633.23
31.819612741470337,2.74,40000.77
31.83182978630066,2.73,39843.66
31.844117164611816,2.73,39813.53
31.856300115585327,2.75,40378.17
31.86847424507141,2.74,40158.57
31.880881786346436,2.75,40243.82
31.889467000961304,2.74,39922.13
31.901978015899658,2.73,39615.25
31.91446614265442,2.73,39591.29
31.927053928375244,2.72,39322.83
31.939271688461304,2.72,39483.66
31.951555252075195,2.73,39615.25
31.963947772979736,2.72,39376.36
31.97630524635315,2.74,39922.13
31.988744020462036,2.73,39615.25
32.00068521499634,2.73,39591.29
32.01264834403992,2.72,39394.22
32.02474308013916,2.73,39561.36
32.036601066589355,2.79,41781.17
32.045777797698975,2.77,40833.76
32.05812931060791,2.8,41959.54
32.070382595062256,2.77,40926.8
32.082916498184204,2.78,41483.69
32.09485340118408,2.79,41515.22
32.10725927352905,2.76,40599.11
32.11971712112427,2.74,39879.86
32.131717681884766,2.78,41376.67
32.144328594207764,2.77,41063.68
32.15663194656372,2.77,41007.62
32.168219804763794,2.95,47389.77
32.180503606796265,2.98,48484.0
32.19248104095459,2.87,44535.32
32.20160722732544,2.91,46075.07
32.21377205848694,2.91,46039.55
32.22615694999695,2.89,45308.07
32.23828887939453,2.89,45051.08
32.25047326087952,2.88,44795.78
32.26288986206055,2.8,41876.62
32.275009632110596,2.84,43311.6
32.287614822387695,2.79,41825.69
32.29964852333069,2.81,42422.11
32.311816930770874,2.73,39819.56
32.324103593826294,2.72,39483.66
32.33615517616272,2.74,39861.76
32.348241329193115,2.72,39233.77
32.36011576652527,2.74,39897.97
32.36945199966431,2.71,39168.61
32.38174271583557,2.71,39085.84
32.394076347351074,2.72,39418.05
32.40606904029846,2.71,39085.84
32.41877555847168,2.72,39304.99
32.43078851699829,2.71,39150.86
32.443145513534546,2.71,38956.17
32.455509662628174,2.73,39549.39
32.467949628829956,2.71,38915.01
32.479780197143555,2.71,39192.3
32.491764068603516,2.71,39204.14
32.50366568565369,2.72,39501.58
32.51562309265137,2.79,41540.48
32.52519774436951,2.8,42151.59
32.53728270530701,2.76,40562.19
32.54954481124878,2.75,40176.82
32.561742305755615,2.74,40012.88
32.574220418930054,2.73,39735.28
32.58627700805664,2.73,39585.3
32.59880495071411,2.73,39585.3
32.61111116409302,2.73,39705.24
32.6234233379364,2.74,39885.89
32.63529586791992,2.74,40164.65
32.64762735366821,2.74,39867.79
32.65952253341675,2.75,40317.04
32.67160987854004,2.75,40304.83
32.680755615234375,2.74,40043.19
32.69296216964722,2.74,40018.94
32.705342054367065,2.75,40231.62
32.71780824661255,2.77,41101.1
32.729775190353394,2.78,41307.59
32.74204349517822,2.77,40877.15
32.75448942184448,2.74,40116.02
32.76687026023865,2.73,39663.21
32.77895665168762,2.74,40043.19
32.79112935066223,2.74,39879.86
32.80304789543152,2.72,39489.64
32.814674615859985,2.75,40249.91
32.82680892944336,2.81,42183.69
32.83899903297424,2.85,43623.91
32.84767031669617,2.82,42772.8
32.85999536514282,2.84,43550.58
32.872251749038696,2.82,42662.05
32.88488173484802,2.81,42383.34
32.89734387397766,2.81,42441.5
32.90967655181885,2.8,41838.41
32.922149658203125,2.76,40574.49
32.934377908706665,2.76,40500.75
32.94655704498291,2.73,39801.48
32.958632946014404,2.74,40043.19
32.970649003982544,2.72,39418.05
32.982725381851196,2.72,39275.3
32.99464535713196,2.73,39675.22
33.003968477249146,2.72,39316.88
33.016472578048706,2.74,39904.01
33.028738021850586,2.72,39525.48
33.04101276397705,2.72,39251.56
33.0533230304718,2.73,39567.34
33.06559634208679,2.72,39424.01
33.07806611061096,2.74,40116.02
33.09042239189148,2.75,40323.15
33.10271596908569,2.71,39192.3
33.114593267440796,2.73,39573.33
33.12670922279358,2.73,39537.44
33.138672828674316,2.74,39958.4
33.15057420730591,2.76,40586.8
33.160075187683105,2.76,40556.05
33.172117948532104,2.73,39615.25
33.18452286720276,2.75,40188.99
33.19672632217407,2.75,40292.61
33.20923352241516,2.75,40402.66
33.221346855163574,2.73,39801.48
33.23371243476868,2.76,40506.89
33.24584126472473,2.75,40353.71
33.25802826881409,2.77,41007.62
33.27041292190552,2.75,40225.53
33.28243112564087,2.75,40249.91
33.29440402984619,2.74,40134.25
33.30624866485596,2.73,39735.28
33.315613746643066,2.74,40152.48
33.32798886299133,2.73,39549.39
33.3401153087616,2.74,39970.5
33.35246992111206,2.74,40146.41
33.36471080780029,2.72,39299.06
33.37703275680542,2.74,40128.17
33.38942050933838,2.73,39843.66
33.40137720108032,2.75,40384.3
33.413700342178345,2.77,40839.96
33.42629909515381,2.72,39525.48
33.43809676170349,2.74,39922.13
33.45021295547485,2.72,39495.61
33.46208715438843,2.71,38973.82
33.471243143081665,2.71,39085.84
33.48333144187927,2.71,38903.26
33.49545693397522,2.73,39561.36
33.50781559944153,2.72,39477.69
33.52042579650879,2.72,39477.69
33.53267478942871,2.72,39221.92
33.544856786727905,2.71,39009.17
33.55725884437561,2.73,39639.23
33.569498777389526,2.75,40237.71
33.58175492286682,2.77,40939.23
33.593780279159546,2.76,40506.89
33.60569643974304,2.75,40414.91
33.618003845214844,2.77,40827.57
33.62973761558533,2.77,40889.55
33.63919472694397,2.77,41107.34
33.65159296989441,2.78,41207.33
33.663776874542236,2.76,40586.8
33.675800800323486,2.79,41685.98
33.6883749961853,2.77,40920.59
33.70076131820679,2.74,40109.94
33.7127640247345,2.72,39453.82
33.72536063194275,2.75,40470.07
33.73747682571411,2.78,41357.82
33.749834299087524,2.74,40006.83
33.76160025596619,2.77,41082.39
33.77366495132446,2.75,40292.61
33.7856719493866,2.71,38897.39
33.794917821884155,2.76,40654.55
33.8070752620697,2.74,39934.22
33.81926417350769,2.74,39904.01
33.83064603805542,2.75,40396.54
33.8428692817688,2.75,40249.91
33.85517978668213,2.75,40463.93
33.86754751205444,2.78,41213.59
33.87980890274048,2.78,41320.14
33.892372131347656,2.74,40116.02
33.90476036071777,2.74,40134.25
33.9170126914978,2.73,39561.36
33.92916417121887,2.72,39233.77
33.94137406349182,2.72,39227.85
33.953346729278564,2.72,39210.07
33.96251630783081,2.71,39026.85
33.97511959075928,2.73,39567.34
33.98731827735901,2.72,39210.07
33.99979615211487,2.72,39210.07
34.01207423210144,2.72,39221.92
34.02417707443237,2.71,39079.94
34.03647565841675,2.73,39609.25
34.04871082305908,2.72,39251.56
34.061134338378906,2.71,39144.94
34.073052167892456,2.71,39180.45
34.08512043952942,2.71,38985.6
34.09709620475769,2.73,39609.25
34.1089973449707,2.71,39192.3
34.117470026016235,2.72,39245.64
34.129738092422485,2.73,39645.22
34.14217448234558,2.72,39352.55
34.154640197753906,2.73,39615.25
34.16716694831848,2.72,39245.64
34.17970824241638,2.72,39424.01
34.192028284072876,2.74,39849.69
34.20442986488342,2.73,39741.3
34.216718912124634,2.76,40654.55
34.22852802276611,2.75,40329.26
34.24075794219971,2.82,42851.17
34.25282883644104,2.79,41578.38
34.26495623588562,2.77,40995.17
34.27406287193298,2.77,40908.17
34.28662610054016,2.77,41032.53
34.2986273765564,2.73,39615.25
34.31093883514404,2.73,39795.46
34.32297945022583,2.74,39988.67
34.33509707450867,2.76,40716.25
34.34774136543274,2.72,39477.69
34.360002517700195,2.72,39364.45
34.372390031814575,2.72,39281.25
34.384448766708374,2.71,39097.66
34.39651298522949,2.73,39813.53
34.40820789337158,2.72,39441.89
34.42059826850891,2.72,39304.99
34.42946457862854,2.72,39215.99
34.44198250770569,2.73,39633.23
34.45410084724426,2.74,40079.58
34.4662561416626,2.73,39843.66
34.47816324234009,2.76,40629.9
34.490501403808594,2.76,40543.75
34.502997636795044,2.74,40109.94
34.51538014411926,2.75,40225.53
34.5279541015625,2.74,39855.73
34.53999590873718,2.73,39651.22
34.55216312408447,2.73,39597.28
34.56428337097168,2.72,39334.72
34.57624888420105,2.73,39807.5
34.58820605278015,2.72,39287.17
34.597768783569336,2.72,39269.37
34.609923362731934,2.71,39162.69
34.62226700782776,2.71,39003.27
34.63441562652588,2.73,39537.44
34.64645981788635,2.71,39150.86
34.65907597541809,2.72,39263.43
34.67120146751404,2.71,39204.14
34.68355441093445,2.71,39015.06
34.69588541984558,2.73,39567.34
34.707932233810425,2.71,39186.37
34.71995806694031,2.72,39310.94
34.73198461532593,2.72,39275.3
34.74395823478699,2.71,39050.44
34.75338912010193,2.73,39657.22
34.76563549041748,2.72,39233.77
34.777817487716675,2.72,39382.31
34.79023289680481,2.72,39304.99
34.80230712890625,2.71,39068.14
34.81458640098572,2.73,39621.24
34.82596778869629,2.71,39198.22
34.83820557594299,2.72,39376.36
34.85051250457764,2.72,39245.64
34.86274552345276,2.71,39044.53
34.87493920326233,2.73,39645.22
34.887126207351685,2.71,39156.78
34.89932894706726,2.72,39340.66
34.90806293487549,2.72,39269.37
34.92057991027832,2.71,39079.94
34.93309020996094,2.72,39424.01
34.94588828086853,2.71,39180.45
34.95789909362793,2.72,39429.96
34.97033643722534,2.72,39299.06
34.98273587226868,2.71,39085.84
34.9949836730957,2.72,39501.58
35.00741386413574,2.72,39239.71
35.01929712295532,2.72,39435.93
35.031522274017334,2.72,39275.3
35.04347252845764,2.71,39091.76
35.055450677871704,2.73,39567.34
35.06449580192566,2.71,38991.49
35.07689642906189,2.72,39418.05
35.08927583694458,2.72,39322.83
35.10144233703613,2.71,39133.12
35.11356592178345,2.73,39621.24
35.12606859207153,2.71,39079.94
35.13804602622986,2.72,39400.17
35.150607109069824,2.72,39251.56
35.162678241729736,2.71,39079.94
35.174816370010376,2.72,39328.76
35.18706250190735,2.71,39109.48
35.19915509223938,2.72,39358.5
35.210949420928955,2.72,39275.3
35.22017049789429,2.71,39091.76
35.23222637176514,2.72,39346.6
35.244699478149414,2.72,39227.85
35.257065296173096,2.73,39549.39
35.269346714019775,2.72,39275.3
35.28154802322388,2.71,39103.57
35.29380917549133,2.72,39406.13
35.30607771873474,2.71,39186.37
35.31846475601196,2.72,39495.61
35.330647230148315,2.72,39316.88
35.3425817489624,2.71,39068.14
35.35439443588257,2.72,39424.01
35.366844177246094,2.71,38950.28
35.378562211990356,2.72,39483.66
35.388086795806885,2.72,39257.5
35.400535345077515,2.71,39115.39
35.41269302368164,2.72,39459.79
35.42499351501465,2.71,38962.05
35.43716502189636,2.72,39441.89
35.44950294494629,2.72,39263.43
35.46147084236145,2.71,39091.76
35.473737716674805,2.72,39269.37
35.48650503158569,2.71,38956.17
35.49824905395508,2.73,39567.34
35.510432958602905,2.72,39257.5
35.52252697944641,2.71,39097.66
35.53450918197632,2.72,39269.37
35.543771266937256,2.71,39003.27
35.55617022514343,2.73,39543.42
35.56816601753235,2.72,39221.92
35.5803656578064,2.71,39050.44
35.59278631210327,2.72,39275.3
35.60508370399475,2.71,38915.01
35.617517948150635,2.72,39471.72
35.62951707839966,2.72,39210.07
35.64197897911072,2.71,39032.74
35.65411043167114,2.72,39287.17
35.66611361503601,2.71,38926.77
35.67822623252869,2.72,39447.86
35.69002914428711,2.71,39204.14
35.69938540458679,2.71,39009.17
35.71137619018555,2.72,39257.5
35.72360181808472,2.7,38838.69
35.73588418960571,2.72,39453.82
35.74821972846985,2.71,39144.94
35.76078414916992,2.71,39015.06
35.77303433418274,2.72,39245.64
35.7853524684906,2.7,38862.16
35.79756450653076,2.72,39429.96
35.809762716293335,2.71,39174.53
35.821614503860474,2.71,38932.64
35.83322501182556,2.72,39210.07
35.84539985656738,2.7,38821.1
35.853904485702515,2.72,39483.66
35.86621308326721,2.71,39174.53
35.878570795059204,2.71,39003.27
35.89076018333435,2.71,39156.78
35.903446674346924,2.7,38885.64
35.915685415267944,2.72,39418.05
35.92821025848389,2.71,39186.37
35.940587520599365,2.71,38991.49
35.952980756759644,2.71,39150.86
35.96532702445984,2.7,38868.02
35.97749471664429,2.72,39394.22
35.98957586288452,2.71,39150.86
36.00168228149414,2.71,38944.41
36.010709285736084,2.71,39174.53
36.02298450469971,2.7,38879.76
36.03521370887756,2.72,39406.13
36.0472629070282,2.71,39091.76
36.0597460269928,2.71,38950.28
36.07207131385803,2.71,39150.86
36.08441185951233,2.7,38868.02
36.096442461013794,2.72,39447.86
36.10885834693909,2.71,39079.94
36.12123370170593,2.71,39020.95
36.13317918777466,2.71,39085.84
36.14523458480835,2.7,38780.09
36.157326459884644,2.72,39429.96
36.16895914077759,2.71,39144.94
36.178929805755615,2.71,38985.6
36.19080638885498,2.71,39103.57
36.203041791915894,2.71,38932.64
36.21533679962158,2.72,39418.05
36.22787165641785,2.71,39085.84
36.240063190460205,2.71,38985.6
36.25206923484802,2.71,39085.84
36.264217376708984,2.71,38903.26
36.276471853256226,2.72,39418.05
36.28853988647461,2.71,39127.2
36.30091094970703,2.71,39015.06
36.312772274017334,2.71,39097.66
36.32484459877014,2.71,38944.41
36.3339364528656,2.72,39477.69
36.34660530090332,2.71,39109.48
36.35880780220032,2.71,39204.14
36.37072777748108,2.71,39180.45
36.38335108757019,2.71,38909.13
36.39573121070862,2.72,39471.72
36.40801477432251,2.71,39139.03
36.419983863830566,2.71,39133.12
36.43236303329468,2.71,39139.03
36.44420051574707,2.71,38967.94
36.45661807060242,2.72,39501.58
36.46838402748108,2.71,39139.03
36.48052787780762,2.71,39174.53
36.48983716964722,2.71,39156.78
36.50208520889282,2.71,38938.53
36.5141761302948,2.73,39531.46
36.526750802993774,2.71,39091.76
36.538738489151,2.71,39032.74
36.55094313621521,2.71,39109.48
36.56323027610779,2.71,38897.39
36.57588315010071,2.73,39543.42
36.58807945251465,2.71,39056.33
36.6000816822052,2.71,39097.66
36.61209154129028,2.71,39156.78
36.62434983253479,2.71,38903.26
36.63619256019592,2.72,39465.76
36.64574837684631,2.71,39085.84
36.65779423713684,2.71,39168.61
36.67007088661194,2.71,39097.66
36.68243980407715,2.7,38891.51
36.69478249549866,2.72,39459.79
36.7070095539093,2.71,39091.76
36.719327211380005,2.71,39192.3
36.73147797584534,2.71,39162.69
36.7440664768219,2.7,38873.9
36.75594973564148,2.72,39429.96
36.767969846725464,2.71,39032.74
36.77984309196472,2.71,39103.57
36.791956663131714,2.71,39103.57
36.80117130279541,2.71,38915.01
36.81357002258301,2.72,39447.86
36.8255295753479,2.71,39032.74
36.836994647979736,2.71,39186.37
36.84925889968872,2.71,39085.84
36.8614764213562,2.71,38979.72
36.873788833618164,2.72,39453.82
36.886149406433105,2.71,39085.84
36.89863705635071,2.71,39127.2
36.91101932525635,2.71,39156.78
36.92339515686035,2.71,38956.17
36.93550992012024,2.72,39453.82
36.94757437705994,2.71,39026.85
36.95685362815857,2.72,39215.99
36.96877121925354,2.71,39115.39
36.98107194900513,2.71,38926.77
36.99369835853577,2.73,39561.36
37.005998373031616,2.71,39038.64
37.01817774772644,2.71,39174.53
37.030322313308716,2.71,39115.39
37.042845010757446,2.71,38915.01
37.05508804321289,2.72,39519.51
37.0673611164093,2.71,39044.53
37.07941555976868,2.71,39198.22
37.091395139694214,2.71,39109.48
37.10335111618042,2.71,38920.89
37.11237287521362,2.72,39328.76
37.12483048439026,2.71,38967.94
37.136778354644775,2.71,39186.37
37.14917516708374,2.71,39144.94
37.16168808937073,2.71,38909.13
37.17389702796936,2.72,39370.4
37.18611931800842,2.71,39079.94
37.19840145111084,2.72,39275.3
37.21070575714111,2.71,39109.48
37.223105907440186,2.71,38920.89
37.234951972961426,2.72,39465.76
37.246840476989746,2.71,39015.06
37.259116649627686,2.72,39269.37
37.270997285842896,2.71,39162.69
37.280405044555664,2.71,39003.27
37.29278755187988,2.73,39531.46
37.304776430130005,2.71,39032.74
37.3171226978302,2.72,39210.07
37.32953906059265,2.71,39139.03
37.34200358390808,2.71,38956.17
37.35395836830139,2.72,39489.64
37.36631441116333,2.71,38944.41
37.378424882888794,2.72,39251.56
37.3905611038208,2.71,39127.2
37.402647972106934,2.71,38944.41
37.41464447975159,2.72,39233.77
37.42647933959961,2.71,38920.89
37.43602514266968,2.72,39358.5
37.44815516471863,2.71,39168.61
37.460500955581665,2.71,38956.17
37.47276735305786,2.72,39287.17
37.48514270782471,2.71,38926.77
37.4971981048584,2.72,39221.92
37.509641885757446,2.71,39127.2
37.52202534675598,2.7,38850.42
37.53401017189026,2.72,39287.17
37.545979499816895,2.7,38891.51
37.558395862579346,2.72,39310.94
37.5704071521759,2.71,39133.12
37.5822536945343,2.71,38950.28
37.5915949344635,2.72,39382.31
37.60361886024475,2.71,38909.13
37.616018295288086,2.72,39287.17
37.62838435173035,2.71,39144.94
37.640711545944214,2.71,38962.05
37.65279293060303,2.71,39162.69
37.66509509086609,2.71,38973.82
37.67777609825134,2.72,39269.37
37.68984413146973,2.71,39144.94
37.702128171920776,2.71,38973.82
37.71389651298523,2.71,39109.48
37.72597289085388,2.71,38985.6
37.73814654350281,2.72,39418.05
37.74720644950867,2.71,39156.78
37.75952935218811,2.71,38991.49
37.77183747291565,2.71,39192.3
37.78397464752197,2.71,39062.24
37.796329498291016,2.72,39364.45
37.808637857437134,2.71,39121.3
37.8207733631134,2.7,38856.29
37.83331298828125,2.72,39210.07
37.84456968307495,2.7,38756.68
37.85672736167908,2.72,39418.05
37.86887764930725,2.71,39115.39
37.88109993934631,2.7,38891.51
37.89330291748047,2.72,39322.83
37.90192651748657,2.7,38809.38
37.914387702941895,2.72,39412.09
37.92675542831421,2.71,39156.78
37.939401626586914,2.71,39003.27
37.95176696777344,2.71,39168.61
37.964041233062744,2.7,38844.56
37.97674560546875,2.72,39459.79
37.98909783363342,2.71,39174.53
